target_id,dimension_id,target_direction,geography_id,geography_name,target_year,observed,m11_expected,m11_prediction_interval_lower,m11_prediction_interval_upper,expected_interval_classification,expected_adverse_gap,m11_target_crossfit_rmse,expected_gap_rmse_units,m12_primary_favorable_reference,favorable_peer_gap,favorable_peer_gap_rmse_units,m12_alternative_favorable_reference,alternative_favorable_peer_gap,alternative_gap_rmse_units,frontier_gap_primary_sign,frontier_gap_alternative_sign,frontier_gap_sign_agreement,m11_benchmark_qualified,m11_support_warning,m12_primary_frontier_calibrated,gap_interpretation_authorized,expected_gap_claim_type,favorable_peer_gap_claim_type,causal_claim,theoretical_maximum_claim,policy_counterfactual_claim,monetary_wasted_potential_claim
poverty_rate,living_standards_inclusion,lower_is_favorable,idn.13.1301,Kepulauan Mentawai,2019,14.43,7.79817437696,4.84144504421,9.47238472125,materially_less_favorable_than_expected,6.63182562304,1.9592487017,3.38488197914,6.12223317209,8.30776682791,4.24028191046,6.63,7.8,3.98111786076,1,1,true,true,true,true,false,model_estimate_difference,model_estimate_empirical_peer_reference_difference,false,false,false,false
poverty_rate,living_standards_inclusion,lower_is_favorable,idn.13.1301,Kepulauan Mentawai,2020,14.35,7.68734394812,4.73061461537,9.36155429241,materially_less_favorable_than_expected,6.66265605188,1.9592487017,3.40061782157,6.01140274325,8.33859725675,4.25601775288,6.505,7.845,4.00408584841,1,1,true,true,true,true,false,model_estimate_difference,model_estimate_empirical_peer_reference_difference,false,false,false,false
poverty_rate,living_standards_inclusion,lower_is_favorable,idn.13.1301,Kepulauan Mentawai,2021,14.84,8.09841264064,5.14168330789,9.77262298493,materially_less_favorable_than_expected,6.74158735936,1.9592487017,3.44090433926,6.42247143577,8.41752856423,4.29630427057,6.735,8.105,4.13678977711,1,1,true,true,true,true,false,model_estimate_difference,model_estimate_empirical_peer_reference_difference,false,false,false,false
poverty_rate,living_standards_inclusion,lower_is_favorable,idn.13.1301,Kepulauan Mentawai,2022,13.97,7.51269331276,4.55596398001,9.18690365705,materially_less_favorable_than_expected,6.45730668724,1.9592487017,3.29580756217,5.83675210789,8.13324789211,4.15120749349,5.78,8.19,4.18017375379,1,1,true,true,true,true,false,model_estimate_difference,model_estimate_empirical_peer_reference_difference,false,false,false,false
poverty_rate,living_standards_inclusion,lower_is_favorable,idn.13.1301,Kepulauan Mentawai,2023,13.72,7.55033005932,4.59360072658,9.22454040361,materially_less_favorable_than_expected,6.16966994068,1.9592487017,3.14899784562,5.87438885445,7.84561114555,4.00439777693,5.72,8,4.0831978059,1,1,true,true,true,true,false,model_estimate_difference,model_estimate_empirical_peer_reference_difference,false,false,false,false
poverty_rate,living_standards_inclusion,lower_is_favorable,idn.13.1301,Kepulauan Mentawai,2024,13.89,7.47853092085,4.5218015881,9.15274126514,materially_less_favorable_than_expected,6.41146907915,1.9592487017,3.27241205958,5.80258971598,8.08741028402,4.12781199089,5.55,8.34,4.25673371265,1,1,true,true,true,true,false,model_estimate_difference,model_estimate_empirical_peer_reference_difference,false,false,false,false
poverty_rate,living_standards_inclusion,lower_is_favorable,idn.13.1302,Pesisir Selatan,2019,7.88,6.55677547182,3.60004613907,13.0708008132,within_expected_interval,1.32322452818,1.9592487017,0.675373436273,4.88083426695,2.99916573305,1.53077336759,5.475,2.405,1.2275113404,1,1,true,true,false,true,true,model_estimate_difference,model_estimate_empirical_peer_reference_difference,false,false,false,false
poverty_rate,living_standards_inclusion,lower_is_favorable,idn.13.1302,Pesisir Selatan,2020,7.61,6.6077797751,3.65105044235,13.1218051165,within_expected_interval,1.0022202249,1.9592487017,0.511532927918,4.93183857023,2.67816142977,1.36693285924,5.315,2.295,1.17136737057,1,1,true,true,false,true,true,model_estimate_difference,model_estimate_empirical_peer_reference_difference,false,false,false,false
poverty_rate,living_standards_inclusion,lower_is_favorable,idn.13.1302,Pesisir Selatan,2021,7.92,6.66397859782,3.70724926508,13.1780039392,within_expected_interval,1.25602140218,1.9592487017,0.641072979194,4.98803739295,2.93196260705,1.49647291051,4.46,3.46,1.76598305105,1,1,true,true,false,true,true,model_estimate_difference,model_estimate_empirical_peer_reference_difference,false,false,false,false
poverty_rate,living_standards_inclusion,lower_is_favorable,idn.13.1302,Pesisir Selatan,2022,7.11,6.40655812401,3.44982879126,12.9205834654,within_expected_interval,0.70344187599,1.9592487017,0.359036540578,4.73061691914,2.37938308086,1.2144364719,4.91,2.2,1.12287939662,1,1,true,true,false,true,true,model_estimate_difference,model_estimate_empirical_peer_reference_difference,false,false,false,false
poverty_rate,living_standards_inclusion,lower_is_favorable,idn.13.1302,Pesisir Selatan,2023,7.34,5.93599065301,2.97926132026,12.4500159944,within_expected_interval,1.40400934699,1.9592487017,0.716605985637,4.26004944814,3.07995055186,1.57200591696,4.86,2.48,1.26579131983,1,1,true,true,false,true,true,model_estimate_difference,model_estimate_empirical_peer_reference_difference,false,false,false,false
poverty_rate,living_standards_inclusion,lower_is_favorable,idn.13.1302,Pesisir Selatan,2024,7.49,5.89596265943,2.93923332669,12.4099880008,within_expected_interval,1.59403734057,1.9592487017,0.813596221443,4.22002145456,3.26997854544,1.66899615276,5.03,2.46,1.25558332532,1,1,true,true,true,true,false,model_estimate_difference,model_estimate_empirical_peer_reference_difference,false,false,false,false
poverty_rate,living_standards_inclusion,lower_is_favorable,idn.13.1303,Solok,2019,7.98,6.86195586456,3.90522653181,13.3759812059,within_expected_interval,1.11804413544,1.9592487017,0.570649420091,5.18601465969,2.79398534031,1.42604935141,5.475,2.505,1.27855131297,1,1,true,true,false,true,true,model_estimate_difference,model_estimate_empirical_peer_reference_difference,false,false,false,false
poverty_rate,living_standards_inclusion,lower_is_favorable,idn.13.1303,Solok,2020,7.81,6.99180367064,4.03507433789,13.505829012,within_expected_interval,0.81819632936,1.9592487017,0.417607182105,5.31586246577,2.49413753423,1.27300711342,6.49,1.32,0.673727637974,1,1,true,true,false,true,true,model_estimate_difference,model_estimate_empirical_peer_reference_difference,false,false,false,false
poverty_rate,living_standards_inclusion,lower_is_favorable,idn.13.1303,Solok,2021,8.01,7.76719431278,4.81046498003,14.2812196542,within_expected_interval,0.24280568722,1.9592487017,0.123927956165,6.09125310791,1.91874689209,0.979327887483,6.735,1.275,0.650759650316,1,1,true,true,false,true,true,model_estimate_difference,model_estimate_empirical_peer_reference_difference,false,false,false,false
poverty_rate,living_standards_inclusion,lower_is_favorable,idn.13.1303,Solok,2022,7.12,6.69402674837,3.73729741562,13.2080520897,within_expected_interval,0.42597325163,1.9592487017,0.217416630804,5.0180855435,2.1019144565,1.07281656212,5.78,1.34,0.683935632489,1,1,true,true,false,true,true,model_estimate_difference,model_estimate_empirical_peer_reference_difference,false,false,false,false
poverty_rate,living_standards_inclusion,lower_is_favorable,idn.13.1303,Solok,2023,7.13,6.88928146533,3.93255213258,13.4033068067,within_expected_interval,0.24071853467,1.9592487017,0.122862674076,5.21334026046,1.91665973954,0.978262605394,6.005,1.125,0.574199691455,1,1,true,true,false,true,true,model_estimate_difference,model_estimate_empirical_peer_reference_difference,false,false,false,false
poverty_rate,living_standards_inclusion,lower_is_favorable,idn.13.1303,Solok,2024,7.31,7.12047477346,4.16374544071,13.6345001148,within_expected_interval,0.18952522654,1.9592487017,0.0967336236464,5.44453356859,1.86546643141,0.952133554965,4.8,2.51,1.2811033116,1,1,true,true,false,true,true,model_estimate_difference,model_estimate_empirical_peer_reference_difference,false,false,false,false
poverty_rate,living_standards_inclusion,lower_is_favorable,idn.13.1304,Sijunjung,2019,7.04,7.6641855589,4.70745622615,14.1782109003,within_expected_interval,-0.6241855589,1.9592487017,-0.318584138072,6.00481474705,1.03518525295,0.528358269194,6.63,0.41,0.209263887553,1,1,true,true,false,true,true,model_estimate_difference,model_estimate_empirical_peer_reference_difference,false,false,false,false
poverty_rate,living_standards_inclusion,lower_is_favorable,idn.13.1304,Sijunjung,2020,6.78,7.95038753052,4.99365819777,14.4644128719,within_expected_interval,-1.17038753052,1.9592487017,-0.597365474584,6.29101671867,0.488983281327,0.24957693268,6.545,0.235,0.119943935548,1,1,true,true,false,true,true,model_estimate_difference,model_estimate_empirical_peer_reference_difference,false,false,false,false
poverty_rate,living_standards_inclusion,lower_is_favorable,idn.13.1304,Sijunjung,2021,6.8,7.93397171318,4.97724238043,14.4479970546,within_expected_interval,-1.13397171318,1.9592487017,-0.578778851402,6.27460090133,0.525399098667,0.268163555863,6.98,-0.18,-0.0918719506328,1,-1,false,true,false,true,true,model_estimate_difference,model_estimate_empirical_peer_reference_difference,false,false,false,false
poverty_rate,living_standards_inclusion,lower_is_favorable,idn.13.1304,Sijunjung,2022,6,7.65035557829,4.69362624554,14.1643809197,within_expected_interval,-1.65035557829,1.9592487017,-0.842341034529,5.99098476644,0.009015233557,0.00460137273496,6.035,-0.035,-0.0178639904008,1,-1,false,true,false,true,true,model_estimate_difference,model_estimate_empirical_peer_reference_difference,false,false,false,false
poverty_rate,living_standards_inclusion,lower_is_favorable,idn.13.1304,Sijunjung,2023,5.88,7.42336357872,4.46663424597,13.9373889201,within_expected_interval,-1.54336357872,1.9592487017,-0.787732347293,5.76399276687,0.116007233127,0.0592100599716,6.005,-0.125,-0.0637999657172,1,-1,false,true,false,true,true,model_estimate_difference,model_estimate_empirical_peer_reference_difference,false,false,false,false
poverty_rate,living_standards_inclusion,lower_is_favorable,idn.13.1304,Sijunjung,2024,5.78,7.45107614505,4.49434681231,13.9651014864,within_expected_interval,-1.67107614505,1.9592487017,-0.852916806121,5.7917053332,-0.011705333203,-0.00597439885648,4.79,0.99,0.505295728481,-1,1,false,true,false,true,true,model_estimate_difference,model_estimate_empirical_peer_reference_difference,false,false,false,false
poverty_rate,living_standards_inclusion,lower_is_favorable,idn.13.1305,Tanah Datar,2019,4.66,6.34729301111,3.39056367836,12.8613183525,within_expected_interval,-1.68729301111,1.9592487017,-0.86119389011,4.75525969274,-0.095259692736,-0.0486205210463,5.755,-1.095,-0.558887699683,-1,-1,true,true,false,true,true,model_estimate_difference,model_estimate_empirical_peer_reference_difference,false,false,false,false
poverty_rate,living_standards_inclusion,lower_is_favorable,idn.13.1305,Tanah Datar,2020,4.4,6.04740415502,3.09067482227,12.5614294964,within_expected_interval,-1.64740415502,1.9592487017,-0.840834628902,4.45537083665,-0.055370836646,-0.028261259838,3.13,1.27,0.648207651687,-1,1,false,true,false,true,true,model_estimate_difference,model_estimate_empirical_peer_reference_difference,false,false,false,false
poverty_rate,living_standards_inclusion,lower_is_favorable,idn.13.1305,Tanah Datar,2021,4.54,6.45438073236,3.49765139961,12.9684060737,within_expected_interval,-1.91438073236,1.9592487017,-0.977099400754,4.86234741399,-0.322347413986,-0.164526031691,4.615,-0.075,-0.0382799794303,-1,-1,true,true,false,true,true,model_estimate_difference,model_estimate_empirical_peer_reference_difference,false,false,false,false
poverty_rate,living_standards_inclusion,lower_is_favorable,idn.13.1305,Tanah Datar,2022,4.26,5.59113288608,2.63440355333,12.1051582275,within_expected_interval,-1.33113288608,1.9592487017,-0.679409859976,3.99909956771,0.260900432294,0.133163509088,4.25,0.01,0.00510399725738,1,1,true,true,false,true,true,model_estimate_difference,model_estimate_empirical_peer_reference_difference,false,false,false,false
poverty_rate,living_standards_inclusion,lower_is_favorable,idn.13.1305,Tanah Datar,2023,4.16,5.98474096314,3.0280116304,12.4987663045,within_expected_interval,-1.82474096314,1.9592487017,-0.931347287129,4.39270764477,-0.232707644766,-0.118773918066,3.915,0.245,0.125047932806,-1,1,false,true,false,true,true,model_estimate_difference,model_estimate_empirical_peer_reference_difference,false,false,false,false
poverty_rate,living_standards_inclusion,lower_is_favorable,idn.13.1305,Tanah Datar,2024,4.28,5.78428031367,2.82755098092,12.298305655,within_expected_interval,-1.50428031367,1.9592487017,-0.76778425953,4.1922469953,0.087753004704,0.0447891095336,4.3,-0.02,-0.0102079945148,1,-1,false,true,false,true,true,model_estimate_difference,model_estimate_empirical_peer_reference_difference,false,false,false,false
poverty_rate,living_standards_inclusion,lower_is_favorable,idn.13.1306,Padang Pariaman,2019,7.1,6.04047175418,3.08374242144,12.5544970956,within_expected_interval,1.05952824582,1.9592487017,0.540782926078,4.36453054931,2.73546945069,1.3961828574,4.71,2.39,1.21985534451,1,1,true,true,false,true,true,model_estimate_difference,model_estimate_empirical_peer_reference_difference,false,false,false,false
poverty_rate,living_standards_inclusion,lower_is_favorable,idn.13.1306,Padang Pariaman,2020,6.95,5.51801037145,2.56128103871,12.0320357128,within_expected_interval,1.43198962855,1.9592487017,0.730887113671,3.84206916658,3.10793083342,1.58628704499,3.28,3.67,1.87316699346,1,1,true,true,false,true,true,model_estimate_difference,model_estimate_empirical_peer_reference_difference,false,false,false,false
poverty_rate,living_standards_inclusion,lower_is_favorable,idn.13.1306,Padang Pariaman,2021,7.22,6.19094975249,3.23422041974,12.7049750939,within_expected_interval,1.02905024751,1.9592487017,0.5252269641,4.51500854762,2.70499145238,1.38062689542,3.46,3.76,1.91910296877,1,1,true,true,false,true,true,model_estimate_difference,model_estimate_empirical_peer_reference_difference,false,false,false,false
poverty_rate,living_standards_inclusion,lower_is_favorable,idn.13.1306,Padang Pariaman,2022,6.25,5.623800121,2.66707078825,12.1378254624,within_expected_interval,0.626199879,1.9592487017,0.319612246499,3.94785891613,2.30214108387,1.17501217782,3.27,2.98,1.5209911827,1,1,true,true,false,true,true,model_estimate_difference,model_estimate_empirical_peer_reference_difference,false,false,false,false
poverty_rate,living_standards_inclusion,lower_is_favorable,idn.13.1306,Padang Pariaman,2023,6.34,5.92583884424,2.96910951149,12.4398641856,within_expected_interval,0.41416115576,1.9592487017,0.211387740311,4.24989763937,2.09010236063,1.06678767163,4.86,1.48,0.755391594092,1,1,true,true,false,true,true,model_estimate_difference,model_estimate_empirical_peer_reference_difference,false,false,false,false
poverty_rate,living_standards_inclusion,lower_is_favorable,idn.13.1306,Padang Pariaman,2024,6.27,5.35235455114,2.3956252184,11.8663798925,within_expected_interval,0.91764544886,1.9592487017,0.468365985423,3.67641334627,2.59358665373,1.32376591674,3.305,2.965,1.51333518681,1,1,true,true,false,true,true,model_estimate_difference,model_estimate_empirical_peer_reference_difference,false,false,false,false
poverty_rate,living_standards_inclusion,lower_is_favorable,idn.13.1307,Agam,2019,6.75,6.12300099825,3.1662716655,12.6370263396,within_expected_interval,0.62699900175,1.9592487017,0.320020118531,4.44705979338,2.30294020662,1.17542004985,4.71,2.04,1.04121544051,1,1,true,true,false,true,true,model_estimate_difference,model_estimate_empirical_peer_reference_difference,false,false,false,false
poverty_rate,living_standards_inclusion,lower_is_favorable,idn.13.1307,Agam,2020,6.75,6.17532601246,3.21859667972,12.6893513538,within_expected_interval,0.57467398754,1.9592487017,0.293313445629,4.49938480759,2.25061519241,1.14871337695,3.28,3.47,1.77108704831,1,1,true,true,false,true,true,model_estimate_difference,model_estimate_empirical_peer_reference_difference,false,false,false,false
poverty_rate,living_standards_inclusion,lower_is_favorable,idn.13.1307,Agam,2021,6.85,6.31375424866,3.35702491591,12.82777959,within_expected_interval,0.53624575134,1.9592487017,0.273699684412,4.63781304379,2.21218695621,1.12909961573,5.605,1.245,0.635447658544,1,1,true,true,false,true,true,model_estimate_difference,model_estimate_empirical_peer_reference_difference,false,false,false,false
poverty_rate,living_standards_inclusion,lower_is_favorable,idn.13.1307,Agam,2022,6.22,5.63164110394,2.67491177119,12.1456664453,within_expected_interval,0.58835889606,1.9592487017,0.300298219184,3.95569989907,2.26430010093,1.1556981505,3.27,2.95,1.50567919093,1,1,true,true,false,true,true,model_estimate_difference,model_estimate_empirical_peer_reference_difference,false,false,false,false
poverty_rate,living_standards_inclusion,lower_is_favorable,idn.13.1307,Agam,2023,6.6,6.29148907862,3.33475974587,12.80551442,within_expected_interval,0.30851092138,1.9592487017,0.157463889659,4.61554787375,1.98445212625,1.01286382098,4.86,1.74,0.888095522784,1,1,true,true,false,true,true,model_estimate_difference,model_estimate_empirical_peer_reference_difference,false,false,false,false
poverty_rate,living_standards_inclusion,lower_is_favorable,idn.13.1307,Agam,2024,6.83,5.8478292464,2.89109991365,12.3618545878,within_expected_interval,0.9821707536,1.9592487017,0.501299683265,4.17188804153,2.65811195847,1.35669961458,4.27,2.56,1.30662329789,1,1,true,true,false,true,true,model_estimate_difference,model_estimate_empirical_peer_reference_difference,false,false,false,false
poverty_rate,living_standards_inclusion,lower_is_favorable,idn.13.1308,Lima Puluh Kota,2019,6.97,7.60156648809,4.64483715535,14.1155918295,within_expected_interval,-0.63156648809,1.9592487017,-0.322351362306,5.92562528322,1.04437471678,0.533048569012,6.52,0.45,0.229679876582,1,1,true,true,false,true,true,model_estimate_difference,model_estimate_empirical_peer_reference_difference,false,false,false,false
poverty_rate,living_standards_inclusion,lower_is_favorable,idn.13.1308,Lima Puluh Kota,2020,6.86,7.569262503,4.61253317025,14.0832878444,within_expected_interval,-0.709262503,1.9592487017,-0.362007387007,5.89332129813,0.966678701868,0.49339254431,6.505,0.355,0.181191902637,1,1,true,true,false,true,true,model_estimate_difference,model_estimate_empirical_peer_reference_difference,false,false,false,false
poverty_rate,living_standards_inclusion,lower_is_favorable,idn.13.1308,Lima Puluh Kota,2021,7.29,7.63561796443,4.67888863168,14.1496433058,within_expected_interval,-0.34561796443,1.9592487017,-0.176403314255,5.95967675956,1.33032324044,0.678996617063,6.735,0.555,0.283271847785,1,1,true,true,false,true,true,model_estimate_difference,model_estimate_empirical_peer_reference_difference,false,false,false,false
poverty_rate,living_standards_inclusion,lower_is_favorable,idn.13.1308,Lima Puluh Kota,2022,6.59,7.04366203419,4.08693270145,13.5576873756,within_expected_interval,-0.45366203419,1.9592487017,-0.231548977828,5.36772082932,1.22227917068,0.62385095349,5.78,0.81,0.413423777848,1,1,true,true,false,true,true,model_estimate_difference,model_estimate_empirical_peer_reference_difference,false,false,false,false
poverty_rate,living_standards_inclusion,lower_is_favorable,idn.13.1308,Lima Puluh Kota,2023,6.8,7.19681851963,4.24008918688,13.710843861,within_expected_interval,-0.39681851963,1.9592487017,-0.202536063587,5.52087731476,1.27912268524,0.652863867732,5.95,0.85,0.433839766877,1,1,true,true,false,true,true,model_estimate_difference,model_estimate_empirical_peer_reference_difference,false,false,false,false
poverty_rate,living_standards_inclusion,lower_is_favorable,idn.13.1308,Lima Puluh Kota,2024,6.92,6.8417844852,3.88505515246,13.3558098266,within_expected_interval,0.0782155148,1.9592487017,0.0399211773024,5.16584328033,1.75415671967,0.895321108621,4.8,2.12,1.08204741856,1,1,true,true,false,true,true,model_estimate_difference,model_estimate_empirical_peer_reference_difference,false,false,false,false
poverty_rate,living_standards_inclusion,lower_is_favorable,idn.13.1309,Pasaman,2019,7.21,8.04840587412,5.09167654137,14.5624312155,within_expected_interval,-0.83840587412,1.9592487017,-0.427922128208,6.37246466925,0.837535330748,0.42747780311,6.63,0.58,0.296031840928,1,1,true,true,true,true,false,model_estimate_difference,model_estimate_empirical_peer_reference_difference,false,false,false,false
poverty_rate,living_standards_inclusion,lower_is_favorable,idn.13.1309,Pasaman,2020,7.16,8.06311800116,5.10638866841,14.5771433425,within_expected_interval,-0.90311800116,1.9592487017,-0.460951180101,6.38717679629,0.772823203708,0.394448751216,6.505,0.655,0.334311820358,1,1,true,true,true,true,false,model_estimate_difference,model_estimate_empirical_peer_reference_difference,false,false,false,false
poverty_rate,living_standards_inclusion,lower_is_favorable,idn.13.1309,Pasaman,2021,7.48,8.37806215932,5.42133282658,14.8920875007,within_expected_interval,-0.89806215932,1.9592487017,-0.458370679813,6.70212095445,0.777879045548,0.397029251505,6.735,0.745,0.380247795675,1,1,true,true,false,true,true,model_estimate_difference,model_estimate_empirical_peer_reference_difference,false,false,false,false
poverty_rate,living_standards_inclusion,lower_is_favorable,idn.13.1309,Pasaman,2022,6.85,7.58261503107,4.62588569832,14.0966403724,within_expected_interval,-0.73261503107,1.9592487017,-0.37392651093,5.9066738262,0.943326173798,0.481473420388,5.78,1.07,0.54612770654,1,1,true,true,false,true,true,model_estimate_difference,model_estimate_empirical_peer_reference_difference,false,false,false,false
poverty_rate,living_standards_inclusion,lower_is_favorable,idn.13.1309,Pasaman,2023,6.8,7.917202237,4.96047290425,14.4312275784,within_expected_interval,-1.117202237,1.9592487017,-0.570219715359,6.24126103213,0.558738967868,0.285180215959,5.72,1.08,0.551231703797,1,1,true,true,false,true,true,model_estimate_difference,model_estimate_empirical_peer_reference_difference,false,false,false,false
poverty_rate,living_standards_inclusion,lower_is_favorable,idn.13.1309,Pasaman,2024,6.74,7.82441822845,4.8676888957,14.3384435698,within_expected_interval,-1.08441822845,1.9592487017,-0.553486766386,6.14847702358,0.591522976418,0.301913164931,5.55,1.19,0.607375673628,1,1,true,true,false,true,true,model_estimate_difference,model_estimate_empirical_peer_reference_difference,false,false,false,false
poverty_rate,living_standards_inclusion,lower_is_favorable,idn.13.1310,Solok Selatan,2019,7.33,7.86574191168,4.90901257893,14.3797672531,within_expected_interval,-0.53574191168,1.9592487017,-0.273442524788,6.18980070681,1.14019929319,0.581957406531,5.985,1.345,0.686487631117,1,1,true,true,false,true,true,model_estimate_difference,model_estimate_empirical_peer_reference_difference,false,false,false,false
poverty_rate,living_standards_inclusion,lower_is_favorable,idn.13.1310,Solok Selatan,2020,7.15,7.41226020281,4.45553087006,13.9262855442,within_expected_interval,-0.26226020281,1.9592487017,-0.133857535586,5.73631899794,1.41368100206,0.721542395732,6.505,0.645,0.329207823101,1,1,true,true,false,true,true,model_estimate_difference,model_estimate_empirical_peer_reference_difference,false,false,false,false
poverty_rate,living_standards_inclusion,lower_is_favorable,idn.13.1310,Solok Selatan,2021,7.52,8.04725838988,5.09052905713,14.5612837313,within_expected_interval,-0.52725838988,1.9592487017,-0.269112537588,6.37131718501,1.14868281499,0.586287393731,6.735,0.785,0.400663784704,1,1,true,true,false,true,true,model_estimate_difference,model_estimate_empirical_peer_reference_difference,false,false,false,false
poverty_rate,living_standards_inclusion,lower_is_favorable,idn.13.1310,Solok Selatan,2022,6.51,7.33255687224,4.37582753949,13.8465822136,within_expected_interval,-0.82255687224,1.9592487017,-0.419832801995,5.65661566737,0.853384332628,0.435567129322,5.78,0.73,0.372591799789,1,1,true,true,false,true,true,model_estimate_difference,model_estimate_empirical_peer_reference_difference,false,false,false,false
poverty_rate,living_standards_inclusion,lower_is_favorable,idn.13.1310,Solok Selatan,2023,6.45,7.82169556535,4.8649662326,14.3357209067,within_expected_interval,-1.37169556535,1.9592487017,-0.700113040351,6.14575436048,0.304245639518,0.155286890967,5.72,0.73,0.372591799789,1,1,true,true,false,true,true,model_estimate_difference,model_estimate_empirical_peer_reference_difference,false,false,false,false
poverty_rate,living_standards_inclusion,lower_is_favorable,idn.13.1310,Solok Selatan,2024,6.56,7.54664867856,4.58991934581,14.0606740199,within_expected_interval,-0.98664867856,1.9592487017,-0.503585214937,5.87070747369,0.689292526308,0.351814716381,4.79,1.77,0.903407514556,1,1,true,true,false,true,true,model_estimate_difference,model_estimate_empirical_peer_reference_difference,false,false,false,false
poverty_rate,living_standards_inclusion,lower_is_favorable,idn.13.1311,Dharmasraya,2019,6.29,7.09321225906,4.13648292631,13.6072376004,within_expected_interval,-0.80321225906,1.9592487017,-0.409959316734,5.41727105419,0.872728945808,0.445440614584,7.005,-0.715,-0.364935803903,1,-1,false,true,false,true,true,model_estimate_difference,model_estimate_empirical_peer_reference_difference,false,false,false,false
poverty_rate,living_standards_inclusion,lower_is_favorable,idn.13.1311,Dharmasraya,2020,6.23,6.85910296595,3.9023736332,13.3731283073,within_expected_interval,-0.62910296595,1.9592487017,-0.321093981282,5.18316176108,1.04683823892,0.534305950037,6.82,-0.59,-0.301135838185,1,-1,false,true,false,true,true,model_estimate_difference,model_estimate_empirical_peer_reference_difference,false,false,false,false
poverty_rate,living_standards_inclusion,lower_is_favorable,idn.13.1311,Dharmasraya,2021,6.67,7.37763392129,4.42090458854,13.8916592627,within_expected_interval,-0.70763392129,1.9592487017,-0.361176159349,5.70169271642,0.968307283578,0.494223771968,6.825,-0.155,-0.0791119574894,1,-1,false,true,false,true,true,model_estimate_difference,model_estimate_empirical_peer_reference_difference,false,false,false,false
poverty_rate,living_standards_inclusion,lower_is_favorable,idn.13.1311,Dharmasraya,2022,5.56,6.75740507481,3.80067574206,13.2714304162,within_expected_interval,-1.19740507481,1.9592487017,-0.61115522178,5.08146386994,0.478536130058,0.244244709537,6.255,-0.695,-0.354727809388,1,-1,false,true,false,true,true,model_estimate_difference,model_estimate_empirical_peer_reference_difference,false,false,false,false
poverty_rate,living_standards_inclusion,lower_is_favorable,idn.13.1311,Dharmasraya,2023,5.56,6.74260457986,3.78587524711,13.2566299212,within_expected_interval,-1.18260457986,1.9592487017,-0.603601053217,5.06666337499,0.493336625008,0.251798878101,6.165,-0.605,-0.308791834071,1,-1,false,true,false,true,true,model_estimate_difference,model_estimate_empirical_peer_reference_difference,false,false,false,false
poverty_rate,living_standards_inclusion,lower_is_favorable,idn.13.1311,Dharmasraya,2024,5.32,6.95204597426,3.99531664151,13.4660713156,within_expected_interval,-1.63204597426,1.9592487017,-0.832995817654,5.27610476939,0.043895230608,0.0224041136635,5.02,0.3,0.153119917721,1,1,true,true,false,true,true,model_estimate_difference,model_estimate_empirical_peer_reference_difference,false,false,false,false
poverty_rate,living_standards_inclusion,lower_is_favorable,idn.13.1312,Pasaman Barat,2019,7.14,6.18017772453,3.22344839179,12.6942030659,within_expected_interval,0.95982227547,1.9592487017,0.489893026157,4.50423651966,2.63576348034,1.34529295748,5.475,1.665,0.849815543354,1,1,true,true,true,true,false,model_estimate_difference,model_estimate_empirical_peer_reference_difference,false,false,false,false
poverty_rate,living_standards_inclusion,lower_is_favorable,idn.13.1312,Pasaman Barat,2020,7.04,6.18249598801,3.22576665526,12.6965213294,within_expected_interval,0.85750401199,1.9592487017,0.437669812539,4.50655478314,2.53344521686,1.29306974386,3.28,3.76,1.91910296877,1,1,true,true,true,true,false,model_estimate_difference,model_estimate_empirical_peer_reference_difference,false,false,false,false
poverty_rate,living_standards_inclusion,lower_is_favorable,idn.13.1312,Pasaman Barat,2021,7.51,6.432855365,3.47612603226,12.9468807064,within_expected_interval,1.077144635,1.9592487017,0.549774326284,4.75691416013,2.75308583987,1.4051742576,3.46,4.05,2.06711888924,1,1,true,true,true,true,false,model_estimate_difference,model_estimate_empirical_peer_reference_difference,false,false,false,false
poverty_rate,living_standards_inclusion,lower_is_favorable,idn.13.1312,Pasaman Barat,2022,6.93,5.90522193383,2.94849260108,12.4192472752,within_expected_interval,1.02477806617,1.9592487017,0.523046443915,4.22928072896,2.70071927104,1.37844637523,3.27,3.66,1.8680629962,1,1,true,true,true,true,false,model_estimate_difference,model_estimate_empirical_peer_reference_difference,false,false,false,false
poverty_rate,living_standards_inclusion,lower_is_favorable,idn.13.1312,Pasaman Barat,2023,6.92,5.44291469476,2.48618536201,11.9569400361,within_expected_interval,1.47708530524,1.9592487017,0.753903934686,3.76697348989,3.15302651011,1.609303866,4.165,2.755,1.40615124441,1,1,true,true,true,true,false,model_estimate_difference,model_estimate_empirical_peer_reference_difference,false,false,false,false
poverty_rate,living_standards_inclusion,lower_is_favorable,idn.13.1312,Pasaman Barat,2024,7,5.65154354617,2.69481421342,12.1655688875,within_expected_interval,1.34845645383,1.9592487017,0.688251804204,3.9756023413,3.0243976587,1.54365173552,3.305,3.695,1.8859269866,1,1,true,true,true,true,false,model_estimate_difference,model_estimate_empirical_peer_reference_difference,false,false,false,false
poverty_rate,living_standards_inclusion,lower_is_favorable,idn.13.1371,Padang,2019,4.48,4.17786624602,1.22113691327,10.6918915874,within_expected_interval,0.30213375398,1.9592487017,0.154208985168,2.50192504115,1.97807495885,1.00960891649,2.705,1.775,0.905959513185,1,1,true,true,true,true,false,model_estimate_difference,model_estimate_empirical_peer_reference_difference,false,false,false,false
poverty_rate,living_standards_inclusion,lower_is_favorable,idn.13.1371,Padang,2020,4.4,3.8710415905,0.914312257747,10.3850669319,within_expected_interval,0.5289584095,1.9592487017,0.269980227136,2.19510038563,2.20489961437,1.12538015845,2.465,1.935,0.987623469303,1,1,true,true,true,true,false,model_estimate_difference,model_estimate_empirical_peer_reference_difference,false,false,false,false
poverty_rate,living_standards_inclusion,lower_is_favorable,idn.13.1371,Padang,2021,4.94,4.52527157922,1.56854224647,11.0392969206,within_expected_interval,0.41472842078,1.9592487017,0.211677272222,2.84933037435,2.09066962565,1.06707720354,3.38,1.56,0.796223572151,1,1,true,true,false,true,true,model_estimate_difference,model_estimate_empirical_peer_reference_difference,false,false,false,false
poverty_rate,living_standards_inclusion,lower_is_favorable,idn.13.1371,Padang,2022,4.26,3.81851687074,0.861787537988,10.3325422121,within_expected_interval,0.44148312926,1.9592487017,0.225332868092,2.14257566587,2.11742433413,1.08073279941,2.65,1.61,0.821743558438,1,1,true,true,false,true,true,model_estimate_difference,model_estimate_empirical_peer_reference_difference,false,false,false,false
poverty_rate,living_standards_inclusion,lower_is_favorable,idn.13.1371,Padang,2023,4.17,3.77932325577,0.822593923025,10.2933485971,within_expected_interval,0.39067674423,1.9592487017,0.199401303107,2.1033820509,2.0666179491,1.05480123443,2.66,1.51,0.770703585864,1,1,true,true,true,true,false,model_estimate_difference,model_estimate_empirical_peer_reference_difference,false,false,false,false
poverty_rate,living_standards_inclusion,lower_is_favorable,idn.13.1371,Padang,2024,4.06,4.03601222633,1.07928289358,10.5500375677,within_expected_interval,0.02398777367,1.9592487017,0.0122433531022,2.36007102146,1.69992897854,0.867643284421,3.205,0.855,0.436391765506,1,1,true,true,false,true,true,model_estimate_difference,model_estimate_empirical_peer_reference_difference,false,false,false,false
poverty_rate,living_standards_inclusion,lower_is_favorable,idn.13.1372,Solok,2019,3.24,5.06814050458,2.11141117183,11.582165846,within_expected_interval,-1.82814050458,1.9592487017,-0.933082412148,3.41985092258,-0.179850922579,-0.091795861558,4.54,-1.3,-0.663519643459,-1,-1,true,true,false,true,true,model_estimate_difference,model_estimate_empirical_peer_reference_difference,false,false,false,false
poverty_rate,living_standards_inclusion,lower_is_favorable,idn.13.1372,Solok,2020,2.77,4.49384926991,1.53711993716,11.0078746113,within_expected_interval,-1.72384926991,1.9592487017,-0.879852194576,2.84555968791,-0.075559687909,-0.0385656439856,3.13,-0.36,-0.183743901266,-1,-1,true,true,false,true,true,model_estimate_difference,model_estimate_empirical_peer_reference_difference,false,false,false,false
poverty_rate,living_standards_inclusion,lower_is_favorable,idn.13.1372,Solok,2021,3.12,4.69488503728,1.73815570453,11.2089103787,within_expected_interval,-1.57488503728,1.9592487017,-0.803820891096,3.04659545528,0.073404544721,0.0374656594935,4.46,-1.34,-0.683935632489,1,-1,false,true,true,true,false,model_estimate_difference,model_estimate_empirical_peer_reference_difference,false,false,false,false
poverty_rate,living_standards_inclusion,lower_is_favorable,idn.13.1372,Solok,2022,3.02,4.55383937799,1.59711004524,11.0678647194,within_expected_interval,-1.53383937799,1.9592487017,-0.782871197852,2.90554979599,0.114450204011,0.0584153527379,3.205,-0.185,-0.0944239492615,1,-1,false,true,false,true,true,model_estimate_difference,model_estimate_empirical_peer_reference_difference,false,false,false,false
poverty_rate,living_standards_inclusion,lower_is_favorable,idn.13.1372,Solok,2023,3.05,4.43403239701,1.47730306427,10.9480577384,within_expected_interval,-1.38403239701,1.9592487017,-0.706409755846,2.78574281501,0.264257184991,0.134876794744,3.19,-0.14,-0.0714559616033,1,-1,false,true,false,true,true,model_estimate_difference,model_estimate_empirical_peer_reference_difference,false,false,false,false
poverty_rate,living_standards_inclusion,lower_is_favorable,idn.13.1372,Solok,2024,3.07,4.52356899007,1.56683965732,11.0375943314,within_expected_interval,-1.45356899007,1.9592487017,-0.741901213873,2.87527940807,0.194720591931,0.0993853367171,3.195,-0.125,-0.0637999657172,1,-1,false,true,false,true,true,model_estimate_difference,model_estimate_empirical_peer_reference_difference,false,false,false,false
poverty_rate,living_standards_inclusion,lower_is_favorable,idn.13.1373,Sawahlunto,2019,2.17,6.15097459537,4.39433552516,12.6649999367,materially_more_favorable_than_expected,-3.98097459537,1.9592487017,-2.03188834165,4.61427795716,-2.44427795716,-1.24755879896,4.71,-2.54,-1.29641530337,-1,-1,true,true,false,true,true,model_estimate_difference,model_estimate_empirical_peer_reference_difference,false,false,false,false
poverty_rate,living_standards_inclusion,lower_is_favorable,idn.13.1373,Sawahlunto,2020,2.16,5.7818934214,4.02525435119,12.2959187628,materially_more_favorable_than_expected,-3.6218934214,1.9592487017,-1.84861340893,4.24519678319,-2.08519678319,-1.06428386625,4.25,-2.09,-1.06673542679,-1,-1,true,true,false,true,true,model_estimate_difference,model_estimate_empirical_peer_reference_difference,false,false,false,false
poverty_rate,living_standards_inclusion,lower_is_favorable,idn.13.1373,Sawahlunto,2021,2.38,6.30923748255,4.55259841234,12.8232628239,materially_more_favorable_than_expected,-3.92923748255,1.9592487017,-2.00548173345,4.77254084434,-2.39254084434,-1.22115219077,4.74,-2.36,-1.20454335274,-1,-1,true,true,false,true,true,model_estimate_difference,model_estimate_empirical_peer_reference_difference,false,false,false,false
poverty_rate,living_standards_inclusion,lower_is_favorable,idn.13.1373,Sawahlunto,2022,2.28,4.91646514192,3.15982607171,11.4304904833,materially_more_favorable_than_expected,-2.63646514192,1.9592487017,-1.34565108535,3.37976850371,-1.09976850371,-0.561321542669,4.195,-1.915,-0.977415474788,-1,-1,true,true,false,true,true,model_estimate_difference,model_estimate_empirical_peer_reference_difference,false,false,false,false
poverty_rate,living_standards_inclusion,lower_is_favorable,idn.13.1373,Sawahlunto,2023,2.27,4.71062820285,2.95398913264,11.2246535442,materially_more_favorable_than_expected,-2.44062820285,1.9592487017,-1.24569596536,3.17393156464,-0.903931564641,-0.461366422679,4.18,-1.91,-0.974863476159,-1,-1,true,true,false,true,true,model_estimate_difference,model_estimate_empirical_peer_reference_difference,false,false,false,false
poverty_rate,living_standards_inclusion,lower_is_favorable,idn.13.1373,Sawahlunto,2024,2.33,4.48885542933,2.73221635912,11.0028807707,materially_more_favorable_than_expected,-2.15885542933,1.9592487017,-1.10187921904,2.95215879112,-0.622158791121,-0.317549676354,3.565,-1.235,-0.630343661286,-1,-1,true,true,false,true,true,model_estimate_difference,model_estimate_empirical_peer_reference_difference,false,false,false,false
poverty_rate,living_standards_inclusion,lower_is_favorable,idn.13.1374,Padang Panjang,2019,5.6,4.5821524604,1.62542312765,11.0961778018,within_expected_interval,1.0178475396,1.9592487017,0.519509105055,2.90621125553,2.69378874447,1.37490903637,2.705,2.895,1.47760720601,1,1,true,true,true,true,false,model_estimate_difference,model_estimate_empirical_peer_reference_difference,false,false,false,false
poverty_rate,living_standards_inclusion,lower_is_favorable,idn.13.1374,Padang Panjang,2020,5.24,4.24531000985,1.2885806771,10.7593353512,within_expected_interval,0.99468999015,1.9592487017,0.507689498167,2.56936880498,2.67063119502,1.36308942949,2.465,2.775,1.41635923892,1,1,true,true,true,true,false,model_estimate_difference,model_estimate_empirical_peer_reference_difference,false,false,false,false
poverty_rate,living_standards_inclusion,lower_is_favorable,idn.13.1374,Padang Panjang,2021,5.92,4.33930985258,1.38258051983,10.853335194,within_expected_interval,1.58069014742,1.9592487017,0.80678381772,2.66336864771,3.25663135229,1.66218374904,2.75,3.17,1.61796713059,1,1,true,true,true,true,false,model_estimate_difference,model_estimate_empirical_peer_reference_difference,false,false,false,false
poverty_rate,living_standards_inclusion,lower_is_favorable,idn.13.1374,Padang Panjang,2022,5.14,3.29927649413,0.342547161386,9.81330183551,within_expected_interval,1.84072350587,1.9592487017,0.939504772555,1.62333528926,3.51666471074,1.79490470387,2.65,2.49,1.27089531709,1,1,true,true,true,true,false,model_estimate_difference,model_estimate_empirical_peer_reference_difference,false,false,false,false
poverty_rate,living_standards_inclusion,lower_is_favorable,idn.13.1374,Padang Panjang,2023,5.24,2.68023692671,-0.276492406039,9.19426226808,within_expected_interval,2.55976307329,1.9592487017,1.30650237056,1.00429572184,4.23570427816,2.16190230188,2.66,2.58,1.3168312924,1,1,true,true,true,true,false,model_estimate_difference,model_estimate_empirical_peer_reference_difference,false,false,false,false
poverty_rate,living_standards_inclusion,lower_is_favorable,idn.13.1374,Padang Panjang,2024,5.31,3.17227106435,0.215541731605,9.68629640573,within_expected_interval,2.13772893565,1.9592487017,1.09109626246,1.49632985948,3.81367014052,1.94649619378,2.7,2.61,1.33214328418,1,1,true,true,true,true,false,model_estimate_difference,model_estimate_empirical_peer_reference_difference,false,false,false,false
poverty_rate,living_standards_inclusion,lower_is_favorable,idn.13.1375,Bukittinggi,2019,4.6,4.32099358729,1.36426425455,10.8350189287,within_expected_interval,0.27900641271,1.9592487017,0.142404796526,2.64505238242,1.95494761758,0.997804727845,2.705,1.895,0.967207480273,1,1,true,true,true,true,false,model_estimate_difference,model_estimate_empirical_peer_reference_difference,false,false,false,false
poverty_rate,living_standards_inclusion,lower_is_favorable,idn.13.1375,Bukittinggi,2020,4.54,3.48977970909,0.533050376346,10.0038050505,within_expected_interval,1.05022029091,1.9592487017,0.536032148445,1.81383850422,2.72616149578,1.39143207976,2.465,2.075,1.05907943091,1,1,true,true,true,true,false,model_estimate_difference,model_estimate_empirical_peer_reference_difference,false,false,false,false
poverty_rate,living_standards_inclusion,lower_is_favorable,idn.13.1375,Bukittinggi,2021,5.14,4.37535857636,1.41862924361,10.8893839177,within_expected_interval,0.76464142364,1.9592487017,0.390272772914,2.69941737149,2.44058262851,1.24567270423,2.75,2.39,1.21985534451,1,1,true,true,true,true,false,model_estimate_difference,model_estimate_empirical_peer_reference_difference,false,false,false,false
poverty_rate,living_standards_inclusion,lower_is_favorable,idn.13.1375,Bukittinggi,2022,4.46,3.24086883813,0.284139505385,9.75489417951,within_expected_interval,1.21913116187,1.9592487017,0.622244210657,1.56492763326,2.89507236674,1.47764414198,2.65,1.81,0.923823503586,1,1,true,true,true,true,false,model_estimate_difference,model_estimate_empirical_peer_reference_difference,false,false,false,false
poverty_rate,living_standards_inclusion,lower_is_favorable,idn.13.1375,Bukittinggi,2023,4.11,3.26341008046,0.306680747708,9.77743542183,within_expected_interval,0.84658991954,1.9592487017,0.432099262746,1.58746887559,2.52253112441,1.28749919406,2.66,1.45,0.74007960232,1,1,true,true,true,true,false,model_estimate_difference,model_estimate_empirical_peer_reference_difference,false,false,false,false
poverty_rate,living_standards_inclusion,lower_is_favorable,idn.13.1375,Bukittinggi,2024,4.08,3.85104288759,0.894313554842,10.365068229,within_expected_interval,0.22895711241,1.9592487017,0.11685964738,2.17510168272,1.90489831728,0.972259578698,2.7,1.38,0.704351621518,1,1,true,true,true,true,false,model_estimate_difference,model_estimate_empirical_peer_reference_difference,false,false,false,false
poverty_rate,living_standards_inclusion,lower_is_favorable,idn.13.1376,Payakumbuh,2019,5.68,5.67837719317,2.72164786042,12.1924025345,within_expected_interval,0.00162280683,1.9592487017,0.000828280160957,4.0024359883,1.6775640117,0.856228211479,2.705,2.975,1.51843918407,1,1,true,true,false,true,true,model_estimate_difference,model_estimate_empirical_peer_reference_difference,false,false,false,false
poverty_rate,living_standards_inclusion,lower_is_favorable,idn.13.1376,Payakumbuh,2020,5.65,5.39356017853,2.43683084578,11.9075855199,within_expected_interval,0.25643982147,1.9592487017,0.130886814547,3.71761897366,1.93238102634,0.986286745865,2.465,3.185,1.62562312648,1,1,true,true,false,true,true,model_estimate_difference,model_estimate_empirical_peer_reference_difference,false,false,false,false
poverty_rate,living_standards_inclusion,lower_is_favorable,idn.13.1376,Payakumbuh,2021,6.16,5.43696673658,2.48023740383,11.950992078,within_expected_interval,0.72303326342,1.9592487017,0.369035979349,3.76102553171,2.39897446829,1.22443591067,2.75,3.41,1.74046306477,1,1,true,true,false,true,true,model_estimate_difference,model_estimate_empirical_peer_reference_difference,false,false,false,false
poverty_rate,living_standards_inclusion,lower_is_favorable,idn.13.1376,Payakumbuh,2022,5.66,5.1901901859,2.23346085315,11.7042155273,within_expected_interval,0.4698098141,1.9592487017,0.239790800266,3.51424898103,2.14575101897,1.09519073158,2.65,3.01,1.53630317447,1,1,true,true,false,true,true,model_estimate_difference,model_estimate_empirical_peer_reference_difference,false,false,false,false
poverty_rate,living_standards_inclusion,lower_is_favorable,idn.13.1376,Payakumbuh,2023,5.44,4.84040755911,1.88367822636,11.3544329005,within_expected_interval,0.59959244089,1.9592487017,0.306031817385,3.16446635424,2.27553364576,1.1614317487,2.66,2.78,1.41891123755,1,1,true,true,false,true,true,model_estimate_difference,model_estimate_empirical_peer_reference_difference,false,false,false,false
poverty_rate,living_standards_inclusion,lower_is_favorable,idn.13.1376,Payakumbuh,2024,5.19,5.08703753055,2.1303081978,11.6010628719,within_expected_interval,0.10296246945,1.9592487017,0.0525520161686,3.41109632568,1.77890367432,0.907951947487,2.7,2.49,1.27089531709,1,1,true,true,false,true,true,model_estimate_difference,model_estimate_empirical_peer_reference_difference,false,false,false,false
poverty_rate,living_standards_inclusion,lower_is_favorable,idn.13.1377,Pariaman,2019,4.76,5.63490068103,2.67817134828,12.1489260224,within_expected_interval,-0.87490068103,1.9592487017,-0.446549067646,3.95895947616,0.801040523838,0.408850863672,3.95,0.81,0.413423777848,1,1,true,true,false,true,true,model_estimate_difference,model_estimate_empirical_peer_reference_difference,false,false,false,false
poverty_rate,living_standards_inclusion,lower_is_favorable,idn.13.1377,Pariaman,2020,4.1,5.32925569098,2.37252635823,11.8432810324,within_expected_interval,-1.22925569098,1.9592487017,-0.627411767538,3.65331448611,0.446685513888,0.22798816378,3.28,0.82,0.418527775105,1,1,true,true,false,true,true,model_estimate_difference,model_estimate_empirical_peer_reference_difference,false,false,false,false
poverty_rate,living_standards_inclusion,lower_is_favorable,idn.13.1377,Pariaman,2021,4.38,5.56531699245,2.60858765971,12.0793423338,within_expected_interval,-1.18531699245,1.9592487017,-0.604985467859,3.88937578758,0.490624212418,0.250414463459,2.75,1.63,0.831951552953,1,1,true,true,true,true,false,model_estimate_difference,model_estimate_empirical_peer_reference_difference,false,false,false,false
poverty_rate,living_standards_inclusion,lower_is_favorable,idn.13.1377,Pariaman,2022,4.13,5.10130011349,2.14457078074,11.6153254549,within_expected_interval,-0.97130011349,1.9592487017,-0.495751311534,3.42535890862,0.704641091378,0.359648619783,2.65,1.48,0.755391594092,1,1,true,true,true,true,false,model_estimate_difference,model_estimate_empirical_peer_reference_difference,false,false,false,false
poverty_rate,living_standards_inclusion,lower_is_favorable,idn.13.1377,Pariaman,2023,4.2,5.26130594662,2.30457661387,11.775331288,within_expected_interval,-1.06130594662,1.9592487017,-0.541690264079,3.58536474175,0.614635258248,0.313709667239,2.66,1.54,0.786015577636,1,1,true,true,false,true,true,model_estimate_difference,model_estimate_empirical_peer_reference_difference,false,false,false,false
poverty_rate,living_standards_inclusion,lower_is_favorable,idn.13.1377,Pariaman,2024,4.26,5.66081072487,2.70408139213,12.1748360662,within_expected_interval,-1.40081072487,1.9592487017,-0.714973409784,3.98486952,0.275130479998,0.140426521533,3.565,0.695,0.354727809388,1,1,true,true,false,true,true,model_estimate_difference,model_estimate_empirical_peer_reference_difference,false,false,false,false
unemployment_rate,labor_market,lower_is_favorable,idn.13.1301,Kepulauan Mentawai,2019,2.92,3.5961337579,1.28895699514,8.56434791946,within_expected_interval,-0.6761337579,1.71435086226,-0.394396370536,1.80211080322,1.11788919678,0.652077250573,2.97,-0.05,-0.0291655582884,1,-1,false,true,true,true,false,model_estimate_difference,model_estimate_empirical_peer_reference_difference,false,false,false,false
unemployment_rate,labor_market,lower_is_favorable,idn.13.1301,Kepulauan Mentawai,2020,3.98,3.99007421163,1.68289744888,8.9582883732,within_expected_interval,-0.01007421163,1.71435086226,-0.00587640013009,2.19605125695,1.78394874305,1.04059722098,3.84,0.14,0.0816635632075,1,1,true,true,true,true,false,model_estimate_difference,model_estimate_empirical_peer_reference_difference,false,false,false,false
unemployment_rate,labor_market,lower_is_favorable,idn.13.1301,Kepulauan Mentawai,2021,2.79,3.5075243103,1.20034754754,8.47573847186,within_expected_interval,-0.7175243103,1.71435086226,-0.418539941908,1.71350135562,1.07649864438,0.627933679201,2.91,-0.12,-0.0699973398921,1,-1,false,true,true,true,false,model_estimate_difference,model_estimate_empirical_peer_reference_difference,false,false,false,false
unemployment_rate,labor_market,lower_is_favorable,idn.13.1301,Kepulauan Mentawai,2022,1.39,3.05114634289,0.74396958013,8.01936050445,within_expected_interval,-1.66114634289,1.71435086226,-0.968965209782,1.25712338821,0.132876611793,0.0775084113283,3.715,-2.325,-1.35619846041,1,-1,false,true,true,true,false,model_estimate_difference,model_estimate_empirical_peer_reference_difference,false,false,false,false
unemployment_rate,labor_market,lower_is_favorable,idn.13.1301,Kepulauan Mentawai,2023,1.33,3.69197288148,1.38479611872,8.66018704304,materially_more_favorable_than_expected,-2.36197288148,1.71435086226,-1.37776515501,1.8979499268,-0.567949926797,-0.331291533898,3.26,-1.93,-1.12579054993,-1,-1,true,true,true,true,false,model_estimate_difference,model_estimate_empirical_peer_reference_difference,false,false,false,false
unemployment_rate,labor_market,lower_is_favorable,idn.13.1301,Kepulauan Mentawai,2024,1.44,3.37943528878,1.07225852602,8.34764945034,within_expected_interval,-1.93943528878,1.71435086226,-1.13129425923,1.5854123341,-0.145412334097,-0.0848206381191,2.99,-1.55,-0.90413230694,-1,-1,true,true,true,true,false,model_estimate_difference,model_estimate_empirical_peer_reference_difference,false,false,false,false
unemployment_rate,labor_market,lower_is_favorable,idn.13.1302,Pesisir Selatan,2019,6.02,4.85995399528,2.4452201408,9.82816815684,within_expected_interval,1.16004600472,1.71435086226,0.676667787358,2.93754002524,3.08245997476,1.79803332131,3.96,2.06,1.20162100148,1,1,true,true,false,true,true,model_estimate_difference,model_estimate_empirical_peer_reference_difference,false,false,false,false
unemployment_rate,labor_market,lower_is_favorable,idn.13.1302,Pesisir Selatan,2020,7,5.84068283513,3.42594898065,10.8088969967,within_expected_interval,1.15931716487,1.71435086226,0.676242646935,3.91826886509,3.08173113491,1.79760818089,3.82,3.18,1.85492950714,1,1,true,true,false,true,true,model_estimate_difference,model_estimate_empirical_peer_reference_difference,false,false,false,false
unemployment_rate,labor_market,lower_is_favorable,idn.13.1302,Pesisir Selatan,2021,5.97,5.62554651153,3.21081265705,10.5937606731,within_expected_interval,0.34445348847,1.71435086226,0.200923565912,3.70313254149,2.26686745851,1.32228909986,3.44,2.53,1.47577724939,1,1,true,true,false,true,true,model_estimate_difference,model_estimate_empirical_peer_reference_difference,false,false,false,false
unemployment_rate,labor_market,lower_is_favorable,idn.13.1302,Pesisir Selatan,2022,4.61,5.11905717651,2.70432332203,10.0872713381,within_expected_interval,-0.50905717651,1.71435086226,-0.296938735073,3.19664320647,1.41335679353,0.82442679888,4.325,0.285,0.166243682244,1,1,true,true,false,true,true,model_estimate_difference,model_estimate_empirical_peer_reference_difference,false,false,false,false
unemployment_rate,labor_market,lower_is_favorable,idn.13.1302,Pesisir Selatan,2023,4.75,5.05457932358,2.6398454691,10.0227934851,within_expected_interval,-0.30457932358,1.71435086226,-0.177664520306,3.13216535354,1.61783464646,0.943701013646,4.455,0.295,0.172076793902,1,1,true,true,false,true,true,model_estimate_difference,model_estimate_empirical_peer_reference_difference,false,false,false,false
unemployment_rate,labor_market,lower_is_favorable,idn.13.1302,Pesisir Selatan,2024,5.06,5.19950376002,2.78476990555,10.1677179216,within_expected_interval,-0.13950376002,1.71435086226,-0.0813741008863,3.27708978998,1.78291021002,1.03999143307,4.205,0.855,0.498731046732,1,1,true,true,true,true,false,model_estimate_difference,model_estimate_empirical_peer_reference_difference,false,false,false,false
unemployment_rate,labor_market,lower_is_favorable,idn.13.1303,Solok,2019,4.72,4.45740788809,2.04267403361,9.42562204965,within_expected_interval,0.26259211191,1.71435086226,0.15317291092,2.53499391805,2.18500608195,1.27453844487,3.42,1.3,0.758304515498,1,1,true,true,false,true,true,model_estimate_difference,model_estimate_empirical_peer_reference_difference,false,false,false,false
unemployment_rate,labor_market,lower_is_favorable,idn.13.1303,Solok,2020,4.65,5.54519327704,3.13045942256,10.5134074386,within_expected_interval,-0.89519327704,1.71435086226,-0.522176234018,3.622779307,1.027220693,0.599189299935,3.82,0.83,0.484148267587,1,1,true,true,false,true,true,model_estimate_difference,model_estimate_empirical_peer_reference_difference,false,false,false,false
unemployment_rate,labor_market,lower_is_favorable,idn.13.1303,Solok,2021,4.67,4.42014253573,2.00540868125,9.3883566973,within_expected_interval,0.24985746427,1.71435086226,0.145744648759,2.49772856569,2.17227143431,1.26711018271,2.91,1.76,1.02662765175,1,1,true,true,false,true,true,model_estimate_difference,model_estimate_empirical_peer_reference_difference,false,false,false,false
unemployment_rate,labor_market,lower_is_favorable,idn.13.1303,Solok,2022,5.89,4.26598076577,1.85124691129,9.23419492733,within_expected_interval,1.62401923423,1.71435086226,0.947308552748,2.34356679573,3.54643320427,2.0686740867,3.715,2.175,1.26870178555,1,1,true,true,false,true,true,model_estimate_difference,model_estimate_empirical_peer_reference_difference,false,false,false,false
unemployment_rate,labor_market,lower_is_favorable,idn.13.1303,Solok,2023,4.99,3.94196228456,1.52722843008,8.91017644613,within_expected_interval,1.04803771544,1.71435086226,0.611332101562,2.01954831452,2.97045168548,1.73269763551,3.26,1.73,1.00912831678,1,1,true,true,false,true,true,model_estimate_difference,model_estimate_empirical_peer_reference_difference,false,false,false,false
unemployment_rate,labor_market,lower_is_favorable,idn.13.1303,Solok,2024,4.91,3.6178208596,1.20308700512,8.58603502117,within_expected_interval,1.2921791404,1.71435086226,0.753742520768,1.69540688956,3.21459311044,1.87510805472,2.99,1.92,1.11995743827,1,1,true,true,false,true,true,model_estimate_difference,model_estimate_empirical_peer_reference_difference,false,false,false,false
unemployment_rate,labor_market,lower_is_favorable,idn.13.1304,Sijunjung,2019,3.64,4.42231453211,2.00758067763,9.39052869367,within_expected_interval,-0.78231453211,1.71435086226,-0.456332801722,2.49990056207,1.14009943793,0.66503273223,3.51,0.13,0.0758304515498,1,1,true,true,false,true,true,model_estimate_difference,model_estimate_empirical_peer_reference_difference,false,false,false,false
unemployment_rate,labor_market,lower_is_favorable,idn.13.1304,Sijunjung,2020,5.3,5.57260856176,3.15787470729,10.5408227233,within_expected_interval,-0.27260856176,1.71435086226,-0.159015617959,3.65019459172,1.64980540828,0.962349915994,3.84,1.46,0.851634302021,1,1,true,true,false,true,true,model_estimate_difference,model_estimate_empirical_peer_reference_difference,false,false,false,false
unemployment_rate,labor_market,lower_is_favorable,idn.13.1304,Sijunjung,2021,3.57,4.90116092749,2.48642707302,9.86937508906,within_expected_interval,-1.33116092749,1.71435086226,-0.776481032439,2.97874695745,0.591253042549,0.344884501513,3.46,0.11,0.0641642282345,1,1,true,true,false,true,true,model_estimate_difference,model_estimate_empirical_peer_reference_difference,false,false,false,false
unemployment_rate,labor_market,lower_is_favorable,idn.13.1304,Sijunjung,2022,4.87,4.46519798848,2.050464134,9.43341215004,within_expected_interval,0.40480201152,1.71435086226,0.236125533245,2.54278401844,2.32721598156,1.3574910672,3.715,1.155,0.673724396462,1,1,true,true,false,true,true,model_estimate_difference,model_estimate_empirical_peer_reference_difference,false,false,false,false
unemployment_rate,labor_market,lower_is_favorable,idn.13.1304,Sijunjung,2023,4.71,4.69249992606,2.27776607158,9.66071408762,within_expected_interval,0.01750007394,1.71435086226,0.010207988531,2.77008595602,1.93991404398,1.13157352248,3.26,1.45,0.845801190363,1,1,true,true,false,true,true,model_estimate_difference,model_estimate_empirical_peer_reference_difference,false,false,false,false
unemployment_rate,labor_market,lower_is_favorable,idn.13.1304,Sijunjung,2024,4.73,4.62491084454,2.21017699006,9.59312500611,within_expected_interval,0.10508915546,1.71435086226,0.0612996777809,2.7024968745,2.0275031255,1.18266521173,2.99,1.74,1.01496142844,1,1,true,true,false,true,true,model_estimate_difference,model_estimate_empirical_peer_reference_difference,false,false,false,false
unemployment_rate,labor_market,lower_is_favorable,idn.13.1305,Tanah Datar,2019,3.2,5.40262904189,2.98789518741,10.3708432035,within_expected_interval,-2.20262904189,1.71435086226,-1.28481811418,3.58802431652,-0.388024316517,-0.226338916414,4.73,-1.53,-0.892466083625,-1,-1,true,true,false,true,true,model_estimate_difference,model_estimate_empirical_peer_reference_difference,false,false,false,false
unemployment_rate,labor_market,lower_is_favorable,idn.13.1305,Tanah Datar,2020,4.79,6.63651321685,4.22177936237,11.6047273784,within_expected_interval,-1.84651321685,1.71435086226,-1.07709177713,4.82190849148,-0.031908491477,-0.0186125793613,4.65,0.14,0.0816635632075,-1,1,false,true,false,true,true,model_estimate_difference,model_estimate_empirical_peer_reference_difference,false,false,false,false
unemployment_rate,labor_market,lower_is_favorable,idn.13.1305,Tanah Datar,2021,4.63,5.93571791445,3.52098405997,10.903932076,within_expected_interval,-1.30571791445,1.71435086226,-0.761639838842,4.12111318908,0.508886810923,0.296839358923,3.635,0.995,0.580394609939,1,1,true,true,false,true,true,model_estimate_difference,model_estimate_empirical_peer_reference_difference,false,false,false,false
unemployment_rate,labor_market,lower_is_favorable,idn.13.1305,Tanah Datar,2022,5.91,5.71542020117,3.30068634669,10.6836343627,within_expected_interval,0.19457979883,1.71435086226,0.11350056929,3.9008154758,2.0091845242,1.17197976705,4.165,1.745,1.01787798426,1,1,true,true,false,true,true,model_estimate_difference,model_estimate_empirical_peer_reference_difference,false,false,false,false
unemployment_rate,labor_market,lower_is_favorable,idn.13.1305,Tanah Datar,2023,5.35,5.34197204077,2.92723818629,10.3101862023,within_expected_interval,0.00802795923,1.71435086226,0.00468279825719,3.5273673154,1.8226326846,1.06316199602,4.35,1,0.583311165768,1,1,true,true,false,true,true,model_estimate_difference,model_estimate_empirical_peer_reference_difference,false,false,false,false
unemployment_rate,labor_market,lower_is_favorable,idn.13.1305,Tanah Datar,2024,5.3,5.42279047434,3.00805661986,10.3910046359,within_expected_interval,-0.12279047434,1.71435086226,-0.0716250547325,3.60818574897,1.69181425103,0.986854143031,4.205,1.095,0.638725726516,1,1,true,true,false,true,true,model_estimate_difference,model_estimate_empirical_peer_reference_difference,false,false,false,false
unemployment_rate,labor_market,lower_is_favorable,idn.13.1306,Padang Pariaman,2019,6.08,5.35397363987,2.93923978539,10.3221878014,within_expected_interval,0.72602636013,1.71435086226,0.423499282506,3.43155966983,2.64844033017,1.54486481646,3.96,2.12,1.23661967143,1,1,true,true,false,true,true,model_estimate_difference,model_estimate_empirical_peer_reference_difference,false,false,false,false
unemployment_rate,labor_market,lower_is_favorable,idn.13.1306,Padang Pariaman,2020,8.13,6.88231008788,4.4675762334,11.8505242494,within_expected_interval,1.24768991212,1.71435086226,0.727791457156,4.95989611784,3.17010388216,1.84915699111,4.65,3.48,2.02992285687,1,1,true,true,false,true,true,model_estimate_difference,model_estimate_empirical_peer_reference_difference,false,false,false,false
unemployment_rate,labor_market,lower_is_favorable,idn.13.1306,Padang Pariaman,2021,8.41,5.88572849091,3.47099463643,10.8539426525,within_expected_interval,2.52427150909,1.71435086226,1.47243575668,3.96331452087,4.44668547913,2.59380129063,3.44,4.97,2.89905649387,1,1,true,true,false,true,true,model_estimate_difference,model_estimate_empirical_peer_reference_difference,false,false,false,false
unemployment_rate,labor_market,lower_is_favorable,idn.13.1306,Padang Pariaman,2022,6.6,5.87007570597,3.45534185149,10.8382898675,within_expected_interval,0.72992429403,1.71435086226,0.425772990873,3.94766173593,2.65233826407,1.54713852483,4.165,2.435,1.42036268864,1,1,true,true,false,true,true,model_estimate_difference,model_estimate_empirical_peer_reference_difference,false,false,false,false
unemployment_rate,labor_market,lower_is_favorable,idn.13.1306,Padang Pariaman,2023,6.69,5.19460513829,2.77987128381,10.1628192999,within_expected_interval,1.49539486171,1.71435086226,0.872280520067,3.27219116825,3.41780883175,1.99364605402,4.35,2.34,1.3649481279,1,1,true,true,false,true,true,model_estimate_difference,model_estimate_empirical_peer_reference_difference,false,false,false,false
unemployment_rate,labor_market,lower_is_favorable,idn.13.1306,Padang Pariaman,2024,6.59,5.67570657113,3.26097271665,10.6439207327,within_expected_interval,0.91429342887,1.71435086226,0.533317565848,3.75329260109,2.83670739891,1.6546830998,4.205,2.385,1.39119713036,1,1,true,true,false,true,true,model_estimate_difference,model_estimate_empirical_peer_reference_difference,false,false,false,false
unemployment_rate,labor_market,lower_is_favorable,idn.13.1307,Agam,2019,4.78,5.32600225745,2.91126840298,10.294216419,within_expected_interval,-0.54600225745,1.71435086226,-0.318489213305,3.45890726991,1.32109273009,0.770608140476,3.96,0.82,0.47831515593,1,1,true,true,false,true,true,model_estimate_difference,model_estimate_empirical_peer_reference_difference,false,false,false,false
unemployment_rate,labor_market,lower_is_favorable,idn.13.1307,Agam,2020,4.61,6.56065988449,4.14592603001,11.5288740461,within_expected_interval,-1.95065988449,1.71435086226,-1.13784169124,4.69356489695,-0.08356489695,-0.0487443374572,4.74,-0.13,-0.0758304515498,-1,-1,true,true,false,true,true,model_estimate_difference,model_estimate_empirical_peer_reference_difference,false,false,false,false
unemployment_rate,labor_market,lower_is_favorable,idn.13.1307,Agam,2021,5.06,5.75295046005,3.33821660557,10.7211646216,within_expected_interval,-0.69295046005,1.71435086226,-0.404205740671,3.88585547251,1.17414452749,0.68489161311,3.44,1.62,0.944964088544,1,1,true,true,false,true,true,model_estimate_difference,model_estimate_empirical_peer_reference_difference,false,false,false,false
unemployment_rate,labor_market,lower_is_favorable,idn.13.1307,Agam,2022,4.93,5.73070872829,3.31597487381,10.6989228899,within_expected_interval,-0.80070872829,1.71435086226,-0.467062341739,3.86361374075,1.06638625925,0.622035012042,4.165,0.765,0.446233041812,1,1,true,true,false,true,true,model_estimate_difference,model_estimate_empirical_peer_reference_difference,false,false,false,false
unemployment_rate,labor_market,lower_is_favorable,idn.13.1307,Agam,2023,4.96,5.03294002914,2.61820617466,10.0011541907,within_expected_interval,-0.07294002914,1.71435086226,-0.0425467334288,3.1658450416,1.7941549584,1.04655062035,4.35,0.61,0.355819811118,1,1,true,true,false,true,true,model_estimate_difference,model_estimate_empirical_peer_reference_difference,false,false,false,false
unemployment_rate,labor_market,lower_is_favorable,idn.13.1307,Agam,2024,4.73,5.46409153561,3.04935768113,10.4323056972,within_expected_interval,-0.73409153561,1.71435086226,-0.428203789417,3.59699654807,1.13300345193,0.660893564364,4.37,0.36,0.209992019676,1,1,true,true,false,true,true,model_estimate_difference,model_estimate_empirical_peer_reference_difference,false,false,false,false
unemployment_rate,labor_market,lower_is_favorable,idn.13.1308,Lima Puluh Kota,2019,2.3,4.41398586254,2.27906527076,9.38220002411,within_expected_interval,-2.11398586254,1.71435086226,-1.23311155789,2.65754579438,-0.357545794383,-0.208560454137,4.18,-1.88,-1.09662499164,-1,-1,true,true,false,true,true,model_estimate_difference,model_estimate_empirical_peer_reference_difference,false,false,false,false
unemployment_rate,labor_market,lower_is_favorable,idn.13.1308,Lima Puluh Kota,2020,3.03,5.69289500519,3.5579744134,10.6611091667,materially_more_favorable_than_expected,-2.66289500519,1.71435086226,-1.55329638979,3.93645493703,-0.906454937033,-0.528745286037,4.845,-1.815,-1.05870976587,-1,-1,true,true,false,true,true,model_estimate_difference,model_estimate_empirical_peer_reference_difference,false,false,false,false
unemployment_rate,labor_market,lower_is_favorable,idn.13.1308,Lima Puluh Kota,2021,2.25,5.09554544486,2.96062485308,10.0637596064,materially_more_favorable_than_expected,-2.84554544486,1.71435086226,-1.65983843069,3.3391053767,-1.0891053767,-0.635287326927,4.12,-1.87,-1.09079187999,-1,-1,true,true,false,true,true,model_estimate_difference,model_estimate_empirical_peer_reference_difference,false,false,false,false
unemployment_rate,labor_market,lower_is_favorable,idn.13.1308,Lima Puluh Kota,2022,3.72,4.74189639576,2.60697580398,9.71011055733,within_expected_interval,-1.02189639576,1.71435086226,-0.596083577905,2.9854563276,0.734543672397,0.428467525853,4.16,-0.44,-0.256656912938,1,-1,false,true,false,true,true,model_estimate_difference,model_estimate_empirical_peer_reference_difference,false,false,false,false
unemployment_rate,labor_market,lower_is_favorable,idn.13.1308,Lima Puluh Kota,2023,3.95,4.37832005028,2.2433994585,9.34653421185,within_expected_interval,-0.42832005028,1.71435086226,-0.249843867851,2.62187998212,1.32812001788,0.774707235909,3.765,0.185,0.107912565667,1,1,true,true,false,true,true,model_estimate_difference,model_estimate_empirical_peer_reference_difference,false,false,false,false
unemployment_rate,labor_market,lower_is_favorable,idn.13.1308,Lima Puluh Kota,2024,3.68,4.52338928819,2.38846869641,9.49160344976,within_expected_interval,-0.84338928819,1.71435086226,-0.49195838889,2.76694922003,0.913050779967,0.532592714868,3.515,0.165,0.0962463423517,1,1,true,true,false,true,true,model_estimate_difference,model_estimate_empirical_peer_reference_difference,false,false,false,false
unemployment_rate,labor_market,lower_is_favorable,idn.13.1309,Pasaman,2019,5.28,3.53122548366,1.11649162918,8.49943964522,within_expected_interval,1.74877451634,1.71435086226,1.02007970179,1.60881151362,3.67118848638,2.14144523574,2.97,2.31,1.34744879292,1,1,true,true,true,true,false,model_estimate_difference,model_estimate_empirical_peer_reference_difference,false,false,false,false
unemployment_rate,labor_market,lower_is_favorable,idn.13.1309,Pasaman,2020,5.04,4.35508953404,1.94035567956,9.3233036956,within_expected_interval,0.68491046596,1.71435086226,0.399515922346,2.432675564,2.607324436,1.5208814563,3.84,1.2,0.699973398921,1,1,true,true,true,true,false,model_estimate_difference,model_estimate_empirical_peer_reference_difference,false,false,false,false
unemployment_rate,labor_market,lower_is_favorable,idn.13.1309,Pasaman,2021,4.92,3.22166255604,0.806928701562,8.18987671761,within_expected_interval,1.69833744396,1.71435086226,0.990659194303,1.299248586,3.620751414,2.11202472826,2.91,2.01,1.17245544319,1,1,true,true,false,true,true,model_estimate_difference,model_estimate_empirical_peer_reference_difference,false,false,false,false
unemployment_rate,labor_market,lower_is_favorable,idn.13.1309,Pasaman,2022,5.38,3.41416428791,0.999430433426,8.38237844947,within_expected_interval,1.96583571209,1.71435086226,1.14669392093,1.49175031787,3.88824968213,2.26805945488,3.715,1.665,0.971213091003,1,1,true,true,false,true,true,model_estimate_difference,model_estimate_empirical_peer_reference_difference,false,false,false,false
unemployment_rate,labor_market,lower_is_favorable,idn.13.1309,Pasaman,2023,5.09,2.45932948717,0.0445956326897,7.42754364873,within_expected_interval,2.63067051283,1.71435086226,1.53449948359,0.536915517131,4.55308448287,2.65586501754,3.26,1.83,1.06745943336,1,1,true,true,false,true,true,model_estimate_difference,model_estimate_empirical_peer_reference_difference,false,false,false,false
unemployment_rate,labor_market,lower_is_favorable,idn.13.1309,Pasaman,2024,5.25,2.83553351896,0.420799664478,7.80374768052,within_expected_interval,2.41446648104,1.71435086226,1.40838525776,0.913119548921,4.33688045108,2.52975079172,2.99,2.26,1.31828323464,1,1,true,true,false,true,true,model_estimate_difference,model_estimate_empirical_peer_reference_difference,false,false,false,false
unemployment_rate,labor_market,lower_is_favorable,idn.13.1310,Solok Selatan,2019,4.91,3.88007037766,1.46533652318,8.84828453922,within_expected_interval,1.02992962234,1.71435086226,0.600769448666,1.95765640762,2.95234359238,1.72213498262,2.97,1.94,1.13162366159,1,1,true,true,false,true,true,model_estimate_difference,model_estimate_empirical_peer_reference_difference,false,false,false,false
unemployment_rate,labor_market,lower_is_favorable,idn.13.1310,Solok Selatan,2020,5.62,5.46313727161,3.04840341713,10.4313514332,within_expected_interval,0.15686272839,1.71435086226,0.0914997809627,3.54072330157,2.07927669843,1.21286531492,3.84,1.78,1.03829387507,1,1,true,true,false,true,true,model_estimate_difference,model_estimate_empirical_peer_reference_difference,false,false,false,false
unemployment_rate,labor_market,lower_is_favorable,idn.13.1310,Solok Selatan,2021,4.84,4.85000300179,2.43526914731,9.81821716335,within_expected_interval,-0.01000300179,1.71435086226,-0.0058348626353,2.92758903175,1.91241096825,1.11553067132,2.91,1.93,1.12579054993,1,1,true,true,false,true,true,model_estimate_difference,model_estimate_empirical_peer_reference_difference,false,false,false,false
unemployment_rate,labor_market,lower_is_favorable,idn.13.1310,Solok Selatan,2022,3.71,4.51772823128,2.1029943768,9.48594239285,within_expected_interval,-0.80772823128,1.71435086226,-0.471156896212,2.59531426124,1.11468573876,0.650208637741,4.165,-0.455,-0.265406580424,1,-1,false,true,false,true,true,model_estimate_difference,model_estimate_empirical_peer_reference_difference,false,false,false,false
unemployment_rate,labor_market,lower_is_favorable,idn.13.1310,Solok Selatan,2023,2.57,3.93101953491,1.51628568043,8.89923369648,within_expected_interval,-1.36101953491,1.71435086226,-0.793897891541,2.00860556487,0.561394435129,0.327467642411,4.33,-1.76,-1.02662765175,1,-1,false,true,false,true,true,model_estimate_difference,model_estimate_empirical_peer_reference_difference,false,false,false,false
unemployment_rate,labor_market,lower_is_favorable,idn.13.1310,Solok Selatan,2024,2.3,4.07152712804,1.65679327356,9.0397412896,within_expected_interval,-1.77152712804,1.71435086226,-1.03335155425,2.149113158,0.150886841999,0.0880139797055,4.205,-1.905,-1.11120777079,1,-1,false,true,false,true,true,model_estimate_difference,model_estimate_empirical_peer_reference_difference,false,false,false,false
unemployment_rate,labor_market,lower_is_favorable,idn.13.1311,Dharmasraya,2019,5.06,4.67941409575,2.26468024127,9.64762825732,within_expected_interval,0.38058590425,1.71435086226,0.222000007483,2.75700012571,2.30299987429,1.34336554144,2.97,2.09,1.21912033645,1,1,true,true,false,true,true,model_estimate_difference,model_estimate_empirical_peer_reference_difference,false,false,false,false
unemployment_rate,labor_market,lower_is_favorable,idn.13.1311,Dharmasraya,2020,5.31,5.81257642443,3.39784256995,10.780790586,within_expected_interval,-0.50257642443,1.71435086226,-0.293158440022,3.89016245439,1.41983754561,0.828207093931,3.84,1.47,0.857467413679,1,1,true,true,false,true,true,model_estimate_difference,model_estimate_empirical_peer_reference_difference,false,false,false,false
unemployment_rate,labor_market,lower_is_favorable,idn.13.1311,Dharmasraya,2021,5,4.90267895627,2.48794510179,9.87089311783,within_expected_interval,0.09732104373,1.71435086226,0.0567684514719,2.98026498623,2.01973501377,1.17813398542,2.91,2.09,1.21912033645,1,1,true,true,false,true,true,model_estimate_difference,model_estimate_empirical_peer_reference_difference,false,false,false,false
unemployment_rate,labor_market,lower_is_favorable,idn.13.1311,Dharmasraya,2022,6.23,4.36951720863,1.95478335415,9.33773137019,within_expected_interval,1.86048279137,1.71435086226,1.08524038593,2.44710323859,3.78289676141,2.20660591988,3.715,2.515,1.46702758191,1,1,true,true,false,true,true,model_estimate_difference,model_estimate_empirical_peer_reference_difference,false,false,false,false
unemployment_rate,labor_market,lower_is_favorable,idn.13.1311,Dharmasraya,2023,6.22,4.51155272202,2.09681886754,9.47976688359,within_expected_interval,1.70844727798,1.71435086226,0.996556373371,2.58913875198,3.63086124802,2.11792190732,3.26,2.96,1.72660105067,1,1,true,true,false,true,true,model_estimate_difference,model_estimate_empirical_peer_reference_difference,false,false,false,false
unemployment_rate,labor_market,lower_is_favorable,idn.13.1311,Dharmasraya,2024,6.02,4.222907035,1.80817318052,9.19112119657,within_expected_interval,1.797092965,1.71435086226,1.04826439241,2.30049306496,3.71950693504,2.16962992636,2.99,3.03,1.76743283228,1,1,true,true,false,true,true,model_estimate_difference,model_estimate_empirical_peer_reference_difference,false,false,false,false
unemployment_rate,labor_market,lower_is_favorable,idn.13.1312,Pasaman Barat,2019,4.74,5.83962636033,3.58521057058,10.8078405219,within_expected_interval,-1.09962636033,1.71435086226,-0.641424334153,3.97253137279,0.76746862721,0.447673019628,3.96,0.78,0.454982709299,1,1,true,true,true,true,false,model_estimate_difference,model_estimate_empirical_peer_reference_difference,false,false,false,false
unemployment_rate,labor_market,lower_is_favorable,idn.13.1312,Pasaman Barat,2020,4.69,7.21431433686,4.95989854711,12.1825284984,materially_more_favorable_than_expected,-2.52431433686,1.71435086226,-1.4724607386,5.34721934932,-0.65721934932,-0.383363384817,3.82,0.87,0.507480714218,-1,1,false,true,true,true,false,model_estimate_difference,model_estimate_empirical_peer_reference_difference,false,false,false,false
unemployment_rate,labor_market,lower_is_favorable,idn.13.1312,Pasaman Barat,2021,5.02,6.36008930223,4.10567351247,11.3283034638,within_expected_interval,-1.34008930223,1.71435086226,-0.781689053117,4.49299431469,0.52700568531,0.307408300664,3.44,1.58,0.921631641913,1,1,true,true,true,true,false,model_estimate_difference,model_estimate_empirical_peer_reference_difference,false,false,false,false
unemployment_rate,labor_market,lower_is_favorable,idn.13.1312,Pasaman Barat,2022,6.33,5.95556597447,3.70115018471,10.923780136,within_expected_interval,0.37443402553,1.71435086226,0.218411547935,4.08847098693,2.24152901307,1.30750890172,4.165,2.165,1.26286867389,1,1,true,true,true,true,false,model_estimate_difference,model_estimate_empirical_peer_reference_difference,false,false,false,false
unemployment_rate,labor_market,lower_is_favorable,idn.13.1312,Pasaman Barat,2023,6.01,6.31825998253,4.06384419278,11.2864741441,within_expected_interval,-0.30825998253,1.71435086226,-0.179811489769,4.45116499499,1.55883500501,0.909285864012,4.855,1.155,0.673724396462,1,1,true,true,true,true,false,model_estimate_difference,model_estimate_empirical_peer_reference_difference,false,false,false,false
unemployment_rate,labor_market,lower_is_favorable,idn.13.1312,Pasaman Barat,2024,6.34,5.94111943405,3.6867036443,10.9093335956,within_expected_interval,0.39888056595,1.71435086226,0.232671487926,4.07402444651,2.26597555349,1.32176884171,4.205,2.135,1.24536933891,1,1,true,true,true,true,false,model_estimate_difference,model_estimate_empirical_peer_reference_difference,false,false,false,false
unemployment_rate,labor_market,lower_is_favorable,idn.13.1371,Padang,2019,8.74,6.21379912468,3.7990652702,8.32543983668,materially_less_favorable_than_expected,2.52620087532,1.71435086226,1.47356117755,4.29138515464,4.44861484536,2.5949267115,4.58,4.16,2.42657444959,1,1,true,true,true,true,false,model_estimate_difference,model_estimate_empirical_peer_reference_difference,false,false,false,false
unemployment_rate,labor_market,lower_is_favorable,idn.13.1371,Padang,2020,13.64,7.37388027502,4.95914642054,9.48552098702,materially_less_favorable_than_expected,6.26611972498,1.71435086226,3.65509760162,5.45146630498,8.18853369502,4.77646313557,6.205,7.435,4.33691851748,1,1,true,true,true,true,false,model_estimate_difference,model_estimate_empirical_peer_reference_difference,false,false,false,false
unemployment_rate,labor_market,lower_is_favorable,idn.13.1371,Padang,2021,13.37,6.33211649981,3.91738264533,8.44375721181,materially_less_favorable_than_expected,7.03788350019,1.71435086226,4.10527602903,4.40970252977,8.96029747023,5.22664156299,5.495,7.875,4.59357543042,1,1,true,true,false,true,true,model_estimate_difference,model_estimate_empirical_peer_reference_difference,false,false,false,false
unemployment_rate,labor_market,lower_is_favorable,idn.13.1371,Padang,2022,11.69,6.04606613349,3.63133227901,8.15770684549,materially_less_favorable_than_expected,5.64393386651,1.71435086226,3.29216964319,4.12365216345,7.56634783655,4.41353517714,4.37,7.32,4.26983773342,1,1,true,true,false,true,true,model_estimate_difference,model_estimate_empirical_peer_reference_difference,false,false,false,false
unemployment_rate,labor_market,lower_is_favorable,idn.13.1371,Padang,2023,10.86,6.21713236304,3.80239850856,8.32877307504,materially_less_favorable_than_expected,4.64286763696,1.71435086226,2.70823653382,4.294718393,6.565281607,3.82960206777,4.28,6.58,3.83818747075,1,1,true,true,true,true,false,model_estimate_difference,model_estimate_empirical_peer_reference_difference,false,false,false,false
unemployment_rate,labor_market,lower_is_favorable,idn.13.1371,Padang,2024,9.88,5.68226752263,3.26753366815,7.79390823463,materially_less_favorable_than_expected,4.19773247737,1.71435086226,2.44858422496,3.75985355259,6.12014644741,3.56994975891,4.725,5.155,3.00696905953,1,1,true,true,false,true,true,model_estimate_difference,model_estimate_empirical_peer_reference_difference,false,false,false,false
unemployment_rate,labor_market,lower_is_favorable,idn.13.1372,Solok,2019,7.06,5.80219958837,3.3874657339,10.7704137499,within_expected_interval,1.25780041163,1.71435086226,0.733689024411,4.04575952021,3.01424047979,1.75824012817,4.255,2.805,1.63618781998,1,1,true,true,false,true,true,model_estimate_difference,model_estimate_empirical_peer_reference_difference,false,false,false,false
unemployment_rate,labor_market,lower_is_favorable,idn.13.1372,Solok,2020,8.35,7.28390981106,4.86917595658,12.2521239726,within_expected_interval,1.06609018894,1.71435086226,0.621862310924,5.5274697429,2.8225302571,1.64641341468,6.205,2.145,1.25120245057,1,1,true,true,false,true,true,model_estimate_difference,model_estimate_empirical_peer_reference_difference,false,false,false,false
unemployment_rate,labor_market,lower_is_favorable,idn.13.1372,Solok,2021,5.15,6.31759104591,3.90285719143,11.2858052075,within_expected_interval,-1.16759104591,1.71435086226,-0.68106889413,4.56115097775,0.588849022247,0.343482209628,4.765,0.385,0.224574798821,1,1,true,true,true,true,false,model_estimate_difference,model_estimate_empirical_peer_reference_difference,false,false,false,false
unemployment_rate,labor_market,lower_is_favorable,idn.13.1372,Solok,2022,3.9,5.963682837,3.54894898252,10.9318969986,within_expected_interval,-2.063682837,1.71435086226,-1.20376924143,4.20724276884,-0.307242768843,-0.179218137668,4.87,-0.97,-0.565811830795,-1,-1,true,true,false,true,true,model_estimate_difference,model_estimate_empirical_peer_reference_difference,false,false,false,false
unemployment_rate,labor_market,lower_is_favorable,idn.13.1372,Solok,2023,3.72,5.67861272993,3.26387887545,10.6468268915,within_expected_interval,-1.95861272993,1.71435086226,-1.14248067478,3.92217266177,-0.202172661773,-0.117929571025,4.91,-1.19,-0.694140287264,-1,-1,true,true,false,true,true,model_estimate_difference,model_estimate_empirical_peer_reference_difference,false,false,false,false
unemployment_rate,labor_market,lower_is_favorable,idn.13.1372,Solok,2024,3.62,5.53511911915,3.12038526467,10.5033332807,within_expected_interval,-1.91511911915,1.71435086226,-1.11711036598,3.77867905099,-0.158679050993,-0.0925592622177,4.795,-1.175,-0.685390619777,-1,-1,true,true,false,true,true,model_estimate_difference,model_estimate_empirical_peer_reference_difference,false,false,false,false
unemployment_rate,labor_market,lower_is_favorable,idn.13.1373,Sawahlunto,2019,6.84,5.47046360456,3.05572975008,10.4386777661,within_expected_interval,1.36953639544,1.71435086226,0.798865871386,3.54804963452,3.29195036548,1.92023140534,2.75,4.09,2.38574266799,1,1,true,true,false,true,true,model_estimate_difference,model_estimate_empirical_peer_reference_difference,false,false,false,false
unemployment_rate,labor_market,lower_is_favorable,idn.13.1373,Sawahlunto,2020,8.2,6.94636419692,4.53163034244,11.9145783585,within_expected_interval,1.25363580308,1.71435086226,0.731259761743,5.02395022688,3.17604977312,1.8526252957,4.7,3.5,2.04158908019,1,1,true,true,false,true,true,model_estimate_difference,model_estimate_empirical_peer_reference_difference,false,false,false,false
unemployment_rate,labor_market,lower_is_favorable,idn.13.1373,Sawahlunto,2021,6.38,6.3114063059,3.89667245142,11.2796204675,within_expected_interval,0.0685936941,1.71435086226,0.0400114676698,4.38899233586,1.99100766414,1.16137700162,4.765,1.615,0.942047532715,1,1,true,true,false,true,true,model_estimate_difference,model_estimate_empirical_peer_reference_difference,false,false,false,false
unemployment_rate,labor_market,lower_is_favorable,idn.13.1373,Sawahlunto,2022,5,6.24909503207,3.83436117759,11.2173091936,within_expected_interval,-1.24909503207,1.71435086226,-0.728611079312,4.32668106203,0.673318937969,0.39275445464,4.885,0.115,0.0670807840633,1,1,true,true,false,true,true,model_estimate_difference,model_estimate_empirical_peer_reference_difference,false,false,false,false
unemployment_rate,labor_market,lower_is_favorable,idn.13.1373,Sawahlunto,2023,4.98,5.88582459162,3.47109073714,10.8540387532,within_expected_interval,-0.90582459162,1.71435086226,-0.528377598519,3.96341062158,1.01658937842,0.592987935433,4.9,0.08,0.0466648932614,1,1,true,true,false,true,true,model_estimate_difference,model_estimate_empirical_peer_reference_difference,false,false,false,false
unemployment_rate,labor_market,lower_is_favorable,idn.13.1373,Sawahlunto,2024,5.55,5.89695534779,3.48222149331,10.8651695093,within_expected_interval,-0.34695534779,1.71435086226,-0.202382928389,3.97454137775,1.57545862225,0.918982605564,4.17,1.38,0.80496940876,1,1,true,true,false,true,true,model_estimate_difference,model_estimate_empirical_peer_reference_difference,false,false,false,false
unemployment_rate,labor_market,lower_is_favorable,idn.13.1374,Padang Panjang,2019,4.38,6.48232022692,4.06758637244,11.4505343885,within_expected_interval,-2.10232022692,1.71435086226,-1.22630686238,4.61522523938,-0.23522523938,-0.137209508601,4.805,-0.425,-0.247907245451,-1,-1,true,true,true,true,false,model_estimate_difference,model_estimate_empirical_peer_reference_difference,false,false,false,false
unemployment_rate,labor_market,lower_is_favorable,idn.13.1374,Padang Panjang,2020,7.22,7.26488471685,4.85015086237,12.2330988784,within_expected_interval,-0.04488471685,1.71435086226,-0.0261817565109,5.39778972931,1.82221027069,1.06291559727,6.205,1.015,0.592060833254,1,1,true,true,true,true,false,model_estimate_difference,model_estimate_empirical_peer_reference_difference,false,false,false,false
unemployment_rate,labor_market,lower_is_favorable,idn.13.1374,Padang Panjang,2021,4.9,6.6337391206,4.21900526612,11.6019532822,within_expected_interval,-1.7337391206,1.71435086226,-1.01130938757,4.76664413306,0.13335586694,0.0777879662068,5.62,-0.72,-0.419984039353,1,-1,false,true,true,true,false,model_estimate_difference,model_estimate_empirical_peer_reference_difference,false,false,false,false
unemployment_rate,labor_market,lower_is_favorable,idn.13.1374,Padang Panjang,2022,4.84,6.58997418535,4.17524033087,11.5581883469,within_expected_interval,-1.74997418535,1.71435086226,-1.02077948212,4.72287919781,0.11712080219,0.0683178716611,4.4,0.44,0.256656912938,1,1,true,true,true,true,false,model_estimate_difference,model_estimate_empirical_peer_reference_difference,false,false,false,false
unemployment_rate,labor_market,lower_is_favorable,idn.13.1374,Padang Panjang,2023,5.49,6.76447421935,4.34974036487,11.7326883809,within_expected_interval,-1.27447421935,1.71435086226,-0.74341504263,4.89737923181,0.59262076819,0.345682311151,4.28,1.21,0.705806510579,1,1,true,true,true,true,false,model_estimate_difference,model_estimate_empirical_peer_reference_difference,false,false,false,false
unemployment_rate,labor_market,lower_is_favorable,idn.13.1374,Padang Panjang,2024,4.94,6.50927982944,4.09454597497,11.477493991,within_expected_interval,-1.56927982944,1.71435086226,-0.915378446727,4.6421848419,0.2978151581,0.173718907055,4.17,0.77,0.449149597641,1,1,true,true,true,true,false,model_estimate_difference,model_estimate_empirical_peer_reference_difference,false,false,false,false
unemployment_rate,labor_market,lower_is_favorable,idn.13.1375,Bukittinggi,2019,6.2,5.57861817907,3.16388432459,10.5468323406,within_expected_interval,0.62138182093,1.71435086226,0.362458954354,3.65620420903,2.54379579097,1.48382448831,4.255,1.945,1.13454021742,1,1,true,true,true,true,false,model_estimate_difference,model_estimate_empirical_peer_reference_difference,false,false,false,false
unemployment_rate,labor_market,lower_is_favorable,idn.13.1375,Bukittinggi,2020,7.51,7.20215420835,4.78742035387,12.1703683699,within_expected_interval,0.30784579165,1.71435086226,0.179569887604,5.27974023831,2.23025976169,1.30093542156,6.205,1.305,0.761221071327,1,1,true,true,true,true,false,model_estimate_difference,model_estimate_empirical_peer_reference_difference,false,false,false,false
unemployment_rate,labor_market,lower_is_favorable,idn.13.1375,Bukittinggi,2021,6.09,6.13216127299,3.71742741851,11.1003754346,within_expected_interval,-0.04216127299,1.71435086226,-0.0245931412981,4.20974730295,1.88025269705,1.09677239265,5.025,1.065,0.621226391543,1,1,true,true,true,true,false,model_estimate_difference,model_estimate_empirical_peer_reference_difference,false,false,false,false
unemployment_rate,labor_market,lower_is_favorable,idn.13.1375,Bukittinggi,2022,4.9,5.97756347465,3.56282962017,10.9457776362,within_expected_interval,-1.07756347465,1.71435086226,-0.628554806587,4.05514950461,0.844850495389,0.492810727365,4.37,0.53,0.309154917857,1,1,true,true,true,true,false,model_estimate_difference,model_estimate_empirical_peer_reference_difference,false,false,false,false
unemployment_rate,labor_market,lower_is_favorable,idn.13.1375,Bukittinggi,2023,4.99,6.30289172797,3.88815787349,11.2711058895,within_expected_interval,-1.31289172797,1.71435086226,-0.765824404369,4.38047775793,0.609522242069,0.355541129583,4.28,0.71,0.414150927695,1,1,true,true,true,true,false,model_estimate_difference,model_estimate_empirical_peer_reference_difference,false,false,false,false
unemployment_rate,labor_market,lower_is_favorable,idn.13.1375,Bukittinggi,2024,4.72,5.62354300612,3.20880915164,10.5917571677,within_expected_interval,-0.90354300612,1.71435086226,-0.527046724221,3.70112903608,1.01887096392,0.594318809731,4.245,0.475,0.27707280374,1,1,true,true,true,true,false,model_estimate_difference,model_estimate_empirical_peer_reference_difference,false,false,false,false
unemployment_rate,labor_market,lower_is_favorable,idn.13.1376,Payakumbuh,2019,4.13,5.21179002206,2.79705616758,10.1800041836,within_expected_interval,-1.08179002206,1.71435086226,-0.631020198884,3.28937605202,0.840623947979,0.490345335068,4.72,-0.59,-0.344153587803,1,-1,false,true,false,true,true,model_estimate_difference,model_estimate_empirical_peer_reference_difference,false,false,false,false
unemployment_rate,labor_market,lower_is_favorable,idn.13.1376,Payakumbuh,2020,6.68,6.68419022203,4.26945636755,11.6524043836,within_expected_interval,-0.00419022203,1.71435086226,-0.00244420329715,4.76177625199,1.91822374801,1.11892133066,5.52,1.16,0.676640952291,1,1,true,true,false,true,true,model_estimate_difference,model_estimate_empirical_peer_reference_difference,false,false,false,false
unemployment_rate,labor_market,lower_is_favorable,idn.13.1376,Payakumbuh,2021,6.47,5.99037845226,3.57564459778,10.9585926138,within_expected_interval,0.47962154774,1.71435086226,0.27976860414,4.06796448222,2.40203551778,1.40113413809,4.95,1.52,0.886632971967,1,1,true,true,false,true,true,model_estimate_difference,model_estimate_empirical_peer_reference_difference,false,false,false,false
unemployment_rate,labor_market,lower_is_favorable,idn.13.1376,Payakumbuh,2022,5.16,5.3185358568,2.90380200232,10.2867500184,within_expected_interval,-0.1585358568,1.71435086226,-0.092475735446,3.39612188676,1.76387811324,1.02888979851,4.37,0.79,0.460815820957,1,1,true,true,false,true,true,model_estimate_difference,model_estimate_empirical_peer_reference_difference,false,false,false,false
unemployment_rate,labor_market,lower_is_favorable,idn.13.1376,Payakumbuh,2023,4.84,5.46287906186,3.04814520738,10.4310932234,within_expected_interval,-0.62287906186,1.71435086226,-0.363332311706,3.54046509182,1.29953490818,0.758033222246,4.35,0.49,0.285822471226,1,1,true,true,false,true,true,model_estimate_difference,model_estimate_empirical_peer_reference_difference,false,false,false,false
unemployment_rate,labor_market,lower_is_favorable,idn.13.1376,Payakumbuh,2024,4.87,5.2050496849,2.79031583042,10.1732638465,within_expected_interval,-0.3350496849,1.71435086226,-0.195438222289,3.28263571486,1.58736428514,0.925927311663,4.17,0.7,0.408317816037,1,1,true,true,false,true,true,model_estimate_difference,model_estimate_empirical_peer_reference_difference,false,false,false,false
unemployment_rate,labor_market,lower_is_favorable,idn.13.1377,Pariaman,2019,5.48,5.55552088272,3.14078702824,10.5237350443,within_expected_interval,-0.07552088272,1.71435086226,-0.0440521741392,3.63310691268,1.84689308732,1.07731335981,3.665,1.815,1.05870976587,1,1,true,true,false,true,true,model_estimate_difference,model_estimate_empirical_peer_reference_difference,false,false,false,false
unemployment_rate,labor_market,lower_is_favorable,idn.13.1377,Pariaman,2020,5.73,6.5899771514,4.17524329692,11.558191313,within_expected_interval,-0.8599771514,1.71435086226,-0.501634274717,4.66756318136,1.06243681864,0.619731259236,4.7,1.03,0.600810500741,1,1,true,true,false,true,true,model_estimate_difference,model_estimate_empirical_peer_reference_difference,false,false,false,false
unemployment_rate,labor_market,lower_is_favorable,idn.13.1377,Pariaman,2021,6.09,6.50540221124,4.09066835676,11.4736163728,within_expected_interval,-0.41540221124,1.71435086226,-0.242308748101,4.5829882412,1.5070117588,0.879056785851,5.025,1.065,0.621226391543,1,1,true,true,true,true,false,model_estimate_difference,model_estimate_empirical_peer_reference_difference,false,false,false,false
unemployment_rate,labor_market,lower_is_favorable,idn.13.1377,Pariaman,2022,5.19,6.29342314171,3.87868928723,11.2616373033,within_expected_interval,-1.10342314171,1.71435086226,-0.643639039126,4.37100917167,0.818990828329,0.477726494826,4.255,0.935,0.545395939993,1,1,true,true,true,true,false,model_estimate_difference,model_estimate_empirical_peer_reference_difference,false,false,false,false
unemployment_rate,labor_market,lower_is_favorable,idn.13.1377,Pariaman,2023,5.68,5.6813590921,3.26662523762,10.6495732537,within_expected_interval,-0.0013590921,1.71435086226,-0.000792773597237,3.75894512206,1.92105487794,1.12057276036,4.28,1.4,0.816635632075,1,1,true,true,false,true,true,model_estimate_difference,model_estimate_empirical_peer_reference_difference,false,false,false,false
unemployment_rate,labor_market,lower_is_favorable,idn.13.1377,Pariaman,2024,5.32,5.23955591191,2.82482205743,10.2077700735,within_expected_interval,0.08044408809,1.71435086226,0.0469239348029,3.31714194187,2.00285805813,1.16828946876,4.175,1.145,0.667891284804,1,1,true,true,false,true,true,model_estimate_difference,model_estimate_empirical_peer_reference_difference,false,false,false,false
real_grdp_growth,economic_dynamism,higher_is_favorable,idn.13.1301,Kepulauan Mentawai,2019,4.73,5.13362634581,4.17327454401,6.24268175094,within_expected_interval,0.40362634581,0.995429958163,0.405479403649,5.82096278963,1.09096278963,1.09597142489,5.05,0.32,0.321469127361,1,1,true,true,true,true,false,model_estimate_difference,model_estimate_empirical_peer_reference_difference,false,false,false,false
real_grdp_growth,economic_dynamism,higher_is_favorable,idn.13.1301,Kepulauan Mentawai,2020,-1.85,-1.18524579216,-2.14559759396,-0.0761903870294,within_expected_interval,0.66475420784,0.995429958163,0.6678061097,-0.497909348342,1.35209065166,1.35829813095,-0.985,0.865,0.868971234899,1,1,true,true,true,true,false,model_estimate_difference,model_estimate_empirical_peer_reference_difference,false,false,false,false
real_grdp_growth,economic_dynamism,higher_is_favorable,idn.13.1301,Kepulauan Mentawai,2021,2.87,3.83015285508,2.86980105328,4.93920826021,within_expected_interval,0.96015285508,0.995429958163,0.964560938925,4.5174892989,1.6474892989,1.65505296017,3.375,0.505,0.507318466617,1,1,true,true,true,true,false,model_estimate_difference,model_estimate_empirical_peer_reference_difference,false,false,false,false
real_grdp_growth,economic_dynamism,higher_is_favorable,idn.13.1301,Kepulauan Mentawai,2022,4.94,5.0733934268,4.11304162499,6.18244883192,within_expected_interval,0.1333934268,0.995429958163,0.134005839091,5.76072987062,0.820729870618,0.824497860334,4.275,-0.665,-0.668053030298,1,-1,false,true,true,true,false,model_estimate_difference,model_estimate_empirical_peer_reference_difference,false,false,false,false
real_grdp_growth,economic_dynamism,higher_is_favorable,idn.13.1301,Kepulauan Mentawai,2023,4.04,4.94050294578,3.98015114398,6.04955835091,within_expected_interval,0.90050294578,0.995429958163,0.904637175519,5.6278393896,1.5878393896,1.59512919676,4.56,0.52,0.522387331962,1,1,true,true,true,true,false,model_estimate_difference,model_estimate_empirical_peer_reference_difference,false,false,false,false
real_grdp_growth,economic_dynamism,higher_is_favorable,idn.13.1301,Kepulauan Mentawai,2024,3.97,4.71735472002,3.75700291821,5.82641012514,within_expected_interval,0.74735472002,0.995429958163,0.750785842732,5.40469116384,1.43469116384,1.44127786398,4.06,0.09,0.0904131920704,1,1,true,true,true,true,false,model_estimate_difference,model_estimate_empirical_peer_reference_difference,false,false,false,false
real_grdp_growth,economic_dynamism,higher_is_favorable,idn.13.1302,Pesisir Selatan,2019,4.78,4.88980302325,3.91071710565,5.99885842838,within_expected_interval,0.10980302325,0.995429958163,0.110307131456,5.55049180602,0.770491806019,0.774029151625,5.015,0.235,0.236078890406,1,1,true,true,false,true,true,model_estimate_difference,model_estimate_empirical_peer_reference_difference,false,false,false,false
real_grdp_growth,economic_dynamism,higher_is_favorable,idn.13.1302,Pesisir Selatan,2020,-1.11,-1.94556085234,-2.92464676994,-0.836505447209,within_expected_interval,-0.83556085234,0.995429958163,-0.839396931435,-1.28487206957,-0.174872069571,-0.175674911265,-0.995,0.115,0.115527967645,-1,1,false,true,false,true,true,model_estimate_difference,model_estimate_empirical_peer_reference_difference,false,false,false,false
real_grdp_growth,economic_dynamism,higher_is_favorable,idn.13.1302,Pesisir Selatan,2021,3.35,3.12915864856,2.15007273096,4.23821405369,within_expected_interval,-0.22084135144,0.995429958163,-0.221855239165,3.78984743133,0.439847431329,0.441866781005,3.705,0.355,0.356629813166,1,1,true,true,false,true,true,model_estimate_difference,model_estimate_empirical_peer_reference_difference,false,false,false,false
real_grdp_growth,economic_dynamism,higher_is_favorable,idn.13.1302,Pesisir Selatan,2022,4.01,4.30718009349,3.3280941759,5.41623549862,within_expected_interval,0.29718009349,0.995429958163,0.298544454136,4.96786887626,0.957868876259,0.962266474305,4.275,0.265,0.266216621096,1,1,true,true,false,true,true,model_estimate_difference,model_estimate_empirical_peer_reference_difference,false,false,false,false
real_grdp_growth,economic_dynamism,higher_is_favorable,idn.13.1302,Pesisir Selatan,2023,4.19,4.43922232602,3.46013640843,5.54827773115,within_expected_interval,0.24922232602,0.995429958163,0.250366511452,5.09991110879,0.909911108789,0.914088531621,5.005,0.815,0.818741683748,1,1,true,true,false,true,true,model_estimate_difference,model_estimate_empirical_peer_reference_difference,false,false,false,false
real_grdp_growth,economic_dynamism,higher_is_favorable,idn.13.1302,Pesisir Selatan,2024,3.84,4.02358155824,3.04449564064,5.13263696337,within_expected_interval,0.18358155824,0.995429958163,0.184424385397,4.68427034101,0.844270341009,0.848146405566,4.345,0.505,0.507318466617,1,1,true,true,true,true,false,model_estimate_difference,model_estimate_empirical_peer_reference_difference,false,false,false,false
real_grdp_growth,economic_dynamism,higher_is_favorable,idn.13.1303,Solok,2019,5.04,4.89475269559,3.91566677799,6.00380810072,within_expected_interval,-0.14524730441,0.995429958163,-0.145914138126,5.55544147836,0.515441478359,0.517807882043,4.965,-0.075,-0.0753443267253,1,-1,false,true,false,true,true,model_estimate_difference,model_estimate_empirical_peer_reference_difference,false,false,false,false
real_grdp_growth,economic_dynamism,higher_is_favorable,idn.13.1303,Solok,2020,-1.14,-1.93786243503,-2.91694835263,-0.8288070299,within_expected_interval,-0.79786243503,0.995429958163,-0.801525439823,-1.27717365226,-0.137173652261,-0.137803419654,-0.99,0.15,0.150688653451,-1,1,false,true,false,true,true,model_estimate_difference,model_estimate_empirical_peer_reference_difference,false,false,false,false
real_grdp_growth,economic_dynamism,higher_is_favorable,idn.13.1303,Solok,2021,3.28,3.27943145818,2.30034554058,4.38848686331,within_expected_interval,-0.00056854182,0.995429958163,-0.000571152008574,3.94012024095,0.660120240949,0.663150868161,3.55,0.27,0.271239576211,1,1,true,true,false,true,true,model_estimate_difference,model_estimate_empirical_peer_reference_difference,false,false,false,false
real_grdp_growth,economic_dynamism,higher_is_favorable,idn.13.1303,Solok,2022,4.28,4.36853003647,3.38944411887,5.4775854416,within_expected_interval,0.08853003647,0.995429958163,0.088936479904,5.02921881924,0.749218819239,0.752658500073,4.175,-0.105,-0.105482057415,1,-1,false,true,false,true,true,model_estimate_difference,model_estimate_empirical_peer_reference_difference,false,false,false,false
real_grdp_growth,economic_dynamism,higher_is_favorable,idn.13.1303,Solok,2023,4.36,4.52730204704,3.54821612944,5.63635745217,within_expected_interval,0.16730204704,0.995429958163,0.168070134587,5.18799082981,0.827990829809,0.831792154756,4.56,0.2,0.200918204601,1,1,true,true,false,true,true,model_estimate_difference,model_estimate_empirical_peer_reference_difference,false,false,false,false
real_grdp_growth,economic_dynamism,higher_is_favorable,idn.13.1303,Solok,2024,3.91,4.1902454717,3.2111595541,5.29930087683,within_expected_interval,0.2802454717,0.995429958163,0.281532085107,4.85093425447,0.940934254469,0.945254105277,4.105,0.195,0.195895249486,1,1,true,true,false,true,true,model_estimate_difference,model_estimate_empirical_peer_reference_difference,false,false,false,false
real_grdp_growth,economic_dynamism,higher_is_favorable,idn.13.1304,Sijunjung,2019,4.81,4.53871520976,3.55962929216,5.48106924086,within_expected_interval,-0.27128479024,0.995429958163,-0.272530264953,5.19940399253,0.389403992529,0.391191755217,5.05,0.24,0.241101845521,1,1,true,true,false,true,true,model_estimate_difference,model_estimate_empirical_peer_reference_difference,false,false,false,false
real_grdp_growth,economic_dynamism,higher_is_favorable,idn.13.1304,Sijunjung,2020,-1.1,-2.25265553308,-3.23174145068,-1.31030150198,materially_more_favorable_than_expected,-1.15265553308,0.995429958163,-1.15794740115,-1.59196675031,-0.491966750311,-0.494225380979,-0.99,0.11,0.11050501253,-1,1,false,true,false,true,true,model_estimate_difference,model_estimate_empirical_peer_reference_difference,false,false,false,false
real_grdp_growth,economic_dynamism,higher_is_favorable,idn.13.1304,Sijunjung,2021,3.14,2.93250336005,1.95341744245,3.87485739115,within_expected_interval,-0.20749663995,0.995429958163,-0.208449261797,3.59319214282,0.453192142819,0.455272758372,3.375,0.235,0.236078890406,1,1,true,true,false,true,true,model_estimate_difference,model_estimate_empirical_peer_reference_difference,false,false,false,false
real_grdp_growth,economic_dynamism,higher_is_favorable,idn.13.1304,Sijunjung,2022,3.93,4.04492541154,3.06583949394,4.98727944264,within_expected_interval,0.11492541154,0.995429958163,0.115453036748,4.70561419431,0.775614194309,0.779175056917,4.275,0.345,0.346583902936,1,1,true,true,false,true,true,model_estimate_difference,model_estimate_empirical_peer_reference_difference,false,false,false,false
real_grdp_growth,economic_dynamism,higher_is_favorable,idn.13.1304,Sijunjung,2023,4.26,3.98172919467,3.00264327707,4.92408322577,within_expected_interval,-0.27827080533,0.995429958163,-0.279548352999,4.64241797744,0.382417977439,0.384173667171,4.56,0.3,0.301377306901,1,1,true,true,false,true,true,model_estimate_difference,model_estimate_empirical_peer_reference_difference,false,false,false,false
real_grdp_growth,economic_dynamism,higher_is_favorable,idn.13.1304,Sijunjung,2024,3.89,3.66056650142,2.68148058382,4.60292053251,within_expected_interval,-0.22943349858,0.995429958163,-0.23048683305,4.32125528419,0.431255284189,0.433235187119,4.3,0.41,0.411882319432,1,1,true,true,false,true,true,model_estimate_difference,model_estimate_empirical_peer_reference_difference,false,false,false,false
real_grdp_growth,economic_dynamism,higher_is_favorable,idn.13.1305,Tanah Datar,2019,4.99,4.92813167656,3.94904575897,6.03718708169,within_expected_interval,-0.06186832344,0.995429958163,-0.0621523623361,5.58882045933,0.598820459329,0.601569657833,5.17,0.18,0.180826384141,1,1,true,true,false,true,true,model_estimate_difference,model_estimate_empirical_peer_reference_difference,false,false,false,false
real_grdp_growth,economic_dynamism,higher_is_favorable,idn.13.1305,Tanah Datar,2020,-1.12,-1.93663517113,-2.91572108873,-0.827579765998,within_expected_interval,-0.81663517113,0.995429958163,-0.820384361987,-1.27594638836,-0.155946388361,-0.156662341817,-1.19,-0.07,-0.0703213716103,-1,-1,true,true,false,true,true,model_estimate_difference,model_estimate_empirical_peer_reference_difference,false,false,false,false
real_grdp_growth,economic_dynamism,higher_is_favorable,idn.13.1305,Tanah Datar,2021,3.27,3.22858266476,2.24949674716,4.33763806988,within_expected_interval,-0.04141733524,0.995429958163,-0.0416074831789,3.88927144753,0.619271447529,0.62211453699,3.705,0.435,0.436997095007,1,1,true,true,false,true,true,model_estimate_difference,model_estimate_empirical_peer_reference_difference,false,false,false,false
real_grdp_growth,economic_dynamism,higher_is_favorable,idn.13.1305,Tanah Datar,2022,4.16,4.33103270647,3.35194678887,5.44008811159,within_expected_interval,0.17103270647,0.995429958163,0.17181792156,4.99172148924,0.831721489239,0.835539941729,5.52,1.36,1.36624379129,1,1,true,true,false,true,true,model_estimate_difference,model_estimate_empirical_peer_reference_difference,false,false,false,false
real_grdp_growth,economic_dynamism,higher_is_favorable,idn.13.1305,Tanah Datar,2023,4.44,4.5018898835,3.5228039659,5.61094528863,within_expected_interval,0.0618898835,0.995429958163,0.0621740213789,5.16257866627,0.722578666269,0.725896041548,5.005,0.565,0.567593927997,1,1,true,true,false,true,true,model_estimate_difference,model_estimate_empirical_peer_reference_difference,false,false,false,false
real_grdp_growth,economic_dynamism,higher_is_favorable,idn.13.1305,Tanah Datar,2024,3.85,4.12000855919,3.14092264159,5.22906396432,within_expected_interval,0.27000855919,0.995429958163,0.271248174697,4.78069734196,0.930697341959,0.934970194866,4.345,0.495,0.497272556387,1,1,true,true,false,true,true,model_estimate_difference,model_estimate_empirical_peer_reference_difference,false,false,false,false
real_grdp_growth,economic_dynamism,higher_is_favorable,idn.13.1306,Padang Pariaman,2019,2.4,4.93087375618,4.1337458628,5.77627968102,materially_less_favorable_than_expected,2.53087375618,0.995429958163,2.54249305582,5.58172162291,3.18172162291,3.19632898007,5.17,2.77,2.78271713372,1,1,true,true,false,true,true,model_estimate_difference,model_estimate_empirical_peer_reference_difference,false,false,false,false
real_grdp_growth,economic_dynamism,higher_is_favorable,idn.13.1306,Padang Pariaman,2020,-10.46,-1.55481726252,-2.35194515591,-0.709411337692,materially_less_favorable_than_expected,8.90518273748,0.995429958163,8.94606663628,-0.903969395791,9.55603060421,9.59990256054,-1.115,9.345,9.38790310997,1,1,true,true,false,true,true,model_estimate_difference,model_estimate_empirical_peer_reference_difference,false,false,false,false
real_grdp_growth,economic_dynamism,higher_is_favorable,idn.13.1306,Padang Pariaman,2021,2.15,3.16840843206,2.37128053867,4.01381435689,materially_less_favorable_than_expected,1.01840843206,0.995429958163,1.0230839686,3.81925629879,1.66925629879,1.67691989286,3.705,1.555,1.56213904077,1,1,true,true,false,true,true,model_estimate_difference,model_estimate_empirical_peer_reference_difference,false,false,false,false
real_grdp_growth,economic_dynamism,higher_is_favorable,idn.13.1306,Padang Pariaman,2022,6.83,4.04418600494,3.24705811155,4.88959192978,materially_more_favorable_than_expected,-2.78581399506,0.995429958163,-2.7986037312,4.69503387167,-2.13496612833,-2.14476780694,4.185,-2.645,-2.65714325585,-1,-1,true,true,false,true,true,model_estimate_difference,model_estimate_empirical_peer_reference_difference,false,false,false,false
real_grdp_growth,economic_dynamism,higher_is_favorable,idn.13.1306,Padang Pariaman,2023,5.46,4.33471258371,3.53758469032,5.18011850854,materially_more_favorable_than_expected,-1.12528741629,0.995429958163,-1.1304536367,4.98556045044,-0.474439549561,-0.476617712447,4.535,-0.925,-0.929246696279,-1,-1,true,true,false,true,true,model_estimate_difference,model_estimate_empirical_peer_reference_difference,false,false,false,false
real_grdp_growth,economic_dynamism,higher_is_favorable,idn.13.1306,Padang Pariaman,2024,4.57,3.96376609339,3.1666382,4.80917201822,within_expected_interval,-0.60623390661,0.995429958163,-0.609017140421,4.61461396012,0.0446139601194,0.0448187838366,4.1,-0.47,-0.472157780812,1,-1,false,true,false,true,true,model_estimate_difference,model_estimate_empirical_peer_reference_difference,false,false,false,false
real_grdp_growth,economic_dynamism,higher_is_favorable,idn.13.1307,Agam,2019,4.78,4.95347264885,3.97438673125,6.06252805397,within_expected_interval,0.17347264885,0.995429958163,0.174269065771,5.64080909267,0.860809092668,0.864761087015,5.17,0.39,0.391790498972,1,1,true,true,false,true,true,model_estimate_difference,model_estimate_empirical_peer_reference_difference,false,false,false,false
real_grdp_growth,economic_dynamism,higher_is_favorable,idn.13.1307,Agam,2020,-1.37,-1.89707717615,-2.87616309375,-0.788021771022,within_expected_interval,-0.52707717615,0.995429958163,-0.529496999591,-1.20974073233,0.160259267668,0.160995021653,-1.115,0.255,0.256170710866,1,1,true,true,false,true,true,model_estimate_difference,model_estimate_empirical_peer_reference_difference,false,false,false,false
real_grdp_growth,economic_dynamism,higher_is_favorable,idn.13.1307,Agam,2021,3.7,3.25447834077,2.27539242317,4.3635337459,within_expected_interval,-0.44552165923,0.995429958163,-0.447567059416,3.94181478459,0.241814784588,0.242924961827,3.555,-0.145,-0.145665698336,1,-1,false,true,false,true,true,model_estimate_difference,model_estimate_empirical_peer_reference_difference,false,false,false,false
real_grdp_growth,economic_dynamism,higher_is_favorable,idn.13.1307,Agam,2022,4.21,4.34332280996,3.36423689237,5.45237821509,within_expected_interval,0.13332280996,0.995429958163,0.133934898048,5.03065925378,0.820659253779,0.824426919292,5.495,1.285,1.29089946456,1,1,true,true,false,true,true,model_estimate_difference,model_estimate_empirical_peer_reference_difference,false,false,false,false
real_grdp_growth,economic_dynamism,higher_is_favorable,idn.13.1307,Agam,2023,4.52,4.53141665469,3.55233073709,5.64047205981,within_expected_interval,0.01141665469,0.995429958163,0.0114690688143,5.21875309851,0.698753098509,0.701961090059,5.005,0.485,0.487226646157,1,1,true,true,false,true,true,model_estimate_difference,model_estimate_empirical_peer_reference_difference,false,false,false,false
real_grdp_growth,economic_dynamism,higher_is_favorable,idn.13.1307,Agam,2024,4.12,4.10081078252,3.12172486493,5.20986618765,within_expected_interval,-0.01918921748,0.995429958163,-0.0192773156189,4.78814722634,0.668147226339,0.671214705625,4.54,0.42,0.421928229662,1,1,true,true,false,true,true,model_estimate_difference,model_estimate_empirical_peer_reference_difference,false,false,false,false
real_grdp_growth,economic_dynamism,higher_is_favorable,idn.13.1308,Lima Puluh Kota,2019,5.06,4.99286784672,4.01378192913,6.10192325185,within_expected_interval,-0.06713215328,0.995429958163,-0.06744035854,5.65355662949,0.593556629489,0.596281661629,4.99,-0.07,-0.0703213716103,1,-1,false,true,false,true,true,model_estimate_difference,model_estimate_empirical_peer_reference_difference,false,false,false,false
real_grdp_growth,economic_dynamism,higher_is_favorable,idn.13.1308,Lima Puluh Kota,2020,-1.16,-1.9249127567,-2.9039986743,-0.815857351574,within_expected_interval,-0.7649127567,0.995429958163,-0.768424488762,-1.26422397393,-0.104223973931,-0.104702468593,-0.985,0.175,0.175803429026,-1,1,false,true,false,true,true,model_estimate_difference,model_estimate_empirical_peer_reference_difference,false,false,false,false
real_grdp_growth,economic_dynamism,higher_is_favorable,idn.13.1308,Lima Puluh Kota,2021,3.33,3.15937047622,2.18028455862,4.26842588135,within_expected_interval,-0.17062952378,0.995429958163,-0.171412887849,3.82005925899,0.490059258989,0.49230913232,3.55,0.22,0.221010025061,1,1,true,true,false,true,true,model_estimate_difference,model_estimate_empirical_peer_reference_difference,false,false,false,false
real_grdp_growth,economic_dynamism,higher_is_favorable,idn.13.1308,Lima Puluh Kota,2022,4.02,4.28151344714,3.30242752954,5.39056885227,within_expected_interval,0.26151344714,0.995429958163,0.262714061392,4.94220222991,0.922202229909,0.926436081561,4.275,0.255,0.256170710866,1,1,true,true,false,true,true,model_estimate_difference,model_estimate_empirical_peer_reference_difference,false,false,false,false
real_grdp_growth,economic_dynamism,higher_is_favorable,idn.13.1308,Lima Puluh Kota,2023,4.55,4.43280637199,3.45372045439,5.54186177712,within_expected_interval,-0.11719362801,0.995429958163,-0.117731666652,5.09349515476,0.543495154759,0.545990353517,5.015,0.465,0.467134825697,1,1,true,true,false,true,true,model_estimate_difference,model_estimate_empirical_peer_reference_difference,false,false,false,false
real_grdp_growth,economic_dynamism,higher_is_favorable,idn.13.1308,Lima Puluh Kota,2024,4.03,3.95146034527,2.97237442767,5.06051575039,within_expected_interval,-0.07853965473,0.995429958163,-0.0789002320916,4.61214912804,0.582149128039,0.584821788078,4.105,0.075,0.0753443267253,1,1,true,true,false,true,true,model_estimate_difference,model_estimate_empirical_peer_reference_difference,false,false,false,false
real_grdp_growth,economic_dynamism,higher_is_favorable,idn.13.1309,Pasaman,2019,4.8,4.84554200709,3.86645608949,5.79571145097,within_expected_interval,0.04554200709,0.995429958163,0.0457510914922,5.50623078986,0.706230789859,0.709473111662,5.05,0.25,0.251147755751,1,1,true,true,true,true,false,model_estimate_difference,model_estimate_empirical_peer_reference_difference,false,false,false,false
real_grdp_growth,economic_dynamism,higher_is_favorable,idn.13.1309,Pasaman,2020,-0.87,-1.97123999235,-2.95032590995,-1.02107054846,materially_more_favorable_than_expected,-1.10123999235,0.995429958163,-1.10629581049,-1.31055120958,-0.440551209581,-0.442573790319,-1.105,-0.235,-0.236078890406,-1,-1,true,true,true,true,false,model_estimate_difference,model_estimate_empirical_peer_reference_difference,false,false,false,false
real_grdp_growth,economic_dynamism,higher_is_favorable,idn.13.1309,Pasaman,2021,3.35,3.25734549791,2.27825958031,4.20751494179,within_expected_interval,-0.09265450209,0.995429958163,-0.0930798810405,3.91803428068,0.568034280679,0.570642139129,3.375,0.025,0.0251147755751,1,1,true,true,false,true,true,model_estimate_difference,model_estimate_empirical_peer_reference_difference,false,false,false,false
real_grdp_growth,economic_dynamism,higher_is_favorable,idn.13.1309,Pasaman,2022,4.08,4.34170623419,3.36262031659,5.29187567807,within_expected_interval,0.26170623419,0.995429958163,0.262907733532,5.00239501696,0.922395016959,0.926629753701,4.275,0.195,0.195895249486,1,1,true,true,false,true,true,model_estimate_difference,model_estimate_empirical_peer_reference_difference,false,false,false,false
real_grdp_growth,economic_dynamism,higher_is_favorable,idn.13.1309,Pasaman,2023,4.41,4.53199254273,3.55290662513,5.48216198661,within_expected_interval,0.12199254273,0.995429958163,0.1225526133,5.1926813255,0.782681325499,0.786274633469,4.56,0.15,0.150688653451,1,1,true,true,false,true,true,model_estimate_difference,model_estimate_empirical_peer_reference_difference,false,false,false,false
real_grdp_growth,economic_dynamism,higher_is_favorable,idn.13.1309,Pasaman,2024,3.95,4.11634823803,3.13726232043,5.06651768191,within_expected_interval,0.16634823803,0.995429958163,0.167111946618,4.7770370208,0.827037020799,0.830833966787,4.06,0.11,0.11050501253,1,1,true,true,false,true,true,model_estimate_difference,model_estimate_empirical_peer_reference_difference,false,false,false,false
real_grdp_growth,economic_dynamism,higher_is_favorable,idn.13.1310,Solok Selatan,2019,4.86,5.03426659171,4.05518067411,6.14332199684,within_expected_interval,0.17426659171,0.995429958163,0.175066653641,5.72160303553,0.861603035528,0.865558674885,5.475,0.615,0.617823479148,1,1,true,true,false,true,true,model_estimate_difference,model_estimate_empirical_peer_reference_difference,false,false,false,false
real_grdp_growth,economic_dynamism,higher_is_favorable,idn.13.1310,Solok Selatan,2020,-1.24,-1.8886187214,-2.867704639,-0.779563316269,within_expected_interval,-0.6486187214,0.995429958163,-0.651596544871,-1.20128227758,0.0387177224185,0.0388954763728,-0.985,0.255,0.256170710866,1,1,true,true,false,true,true,model_estimate_difference,model_estimate_empirical_peer_reference_difference,false,false,false,false
real_grdp_growth,economic_dynamism,higher_is_favorable,idn.13.1310,Solok Selatan,2021,3.32,3.24535274311,2.26626682551,4.35440814824,within_expected_interval,-0.07464725689,0.995429958163,-0.0749899641636,3.93268918693,0.612689186929,0.615502057081,3.375,0.055,0.0552525062652,1,1,true,true,false,true,true,model_estimate_difference,model_estimate_empirical_peer_reference_difference,false,false,false,false
real_grdp_growth,economic_dynamism,higher_is_favorable,idn.13.1310,Solok Selatan,2022,4.01,4.40401571538,3.42492979778,5.51307112051,within_expected_interval,0.39401571538,0.995429958163,0.395824650593,5.0913521592,1.0813521592,1.08631667184,4.275,0.265,0.266216621096,1,1,true,true,false,true,true,model_estimate_difference,model_estimate_empirical_peer_reference_difference,false,false,false,false
real_grdp_growth,economic_dynamism,higher_is_favorable,idn.13.1310,Solok Selatan,2023,4.57,4.5918630895,3.61277717191,5.70091849463,within_expected_interval,0.0218630895,0.995429958163,0.0219634634468,5.27919953332,0.709199533319,0.712455484691,4.535,-0.035,-0.0351606858051,1,-1,false,true,false,true,true,model_estimate_difference,model_estimate_empirical_peer_reference_difference,false,false,false,false
real_grdp_growth,economic_dynamism,higher_is_favorable,idn.13.1310,Solok Selatan,2024,4.09,4.21400410509,3.23491818749,5.32305951021,within_expected_interval,0.12400410509,0.995429958163,0.124573410789,4.90134054891,0.811340548909,0.815065432033,4.27,0.18,0.180826384141,1,1,true,true,false,true,true,model_estimate_difference,model_estimate_empirical_peer_reference_difference,false,false,false,false
real_grdp_growth,economic_dynamism,higher_is_favorable,idn.13.1311,Dharmasraya,2019,4.94,4.91719052292,3.93810460532,6.02624592805,within_expected_interval,-0.02280947708,0.995429958163,-0.022914195914,5.60452696674,0.664526966739,0.66757782533,5.05,0.11,0.11050501253,1,1,true,true,false,true,true,model_estimate_difference,model_estimate_empirical_peer_reference_difference,false,false,false,false
real_grdp_growth,economic_dynamism,higher_is_favorable,idn.13.1311,Dharmasraya,2020,-1.39,-1.88461179208,-2.86369770968,-0.775556386949,within_expected_interval,-0.49461179208,0.995429958163,-0.496882566196,-1.19727534826,0.192724651738,0.193609455048,-0.985,0.405,0.406859364317,1,1,true,true,false,true,true,model_estimate_difference,model_estimate_empirical_peer_reference_difference,false,false,false,false
real_grdp_growth,economic_dynamism,higher_is_favorable,idn.13.1311,Dharmasraya,2021,3.4,3.2849057088,2.3058197912,4.39396111393,within_expected_interval,-0.1150942912,0.995429958163,-0.115622691739,3.97224215262,0.572242152619,0.574869329506,3.525,0.125,0.125573877876,1,1,true,true,false,true,true,model_estimate_difference,model_estimate_empirical_peer_reference_difference,false,false,false,false
real_grdp_growth,economic_dynamism,higher_is_favorable,idn.13.1311,Dharmasraya,2022,4.27,4.4498311649,3.4707452473,5.55888657003,within_expected_interval,0.1798311649,0.995429958163,0.180656773915,5.13716760872,0.867167608718,0.871148795158,4.18,-0.09,-0.0904131920704,1,-1,false,true,false,true,true,model_estimate_difference,model_estimate_empirical_peer_reference_difference,false,false,false,false
real_grdp_growth,economic_dynamism,higher_is_favorable,idn.13.1311,Dharmasraya,2023,4.35,4.51119265384,3.53210673624,5.62024805896,within_expected_interval,0.16119265384,0.995429958163,0.161932693022,5.19852909766,0.848529097659,0.852424714266,4.56,0.21,0.210964114831,1,1,true,true,false,true,true,model_estimate_difference,model_estimate_empirical_peer_reference_difference,false,false,false,false
real_grdp_growth,economic_dynamism,higher_is_favorable,idn.13.1311,Dharmasraya,2024,3.86,4.18763023009,3.20854431249,5.29668563522,within_expected_interval,0.32763023009,0.995429958163,0.329134388013,4.87496667391,1.01496667391,1.01962640926,4.3,0.44,0.442020050122,1,1,true,true,false,true,true,model_estimate_difference,model_estimate_empirical_peer_reference_difference,false,false,false,false
real_grdp_growth,economic_dynamism,higher_is_favorable,idn.13.1312,Pasaman Barat,2019,4.45,4.76606443472,3.78697851712,5.87511983985,within_expected_interval,0.31606443472,0.995429958163,0.317515493811,5.41691230145,0.966912301449,0.971351418068,5.015,0.565,0.567593927997,1,1,true,true,true,true,false,model_estimate_difference,model_estimate_empirical_peer_reference_difference,false,false,false,false
real_grdp_growth,economic_dynamism,higher_is_favorable,idn.13.1312,Pasaman Barat,2020,-1.34,-2.20585338309,-3.18493930069,-1.09679797796,within_expected_interval,-0.86585338309,0.995429958163,-0.86982853589,-1.55500551636,-0.215005516361,-0.215992611633,-1.115,0.225,0.226032980176,-1,1,false,true,true,true,false,model_estimate_difference,model_estimate_empirical_peer_reference_difference,false,false,false,false
real_grdp_growth,economic_dynamism,higher_is_favorable,idn.13.1312,Pasaman Barat,2021,3.71,2.98574559926,2.00665968166,4.09480100438,within_expected_interval,-0.72425440074,0.995429958163,-0.727579469355,3.63659346599,-0.0734065340106,-0.0737435450969,3.525,-0.185,-0.185849339256,-1,-1,true,true,true,true,false,model_estimate_difference,model_estimate_empirical_peer_reference_difference,false,false,false,false
real_grdp_growth,economic_dynamism,higher_is_favorable,idn.13.1312,Pasaman Barat,2022,4.13,4.17815383878,3.19906792118,5.2872092439,within_expected_interval,0.04815383878,0.995429958163,0.0483749141616,4.82900170551,0.699001705509,0.702210838419,5.52,1.39,1.39638152198,1,1,true,true,true,true,false,model_estimate_difference,model_estimate_empirical_peer_reference_difference,false,false,false,false
real_grdp_growth,economic_dynamism,higher_is_favorable,idn.13.1312,Pasaman Barat,2023,4.33,4.11228461753,3.13319869993,5.22134002266,within_expected_interval,-0.21771538247,0.995429958163,-0.218714918799,4.76313248426,0.433132484259,0.435121005458,5.125,0.795,0.798649863288,1,1,true,true,true,true,false,model_estimate_difference,model_estimate_empirical_peer_reference_difference,false,false,false,false
real_grdp_growth,economic_dynamism,higher_is_favorable,idn.13.1312,Pasaman Barat,2024,4.08,3.90211038683,2.92302446923,5.01116579196,within_expected_interval,-0.17788961317,0.995429958163,-0.178706308476,4.55295825356,0.472958253559,0.475129615781,4.345,0.265,0.266216621096,1,1,true,true,true,true,false,model_estimate_difference,model_estimate_empirical_peer_reference_difference,false,false,false,false
real_grdp_growth,economic_dynamism,higher_is_favorable,idn.13.1371,Padang,2019,5.64,4.96848553772,3.98939962012,6.07754094285,within_expected_interval,-0.67151446228,0.995429958163,-0.674597400624,5.64499630203,0.0049963020284,0.00501924016595,5.525,-0.115,-0.115527967645,1,-1,false,true,true,true,false,model_estimate_difference,model_estimate_empirical_peer_reference_difference,false,false,false,false
real_grdp_growth,economic_dynamism,higher_is_favorable,idn.13.1371,Padang,2020,-1.86,-1.83029511898,-2.80938103658,-0.721239713855,within_expected_interval,0.02970488102,0.995429958163,0.0298412568121,-1.15378435467,0.706215645328,0.709457897602,-1.295,0.565,0.567593927997,1,1,true,true,true,true,false,model_estimate_difference,model_estimate_empirical_peer_reference_difference,false,false,false,false
real_grdp_growth,economic_dynamism,higher_is_favorable,idn.13.1371,Padang,2021,3.65,3.31134895515,2.33226303755,4.42040436028,within_expected_interval,-0.33865104485,0.995429958163,-0.340205799587,3.98785971946,0.337859719458,0.339410841202,3.595,-0.055,-0.0552525062652,1,-1,false,true,false,true,true,model_estimate_difference,model_estimate_empirical_peer_reference_difference,false,false,false,false
real_grdp_growth,economic_dynamism,higher_is_favorable,idn.13.1371,Padang,2022,4.31,4.47609872552,3.49701280792,5.58515413065,within_expected_interval,0.16609872552,0.995429958163,0.16686128859,5.15260948983,0.842609489828,0.846477929379,4.565,0.255,0.256170710866,1,1,true,true,false,true,true,model_estimate_difference,model_estimate_empirical_peer_reference_difference,false,false,false,false
real_grdp_growth,economic_dynamism,higher_is_favorable,idn.13.1371,Padang,2023,4.54,4.5407884168,3.5617024992,5.64984382193,within_expected_interval,0.0007884168,0.995429958163,0.000792036439666,5.21729918111,0.677299181108,0.680408677229,4.825,0.285,0.286308441556,1,1,true,true,true,true,false,model_estimate_difference,model_estimate_empirical_peer_reference_difference,false,false,false,false
real_grdp_growth,economic_dynamism,higher_is_favorable,idn.13.1371,Padang,2024,4.65,4.23153791702,3.25245199942,5.34059332215,within_expected_interval,-0.41846208298,0.995429958163,-0.420383252029,4.90804868133,0.258048681328,0.25923338876,4.525,-0.125,-0.125573877876,1,-1,false,true,false,true,true,model_estimate_difference,model_estimate_empirical_peer_reference_difference,false,false,false,false
real_grdp_growth,economic_dynamism,higher_is_favorable,idn.13.1372,Solok,2019,5.49,5.07623210978,4.09714619219,6.18528751491,within_expected_interval,-0.41376789022,0.995429958163,-0.415667508122,5.7635685536,0.273568553598,0.274824513121,5.865,0.375,0.376721633627,1,1,true,true,false,true,true,model_estimate_difference,model_estimate_empirical_peer_reference_difference,false,false,false,false
real_grdp_growth,economic_dynamism,higher_is_favorable,idn.13.1372,Solok,2020,-1.42,-1.78528358998,-2.76436950758,-0.676228184851,within_expected_interval,-0.36528358998,0.995429958163,-0.366960615345,-1.09794714616,0.322052853838,0.323531405899,-1.295,0.125,0.125573877876,1,1,true,true,false,true,true,model_estimate_difference,model_estimate_empirical_peer_reference_difference,false,false,false,false
real_grdp_growth,economic_dynamism,higher_is_favorable,idn.13.1372,Solok,2021,3.55,3.44357760094,2.46449168334,4.55263300607,within_expected_interval,-0.10642239906,0.995429958163,-0.106910986742,4.13091404476,0.580914044758,0.583581034501,3.655,0.105,0.105482057415,1,1,true,true,true,true,false,model_estimate_difference,model_estimate_empirical_peer_reference_difference,false,false,false,false
real_grdp_growth,economic_dynamism,higher_is_favorable,idn.13.1372,Solok,2022,4.6,4.55165956282,3.57257364522,5.66071496795,within_expected_interval,-0.04834043718,0.995429958163,-0.0485623692391,5.23899600664,0.638996006639,0.641929652005,4.6,0,0,1,0,false,true,false,true,true,model_estimate_difference,model_estimate_empirical_peer_reference_difference,false,false,false,false
real_grdp_growth,economic_dynamism,higher_is_favorable,idn.13.1372,Solok,2023,4.81,4.73793414223,3.75884822463,5.84698954736,within_expected_interval,-0.07206585777,0.995429958163,-0.0723967137808,5.42527058605,0.615270586049,0.618095307463,4.815,0.005,0.00502295511502,1,1,true,true,false,true,true,model_estimate_difference,model_estimate_empirical_peer_reference_difference,false,false,false,false
real_grdp_growth,economic_dynamism,higher_is_favorable,idn.13.1372,Solok,2024,4.55,4.36004887368,3.38096295608,5.46910427881,within_expected_interval,-0.18995112632,0.995429958163,-0.190823196311,5.0473853175,0.497385317499,0.499668824934,4.59,0.04,0.0401836409202,1,1,true,true,false,true,true,model_estimate_difference,model_estimate_empirical_peer_reference_difference,false,false,false,false
real_grdp_growth,economic_dynamism,higher_is_favorable,idn.13.1373,Sawahlunto,2019,5.31,5.11057953944,4.13149362184,6.21963494457,within_expected_interval,-0.19942046056,0.995429958163,-0.200336004482,5.79791598326,0.487915983259,0.490156016762,5.725,0.415,0.416905274547,1,1,true,true,false,true,true,model_estimate_difference,model_estimate_empirical_peer_reference_difference,false,false,false,false
real_grdp_growth,economic_dynamism,higher_is_favorable,idn.13.1373,Sawahlunto,2020,-1.27,-1.79509902136,-2.77418493896,-0.68604361623,within_expected_interval,-0.52509902136,0.995429958163,-0.527509763047,-1.10776257754,0.162237422458,0.162982258197,-1.22,0.05,0.0502295511502,1,1,true,true,false,true,true,model_estimate_difference,model_estimate_empirical_peer_reference_difference,false,false,false,false
real_grdp_growth,economic_dynamism,higher_is_favorable,idn.13.1373,Sawahlunto,2021,2.48,3.41239860946,2.43331269186,4.52145401459,within_expected_interval,0.93239860946,0.995429958163,0.936679272925,4.09973505328,1.61973505328,1.62717129417,3.675,1.195,1.20048627249,1,1,true,true,false,true,true,model_estimate_difference,model_estimate_empirical_peer_reference_difference,false,false,false,false
real_grdp_growth,economic_dynamism,higher_is_favorable,idn.13.1373,Sawahlunto,2022,3.96,4.52142804397,3.54234212637,5.6304834491,within_expected_interval,0.56142804397,0.995429958163,0.564005573035,5.20876448779,1.24876448779,1.25449759428,4.52,0.56,0.562570972882,1,1,true,true,false,true,true,model_estimate_difference,model_estimate_empirical_peer_reference_difference,false,false,false,false
real_grdp_growth,economic_dynamism,higher_is_favorable,idn.13.1373,Sawahlunto,2023,4.46,4.68056155976,3.70147564216,5.78961696489,within_expected_interval,0.22056155976,0.995429958163,0.221574162955,5.36789800358,0.907898003578,0.912066184198,5.15,0.69,0.693167805873,1,1,true,true,false,true,true,model_estimate_difference,model_estimate_empirical_peer_reference_difference,false,false,false,false
real_grdp_growth,economic_dynamism,higher_is_favorable,idn.13.1373,Sawahlunto,2024,4.02,4.2897543963,3.3106684787,5.39880980143,within_expected_interval,0.2697543963,0.995429958163,0.270992844939,4.97709084012,0.957090840119,0.961484866183,4.6,0.58,0.582662793342,1,1,true,true,false,true,true,model_estimate_difference,model_estimate_empirical_peer_reference_difference,false,false,false,false
real_grdp_growth,economic_dynamism,higher_is_favorable,idn.13.1374,Padang Panjang,2019,5.56,5.30044930149,4.32136338389,6.40950470662,within_expected_interval,-0.25955069851,0.995429958163,-0.260742301738,5.98778574531,0.427785745309,0.429749719507,5.865,0.305,0.306400262016,1,1,true,true,true,true,false,model_estimate_difference,model_estimate_empirical_peer_reference_difference,false,false,false,false
real_grdp_growth,economic_dynamism,higher_is_favorable,idn.13.1374,Padang Panjang,2020,-1.44,-1.34777723763,-2.32686315523,-0.238721832499,within_expected_interval,0.09222276237,0.995429958163,0.0926461591936,-0.660440793812,0.779559206188,0.783138180437,-1.295,0.145,0.145665698336,1,1,true,true,true,true,false,model_estimate_difference,model_estimate_empirical_peer_reference_difference,false,false,false,false
real_grdp_growth,economic_dynamism,higher_is_favorable,idn.13.1374,Padang Panjang,2021,3.46,3.84503732303,2.86595140543,4.95409272816,within_expected_interval,0.38503732303,0.995429958163,0.386805038238,4.53237376685,1.07237376685,1.07729705948,3.63,0.17,0.170780473911,1,1,true,true,true,true,false,model_estimate_difference,model_estimate_empirical_peer_reference_difference,false,false,false,false
real_grdp_growth,economic_dynamism,higher_is_favorable,idn.13.1374,Padang Panjang,2022,4.39,4.84828819526,3.86920227766,5.95734360039,within_expected_interval,0.45828819526,0.995429958163,0.460392206907,5.53562463908,1.14562463908,1.15088422815,4.635,0.245,0.246124800636,1,1,true,true,true,true,false,model_estimate_difference,model_estimate_empirical_peer_reference_difference,false,false,false,false
real_grdp_growth,economic_dynamism,higher_is_favorable,idn.13.1374,Padang Panjang,2023,4.84,4.88238153221,3.90329561461,5.99143693733,within_expected_interval,0.04238153221,0.995429958163,0.0425761067993,5.56971797603,0.729717976028,0.733068128043,4.8,-0.04,-0.0401836409202,1,-1,false,true,true,true,false,model_estimate_difference,model_estimate_empirical_peer_reference_difference,false,false,false,false
real_grdp_growth,economic_dynamism,higher_is_favorable,idn.13.1374,Padang Panjang,2024,4.52,4.53395863205,3.55487271446,5.64301403718,within_expected_interval,0.01395863205,0.995429958163,0.0140227164508,5.22129507587,0.701295075869,0.704514737695,4.6,0.08,0.0803672818403,1,1,true,true,true,true,false,model_estimate_difference,model_estimate_empirical_peer_reference_difference,false,false,false,false
real_grdp_growth,economic_dynamism,higher_is_favorable,idn.13.1375,Bukittinggi,2019,5.84,5.18395079416,4.20486487656,6.29300619929,within_expected_interval,-0.65604920584,0.995429958163,-0.659061142836,5.87128723798,0.0312872379785,0.0314308784078,5.725,-0.115,-0.115527967645,1,-1,false,true,true,true,false,model_estimate_difference,model_estimate_empirical_peer_reference_difference,false,false,false,false
real_grdp_growth,economic_dynamism,higher_is_favorable,idn.13.1375,Bukittinggi,2020,-1.74,-1.65656722906,-2.63565314666,-0.547511823933,within_expected_interval,0.08343277094,0.995429958163,0.0838158127107,-0.969230785242,0.770769214758,0.774307833954,-1.295,0.445,0.447043005237,1,1,true,true,true,true,false,model_estimate_difference,model_estimate_empirical_peer_reference_difference,false,false,false,false
real_grdp_growth,economic_dynamism,higher_is_favorable,idn.13.1375,Bukittinggi,2021,3.61,3.5090808941,2.5299949765,4.61813629923,within_expected_interval,-0.1009191059,0.995429958163,-0.101382427837,4.19641733792,0.586417337918,0.589109593406,3.615,0.005,0.00502295511502,1,1,true,true,true,true,false,model_estimate_difference,model_estimate_empirical_peer_reference_difference,false,false,false,false
real_grdp_growth,economic_dynamism,higher_is_favorable,idn.13.1375,Bukittinggi,2022,4.67,4.6215764315,3.6424905139,5.73063183663,within_expected_interval,-0.0484235685,0.995429958163,-0.0486458822169,5.30891287532,0.638912875318,0.641846139026,4.565,-0.105,-0.105482057415,1,-1,false,true,true,true,false,model_estimate_difference,model_estimate_empirical_peer_reference_difference,false,false,false,false
real_grdp_growth,economic_dynamism,higher_is_favorable,idn.13.1375,Bukittinggi,2023,4.79,4.67466352062,3.69557760302,5.78371892575,within_expected_interval,-0.11533647938,0.995429958163,-0.11586599181,5.36199996444,0.571999964438,0.574626029433,4.825,0.035,0.0351606858051,1,1,true,true,true,true,false,model_estimate_difference,model_estimate_empirical_peer_reference_difference,false,false,false,false
real_grdp_growth,economic_dynamism,higher_is_favorable,idn.13.1375,Bukittinggi,2024,4.52,4.38553878768,3.40645287008,5.49459419281,within_expected_interval,-0.13446121232,0.995429958163,-0.135078526839,5.0728752315,0.552875231499,0.555413494405,4.6,0.08,0.0803672818403,1,1,true,true,true,true,false,model_estimate_difference,model_estimate_empirical_peer_reference_difference,false,false,false,false
real_grdp_growth,economic_dynamism,higher_is_favorable,idn.13.1376,Payakumbuh,2019,5.89,5.1004359744,4.1213500568,6.20949137953,within_expected_interval,-0.7895640256,0.995429958163,-0.793188932205,5.76112475717,-0.128875242831,-0.129466912036,5.7,-0.19,-0.190872294371,-1,-1,true,true,false,true,true,model_estimate_difference,model_estimate_empirical_peer_reference_difference,false,false,false,false
real_grdp_growth,economic_dynamism,higher_is_favorable,idn.13.1376,Payakumbuh,2020,-1.65,-1.71898485979,-2.69807077739,-0.609929454662,within_expected_interval,-0.06898485979,0.995429958163,-0.0693015708682,-1.05829607702,0.591703922979,0.594420449301,-1.295,0.355,0.356629813166,1,1,true,true,false,true,true,model_estimate_difference,model_estimate_empirical_peer_reference_difference,false,false,false,false
real_grdp_growth,economic_dynamism,higher_is_favorable,idn.13.1376,Payakumbuh,2021,3.58,3.40272977194,2.42364385434,4.51178517707,within_expected_interval,-0.17727022806,0.995429958163,-0.178084079755,4.06341855471,0.483418554709,0.485637940414,3.58,0,0,1,0,false,true,false,true,true,model_estimate_difference,model_estimate_empirical_peer_reference_difference,false,false,false,false
real_grdp_growth,economic_dynamism,higher_is_favorable,idn.13.1376,Payakumbuh,2022,4.51,4.59977600215,3.62069008455,5.70883140728,within_expected_interval,0.08977600215,0.995429958163,0.0901881658411,5.26046478492,0.750464784919,0.75391018601,4.635,0.125,0.125573877876,1,1,true,true,false,true,true,model_estimate_difference,model_estimate_empirical_peer_reference_difference,false,false,false,false
real_grdp_growth,economic_dynamism,higher_is_favorable,idn.13.1376,Payakumbuh,2023,4.7,4.67483306259,3.69574714499,5.78388846771,within_expected_interval,-0.02516693741,0.995429958163,-0.0252824793986,5.33552184536,0.635521845359,0.638439540771,4.825,0.125,0.125573877876,1,1,true,true,false,true,true,model_estimate_difference,model_estimate_empirical_peer_reference_difference,false,false,false,false
real_grdp_growth,economic_dynamism,higher_is_favorable,idn.13.1376,Payakumbuh,2024,4.53,4.31226634881,3.33318043121,5.42132175394,within_expected_interval,-0.21773365119,0.995429958163,-0.218733271391,4.97295513158,0.442955131579,0.444988748778,4.535,0.005,0.00502295511502,1,1,true,true,false,true,true,model_estimate_difference,model_estimate_empirical_peer_reference_difference,false,false,false,false
real_grdp_growth,economic_dynamism,higher_is_favorable,idn.13.1377,Pariaman,2019,5.3,5.05817086005,4.07908494245,6.16722626518,within_expected_interval,-0.24182913995,0.995429958163,-0.242939383095,5.74550730387,0.445507303869,0.44755263815,5.725,0.425,0.426951184777,1,1,true,true,false,true,true,model_estimate_difference,model_estimate_empirical_peer_reference_difference,false,false,false,false
real_grdp_growth,economic_dynamism,higher_is_favorable,idn.13.1377,Pariaman,2020,-1.32,-1.72424322671,-2.70332914431,-0.615187821579,within_expected_interval,-0.40424322671,0.995429958163,-0.406099116663,-1.03690678289,0.283093217108,0.28439290458,-1.195,0.125,0.125573877876,1,1,true,true,false,true,true,model_estimate_difference,model_estimate_empirical_peer_reference_difference,false,false,false,false
real_grdp_growth,economic_dynamism,higher_is_favorable,idn.13.1377,Pariaman,2021,3.51,3.301117837,2.3220319194,4.41017324213,within_expected_interval,-0.208882163,0.995429958163,-0.209841145816,3.98845428082,0.478454280819,0.480650875429,3.615,0.105,0.105482057415,1,1,true,true,true,true,false,model_estimate_difference,model_estimate_empirical_peer_reference_difference,false,false,false,false
real_grdp_growth,economic_dynamism,higher_is_favorable,idn.13.1377,Pariaman,2022,4.53,4.40486987012,3.42578395252,5.51392527524,within_expected_interval,-0.12513012988,0.995429958163,-0.125704605185,5.09220631394,0.562206313938,0.564787416058,4.495,-0.035,-0.0351606858051,1,-1,false,true,true,true,false,model_estimate_difference,model_estimate_empirical_peer_reference_difference,false,false,false,false
real_grdp_growth,economic_dynamism,higher_is_favorable,idn.13.1377,Pariaman,2023,4.79,4.60658567883,3.62749976123,5.71564108396,within_expected_interval,-0.18341432117,0.995429958163,-0.184256380538,5.29392212265,0.503922122648,0.506235640705,4.755,-0.035,-0.0351606858051,1,-1,false,true,false,true,true,model_estimate_difference,model_estimate_empirical_peer_reference_difference,false,false,false,false
real_grdp_growth,economic_dynamism,higher_is_favorable,idn.13.1377,Pariaman,2024,4.51,4.27891844115,3.29983252355,5.38797384628,within_expected_interval,-0.23108155885,0.995429958163,-0.232142459603,4.96625488497,0.456254884968,0.458349561641,4.6,0.09,0.0904131920704,1,1,true,true,false,true,true,model_estimate_difference,model_estimate_empirical_peer_reference_difference,false,false,false,false
