observation_id,indicator_id,geography_id,geography_name,bps_province_code,year,reference_period,value_numeric,unit,claim_type,source_series_id,panel_provenance_id,comparability_regime,methodology_version,price_basis,geographic_backcasting_performed,imputation_performed
m24obs_d4d11f70586c85e1db4fe402,gini_ratio,idn.11,Aceh,11,2018,Maret,0.325,index,observed,m5_gini_march,m24prov_c724cf27f32bf89c883b573f,bps_stable32_province_2018_2025_v1,susenas_gini_march_current38,,False,False
m24obs_a71c4eb885e71aff0257e876,gini_ratio,idn.11,Aceh,11,2019,Maret,0.319,index,observed,m5_gini_march,m24prov_014acb2b7f4370048fd94c16,bps_stable32_province_2018_2025_v1,susenas_gini_march_current38,,False,False
m24obs_5da5490166eefb66d49286e0,gini_ratio,idn.11,Aceh,11,2020,Maret,0.323,index,observed,m5_gini_march,m24prov_3763d8a81cfffae70e1774b7,bps_stable32_province_2018_2025_v1,susenas_gini_march_current38,,False,False
m24obs_ca0d437b07e8381eca877f2d,gini_ratio,idn.11,Aceh,11,2021,Maret,0.324,index,observed,m5_gini_march,m24prov_bab431dee7a43e7365293a9b,bps_stable32_province_2018_2025_v1,susenas_gini_march_current38,,False,False
m24obs_f867b12d2196a41b0f6a3da5,gini_ratio,idn.11,Aceh,11,2022,Maret,0.311,index,observed,m5_gini_march,m24prov_a605891cf57809d2cc212e95,bps_stable32_province_2018_2025_v1,susenas_gini_march_current38,,False,False
m24obs_34fff0420dfa063f7f695562,gini_ratio,idn.11,Aceh,11,2023,Maret,0.296,index,observed,m5_gini_march,m24prov_913eafca991ebd72cc133894,bps_stable32_province_2018_2025_v1,susenas_gini_march_current38,,False,False
m24obs_c02f3fa7342ab53f2cbb4354,gini_ratio,idn.11,Aceh,11,2024,Maret,0.294,index,observed,m5_gini_march,m24prov_31575ab730cd1c8f44a59a31,bps_stable32_province_2018_2025_v1,susenas_gini_march_current38,,False,False
m24obs_f3e2eb886b980534a87b26a9,gini_ratio,idn.11,Aceh,11,2025,Maret,0.282,index,observed,m5_gini_march,m24prov_9325ac10d2e17606bcf2fdfb,bps_stable32_province_2018_2025_v1,susenas_gini_march_current38,,False,False
m24obs_5fdc1e83791c0a0b81a74566,gini_ratio,idn.12,Sumatera Utara,12,2018,Maret,0.318,index,observed,m5_gini_march,m24prov_c724cf27f32bf89c883b573f,bps_stable32_province_2018_2025_v1,susenas_gini_march_current38,,False,False
m24obs_4a6865b8f66aad7d3c0fb814,gini_ratio,idn.12,Sumatera Utara,12,2019,Maret,0.317,index,observed,m5_gini_march,m24prov_014acb2b7f4370048fd94c16,bps_stable32_province_2018_2025_v1,susenas_gini_march_current38,,False,False
m24obs_8ffdbd9ab0c57896d8463f12,gini_ratio,idn.12,Sumatera Utara,12,2020,Maret,0.316,index,observed,m5_gini_march,m24prov_3763d8a81cfffae70e1774b7,bps_stable32_province_2018_2025_v1,susenas_gini_march_current38,,False,False
m24obs_6f44aeb67b175e8ceced70f4,gini_ratio,idn.12,Sumatera Utara,12,2021,Maret,0.314,index,observed,m5_gini_march,m24prov_bab431dee7a43e7365293a9b,bps_stable32_province_2018_2025_v1,susenas_gini_march_current38,,False,False
m24obs_14b0fcd2b935d98551156212,gini_ratio,idn.12,Sumatera Utara,12,2022,Maret,0.312,index,observed,m5_gini_march,m24prov_a605891cf57809d2cc212e95,bps_stable32_province_2018_2025_v1,susenas_gini_march_current38,,False,False
m24obs_482e98689087b25f90fdb493,gini_ratio,idn.12,Sumatera Utara,12,2023,Maret,0.309,index,observed,m5_gini_march,m24prov_913eafca991ebd72cc133894,bps_stable32_province_2018_2025_v1,susenas_gini_march_current38,,False,False
m24obs_4fdebfb864de8950f836305c,gini_ratio,idn.12,Sumatera Utara,12,2024,Maret,0.297,index,observed,m5_gini_march,m24prov_31575ab730cd1c8f44a59a31,bps_stable32_province_2018_2025_v1,susenas_gini_march_current38,,False,False
m24obs_d163286f070dd9ccd3d79abe,gini_ratio,idn.12,Sumatera Utara,12,2025,Maret,0.295,index,observed,m5_gini_march,m24prov_9325ac10d2e17606bcf2fdfb,bps_stable32_province_2018_2025_v1,susenas_gini_march_current38,,False,False
m24obs_437a962237dc363ea32e6964,gini_ratio,idn.13,Sumatera Barat,13,2018,Maret,0.321,index,observed,m5_gini_march,m24prov_c724cf27f32bf89c883b573f,bps_stable32_province_2018_2025_v1,susenas_gini_march_current38,,False,False
m24obs_a8d5d1e7330ac9e07983b7d6,gini_ratio,idn.13,Sumatera Barat,13,2019,Maret,0.306,index,observed,m5_gini_march,m24prov_014acb2b7f4370048fd94c16,bps_stable32_province_2018_2025_v1,susenas_gini_march_current38,,False,False
m24obs_1fdf4c9a1127fdb2a65e6e14,gini_ratio,idn.13,Sumatera Barat,13,2020,Maret,0.305,index,observed,m5_gini_march,m24prov_3763d8a81cfffae70e1774b7,bps_stable32_province_2018_2025_v1,susenas_gini_march_current38,,False,False
m24obs_285455e8050caa4d3b39bbd9,gini_ratio,idn.13,Sumatera Barat,13,2021,Maret,0.306,index,observed,m5_gini_march,m24prov_bab431dee7a43e7365293a9b,bps_stable32_province_2018_2025_v1,susenas_gini_march_current38,,False,False
m24obs_84584918875708f68acb39fb,gini_ratio,idn.13,Sumatera Barat,13,2022,Maret,0.3,index,observed,m5_gini_march,m24prov_a605891cf57809d2cc212e95,bps_stable32_province_2018_2025_v1,susenas_gini_march_current38,,False,False
m24obs_cd0f335f057835f29f861900,gini_ratio,idn.13,Sumatera Barat,13,2023,Maret,0.28,index,observed,m5_gini_march,m24prov_913eafca991ebd72cc133894,bps_stable32_province_2018_2025_v1,susenas_gini_march_current38,,False,False
m24obs_443f42b320e05c220213ba79,gini_ratio,idn.13,Sumatera Barat,13,2024,Maret,0.283,index,observed,m5_gini_march,m24prov_31575ab730cd1c8f44a59a31,bps_stable32_province_2018_2025_v1,susenas_gini_march_current38,,False,False
m24obs_a41cd8e9e11a3c5364c3443d,gini_ratio,idn.13,Sumatera Barat,13,2025,Maret,0.282,index,observed,m5_gini_march,m24prov_9325ac10d2e17606bcf2fdfb,bps_stable32_province_2018_2025_v1,susenas_gini_march_current38,,False,False
m24obs_3c91096860880432a9ff207c,gini_ratio,idn.14,Riau,14,2018,Maret,0.327,index,observed,m5_gini_march,m24prov_c724cf27f32bf89c883b573f,bps_stable32_province_2018_2025_v1,susenas_gini_march_current38,,False,False
m24obs_7c747cf1d1a277374e461d0c,gini_ratio,idn.14,Riau,14,2019,Maret,0.334,index,observed,m5_gini_march,m24prov_014acb2b7f4370048fd94c16,bps_stable32_province_2018_2025_v1,susenas_gini_march_current38,,False,False
m24obs_fd773fba1ec97d7c965f2601,gini_ratio,idn.14,Riau,14,2020,Maret,0.329,index,observed,m5_gini_march,m24prov_3763d8a81cfffae70e1774b7,bps_stable32_province_2018_2025_v1,susenas_gini_march_current38,,False,False
m24obs_aa6ea8f118b74a5771e88142,gini_ratio,idn.14,Riau,14,2021,Maret,0.326,index,observed,m5_gini_march,m24prov_bab431dee7a43e7365293a9b,bps_stable32_province_2018_2025_v1,susenas_gini_march_current38,,False,False
m24obs_87362185bac71ced6b44fbb4,gini_ratio,idn.14,Riau,14,2022,Maret,0.326,index,observed,m5_gini_march,m24prov_a605891cf57809d2cc212e95,bps_stable32_province_2018_2025_v1,susenas_gini_march_current38,,False,False
m24obs_32c8cbffe201ae3f990803a7,gini_ratio,idn.14,Riau,14,2023,Maret,0.324,index,observed,m5_gini_march,m24prov_913eafca991ebd72cc133894,bps_stable32_province_2018_2025_v1,susenas_gini_march_current38,,False,False
m24obs_050e59a4ea26b7da37ec4376,gini_ratio,idn.14,Riau,14,2024,Maret,0.307,index,observed,m5_gini_march,m24prov_31575ab730cd1c8f44a59a31,bps_stable32_province_2018_2025_v1,susenas_gini_march_current38,,False,False
m24obs_3138e1b099c299d7756e3d76,gini_ratio,idn.14,Riau,14,2025,Maret,0.307,index,observed,m5_gini_march,m24prov_9325ac10d2e17606bcf2fdfb,bps_stable32_province_2018_2025_v1,susenas_gini_march_current38,,False,False
m24obs_e9136a6e36a9db55b980c1f8,gini_ratio,idn.15,Jambi,15,2018,Maret,0.334,index,observed,m5_gini_march,m24prov_c724cf27f32bf89c883b573f,bps_stable32_province_2018_2025_v1,susenas_gini_march_current38,,False,False
m24obs_c29fbaff54628442c57ffdde,gini_ratio,idn.15,Jambi,15,2019,Maret,0.321,index,observed,m5_gini_march,m24prov_014acb2b7f4370048fd94c16,bps_stable32_province_2018_2025_v1,susenas_gini_march_current38,,False,False
m24obs_77433316a318d1f1abdc5e33,gini_ratio,idn.15,Jambi,15,2020,Maret,0.32,index,observed,m5_gini_march,m24prov_3763d8a81cfffae70e1774b7,bps_stable32_province_2018_2025_v1,susenas_gini_march_current38,,False,False
m24obs_13b50dd074b1bb571e3bff38,gini_ratio,idn.15,Jambi,15,2021,Maret,0.321,index,observed,m5_gini_march,m24prov_bab431dee7a43e7365293a9b,bps_stable32_province_2018_2025_v1,susenas_gini_march_current38,,False,False
m24obs_5b6f4a8037beaf3f785b15af,gini_ratio,idn.15,Jambi,15,2022,Maret,0.32,index,observed,m5_gini_march,m24prov_a605891cf57809d2cc212e95,bps_stable32_province_2018_2025_v1,susenas_gini_march_current38,,False,False
m24obs_3332ef445a6101a806be4cd7,gini_ratio,idn.15,Jambi,15,2023,Maret,0.343,index,observed,m5_gini_march,m24prov_913eafca991ebd72cc133894,bps_stable32_province_2018_2025_v1,susenas_gini_march_current38,,False,False
m24obs_b58b9c66063445d1f0ae5654,gini_ratio,idn.15,Jambi,15,2024,Maret,0.321,index,observed,m5_gini_march,m24prov_31575ab730cd1c8f44a59a31,bps_stable32_province_2018_2025_v1,susenas_gini_march_current38,,False,False
m24obs_48899e2924b2a5fa1473becc,gini_ratio,idn.15,Jambi,15,2025,Maret,0.301,index,observed,m5_gini_march,m24prov_9325ac10d2e17606bcf2fdfb,bps_stable32_province_2018_2025_v1,susenas_gini_march_current38,,False,False
m24obs_c62396de032f903f5035a4b5,gini_ratio,idn.16,Sumatera Selatan,16,2018,Maret,0.358,index,observed,m5_gini_march,m24prov_c724cf27f32bf89c883b573f,bps_stable32_province_2018_2025_v1,susenas_gini_march_current38,,False,False
m24obs_4529a026723d80bd569d9b2c,gini_ratio,idn.16,Sumatera Selatan,16,2019,Maret,0.331,index,observed,m5_gini_march,m24prov_014acb2b7f4370048fd94c16,bps_stable32_province_2018_2025_v1,susenas_gini_march_current38,,False,False
m24obs_512430c350de67a014f9f9b4,gini_ratio,idn.16,Sumatera Selatan,16,2020,Maret,0.339,index,observed,m5_gini_march,m24prov_3763d8a81cfffae70e1774b7,bps_stable32_province_2018_2025_v1,susenas_gini_march_current38,,False,False
m24obs_6556595df54c2bca35127703,gini_ratio,idn.16,Sumatera Selatan,16,2021,Maret,0.341,index,observed,m5_gini_march,m24prov_bab431dee7a43e7365293a9b,bps_stable32_province_2018_2025_v1,susenas_gini_march_current38,,False,False
m24obs_a78a172d6a787bda2deeec14,gini_ratio,idn.16,Sumatera Selatan,16,2022,Maret,0.339,index,observed,m5_gini_march,m24prov_a605891cf57809d2cc212e95,bps_stable32_province_2018_2025_v1,susenas_gini_march_current38,,False,False
m24obs_01a8f6ddb8e90caa4845396f,gini_ratio,idn.16,Sumatera Selatan,16,2023,Maret,0.338,index,observed,m5_gini_march,m24prov_913eafca991ebd72cc133894,bps_stable32_province_2018_2025_v1,susenas_gini_march_current38,,False,False
m24obs_81449ea2e227db7fc42a680c,gini_ratio,idn.16,Sumatera Selatan,16,2024,Maret,0.333,index,observed,m5_gini_march,m24prov_31575ab730cd1c8f44a59a31,bps_stable32_province_2018_2025_v1,susenas_gini_march_current38,,False,False
m24obs_52eb8344d3d0db8845d06497,gini_ratio,idn.16,Sumatera Selatan,16,2025,Maret,0.311,index,observed,m5_gini_march,m24prov_9325ac10d2e17606bcf2fdfb,bps_stable32_province_2018_2025_v1,susenas_gini_march_current38,,False,False
m24obs_5af396581337723afe8817a5,gini_ratio,idn.17,Bengkulu,17,2018,Maret,0.362,index,observed,m5_gini_march,m24prov_c724cf27f32bf89c883b573f,bps_stable32_province_2018_2025_v1,susenas_gini_march_current38,,False,False
m24obs_6f83ff11aabb3ca078ccd70a,gini_ratio,idn.17,Bengkulu,17,2019,Maret,0.34,index,observed,m5_gini_march,m24prov_014acb2b7f4370048fd94c16,bps_stable32_province_2018_2025_v1,susenas_gini_march_current38,,False,False
m24obs_a9fdb1b04e321b5f043ce98b,gini_ratio,idn.17,Bengkulu,17,2020,Maret,0.334,index,observed,m5_gini_march,m24prov_3763d8a81cfffae70e1774b7,bps_stable32_province_2018_2025_v1,susenas_gini_march_current38,,False,False
m24obs_3a65af8d4ee40888096fcb0c,gini_ratio,idn.17,Bengkulu,17,2021,Maret,0.326,index,observed,m5_gini_march,m24prov_bab431dee7a43e7365293a9b,bps_stable32_province_2018_2025_v1,susenas_gini_march_current38,,False,False
m24obs_7afba7b5f90be42de4bba55c,gini_ratio,idn.17,Bengkulu,17,2022,Maret,0.315,index,observed,m5_gini_march,m24prov_a605891cf57809d2cc212e95,bps_stable32_province_2018_2025_v1,susenas_gini_march_current38,,False,False
m24obs_e0e43ac5e06b1936ab5a6069,gini_ratio,idn.17,Bengkulu,17,2023,Maret,0.333,index,observed,m5_gini_march,m24prov_913eafca991ebd72cc133894,bps_stable32_province_2018_2025_v1,susenas_gini_march_current38,,False,False
m24obs_2417b2232951c2b25483f962,gini_ratio,idn.17,Bengkulu,17,2024,Maret,0.342,index,observed,m5_gini_march,m24prov_31575ab730cd1c8f44a59a31,bps_stable32_province_2018_2025_v1,susenas_gini_march_current38,,False,False
m24obs_9bd150aa5a53c47abad4a61d,gini_ratio,idn.17,Bengkulu,17,2025,Maret,0.349,index,observed,m5_gini_march,m24prov_9325ac10d2e17606bcf2fdfb,bps_stable32_province_2018_2025_v1,susenas_gini_march_current38,,False,False
m24obs_0822e8c5c4a56a7c7fc82fac,gini_ratio,idn.18,Lampung,18,2018,Maret,0.346,index,observed,m5_gini_march,m24prov_c724cf27f32bf89c883b573f,bps_stable32_province_2018_2025_v1,susenas_gini_march_current38,,False,False
m24obs_a2302a3e07663ae3cf66ef75,gini_ratio,idn.18,Lampung,18,2019,Maret,0.329,index,observed,m5_gini_march,m24prov_014acb2b7f4370048fd94c16,bps_stable32_province_2018_2025_v1,susenas_gini_march_current38,,False,False
m24obs_0016962ff435b9e56f59b59b,gini_ratio,idn.18,Lampung,18,2020,Maret,0.327,index,observed,m5_gini_march,m24prov_3763d8a81cfffae70e1774b7,bps_stable32_province_2018_2025_v1,susenas_gini_march_current38,,False,False
m24obs_07da2a5e9e5ee4be9e7e4afe,gini_ratio,idn.18,Lampung,18,2021,Maret,0.323,index,observed,m5_gini_march,m24prov_bab431dee7a43e7365293a9b,bps_stable32_province_2018_2025_v1,susenas_gini_march_current38,,False,False
m24obs_3f693882c557d9eeff2cfa2c,gini_ratio,idn.18,Lampung,18,2022,Maret,0.314,index,observed,m5_gini_march,m24prov_a605891cf57809d2cc212e95,bps_stable32_province_2018_2025_v1,susenas_gini_march_current38,,False,False
m24obs_31ffd1408d854c5b8cda1ac8,gini_ratio,idn.18,Lampung,18,2023,Maret,0.324,index,observed,m5_gini_march,m24prov_913eafca991ebd72cc133894,bps_stable32_province_2018_2025_v1,susenas_gini_march_current38,,False,False
m24obs_477ae78cee7834a4e3198b27,gini_ratio,idn.18,Lampung,18,2024,Maret,0.302,index,observed,m5_gini_march,m24prov_31575ab730cd1c8f44a59a31,bps_stable32_province_2018_2025_v1,susenas_gini_march_current38,,False,False
m24obs_6b299c2689dda35953c3f97c,gini_ratio,idn.18,Lampung,18,2025,Maret,0.292,index,observed,m5_gini_march,m24prov_9325ac10d2e17606bcf2fdfb,bps_stable32_province_2018_2025_v1,susenas_gini_march_current38,,False,False
m24obs_76d629feb0f78630f3a943f1,gini_ratio,idn.19,Kepulauan Bangka Belitung,19,2018,Maret,0.281,index,observed,m5_gini_march,m24prov_c724cf27f32bf89c883b573f,bps_stable32_province_2018_2025_v1,susenas_gini_march_current38,,False,False
m24obs_e22266a656fd17e15bddb8b0,gini_ratio,idn.19,Kepulauan Bangka Belitung,19,2019,Maret,0.269,index,observed,m5_gini_march,m24prov_014acb2b7f4370048fd94c16,bps_stable32_province_2018_2025_v1,susenas_gini_march_current38,,False,False
m24obs_d177c2a0e14f938d9b59028d,gini_ratio,idn.19,Kepulauan Bangka Belitung,19,2020,Maret,0.262,index,observed,m5_gini_march,m24prov_3763d8a81cfffae70e1774b7,bps_stable32_province_2018_2025_v1,susenas_gini_march_current38,,False,False
m24obs_1a4dbc86d1444a09184ba5e1,gini_ratio,idn.19,Kepulauan Bangka Belitung,19,2021,Maret,0.256,index,observed,m5_gini_march,m24prov_bab431dee7a43e7365293a9b,bps_stable32_province_2018_2025_v1,susenas_gini_march_current38,,False,False
m24obs_99c0249074e50ff8cf8ad40b,gini_ratio,idn.19,Kepulauan Bangka Belitung,19,2022,Maret,0.236,index,observed,m5_gini_march,m24prov_a605891cf57809d2cc212e95,bps_stable32_province_2018_2025_v1,susenas_gini_march_current38,,False,False
m24obs_6f56acf988127c9f056186d3,gini_ratio,idn.19,Kepulauan Bangka Belitung,19,2023,Maret,0.245,index,observed,m5_gini_march,m24prov_913eafca991ebd72cc133894,bps_stable32_province_2018_2025_v1,susenas_gini_march_current38,,False,False
m24obs_0a22ef5cd1c8a2db23a79470,gini_ratio,idn.19,Kepulauan Bangka Belitung,19,2024,Maret,0.244,index,observed,m5_gini_march,m24prov_31575ab730cd1c8f44a59a31,bps_stable32_province_2018_2025_v1,susenas_gini_march_current38,,False,False
m24obs_909b94b5c0ad88df7ff9ae0e,gini_ratio,idn.19,Kepulauan Bangka Belitung,19,2025,Maret,0.222,index,observed,m5_gini_march,m24prov_9325ac10d2e17606bcf2fdfb,bps_stable32_province_2018_2025_v1,susenas_gini_march_current38,,False,False
m24obs_1482ba8e8a3abfd873811414,gini_ratio,idn.21,Kepulauan Riau,21,2018,Maret,0.33,index,observed,m5_gini_march,m24prov_c724cf27f32bf89c883b573f,bps_stable32_province_2018_2025_v1,susenas_gini_march_current38,,False,False
m24obs_e9af8d16fdf8cbe1f9aa6835,gini_ratio,idn.21,Kepulauan Riau,21,2019,Maret,0.341,index,observed,m5_gini_march,m24prov_014acb2b7f4370048fd94c16,bps_stable32_province_2018_2025_v1,susenas_gini_march_current38,,False,False
m24obs_d8993930f9fa35bac40a0ce7,gini_ratio,idn.21,Kepulauan Riau,21,2020,Maret,0.339,index,observed,m5_gini_march,m24prov_3763d8a81cfffae70e1774b7,bps_stable32_province_2018_2025_v1,susenas_gini_march_current38,,False,False
m24obs_abcacb1b9ebc0d85e4ed92d3,gini_ratio,idn.21,Kepulauan Riau,21,2021,Maret,0.343,index,observed,m5_gini_march,m24prov_bab431dee7a43e7365293a9b,bps_stable32_province_2018_2025_v1,susenas_gini_march_current38,,False,False
m24obs_9047a890d6ff5183ef127e2d,gini_ratio,idn.21,Kepulauan Riau,21,2022,Maret,0.342,index,observed,m5_gini_march,m24prov_a605891cf57809d2cc212e95,bps_stable32_province_2018_2025_v1,susenas_gini_march_current38,,False,False
m24obs_3185991ce56d18c9f9c1ab35,gini_ratio,idn.21,Kepulauan Riau,21,2023,Maret,0.34,index,observed,m5_gini_march,m24prov_913eafca991ebd72cc133894,bps_stable32_province_2018_2025_v1,susenas_gini_march_current38,,False,False
m24obs_387f9d9b24a299aa9af0763a,gini_ratio,idn.21,Kepulauan Riau,21,2024,Maret,0.349,index,observed,m5_gini_march,m24prov_31575ab730cd1c8f44a59a31,bps_stable32_province_2018_2025_v1,susenas_gini_march_current38,,False,False
m24obs_22d013aa71e74230b9557a14,gini_ratio,idn.21,Kepulauan Riau,21,2025,Maret,0.382,index,observed,m5_gini_march,m24prov_9325ac10d2e17606bcf2fdfb,bps_stable32_province_2018_2025_v1,susenas_gini_march_current38,,False,False
m24obs_c8069da892d0397964dd3da6,gini_ratio,idn.31,DKI Jakarta,31,2018,Maret,0.394,index,observed,m5_gini_march,m24prov_c724cf27f32bf89c883b573f,bps_stable32_province_2018_2025_v1,susenas_gini_march_current38,,False,False
m24obs_b6fb7c73f243fa7278ee5c62,gini_ratio,idn.31,DKI Jakarta,31,2019,Maret,0.394,index,observed,m5_gini_march,m24prov_014acb2b7f4370048fd94c16,bps_stable32_province_2018_2025_v1,susenas_gini_march_current38,,False,False
m24obs_ac95f314345cadcd224dea7e,gini_ratio,idn.31,DKI Jakarta,31,2020,Maret,0.399,index,observed,m5_gini_march,m24prov_3763d8a81cfffae70e1774b7,bps_stable32_province_2018_2025_v1,susenas_gini_march_current38,,False,False
m24obs_ef4209f128b4b6fe23621c9b,gini_ratio,idn.31,DKI Jakarta,31,2021,Maret,0.409,index,observed,m5_gini_march,m24prov_bab431dee7a43e7365293a9b,bps_stable32_province_2018_2025_v1,susenas_gini_march_current38,,False,False
m24obs_57d9dc7763e5245384e2b8df,gini_ratio,idn.31,DKI Jakarta,31,2022,Maret,0.423,index,observed,m5_gini_march,m24prov_a605891cf57809d2cc212e95,bps_stable32_province_2018_2025_v1,susenas_gini_march_current38,,False,False
m24obs_f8b05a939d317dac3cfa7758,gini_ratio,idn.31,DKI Jakarta,31,2023,Maret,0.431,index,observed,m5_gini_march,m24prov_913eafca991ebd72cc133894,bps_stable32_province_2018_2025_v1,susenas_gini_march_current38,,False,False
m24obs_62629d0f0493a3aed9da8073,gini_ratio,idn.31,DKI Jakarta,31,2024,Maret,0.423,index,observed,m5_gini_march,m24prov_31575ab730cd1c8f44a59a31,bps_stable32_province_2018_2025_v1,susenas_gini_march_current38,,False,False
m24obs_7cf55b1e187d28efdebd8ab6,gini_ratio,idn.31,DKI Jakarta,31,2025,Maret,0.441,index,observed,m5_gini_march,m24prov_9325ac10d2e17606bcf2fdfb,bps_stable32_province_2018_2025_v1,susenas_gini_march_current38,,False,False
m24obs_1915a5f3b640e48385659882,gini_ratio,idn.32,Jawa Barat,32,2018,Maret,0.407,index,observed,m5_gini_march,m24prov_c724cf27f32bf89c883b573f,bps_stable32_province_2018_2025_v1,susenas_gini_march_current38,,False,False
m24obs_bded348cad99143b11590c47,gini_ratio,idn.32,Jawa Barat,32,2019,Maret,0.402,index,observed,m5_gini_march,m24prov_014acb2b7f4370048fd94c16,bps_stable32_province_2018_2025_v1,susenas_gini_march_current38,,False,False
m24obs_d3babdba04d6e0494072e0c6,gini_ratio,idn.32,Jawa Barat,32,2020,Maret,0.403,index,observed,m5_gini_march,m24prov_3763d8a81cfffae70e1774b7,bps_stable32_province_2018_2025_v1,susenas_gini_march_current38,,False,False
m24obs_0a5ff85d0f53aabae681c4e7,gini_ratio,idn.32,Jawa Barat,32,2021,Maret,0.412,index,observed,m5_gini_march,m24prov_bab431dee7a43e7365293a9b,bps_stable32_province_2018_2025_v1,susenas_gini_march_current38,,False,False
m24obs_711e7c94c731a83b730ab095,gini_ratio,idn.32,Jawa Barat,32,2022,Maret,0.417,index,observed,m5_gini_march,m24prov_a605891cf57809d2cc212e95,bps_stable32_province_2018_2025_v1,susenas_gini_march_current38,,False,False
m24obs_541fb0e481bd84117439dcae,gini_ratio,idn.32,Jawa Barat,32,2023,Maret,0.425,index,observed,m5_gini_march,m24prov_913eafca991ebd72cc133894,bps_stable32_province_2018_2025_v1,susenas_gini_march_current38,,False,False
m24obs_6ea17152f7119e8b3a9ab3e7,gini_ratio,idn.32,Jawa Barat,32,2024,Maret,0.421,index,observed,m5_gini_march,m24prov_31575ab730cd1c8f44a59a31,bps_stable32_province_2018_2025_v1,susenas_gini_march_current38,,False,False
m24obs_cf289ca52e0e74a80caa027d,gini_ratio,idn.32,Jawa Barat,32,2025,Maret,0.416,index,observed,m5_gini_march,m24prov_9325ac10d2e17606bcf2fdfb,bps_stable32_province_2018_2025_v1,susenas_gini_march_current38,,False,False
m24obs_dbfb3233bd170e263d57092b,gini_ratio,idn.33,Jawa Tengah,33,2018,Maret,0.378,index,observed,m5_gini_march,m24prov_c724cf27f32bf89c883b573f,bps_stable32_province_2018_2025_v1,susenas_gini_march_current38,,False,False
m24obs_cfdb9ee27b024ebdf23e24c4,gini_ratio,idn.33,Jawa Tengah,33,2019,Maret,0.361,index,observed,m5_gini_march,m24prov_014acb2b7f4370048fd94c16,bps_stable32_province_2018_2025_v1,susenas_gini_march_current38,,False,False
m24obs_b3390b5641b1c0c5b5147d34,gini_ratio,idn.33,Jawa Tengah,33,2020,Maret,0.362,index,observed,m5_gini_march,m24prov_3763d8a81cfffae70e1774b7,bps_stable32_province_2018_2025_v1,susenas_gini_march_current38,,False,False
m24obs_a703b511bde83750039bda1e,gini_ratio,idn.33,Jawa Tengah,33,2021,Maret,0.372,index,observed,m5_gini_march,m24prov_bab431dee7a43e7365293a9b,bps_stable32_province_2018_2025_v1,susenas_gini_march_current38,,False,False
m24obs_a556e45b20ff759d6f6e7a37,gini_ratio,idn.33,Jawa Tengah,33,2022,Maret,0.374,index,observed,m5_gini_march,m24prov_a605891cf57809d2cc212e95,bps_stable32_province_2018_2025_v1,susenas_gini_march_current38,,False,False
m24obs_9953575a436adea9e3e44fe0,gini_ratio,idn.33,Jawa Tengah,33,2023,Maret,0.369,index,observed,m5_gini_march,m24prov_913eafca991ebd72cc133894,bps_stable32_province_2018_2025_v1,susenas_gini_march_current38,,False,False
m24obs_ddb8126d270778a3a6eb62fe,gini_ratio,idn.33,Jawa Tengah,33,2024,Maret,0.367,index,observed,m5_gini_march,m24prov_31575ab730cd1c8f44a59a31,bps_stable32_province_2018_2025_v1,susenas_gini_march_current38,,False,False
m24obs_d7ec0120c0ddb1142c944b42,gini_ratio,idn.33,Jawa Tengah,33,2025,Maret,0.359,index,observed,m5_gini_march,m24prov_9325ac10d2e17606bcf2fdfb,bps_stable32_province_2018_2025_v1,susenas_gini_march_current38,,False,False
m24obs_5cdd50f0a9f949b14226c2a3,gini_ratio,idn.34,DI Yogyakarta,34,2018,Maret,0.441,index,observed,m5_gini_march,m24prov_c724cf27f32bf89c883b573f,bps_stable32_province_2018_2025_v1,susenas_gini_march_current38,,False,False
m24obs_6c180a8f1d65a930993d3723,gini_ratio,idn.34,DI Yogyakarta,34,2019,Maret,0.423,index,observed,m5_gini_march,m24prov_014acb2b7f4370048fd94c16,bps_stable32_province_2018_2025_v1,susenas_gini_march_current38,,False,False
m24obs_6668261c3c6ca9564166bc20,gini_ratio,idn.34,DI Yogyakarta,34,2020,Maret,0.434,index,observed,m5_gini_march,m24prov_3763d8a81cfffae70e1774b7,bps_stable32_province_2018_2025_v1,susenas_gini_march_current38,,False,False
m24obs_e8a4f1165e351c29492af875,gini_ratio,idn.34,DI Yogyakarta,34,2021,Maret,0.441,index,observed,m5_gini_march,m24prov_bab431dee7a43e7365293a9b,bps_stable32_province_2018_2025_v1,susenas_gini_march_current38,,False,False
m24obs_ac1163579302de00c51c59de,gini_ratio,idn.34,DI Yogyakarta,34,2022,Maret,0.439,index,observed,m5_gini_march,m24prov_a605891cf57809d2cc212e95,bps_stable32_province_2018_2025_v1,susenas_gini_march_current38,,False,False
m24obs_a27596c04de5a279d0bba314,gini_ratio,idn.34,DI Yogyakarta,34,2023,Maret,0.449,index,observed,m5_gini_march,m24prov_913eafca991ebd72cc133894,bps_stable32_province_2018_2025_v1,susenas_gini_march_current38,,False,False
m24obs_4e63b942dbc4ec085b6d828b,gini_ratio,idn.34,DI Yogyakarta,34,2024,Maret,0.435,index,observed,m5_gini_march,m24prov_31575ab730cd1c8f44a59a31,bps_stable32_province_2018_2025_v1,susenas_gini_march_current38,,False,False
m24obs_534e58c2ca9e2585273e351f,gini_ratio,idn.34,DI Yogyakarta,34,2025,Maret,0.426,index,observed,m5_gini_march,m24prov_9325ac10d2e17606bcf2fdfb,bps_stable32_province_2018_2025_v1,susenas_gini_march_current38,,False,False
m24obs_211d187158954e42e3a7db6e,gini_ratio,idn.35,Jawa Timur,35,2018,Maret,0.379,index,observed,m5_gini_march,m24prov_c724cf27f32bf89c883b573f,bps_stable32_province_2018_2025_v1,susenas_gini_march_current38,,False,False
m24obs_5056197c151de66f0c723506,gini_ratio,idn.35,Jawa Timur,35,2019,Maret,0.37,index,observed,m5_gini_march,m24prov_014acb2b7f4370048fd94c16,bps_stable32_province_2018_2025_v1,susenas_gini_march_current38,,False,False
m24obs_9ff98da6e4c530e597a46f0e,gini_ratio,idn.35,Jawa Timur,35,2020,Maret,0.366,index,observed,m5_gini_march,m24prov_3763d8a81cfffae70e1774b7,bps_stable32_province_2018_2025_v1,susenas_gini_march_current38,,False,False
m24obs_330732c1eb2de96566e05746,gini_ratio,idn.35,Jawa Timur,35,2021,Maret,0.374,index,observed,m5_gini_march,m24prov_bab431dee7a43e7365293a9b,bps_stable32_province_2018_2025_v1,susenas_gini_march_current38,,False,False
m24obs_1183647cf7b803b6d7e60998,gini_ratio,idn.35,Jawa Timur,35,2022,Maret,0.371,index,observed,m5_gini_march,m24prov_a605891cf57809d2cc212e95,bps_stable32_province_2018_2025_v1,susenas_gini_march_current38,,False,False
m24obs_a6e3d8694a30f9b8ee4384c1,gini_ratio,idn.35,Jawa Timur,35,2023,Maret,0.387,index,observed,m5_gini_march,m24prov_913eafca991ebd72cc133894,bps_stable32_province_2018_2025_v1,susenas_gini_march_current38,,False,False
m24obs_cf1e650b1e641afb6180d91c,gini_ratio,idn.35,Jawa Timur,35,2024,Maret,0.372,index,observed,m5_gini_march,m24prov_31575ab730cd1c8f44a59a31,bps_stable32_province_2018_2025_v1,susenas_gini_march_current38,,False,False
m24obs_0bcd50c4098ea0e2efdec2ce,gini_ratio,idn.35,Jawa Timur,35,2025,Maret,0.369,index,observed,m5_gini_march,m24prov_9325ac10d2e17606bcf2fdfb,bps_stable32_province_2018_2025_v1,susenas_gini_march_current38,,False,False
m24obs_93ee4ec2b7e2526082cbcbe2,gini_ratio,idn.36,Banten,36,2018,Maret,0.385,index,observed,m5_gini_march,m24prov_c724cf27f32bf89c883b573f,bps_stable32_province_2018_2025_v1,susenas_gini_march_current38,,False,False
m24obs_f1afc6812c8584d21c9a0e8f,gini_ratio,idn.36,Banten,36,2019,Maret,0.365,index,observed,m5_gini_march,m24prov_014acb2b7f4370048fd94c16,bps_stable32_province_2018_2025_v1,susenas_gini_march_current38,,False,False
m24obs_cb2adf460844b67abbe147e4,gini_ratio,idn.36,Banten,36,2020,Maret,0.363,index,observed,m5_gini_march,m24prov_3763d8a81cfffae70e1774b7,bps_stable32_province_2018_2025_v1,susenas_gini_march_current38,,False,False
m24obs_3ec732ebbb253da3b11ff1f2,gini_ratio,idn.36,Banten,36,2021,Maret,0.365,index,observed,m5_gini_march,m24prov_bab431dee7a43e7365293a9b,bps_stable32_province_2018_2025_v1,susenas_gini_march_current38,,False,False
m24obs_955e5975aeb5569822162306,gini_ratio,idn.36,Banten,36,2022,Maret,0.363,index,observed,m5_gini_march,m24prov_a605891cf57809d2cc212e95,bps_stable32_province_2018_2025_v1,susenas_gini_march_current38,,False,False
m24obs_c87dbde1c394fa9a94a0efc4,gini_ratio,idn.36,Banten,36,2023,Maret,0.368,index,observed,m5_gini_march,m24prov_913eafca991ebd72cc133894,bps_stable32_province_2018_2025_v1,susenas_gini_march_current38,,False,False
m24obs_39c3da69d83929650fb1a004,gini_ratio,idn.36,Banten,36,2024,Maret,0.353,index,observed,m5_gini_march,m24prov_31575ab730cd1c8f44a59a31,bps_stable32_province_2018_2025_v1,susenas_gini_march_current38,,False,False
m24obs_89d483c421a8abce91d6cb91,gini_ratio,idn.36,Banten,36,2025,Maret,0.33,index,observed,m5_gini_march,m24prov_9325ac10d2e17606bcf2fdfb,bps_stable32_province_2018_2025_v1,susenas_gini_march_current38,,False,False
m24obs_7a50a3ef2c70b8b2c953b96b,gini_ratio,idn.51,Bali,51,2018,Maret,0.377,index,observed,m5_gini_march,m24prov_c724cf27f32bf89c883b573f,bps_stable32_province_2018_2025_v1,susenas_gini_march_current38,,False,False
m24obs_3b65b3e5efbfcfba1d9983e2,gini_ratio,idn.51,Bali,51,2019,Maret,0.366,index,observed,m5_gini_march,m24prov_014acb2b7f4370048fd94c16,bps_stable32_province_2018_2025_v1,susenas_gini_march_current38,,False,False
m24obs_fbb6dea5293069ccc83cd172,gini_ratio,idn.51,Bali,51,2020,Maret,0.369,index,observed,m5_gini_march,m24prov_3763d8a81cfffae70e1774b7,bps_stable32_province_2018_2025_v1,susenas_gini_march_current38,,False,False
m24obs_e47855a90708de80a728e1fe,gini_ratio,idn.51,Bali,51,2021,Maret,0.378,index,observed,m5_gini_march,m24prov_bab431dee7a43e7365293a9b,bps_stable32_province_2018_2025_v1,susenas_gini_march_current38,,False,False
m24obs_4e988bfa8e7da854a7220ba3,gini_ratio,idn.51,Bali,51,2022,Maret,0.363,index,observed,m5_gini_march,m24prov_a605891cf57809d2cc212e95,bps_stable32_province_2018_2025_v1,susenas_gini_march_current38,,False,False
m24obs_6bbe0f649d8e549b0c2eb872,gini_ratio,idn.51,Bali,51,2023,Maret,0.362,index,observed,m5_gini_march,m24prov_913eafca991ebd72cc133894,bps_stable32_province_2018_2025_v1,susenas_gini_march_current38,,False,False
m24obs_62339842c29b9cf5f9811742,gini_ratio,idn.51,Bali,51,2024,Maret,0.361,index,observed,m5_gini_march,m24prov_31575ab730cd1c8f44a59a31,bps_stable32_province_2018_2025_v1,susenas_gini_march_current38,,False,False
m24obs_4095c001a8a6b21cd8c00110,gini_ratio,idn.51,Bali,51,2025,Maret,0.353,index,observed,m5_gini_march,m24prov_9325ac10d2e17606bcf2fdfb,bps_stable32_province_2018_2025_v1,susenas_gini_march_current38,,False,False
m24obs_28c3eded6cfe1e8bbfe61fcb,gini_ratio,idn.52,Nusa Tenggara Barat,52,2018,Maret,0.372,index,observed,m5_gini_march,m24prov_c724cf27f32bf89c883b573f,bps_stable32_province_2018_2025_v1,susenas_gini_march_current38,,False,False
m24obs_e21752bc20d591ac03accb38,gini_ratio,idn.52,Nusa Tenggara Barat,52,2019,Maret,0.379,index,observed,m5_gini_march,m24prov_014acb2b7f4370048fd94c16,bps_stable32_province_2018_2025_v1,susenas_gini_march_current38,,False,False
m24obs_04408f6f071d8014296c44f9,gini_ratio,idn.52,Nusa Tenggara Barat,52,2020,Maret,0.376,index,observed,m5_gini_march,m24prov_3763d8a81cfffae70e1774b7,bps_stable32_province_2018_2025_v1,susenas_gini_march_current38,,False,False
m24obs_3aa971474005ed64a94ddfcc,gini_ratio,idn.52,Nusa Tenggara Barat,52,2021,Maret,0.381,index,observed,m5_gini_march,m24prov_bab431dee7a43e7365293a9b,bps_stable32_province_2018_2025_v1,susenas_gini_march_current38,,False,False
m24obs_a356d40e0398bef0d69a6d55,gini_ratio,idn.52,Nusa Tenggara Barat,52,2022,Maret,0.373,index,observed,m5_gini_march,m24prov_a605891cf57809d2cc212e95,bps_stable32_province_2018_2025_v1,susenas_gini_march_current38,,False,False
m24obs_62a140433834e6c991bd1cc5,gini_ratio,idn.52,Nusa Tenggara Barat,52,2023,Maret,0.375,index,observed,m5_gini_march,m24prov_913eafca991ebd72cc133894,bps_stable32_province_2018_2025_v1,susenas_gini_march_current38,,False,False
m24obs_326e7f64bf908f6db8042988,gini_ratio,idn.52,Nusa Tenggara Barat,52,2024,Maret,0.361,index,observed,m5_gini_march,m24prov_31575ab730cd1c8f44a59a31,bps_stable32_province_2018_2025_v1,susenas_gini_march_current38,,False,False
m24obs_daf04f7eebc7d0cb3fbbe1a6,gini_ratio,idn.52,Nusa Tenggara Barat,52,2025,Maret,0.369,index,observed,m5_gini_march,m24prov_9325ac10d2e17606bcf2fdfb,bps_stable32_province_2018_2025_v1,susenas_gini_march_current38,,False,False
m24obs_7f0f2870740f5bb6a397ad74,gini_ratio,idn.53,Nusa Tenggara Timur,53,2018,Maret,0.351,index,observed,m5_gini_march,m24prov_c724cf27f32bf89c883b573f,bps_stable32_province_2018_2025_v1,susenas_gini_march_current38,,False,False
m24obs_337dc283315751e52c976d95,gini_ratio,idn.53,Nusa Tenggara Timur,53,2019,Maret,0.356,index,observed,m5_gini_march,m24prov_014acb2b7f4370048fd94c16,bps_stable32_province_2018_2025_v1,susenas_gini_march_current38,,False,False
m24obs_1f63fea71ba29e6e80fda503,gini_ratio,idn.53,Nusa Tenggara Timur,53,2020,Maret,0.354,index,observed,m5_gini_march,m24prov_3763d8a81cfffae70e1774b7,bps_stable32_province_2018_2025_v1,susenas_gini_march_current38,,False,False
m24obs_40347c34e3985a5e243d4a9f,gini_ratio,idn.53,Nusa Tenggara Timur,53,2021,Maret,0.346,index,observed,m5_gini_march,m24prov_bab431dee7a43e7365293a9b,bps_stable32_province_2018_2025_v1,susenas_gini_march_current38,,False,False
m24obs_ed0304137f0e396f7337204d,gini_ratio,idn.53,Nusa Tenggara Timur,53,2022,Maret,0.334,index,observed,m5_gini_march,m24prov_a605891cf57809d2cc212e95,bps_stable32_province_2018_2025_v1,susenas_gini_march_current38,,False,False
m24obs_b494b54998eb7380781ebf6c,gini_ratio,idn.53,Nusa Tenggara Timur,53,2023,Maret,0.325,index,observed,m5_gini_march,m24prov_913eafca991ebd72cc133894,bps_stable32_province_2018_2025_v1,susenas_gini_march_current38,,False,False
m24obs_32ffb0c6e9652b3dbc98d693,gini_ratio,idn.53,Nusa Tenggara Timur,53,2024,Maret,0.316,index,observed,m5_gini_march,m24prov_31575ab730cd1c8f44a59a31,bps_stable32_province_2018_2025_v1,susenas_gini_march_current38,,False,False
m24obs_cfb7a10243f53c5cbba44d85,gini_ratio,idn.53,Nusa Tenggara Timur,53,2025,Maret,0.315,index,observed,m5_gini_march,m24prov_9325ac10d2e17606bcf2fdfb,bps_stable32_province_2018_2025_v1,susenas_gini_march_current38,,False,False
m24obs_ebe675d9d2562c8867694192,gini_ratio,idn.61,Kalimantan Barat,61,2018,Maret,0.339,index,observed,m5_gini_march,m24prov_c724cf27f32bf89c883b573f,bps_stable32_province_2018_2025_v1,susenas_gini_march_current38,,False,False
m24obs_45262e4e1b2b16124cda9238,gini_ratio,idn.61,Kalimantan Barat,61,2019,Maret,0.327,index,observed,m5_gini_march,m24prov_014acb2b7f4370048fd94c16,bps_stable32_province_2018_2025_v1,susenas_gini_march_current38,,False,False
m24obs_5a4fae1065e91e53f67dff25,gini_ratio,idn.61,Kalimantan Barat,61,2020,Maret,0.317,index,observed,m5_gini_march,m24prov_3763d8a81cfffae70e1774b7,bps_stable32_province_2018_2025_v1,susenas_gini_march_current38,,False,False
m24obs_3dd5fe9e04f2f55560589ce4,gini_ratio,idn.61,Kalimantan Barat,61,2021,Maret,0.313,index,observed,m5_gini_march,m24prov_bab431dee7a43e7365293a9b,bps_stable32_province_2018_2025_v1,susenas_gini_march_current38,,False,False
m24obs_3bed2ad4fa10e342a4ed0df9,gini_ratio,idn.61,Kalimantan Barat,61,2022,Maret,0.314,index,observed,m5_gini_march,m24prov_a605891cf57809d2cc212e95,bps_stable32_province_2018_2025_v1,susenas_gini_march_current38,,False,False
m24obs_477ef2e853bcaf547846f2fa,gini_ratio,idn.61,Kalimantan Barat,61,2023,Maret,0.321,index,observed,m5_gini_march,m24prov_913eafca991ebd72cc133894,bps_stable32_province_2018_2025_v1,susenas_gini_march_current38,,False,False
m24obs_d80c286146146b54cc1b39b8,gini_ratio,idn.61,Kalimantan Barat,61,2024,Maret,0.31,index,observed,m5_gini_march,m24prov_31575ab730cd1c8f44a59a31,bps_stable32_province_2018_2025_v1,susenas_gini_march_current38,,False,False
m24obs_ddca5c5393fefc0fb03bf31b,gini_ratio,idn.61,Kalimantan Barat,61,2025,Maret,0.316,index,observed,m5_gini_march,m24prov_9325ac10d2e17606bcf2fdfb,bps_stable32_province_2018_2025_v1,susenas_gini_march_current38,,False,False
m24obs_520b4d11eab5de3a41d04f18,gini_ratio,idn.62,Kalimantan Tengah,62,2018,Maret,0.342,index,observed,m5_gini_march,m24prov_c724cf27f32bf89c883b573f,bps_stable32_province_2018_2025_v1,susenas_gini_march_current38,,False,False
m24obs_c18bd842b907380d70872bcc,gini_ratio,idn.62,Kalimantan Tengah,62,2019,Maret,0.336,index,observed,m5_gini_march,m24prov_014acb2b7f4370048fd94c16,bps_stable32_province_2018_2025_v1,susenas_gini_march_current38,,False,False
m24obs_6434d56127dbd3cbfe6eb006,gini_ratio,idn.62,Kalimantan Tengah,62,2020,Maret,0.329,index,observed,m5_gini_march,m24prov_3763d8a81cfffae70e1774b7,bps_stable32_province_2018_2025_v1,susenas_gini_march_current38,,False,False
m24obs_72316cdd3e03193ff1d73346,gini_ratio,idn.62,Kalimantan Tengah,62,2021,Maret,0.323,index,observed,m5_gini_march,m24prov_bab431dee7a43e7365293a9b,bps_stable32_province_2018_2025_v1,susenas_gini_march_current38,,False,False
m24obs_60849e3731e9a5e7d1c7fc14,gini_ratio,idn.62,Kalimantan Tengah,62,2022,Maret,0.319,index,observed,m5_gini_march,m24prov_a605891cf57809d2cc212e95,bps_stable32_province_2018_2025_v1,susenas_gini_march_current38,,False,False
m24obs_d3f0f65a639b62f438db7ac6,gini_ratio,idn.62,Kalimantan Tengah,62,2023,Maret,0.317,index,observed,m5_gini_march,m24prov_913eafca991ebd72cc133894,bps_stable32_province_2018_2025_v1,susenas_gini_march_current38,,False,False
m24obs_fef353a11a6461736f945aad,gini_ratio,idn.62,Kalimantan Tengah,62,2024,Maret,0.301,index,observed,m5_gini_march,m24prov_31575ab730cd1c8f44a59a31,bps_stable32_province_2018_2025_v1,susenas_gini_march_current38,,False,False
m24obs_517d82d35b450087fd573c6b,gini_ratio,idn.62,Kalimantan Tengah,62,2025,Maret,0.292,index,observed,m5_gini_march,m24prov_9325ac10d2e17606bcf2fdfb,bps_stable32_province_2018_2025_v1,susenas_gini_march_current38,,False,False
m24obs_14bdac4b81c2c47bca6d0f56,gini_ratio,idn.63,Kalimantan Selatan,63,2018,Maret,0.344,index,observed,m5_gini_march,m24prov_c724cf27f32bf89c883b573f,bps_stable32_province_2018_2025_v1,susenas_gini_march_current38,,False,False
m24obs_5e7f334c33b94f889f8d27f0,gini_ratio,idn.63,Kalimantan Selatan,63,2019,Maret,0.334,index,observed,m5_gini_march,m24prov_014acb2b7f4370048fd94c16,bps_stable32_province_2018_2025_v1,susenas_gini_march_current38,,False,False
m24obs_37c09897e10596d4cdae7f19,gini_ratio,idn.63,Kalimantan Selatan,63,2020,Maret,0.332,index,observed,m5_gini_march,m24prov_3763d8a81cfffae70e1774b7,bps_stable32_province_2018_2025_v1,susenas_gini_march_current38,,False,False
m24obs_bde65a41e36013685bd3d972,gini_ratio,idn.63,Kalimantan Selatan,63,2021,Maret,0.33,index,observed,m5_gini_march,m24prov_bab431dee7a43e7365293a9b,bps_stable32_province_2018_2025_v1,susenas_gini_march_current38,,False,False
m24obs_ac9c95e890d6207253b171ef,gini_ratio,idn.63,Kalimantan Selatan,63,2022,Maret,0.317,index,observed,m5_gini_march,m24prov_a605891cf57809d2cc212e95,bps_stable32_province_2018_2025_v1,susenas_gini_march_current38,,False,False
m24obs_4056d2e367c7119ae3cb511a,gini_ratio,idn.63,Kalimantan Selatan,63,2023,Maret,0.313,index,observed,m5_gini_march,m24prov_913eafca991ebd72cc133894,bps_stable32_province_2018_2025_v1,susenas_gini_march_current38,,False,False
m24obs_611b93a5076b442809563236,gini_ratio,idn.63,Kalimantan Selatan,63,2024,Maret,0.302,index,observed,m5_gini_march,m24prov_31575ab730cd1c8f44a59a31,bps_stable32_province_2018_2025_v1,susenas_gini_march_current38,,False,False
m24obs_39602d2a8b7f63f1b0039f8f,gini_ratio,idn.63,Kalimantan Selatan,63,2025,Maret,0.287,index,observed,m5_gini_march,m24prov_9325ac10d2e17606bcf2fdfb,bps_stable32_province_2018_2025_v1,susenas_gini_march_current38,,False,False
m24obs_cc54e8ff11fee0574a3d0205,gini_ratio,idn.64,Kalimantan Timur,64,2018,Maret,0.342,index,observed,m5_gini_march,m24prov_c724cf27f32bf89c883b573f,bps_stable32_province_2018_2025_v1,susenas_gini_march_current38,,False,False
m24obs_7969a4e19916316718bdb751,gini_ratio,idn.64,Kalimantan Timur,64,2019,Maret,0.33,index,observed,m5_gini_march,m24prov_014acb2b7f4370048fd94c16,bps_stable32_province_2018_2025_v1,susenas_gini_march_current38,,False,False
m24obs_4a16d6d0d8b72edfc8d28826,gini_ratio,idn.64,Kalimantan Timur,64,2020,Maret,0.328,index,observed,m5_gini_march,m24prov_3763d8a81cfffae70e1774b7,bps_stable32_province_2018_2025_v1,susenas_gini_march_current38,,False,False
m24obs_a6cc8d8e2e2441bf0cfb5ff4,gini_ratio,idn.64,Kalimantan Timur,64,2021,Maret,0.334,index,observed,m5_gini_march,m24prov_bab431dee7a43e7365293a9b,bps_stable32_province_2018_2025_v1,susenas_gini_march_current38,,False,False
m24obs_1a9b42fade18507dbef624e1,gini_ratio,idn.64,Kalimantan Timur,64,2022,Maret,0.327,index,observed,m5_gini_march,m24prov_a605891cf57809d2cc212e95,bps_stable32_province_2018_2025_v1,susenas_gini_march_current38,,False,False
m24obs_960d822e97ec3ae9a83c8e5c,gini_ratio,idn.64,Kalimantan Timur,64,2023,Maret,0.322,index,observed,m5_gini_march,m24prov_913eafca991ebd72cc133894,bps_stable32_province_2018_2025_v1,susenas_gini_march_current38,,False,False
m24obs_0973762e24f339ec8aa2120a,gini_ratio,idn.64,Kalimantan Timur,64,2024,Maret,0.321,index,observed,m5_gini_march,m24prov_31575ab730cd1c8f44a59a31,bps_stable32_province_2018_2025_v1,susenas_gini_march_current38,,False,False
m24obs_1f556bf8375084ab00f4f311,gini_ratio,idn.64,Kalimantan Timur,64,2025,Maret,0.312,index,observed,m5_gini_march,m24prov_9325ac10d2e17606bcf2fdfb,bps_stable32_province_2018_2025_v1,susenas_gini_march_current38,,False,False
m24obs_09e690e5e6088448e1b9b9c1,gini_ratio,idn.65,Kalimantan Utara,65,2018,Maret,0.303,index,observed,m5_gini_march,m24prov_c724cf27f32bf89c883b573f,bps_stable32_province_2018_2025_v1,susenas_gini_march_current38,,False,False
m24obs_ae8276135a81b8b5f865045f,gini_ratio,idn.65,Kalimantan Utara,65,2019,Maret,0.295,index,observed,m5_gini_march,m24prov_014acb2b7f4370048fd94c16,bps_stable32_province_2018_2025_v1,susenas_gini_march_current38,,False,False
m24obs_c15041954712821eed9bcb71,gini_ratio,idn.65,Kalimantan Utara,65,2020,Maret,0.292,index,observed,m5_gini_march,m24prov_3763d8a81cfffae70e1774b7,bps_stable32_province_2018_2025_v1,susenas_gini_march_current38,,False,False
m24obs_db0d996bdb87ac1c63e2ae01,gini_ratio,idn.65,Kalimantan Utara,65,2021,Maret,0.292,index,observed,m5_gini_march,m24prov_bab431dee7a43e7365293a9b,bps_stable32_province_2018_2025_v1,susenas_gini_march_current38,,False,False
m24obs_8e0e126ec55a6d24c9404d57,gini_ratio,idn.65,Kalimantan Utara,65,2022,Maret,0.272,index,observed,m5_gini_march,m24prov_a605891cf57809d2cc212e95,bps_stable32_province_2018_2025_v1,susenas_gini_march_current38,,False,False
m24obs_5bed5e182eb6c1304f40e289,gini_ratio,idn.65,Kalimantan Utara,65,2023,Maret,0.277,index,observed,m5_gini_march,m24prov_913eafca991ebd72cc133894,bps_stable32_province_2018_2025_v1,susenas_gini_march_current38,,False,False
m24obs_eb67e59fb54a80efef6317a7,gini_ratio,idn.65,Kalimantan Utara,65,2024,Maret,0.264,index,observed,m5_gini_march,m24prov_31575ab730cd1c8f44a59a31,bps_stable32_province_2018_2025_v1,susenas_gini_march_current38,,False,False
m24obs_082d1bc7cee072ea451e3d1e,gini_ratio,idn.65,Kalimantan Utara,65,2025,Maret,0.261,index,observed,m5_gini_march,m24prov_9325ac10d2e17606bcf2fdfb,bps_stable32_province_2018_2025_v1,susenas_gini_march_current38,,False,False
m24obs_c7fc4b117dcb9faf174f03a8,gini_ratio,idn.71,Sulawesi Utara,71,2018,Maret,0.394,index,observed,m5_gini_march,m24prov_c724cf27f32bf89c883b573f,bps_stable32_province_2018_2025_v1,susenas_gini_march_current38,,False,False
m24obs_0935a147f0a6db380915cbdd,gini_ratio,idn.71,Sulawesi Utara,71,2019,Maret,0.367,index,observed,m5_gini_march,m24prov_014acb2b7f4370048fd94c16,bps_stable32_province_2018_2025_v1,susenas_gini_march_current38,,False,False
m24obs_a09b61596ceade09079d0636,gini_ratio,idn.71,Sulawesi Utara,71,2020,Maret,0.37,index,observed,m5_gini_march,m24prov_3763d8a81cfffae70e1774b7,bps_stable32_province_2018_2025_v1,susenas_gini_march_current38,,False,False
m24obs_0d4170f0625dcd1a41d6bd54,gini_ratio,idn.71,Sulawesi Utara,71,2021,Maret,0.365,index,observed,m5_gini_march,m24prov_bab431dee7a43e7365293a9b,bps_stable32_province_2018_2025_v1,susenas_gini_march_current38,,False,False
m24obs_2af7479077cf6ae90133e8a7,gini_ratio,idn.71,Sulawesi Utara,71,2022,Maret,0.365,index,observed,m5_gini_march,m24prov_a605891cf57809d2cc212e95,bps_stable32_province_2018_2025_v1,susenas_gini_march_current38,,False,False
m24obs_d42e72693c8fed0c11a748b8,gini_ratio,idn.71,Sulawesi Utara,71,2023,Maret,0.37,index,observed,m5_gini_march,m24prov_913eafca991ebd72cc133894,bps_stable32_province_2018_2025_v1,susenas_gini_march_current38,,False,False
m24obs_6977cb0432ab0569110e198a,gini_ratio,idn.71,Sulawesi Utara,71,2024,Maret,0.36,index,observed,m5_gini_march,m24prov_31575ab730cd1c8f44a59a31,bps_stable32_province_2018_2025_v1,susenas_gini_march_current38,,False,False
m24obs_d5d3c3cf01d0a30d769c0b82,gini_ratio,idn.71,Sulawesi Utara,71,2025,Maret,0.343,index,observed,m5_gini_march,m24prov_9325ac10d2e17606bcf2fdfb,bps_stable32_province_2018_2025_v1,susenas_gini_march_current38,,False,False
m24obs_bbba3e80fd6f259dddf5e42f,gini_ratio,idn.72,Sulawesi Tengah,72,2018,Maret,0.346,index,observed,m5_gini_march,m24prov_c724cf27f32bf89c883b573f,bps_stable32_province_2018_2025_v1,susenas_gini_march_current38,,False,False
m24obs_ec834d1ec44fe7b4ec7306ed,gini_ratio,idn.72,Sulawesi Tengah,72,2019,Maret,0.327,index,observed,m5_gini_march,m24prov_014acb2b7f4370048fd94c16,bps_stable32_province_2018_2025_v1,susenas_gini_march_current38,,False,False
m24obs_fe95afe4a530f2207c8d188b,gini_ratio,idn.72,Sulawesi Tengah,72,2020,Maret,0.326,index,observed,m5_gini_march,m24prov_3763d8a81cfffae70e1774b7,bps_stable32_province_2018_2025_v1,susenas_gini_march_current38,,False,False
m24obs_d816b38c5a5949c99fa5fc36,gini_ratio,idn.72,Sulawesi Tengah,72,2021,Maret,0.316,index,observed,m5_gini_march,m24prov_bab431dee7a43e7365293a9b,bps_stable32_province_2018_2025_v1,susenas_gini_march_current38,,False,False
m24obs_569fc6b7decd11a4414a6bb0,gini_ratio,idn.72,Sulawesi Tengah,72,2022,Maret,0.308,index,observed,m5_gini_march,m24prov_a605891cf57809d2cc212e95,bps_stable32_province_2018_2025_v1,susenas_gini_march_current38,,False,False
m24obs_ae691022c3d0645df6a90579,gini_ratio,idn.72,Sulawesi Tengah,72,2023,Maret,0.304,index,observed,m5_gini_march,m24prov_913eafca991ebd72cc133894,bps_stable32_province_2018_2025_v1,susenas_gini_march_current38,,False,False
m24obs_bc747476d21dd74d7ff677a4,gini_ratio,idn.72,Sulawesi Tengah,72,2024,Maret,0.301,index,observed,m5_gini_march,m24prov_31575ab730cd1c8f44a59a31,bps_stable32_province_2018_2025_v1,susenas_gini_march_current38,,False,False
m24obs_9a2f6a8554a076fe1cc9bc01,gini_ratio,idn.72,Sulawesi Tengah,72,2025,Maret,0.279,index,observed,m5_gini_march,m24prov_9325ac10d2e17606bcf2fdfb,bps_stable32_province_2018_2025_v1,susenas_gini_march_current38,,False,False
m24obs_dd09ddf15d252f882320e205,gini_ratio,idn.73,Sulawesi Selatan,73,2018,Maret,0.397,index,observed,m5_gini_march,m24prov_c724cf27f32bf89c883b573f,bps_stable32_province_2018_2025_v1,susenas_gini_march_current38,,False,False
m24obs_b5baaa641124d436e68bfa10,gini_ratio,idn.73,Sulawesi Selatan,73,2019,Maret,0.389,index,observed,m5_gini_march,m24prov_014acb2b7f4370048fd94c16,bps_stable32_province_2018_2025_v1,susenas_gini_march_current38,,False,False
m24obs_5e971bfbffca94bb64320319,gini_ratio,idn.73,Sulawesi Selatan,73,2020,Maret,0.389,index,observed,m5_gini_march,m24prov_3763d8a81cfffae70e1774b7,bps_stable32_province_2018_2025_v1,susenas_gini_march_current38,,False,False
m24obs_4c30dca7fb1152135637106b,gini_ratio,idn.73,Sulawesi Selatan,73,2021,Maret,0.382,index,observed,m5_gini_march,m24prov_bab431dee7a43e7365293a9b,bps_stable32_province_2018_2025_v1,susenas_gini_march_current38,,False,False
m24obs_0186cdeafe9df6a89fdd39bc,gini_ratio,idn.73,Sulawesi Selatan,73,2022,Maret,0.377,index,observed,m5_gini_march,m24prov_a605891cf57809d2cc212e95,bps_stable32_province_2018_2025_v1,susenas_gini_march_current38,,False,False
m24obs_7df4f53b7a7a005a8799cc2b,gini_ratio,idn.73,Sulawesi Selatan,73,2023,Maret,0.377,index,observed,m5_gini_march,m24prov_913eafca991ebd72cc133894,bps_stable32_province_2018_2025_v1,susenas_gini_march_current38,,False,False
m24obs_a4dc73141002655f757bb34a,gini_ratio,idn.73,Sulawesi Selatan,73,2024,Maret,0.363,index,observed,m5_gini_march,m24prov_31575ab730cd1c8f44a59a31,bps_stable32_province_2018_2025_v1,susenas_gini_march_current38,,False,False
m24obs_ce279468ef6d5067d07b04ae,gini_ratio,idn.73,Sulawesi Selatan,73,2025,Maret,0.363,index,observed,m5_gini_march,m24prov_9325ac10d2e17606bcf2fdfb,bps_stable32_province_2018_2025_v1,susenas_gini_march_current38,,False,False
m24obs_4726b757c603ab5b10b8add7,gini_ratio,idn.74,Sulawesi Tenggara,74,2018,Maret,0.409,index,observed,m5_gini_march,m24prov_c724cf27f32bf89c883b573f,bps_stable32_province_2018_2025_v1,susenas_gini_march_current38,,False,False
m24obs_1bf4ff107d3f24de818189ea,gini_ratio,idn.74,Sulawesi Tenggara,74,2019,Maret,0.399,index,observed,m5_gini_march,m24prov_014acb2b7f4370048fd94c16,bps_stable32_province_2018_2025_v1,susenas_gini_march_current38,,False,False
m24obs_47b357bac42554944d964bc0,gini_ratio,idn.74,Sulawesi Tenggara,74,2020,Maret,0.389,index,observed,m5_gini_march,m24prov_3763d8a81cfffae70e1774b7,bps_stable32_province_2018_2025_v1,susenas_gini_march_current38,,False,False
m24obs_56c09a45067158fc6a22c969,gini_ratio,idn.74,Sulawesi Tenggara,74,2021,Maret,0.39,index,observed,m5_gini_march,m24prov_bab431dee7a43e7365293a9b,bps_stable32_province_2018_2025_v1,susenas_gini_march_current38,,False,False
m24obs_b03bb755ec25893777108342,gini_ratio,idn.74,Sulawesi Tenggara,74,2022,Maret,0.387,index,observed,m5_gini_march,m24prov_a605891cf57809d2cc212e95,bps_stable32_province_2018_2025_v1,susenas_gini_march_current38,,False,False
m24obs_28245b3698c2b71df679cd71,gini_ratio,idn.74,Sulawesi Tenggara,74,2023,Maret,0.371,index,observed,m5_gini_march,m24prov_913eafca991ebd72cc133894,bps_stable32_province_2018_2025_v1,susenas_gini_march_current38,,False,False
m24obs_fd29efa6c2e779d42b5347f3,gini_ratio,idn.74,Sulawesi Tenggara,74,2024,Maret,0.37,index,observed,m5_gini_march,m24prov_31575ab730cd1c8f44a59a31,bps_stable32_province_2018_2025_v1,susenas_gini_march_current38,,False,False
m24obs_3d7a9e22ddad6829d99e75ce,gini_ratio,idn.74,Sulawesi Tenggara,74,2025,Maret,0.363,index,observed,m5_gini_march,m24prov_9325ac10d2e17606bcf2fdfb,bps_stable32_province_2018_2025_v1,susenas_gini_march_current38,,False,False
m24obs_f9cfe26d646e7beeb0893073,gini_ratio,idn.75,Gorontalo,75,2018,Maret,0.403,index,observed,m5_gini_march,m24prov_c724cf27f32bf89c883b573f,bps_stable32_province_2018_2025_v1,susenas_gini_march_current38,,False,False
m24obs_6833d94ebc2928bfb6b40e40,gini_ratio,idn.75,Gorontalo,75,2019,Maret,0.407,index,observed,m5_gini_march,m24prov_014acb2b7f4370048fd94c16,bps_stable32_province_2018_2025_v1,susenas_gini_march_current38,,False,False
m24obs_aa0392c2977cd63bf06660a3,gini_ratio,idn.75,Gorontalo,75,2020,Maret,0.408,index,observed,m5_gini_march,m24prov_3763d8a81cfffae70e1774b7,bps_stable32_province_2018_2025_v1,susenas_gini_march_current38,,False,False
m24obs_3a0b5a07965bbf20d469fab2,gini_ratio,idn.75,Gorontalo,75,2021,Maret,0.408,index,observed,m5_gini_march,m24prov_bab431dee7a43e7365293a9b,bps_stable32_province_2018_2025_v1,susenas_gini_march_current38,,False,False
m24obs_08e7108439780a85f0ebccf1,gini_ratio,idn.75,Gorontalo,75,2022,Maret,0.418,index,observed,m5_gini_march,m24prov_a605891cf57809d2cc212e95,bps_stable32_province_2018_2025_v1,susenas_gini_march_current38,,False,False
m24obs_5a6f0b6144b505622f3e2a1a,gini_ratio,idn.75,Gorontalo,75,2023,Maret,0.417,index,observed,m5_gini_march,m24prov_913eafca991ebd72cc133894,bps_stable32_province_2018_2025_v1,susenas_gini_march_current38,,False,False
m24obs_338d1b5775710cb57f8006ea,gini_ratio,idn.75,Gorontalo,75,2024,Maret,0.414,index,observed,m5_gini_march,m24prov_31575ab730cd1c8f44a59a31,bps_stable32_province_2018_2025_v1,susenas_gini_march_current38,,False,False
m24obs_4df765154b3f869ab286f88b,gini_ratio,idn.75,Gorontalo,75,2025,Maret,0.392,index,observed,m5_gini_march,m24prov_9325ac10d2e17606bcf2fdfb,bps_stable32_province_2018_2025_v1,susenas_gini_march_current38,,False,False
m24obs_af9293527cbd689dbcddb75a,gini_ratio,idn.76,Sulawesi Barat,76,2018,Maret,0.37,index,observed,m5_gini_march,m24prov_c724cf27f32bf89c883b573f,bps_stable32_province_2018_2025_v1,susenas_gini_march_current38,,False,False
m24obs_aed7d55e301007ab500a5629,gini_ratio,idn.76,Sulawesi Barat,76,2019,Maret,0.365,index,observed,m5_gini_march,m24prov_014acb2b7f4370048fd94c16,bps_stable32_province_2018_2025_v1,susenas_gini_march_current38,,False,False
m24obs_35f672b40932d4b31a414fdb,gini_ratio,idn.76,Sulawesi Barat,76,2020,Maret,0.364,index,observed,m5_gini_march,m24prov_3763d8a81cfffae70e1774b7,bps_stable32_province_2018_2025_v1,susenas_gini_march_current38,,False,False
m24obs_5de2df18257af7d2068e8fba,gini_ratio,idn.76,Sulawesi Barat,76,2021,Maret,0.356,index,observed,m5_gini_march,m24prov_bab431dee7a43e7365293a9b,bps_stable32_province_2018_2025_v1,susenas_gini_march_current38,,False,False
m24obs_883e22800a271dfaf2eaea35,gini_ratio,idn.76,Sulawesi Barat,76,2022,Maret,0.362,index,observed,m5_gini_march,m24prov_a605891cf57809d2cc212e95,bps_stable32_province_2018_2025_v1,susenas_gini_march_current38,,False,False
m24obs_25d446abfc7d10c4a00aebb6,gini_ratio,idn.76,Sulawesi Barat,76,2023,Maret,0.351,index,observed,m5_gini_march,m24prov_913eafca991ebd72cc133894,bps_stable32_province_2018_2025_v1,susenas_gini_march_current38,,False,False
m24obs_95899de883fa69cfb5fdfcaf,gini_ratio,idn.76,Sulawesi Barat,76,2024,Maret,0.354,index,observed,m5_gini_march,m24prov_31575ab730cd1c8f44a59a31,bps_stable32_province_2018_2025_v1,susenas_gini_march_current38,,False,False
m24obs_4f2e39dead3140c8bb517fb2,gini_ratio,idn.76,Sulawesi Barat,76,2025,Maret,0.316,index,observed,m5_gini_march,m24prov_9325ac10d2e17606bcf2fdfb,bps_stable32_province_2018_2025_v1,susenas_gini_march_current38,,False,False
m24obs_5fc6a094d3e9d75adaa7402a,gini_ratio,idn.81,Maluku,81,2018,Maret,0.343,index,observed,m5_gini_march,m24prov_c724cf27f32bf89c883b573f,bps_stable32_province_2018_2025_v1,susenas_gini_march_current38,,False,False
m24obs_b921ed6a040167afbb6bd3fc,gini_ratio,idn.81,Maluku,81,2019,Maret,0.324,index,observed,m5_gini_march,m24prov_014acb2b7f4370048fd94c16,bps_stable32_province_2018_2025_v1,susenas_gini_march_current38,,False,False
m24obs_aadb7e1342a6e43dd40f4c2e,gini_ratio,idn.81,Maluku,81,2020,Maret,0.318,index,observed,m5_gini_march,m24prov_3763d8a81cfffae70e1774b7,bps_stable32_province_2018_2025_v1,susenas_gini_march_current38,,False,False
m24obs_8bbf498901c325471b797855,gini_ratio,idn.81,Maluku,81,2021,Maret,0.314,index,observed,m5_gini_march,m24prov_bab431dee7a43e7365293a9b,bps_stable32_province_2018_2025_v1,susenas_gini_march_current38,,False,False
m24obs_f09752fa093556a5f86d1240,gini_ratio,idn.81,Maluku,81,2022,Maret,0.301,index,observed,m5_gini_march,m24prov_a605891cf57809d2cc212e95,bps_stable32_province_2018_2025_v1,susenas_gini_march_current38,,False,False
m24obs_9963465b0f81746ec1f3d561,gini_ratio,idn.81,Maluku,81,2023,Maret,0.288,index,observed,m5_gini_march,m24prov_913eafca991ebd72cc133894,bps_stable32_province_2018_2025_v1,susenas_gini_march_current38,,False,False
m24obs_c48dec32220a86d10eb08608,gini_ratio,idn.81,Maluku,81,2024,Maret,0.282,index,observed,m5_gini_march,m24prov_31575ab730cd1c8f44a59a31,bps_stable32_province_2018_2025_v1,susenas_gini_march_current38,,False,False
m24obs_f331a304219b3cc30efdd5a0,gini_ratio,idn.81,Maluku,81,2025,Maret,0.296,index,observed,m5_gini_march,m24prov_9325ac10d2e17606bcf2fdfb,bps_stable32_province_2018_2025_v1,susenas_gini_march_current38,,False,False
m24obs_7ae28f3309e4d0dced931926,gini_ratio,idn.82,Maluku Utara,82,2018,Maret,0.328,index,observed,m5_gini_march,m24prov_c724cf27f32bf89c883b573f,bps_stable32_province_2018_2025_v1,susenas_gini_march_current38,,False,False
m24obs_865249333b520d42cd4dd25d,gini_ratio,idn.82,Maluku Utara,82,2019,Maret,0.312,index,observed,m5_gini_march,m24prov_014acb2b7f4370048fd94c16,bps_stable32_province_2018_2025_v1,susenas_gini_march_current38,,False,False
m24obs_f65bc04750ee0447afb4d94d,gini_ratio,idn.82,Maluku Utara,82,2020,Maret,0.308,index,observed,m5_gini_march,m24prov_3763d8a81cfffae70e1774b7,bps_stable32_province_2018_2025_v1,susenas_gini_march_current38,,False,False
m24obs_3b6a4d894267f17f8794d2f5,gini_ratio,idn.82,Maluku Utara,82,2021,Maret,0.3,index,observed,m5_gini_march,m24prov_bab431dee7a43e7365293a9b,bps_stable32_province_2018_2025_v1,susenas_gini_march_current38,,False,False
m24obs_b2bf3c6828c5e1336b78df31,gini_ratio,idn.82,Maluku Utara,82,2022,Maret,0.279,index,observed,m5_gini_march,m24prov_a605891cf57809d2cc212e95,bps_stable32_province_2018_2025_v1,susenas_gini_march_current38,,False,False
m24obs_4110e8f9d6e404466e5cbfa4,gini_ratio,idn.82,Maluku Utara,82,2023,Maret,0.3,index,observed,m5_gini_march,m24prov_913eafca991ebd72cc133894,bps_stable32_province_2018_2025_v1,susenas_gini_march_current38,,False,False
m24obs_68ae0bf04b9b90d4d5499536,gini_ratio,idn.82,Maluku Utara,82,2024,Maret,0.316,index,observed,m5_gini_march,m24prov_31575ab730cd1c8f44a59a31,bps_stable32_province_2018_2025_v1,susenas_gini_march_current38,,False,False
m24obs_528b286cb0ea86868216ec63,gini_ratio,idn.82,Maluku Utara,82,2025,Maret,0.299,index,observed,m5_gini_march,m24prov_9325ac10d2e17606bcf2fdfb,bps_stable32_province_2018_2025_v1,susenas_gini_march_current38,,False,False
m24obs_33871b5f35bdbd0842dd90a3,neet_rate,idn.11,Aceh,11,2018,source_annual_period,22.77,percent,observed,m5_neet_source_period,m24prov_fa0404aa388a46e9164bbc73,bps_stable32_province_2018_2025_v1,sakernas_neet_15_24_current38,,False,False
m24obs_b857d3a3fd364531ecc3fc53,neet_rate,idn.11,Aceh,11,2019,source_annual_period,23.61,percent,observed,m5_neet_source_period,m24prov_7c10d88a71451027e5087960,bps_stable32_province_2018_2025_v1,sakernas_neet_15_24_current38,,False,False
m24obs_83f46476cecc0738ed5fd023,neet_rate,idn.11,Aceh,11,2020,source_annual_period,23.6,percent,observed,m5_neet_source_period,m24prov_ae62c1ac5d23d1345e6aed1e,bps_stable32_province_2018_2025_v1,sakernas_neet_15_24_current38,,False,False
m24obs_4b0d4803be4f0c23f2135339,neet_rate,idn.11,Aceh,11,2021,source_annual_period,24.38,percent,observed,m5_neet_source_period,m24prov_9569ab2eb1682be14690cf02,bps_stable32_province_2018_2025_v1,sakernas_neet_15_24_current38,,False,False
m24obs_1ea048af4c76aa35c7604abf,neet_rate,idn.11,Aceh,11,2022,source_annual_period,28.99,percent,observed,m5_neet_source_period,m24prov_4a02e6dcca812aa38cc5362c,bps_stable32_province_2018_2025_v1,sakernas_neet_15_24_current38,,False,False
m24obs_7061d49be8edaa676f342efc,neet_rate,idn.11,Aceh,11,2023,source_annual_period,29.02,percent,observed,m5_neet_source_period,m24prov_8b23ac4022ad918a063bc92f,bps_stable32_province_2018_2025_v1,sakernas_neet_15_24_current38,,False,False
m24obs_77f720cceea668aa9cb72f68,neet_rate,idn.11,Aceh,11,2024,source_annual_period,28.56,percent,observed,m5_neet_source_period,m24prov_5f44d02b5481880e37d26d54,bps_stable32_province_2018_2025_v1,sakernas_neet_15_24_current38,,False,False
m24obs_3f6c94b4f1446b3cccfef97f,neet_rate,idn.11,Aceh,11,2025,source_annual_period,24.52,percent,observed,m5_neet_source_period,m24prov_e5925e2ab2cd9425b9e6ea8a,bps_stable32_province_2018_2025_v1,sakernas_neet_15_24_current38,,False,False
m24obs_144d8b9ac2d0709593a530fb,neet_rate,idn.12,Sumatera Utara,12,2018,source_annual_period,18.46,percent,observed,m5_neet_source_period,m24prov_fa0404aa388a46e9164bbc73,bps_stable32_province_2018_2025_v1,sakernas_neet_15_24_current38,,False,False
m24obs_ca003d49c8e27e8cefa312b1,neet_rate,idn.12,Sumatera Utara,12,2019,source_annual_period,18.71,percent,observed,m5_neet_source_period,m24prov_7c10d88a71451027e5087960,bps_stable32_province_2018_2025_v1,sakernas_neet_15_24_current38,,False,False
m24obs_dd36fa93d006606b7fa3cb79,neet_rate,idn.12,Sumatera Utara,12,2020,source_annual_period,22.87,percent,observed,m5_neet_source_period,m24prov_ae62c1ac5d23d1345e6aed1e,bps_stable32_province_2018_2025_v1,sakernas_neet_15_24_current38,,False,False
m24obs_171077b7e2418e40f9ba68c5,neet_rate,idn.12,Sumatera Utara,12,2021,source_annual_period,20.29,percent,observed,m5_neet_source_period,m24prov_9569ab2eb1682be14690cf02,bps_stable32_province_2018_2025_v1,sakernas_neet_15_24_current38,,False,False
m24obs_dbcd9fd7e22574814e5b9df2,neet_rate,idn.12,Sumatera Utara,12,2022,source_annual_period,20.71,percent,observed,m5_neet_source_period,m24prov_4a02e6dcca812aa38cc5362c,bps_stable32_province_2018_2025_v1,sakernas_neet_15_24_current38,,False,False
m24obs_69d3d7b996d1b9e560dd13a6,neet_rate,idn.12,Sumatera Utara,12,2023,source_annual_period,20.08,percent,observed,m5_neet_source_period,m24prov_8b23ac4022ad918a063bc92f,bps_stable32_province_2018_2025_v1,sakernas_neet_15_24_current38,,False,False
m24obs_ebb3d7bcf9158f440211424f,neet_rate,idn.12,Sumatera Utara,12,2024,source_annual_period,19.78,percent,observed,m5_neet_source_period,m24prov_5f44d02b5481880e37d26d54,bps_stable32_province_2018_2025_v1,sakernas_neet_15_24_current38,,False,False
m24obs_3f21979f5e1a815aa038e4bb,neet_rate,idn.12,Sumatera Utara,12,2025,source_annual_period,17.42,percent,observed,m5_neet_source_period,m24prov_e5925e2ab2cd9425b9e6ea8a,bps_stable32_province_2018_2025_v1,sakernas_neet_15_24_current38,,False,False
m24obs_2bd864674a6b6951cfe9c85a,neet_rate,idn.13,Sumatera Barat,13,2018,source_annual_period,20.5,percent,observed,m5_neet_source_period,m24prov_fa0404aa388a46e9164bbc73,bps_stable32_province_2018_2025_v1,sakernas_neet_15_24_current38,,False,False
m24obs_f1f48db63a909629efb4eb44,neet_rate,idn.13,Sumatera Barat,13,2019,source_annual_period,19.93,percent,observed,m5_neet_source_period,m24prov_7c10d88a71451027e5087960,bps_stable32_province_2018_2025_v1,sakernas_neet_15_24_current38,,False,False
m24obs_fac1ec0625165690462a3932,neet_rate,idn.13,Sumatera Barat,13,2020,source_annual_period,20.46,percent,observed,m5_neet_source_period,m24prov_ae62c1ac5d23d1345e6aed1e,bps_stable32_province_2018_2025_v1,sakernas_neet_15_24_current38,,False,False
m24obs_3cf4a2859bc358fa8238ff06,neet_rate,idn.13,Sumatera Barat,13,2021,source_annual_period,18.78,percent,observed,m5_neet_source_period,m24prov_9569ab2eb1682be14690cf02,bps_stable32_province_2018_2025_v1,sakernas_neet_15_24_current38,,False,False
m24obs_e45cfca3aff3b44547249f03,neet_rate,idn.13,Sumatera Barat,13,2022,source_annual_period,20.23,percent,observed,m5_neet_source_period,m24prov_4a02e6dcca812aa38cc5362c,bps_stable32_province_2018_2025_v1,sakernas_neet_15_24_current38,,False,False
m24obs_804de4ce8e8a38cb34df2122,neet_rate,idn.13,Sumatera Barat,13,2023,source_annual_period,23,percent,observed,m5_neet_source_period,m24prov_8b23ac4022ad918a063bc92f,bps_stable32_province_2018_2025_v1,sakernas_neet_15_24_current38,,False,False
m24obs_c2b62d5cbcf0d32068be52ac,neet_rate,idn.13,Sumatera Barat,13,2024,source_annual_period,21.31,percent,observed,m5_neet_source_period,m24prov_5f44d02b5481880e37d26d54,bps_stable32_province_2018_2025_v1,sakernas_neet_15_24_current38,,False,False
m24obs_f97ea87fadcac4ac4852e0c7,neet_rate,idn.13,Sumatera Barat,13,2025,source_annual_period,18.42,percent,observed,m5_neet_source_period,m24prov_e5925e2ab2cd9425b9e6ea8a,bps_stable32_province_2018_2025_v1,sakernas_neet_15_24_current38,,False,False
m24obs_97e6a9a9fd4b20ff26438e77,neet_rate,idn.14,Riau,14,2018,source_annual_period,23.79,percent,observed,m5_neet_source_period,m24prov_fa0404aa388a46e9164bbc73,bps_stable32_province_2018_2025_v1,sakernas_neet_15_24_current38,,False,False
m24obs_f4a31b7c647dd79b8e6bcee0,neet_rate,idn.14,Riau,14,2019,source_annual_period,22.66,percent,observed,m5_neet_source_period,m24prov_7c10d88a71451027e5087960,bps_stable32_province_2018_2025_v1,sakernas_neet_15_24_current38,,False,False
m24obs_4b34d67cc48d4599b0197120,neet_rate,idn.14,Riau,14,2020,source_annual_period,23.62,percent,observed,m5_neet_source_period,m24prov_ae62c1ac5d23d1345e6aed1e,bps_stable32_province_2018_2025_v1,sakernas_neet_15_24_current38,,False,False
m24obs_df963f59ead19c35c7fffac6,neet_rate,idn.14,Riau,14,2021,source_annual_period,21.11,percent,observed,m5_neet_source_period,m24prov_9569ab2eb1682be14690cf02,bps_stable32_province_2018_2025_v1,sakernas_neet_15_24_current38,,False,False
m24obs_824e9f6fa0ce3df06b983950,neet_rate,idn.14,Riau,14,2022,source_annual_period,24.33,percent,observed,m5_neet_source_period,m24prov_4a02e6dcca812aa38cc5362c,bps_stable32_province_2018_2025_v1,sakernas_neet_15_24_current38,,False,False
m24obs_18d58c1e1b482acaa2e4d283,neet_rate,idn.14,Riau,14,2023,source_annual_period,23.26,percent,observed,m5_neet_source_period,m24prov_8b23ac4022ad918a063bc92f,bps_stable32_province_2018_2025_v1,sakernas_neet_15_24_current38,,False,False
m24obs_c552ff136d6bd61921b87412,neet_rate,idn.14,Riau,14,2024,source_annual_period,21.79,percent,observed,m5_neet_source_period,m24prov_5f44d02b5481880e37d26d54,bps_stable32_province_2018_2025_v1,sakernas_neet_15_24_current38,,False,False
m24obs_2f32bf89bbf644bef10c6c3d,neet_rate,idn.14,Riau,14,2025,source_annual_period,19.49,percent,observed,m5_neet_source_period,m24prov_e5925e2ab2cd9425b9e6ea8a,bps_stable32_province_2018_2025_v1,sakernas_neet_15_24_current38,,False,False
m24obs_48c12445cb1479743b018568,neet_rate,idn.15,Jambi,15,2018,source_annual_period,20.78,percent,observed,m5_neet_source_period,m24prov_fa0404aa388a46e9164bbc73,bps_stable32_province_2018_2025_v1,sakernas_neet_15_24_current38,,False,False
m24obs_7c26205a64cede5c8796c590,neet_rate,idn.15,Jambi,15,2019,source_annual_period,22.81,percent,observed,m5_neet_source_period,m24prov_7c10d88a71451027e5087960,bps_stable32_province_2018_2025_v1,sakernas_neet_15_24_current38,,False,False
m24obs_1fbf2105c5f8d89f7d858b1a,neet_rate,idn.15,Jambi,15,2020,source_annual_period,22.66,percent,observed,m5_neet_source_period,m24prov_ae62c1ac5d23d1345e6aed1e,bps_stable32_province_2018_2025_v1,sakernas_neet_15_24_current38,,False,False
m24obs_70f9b736e69d9ffa073156e6,neet_rate,idn.15,Jambi,15,2021,source_annual_period,21.76,percent,observed,m5_neet_source_period,m24prov_9569ab2eb1682be14690cf02,bps_stable32_province_2018_2025_v1,sakernas_neet_15_24_current38,,False,False
m24obs_cce7d0589a9b201451f130ce,neet_rate,idn.15,Jambi,15,2022,source_annual_period,23.86,percent,observed,m5_neet_source_period,m24prov_4a02e6dcca812aa38cc5362c,bps_stable32_province_2018_2025_v1,sakernas_neet_15_24_current38,,False,False
m24obs_1e5760a30277f30606474c08,neet_rate,idn.15,Jambi,15,2023,source_annual_period,22.26,percent,observed,m5_neet_source_period,m24prov_8b23ac4022ad918a063bc92f,bps_stable32_province_2018_2025_v1,sakernas_neet_15_24_current38,,False,False
m24obs_19fc8378a275cc5f8b7cb3ce,neet_rate,idn.15,Jambi,15,2024,source_annual_period,20.71,percent,observed,m5_neet_source_period,m24prov_5f44d02b5481880e37d26d54,bps_stable32_province_2018_2025_v1,sakernas_neet_15_24_current38,,False,False
m24obs_2b78fc12c4e99c384228daf5,neet_rate,idn.15,Jambi,15,2025,source_annual_period,19.46,percent,observed,m5_neet_source_period,m24prov_e5925e2ab2cd9425b9e6ea8a,bps_stable32_province_2018_2025_v1,sakernas_neet_15_24_current38,,False,False
m24obs_6e38a8abc276dfb3337aa7cd,neet_rate,idn.16,Sumatera Selatan,16,2018,source_annual_period,23.35,percent,observed,m5_neet_source_period,m24prov_fa0404aa388a46e9164bbc73,bps_stable32_province_2018_2025_v1,sakernas_neet_15_24_current38,,False,False
m24obs_614bb6e14b22d853d3193392,neet_rate,idn.16,Sumatera Selatan,16,2019,source_annual_period,22.78,percent,observed,m5_neet_source_period,m24prov_7c10d88a71451027e5087960,bps_stable32_province_2018_2025_v1,sakernas_neet_15_24_current38,,False,False
m24obs_3b6771ed5e3f6e9cf7b7f37f,neet_rate,idn.16,Sumatera Selatan,16,2020,source_annual_period,25.55,percent,observed,m5_neet_source_period,m24prov_ae62c1ac5d23d1345e6aed1e,bps_stable32_province_2018_2025_v1,sakernas_neet_15_24_current38,,False,False
m24obs_ae35d4cdde708120ae8fb7d9,neet_rate,idn.16,Sumatera Selatan,16,2021,source_annual_period,25.38,percent,observed,m5_neet_source_period,m24prov_9569ab2eb1682be14690cf02,bps_stable32_province_2018_2025_v1,sakernas_neet_15_24_current38,,False,False
m24obs_b7c20aa36c84c92f6de55698,neet_rate,idn.16,Sumatera Selatan,16,2022,source_annual_period,25.32,percent,observed,m5_neet_source_period,m24prov_4a02e6dcca812aa38cc5362c,bps_stable32_province_2018_2025_v1,sakernas_neet_15_24_current38,,False,False
m24obs_6c23661b129ea079e2cdd101,neet_rate,idn.16,Sumatera Selatan,16,2023,source_annual_period,23.37,percent,observed,m5_neet_source_period,m24prov_8b23ac4022ad918a063bc92f,bps_stable32_province_2018_2025_v1,sakernas_neet_15_24_current38,,False,False
m24obs_f13a5b9ac9654bf7f104207a,neet_rate,idn.16,Sumatera Selatan,16,2024,source_annual_period,23.36,percent,observed,m5_neet_source_period,m24prov_5f44d02b5481880e37d26d54,bps_stable32_province_2018_2025_v1,sakernas_neet_15_24_current38,,False,False
m24obs_6a776e74451e81af8633c8ac,neet_rate,idn.16,Sumatera Selatan,16,2025,source_annual_period,21.35,percent,observed,m5_neet_source_period,m24prov_e5925e2ab2cd9425b9e6ea8a,bps_stable32_province_2018_2025_v1,sakernas_neet_15_24_current38,,False,False
m24obs_59fe1d98ce11f8b2e9c4258b,neet_rate,idn.17,Bengkulu,17,2018,source_annual_period,20.77,percent,observed,m5_neet_source_period,m24prov_fa0404aa388a46e9164bbc73,bps_stable32_province_2018_2025_v1,sakernas_neet_15_24_current38,,False,False
m24obs_bff6bc47a8ccea4d105e67e2,neet_rate,idn.17,Bengkulu,17,2019,source_annual_period,20.51,percent,observed,m5_neet_source_period,m24prov_7c10d88a71451027e5087960,bps_stable32_province_2018_2025_v1,sakernas_neet_15_24_current38,,False,False
m24obs_5d0e5d92c8212acd6ecc1b49,neet_rate,idn.17,Bengkulu,17,2020,source_annual_period,20.63,percent,observed,m5_neet_source_period,m24prov_ae62c1ac5d23d1345e6aed1e,bps_stable32_province_2018_2025_v1,sakernas_neet_15_24_current38,,False,False
m24obs_2ad23f709b3da86475999dd6,neet_rate,idn.17,Bengkulu,17,2021,source_annual_period,22.75,percent,observed,m5_neet_source_period,m24prov_9569ab2eb1682be14690cf02,bps_stable32_province_2018_2025_v1,sakernas_neet_15_24_current38,,False,False
m24obs_784340515051900913814099,neet_rate,idn.17,Bengkulu,17,2022,source_annual_period,22.49,percent,observed,m5_neet_source_period,m24prov_4a02e6dcca812aa38cc5362c,bps_stable32_province_2018_2025_v1,sakernas_neet_15_24_current38,,False,False
m24obs_edc47d600139d4ba8de3eab7,neet_rate,idn.17,Bengkulu,17,2023,source_annual_period,21.77,percent,observed,m5_neet_source_period,m24prov_8b23ac4022ad918a063bc92f,bps_stable32_province_2018_2025_v1,sakernas_neet_15_24_current38,,False,False
m24obs_87f86e2791eacdd69784ec8f,neet_rate,idn.17,Bengkulu,17,2024,source_annual_period,20.92,percent,observed,m5_neet_source_period,m24prov_5f44d02b5481880e37d26d54,bps_stable32_province_2018_2025_v1,sakernas_neet_15_24_current38,,False,False
m24obs_c237ea7d411d63040192365d,neet_rate,idn.17,Bengkulu,17,2025,source_annual_period,18.61,percent,observed,m5_neet_source_period,m24prov_e5925e2ab2cd9425b9e6ea8a,bps_stable32_province_2018_2025_v1,sakernas_neet_15_24_current38,,False,False
m24obs_ea15ca6d8527792c9b924ccf,neet_rate,idn.18,Lampung,18,2018,source_annual_period,23.42,percent,observed,m5_neet_source_period,m24prov_fa0404aa388a46e9164bbc73,bps_stable32_province_2018_2025_v1,sakernas_neet_15_24_current38,,False,False
m24obs_b8fcc0684df8c40728f832b7,neet_rate,idn.18,Lampung,18,2019,source_annual_period,22.84,percent,observed,m5_neet_source_period,m24prov_7c10d88a71451027e5087960,bps_stable32_province_2018_2025_v1,sakernas_neet_15_24_current38,,False,False
m24obs_9ef2b0e87ecf0295d8b4821f,neet_rate,idn.18,Lampung,18,2020,source_annual_period,23.35,percent,observed,m5_neet_source_period,m24prov_ae62c1ac5d23d1345e6aed1e,bps_stable32_province_2018_2025_v1,sakernas_neet_15_24_current38,,False,False
m24obs_812988f391ebcef07f721e83,neet_rate,idn.18,Lampung,18,2021,source_annual_period,22.09,percent,observed,m5_neet_source_period,m24prov_9569ab2eb1682be14690cf02,bps_stable32_province_2018_2025_v1,sakernas_neet_15_24_current38,,False,False
m24obs_738cda8fbcb7c8c3fb261343,neet_rate,idn.18,Lampung,18,2022,source_annual_period,22.63,percent,observed,m5_neet_source_period,m24prov_4a02e6dcca812aa38cc5362c,bps_stable32_province_2018_2025_v1,sakernas_neet_15_24_current38,,False,False
m24obs_5db57d4ebe816c3d84770e83,neet_rate,idn.18,Lampung,18,2023,source_annual_period,22.32,percent,observed,m5_neet_source_period,m24prov_8b23ac4022ad918a063bc92f,bps_stable32_province_2018_2025_v1,sakernas_neet_15_24_current38,,False,False
m24obs_81189ab7c8ce70a5ec2d98b6,neet_rate,idn.18,Lampung,18,2024,source_annual_period,22.53,percent,observed,m5_neet_source_period,m24prov_5f44d02b5481880e37d26d54,bps_stable32_province_2018_2025_v1,sakernas_neet_15_24_current38,,False,False
m24obs_ff649c7daf6e54053566ee08,neet_rate,idn.18,Lampung,18,2025,source_annual_period,18.07,percent,observed,m5_neet_source_period,m24prov_e5925e2ab2cd9425b9e6ea8a,bps_stable32_province_2018_2025_v1,sakernas_neet_15_24_current38,,False,False
m24obs_0b593a48c8859734301715af,neet_rate,idn.19,Kepulauan Bangka Belitung,19,2018,source_annual_period,21.56,percent,observed,m5_neet_source_period,m24prov_fa0404aa388a46e9164bbc73,bps_stable32_province_2018_2025_v1,sakernas_neet_15_24_current38,,False,False
m24obs_6dfff5cd8f7e7e657fb580eb,neet_rate,idn.19,Kepulauan Bangka Belitung,19,2019,source_annual_period,22.65,percent,observed,m5_neet_source_period,m24prov_7c10d88a71451027e5087960,bps_stable32_province_2018_2025_v1,sakernas_neet_15_24_current38,,False,False
m24obs_75858e4f6946253da0dc63ab,neet_rate,idn.19,Kepulauan Bangka Belitung,19,2020,source_annual_period,27.34,percent,observed,m5_neet_source_period,m24prov_ae62c1ac5d23d1345e6aed1e,bps_stable32_province_2018_2025_v1,sakernas_neet_15_24_current38,,False,False
m24obs_0455641bbea81a857827fcaf,neet_rate,idn.19,Kepulauan Bangka Belitung,19,2021,source_annual_period,24.38,percent,observed,m5_neet_source_period,m24prov_9569ab2eb1682be14690cf02,bps_stable32_province_2018_2025_v1,sakernas_neet_15_24_current38,,False,False
m24obs_2bdad810b2cced4a1019804e,neet_rate,idn.19,Kepulauan Bangka Belitung,19,2022,source_annual_period,21.87,percent,observed,m5_neet_source_period,m24prov_4a02e6dcca812aa38cc5362c,bps_stable32_province_2018_2025_v1,sakernas_neet_15_24_current38,,False,False
m24obs_b449d68cec6716165b81c2e6,neet_rate,idn.19,Kepulauan Bangka Belitung,19,2023,source_annual_period,21.3,percent,observed,m5_neet_source_period,m24prov_8b23ac4022ad918a063bc92f,bps_stable32_province_2018_2025_v1,sakernas_neet_15_24_current38,,False,False
m24obs_eee8715b7d0f6ba69d173cfc,neet_rate,idn.19,Kepulauan Bangka Belitung,19,2024,source_annual_period,21.26,percent,observed,m5_neet_source_period,m24prov_5f44d02b5481880e37d26d54,bps_stable32_province_2018_2025_v1,sakernas_neet_15_24_current38,,False,False
m24obs_7c5cb46aeca69c36ce8b9b3c,neet_rate,idn.19,Kepulauan Bangka Belitung,19,2025,source_annual_period,18.16,percent,observed,m5_neet_source_period,m24prov_e5925e2ab2cd9425b9e6ea8a,bps_stable32_province_2018_2025_v1,sakernas_neet_15_24_current38,,False,False
m24obs_c918fe94aaed2205e8321704,neet_rate,idn.21,Kepulauan Riau,21,2018,source_annual_period,19.74,percent,observed,m5_neet_source_period,m24prov_fa0404aa388a46e9164bbc73,bps_stable32_province_2018_2025_v1,sakernas_neet_15_24_current38,,False,False
m24obs_e0589563c0a19665148e0416,neet_rate,idn.21,Kepulauan Riau,21,2019,source_annual_period,16.55,percent,observed,m5_neet_source_period,m24prov_7c10d88a71451027e5087960,bps_stable32_province_2018_2025_v1,sakernas_neet_15_24_current38,,False,False
m24obs_fc65a33375d6de7b20703edc,neet_rate,idn.21,Kepulauan Riau,21,2020,source_annual_period,20.71,percent,observed,m5_neet_source_period,m24prov_ae62c1ac5d23d1345e6aed1e,bps_stable32_province_2018_2025_v1,sakernas_neet_15_24_current38,,False,False
m24obs_09fbc7efdc55805774b806b5,neet_rate,idn.21,Kepulauan Riau,21,2021,source_annual_period,16.42,percent,observed,m5_neet_source_period,m24prov_9569ab2eb1682be14690cf02,bps_stable32_province_2018_2025_v1,sakernas_neet_15_24_current38,,False,False
m24obs_6d00f78b5b41189143a2e0d8,neet_rate,idn.21,Kepulauan Riau,21,2022,source_annual_period,18.74,percent,observed,m5_neet_source_period,m24prov_4a02e6dcca812aa38cc5362c,bps_stable32_province_2018_2025_v1,sakernas_neet_15_24_current38,,False,False
m24obs_38a2e355854eba4df2eec571,neet_rate,idn.21,Kepulauan Riau,21,2023,source_annual_period,15.04,percent,observed,m5_neet_source_period,m24prov_8b23ac4022ad918a063bc92f,bps_stable32_province_2018_2025_v1,sakernas_neet_15_24_current38,,False,False
m24obs_2a0910cd004a8b17677a6ea4,neet_rate,idn.21,Kepulauan Riau,21,2024,source_annual_period,14.52,percent,observed,m5_neet_source_period,m24prov_5f44d02b5481880e37d26d54,bps_stable32_province_2018_2025_v1,sakernas_neet_15_24_current38,,False,False
m24obs_3a9c1a06115845d4885122c5,neet_rate,idn.21,Kepulauan Riau,21,2025,source_annual_period,16.16,percent,observed,m5_neet_source_period,m24prov_e5925e2ab2cd9425b9e6ea8a,bps_stable32_province_2018_2025_v1,sakernas_neet_15_24_current38,,False,False
m24obs_d4095e806ed5d4994997752b,neet_rate,idn.31,DKI Jakarta,31,2018,source_annual_period,16.98,percent,observed,m5_neet_source_period,m24prov_fa0404aa388a46e9164bbc73,bps_stable32_province_2018_2025_v1,sakernas_neet_15_24_current38,,False,False
m24obs_2b2a5191349a4c905cdc9455,neet_rate,idn.31,DKI Jakarta,31,2019,source_annual_period,15.41,percent,observed,m5_neet_source_period,m24prov_7c10d88a71451027e5087960,bps_stable32_province_2018_2025_v1,sakernas_neet_15_24_current38,,False,False
m24obs_a456d808d9a98317daf129f6,neet_rate,idn.31,DKI Jakarta,31,2020,source_annual_period,20.13,percent,observed,m5_neet_source_period,m24prov_ae62c1ac5d23d1345e6aed1e,bps_stable32_province_2018_2025_v1,sakernas_neet_15_24_current38,,False,False
m24obs_ebb73db4d1a9f459e9bbafe7,neet_rate,idn.31,DKI Jakarta,31,2021,source_annual_period,20.47,percent,observed,m5_neet_source_period,m24prov_9569ab2eb1682be14690cf02,bps_stable32_province_2018_2025_v1,sakernas_neet_15_24_current38,,False,False
m24obs_58b60b11edba945301733ea2,neet_rate,idn.31,DKI Jakarta,31,2022,source_annual_period,17.19,percent,observed,m5_neet_source_period,m24prov_4a02e6dcca812aa38cc5362c,bps_stable32_province_2018_2025_v1,sakernas_neet_15_24_current38,,False,False
m24obs_262dba252cda67fead30b813,neet_rate,idn.31,DKI Jakarta,31,2023,source_annual_period,15.49,percent,observed,m5_neet_source_period,m24prov_8b23ac4022ad918a063bc92f,bps_stable32_province_2018_2025_v1,sakernas_neet_15_24_current38,,False,False
m24obs_56b4c28002458ac89db88b5b,neet_rate,idn.31,DKI Jakarta,31,2024,source_annual_period,15.19,percent,observed,m5_neet_source_period,m24prov_5f44d02b5481880e37d26d54,bps_stable32_province_2018_2025_v1,sakernas_neet_15_24_current38,,False,False
m24obs_a031b6202ecb2f34c4563ca4,neet_rate,idn.31,DKI Jakarta,31,2025,source_annual_period,12.83,percent,observed,m5_neet_source_period,m24prov_e5925e2ab2cd9425b9e6ea8a,bps_stable32_province_2018_2025_v1,sakernas_neet_15_24_current38,,False,False
m24obs_94017f8cec74b7bfdb5212ad,neet_rate,idn.32,Jawa Barat,32,2018,source_annual_period,26.22,percent,observed,m5_neet_source_period,m24prov_fa0404aa388a46e9164bbc73,bps_stable32_province_2018_2025_v1,sakernas_neet_15_24_current38,,False,False
m24obs_db1628dd3e041398e86df334,neet_rate,idn.32,Jawa Barat,32,2019,source_annual_period,25.52,percent,observed,m5_neet_source_period,m24prov_7c10d88a71451027e5087960,bps_stable32_province_2018_2025_v1,sakernas_neet_15_24_current38,,False,False
m24obs_c0b0747b7cb06061d322ea38,neet_rate,idn.32,Jawa Barat,32,2020,source_annual_period,29.33,percent,observed,m5_neet_source_period,m24prov_ae62c1ac5d23d1345e6aed1e,bps_stable32_province_2018_2025_v1,sakernas_neet_15_24_current38,,False,False
m24obs_0b2b9e00362a6f0bcc2212fa,neet_rate,idn.32,Jawa Barat,32,2021,source_annual_period,26.44,percent,observed,m5_neet_source_period,m24prov_9569ab2eb1682be14690cf02,bps_stable32_province_2018_2025_v1,sakernas_neet_15_24_current38,,False,False
m24obs_4c620dd269df2c681077b7f1,neet_rate,idn.32,Jawa Barat,32,2022,source_annual_period,27.85,percent,observed,m5_neet_source_period,m24prov_4a02e6dcca812aa38cc5362c,bps_stable32_province_2018_2025_v1,sakernas_neet_15_24_current38,,False,False
m24obs_8b373f3ba55b808406c27b2b,neet_rate,idn.32,Jawa Barat,32,2023,source_annual_period,25.71,percent,observed,m5_neet_source_period,m24prov_8b23ac4022ad918a063bc92f,bps_stable32_province_2018_2025_v1,sakernas_neet_15_24_current38,,False,False
m24obs_3eb9ae516da2caef4cd1d4e5,neet_rate,idn.32,Jawa Barat,32,2024,source_annual_period,23.49,percent,observed,m5_neet_source_period,m24prov_5f44d02b5481880e37d26d54,bps_stable32_province_2018_2025_v1,sakernas_neet_15_24_current38,,False,False
m24obs_8d0cd85fc15e7e3c48696169,neet_rate,idn.32,Jawa Barat,32,2025,source_annual_period,24.84,percent,observed,m5_neet_source_period,m24prov_e5925e2ab2cd9425b9e6ea8a,bps_stable32_province_2018_2025_v1,sakernas_neet_15_24_current38,,False,False
m24obs_3a6893f33707f6892baaa3d8,neet_rate,idn.33,Jawa Tengah,33,2018,source_annual_period,21.23,percent,observed,m5_neet_source_period,m24prov_fa0404aa388a46e9164bbc73,bps_stable32_province_2018_2025_v1,sakernas_neet_15_24_current38,,False,False
m24obs_e74dcec2da0c46e84076c9cd,neet_rate,idn.33,Jawa Tengah,33,2019,source_annual_period,21.8,percent,observed,m5_neet_source_period,m24prov_7c10d88a71451027e5087960,bps_stable32_province_2018_2025_v1,sakernas_neet_15_24_current38,,False,False
m24obs_a9d955ee23b084706a830b1e,neet_rate,idn.33,Jawa Tengah,33,2020,source_annual_period,24.01,percent,observed,m5_neet_source_period,m24prov_ae62c1ac5d23d1345e6aed1e,bps_stable32_province_2018_2025_v1,sakernas_neet_15_24_current38,,False,False
m24obs_67f833d5672007f64b2ce2c7,neet_rate,idn.33,Jawa Tengah,33,2021,source_annual_period,20.32,percent,observed,m5_neet_source_period,m24prov_9569ab2eb1682be14690cf02,bps_stable32_province_2018_2025_v1,sakernas_neet_15_24_current38,,False,False
m24obs_e656dd7a7983756bc7264081,neet_rate,idn.33,Jawa Tengah,33,2022,source_annual_period,20.44,percent,observed,m5_neet_source_period,m24prov_4a02e6dcca812aa38cc5362c,bps_stable32_province_2018_2025_v1,sakernas_neet_15_24_current38,,False,False
m24obs_049a018c7d51aa0b5f2cac9c,neet_rate,idn.33,Jawa Tengah,33,2023,source_annual_period,20.99,percent,observed,m5_neet_source_period,m24prov_8b23ac4022ad918a063bc92f,bps_stable32_province_2018_2025_v1,sakernas_neet_15_24_current38,,False,False
m24obs_450a78b2eba160002e466d34,neet_rate,idn.33,Jawa Tengah,33,2024,source_annual_period,17.93,percent,observed,m5_neet_source_period,m24prov_5f44d02b5481880e37d26d54,bps_stable32_province_2018_2025_v1,sakernas_neet_15_24_current38,,False,False
m24obs_a878ae6c7be3ac15786eb654,neet_rate,idn.33,Jawa Tengah,33,2025,source_annual_period,16.67,percent,observed,m5_neet_source_period,m24prov_e5925e2ab2cd9425b9e6ea8a,bps_stable32_province_2018_2025_v1,sakernas_neet_15_24_current38,,False,False
m24obs_83c0d67eba3b22ea68aa915d,neet_rate,idn.34,DI Yogyakarta,34,2018,source_annual_period,12.52,percent,observed,m5_neet_source_period,m24prov_fa0404aa388a46e9164bbc73,bps_stable32_province_2018_2025_v1,sakernas_neet_15_24_current38,,False,False
m24obs_98faec091962487e17f06e27,neet_rate,idn.34,DI Yogyakarta,34,2019,source_annual_period,9.78,percent,observed,m5_neet_source_period,m24prov_7c10d88a71451027e5087960,bps_stable32_province_2018_2025_v1,sakernas_neet_15_24_current38,,False,False
m24obs_0ead7f93b601965107a0a6b0,neet_rate,idn.34,DI Yogyakarta,34,2020,source_annual_period,12.71,percent,observed,m5_neet_source_period,m24prov_ae62c1ac5d23d1345e6aed1e,bps_stable32_province_2018_2025_v1,sakernas_neet_15_24_current38,,False,False
m24obs_5cfb8092785ee1a05a83f3f7,neet_rate,idn.34,DI Yogyakarta,34,2021,source_annual_period,9.89,percent,observed,m5_neet_source_period,m24prov_9569ab2eb1682be14690cf02,bps_stable32_province_2018_2025_v1,sakernas_neet_15_24_current38,,False,False
m24obs_e4386df1bb03f6f4088cbf13,neet_rate,idn.34,DI Yogyakarta,34,2022,source_annual_period,10.7,percent,observed,m5_neet_source_period,m24prov_4a02e6dcca812aa38cc5362c,bps_stable32_province_2018_2025_v1,sakernas_neet_15_24_current38,,False,False
m24obs_d4812af76e04c30fdc6c5c33,neet_rate,idn.34,DI Yogyakarta,34,2023,source_annual_period,10.89,percent,observed,m5_neet_source_period,m24prov_8b23ac4022ad918a063bc92f,bps_stable32_province_2018_2025_v1,sakernas_neet_15_24_current38,,False,False
m24obs_8903fc397fb568797edd72b2,neet_rate,idn.34,DI Yogyakarta,34,2024,source_annual_period,11.18,percent,observed,m5_neet_source_period,m24prov_5f44d02b5481880e37d26d54,bps_stable32_province_2018_2025_v1,sakernas_neet_15_24_current38,,False,False
m24obs_1e498dce66b74ba4a296e937,neet_rate,idn.34,DI Yogyakarta,34,2025,source_annual_period,11.25,percent,observed,m5_neet_source_period,m24prov_e5925e2ab2cd9425b9e6ea8a,bps_stable32_province_2018_2025_v1,sakernas_neet_15_24_current38,,False,False
m24obs_05a961993eaaa32d76e292ae,neet_rate,idn.35,Jawa Timur,35,2018,source_annual_period,21.11,percent,observed,m5_neet_source_period,m24prov_fa0404aa388a46e9164bbc73,bps_stable32_province_2018_2025_v1,sakernas_neet_15_24_current38,,False,False
m24obs_0a4157dfae442ec1e25770d0,neet_rate,idn.35,Jawa Timur,35,2019,source_annual_period,21.14,percent,observed,m5_neet_source_period,m24prov_7c10d88a71451027e5087960,bps_stable32_province_2018_2025_v1,sakernas_neet_15_24_current38,,False,False
m24obs_7edb85f8e9d2d21dd71a8179,neet_rate,idn.35,Jawa Timur,35,2020,source_annual_period,22.41,percent,observed,m5_neet_source_period,m24prov_ae62c1ac5d23d1345e6aed1e,bps_stable32_province_2018_2025_v1,sakernas_neet_15_24_current38,,False,False
m24obs_430146a09ecbfb2fefc6c204,neet_rate,idn.35,Jawa Timur,35,2021,source_annual_period,20.77,percent,observed,m5_neet_source_period,m24prov_9569ab2eb1682be14690cf02,bps_stable32_province_2018_2025_v1,sakernas_neet_15_24_current38,,False,False
m24obs_b6ea047e47d6a06ce25104ec,neet_rate,idn.35,Jawa Timur,35,2022,source_annual_period,22.07,percent,observed,m5_neet_source_period,m24prov_4a02e6dcca812aa38cc5362c,bps_stable32_province_2018_2025_v1,sakernas_neet_15_24_current38,,False,False
m24obs_b3f99178d0ff84f25d9c808c,neet_rate,idn.35,Jawa Timur,35,2023,source_annual_period,19.53,percent,observed,m5_neet_source_period,m24prov_8b23ac4022ad918a063bc92f,bps_stable32_province_2018_2025_v1,sakernas_neet_15_24_current38,,False,False
m24obs_8ea60c088cbe7a74a5832c2c,neet_rate,idn.35,Jawa Timur,35,2024,source_annual_period,17.02,percent,observed,m5_neet_source_period,m24prov_5f44d02b5481880e37d26d54,bps_stable32_province_2018_2025_v1,sakernas_neet_15_24_current38,,False,False
m24obs_c1a3a24b38321f8b6ed31b73,neet_rate,idn.35,Jawa Timur,35,2025,source_annual_period,16.76,percent,observed,m5_neet_source_period,m24prov_e5925e2ab2cd9425b9e6ea8a,bps_stable32_province_2018_2025_v1,sakernas_neet_15_24_current38,,False,False
m24obs_a3301efee41ed20c08dc1b2a,neet_rate,idn.36,Banten,36,2018,source_annual_period,24.65,percent,observed,m5_neet_source_period,m24prov_fa0404aa388a46e9164bbc73,bps_stable32_province_2018_2025_v1,sakernas_neet_15_24_current38,,False,False
m24obs_b12616ca3f8117ba719e7fa9,neet_rate,idn.36,Banten,36,2019,source_annual_period,23.11,percent,observed,m5_neet_source_period,m24prov_7c10d88a71451027e5087960,bps_stable32_province_2018_2025_v1,sakernas_neet_15_24_current38,,False,False
m24obs_b07ee3599294a21a92cfaea5,neet_rate,idn.36,Banten,36,2020,source_annual_period,27.5,percent,observed,m5_neet_source_period,m24prov_ae62c1ac5d23d1345e6aed1e,bps_stable32_province_2018_2025_v1,sakernas_neet_15_24_current38,,False,False
m24obs_9b089d66ce0a0665f49cc963,neet_rate,idn.36,Banten,36,2021,source_annual_period,26.52,percent,observed,m5_neet_source_period,m24prov_9569ab2eb1682be14690cf02,bps_stable32_province_2018_2025_v1,sakernas_neet_15_24_current38,,False,False
m24obs_cc025deb41bf760369936530,neet_rate,idn.36,Banten,36,2022,source_annual_period,27.29,percent,observed,m5_neet_source_period,m24prov_4a02e6dcca812aa38cc5362c,bps_stable32_province_2018_2025_v1,sakernas_neet_15_24_current38,,False,False
m24obs_29852163b16bf442191326cd,neet_rate,idn.36,Banten,36,2023,source_annual_period,28.8,percent,observed,m5_neet_source_period,m24prov_8b23ac4022ad918a063bc92f,bps_stable32_province_2018_2025_v1,sakernas_neet_15_24_current38,,False,False
m24obs_bf73e798e23b78fc8bbebc1d,neet_rate,idn.36,Banten,36,2024,source_annual_period,23.79,percent,observed,m5_neet_source_period,m24prov_5f44d02b5481880e37d26d54,bps_stable32_province_2018_2025_v1,sakernas_neet_15_24_current38,,False,False
m24obs_7ad50a32eda540fdbf935dd9,neet_rate,idn.36,Banten,36,2025,source_annual_period,23.72,percent,observed,m5_neet_source_period,m24prov_e5925e2ab2cd9425b9e6ea8a,bps_stable32_province_2018_2025_v1,sakernas_neet_15_24_current38,,False,False
m24obs_484e15ae0df8a46a1b42d976,neet_rate,idn.51,Bali,51,2018,source_annual_period,8.59,percent,observed,m5_neet_source_period,m24prov_fa0404aa388a46e9164bbc73,bps_stable32_province_2018_2025_v1,sakernas_neet_15_24_current38,,False,False
m24obs_9da17021686c4521b09df10a,neet_rate,idn.51,Bali,51,2019,source_annual_period,9.4,percent,observed,m5_neet_source_period,m24prov_7c10d88a71451027e5087960,bps_stable32_province_2018_2025_v1,sakernas_neet_15_24_current38,,False,False
m24obs_c8fab1d6137dd4195c676525,neet_rate,idn.51,Bali,51,2020,source_annual_period,14.9,percent,observed,m5_neet_source_period,m24prov_ae62c1ac5d23d1345e6aed1e,bps_stable32_province_2018_2025_v1,sakernas_neet_15_24_current38,,False,False
m24obs_b800555a396574bd413d6376,neet_rate,idn.51,Bali,51,2021,source_annual_period,14.52,percent,observed,m5_neet_source_period,m24prov_9569ab2eb1682be14690cf02,bps_stable32_province_2018_2025_v1,sakernas_neet_15_24_current38,,False,False
m24obs_1ab6eed215c27e15bb152a14,neet_rate,idn.51,Bali,51,2022,source_annual_period,11.32,percent,observed,m5_neet_source_period,m24prov_4a02e6dcca812aa38cc5362c,bps_stable32_province_2018_2025_v1,sakernas_neet_15_24_current38,,False,False
m24obs_569f1ea1ca7ecbd1d28c7e8f,neet_rate,idn.51,Bali,51,2023,source_annual_period,10.03,percent,observed,m5_neet_source_period,m24prov_8b23ac4022ad918a063bc92f,bps_stable32_province_2018_2025_v1,sakernas_neet_15_24_current38,,False,False
m24obs_ff0701f2c1b95c163940434a,neet_rate,idn.51,Bali,51,2024,source_annual_period,7.26,percent,observed,m5_neet_source_period,m24prov_5f44d02b5481880e37d26d54,bps_stable32_province_2018_2025_v1,sakernas_neet_15_24_current38,,False,False
m24obs_39526487b0e6422c446f2aeb,neet_rate,idn.51,Bali,51,2025,source_annual_period,5.33,percent,observed,m5_neet_source_period,m24prov_e5925e2ab2cd9425b9e6ea8a,bps_stable32_province_2018_2025_v1,sakernas_neet_15_24_current38,,False,False
m24obs_486e9d9c299e822d0e81bea0,neet_rate,idn.52,Nusa Tenggara Barat,52,2018,source_annual_period,24.95,percent,observed,m5_neet_source_period,m24prov_fa0404aa388a46e9164bbc73,bps_stable32_province_2018_2025_v1,sakernas_neet_15_24_current38,,False,False
m24obs_dadf3db7b244c64044ef8892,neet_rate,idn.52,Nusa Tenggara Barat,52,2019,source_annual_period,21.98,percent,observed,m5_neet_source_period,m24prov_7c10d88a71451027e5087960,bps_stable32_province_2018_2025_v1,sakernas_neet_15_24_current38,,False,False
m24obs_e6cfd8ab7d7e86230e8d0ae2,neet_rate,idn.52,Nusa Tenggara Barat,52,2020,source_annual_period,22.24,percent,observed,m5_neet_source_period,m24prov_ae62c1ac5d23d1345e6aed1e,bps_stable32_province_2018_2025_v1,sakernas_neet_15_24_current38,,False,False
m24obs_81652c91e1858158cebc08b4,neet_rate,idn.52,Nusa Tenggara Barat,52,2021,source_annual_period,20.78,percent,observed,m5_neet_source_period,m24prov_9569ab2eb1682be14690cf02,bps_stable32_province_2018_2025_v1,sakernas_neet_15_24_current38,,False,False
m24obs_028805c77a21ea6186020b4d,neet_rate,idn.52,Nusa Tenggara Barat,52,2022,source_annual_period,23.3,percent,observed,m5_neet_source_period,m24prov_4a02e6dcca812aa38cc5362c,bps_stable32_province_2018_2025_v1,sakernas_neet_15_24_current38,,False,False
m24obs_2be44e9010b2b26ca7c92c15,neet_rate,idn.52,Nusa Tenggara Barat,52,2023,source_annual_period,20.45,percent,observed,m5_neet_source_period,m24prov_8b23ac4022ad918a063bc92f,bps_stable32_province_2018_2025_v1,sakernas_neet_15_24_current38,,False,False
m24obs_97122fb2de58b4cb7d05a415,neet_rate,idn.52,Nusa Tenggara Barat,52,2024,source_annual_period,15.44,percent,observed,m5_neet_source_period,m24prov_5f44d02b5481880e37d26d54,bps_stable32_province_2018_2025_v1,sakernas_neet_15_24_current38,,False,False
m24obs_b2f2b9bed52ae1a7e2cdf82b,neet_rate,idn.52,Nusa Tenggara Barat,52,2025,source_annual_period,16.37,percent,observed,m5_neet_source_period,m24prov_e5925e2ab2cd9425b9e6ea8a,bps_stable32_province_2018_2025_v1,sakernas_neet_15_24_current38,,False,False
m24obs_fa8864b8fa5928c4a1288632,neet_rate,idn.53,Nusa Tenggara Timur,53,2018,source_annual_period,18.46,percent,observed,m5_neet_source_period,m24prov_fa0404aa388a46e9164bbc73,bps_stable32_province_2018_2025_v1,sakernas_neet_15_24_current38,,False,False
m24obs_57bbe9a63529a2085a3913f8,neet_rate,idn.53,Nusa Tenggara Timur,53,2019,source_annual_period,19.25,percent,observed,m5_neet_source_period,m24prov_7c10d88a71451027e5087960,bps_stable32_province_2018_2025_v1,sakernas_neet_15_24_current38,,False,False
m24obs_10568bb16ae9a84efab2633a,neet_rate,idn.53,Nusa Tenggara Timur,53,2020,source_annual_period,19.17,percent,observed,m5_neet_source_period,m24prov_ae62c1ac5d23d1345e6aed1e,bps_stable32_province_2018_2025_v1,sakernas_neet_15_24_current38,,False,False
m24obs_590187424efb23a7297ae056,neet_rate,idn.53,Nusa Tenggara Timur,53,2021,source_annual_period,18.97,percent,observed,m5_neet_source_period,m24prov_9569ab2eb1682be14690cf02,bps_stable32_province_2018_2025_v1,sakernas_neet_15_24_current38,,False,False
m24obs_fb4078e7592938b91d9f4bc9,neet_rate,idn.53,Nusa Tenggara Timur,53,2022,source_annual_period,18.84,percent,observed,m5_neet_source_period,m24prov_4a02e6dcca812aa38cc5362c,bps_stable32_province_2018_2025_v1,sakernas_neet_15_24_current38,,False,False
m24obs_c465afd8370789771cb764bb,neet_rate,idn.53,Nusa Tenggara Timur,53,2023,source_annual_period,18.13,percent,observed,m5_neet_source_period,m24prov_8b23ac4022ad918a063bc92f,bps_stable32_province_2018_2025_v1,sakernas_neet_15_24_current38,,False,False
m24obs_a21fa31007c84b74a8266ad0,neet_rate,idn.53,Nusa Tenggara Timur,53,2024,source_annual_period,17.02,percent,observed,m5_neet_source_period,m24prov_5f44d02b5481880e37d26d54,bps_stable32_province_2018_2025_v1,sakernas_neet_15_24_current38,,False,False
m24obs_2e622889261ebf32fc3a6009,neet_rate,idn.53,Nusa Tenggara Timur,53,2025,source_annual_period,17.62,percent,observed,m5_neet_source_period,m24prov_e5925e2ab2cd9425b9e6ea8a,bps_stable32_province_2018_2025_v1,sakernas_neet_15_24_current38,,False,False
m24obs_025b97bbcedde96b05c517ab,neet_rate,idn.61,Kalimantan Barat,61,2018,source_annual_period,24.5,percent,observed,m5_neet_source_period,m24prov_fa0404aa388a46e9164bbc73,bps_stable32_province_2018_2025_v1,sakernas_neet_15_24_current38,,False,False
m24obs_17e97804d4290ab223297560,neet_rate,idn.61,Kalimantan Barat,61,2019,source_annual_period,23.2,percent,observed,m5_neet_source_period,m24prov_7c10d88a71451027e5087960,bps_stable32_province_2018_2025_v1,sakernas_neet_15_24_current38,,False,False
m24obs_f9c6c8e45f4b1a18fb5cec52,neet_rate,idn.61,Kalimantan Barat,61,2020,source_annual_period,25.43,percent,observed,m5_neet_source_period,m24prov_ae62c1ac5d23d1345e6aed1e,bps_stable32_province_2018_2025_v1,sakernas_neet_15_24_current38,,False,False
m24obs_ef646424472475fb3465c489,neet_rate,idn.61,Kalimantan Barat,61,2021,source_annual_period,24.74,percent,observed,m5_neet_source_period,m24prov_9569ab2eb1682be14690cf02,bps_stable32_province_2018_2025_v1,sakernas_neet_15_24_current38,,False,False
m24obs_f5c1dd146b72498fa20a1570,neet_rate,idn.61,Kalimantan Barat,61,2022,source_annual_period,24.35,percent,observed,m5_neet_source_period,m24prov_4a02e6dcca812aa38cc5362c,bps_stable32_province_2018_2025_v1,sakernas_neet_15_24_current38,,False,False
m24obs_d46ea9739b683c1513974fc1,neet_rate,idn.61,Kalimantan Barat,61,2023,source_annual_period,23.55,percent,observed,m5_neet_source_period,m24prov_8b23ac4022ad918a063bc92f,bps_stable32_province_2018_2025_v1,sakernas_neet_15_24_current38,,False,False
m24obs_ada746280e4facea6dc13d3c,neet_rate,idn.61,Kalimantan Barat,61,2024,source_annual_period,21.22,percent,observed,m5_neet_source_period,m24prov_5f44d02b5481880e37d26d54,bps_stable32_province_2018_2025_v1,sakernas_neet_15_24_current38,,False,False
m24obs_da9648e48ee1fe0b6621b31a,neet_rate,idn.61,Kalimantan Barat,61,2025,source_annual_period,19.63,percent,observed,m5_neet_source_period,m24prov_e5925e2ab2cd9425b9e6ea8a,bps_stable32_province_2018_2025_v1,sakernas_neet_15_24_current38,,False,False
m24obs_50ade55353754301eb2f62b0,neet_rate,idn.62,Kalimantan Tengah,62,2018,source_annual_period,22.76,percent,observed,m5_neet_source_period,m24prov_fa0404aa388a46e9164bbc73,bps_stable32_province_2018_2025_v1,sakernas_neet_15_24_current38,,False,False
m24obs_b58d139a214bee1183c6f2f5,neet_rate,idn.62,Kalimantan Tengah,62,2019,source_annual_period,22.31,percent,observed,m5_neet_source_period,m24prov_7c10d88a71451027e5087960,bps_stable32_province_2018_2025_v1,sakernas_neet_15_24_current38,,False,False
m24obs_082cfe7e447c5cd22113a07b,neet_rate,idn.62,Kalimantan Tengah,62,2020,source_annual_period,24.69,percent,observed,m5_neet_source_period,m24prov_ae62c1ac5d23d1345e6aed1e,bps_stable32_province_2018_2025_v1,sakernas_neet_15_24_current38,,False,False
m24obs_3e5fee008155afb38f67aa44,neet_rate,idn.62,Kalimantan Tengah,62,2021,source_annual_period,23.92,percent,observed,m5_neet_source_period,m24prov_9569ab2eb1682be14690cf02,bps_stable32_province_2018_2025_v1,sakernas_neet_15_24_current38,,False,False
m24obs_6d0f451ee84832b93a39be9a,neet_rate,idn.62,Kalimantan Tengah,62,2022,source_annual_period,26.54,percent,observed,m5_neet_source_period,m24prov_4a02e6dcca812aa38cc5362c,bps_stable32_province_2018_2025_v1,sakernas_neet_15_24_current38,,False,False
m24obs_34e89e30a4db81373530a814,neet_rate,idn.62,Kalimantan Tengah,62,2023,source_annual_period,23.68,percent,observed,m5_neet_source_period,m24prov_8b23ac4022ad918a063bc92f,bps_stable32_province_2018_2025_v1,sakernas_neet_15_24_current38,,False,False
m24obs_253831938fae6b6e91704f3e,neet_rate,idn.62,Kalimantan Tengah,62,2024,source_annual_period,21.78,percent,observed,m5_neet_source_period,m24prov_5f44d02b5481880e37d26d54,bps_stable32_province_2018_2025_v1,sakernas_neet_15_24_current38,,False,False
m24obs_7f4786dc08334b1f6f2a940a,neet_rate,idn.62,Kalimantan Tengah,62,2025,source_annual_period,21.72,percent,observed,m5_neet_source_period,m24prov_e5925e2ab2cd9425b9e6ea8a,bps_stable32_province_2018_2025_v1,sakernas_neet_15_24_current38,,False,False
m24obs_8ff1fb10f8fe50497a2d18cb,neet_rate,idn.63,Kalimantan Selatan,63,2018,source_annual_period,23.06,percent,observed,m5_neet_source_period,m24prov_fa0404aa388a46e9164bbc73,bps_stable32_province_2018_2025_v1,sakernas_neet_15_24_current38,,False,False
m24obs_67369ce687728f4b7057ba46,neet_rate,idn.63,Kalimantan Selatan,63,2019,source_annual_period,22.18,percent,observed,m5_neet_source_period,m24prov_7c10d88a71451027e5087960,bps_stable32_province_2018_2025_v1,sakernas_neet_15_24_current38,,False,False
m24obs_01ad24c7ef03d32993a8daa6,neet_rate,idn.63,Kalimantan Selatan,63,2020,source_annual_period,21.16,percent,observed,m5_neet_source_period,m24prov_ae62c1ac5d23d1345e6aed1e,bps_stable32_province_2018_2025_v1,sakernas_neet_15_24_current38,,False,False
m24obs_5c1bd7ceb141a1b4f09862e9,neet_rate,idn.63,Kalimantan Selatan,63,2021,source_annual_period,20.54,percent,observed,m5_neet_source_period,m24prov_9569ab2eb1682be14690cf02,bps_stable32_province_2018_2025_v1,sakernas_neet_15_24_current38,,False,False
m24obs_88b57ea097ece43d5cb2b47c,neet_rate,idn.63,Kalimantan Selatan,63,2022,source_annual_period,23.57,percent,observed,m5_neet_source_period,m24prov_4a02e6dcca812aa38cc5362c,bps_stable32_province_2018_2025_v1,sakernas_neet_15_24_current38,,False,False
m24obs_6b2d33df2c4b3ab426ceb896,neet_rate,idn.63,Kalimantan Selatan,63,2023,source_annual_period,21.17,percent,observed,m5_neet_source_period,m24prov_8b23ac4022ad918a063bc92f,bps_stable32_province_2018_2025_v1,sakernas_neet_15_24_current38,,False,False
m24obs_77fa2c1fd78a18221098ff70,neet_rate,idn.63,Kalimantan Selatan,63,2024,source_annual_period,18.69,percent,observed,m5_neet_source_period,m24prov_5f44d02b5481880e37d26d54,bps_stable32_province_2018_2025_v1,sakernas_neet_15_24_current38,,False,False
m24obs_74fe6fc0a24dbafa47b99a42,neet_rate,idn.63,Kalimantan Selatan,63,2025,source_annual_period,18.59,percent,observed,m5_neet_source_period,m24prov_e5925e2ab2cd9425b9e6ea8a,bps_stable32_province_2018_2025_v1,sakernas_neet_15_24_current38,,False,False
m24obs_3530f020631c8916a8581f2f,neet_rate,idn.64,Kalimantan Timur,64,2018,source_annual_period,23.24,percent,observed,m5_neet_source_period,m24prov_fa0404aa388a46e9164bbc73,bps_stable32_province_2018_2025_v1,sakernas_neet_15_24_current38,,False,False
m24obs_7af02eb51cb592352f6393af,neet_rate,idn.64,Kalimantan Timur,64,2019,source_annual_period,19.65,percent,observed,m5_neet_source_period,m24prov_7c10d88a71451027e5087960,bps_stable32_province_2018_2025_v1,sakernas_neet_15_24_current38,,False,False
m24obs_ca3f1f4d91d8b274fa4fd0f1,neet_rate,idn.64,Kalimantan Timur,64,2020,source_annual_period,24.25,percent,observed,m5_neet_source_period,m24prov_ae62c1ac5d23d1345e6aed1e,bps_stable32_province_2018_2025_v1,sakernas_neet_15_24_current38,,False,False
m24obs_5129aa726e8922e3dc1b1e4a,neet_rate,idn.64,Kalimantan Timur,64,2021,source_annual_period,21.56,percent,observed,m5_neet_source_period,m24prov_9569ab2eb1682be14690cf02,bps_stable32_province_2018_2025_v1,sakernas_neet_15_24_current38,,False,False
m24obs_58f0376108cf05c48334f4b1,neet_rate,idn.64,Kalimantan Timur,64,2022,source_annual_period,20.08,percent,observed,m5_neet_source_period,m24prov_4a02e6dcca812aa38cc5362c,bps_stable32_province_2018_2025_v1,sakernas_neet_15_24_current38,,False,False
m24obs_7d0483fca471832fbf36b091,neet_rate,idn.64,Kalimantan Timur,64,2023,source_annual_period,18.66,percent,observed,m5_neet_source_period,m24prov_8b23ac4022ad918a063bc92f,bps_stable32_province_2018_2025_v1,sakernas_neet_15_24_current38,,False,False
m24obs_0282ba63fb2fe0d598369e42,neet_rate,idn.64,Kalimantan Timur,64,2024,source_annual_period,19.35,percent,observed,m5_neet_source_period,m24prov_5f44d02b5481880e37d26d54,bps_stable32_province_2018_2025_v1,sakernas_neet_15_24_current38,,False,False
m24obs_b9d001c041780e2ae7d1ff35,neet_rate,idn.64,Kalimantan Timur,64,2025,source_annual_period,18.29,percent,observed,m5_neet_source_period,m24prov_e5925e2ab2cd9425b9e6ea8a,bps_stable32_province_2018_2025_v1,sakernas_neet_15_24_current38,,False,False
m24obs_daa0ed6287e2df8d24e500be,neet_rate,idn.65,Kalimantan Utara,65,2018,source_annual_period,17.37,percent,observed,m5_neet_source_period,m24prov_fa0404aa388a46e9164bbc73,bps_stable32_province_2018_2025_v1,sakernas_neet_15_24_current38,,False,False
m24obs_557994253b6493269f6da317,neet_rate,idn.65,Kalimantan Utara,65,2019,source_annual_period,21.42,percent,observed,m5_neet_source_period,m24prov_7c10d88a71451027e5087960,bps_stable32_province_2018_2025_v1,sakernas_neet_15_24_current38,,False,False
m24obs_2b9ad8f82addf708024db949,neet_rate,idn.65,Kalimantan Utara,65,2020,source_annual_period,22.59,percent,observed,m5_neet_source_period,m24prov_ae62c1ac5d23d1345e6aed1e,bps_stable32_province_2018_2025_v1,sakernas_neet_15_24_current38,,False,False
m24obs_bb9011e328d659a1340ce2cb,neet_rate,idn.65,Kalimantan Utara,65,2021,source_annual_period,19.8,percent,observed,m5_neet_source_period,m24prov_9569ab2eb1682be14690cf02,bps_stable32_province_2018_2025_v1,sakernas_neet_15_24_current38,,False,False
m24obs_375ebc0c11586c8bad5ac621,neet_rate,idn.65,Kalimantan Utara,65,2022,source_annual_period,20.3,percent,observed,m5_neet_source_period,m24prov_4a02e6dcca812aa38cc5362c,bps_stable32_province_2018_2025_v1,sakernas_neet_15_24_current38,,False,False
m24obs_f6e37cda1d749a9dda792576,neet_rate,idn.65,Kalimantan Utara,65,2023,source_annual_period,18.16,percent,observed,m5_neet_source_period,m24prov_8b23ac4022ad918a063bc92f,bps_stable32_province_2018_2025_v1,sakernas_neet_15_24_current38,,False,False
m24obs_0ddfb1e9054c6ba2f0c940dc,neet_rate,idn.65,Kalimantan Utara,65,2024,source_annual_period,16.87,percent,observed,m5_neet_source_period,m24prov_5f44d02b5481880e37d26d54,bps_stable32_province_2018_2025_v1,sakernas_neet_15_24_current38,,False,False
m24obs_2d3df1318d140634f593b3f4,neet_rate,idn.65,Kalimantan Utara,65,2025,source_annual_period,18.88,percent,observed,m5_neet_source_period,m24prov_e5925e2ab2cd9425b9e6ea8a,bps_stable32_province_2018_2025_v1,sakernas_neet_15_24_current38,,False,False
m24obs_a35df9080bcf573a9109c428,neet_rate,idn.71,Sulawesi Utara,71,2018,source_annual_period,29.73,percent,observed,m5_neet_source_period,m24prov_fa0404aa388a46e9164bbc73,bps_stable32_province_2018_2025_v1,sakernas_neet_15_24_current38,,False,False
m24obs_2d640a7ad478b343cae8a4fb,neet_rate,idn.71,Sulawesi Utara,71,2019,source_annual_period,28.1,percent,observed,m5_neet_source_period,m24prov_7c10d88a71451027e5087960,bps_stable32_province_2018_2025_v1,sakernas_neet_15_24_current38,,False,False
m24obs_e368c8dfa83998580ba726b0,neet_rate,idn.71,Sulawesi Utara,71,2020,source_annual_period,29.94,percent,observed,m5_neet_source_period,m24prov_ae62c1ac5d23d1345e6aed1e,bps_stable32_province_2018_2025_v1,sakernas_neet_15_24_current38,,False,False
m24obs_586fe587b9c1de9c9b42792f,neet_rate,idn.71,Sulawesi Utara,71,2021,source_annual_period,29.43,percent,observed,m5_neet_source_period,m24prov_9569ab2eb1682be14690cf02,bps_stable32_province_2018_2025_v1,sakernas_neet_15_24_current38,,False,False
m24obs_a0efe0d9e9c1f495414a1bfb,neet_rate,idn.71,Sulawesi Utara,71,2022,source_annual_period,33.54,percent,observed,m5_neet_source_period,m24prov_4a02e6dcca812aa38cc5362c,bps_stable32_province_2018_2025_v1,sakernas_neet_15_24_current38,,False,False
m24obs_78ba8f4e9d4678f04aa0d8a8,neet_rate,idn.71,Sulawesi Utara,71,2023,source_annual_period,30.73,percent,observed,m5_neet_source_period,m24prov_8b23ac4022ad918a063bc92f,bps_stable32_province_2018_2025_v1,sakernas_neet_15_24_current38,,False,False
m24obs_92a5f5155daa35c98bc19be3,neet_rate,idn.71,Sulawesi Utara,71,2024,source_annual_period,28.33,percent,observed,m5_neet_source_period,m24prov_5f44d02b5481880e37d26d54,bps_stable32_province_2018_2025_v1,sakernas_neet_15_24_current38,,False,False
m24obs_b74f628960ecac784e9c6713,neet_rate,idn.71,Sulawesi Utara,71,2025,source_annual_period,29.52,percent,observed,m5_neet_source_period,m24prov_e5925e2ab2cd9425b9e6ea8a,bps_stable32_province_2018_2025_v1,sakernas_neet_15_24_current38,,False,False
m24obs_04f8240836c05d658327cf05,neet_rate,idn.72,Sulawesi Tengah,72,2018,source_annual_period,21.14,percent,observed,m5_neet_source_period,m24prov_fa0404aa388a46e9164bbc73,bps_stable32_province_2018_2025_v1,sakernas_neet_15_24_current38,,False,False
m24obs_f2a550a2089ecd31d0643fb6,neet_rate,idn.72,Sulawesi Tengah,72,2019,source_annual_period,21.85,percent,observed,m5_neet_source_period,m24prov_7c10d88a71451027e5087960,bps_stable32_province_2018_2025_v1,sakernas_neet_15_24_current38,,False,False
m24obs_ee2f38daf995558d19f5b5f4,neet_rate,idn.72,Sulawesi Tengah,72,2020,source_annual_period,22.23,percent,observed,m5_neet_source_period,m24prov_ae62c1ac5d23d1345e6aed1e,bps_stable32_province_2018_2025_v1,sakernas_neet_15_24_current38,,False,False
m24obs_c0ad6f82370b2d3e1589c052,neet_rate,idn.72,Sulawesi Tengah,72,2021,source_annual_period,22.31,percent,observed,m5_neet_source_period,m24prov_9569ab2eb1682be14690cf02,bps_stable32_province_2018_2025_v1,sakernas_neet_15_24_current38,,False,False
m24obs_39855fcb033b1dac1dcb96dd,neet_rate,idn.72,Sulawesi Tengah,72,2022,source_annual_period,23.99,percent,observed,m5_neet_source_period,m24prov_4a02e6dcca812aa38cc5362c,bps_stable32_province_2018_2025_v1,sakernas_neet_15_24_current38,,False,False
m24obs_9fe87bf6a2af7c69361d54b9,neet_rate,idn.72,Sulawesi Tengah,72,2023,source_annual_period,22.39,percent,observed,m5_neet_source_period,m24prov_8b23ac4022ad918a063bc92f,bps_stable32_province_2018_2025_v1,sakernas_neet_15_24_current38,,False,False
m24obs_800b0d6589f02dba2bc75774,neet_rate,idn.72,Sulawesi Tengah,72,2024,source_annual_period,20.67,percent,observed,m5_neet_source_period,m24prov_5f44d02b5481880e37d26d54,bps_stable32_province_2018_2025_v1,sakernas_neet_15_24_current38,,False,False
m24obs_6e3a24e430a8e1f5a64d0a7a,neet_rate,idn.72,Sulawesi Tengah,72,2025,source_annual_period,20.14,percent,observed,m5_neet_source_period,m24prov_e5925e2ab2cd9425b9e6ea8a,bps_stable32_province_2018_2025_v1,sakernas_neet_15_24_current38,,False,False
m24obs_31d81be8a3c980bb199f46ee,neet_rate,idn.73,Sulawesi Selatan,73,2018,source_annual_period,23.07,percent,observed,m5_neet_source_period,m24prov_fa0404aa388a46e9164bbc73,bps_stable32_province_2018_2025_v1,sakernas_neet_15_24_current38,,False,False
m24obs_a234804f73b49a76df91a1b3,neet_rate,idn.73,Sulawesi Selatan,73,2019,source_annual_period,21.91,percent,observed,m5_neet_source_period,m24prov_7c10d88a71451027e5087960,bps_stable32_province_2018_2025_v1,sakernas_neet_15_24_current38,,False,False
m24obs_515113158eb49d0d9f57cfc8,neet_rate,idn.73,Sulawesi Selatan,73,2020,source_annual_period,25.48,percent,observed,m5_neet_source_period,m24prov_ae62c1ac5d23d1345e6aed1e,bps_stable32_province_2018_2025_v1,sakernas_neet_15_24_current38,,False,False
m24obs_270472355728d3055df8d0da,neet_rate,idn.73,Sulawesi Selatan,73,2021,source_annual_period,23.78,percent,observed,m5_neet_source_period,m24prov_9569ab2eb1682be14690cf02,bps_stable32_province_2018_2025_v1,sakernas_neet_15_24_current38,,False,False
m24obs_29466abdb214f72bc546bfe3,neet_rate,idn.73,Sulawesi Selatan,73,2022,source_annual_period,22.61,percent,observed,m5_neet_source_period,m24prov_4a02e6dcca812aa38cc5362c,bps_stable32_province_2018_2025_v1,sakernas_neet_15_24_current38,,False,False
m24obs_43d4fc26a86eee2c2012076c,neet_rate,idn.73,Sulawesi Selatan,73,2023,source_annual_period,22.24,percent,observed,m5_neet_source_period,m24prov_8b23ac4022ad918a063bc92f,bps_stable32_province_2018_2025_v1,sakernas_neet_15_24_current38,,False,False
m24obs_f9d19efad1134bbd469fdb1b,neet_rate,idn.73,Sulawesi Selatan,73,2024,source_annual_period,21.65,percent,observed,m5_neet_source_period,m24prov_5f44d02b5481880e37d26d54,bps_stable32_province_2018_2025_v1,sakernas_neet_15_24_current38,,False,False
m24obs_88b9a9a936c416d393af7493,neet_rate,idn.73,Sulawesi Selatan,73,2025,source_annual_period,19.2,percent,observed,m5_neet_source_period,m24prov_e5925e2ab2cd9425b9e6ea8a,bps_stable32_province_2018_2025_v1,sakernas_neet_15_24_current38,,False,False
m24obs_be50c3558fe87ea1d580a529,neet_rate,idn.74,Sulawesi Tenggara,74,2018,source_annual_period,20.45,percent,observed,m5_neet_source_period,m24prov_fa0404aa388a46e9164bbc73,bps_stable32_province_2018_2025_v1,sakernas_neet_15_24_current38,,False,False
m24obs_3dbfe87539379d7f8cd04753,neet_rate,idn.74,Sulawesi Tenggara,74,2019,source_annual_period,21.32,percent,observed,m5_neet_source_period,m24prov_7c10d88a71451027e5087960,bps_stable32_province_2018_2025_v1,sakernas_neet_15_24_current38,,False,False
m24obs_aaec15eee013988ea935fafb,neet_rate,idn.74,Sulawesi Tenggara,74,2020,source_annual_period,23,percent,observed,m5_neet_source_period,m24prov_ae62c1ac5d23d1345e6aed1e,bps_stable32_province_2018_2025_v1,sakernas_neet_15_24_current38,,False,False
m24obs_e730e799d9111417b102275e,neet_rate,idn.74,Sulawesi Tenggara,74,2021,source_annual_period,19.87,percent,observed,m5_neet_source_period,m24prov_9569ab2eb1682be14690cf02,bps_stable32_province_2018_2025_v1,sakernas_neet_15_24_current38,,False,False
m24obs_ab3ad3c425bda0a771ecde3e,neet_rate,idn.74,Sulawesi Tenggara,74,2022,source_annual_period,21.61,percent,observed,m5_neet_source_period,m24prov_4a02e6dcca812aa38cc5362c,bps_stable32_province_2018_2025_v1,sakernas_neet_15_24_current38,,False,False
m24obs_395b5f9f2fb8ee05015071b1,neet_rate,idn.74,Sulawesi Tenggara,74,2023,source_annual_period,21.97,percent,observed,m5_neet_source_period,m24prov_8b23ac4022ad918a063bc92f,bps_stable32_province_2018_2025_v1,sakernas_neet_15_24_current38,,False,False
m24obs_552eb6101a21a3904e76cc83,neet_rate,idn.74,Sulawesi Tenggara,74,2024,source_annual_period,19.78,percent,observed,m5_neet_source_period,m24prov_5f44d02b5481880e37d26d54,bps_stable32_province_2018_2025_v1,sakernas_neet_15_24_current38,,False,False
m24obs_96cc5a28f49c5ff73d94fcd8,neet_rate,idn.74,Sulawesi Tenggara,74,2025,source_annual_period,19.84,percent,observed,m5_neet_source_period,m24prov_e5925e2ab2cd9425b9e6ea8a,bps_stable32_province_2018_2025_v1,sakernas_neet_15_24_current38,,False,False
m24obs_ad2f22961417d412bdeb2fc5,neet_rate,idn.75,Gorontalo,75,2018,source_annual_period,26.37,percent,observed,m5_neet_source_period,m24prov_fa0404aa388a46e9164bbc73,bps_stable32_province_2018_2025_v1,sakernas_neet_15_24_current38,,False,False
m24obs_fc13b618cba10735bddb1dd6,neet_rate,idn.75,Gorontalo,75,2019,source_annual_period,26.41,percent,observed,m5_neet_source_period,m24prov_7c10d88a71451027e5087960,bps_stable32_province_2018_2025_v1,sakernas_neet_15_24_current38,,False,False
m24obs_803f929c392cc1d8911f1821,neet_rate,idn.75,Gorontalo,75,2020,source_annual_period,27.35,percent,observed,m5_neet_source_period,m24prov_ae62c1ac5d23d1345e6aed1e,bps_stable32_province_2018_2025_v1,sakernas_neet_15_24_current38,,False,False
m24obs_c085834c6eb45ba34c71f4b7,neet_rate,idn.75,Gorontalo,75,2021,source_annual_period,25.79,percent,observed,m5_neet_source_period,m24prov_9569ab2eb1682be14690cf02,bps_stable32_province_2018_2025_v1,sakernas_neet_15_24_current38,,False,False
m24obs_01935db1709bc556920ee0c5,neet_rate,idn.75,Gorontalo,75,2022,source_annual_period,28.03,percent,observed,m5_neet_source_period,m24prov_4a02e6dcca812aa38cc5362c,bps_stable32_province_2018_2025_v1,sakernas_neet_15_24_current38,,False,False
m24obs_d6e1361ddffdbdad544149bb,neet_rate,idn.75,Gorontalo,75,2023,source_annual_period,24.87,percent,observed,m5_neet_source_period,m24prov_8b23ac4022ad918a063bc92f,bps_stable32_province_2018_2025_v1,sakernas_neet_15_24_current38,,False,False
m24obs_e40fbbf16270a7577300c355,neet_rate,idn.75,Gorontalo,75,2024,source_annual_period,21.89,percent,observed,m5_neet_source_period,m24prov_5f44d02b5481880e37d26d54,bps_stable32_province_2018_2025_v1,sakernas_neet_15_24_current38,,False,False
m24obs_54c3b692d8e4779b54d9a9d6,neet_rate,idn.75,Gorontalo,75,2025,source_annual_period,23.9,percent,observed,m5_neet_source_period,m24prov_e5925e2ab2cd9425b9e6ea8a,bps_stable32_province_2018_2025_v1,sakernas_neet_15_24_current38,,False,False
m24obs_43c1215afe10f867e278af3d,neet_rate,idn.76,Sulawesi Barat,76,2018,source_annual_period,24.12,percent,observed,m5_neet_source_period,m24prov_fa0404aa388a46e9164bbc73,bps_stable32_province_2018_2025_v1,sakernas_neet_15_24_current38,,False,False
m24obs_a5b3093980fe7f7caf091b78,neet_rate,idn.76,Sulawesi Barat,76,2019,source_annual_period,23.07,percent,observed,m5_neet_source_period,m24prov_7c10d88a71451027e5087960,bps_stable32_province_2018_2025_v1,sakernas_neet_15_24_current38,,False,False
m24obs_7fe6461b8d61e1baa66ad5fc,neet_rate,idn.76,Sulawesi Barat,76,2020,source_annual_period,24.15,percent,observed,m5_neet_source_period,m24prov_ae62c1ac5d23d1345e6aed1e,bps_stable32_province_2018_2025_v1,sakernas_neet_15_24_current38,,False,False
m24obs_a212ff65d7aad57ee95d47e5,neet_rate,idn.76,Sulawesi Barat,76,2021,source_annual_period,22.85,percent,observed,m5_neet_source_period,m24prov_9569ab2eb1682be14690cf02,bps_stable32_province_2018_2025_v1,sakernas_neet_15_24_current38,,False,False
m24obs_600f7e50a69fe0b2512eb3ae,neet_rate,idn.76,Sulawesi Barat,76,2022,source_annual_period,22.51,percent,observed,m5_neet_source_period,m24prov_4a02e6dcca812aa38cc5362c,bps_stable32_province_2018_2025_v1,sakernas_neet_15_24_current38,,False,False
m24obs_a3dc9aff551aa3c755ddd7a6,neet_rate,idn.76,Sulawesi Barat,76,2023,source_annual_period,21.81,percent,observed,m5_neet_source_period,m24prov_8b23ac4022ad918a063bc92f,bps_stable32_province_2018_2025_v1,sakernas_neet_15_24_current38,,False,False
m24obs_4a6683306d8db1697beb630e,neet_rate,idn.76,Sulawesi Barat,76,2024,source_annual_period,20.25,percent,observed,m5_neet_source_period,m24prov_5f44d02b5481880e37d26d54,bps_stable32_province_2018_2025_v1,sakernas_neet_15_24_current38,,False,False
m24obs_c563ba55712b03a5e4262787,neet_rate,idn.76,Sulawesi Barat,76,2025,source_annual_period,18.97,percent,observed,m5_neet_source_period,m24prov_e5925e2ab2cd9425b9e6ea8a,bps_stable32_province_2018_2025_v1,sakernas_neet_15_24_current38,,False,False
m24obs_a5da01e9f4d077d0226e515c,neet_rate,idn.81,Maluku,81,2018,source_annual_period,25.18,percent,observed,m5_neet_source_period,m24prov_fa0404aa388a46e9164bbc73,bps_stable32_province_2018_2025_v1,sakernas_neet_15_24_current38,,False,False
m24obs_2b2b9062e6acaafd35d81134,neet_rate,idn.81,Maluku,81,2019,source_annual_period,26.59,percent,observed,m5_neet_source_period,m24prov_7c10d88a71451027e5087960,bps_stable32_province_2018_2025_v1,sakernas_neet_15_24_current38,,False,False
m24obs_f18a8b2cf0ad8b2f21f24e35,neet_rate,idn.81,Maluku,81,2020,source_annual_period,27.46,percent,observed,m5_neet_source_period,m24prov_ae62c1ac5d23d1345e6aed1e,bps_stable32_province_2018_2025_v1,sakernas_neet_15_24_current38,,False,False
m24obs_ee16d46aa7d823cd982e7da5,neet_rate,idn.81,Maluku,81,2021,source_annual_period,28.64,percent,observed,m5_neet_source_period,m24prov_9569ab2eb1682be14690cf02,bps_stable32_province_2018_2025_v1,sakernas_neet_15_24_current38,,False,False
m24obs_369e95cb6dffd8adf7bf4bdd,neet_rate,idn.81,Maluku,81,2022,source_annual_period,30.89,percent,observed,m5_neet_source_period,m24prov_4a02e6dcca812aa38cc5362c,bps_stable32_province_2018_2025_v1,sakernas_neet_15_24_current38,,False,False
m24obs_7dffd1f1e0858cf5c3854d7a,neet_rate,idn.81,Maluku,81,2023,source_annual_period,35.38,percent,observed,m5_neet_source_period,m24prov_8b23ac4022ad918a063bc92f,bps_stable32_province_2018_2025_v1,sakernas_neet_15_24_current38,,False,False
m24obs_8c6b3611a0092f3751858422,neet_rate,idn.81,Maluku,81,2024,source_annual_period,29.43,percent,observed,m5_neet_source_period,m24prov_5f44d02b5481880e37d26d54,bps_stable32_province_2018_2025_v1,sakernas_neet_15_24_current38,,False,False
m24obs_ae2bd19c6bc1eb0c66c424b2,neet_rate,idn.81,Maluku,81,2025,source_annual_period,28.49,percent,observed,m5_neet_source_period,m24prov_e5925e2ab2cd9425b9e6ea8a,bps_stable32_province_2018_2025_v1,sakernas_neet_15_24_current38,,False,False
m24obs_0d84eb37b10e4874419ef1e7,neet_rate,idn.82,Maluku Utara,82,2018,source_annual_period,23.04,percent,observed,m5_neet_source_period,m24prov_fa0404aa388a46e9164bbc73,bps_stable32_province_2018_2025_v1,sakernas_neet_15_24_current38,,False,False
m24obs_9760778baa7b07dc7b315b1c,neet_rate,idn.82,Maluku Utara,82,2019,source_annual_period,24.94,percent,observed,m5_neet_source_period,m24prov_7c10d88a71451027e5087960,bps_stable32_province_2018_2025_v1,sakernas_neet_15_24_current38,,False,False
m24obs_9ec59eed34ae51bcf98f5669,neet_rate,idn.82,Maluku Utara,82,2020,source_annual_period,26.37,percent,observed,m5_neet_source_period,m24prov_ae62c1ac5d23d1345e6aed1e,bps_stable32_province_2018_2025_v1,sakernas_neet_15_24_current38,,False,False
m24obs_389cedb63126f42e420b7f7f,neet_rate,idn.82,Maluku Utara,82,2021,source_annual_period,27.59,percent,observed,m5_neet_source_period,m24prov_9569ab2eb1682be14690cf02,bps_stable32_province_2018_2025_v1,sakernas_neet_15_24_current38,,False,False
m24obs_60f63691a074d9d36eff6015,neet_rate,idn.82,Maluku Utara,82,2022,source_annual_period,29.52,percent,observed,m5_neet_source_period,m24prov_4a02e6dcca812aa38cc5362c,bps_stable32_province_2018_2025_v1,sakernas_neet_15_24_current38,,False,False
m24obs_d473c149f43ffa0e5cfdee1b,neet_rate,idn.82,Maluku Utara,82,2023,source_annual_period,29.71,percent,observed,m5_neet_source_period,m24prov_8b23ac4022ad918a063bc92f,bps_stable32_province_2018_2025_v1,sakernas_neet_15_24_current38,,False,False
m24obs_34f36a8dd10ab31ae83504ad,neet_rate,idn.82,Maluku Utara,82,2024,source_annual_period,27.85,percent,observed,m5_neet_source_period,m24prov_5f44d02b5481880e37d26d54,bps_stable32_province_2018_2025_v1,sakernas_neet_15_24_current38,,False,False
m24obs_45041296a8f4076fe2529c3a,neet_rate,idn.82,Maluku Utara,82,2025,source_annual_period,25.65,percent,observed,m5_neet_source_period,m24prov_e5925e2ab2cd9425b9e6ea8a,bps_stable32_province_2018_2025_v1,sakernas_neet_15_24_current38,,False,False
m24obs_70ea75d2bb1a2ff8dc2fa03d,poverty_rate,idn.11,Aceh,11,2018,Maret,15.97,percent,observed,m5_poverty_march,m24prov_83eea2b063b672280faf0f89,bps_stable32_province_2018_2025_v1,susenas_poverty_march_current38,,False,False
m24obs_ee9cc5a6d0ed005a08e44257,poverty_rate,idn.11,Aceh,11,2019,Maret,15.32,percent,observed,m5_poverty_march,m24prov_954149cc3c997728c68e9859,bps_stable32_province_2018_2025_v1,susenas_poverty_march_current38,,False,False
m24obs_408d3cedc97f90a27adeb0e4,poverty_rate,idn.11,Aceh,11,2020,Maret,14.99,percent,observed,m5_poverty_march,m24prov_3c236654d66d09fa1f60d402,bps_stable32_province_2018_2025_v1,susenas_poverty_march_current38,,False,False
m24obs_6a66b55f11d3e2b8a660fb44,poverty_rate,idn.11,Aceh,11,2021,Maret,15.33,percent,observed,m5_poverty_march,m24prov_98c5b7c13a73ebb995a4083b,bps_stable32_province_2018_2025_v1,susenas_poverty_march_current38,,False,False
m24obs_48ba50ad756cd6588bb56cfe,poverty_rate,idn.11,Aceh,11,2022,Maret,14.64,percent,observed,m5_poverty_march,m24prov_9b9bd4868b1a361aea1bdf65,bps_stable32_province_2018_2025_v1,susenas_poverty_march_current38,,False,False
m24obs_4547866d422708fb43d852a4,poverty_rate,idn.11,Aceh,11,2023,Maret,14.45,percent,observed,m5_poverty_march,m24prov_3d9fbd46deb3dfcd11c53b43,bps_stable32_province_2018_2025_v1,susenas_poverty_march_current38,,False,False
m24obs_156b56c8c05152f7b967f244,poverty_rate,idn.11,Aceh,11,2024,Maret,14.23,percent,observed,m5_poverty_march,m24prov_03abc8d1b5e9677c16c7cf31,bps_stable32_province_2018_2025_v1,susenas_poverty_march_current38,,False,False
m24obs_b92dc6aa8ae7e68760d79155,poverty_rate,idn.11,Aceh,11,2025,Maret,12.33,percent,observed,m5_poverty_march,m24prov_c4a68e4cd387608533c7030a,bps_stable32_province_2018_2025_v1,susenas_poverty_march_current38,,False,False
m24obs_0bf03a491df38af801319216,poverty_rate,idn.12,Sumatera Utara,12,2018,Maret,9.22,percent,observed,m5_poverty_march,m24prov_83eea2b063b672280faf0f89,bps_stable32_province_2018_2025_v1,susenas_poverty_march_current38,,False,False
m24obs_c52c894340eb4597c6dc716c,poverty_rate,idn.12,Sumatera Utara,12,2019,Maret,8.83,percent,observed,m5_poverty_march,m24prov_954149cc3c997728c68e9859,bps_stable32_province_2018_2025_v1,susenas_poverty_march_current38,,False,False
m24obs_a34d12bc2cb9eb42e02c0bdc,poverty_rate,idn.12,Sumatera Utara,12,2020,Maret,8.75,percent,observed,m5_poverty_march,m24prov_3c236654d66d09fa1f60d402,bps_stable32_province_2018_2025_v1,susenas_poverty_march_current38,,False,False
m24obs_69ee2511053450ad1f329b46,poverty_rate,idn.12,Sumatera Utara,12,2021,Maret,9.01,percent,observed,m5_poverty_march,m24prov_98c5b7c13a73ebb995a4083b,bps_stable32_province_2018_2025_v1,susenas_poverty_march_current38,,False,False
m24obs_d7ee65c14519bc2241d4219c,poverty_rate,idn.12,Sumatera Utara,12,2022,Maret,8.42,percent,observed,m5_poverty_march,m24prov_9b9bd4868b1a361aea1bdf65,bps_stable32_province_2018_2025_v1,susenas_poverty_march_current38,,False,False
m24obs_78bf74b57940e126f97fa72e,poverty_rate,idn.12,Sumatera Utara,12,2023,Maret,8.15,percent,observed,m5_poverty_march,m24prov_3d9fbd46deb3dfcd11c53b43,bps_stable32_province_2018_2025_v1,susenas_poverty_march_current38,,False,False
m24obs_b3ce97d243a8a680d4e6129c,poverty_rate,idn.12,Sumatera Utara,12,2024,Maret,7.99,percent,observed,m5_poverty_march,m24prov_03abc8d1b5e9677c16c7cf31,bps_stable32_province_2018_2025_v1,susenas_poverty_march_current38,,False,False
m24obs_7e0a6a3f26f87cc2591ed059,poverty_rate,idn.12,Sumatera Utara,12,2025,Maret,7.36,percent,observed,m5_poverty_march,m24prov_c4a68e4cd387608533c7030a,bps_stable32_province_2018_2025_v1,susenas_poverty_march_current38,,False,False
m24obs_c0b0b0b2a9619bd18bdaa3ba,poverty_rate,idn.13,Sumatera Barat,13,2018,Maret,6.65,percent,observed,m5_poverty_march,m24prov_83eea2b063b672280faf0f89,bps_stable32_province_2018_2025_v1,susenas_poverty_march_current38,,False,False
m24obs_daf9fe89ed372194e94edc0d,poverty_rate,idn.13,Sumatera Barat,13,2019,Maret,6.42,percent,observed,m5_poverty_march,m24prov_954149cc3c997728c68e9859,bps_stable32_province_2018_2025_v1,susenas_poverty_march_current38,,False,False
m24obs_a92652529d4dec4402fb0126,poverty_rate,idn.13,Sumatera Barat,13,2020,Maret,6.28,percent,observed,m5_poverty_march,m24prov_3c236654d66d09fa1f60d402,bps_stable32_province_2018_2025_v1,susenas_poverty_march_current38,,False,False
m24obs_66b851c56caa734c296e1927,poverty_rate,idn.13,Sumatera Barat,13,2021,Maret,6.63,percent,observed,m5_poverty_march,m24prov_98c5b7c13a73ebb995a4083b,bps_stable32_province_2018_2025_v1,susenas_poverty_march_current38,,False,False
m24obs_111a72e16c20ed49196c578b,poverty_rate,idn.13,Sumatera Barat,13,2022,Maret,5.92,percent,observed,m5_poverty_march,m24prov_9b9bd4868b1a361aea1bdf65,bps_stable32_province_2018_2025_v1,susenas_poverty_march_current38,,False,False
m24obs_a063e3e88b7a9ec2073ee2df,poverty_rate,idn.13,Sumatera Barat,13,2023,Maret,5.95,percent,observed,m5_poverty_march,m24prov_3d9fbd46deb3dfcd11c53b43,bps_stable32_province_2018_2025_v1,susenas_poverty_march_current38,,False,False
m24obs_c77ff79025174fbb105c229e,poverty_rate,idn.13,Sumatera Barat,13,2024,Maret,5.97,percent,observed,m5_poverty_march,m24prov_03abc8d1b5e9677c16c7cf31,bps_stable32_province_2018_2025_v1,susenas_poverty_march_current38,,False,False
m24obs_d9f920897b26e4ae760d8876,poverty_rate,idn.13,Sumatera Barat,13,2025,Maret,5.35,percent,observed,m5_poverty_march,m24prov_c4a68e4cd387608533c7030a,bps_stable32_province_2018_2025_v1,susenas_poverty_march_current38,,False,False
m24obs_97432770e3ead0bd792ce462,poverty_rate,idn.14,Riau,14,2018,Maret,7.39,percent,observed,m5_poverty_march,m24prov_83eea2b063b672280faf0f89,bps_stable32_province_2018_2025_v1,susenas_poverty_march_current38,,False,False
m24obs_e74ffbe871b5b02fa2d09897,poverty_rate,idn.14,Riau,14,2019,Maret,7.08,percent,observed,m5_poverty_march,m24prov_954149cc3c997728c68e9859,bps_stable32_province_2018_2025_v1,susenas_poverty_march_current38,,False,False
m24obs_8e054e01546e358cb4c2f4b9,poverty_rate,idn.14,Riau,14,2020,Maret,6.82,percent,observed,m5_poverty_march,m24prov_3c236654d66d09fa1f60d402,bps_stable32_province_2018_2025_v1,susenas_poverty_march_current38,,False,False
m24obs_f41e00df311c6d496d8d576e,poverty_rate,idn.14,Riau,14,2021,Maret,7.12,percent,observed,m5_poverty_march,m24prov_98c5b7c13a73ebb995a4083b,bps_stable32_province_2018_2025_v1,susenas_poverty_march_current38,,False,False
m24obs_a37772a789f14133380ee40d,poverty_rate,idn.14,Riau,14,2022,Maret,6.78,percent,observed,m5_poverty_march,m24prov_9b9bd4868b1a361aea1bdf65,bps_stable32_province_2018_2025_v1,susenas_poverty_march_current38,,False,False
m24obs_d66c52dce18123016e4a984f,poverty_rate,idn.14,Riau,14,2023,Maret,6.68,percent,observed,m5_poverty_march,m24prov_3d9fbd46deb3dfcd11c53b43,bps_stable32_province_2018_2025_v1,susenas_poverty_march_current38,,False,False
m24obs_5363e478cd88ade1a7289ea2,poverty_rate,idn.14,Riau,14,2024,Maret,6.67,percent,observed,m5_poverty_march,m24prov_03abc8d1b5e9677c16c7cf31,bps_stable32_province_2018_2025_v1,susenas_poverty_march_current38,,False,False
m24obs_5d8f56d1eb55261c342c58d4,poverty_rate,idn.14,Riau,14,2025,Maret,6.16,percent,observed,m5_poverty_march,m24prov_c4a68e4cd387608533c7030a,bps_stable32_province_2018_2025_v1,susenas_poverty_march_current38,,False,False
m24obs_b1daf197910dfcb31fff9fda,poverty_rate,idn.15,Jambi,15,2018,Maret,7.92,percent,observed,m5_poverty_march,m24prov_83eea2b063b672280faf0f89,bps_stable32_province_2018_2025_v1,susenas_poverty_march_current38,,False,False
m24obs_7562d0bfe1d8aa30306e6330,poverty_rate,idn.15,Jambi,15,2019,Maret,7.6,percent,observed,m5_poverty_march,m24prov_954149cc3c997728c68e9859,bps_stable32_province_2018_2025_v1,susenas_poverty_march_current38,,False,False
m24obs_12cffc63ad802408d927de65,poverty_rate,idn.15,Jambi,15,2020,Maret,7.58,percent,observed,m5_poverty_march,m24prov_3c236654d66d09fa1f60d402,bps_stable32_province_2018_2025_v1,susenas_poverty_march_current38,,False,False
m24obs_3fd2b196805da80dbce6b11a,poverty_rate,idn.15,Jambi,15,2021,Maret,8.09,percent,observed,m5_poverty_march,m24prov_98c5b7c13a73ebb995a4083b,bps_stable32_province_2018_2025_v1,susenas_poverty_march_current38,,False,False
m24obs_b2c61cd38a4a8daf90710762,poverty_rate,idn.15,Jambi,15,2022,Maret,7.62,percent,observed,m5_poverty_march,m24prov_9b9bd4868b1a361aea1bdf65,bps_stable32_province_2018_2025_v1,susenas_poverty_march_current38,,False,False
m24obs_e1cd35942375224b8af10044,poverty_rate,idn.15,Jambi,15,2023,Maret,7.58,percent,observed,m5_poverty_march,m24prov_3d9fbd46deb3dfcd11c53b43,bps_stable32_province_2018_2025_v1,susenas_poverty_march_current38,,False,False
m24obs_7e5b9e7e38e364e94ec99c6b,poverty_rate,idn.15,Jambi,15,2024,Maret,7.1,percent,observed,m5_poverty_march,m24prov_03abc8d1b5e9677c16c7cf31,bps_stable32_province_2018_2025_v1,susenas_poverty_march_current38,,False,False
m24obs_8bc1d15130a743f86b72a460,poverty_rate,idn.15,Jambi,15,2025,Maret,7.19,percent,observed,m5_poverty_march,m24prov_c4a68e4cd387608533c7030a,bps_stable32_province_2018_2025_v1,susenas_poverty_march_current38,,False,False
m24obs_fc67d2be1a4276e53f9b86b0,poverty_rate,idn.16,Sumatera Selatan,16,2018,Maret,12.8,percent,observed,m5_poverty_march,m24prov_83eea2b063b672280faf0f89,bps_stable32_province_2018_2025_v1,susenas_poverty_march_current38,,False,False
m24obs_9d3ac9db3d51222a34978d4e,poverty_rate,idn.16,Sumatera Selatan,16,2019,Maret,12.71,percent,observed,m5_poverty_march,m24prov_954149cc3c997728c68e9859,bps_stable32_province_2018_2025_v1,susenas_poverty_march_current38,,False,False
m24obs_7f2253b70b72e7ce6d270d80,poverty_rate,idn.16,Sumatera Selatan,16,2020,Maret,12.66,percent,observed,m5_poverty_march,m24prov_3c236654d66d09fa1f60d402,bps_stable32_province_2018_2025_v1,susenas_poverty_march_current38,,False,False
m24obs_3ec32ecf7199235c8f81541e,poverty_rate,idn.16,Sumatera Selatan,16,2021,Maret,12.84,percent,observed,m5_poverty_march,m24prov_98c5b7c13a73ebb995a4083b,bps_stable32_province_2018_2025_v1,susenas_poverty_march_current38,,False,False
m24obs_e5bf600d8afc9038c1ae2d70,poverty_rate,idn.16,Sumatera Selatan,16,2022,Maret,11.9,percent,observed,m5_poverty_march,m24prov_9b9bd4868b1a361aea1bdf65,bps_stable32_province_2018_2025_v1,susenas_poverty_march_current38,,False,False
m24obs_5eac6f27fb6dceb23422f45a,poverty_rate,idn.16,Sumatera Selatan,16,2023,Maret,11.78,percent,observed,m5_poverty_march,m24prov_3d9fbd46deb3dfcd11c53b43,bps_stable32_province_2018_2025_v1,susenas_poverty_march_current38,,False,False
m24obs_ebfe05e6b4af320bf2d2ef41,poverty_rate,idn.16,Sumatera Selatan,16,2024,Maret,10.97,percent,observed,m5_poverty_march,m24prov_03abc8d1b5e9677c16c7cf31,bps_stable32_province_2018_2025_v1,susenas_poverty_march_current38,,False,False
m24obs_c2ebcc90279b55a7b21ecd55,poverty_rate,idn.16,Sumatera Selatan,16,2025,Maret,10.15,percent,observed,m5_poverty_march,m24prov_c4a68e4cd387608533c7030a,bps_stable32_province_2018_2025_v1,susenas_poverty_march_current38,,False,False
m24obs_8fc1c3de3d319a7f9bdc2ca4,poverty_rate,idn.17,Bengkulu,17,2018,Maret,15.43,percent,observed,m5_poverty_march,m24prov_83eea2b063b672280faf0f89,bps_stable32_province_2018_2025_v1,susenas_poverty_march_current38,,False,False
m24obs_5ed82a1390de11c58e4ce3f5,poverty_rate,idn.17,Bengkulu,17,2019,Maret,15.23,percent,observed,m5_poverty_march,m24prov_954149cc3c997728c68e9859,bps_stable32_province_2018_2025_v1,susenas_poverty_march_current38,,False,False
m24obs_1b0faf9eaffc2e0a4def714c,poverty_rate,idn.17,Bengkulu,17,2020,Maret,15.03,percent,observed,m5_poverty_march,m24prov_3c236654d66d09fa1f60d402,bps_stable32_province_2018_2025_v1,susenas_poverty_march_current38,,False,False
m24obs_240db8d85d30677b21c81413,poverty_rate,idn.17,Bengkulu,17,2021,Maret,15.22,percent,observed,m5_poverty_march,m24prov_98c5b7c13a73ebb995a4083b,bps_stable32_province_2018_2025_v1,susenas_poverty_march_current38,,False,False
m24obs_c9dba21dfcc4335728b380f2,poverty_rate,idn.17,Bengkulu,17,2022,Maret,14.62,percent,observed,m5_poverty_march,m24prov_9b9bd4868b1a361aea1bdf65,bps_stable32_province_2018_2025_v1,susenas_poverty_march_current38,,False,False
m24obs_09e050262b42fdaf5fc72647,poverty_rate,idn.17,Bengkulu,17,2023,Maret,14.04,percent,observed,m5_poverty_march,m24prov_3d9fbd46deb3dfcd11c53b43,bps_stable32_province_2018_2025_v1,susenas_poverty_march_current38,,False,False
m24obs_c33f4c47650c131d9bd69210,poverty_rate,idn.17,Bengkulu,17,2024,Maret,13.56,percent,observed,m5_poverty_march,m24prov_03abc8d1b5e9677c16c7cf31,bps_stable32_province_2018_2025_v1,susenas_poverty_march_current38,,False,False
m24obs_1c24e6177bebc7e6ce19db2d,poverty_rate,idn.17,Bengkulu,17,2025,Maret,12.08,percent,observed,m5_poverty_march,m24prov_c4a68e4cd387608533c7030a,bps_stable32_province_2018_2025_v1,susenas_poverty_march_current38,,False,False
m24obs_edbf7a810067ab94081a1b65,poverty_rate,idn.18,Lampung,18,2018,Maret,13.14,percent,observed,m5_poverty_march,m24prov_83eea2b063b672280faf0f89,bps_stable32_province_2018_2025_v1,susenas_poverty_march_current38,,False,False
m24obs_ce10f7f5db161dc588f33f7f,poverty_rate,idn.18,Lampung,18,2019,Maret,12.62,percent,observed,m5_poverty_march,m24prov_954149cc3c997728c68e9859,bps_stable32_province_2018_2025_v1,susenas_poverty_march_current38,,False,False
m24obs_24021748521ab89b4e1fe09e,poverty_rate,idn.18,Lampung,18,2020,Maret,12.34,percent,observed,m5_poverty_march,m24prov_3c236654d66d09fa1f60d402,bps_stable32_province_2018_2025_v1,susenas_poverty_march_current38,,False,False
m24obs_c5f72a9702075e275bd4c0a1,poverty_rate,idn.18,Lampung,18,2021,Maret,12.62,percent,observed,m5_poverty_march,m24prov_98c5b7c13a73ebb995a4083b,bps_stable32_province_2018_2025_v1,susenas_poverty_march_current38,,False,False
m24obs_92a98fbb839b3246869f7702,poverty_rate,idn.18,Lampung,18,2022,Maret,11.57,percent,observed,m5_poverty_march,m24prov_9b9bd4868b1a361aea1bdf65,bps_stable32_province_2018_2025_v1,susenas_poverty_march_current38,,False,False
m24obs_4a094fbcb2b3024a3b652b59,poverty_rate,idn.18,Lampung,18,2023,Maret,11.11,percent,observed,m5_poverty_march,m24prov_3d9fbd46deb3dfcd11c53b43,bps_stable32_province_2018_2025_v1,susenas_poverty_march_current38,,False,False
m24obs_18efee1ff67c9e46ba9edcc4,poverty_rate,idn.18,Lampung,18,2024,Maret,10.69,percent,observed,m5_poverty_march,m24prov_03abc8d1b5e9677c16c7cf31,bps_stable32_province_2018_2025_v1,susenas_poverty_march_current38,,False,False
m24obs_b17104c6de82c1d65cf5c607,poverty_rate,idn.18,Lampung,18,2025,Maret,10,percent,observed,m5_poverty_march,m24prov_c4a68e4cd387608533c7030a,bps_stable32_province_2018_2025_v1,susenas_poverty_march_current38,,False,False
m24obs_3e5c28cd55cbe8f82aeda7d6,poverty_rate,idn.19,Kepulauan Bangka Belitung,19,2018,Maret,5.25,percent,observed,m5_poverty_march,m24prov_83eea2b063b672280faf0f89,bps_stable32_province_2018_2025_v1,susenas_poverty_march_current38,,False,False
m24obs_0b61b1326a74bbb80073230e,poverty_rate,idn.19,Kepulauan Bangka Belitung,19,2019,Maret,4.62,percent,observed,m5_poverty_march,m24prov_954149cc3c997728c68e9859,bps_stable32_province_2018_2025_v1,susenas_poverty_march_current38,,False,False
m24obs_b912797edd94bc16c93dd4d6,poverty_rate,idn.19,Kepulauan Bangka Belitung,19,2020,Maret,4.53,percent,observed,m5_poverty_march,m24prov_3c236654d66d09fa1f60d402,bps_stable32_province_2018_2025_v1,susenas_poverty_march_current38,,False,False
m24obs_80c1a6c2a2729cf14c3e3aab,poverty_rate,idn.19,Kepulauan Bangka Belitung,19,2021,Maret,4.9,percent,observed,m5_poverty_march,m24prov_98c5b7c13a73ebb995a4083b,bps_stable32_province_2018_2025_v1,susenas_poverty_march_current38,,False,False
m24obs_e77a4602232ce4cdbe242ddf,poverty_rate,idn.19,Kepulauan Bangka Belitung,19,2022,Maret,4.45,percent,observed,m5_poverty_march,m24prov_9b9bd4868b1a361aea1bdf65,bps_stable32_province_2018_2025_v1,susenas_poverty_march_current38,,False,False
m24obs_f80a21a5325c31ebb9d987a9,poverty_rate,idn.19,Kepulauan Bangka Belitung,19,2023,Maret,4.52,percent,observed,m5_poverty_march,m24prov_3d9fbd46deb3dfcd11c53b43,bps_stable32_province_2018_2025_v1,susenas_poverty_march_current38,,False,False
m24obs_8fe7c573f117adcb7d849a53,poverty_rate,idn.19,Kepulauan Bangka Belitung,19,2024,Maret,4.55,percent,observed,m5_poverty_march,m24prov_03abc8d1b5e9677c16c7cf31,bps_stable32_province_2018_2025_v1,susenas_poverty_march_current38,,False,False
m24obs_79da3f041fa4ed4a2a9923ef,poverty_rate,idn.19,Kepulauan Bangka Belitung,19,2025,Maret,5,percent,observed,m5_poverty_march,m24prov_c4a68e4cd387608533c7030a,bps_stable32_province_2018_2025_v1,susenas_poverty_march_current38,,False,False
m24obs_9cccc869cd1b342318d1c746,poverty_rate,idn.21,Kepulauan Riau,21,2018,Maret,6.2,percent,observed,m5_poverty_march,m24prov_83eea2b063b672280faf0f89,bps_stable32_province_2018_2025_v1,susenas_poverty_march_current38,,False,False
m24obs_621e23f442268786220a3bc2,poverty_rate,idn.21,Kepulauan Riau,21,2019,Maret,5.9,percent,observed,m5_poverty_march,m24prov_954149cc3c997728c68e9859,bps_stable32_province_2018_2025_v1,susenas_poverty_march_current38,,False,False
m24obs_66e17eef0d39d55b48aa33ba,poverty_rate,idn.21,Kepulauan Riau,21,2020,Maret,5.92,percent,observed,m5_poverty_march,m24prov_3c236654d66d09fa1f60d402,bps_stable32_province_2018_2025_v1,susenas_poverty_march_current38,,False,False
m24obs_91860543c5733373484efabc,poverty_rate,idn.21,Kepulauan Riau,21,2021,Maret,6.12,percent,observed,m5_poverty_march,m24prov_98c5b7c13a73ebb995a4083b,bps_stable32_province_2018_2025_v1,susenas_poverty_march_current38,,False,False
m24obs_004e47285ccf8ca48afe6e46,poverty_rate,idn.21,Kepulauan Riau,21,2022,Maret,6.24,percent,observed,m5_poverty_march,m24prov_9b9bd4868b1a361aea1bdf65,bps_stable32_province_2018_2025_v1,susenas_poverty_march_current38,,False,False
m24obs_fc7fa358dabe1f19aeb2ebe8,poverty_rate,idn.21,Kepulauan Riau,21,2023,Maret,5.69,percent,observed,m5_poverty_march,m24prov_3d9fbd46deb3dfcd11c53b43,bps_stable32_province_2018_2025_v1,susenas_poverty_march_current38,,False,False
m24obs_918ab2bfac8ebf081299e285,poverty_rate,idn.21,Kepulauan Riau,21,2024,Maret,5.37,percent,observed,m5_poverty_march,m24prov_03abc8d1b5e9677c16c7cf31,bps_stable32_province_2018_2025_v1,susenas_poverty_march_current38,,False,False
m24obs_a9affc8bb3b15f197abec00d,poverty_rate,idn.21,Kepulauan Riau,21,2025,Maret,4.44,percent,observed,m5_poverty_march,m24prov_c4a68e4cd387608533c7030a,bps_stable32_province_2018_2025_v1,susenas_poverty_march_current38,,False,False
m24obs_41362ee0e3ca49384d8fdd95,poverty_rate,idn.31,DKI Jakarta,31,2018,Maret,3.57,percent,observed,m5_poverty_march,m24prov_83eea2b063b672280faf0f89,bps_stable32_province_2018_2025_v1,susenas_poverty_march_current38,,False,False
m24obs_e9846339ed058e93c640a194,poverty_rate,idn.31,DKI Jakarta,31,2019,Maret,3.47,percent,observed,m5_poverty_march,m24prov_954149cc3c997728c68e9859,bps_stable32_province_2018_2025_v1,susenas_poverty_march_current38,,False,False
m24obs_92e3cbd05329be92a546ea8f,poverty_rate,idn.31,DKI Jakarta,31,2020,Maret,4.53,percent,observed,m5_poverty_march,m24prov_3c236654d66d09fa1f60d402,bps_stable32_province_2018_2025_v1,susenas_poverty_march_current38,,False,False
m24obs_1844f20be3f7267678cb020b,poverty_rate,idn.31,DKI Jakarta,31,2021,Maret,4.72,percent,observed,m5_poverty_march,m24prov_98c5b7c13a73ebb995a4083b,bps_stable32_province_2018_2025_v1,susenas_poverty_march_current38,,False,False
m24obs_dee9b7b013cf5b5d9f4f65c9,poverty_rate,idn.31,DKI Jakarta,31,2022,Maret,4.69,percent,observed,m5_poverty_march,m24prov_9b9bd4868b1a361aea1bdf65,bps_stable32_province_2018_2025_v1,susenas_poverty_march_current38,,False,False
m24obs_f8adbd65a602752e5e3dea3f,poverty_rate,idn.31,DKI Jakarta,31,2023,Maret,4.44,percent,observed,m5_poverty_march,m24prov_3d9fbd46deb3dfcd11c53b43,bps_stable32_province_2018_2025_v1,susenas_poverty_march_current38,,False,False
m24obs_dc450e6968c13c7f4d0eec8b,poverty_rate,idn.31,DKI Jakarta,31,2024,Maret,4.3,percent,observed,m5_poverty_march,m24prov_03abc8d1b5e9677c16c7cf31,bps_stable32_province_2018_2025_v1,susenas_poverty_march_current38,,False,False
m24obs_d9f73796fef8830639d55df6,poverty_rate,idn.31,DKI Jakarta,31,2025,Maret,4.28,percent,observed,m5_poverty_march,m24prov_c4a68e4cd387608533c7030a,bps_stable32_province_2018_2025_v1,susenas_poverty_march_current38,,False,False
m24obs_1e69cb575fe7948fb2dd30c7,poverty_rate,idn.32,Jawa Barat,32,2018,Maret,7.45,percent,observed,m5_poverty_march,m24prov_83eea2b063b672280faf0f89,bps_stable32_province_2018_2025_v1,susenas_poverty_march_current38,,False,False
m24obs_afd77a20a96789a0e7b440fc,poverty_rate,idn.32,Jawa Barat,32,2019,Maret,6.91,percent,observed,m5_poverty_march,m24prov_954149cc3c997728c68e9859,bps_stable32_province_2018_2025_v1,susenas_poverty_march_current38,,False,False
m24obs_3e7210dfc82defa1b4a9c05c,poverty_rate,idn.32,Jawa Barat,32,2020,Maret,7.88,percent,observed,m5_poverty_march,m24prov_3c236654d66d09fa1f60d402,bps_stable32_province_2018_2025_v1,susenas_poverty_march_current38,,False,False
m24obs_7b5a097ee8bd5d4aa6f95820,poverty_rate,idn.32,Jawa Barat,32,2021,Maret,8.4,percent,observed,m5_poverty_march,m24prov_98c5b7c13a73ebb995a4083b,bps_stable32_province_2018_2025_v1,susenas_poverty_march_current38,,False,False
m24obs_cded02ef9f449b80f652331e,poverty_rate,idn.32,Jawa Barat,32,2022,Maret,8.06,percent,observed,m5_poverty_march,m24prov_9b9bd4868b1a361aea1bdf65,bps_stable32_province_2018_2025_v1,susenas_poverty_march_current38,,False,False
m24obs_83d8b86cbb87a7e5b2558487,poverty_rate,idn.32,Jawa Barat,32,2023,Maret,7.62,percent,observed,m5_poverty_march,m24prov_3d9fbd46deb3dfcd11c53b43,bps_stable32_province_2018_2025_v1,susenas_poverty_march_current38,,False,False
m24obs_edcb874b332bfabc7cb68c25,poverty_rate,idn.32,Jawa Barat,32,2024,Maret,7.46,percent,observed,m5_poverty_march,m24prov_03abc8d1b5e9677c16c7cf31,bps_stable32_province_2018_2025_v1,susenas_poverty_march_current38,,False,False
m24obs_ceab8f2d67d09c2e68e295e2,poverty_rate,idn.32,Jawa Barat,32,2025,Maret,7.02,percent,observed,m5_poverty_march,m24prov_c4a68e4cd387608533c7030a,bps_stable32_province_2018_2025_v1,susenas_poverty_march_current38,,False,False
m24obs_ffeb04a0df13c7b8abeae60e,poverty_rate,idn.33,Jawa Tengah,33,2018,Maret,11.32,percent,observed,m5_poverty_march,m24prov_83eea2b063b672280faf0f89,bps_stable32_province_2018_2025_v1,susenas_poverty_march_current38,,False,False
m24obs_1018585e9118402075539a18,poverty_rate,idn.33,Jawa Tengah,33,2019,Maret,10.8,percent,observed,m5_poverty_march,m24prov_954149cc3c997728c68e9859,bps_stable32_province_2018_2025_v1,susenas_poverty_march_current38,,False,False
m24obs_16b0d7caa7cdd6fe26f1d0ab,poverty_rate,idn.33,Jawa Tengah,33,2020,Maret,11.41,percent,observed,m5_poverty_march,m24prov_3c236654d66d09fa1f60d402,bps_stable32_province_2018_2025_v1,susenas_poverty_march_current38,,False,False
m24obs_b8deab4a4dd882711cd3fa11,poverty_rate,idn.33,Jawa Tengah,33,2021,Maret,11.79,percent,observed,m5_poverty_march,m24prov_98c5b7c13a73ebb995a4083b,bps_stable32_province_2018_2025_v1,susenas_poverty_march_current38,,False,False
m24obs_5adbd76c8aa5c67176e00f3e,poverty_rate,idn.33,Jawa Tengah,33,2022,Maret,10.93,percent,observed,m5_poverty_march,m24prov_9b9bd4868b1a361aea1bdf65,bps_stable32_province_2018_2025_v1,susenas_poverty_march_current38,,False,False
m24obs_e9c4e5bbff737ff49f640a6b,poverty_rate,idn.33,Jawa Tengah,33,2023,Maret,10.77,percent,observed,m5_poverty_march,m24prov_3d9fbd46deb3dfcd11c53b43,bps_stable32_province_2018_2025_v1,susenas_poverty_march_current38,,False,False
m24obs_569b5ae7c2a179836f81b0e1,poverty_rate,idn.33,Jawa Tengah,33,2024,Maret,10.47,percent,observed,m5_poverty_march,m24prov_03abc8d1b5e9677c16c7cf31,bps_stable32_province_2018_2025_v1,susenas_poverty_march_current38,,False,False
m24obs_cf7100a5fada50da4c731ae7,poverty_rate,idn.33,Jawa Tengah,33,2025,Maret,9.48,percent,observed,m5_poverty_march,m24prov_c4a68e4cd387608533c7030a,bps_stable32_province_2018_2025_v1,susenas_poverty_march_current38,,False,False
m24obs_3f7e2c8a6395e3b59b866be7,poverty_rate,idn.34,DI Yogyakarta,34,2018,Maret,12.13,percent,observed,m5_poverty_march,m24prov_83eea2b063b672280faf0f89,bps_stable32_province_2018_2025_v1,susenas_poverty_march_current38,,False,False
m24obs_8c920779079b039b83d50e25,poverty_rate,idn.34,DI Yogyakarta,34,2019,Maret,11.7,percent,observed,m5_poverty_march,m24prov_954149cc3c997728c68e9859,bps_stable32_province_2018_2025_v1,susenas_poverty_march_current38,,False,False
m24obs_ff3d9ffdf3ea173abdea7c89,poverty_rate,idn.34,DI Yogyakarta,34,2020,Maret,12.28,percent,observed,m5_poverty_march,m24prov_3c236654d66d09fa1f60d402,bps_stable32_province_2018_2025_v1,susenas_poverty_march_current38,,False,False
m24obs_53a7478ec24a8d7db3b9a1c5,poverty_rate,idn.34,DI Yogyakarta,34,2021,Maret,12.8,percent,observed,m5_poverty_march,m24prov_98c5b7c13a73ebb995a4083b,bps_stable32_province_2018_2025_v1,susenas_poverty_march_current38,,False,False
m24obs_e8baba011ec24b6f2b178df0,poverty_rate,idn.34,DI Yogyakarta,34,2022,Maret,11.34,percent,observed,m5_poverty_march,m24prov_9b9bd4868b1a361aea1bdf65,bps_stable32_province_2018_2025_v1,susenas_poverty_march_current38,,False,False
m24obs_09f9f0c2e34ecec3ecb2939f,poverty_rate,idn.34,DI Yogyakarta,34,2023,Maret,11.04,percent,observed,m5_poverty_march,m24prov_3d9fbd46deb3dfcd11c53b43,bps_stable32_province_2018_2025_v1,susenas_poverty_march_current38,,False,False
m24obs_7a4f1084a90d83def088d799,poverty_rate,idn.34,DI Yogyakarta,34,2024,Maret,10.83,percent,observed,m5_poverty_march,m24prov_03abc8d1b5e9677c16c7cf31,bps_stable32_province_2018_2025_v1,susenas_poverty_march_current38,,False,False
m24obs_86b9680d2ad3ff519c3eee74,poverty_rate,idn.34,DI Yogyakarta,34,2025,Maret,10.23,percent,observed,m5_poverty_march,m24prov_c4a68e4cd387608533c7030a,bps_stable32_province_2018_2025_v1,susenas_poverty_march_current38,,False,False
m24obs_cb5f2eef538d8c079eeef660,poverty_rate,idn.35,Jawa Timur,35,2018,Maret,10.98,percent,observed,m5_poverty_march,m24prov_83eea2b063b672280faf0f89,bps_stable32_province_2018_2025_v1,susenas_poverty_march_current38,,False,False
m24obs_8cc5c084f523fb0c9c2f0833,poverty_rate,idn.35,Jawa Timur,35,2019,Maret,10.37,percent,observed,m5_poverty_march,m24prov_954149cc3c997728c68e9859,bps_stable32_province_2018_2025_v1,susenas_poverty_march_current38,,False,False
m24obs_287d3ded858485b9522590a1,poverty_rate,idn.35,Jawa Timur,35,2020,Maret,11.09,percent,observed,m5_poverty_march,m24prov_3c236654d66d09fa1f60d402,bps_stable32_province_2018_2025_v1,susenas_poverty_march_current38,,False,False
m24obs_c1f8a4df62dbbfcbed41f61e,poverty_rate,idn.35,Jawa Timur,35,2021,Maret,11.4,percent,observed,m5_poverty_march,m24prov_98c5b7c13a73ebb995a4083b,bps_stable32_province_2018_2025_v1,susenas_poverty_march_current38,,False,False
m24obs_ac088d3c1ab92ffa017a116b,poverty_rate,idn.35,Jawa Timur,35,2022,Maret,10.38,percent,observed,m5_poverty_march,m24prov_9b9bd4868b1a361aea1bdf65,bps_stable32_province_2018_2025_v1,susenas_poverty_march_current38,,False,False
m24obs_dc0d7b5a177f3f4fb69e556f,poverty_rate,idn.35,Jawa Timur,35,2023,Maret,10.35,percent,observed,m5_poverty_march,m24prov_3d9fbd46deb3dfcd11c53b43,bps_stable32_province_2018_2025_v1,susenas_poverty_march_current38,,False,False
m24obs_d22975c75fd0fc5ffccf7ba2,poverty_rate,idn.35,Jawa Timur,35,2024,Maret,9.79,percent,observed,m5_poverty_march,m24prov_03abc8d1b5e9677c16c7cf31,bps_stable32_province_2018_2025_v1,susenas_poverty_march_current38,,False,False
m24obs_d713ca75cc2704189246ca42,poverty_rate,idn.35,Jawa Timur,35,2025,Maret,9.5,percent,observed,m5_poverty_march,m24prov_c4a68e4cd387608533c7030a,bps_stable32_province_2018_2025_v1,susenas_poverty_march_current38,,False,False
m24obs_b581d81d38ba147396a9dac7,poverty_rate,idn.36,Banten,36,2018,Maret,5.24,percent,observed,m5_poverty_march,m24prov_83eea2b063b672280faf0f89,bps_stable32_province_2018_2025_v1,susenas_poverty_march_current38,,False,False
m24obs_6b57f19adb0d42c71d380063,poverty_rate,idn.36,Banten,36,2019,Maret,5.09,percent,observed,m5_poverty_march,m24prov_954149cc3c997728c68e9859,bps_stable32_province_2018_2025_v1,susenas_poverty_march_current38,,False,False
m24obs_344f2893b1b7f1129d838374,poverty_rate,idn.36,Banten,36,2020,Maret,5.92,percent,observed,m5_poverty_march,m24prov_3c236654d66d09fa1f60d402,bps_stable32_province_2018_2025_v1,susenas_poverty_march_current38,,False,False
m24obs_fa784ef70385d02a072e1eef,poverty_rate,idn.36,Banten,36,2021,Maret,6.66,percent,observed,m5_poverty_march,m24prov_98c5b7c13a73ebb995a4083b,bps_stable32_province_2018_2025_v1,susenas_poverty_march_current38,,False,False
m24obs_4384e262c40605dc9b100980,poverty_rate,idn.36,Banten,36,2022,Maret,6.16,percent,observed,m5_poverty_march,m24prov_9b9bd4868b1a361aea1bdf65,bps_stable32_province_2018_2025_v1,susenas_poverty_march_current38,,False,False
m24obs_39bb86c37e0020914498c20a,poverty_rate,idn.36,Banten,36,2023,Maret,6.17,percent,observed,m5_poverty_march,m24prov_3d9fbd46deb3dfcd11c53b43,bps_stable32_province_2018_2025_v1,susenas_poverty_march_current38,,False,False
m24obs_568f2df00f6d0912a7887df4,poverty_rate,idn.36,Banten,36,2024,Maret,5.84,percent,observed,m5_poverty_march,m24prov_03abc8d1b5e9677c16c7cf31,bps_stable32_province_2018_2025_v1,susenas_poverty_march_current38,,False,False
m24obs_4ac3dbd86392c66adbe0b9b4,poverty_rate,idn.36,Banten,36,2025,Maret,5.63,percent,observed,m5_poverty_march,m24prov_c4a68e4cd387608533c7030a,bps_stable32_province_2018_2025_v1,susenas_poverty_march_current38,,False,False
m24obs_2aa8b12883929555a87fb07e,poverty_rate,idn.51,Bali,51,2018,Maret,4.01,percent,observed,m5_poverty_march,m24prov_83eea2b063b672280faf0f89,bps_stable32_province_2018_2025_v1,susenas_poverty_march_current38,,False,False
m24obs_fa579deb4f2a0874d364a964,poverty_rate,idn.51,Bali,51,2019,Maret,3.79,percent,observed,m5_poverty_march,m24prov_954149cc3c997728c68e9859,bps_stable32_province_2018_2025_v1,susenas_poverty_march_current38,,False,False
m24obs_34b35e7eec479f0b444b507f,poverty_rate,idn.51,Bali,51,2020,Maret,3.78,percent,observed,m5_poverty_march,m24prov_3c236654d66d09fa1f60d402,bps_stable32_province_2018_2025_v1,susenas_poverty_march_current38,,False,False
m24obs_a5fb051576d5f7649c03bdb4,poverty_rate,idn.51,Bali,51,2021,Maret,4.53,percent,observed,m5_poverty_march,m24prov_98c5b7c13a73ebb995a4083b,bps_stable32_province_2018_2025_v1,susenas_poverty_march_current38,,False,False
m24obs_cd4d0293221954ef6e54d471,poverty_rate,idn.51,Bali,51,2022,Maret,4.57,percent,observed,m5_poverty_march,m24prov_9b9bd4868b1a361aea1bdf65,bps_stable32_province_2018_2025_v1,susenas_poverty_march_current38,,False,False
m24obs_01080af6e1658ef3e7ee51eb,poverty_rate,idn.51,Bali,51,2023,Maret,4.25,percent,observed,m5_poverty_march,m24prov_3d9fbd46deb3dfcd11c53b43,bps_stable32_province_2018_2025_v1,susenas_poverty_march_current38,,False,False
m24obs_5d387eabdf1c73fca4fdab1d,poverty_rate,idn.51,Bali,51,2024,Maret,4,percent,observed,m5_poverty_march,m24prov_03abc8d1b5e9677c16c7cf31,bps_stable32_province_2018_2025_v1,susenas_poverty_march_current38,,False,False
m24obs_50386c504ef157cc4728b64d,poverty_rate,idn.51,Bali,51,2025,Maret,3.72,percent,observed,m5_poverty_march,m24prov_c4a68e4cd387608533c7030a,bps_stable32_province_2018_2025_v1,susenas_poverty_march_current38,,False,False
m24obs_15ae02fcda16f16c70102939,poverty_rate,idn.52,Nusa Tenggara Barat,52,2018,Maret,14.75,percent,observed,m5_poverty_march,m24prov_83eea2b063b672280faf0f89,bps_stable32_province_2018_2025_v1,susenas_poverty_march_current38,,False,False
m24obs_bb5f8f655bc692d5a9116755,poverty_rate,idn.52,Nusa Tenggara Barat,52,2019,Maret,14.56,percent,observed,m5_poverty_march,m24prov_954149cc3c997728c68e9859,bps_stable32_province_2018_2025_v1,susenas_poverty_march_current38,,False,False
m24obs_a47d5536af3ca12ac88cd0f4,poverty_rate,idn.52,Nusa Tenggara Barat,52,2020,Maret,13.97,percent,observed,m5_poverty_march,m24prov_3c236654d66d09fa1f60d402,bps_stable32_province_2018_2025_v1,susenas_poverty_march_current38,,False,False
m24obs_9f2e43c807cac4a184771315,poverty_rate,idn.52,Nusa Tenggara Barat,52,2021,Maret,14.14,percent,observed,m5_poverty_march,m24prov_98c5b7c13a73ebb995a4083b,bps_stable32_province_2018_2025_v1,susenas_poverty_march_current38,,False,False
m24obs_8eb78084683060609e2690ca,poverty_rate,idn.52,Nusa Tenggara Barat,52,2022,Maret,13.68,percent,observed,m5_poverty_march,m24prov_9b9bd4868b1a361aea1bdf65,bps_stable32_province_2018_2025_v1,susenas_poverty_march_current38,,False,False
m24obs_069f85e02f464098df1bf852,poverty_rate,idn.52,Nusa Tenggara Barat,52,2023,Maret,13.85,percent,observed,m5_poverty_march,m24prov_3d9fbd46deb3dfcd11c53b43,bps_stable32_province_2018_2025_v1,susenas_poverty_march_current38,,False,False
m24obs_0b8f80f6f4fd27005691065f,poverty_rate,idn.52,Nusa Tenggara Barat,52,2024,Maret,12.91,percent,observed,m5_poverty_march,m24prov_03abc8d1b5e9677c16c7cf31,bps_stable32_province_2018_2025_v1,susenas_poverty_march_current38,,False,False
m24obs_9535cc3ed982852043554072,poverty_rate,idn.52,Nusa Tenggara Barat,52,2025,Maret,11.78,percent,observed,m5_poverty_march,m24prov_c4a68e4cd387608533c7030a,bps_stable32_province_2018_2025_v1,susenas_poverty_march_current38,,False,False
m24obs_6b8eb477925bc4b152e6ea8f,poverty_rate,idn.53,Nusa Tenggara Timur,53,2018,Maret,21.35,percent,observed,m5_poverty_march,m24prov_83eea2b063b672280faf0f89,bps_stable32_province_2018_2025_v1,susenas_poverty_march_current38,,False,False
m24obs_9af24d8adc3689845eff0030,poverty_rate,idn.53,Nusa Tenggara Timur,53,2019,Maret,21.09,percent,observed,m5_poverty_march,m24prov_954149cc3c997728c68e9859,bps_stable32_province_2018_2025_v1,susenas_poverty_march_current38,,False,False
m24obs_8e2c73a9e1533c944bcc6e7f,poverty_rate,idn.53,Nusa Tenggara Timur,53,2020,Maret,20.9,percent,observed,m5_poverty_march,m24prov_3c236654d66d09fa1f60d402,bps_stable32_province_2018_2025_v1,susenas_poverty_march_current38,,False,False
m24obs_ea07195b247f479ab2248501,poverty_rate,idn.53,Nusa Tenggara Timur,53,2021,Maret,20.99,percent,observed,m5_poverty_march,m24prov_98c5b7c13a73ebb995a4083b,bps_stable32_province_2018_2025_v1,susenas_poverty_march_current38,,False,False
m24obs_48d196f37347b9f382def8e3,poverty_rate,idn.53,Nusa Tenggara Timur,53,2022,Maret,20.05,percent,observed,m5_poverty_march,m24prov_9b9bd4868b1a361aea1bdf65,bps_stable32_province_2018_2025_v1,susenas_poverty_march_current38,,False,False
m24obs_0c7aa1a69cdf2cf2db088713,poverty_rate,idn.53,Nusa Tenggara Timur,53,2023,Maret,19.96,percent,observed,m5_poverty_march,m24prov_3d9fbd46deb3dfcd11c53b43,bps_stable32_province_2018_2025_v1,susenas_poverty_march_current38,,False,False
m24obs_25bb465e74abd7e972381940,poverty_rate,idn.53,Nusa Tenggara Timur,53,2024,Maret,19.48,percent,observed,m5_poverty_march,m24prov_03abc8d1b5e9677c16c7cf31,bps_stable32_province_2018_2025_v1,susenas_poverty_march_current38,,False,False
m24obs_abc6f7b33a807c595baaa0ea,poverty_rate,idn.53,Nusa Tenggara Timur,53,2025,Maret,18.6,percent,observed,m5_poverty_march,m24prov_c4a68e4cd387608533c7030a,bps_stable32_province_2018_2025_v1,susenas_poverty_march_current38,,False,False
m24obs_ee9719057739fb6ea65184bc,poverty_rate,idn.61,Kalimantan Barat,61,2018,Maret,7.77,percent,observed,m5_poverty_march,m24prov_83eea2b063b672280faf0f89,bps_stable32_province_2018_2025_v1,susenas_poverty_march_current38,,False,False
m24obs_0032eafcd08438c31e3465b8,poverty_rate,idn.61,Kalimantan Barat,61,2019,Maret,7.49,percent,observed,m5_poverty_march,m24prov_954149cc3c997728c68e9859,bps_stable32_province_2018_2025_v1,susenas_poverty_march_current38,,False,False
m24obs_3a0a57c657a04ce6c135444b,poverty_rate,idn.61,Kalimantan Barat,61,2020,Maret,7.17,percent,observed,m5_poverty_march,m24prov_3c236654d66d09fa1f60d402,bps_stable32_province_2018_2025_v1,susenas_poverty_march_current38,,False,False
m24obs_8a07866dfc79ffa7b67e8630,poverty_rate,idn.61,Kalimantan Barat,61,2021,Maret,7.15,percent,observed,m5_poverty_march,m24prov_98c5b7c13a73ebb995a4083b,bps_stable32_province_2018_2025_v1,susenas_poverty_march_current38,,False,False
m24obs_c349c285d7150d44066c3ee5,poverty_rate,idn.61,Kalimantan Barat,61,2022,Maret,6.73,percent,observed,m5_poverty_march,m24prov_9b9bd4868b1a361aea1bdf65,bps_stable32_province_2018_2025_v1,susenas_poverty_march_current38,,False,False
m24obs_d7bf48accaf2f929d9e996f6,poverty_rate,idn.61,Kalimantan Barat,61,2023,Maret,6.71,percent,observed,m5_poverty_march,m24prov_3d9fbd46deb3dfcd11c53b43,bps_stable32_province_2018_2025_v1,susenas_poverty_march_current38,,False,False
m24obs_35bb0b0863c88b0b1f98b8de,poverty_rate,idn.61,Kalimantan Barat,61,2024,Maret,6.32,percent,observed,m5_poverty_march,m24prov_03abc8d1b5e9677c16c7cf31,bps_stable32_province_2018_2025_v1,susenas_poverty_march_current38,,False,False
m24obs_0fba75f514b8f04c003b7435,poverty_rate,idn.61,Kalimantan Barat,61,2025,Maret,6.16,percent,observed,m5_poverty_march,m24prov_c4a68e4cd387608533c7030a,bps_stable32_province_2018_2025_v1,susenas_poverty_march_current38,,False,False
m24obs_0b4bf6e56f78079c3d213e5d,poverty_rate,idn.62,Kalimantan Tengah,62,2018,Maret,5.17,percent,observed,m5_poverty_march,m24prov_83eea2b063b672280faf0f89,bps_stable32_province_2018_2025_v1,susenas_poverty_march_current38,,False,False
m24obs_32daf5a60464fbbc27eefa76,poverty_rate,idn.62,Kalimantan Tengah,62,2019,Maret,4.98,percent,observed,m5_poverty_march,m24prov_954149cc3c997728c68e9859,bps_stable32_province_2018_2025_v1,susenas_poverty_march_current38,,False,False
m24obs_0a028656b40b3b65a5321c74,poverty_rate,idn.62,Kalimantan Tengah,62,2020,Maret,4.82,percent,observed,m5_poverty_march,m24prov_3c236654d66d09fa1f60d402,bps_stable32_province_2018_2025_v1,susenas_poverty_march_current38,,False,False
m24obs_4e966cd346dce06bcc15d072,poverty_rate,idn.62,Kalimantan Tengah,62,2021,Maret,5.16,percent,observed,m5_poverty_march,m24prov_98c5b7c13a73ebb995a4083b,bps_stable32_province_2018_2025_v1,susenas_poverty_march_current38,,False,False
m24obs_425c73f4493a329253d0a83a,poverty_rate,idn.62,Kalimantan Tengah,62,2022,Maret,5.28,percent,observed,m5_poverty_march,m24prov_9b9bd4868b1a361aea1bdf65,bps_stable32_province_2018_2025_v1,susenas_poverty_march_current38,,False,False
m24obs_9be4dd52191af547b3e16749,poverty_rate,idn.62,Kalimantan Tengah,62,2023,Maret,5.11,percent,observed,m5_poverty_march,m24prov_3d9fbd46deb3dfcd11c53b43,bps_stable32_province_2018_2025_v1,susenas_poverty_march_current38,,False,False
m24obs_fe3c286e83e0714f59e78d00,poverty_rate,idn.62,Kalimantan Tengah,62,2024,Maret,5.17,percent,observed,m5_poverty_march,m24prov_03abc8d1b5e9677c16c7cf31,bps_stable32_province_2018_2025_v1,susenas_poverty_march_current38,,False,False
m24obs_23943e15611b238bdb8fc457,poverty_rate,idn.62,Kalimantan Tengah,62,2025,Maret,5.19,percent,observed,m5_poverty_march,m24prov_c4a68e4cd387608533c7030a,bps_stable32_province_2018_2025_v1,susenas_poverty_march_current38,,False,False
m24obs_f3cd57f1cc57d09cdf57876a,poverty_rate,idn.63,Kalimantan Selatan,63,2018,Maret,4.54,percent,observed,m5_poverty_march,m24prov_83eea2b063b672280faf0f89,bps_stable32_province_2018_2025_v1,susenas_poverty_march_current38,,False,False
m24obs_eec50f5c125a3d6c084d0925,poverty_rate,idn.63,Kalimantan Selatan,63,2019,Maret,4.55,percent,observed,m5_poverty_march,m24prov_954149cc3c997728c68e9859,bps_stable32_province_2018_2025_v1,susenas_poverty_march_current38,,False,False
m24obs_ceb9e8ea63ab6ae7a7167bc6,poverty_rate,idn.63,Kalimantan Selatan,63,2020,Maret,4.38,percent,observed,m5_poverty_march,m24prov_3c236654d66d09fa1f60d402,bps_stable32_province_2018_2025_v1,susenas_poverty_march_current38,,False,False
m24obs_f69e7303be4a788b80b04d67,poverty_rate,idn.63,Kalimantan Selatan,63,2021,Maret,4.83,percent,observed,m5_poverty_march,m24prov_98c5b7c13a73ebb995a4083b,bps_stable32_province_2018_2025_v1,susenas_poverty_march_current38,,False,False
m24obs_786afc734ef4c5f96eea2513,poverty_rate,idn.63,Kalimantan Selatan,63,2022,Maret,4.49,percent,observed,m5_poverty_march,m24prov_9b9bd4868b1a361aea1bdf65,bps_stable32_province_2018_2025_v1,susenas_poverty_march_current38,,False,False
m24obs_6f16858f4a5e04ca483ca046,poverty_rate,idn.63,Kalimantan Selatan,63,2023,Maret,4.29,percent,observed,m5_poverty_march,m24prov_3d9fbd46deb3dfcd11c53b43,bps_stable32_province_2018_2025_v1,susenas_poverty_march_current38,,False,False
m24obs_8a87e90c37633bb1c1829172,poverty_rate,idn.63,Kalimantan Selatan,63,2024,Maret,4.11,percent,observed,m5_poverty_march,m24prov_03abc8d1b5e9677c16c7cf31,bps_stable32_province_2018_2025_v1,susenas_poverty_march_current38,,False,False
m24obs_3d1fd3c7d644b94ca61681de,poverty_rate,idn.63,Kalimantan Selatan,63,2025,Maret,3.84,percent,observed,m5_poverty_march,m24prov_c4a68e4cd387608533c7030a,bps_stable32_province_2018_2025_v1,susenas_poverty_march_current38,,False,False
m24obs_773895c986f3ae26e89c65cb,poverty_rate,idn.64,Kalimantan Timur,64,2018,Maret,6.03,percent,observed,m5_poverty_march,m24prov_83eea2b063b672280faf0f89,bps_stable32_province_2018_2025_v1,susenas_poverty_march_current38,,False,False
m24obs_1c59d73d0c95a87387c196cd,poverty_rate,idn.64,Kalimantan Timur,64,2019,Maret,5.94,percent,observed,m5_poverty_march,m24prov_954149cc3c997728c68e9859,bps_stable32_province_2018_2025_v1,susenas_poverty_march_current38,,False,False
m24obs_efc83291c055e56166faa889,poverty_rate,idn.64,Kalimantan Timur,64,2020,Maret,6.1,percent,observed,m5_poverty_march,m24prov_3c236654d66d09fa1f60d402,bps_stable32_province_2018_2025_v1,susenas_poverty_march_current38,,False,False
m24obs_f90bd0764d7da1ee190b1203,poverty_rate,idn.64,Kalimantan Timur,64,2021,Maret,6.54,percent,observed,m5_poverty_march,m24prov_98c5b7c13a73ebb995a4083b,bps_stable32_province_2018_2025_v1,susenas_poverty_march_current38,,False,False
m24obs_b7948edddc51c63d982313b0,poverty_rate,idn.64,Kalimantan Timur,64,2022,Maret,6.31,percent,observed,m5_poverty_march,m24prov_9b9bd4868b1a361aea1bdf65,bps_stable32_province_2018_2025_v1,susenas_poverty_march_current38,,False,False
m24obs_d14329b3839a2edd6a724c98,poverty_rate,idn.64,Kalimantan Timur,64,2023,Maret,6.11,percent,observed,m5_poverty_march,m24prov_3d9fbd46deb3dfcd11c53b43,bps_stable32_province_2018_2025_v1,susenas_poverty_march_current38,,False,False
m24obs_6fddde34acd4961878431300,poverty_rate,idn.64,Kalimantan Timur,64,2024,Maret,5.78,percent,observed,m5_poverty_march,m24prov_03abc8d1b5e9677c16c7cf31,bps_stable32_province_2018_2025_v1,susenas_poverty_march_current38,,False,False
m24obs_da7a6f20122df825d005c325,poverty_rate,idn.64,Kalimantan Timur,64,2025,Maret,5.17,percent,observed,m5_poverty_march,m24prov_c4a68e4cd387608533c7030a,bps_stable32_province_2018_2025_v1,susenas_poverty_march_current38,,False,False
m24obs_728787790e0d734b1bb035e9,poverty_rate,idn.65,Kalimantan Utara,65,2018,Maret,7.09,percent,observed,m5_poverty_march,m24prov_83eea2b063b672280faf0f89,bps_stable32_province_2018_2025_v1,susenas_poverty_march_current38,,False,False
m24obs_9dcff58aaf5c4d498ca30a1e,poverty_rate,idn.65,Kalimantan Utara,65,2019,Maret,6.63,percent,observed,m5_poverty_march,m24prov_954149cc3c997728c68e9859,bps_stable32_province_2018_2025_v1,susenas_poverty_march_current38,,False,False
m24obs_61a89c9381e36d809c4d87a8,poverty_rate,idn.65,Kalimantan Utara,65,2020,Maret,6.8,percent,observed,m5_poverty_march,m24prov_3c236654d66d09fa1f60d402,bps_stable32_province_2018_2025_v1,susenas_poverty_march_current38,,False,False
m24obs_703300ec8b562609bcf6cd7a,poverty_rate,idn.65,Kalimantan Utara,65,2021,Maret,7.36,percent,observed,m5_poverty_march,m24prov_98c5b7c13a73ebb995a4083b,bps_stable32_province_2018_2025_v1,susenas_poverty_march_current38,,False,False
m24obs_0f857cc33e87782077447e88,poverty_rate,idn.65,Kalimantan Utara,65,2022,Maret,6.77,percent,observed,m5_poverty_march,m24prov_9b9bd4868b1a361aea1bdf65,bps_stable32_province_2018_2025_v1,susenas_poverty_march_current38,,False,False
m24obs_5bff21dc75ee40d39bfe4674,poverty_rate,idn.65,Kalimantan Utara,65,2023,Maret,6.45,percent,observed,m5_poverty_march,m24prov_3d9fbd46deb3dfcd11c53b43,bps_stable32_province_2018_2025_v1,susenas_poverty_march_current38,,False,False
m24obs_22d9d0f7e9b05e875f5cb7ea,poverty_rate,idn.65,Kalimantan Utara,65,2024,Maret,6.32,percent,observed,m5_poverty_march,m24prov_03abc8d1b5e9677c16c7cf31,bps_stable32_province_2018_2025_v1,susenas_poverty_march_current38,,False,False
m24obs_5fd57d71a698546939b43394,poverty_rate,idn.65,Kalimantan Utara,65,2025,Maret,5.54,percent,observed,m5_poverty_march,m24prov_c4a68e4cd387608533c7030a,bps_stable32_province_2018_2025_v1,susenas_poverty_march_current38,,False,False
m24obs_192232dcbe1deee0dc561b16,poverty_rate,idn.71,Sulawesi Utara,71,2018,Maret,7.8,percent,observed,m5_poverty_march,m24prov_83eea2b063b672280faf0f89,bps_stable32_province_2018_2025_v1,susenas_poverty_march_current38,,False,False
m24obs_c84266d026f8d9b07b021599,poverty_rate,idn.71,Sulawesi Utara,71,2019,Maret,7.66,percent,observed,m5_poverty_march,m24prov_954149cc3c997728c68e9859,bps_stable32_province_2018_2025_v1,susenas_poverty_march_current38,,False,False
m24obs_74f0d611cdd35d4afe214c6a,poverty_rate,idn.71,Sulawesi Utara,71,2020,Maret,7.62,percent,observed,m5_poverty_march,m24prov_3c236654d66d09fa1f60d402,bps_stable32_province_2018_2025_v1,susenas_poverty_march_current38,,False,False
m24obs_70db3f4891e4ac152ee57d10,poverty_rate,idn.71,Sulawesi Utara,71,2021,Maret,7.77,percent,observed,m5_poverty_march,m24prov_98c5b7c13a73ebb995a4083b,bps_stable32_province_2018_2025_v1,susenas_poverty_march_current38,,False,False
m24obs_6e6275c49221c032546fe4ee,poverty_rate,idn.71,Sulawesi Utara,71,2022,Maret,7.28,percent,observed,m5_poverty_march,m24prov_9b9bd4868b1a361aea1bdf65,bps_stable32_province_2018_2025_v1,susenas_poverty_march_current38,,False,False
m24obs_e9f380ab513d66720af1aa52,poverty_rate,idn.71,Sulawesi Utara,71,2023,Maret,7.38,percent,observed,m5_poverty_march,m24prov_3d9fbd46deb3dfcd11c53b43,bps_stable32_province_2018_2025_v1,susenas_poverty_march_current38,,False,False
m24obs_c642d4b63a2e92c03900af1b,poverty_rate,idn.71,Sulawesi Utara,71,2024,Maret,7.25,percent,observed,m5_poverty_march,m24prov_03abc8d1b5e9677c16c7cf31,bps_stable32_province_2018_2025_v1,susenas_poverty_march_current38,,False,False
m24obs_1f17dd8d89627371f68d0146,poverty_rate,idn.71,Sulawesi Utara,71,2025,Maret,6.71,percent,observed,m5_poverty_march,m24prov_c4a68e4cd387608533c7030a,bps_stable32_province_2018_2025_v1,susenas_poverty_march_current38,,False,False
m24obs_8d585584ffbdb4a068c8715f,poverty_rate,idn.72,Sulawesi Tengah,72,2018,Maret,14.01,percent,observed,m5_poverty_march,m24prov_83eea2b063b672280faf0f89,bps_stable32_province_2018_2025_v1,susenas_poverty_march_current38,,False,False
m24obs_16f52a841893763dcd74415b,poverty_rate,idn.72,Sulawesi Tengah,72,2019,Maret,13.48,percent,observed,m5_poverty_march,m24prov_954149cc3c997728c68e9859,bps_stable32_province_2018_2025_v1,susenas_poverty_march_current38,,False,False
m24obs_c14c01e21bc99b66459bbda9,poverty_rate,idn.72,Sulawesi Tengah,72,2020,Maret,12.92,percent,observed,m5_poverty_march,m24prov_3c236654d66d09fa1f60d402,bps_stable32_province_2018_2025_v1,susenas_poverty_march_current38,,False,False
m24obs_8efdf5087619fce99064b0aa,poverty_rate,idn.72,Sulawesi Tengah,72,2021,Maret,13,percent,observed,m5_poverty_march,m24prov_98c5b7c13a73ebb995a4083b,bps_stable32_province_2018_2025_v1,susenas_poverty_march_current38,,False,False
m24obs_47381a0a4bcb7f472235f2eb,poverty_rate,idn.72,Sulawesi Tengah,72,2022,Maret,12.33,percent,observed,m5_poverty_march,m24prov_9b9bd4868b1a361aea1bdf65,bps_stable32_province_2018_2025_v1,susenas_poverty_march_current38,,False,False
m24obs_09892c47d33dc3ba62c41a8e,poverty_rate,idn.72,Sulawesi Tengah,72,2023,Maret,12.41,percent,observed,m5_poverty_march,m24prov_3d9fbd46deb3dfcd11c53b43,bps_stable32_province_2018_2025_v1,susenas_poverty_march_current38,,False,False
m24obs_cf723685d07576c5a63553f8,poverty_rate,idn.72,Sulawesi Tengah,72,2024,Maret,11.77,percent,observed,m5_poverty_march,m24prov_03abc8d1b5e9677c16c7cf31,bps_stable32_province_2018_2025_v1,susenas_poverty_march_current38,,False,False
m24obs_83378b49e0055e22a159edec,poverty_rate,idn.72,Sulawesi Tengah,72,2025,Maret,10.92,percent,observed,m5_poverty_march,m24prov_c4a68e4cd387608533c7030a,bps_stable32_province_2018_2025_v1,susenas_poverty_march_current38,,False,False
m24obs_2b862012550c8d951bc53fb7,poverty_rate,idn.73,Sulawesi Selatan,73,2018,Maret,9.06,percent,observed,m5_poverty_march,m24prov_83eea2b063b672280faf0f89,bps_stable32_province_2018_2025_v1,susenas_poverty_march_current38,,False,False
m24obs_c32bf9522068f9582aa7cb09,poverty_rate,idn.73,Sulawesi Selatan,73,2019,Maret,8.69,percent,observed,m5_poverty_march,m24prov_954149cc3c997728c68e9859,bps_stable32_province_2018_2025_v1,susenas_poverty_march_current38,,False,False
m24obs_2c2be2b493b7b0de963b04f7,poverty_rate,idn.73,Sulawesi Selatan,73,2020,Maret,8.72,percent,observed,m5_poverty_march,m24prov_3c236654d66d09fa1f60d402,bps_stable32_province_2018_2025_v1,susenas_poverty_march_current38,,False,False
m24obs_31cb95184cd9dca7f2e5ff6d,poverty_rate,idn.73,Sulawesi Selatan,73,2021,Maret,8.78,percent,observed,m5_poverty_march,m24prov_98c5b7c13a73ebb995a4083b,bps_stable32_province_2018_2025_v1,susenas_poverty_march_current38,,False,False
m24obs_b5ca68972f047061f4ce3d6e,poverty_rate,idn.73,Sulawesi Selatan,73,2022,Maret,8.63,percent,observed,m5_poverty_march,m24prov_9b9bd4868b1a361aea1bdf65,bps_stable32_province_2018_2025_v1,susenas_poverty_march_current38,,False,False
m24obs_05ff748c8f9a355ffc12a4fb,poverty_rate,idn.73,Sulawesi Selatan,73,2023,Maret,8.7,percent,observed,m5_poverty_march,m24prov_3d9fbd46deb3dfcd11c53b43,bps_stable32_province_2018_2025_v1,susenas_poverty_march_current38,,False,False
m24obs_9d09b0e46bdbd6dcd5ed83cd,poverty_rate,idn.73,Sulawesi Selatan,73,2024,Maret,8.06,percent,observed,m5_poverty_march,m24prov_03abc8d1b5e9677c16c7cf31,bps_stable32_province_2018_2025_v1,susenas_poverty_march_current38,,False,False
m24obs_ed52d6887edf7153d177c5a8,poverty_rate,idn.73,Sulawesi Selatan,73,2025,Maret,7.6,percent,observed,m5_poverty_march,m24prov_c4a68e4cd387608533c7030a,bps_stable32_province_2018_2025_v1,susenas_poverty_march_current38,,False,False
m24obs_661eee5994ec600fc5c71506,poverty_rate,idn.74,Sulawesi Tenggara,74,2018,Maret,11.63,percent,observed,m5_poverty_march,m24prov_83eea2b063b672280faf0f89,bps_stable32_province_2018_2025_v1,susenas_poverty_march_current38,,False,False
m24obs_b2e693b4eb429f487ec957fb,poverty_rate,idn.74,Sulawesi Tenggara,74,2019,Maret,11.24,percent,observed,m5_poverty_march,m24prov_954149cc3c997728c68e9859,bps_stable32_province_2018_2025_v1,susenas_poverty_march_current38,,False,False
m24obs_7c661f3dbd520dce874c9626,poverty_rate,idn.74,Sulawesi Tenggara,74,2020,Maret,11,percent,observed,m5_poverty_march,m24prov_3c236654d66d09fa1f60d402,bps_stable32_province_2018_2025_v1,susenas_poverty_march_current38,,False,False
m24obs_5ab69b2c6c725e12729a93f5,poverty_rate,idn.74,Sulawesi Tenggara,74,2021,Maret,11.66,percent,observed,m5_poverty_march,m24prov_98c5b7c13a73ebb995a4083b,bps_stable32_province_2018_2025_v1,susenas_poverty_march_current38,,False,False
m24obs_f1a3a5c323a8bd4b4f44e220,poverty_rate,idn.74,Sulawesi Tenggara,74,2022,Maret,11.17,percent,observed,m5_poverty_march,m24prov_9b9bd4868b1a361aea1bdf65,bps_stable32_province_2018_2025_v1,susenas_poverty_march_current38,,False,False
m24obs_851a408d61c1f01fb4ceb403,poverty_rate,idn.74,Sulawesi Tenggara,74,2023,Maret,11.43,percent,observed,m5_poverty_march,m24prov_3d9fbd46deb3dfcd11c53b43,bps_stable32_province_2018_2025_v1,susenas_poverty_march_current38,,False,False
m24obs_63ece1a1386c1cb14f75d23e,poverty_rate,idn.74,Sulawesi Tenggara,74,2024,Maret,11.21,percent,observed,m5_poverty_march,m24prov_03abc8d1b5e9677c16c7cf31,bps_stable32_province_2018_2025_v1,susenas_poverty_march_current38,,False,False
m24obs_b5387eca43912b9c5f8e5747,poverty_rate,idn.74,Sulawesi Tenggara,74,2025,Maret,10.54,percent,observed,m5_poverty_march,m24prov_c4a68e4cd387608533c7030a,bps_stable32_province_2018_2025_v1,susenas_poverty_march_current38,,False,False
m24obs_de46fe11473b1d3c6904a478,poverty_rate,idn.75,Gorontalo,75,2018,Maret,16.81,percent,observed,m5_poverty_march,m24prov_83eea2b063b672280faf0f89,bps_stable32_province_2018_2025_v1,susenas_poverty_march_current38,,False,False
m24obs_3d203c861ea7414e1dd20428,poverty_rate,idn.75,Gorontalo,75,2019,Maret,15.52,percent,observed,m5_poverty_march,m24prov_954149cc3c997728c68e9859,bps_stable32_province_2018_2025_v1,susenas_poverty_march_current38,,False,False
m24obs_a09400d0e6a54f3ad30efb15,poverty_rate,idn.75,Gorontalo,75,2020,Maret,15.22,percent,observed,m5_poverty_march,m24prov_3c236654d66d09fa1f60d402,bps_stable32_province_2018_2025_v1,susenas_poverty_march_current38,,False,False
m24obs_037bcb405afa58092048575b,poverty_rate,idn.75,Gorontalo,75,2021,Maret,15.61,percent,observed,m5_poverty_march,m24prov_98c5b7c13a73ebb995a4083b,bps_stable32_province_2018_2025_v1,susenas_poverty_march_current38,,False,False
m24obs_656cae17d0b7b7418525d3d1,poverty_rate,idn.75,Gorontalo,75,2022,Maret,15.42,percent,observed,m5_poverty_march,m24prov_9b9bd4868b1a361aea1bdf65,bps_stable32_province_2018_2025_v1,susenas_poverty_march_current38,,False,False
m24obs_08bcf9db7832c3271d13e722,poverty_rate,idn.75,Gorontalo,75,2023,Maret,15.15,percent,observed,m5_poverty_march,m24prov_3d9fbd46deb3dfcd11c53b43,bps_stable32_province_2018_2025_v1,susenas_poverty_march_current38,,False,False
m24obs_e80b0e2fb759ddc06ff0ddea,poverty_rate,idn.75,Gorontalo,75,2024,Maret,14.57,percent,observed,m5_poverty_march,m24prov_03abc8d1b5e9677c16c7cf31,bps_stable32_province_2018_2025_v1,susenas_poverty_march_current38,,False,False
m24obs_03f6c2ad7607de7dca369ff4,poverty_rate,idn.75,Gorontalo,75,2025,Maret,13.24,percent,observed,m5_poverty_march,m24prov_c4a68e4cd387608533c7030a,bps_stable32_province_2018_2025_v1,susenas_poverty_march_current38,,False,False
m24obs_1d378927b33dbfcdcfab9fb0,poverty_rate,idn.76,Sulawesi Barat,76,2018,Maret,11.25,percent,observed,m5_poverty_march,m24prov_83eea2b063b672280faf0f89,bps_stable32_province_2018_2025_v1,susenas_poverty_march_current38,,False,False
m24obs_a4feee6cda28550587df241b,poverty_rate,idn.76,Sulawesi Barat,76,2019,Maret,11.02,percent,observed,m5_poverty_march,m24prov_954149cc3c997728c68e9859,bps_stable32_province_2018_2025_v1,susenas_poverty_march_current38,,False,False
m24obs_24a9779445a77a9b6d44d646,poverty_rate,idn.76,Sulawesi Barat,76,2020,Maret,10.87,percent,observed,m5_poverty_march,m24prov_3c236654d66d09fa1f60d402,bps_stable32_province_2018_2025_v1,susenas_poverty_march_current38,,False,False
m24obs_e6913492102715e08a8ca245,poverty_rate,idn.76,Sulawesi Barat,76,2021,Maret,11.29,percent,observed,m5_poverty_march,m24prov_98c5b7c13a73ebb995a4083b,bps_stable32_province_2018_2025_v1,susenas_poverty_march_current38,,False,False
m24obs_d53223f156161154b2f1852e,poverty_rate,idn.76,Sulawesi Barat,76,2022,Maret,11.75,percent,observed,m5_poverty_march,m24prov_9b9bd4868b1a361aea1bdf65,bps_stable32_province_2018_2025_v1,susenas_poverty_march_current38,,False,False
m24obs_3f035012b80c735ba96ee3c8,poverty_rate,idn.76,Sulawesi Barat,76,2023,Maret,11.49,percent,observed,m5_poverty_march,m24prov_3d9fbd46deb3dfcd11c53b43,bps_stable32_province_2018_2025_v1,susenas_poverty_march_current38,,False,False
m24obs_fc31630ac89bfbf3068def99,poverty_rate,idn.76,Sulawesi Barat,76,2024,Maret,11.21,percent,observed,m5_poverty_march,m24prov_03abc8d1b5e9677c16c7cf31,bps_stable32_province_2018_2025_v1,susenas_poverty_march_current38,,False,False
m24obs_19691f69898142f662380db2,poverty_rate,idn.76,Sulawesi Barat,76,2025,Maret,10.41,percent,observed,m5_poverty_march,m24prov_c4a68e4cd387608533c7030a,bps_stable32_province_2018_2025_v1,susenas_poverty_march_current38,,False,False
m24obs_d9f5d0b9d71715a0f8399cef,poverty_rate,idn.81,Maluku,81,2018,Maret,18.12,percent,observed,m5_poverty_march,m24prov_83eea2b063b672280faf0f89,bps_stable32_province_2018_2025_v1,susenas_poverty_march_current38,,False,False
m24obs_cb0cb9828b12b372727c9a00,poverty_rate,idn.81,Maluku,81,2019,Maret,17.69,percent,observed,m5_poverty_march,m24prov_954149cc3c997728c68e9859,bps_stable32_province_2018_2025_v1,susenas_poverty_march_current38,,False,False
m24obs_d8cf6d31a6500f7ea1f7933d,poverty_rate,idn.81,Maluku,81,2020,Maret,17.44,percent,observed,m5_poverty_march,m24prov_3c236654d66d09fa1f60d402,bps_stable32_province_2018_2025_v1,susenas_poverty_march_current38,,False,False
m24obs_c1ac27af2a5ec8dfc5dd920f,poverty_rate,idn.81,Maluku,81,2021,Maret,17.87,percent,observed,m5_poverty_march,m24prov_98c5b7c13a73ebb995a4083b,bps_stable32_province_2018_2025_v1,susenas_poverty_march_current38,,False,False
m24obs_4d0b84dba919a165e664411f,poverty_rate,idn.81,Maluku,81,2022,Maret,15.97,percent,observed,m5_poverty_march,m24prov_9b9bd4868b1a361aea1bdf65,bps_stable32_province_2018_2025_v1,susenas_poverty_march_current38,,False,False
m24obs_91b5ce9561aab112a25cd267,poverty_rate,idn.81,Maluku,81,2023,Maret,16.42,percent,observed,m5_poverty_march,m24prov_3d9fbd46deb3dfcd11c53b43,bps_stable32_province_2018_2025_v1,susenas_poverty_march_current38,,False,False
m24obs_4d0ad1f0e29f5e3b5dd71ce4,poverty_rate,idn.81,Maluku,81,2024,Maret,16.05,percent,observed,m5_poverty_march,m24prov_03abc8d1b5e9677c16c7cf31,bps_stable32_province_2018_2025_v1,susenas_poverty_march_current38,,False,False
m24obs_1ae7d666b9d796e1fd408e0f,poverty_rate,idn.81,Maluku,81,2025,Maret,15.38,percent,observed,m5_poverty_march,m24prov_c4a68e4cd387608533c7030a,bps_stable32_province_2018_2025_v1,susenas_poverty_march_current38,,False,False
m24obs_95b495f2eebaba4d5d75c21e,poverty_rate,idn.82,Maluku Utara,82,2018,Maret,6.64,percent,observed,m5_poverty_march,m24prov_83eea2b063b672280faf0f89,bps_stable32_province_2018_2025_v1,susenas_poverty_march_current38,,False,False
m24obs_94c9fabe8586ec791c3d5b09,poverty_rate,idn.82,Maluku Utara,82,2019,Maret,6.77,percent,observed,m5_poverty_march,m24prov_954149cc3c997728c68e9859,bps_stable32_province_2018_2025_v1,susenas_poverty_march_current38,,False,False
m24obs_3b1595dd20a91d3dc3e139c3,poverty_rate,idn.82,Maluku Utara,82,2020,Maret,6.78,percent,observed,m5_poverty_march,m24prov_3c236654d66d09fa1f60d402,bps_stable32_province_2018_2025_v1,susenas_poverty_march_current38,,False,False
m24obs_58e46381173b379d52fd46d9,poverty_rate,idn.82,Maluku Utara,82,2021,Maret,6.89,percent,observed,m5_poverty_march,m24prov_98c5b7c13a73ebb995a4083b,bps_stable32_province_2018_2025_v1,susenas_poverty_march_current38,,False,False
m24obs_0a62c9ac66e616c42e0cb80d,poverty_rate,idn.82,Maluku Utara,82,2022,Maret,6.23,percent,observed,m5_poverty_march,m24prov_9b9bd4868b1a361aea1bdf65,bps_stable32_province_2018_2025_v1,susenas_poverty_march_current38,,False,False
m24obs_38c072c9fb5cf51360d3995e,poverty_rate,idn.82,Maluku Utara,82,2023,Maret,6.46,percent,observed,m5_poverty_march,m24prov_3d9fbd46deb3dfcd11c53b43,bps_stable32_province_2018_2025_v1,susenas_poverty_march_current38,,False,False
m24obs_10b3c121884a8a1d7a6fe8a0,poverty_rate,idn.82,Maluku Utara,82,2024,Maret,6.32,percent,observed,m5_poverty_march,m24prov_03abc8d1b5e9677c16c7cf31,bps_stable32_province_2018_2025_v1,susenas_poverty_march_current38,,False,False
m24obs_58e265be3a5135592c397f03,poverty_rate,idn.82,Maluku Utara,82,2025,Maret,5.81,percent,observed,m5_poverty_march,m24prov_c4a68e4cd387608533c7030a,bps_stable32_province_2018_2025_v1,susenas_poverty_march_current38,,False,False
m24obs_54f737f5548a5a28b34192e1,real_grdp_per_capita,idn.11,Aceh,11,2018,Tahun,24.01379,million_rupiah_per_person_constant_2010,derived,m5_real_grdp_pc_adhk2010,m24prov_559d6d40168ac9640716be7a,bps_stable32_province_2018_2025_v1,bps_grdp_per_capita_series2010_adhk,constant_2010_prices,False,False
m24obs_119a3f0cbc6847f73675a6d2,real_grdp_per_capita,idn.11,Aceh,11,2019,Tahun,24.8423,million_rupiah_per_person_constant_2010,derived,m5_real_grdp_pc_adhk2010,m24prov_43bc8b0538ba1677cc32bf07,bps_stable32_province_2018_2025_v1,bps_grdp_per_capita_series2010_adhk,constant_2010_prices,False,False
m24obs_85c3b62979ebccfad3efbbc9,real_grdp_per_capita,idn.11,Aceh,11,2020,Tahun,25.01828,million_rupiah_per_person_constant_2010,derived,m5_real_grdp_pc_adhk2010,m24prov_11b8b831036956b9bff39646,bps_stable32_province_2018_2025_v1,bps_grdp_per_capita_series2010_adhk,constant_2010_prices,False,False
m24obs_faa6ae637dd0eaf3fec67dab,real_grdp_per_capita,idn.11,Aceh,11,2021,Tahun,25.35645,million_rupiah_per_person_constant_2010,derived,m5_real_grdp_pc_adhk2010,m24prov_27bcc805ee3bed195d57fb4e,bps_stable32_province_2018_2025_v1,bps_grdp_per_capita_series2010_adhk,constant_2010_prices,False,False
m24obs_4f005f378038dc10a61d77fe,real_grdp_per_capita,idn.11,Aceh,11,2022,Tahun,26.06153,million_rupiah_per_person_constant_2010,derived,m5_real_grdp_pc_adhk2010,m24prov_05cc291a7d6b5ef969648f5c,bps_stable32_province_2018_2025_v1,bps_grdp_per_capita_series2010_adhk,constant_2010_prices,False,False
m24obs_502a90563fa48dc1800e3a0b,real_grdp_per_capita,idn.11,Aceh,11,2023,Tahun,26.80014,million_rupiah_per_person_constant_2010,derived,m5_real_grdp_pc_adhk2010,m24prov_f60162d4ee96a69ff7a61aec,bps_stable32_province_2018_2025_v1,bps_grdp_per_capita_series2010_adhk,constant_2010_prices,False,False
m24obs_d6e4eded85d82fa355658552,real_grdp_per_capita,idn.11,Aceh,11,2024,Tahun,27.68418,million_rupiah_per_person_constant_2010,derived,m5_real_grdp_pc_adhk2010,m24prov_de3818b738ca6c01659133dd,bps_stable32_province_2018_2025_v1,bps_grdp_per_capita_series2010_adhk,constant_2010_prices,False,False
m24obs_5794c138e149ad0d5de0ff2c,real_grdp_per_capita,idn.11,Aceh,11,2025,Tahun,28.1446,million_rupiah_per_person_constant_2010,derived,m5_real_grdp_pc_adhk2010,m24prov_5eb61e46b3ff5ef90cc17fa4,bps_stable32_province_2018_2025_v1,bps_grdp_per_capita_series2010_adhk,constant_2010_prices,False,False
m24obs_c3d1cbd15019439648e92c4f,real_grdp_per_capita,idn.12,Sumatera Utara,12,2018,Tahun,35.5705,million_rupiah_per_person_constant_2010,derived,m5_real_grdp_pc_adhk2010,m24prov_559d6d40168ac9640716be7a,bps_stable32_province_2018_2025_v1,bps_grdp_per_capita_series2010_adhk,constant_2010_prices,False,False
m24obs_29a9144322fdb29b69ca19c5,real_grdp_per_capita,idn.12,Sumatera Utara,12,2019,Tahun,36.85359,million_rupiah_per_person_constant_2010,derived,m5_real_grdp_pc_adhk2010,m24prov_43bc8b0538ba1677cc32bf07,bps_stable32_province_2018_2025_v1,bps_grdp_per_capita_series2010_adhk,constant_2010_prices,False,False
m24obs_60d53187682a8c10667f0866,real_grdp_per_capita,idn.12,Sumatera Utara,12,2020,Tahun,36.17516,million_rupiah_per_person_constant_2010,derived,m5_real_grdp_pc_adhk2010,m24prov_11b8b831036956b9bff39646,bps_stable32_province_2018_2025_v1,bps_grdp_per_capita_series2010_adhk,constant_2010_prices,False,False
m24obs_2375fcab01705b7df074a6cd,real_grdp_per_capita,idn.12,Sumatera Utara,12,2021,Tahun,36.58207,million_rupiah_per_person_constant_2010,derived,m5_real_grdp_pc_adhk2010,m24prov_27bcc805ee3bed195d57fb4e,bps_stable32_province_2018_2025_v1,bps_grdp_per_capita_series2010_adhk,constant_2010_prices,False,False
m24obs_ca168b11e424ef617be9e8b2,real_grdp_per_capita,idn.12,Sumatera Utara,12,2022,Tahun,37.78055,million_rupiah_per_person_constant_2010,derived,m5_real_grdp_pc_adhk2010,m24prov_05cc291a7d6b5ef969648f5c,bps_stable32_province_2018_2025_v1,bps_grdp_per_capita_series2010_adhk,constant_2010_prices,False,False
m24obs_09e832d19bb4fc9bdf6dd041,real_grdp_per_capita,idn.12,Sumatera Utara,12,2023,Tahun,39.14019,million_rupiah_per_person_constant_2010,derived,m5_real_grdp_pc_adhk2010,m24prov_f60162d4ee96a69ff7a61aec,bps_stable32_province_2018_2025_v1,bps_grdp_per_capita_series2010_adhk,constant_2010_prices,False,False
m24obs_42e6c27c12c30f6eb6d3fae4,real_grdp_per_capita,idn.12,Sumatera Utara,12,2024,Tahun,40.57695,million_rupiah_per_person_constant_2010,derived,m5_real_grdp_pc_adhk2010,m24prov_de3818b738ca6c01659133dd,bps_stable32_province_2018_2025_v1,bps_grdp_per_capita_series2010_adhk,constant_2010_prices,False,False
m24obs_95dbb389fda9c46cf7d16ab8,real_grdp_per_capita,idn.12,Sumatera Utara,12,2025,Tahun,41.88591,million_rupiah_per_person_constant_2010,derived,m5_real_grdp_pc_adhk2010,m24prov_5eb61e46b3ff5ef90cc17fa4,bps_stable32_province_2018_2025_v1,bps_grdp_per_capita_series2010_adhk,constant_2010_prices,False,False
m24obs_3f9761dc11cd80cc2e6233c3,real_grdp_per_capita,idn.13,Sumatera Barat,13,2018,Tahun,30.4708,million_rupiah_per_person_constant_2010,derived,m5_real_grdp_pc_adhk2010,m24prov_559d6d40168ac9640716be7a,bps_stable32_province_2018_2025_v1,bps_grdp_per_capita_series2010_adhk,constant_2010_prices,False,False
m24obs_0e087e01f7ba099fe50c5b99,real_grdp_per_capita,idn.13,Sumatera Barat,13,2019,Tahun,31.42729,million_rupiah_per_person_constant_2010,derived,m5_real_grdp_pc_adhk2010,m24prov_43bc8b0538ba1677cc32bf07,bps_stable32_province_2018_2025_v1,bps_grdp_per_capita_series2010_adhk,constant_2010_prices,False,False
m24obs_8d2e0acabe2ce4ac9d0acd6c,real_grdp_per_capita,idn.13,Sumatera Barat,13,2020,Tahun,30.69621,million_rupiah_per_person_constant_2010,derived,m5_real_grdp_pc_adhk2010,m24prov_11b8b831036956b9bff39646,bps_stable32_province_2018_2025_v1,bps_grdp_per_capita_series2010_adhk,constant_2010_prices,False,False
m24obs_337e1c5ce712b9a00b4c84a8,real_grdp_per_capita,idn.13,Sumatera Barat,13,2021,Tahun,31.26498,million_rupiah_per_person_constant_2010,derived,m5_real_grdp_pc_adhk2010,m24prov_27bcc805ee3bed195d57fb4e,bps_stable32_province_2018_2025_v1,bps_grdp_per_capita_series2010_adhk,constant_2010_prices,False,False
m24obs_e9bba947344d7dd6086b0c88,real_grdp_per_capita,idn.13,Sumatera Barat,13,2022,Tahun,32.16676,million_rupiah_per_person_constant_2010,derived,m5_real_grdp_pc_adhk2010,m24prov_05cc291a7d6b5ef969648f5c,bps_stable32_province_2018_2025_v1,bps_grdp_per_capita_series2010_adhk,constant_2010_prices,False,False
m24obs_bed49e0301eaa417143b29c6,real_grdp_per_capita,idn.13,Sumatera Barat,13,2023,Tahun,33.18786,million_rupiah_per_person_constant_2010,derived,m5_real_grdp_pc_adhk2010,m24prov_f60162d4ee96a69ff7a61aec,bps_stable32_province_2018_2025_v1,bps_grdp_per_capita_series2010_adhk,constant_2010_prices,False,False
m24obs_aa53abb3b3206612809a88d6,real_grdp_per_capita,idn.13,Sumatera Barat,13,2024,Tahun,34.16975,million_rupiah_per_person_constant_2010,derived,m5_real_grdp_pc_adhk2010,m24prov_de3818b738ca6c01659133dd,bps_stable32_province_2018_2025_v1,bps_grdp_per_capita_series2010_adhk,constant_2010_prices,False,False
m24obs_1b9af07808c2da05653aea0b,real_grdp_per_capita,idn.13,Sumatera Barat,13,2025,Tahun,34.85417,million_rupiah_per_person_constant_2010,derived,m5_real_grdp_pc_adhk2010,m24prov_5eb61e46b3ff5ef90cc17fa4,bps_stable32_province_2018_2025_v1,bps_grdp_per_capita_series2010_adhk,constant_2010_prices,False,False
m24obs_cae1055443ea42dcd5975325,real_grdp_per_capita,idn.14,Riau,14,2018,Tahun,70.73677,million_rupiah_per_person_constant_2010,derived,m5_real_grdp_pc_adhk2010,m24prov_559d6d40168ac9640716be7a,bps_stable32_province_2018_2025_v1,bps_grdp_per_capita_series2010_adhk,constant_2010_prices,False,False
m24obs_e91d77d75d51086bcdf646b3,real_grdp_per_capita,idn.14,Riau,14,2019,Tahun,72.50914,million_rupiah_per_person_constant_2010,derived,m5_real_grdp_pc_adhk2010,m24prov_43bc8b0538ba1677cc32bf07,bps_stable32_province_2018_2025_v1,bps_grdp_per_capita_series2010_adhk,constant_2010_prices,False,False
m24obs_308ac506738648e6ec1fc48c,real_grdp_per_capita,idn.14,Riau,14,2020,Tahun,76.88474,million_rupiah_per_person_constant_2010,derived,m5_real_grdp_pc_adhk2010,m24prov_11b8b831036956b9bff39646,bps_stable32_province_2018_2025_v1,bps_grdp_per_capita_series2010_adhk,constant_2010_prices,False,False
m24obs_546723f61f68e73e7e43d3eb,real_grdp_per_capita,idn.14,Riau,14,2021,Tahun,78.31923,million_rupiah_per_person_constant_2010,derived,m5_real_grdp_pc_adhk2010,m24prov_27bcc805ee3bed195d57fb4e,bps_stable32_province_2018_2025_v1,bps_grdp_per_capita_series2010_adhk,constant_2010_prices,False,False
m24obs_3430fc6e7871123588ce1c90,real_grdp_per_capita,idn.14,Riau,14,2022,Tahun,80.77387,million_rupiah_per_person_constant_2010,derived,m5_real_grdp_pc_adhk2010,m24prov_05cc291a7d6b5ef969648f5c,bps_stable32_province_2018_2025_v1,bps_grdp_per_capita_series2010_adhk,constant_2010_prices,False,False
m24obs_78f31ec9904b235ff0b97377,real_grdp_per_capita,idn.14,Riau,14,2023,Tahun,83.07074,million_rupiah_per_person_constant_2010,derived,m5_real_grdp_pc_adhk2010,m24prov_f60162d4ee96a69ff7a61aec,bps_stable32_province_2018_2025_v1,bps_grdp_per_capita_series2010_adhk,constant_2010_prices,False,False
m24obs_4a662e20941fd2895d57b912,real_grdp_per_capita,idn.14,Riau,14,2024,Tahun,84.90325,million_rupiah_per_person_constant_2010,derived,m5_real_grdp_pc_adhk2010,m24prov_de3818b738ca6c01659133dd,bps_stable32_province_2018_2025_v1,bps_grdp_per_capita_series2010_adhk,constant_2010_prices,False,False
m24obs_bb288c6c54767c1af4e36b46,real_grdp_per_capita,idn.14,Riau,14,2025,Tahun,87.88674,million_rupiah_per_person_constant_2010,derived,m5_real_grdp_pc_adhk2010,m24prov_5eb61e46b3ff5ef90cc17fa4,bps_stable32_province_2018_2025_v1,bps_grdp_per_capita_series2010_adhk,constant_2010_prices,False,False
m24obs_bda6aa248c594a42f03accbd,real_grdp_per_capita,idn.15,Jambi,15,2018,Tahun,40.02552,million_rupiah_per_person_constant_2010,derived,m5_real_grdp_pc_adhk2010,m24prov_559d6d40168ac9640716be7a,bps_stable32_province_2018_2025_v1,bps_grdp_per_capita_series2010_adhk,constant_2010_prices,False,False
m24obs_e62bac72f0c312ee702b05d2,real_grdp_per_capita,idn.15,Jambi,15,2019,Tahun,41.81235,million_rupiah_per_person_constant_2010,derived,m5_real_grdp_pc_adhk2010,m24prov_43bc8b0538ba1677cc32bf07,bps_stable32_province_2018_2025_v1,bps_grdp_per_capita_series2010_adhk,constant_2010_prices,False,False
m24obs_d719675274b22d7bd67c95b9,real_grdp_per_capita,idn.15,Jambi,15,2020,Tahun,41.92604,million_rupiah_per_person_constant_2010,derived,m5_real_grdp_pc_adhk2010,m24prov_11b8b831036956b9bff39646,bps_stable32_province_2018_2025_v1,bps_grdp_per_capita_series2010_adhk,constant_2010_prices,False,False
m24obs_893f5abb4864e4109a30c27d,real_grdp_per_capita,idn.15,Jambi,15,2021,Tahun,42.89841,million_rupiah_per_person_constant_2010,derived,m5_real_grdp_pc_adhk2010,m24prov_27bcc805ee3bed195d57fb4e,bps_stable32_province_2018_2025_v1,bps_grdp_per_capita_series2010_adhk,constant_2010_prices,False,False
m24obs_2c0d49d0bff6ead2c2341a8b,real_grdp_per_capita,idn.15,Jambi,15,2022,Tahun,44.51514,million_rupiah_per_person_constant_2010,derived,m5_real_grdp_pc_adhk2010,m24prov_05cc291a7d6b5ef969648f5c,bps_stable32_province_2018_2025_v1,bps_grdp_per_capita_series2010_adhk,constant_2010_prices,False,False
m24obs_98c8c7ddff614d5d0f03c238,real_grdp_per_capita,idn.15,Jambi,15,2023,Tahun,46.00469,million_rupiah_per_person_constant_2010,derived,m5_real_grdp_pc_adhk2010,m24prov_f60162d4ee96a69ff7a61aec,bps_stable32_province_2018_2025_v1,bps_grdp_per_capita_series2010_adhk,constant_2010_prices,False,False
m24obs_9493ee3e23430b83c50064d8,real_grdp_per_capita,idn.15,Jambi,15,2024,Tahun,47.49059,million_rupiah_per_person_constant_2010,derived,m5_real_grdp_pc_adhk2010,m24prov_de3818b738ca6c01659133dd,bps_stable32_province_2018_2025_v1,bps_grdp_per_capita_series2010_adhk,constant_2010_prices,False,False
m24obs_b3ee537f2a4e96886f90c0d1,real_grdp_per_capita,idn.15,Jambi,15,2025,Tahun,49.24588,million_rupiah_per_person_constant_2010,derived,m5_real_grdp_pc_adhk2010,m24prov_5eb61e46b3ff5ef90cc17fa4,bps_stable32_province_2018_2025_v1,bps_grdp_per_capita_series2010_adhk,constant_2010_prices,False,False
m24obs_f72e516fb66209ff6dcf2231,real_grdp_per_capita,idn.16,Sumatera Selatan,16,2018,Tahun,35.65982,million_rupiah_per_person_constant_2010,derived,m5_real_grdp_pc_adhk2010,m24prov_559d6d40168ac9640716be7a,bps_stable32_province_2018_2025_v1,bps_grdp_per_capita_series2010_adhk,constant_2010_prices,False,False
m24obs_81a528a1efa00792e05dd64e,real_grdp_per_capita,idn.16,Sumatera Selatan,16,2019,Tahun,37.12575,million_rupiah_per_person_constant_2010,derived,m5_real_grdp_pc_adhk2010,m24prov_43bc8b0538ba1677cc32bf07,bps_stable32_province_2018_2025_v1,bps_grdp_per_capita_series2010_adhk,constant_2010_prices,False,False
m24obs_2d0539cb0a9b2d303ea338e1,real_grdp_per_capita,idn.16,Sumatera Selatan,16,2020,Tahun,37.32324,million_rupiah_per_person_constant_2010,derived,m5_real_grdp_pc_adhk2010,m24prov_11b8b831036956b9bff39646,bps_stable32_province_2018_2025_v1,bps_grdp_per_capita_series2010_adhk,constant_2010_prices,False,False
m24obs_1ee97be077c9a7ec48d13b12,real_grdp_per_capita,idn.16,Sumatera Selatan,16,2021,Tahun,38.18224,million_rupiah_per_person_constant_2010,derived,m5_real_grdp_pc_adhk2010,m24prov_27bcc805ee3bed195d57fb4e,bps_stable32_province_2018_2025_v1,bps_grdp_per_capita_series2010_adhk,constant_2010_prices,False,False
m24obs_a422737cf0d6dc7074a1501d,real_grdp_per_capita,idn.16,Sumatera Selatan,16,2022,Tahun,39.72397,million_rupiah_per_person_constant_2010,derived,m5_real_grdp_pc_adhk2010,m24prov_05cc291a7d6b5ef969648f5c,bps_stable32_province_2018_2025_v1,bps_grdp_per_capita_series2010_adhk,constant_2010_prices,False,False
m24obs_f7937522595ac260a89fda7c,real_grdp_per_capita,idn.16,Sumatera Selatan,16,2023,Tahun,41.28399,million_rupiah_per_person_constant_2010,derived,m5_real_grdp_pc_adhk2010,m24prov_f60162d4ee96a69ff7a61aec,bps_stable32_province_2018_2025_v1,bps_grdp_per_capita_series2010_adhk,constant_2010_prices,False,False
m24obs_2378c19c99dbddb0d0bce0d4,real_grdp_per_capita,idn.16,Sumatera Selatan,16,2024,Tahun,42.89993,million_rupiah_per_person_constant_2010,derived,m5_real_grdp_pc_adhk2010,m24prov_de3818b738ca6c01659133dd,bps_stable32_province_2018_2025_v1,bps_grdp_per_capita_series2010_adhk,constant_2010_prices,False,False
m24obs_c227372cbc2010d855f4ee09,real_grdp_per_capita,idn.16,Sumatera Selatan,16,2025,Tahun,44.73149,million_rupiah_per_person_constant_2010,derived,m5_real_grdp_pc_adhk2010,m24prov_5eb61e46b3ff5ef90cc17fa4,bps_stable32_province_2018_2025_v1,bps_grdp_per_capita_series2010_adhk,constant_2010_prices,False,False
m24obs_19f161f8c6c1d8d2442e121f,real_grdp_per_capita,idn.17,Bengkulu,17,2018,Tahun,22.49484,million_rupiah_per_person_constant_2010,derived,m5_real_grdp_pc_adhk2010,m24prov_559d6d40168ac9640716be7a,bps_stable32_province_2018_2025_v1,bps_grdp_per_capita_series2010_adhk,constant_2010_prices,False,False
m24obs_666b7a46739d937797737b35,real_grdp_per_capita,idn.17,Bengkulu,17,2019,Tahun,23.50453,million_rupiah_per_person_constant_2010,derived,m5_real_grdp_pc_adhk2010,m24prov_43bc8b0538ba1677cc32bf07,bps_stable32_province_2018_2025_v1,bps_grdp_per_capita_series2010_adhk,constant_2010_prices,False,False
m24obs_cad0d231ddf7920bb43a021b,real_grdp_per_capita,idn.17,Bengkulu,17,2020,Tahun,23.10592,million_rupiah_per_person_constant_2010,derived,m5_real_grdp_pc_adhk2010,m24prov_11b8b831036956b9bff39646,bps_stable32_province_2018_2025_v1,bps_grdp_per_capita_series2010_adhk,constant_2010_prices,False,False
m24obs_61f3eb9fc07191a719489ad5,real_grdp_per_capita,idn.17,Bengkulu,17,2021,Tahun,23.54564,million_rupiah_per_person_constant_2010,derived,m5_real_grdp_pc_adhk2010,m24prov_27bcc805ee3bed195d57fb4e,bps_stable32_province_2018_2025_v1,bps_grdp_per_capita_series2010_adhk,constant_2010_prices,False,False
m24obs_c8ffec9815f6b7a6177da586,real_grdp_per_capita,idn.17,Bengkulu,17,2022,Tahun,24.23847,million_rupiah_per_person_constant_2010,derived,m5_real_grdp_pc_adhk2010,m24prov_05cc291a7d6b5ef969648f5c,bps_stable32_province_2018_2025_v1,bps_grdp_per_capita_series2010_adhk,constant_2010_prices,False,False
m24obs_db9a80dedb26b833b8192a95,real_grdp_per_capita,idn.17,Bengkulu,17,2023,Tahun,24.95276,million_rupiah_per_person_constant_2010,derived,m5_real_grdp_pc_adhk2010,m24prov_f60162d4ee96a69ff7a61aec,bps_stable32_province_2018_2025_v1,bps_grdp_per_capita_series2010_adhk,constant_2010_prices,False,False
m24obs_22b5d46515b1a624be477ed8,real_grdp_per_capita,idn.17,Bengkulu,17,2024,Tahun,25.78058,million_rupiah_per_person_constant_2010,derived,m5_real_grdp_pc_adhk2010,m24prov_de3818b738ca6c01659133dd,bps_stable32_province_2018_2025_v1,bps_grdp_per_capita_series2010_adhk,constant_2010_prices,False,False
m24obs_a198cba530e3d50e463b0eca,real_grdp_per_capita,idn.17,Bengkulu,17,2025,Tahun,26.69113,million_rupiah_per_person_constant_2010,derived,m5_real_grdp_pc_adhk2010,m24prov_5eb61e46b3ff5ef90cc17fa4,bps_stable32_province_2018_2025_v1,bps_grdp_per_capita_series2010_adhk,constant_2010_prices,False,False
m24obs_fecbc93465f51aa09c501876,real_grdp_per_capita,idn.18,Lampung,18,2018,Tahun,27.73626,million_rupiah_per_person_constant_2010,derived,m5_real_grdp_pc_adhk2010,m24prov_559d6d40168ac9640716be7a,bps_stable32_province_2018_2025_v1,bps_grdp_per_capita_series2010_adhk,constant_2010_prices,False,False
m24obs_ca56749906a8aeababc50f15,real_grdp_per_capita,idn.18,Lampung,18,2019,Tahun,28.8945,million_rupiah_per_person_constant_2010,derived,m5_real_grdp_pc_adhk2010,m24prov_43bc8b0538ba1677cc32bf07,bps_stable32_province_2018_2025_v1,bps_grdp_per_capita_series2010_adhk,constant_2010_prices,False,False
m24obs_c7f4218b050fb35bb1d0185d,real_grdp_per_capita,idn.18,Lampung,18,2020,Tahun,26.74664,million_rupiah_per_person_constant_2010,derived,m5_real_grdp_pc_adhk2010,m24prov_11b8b831036956b9bff39646,bps_stable32_province_2018_2025_v1,bps_grdp_per_capita_series2010_adhk,constant_2010_prices,False,False
m24obs_46777b0a12de9ee05f341f4f,real_grdp_per_capita,idn.18,Lampung,18,2021,Tahun,27.14957,million_rupiah_per_person_constant_2010,derived,m5_real_grdp_pc_adhk2010,m24prov_27bcc805ee3bed195d57fb4e,bps_stable32_province_2018_2025_v1,bps_grdp_per_capita_series2010_adhk,constant_2010_prices,False,False
m24obs_46af0100897d0ec259d47db1,real_grdp_per_capita,idn.18,Lampung,18,2022,Tahun,27.97381,million_rupiah_per_person_constant_2010,derived,m5_real_grdp_pc_adhk2010,m24prov_05cc291a7d6b5ef969648f5c,bps_stable32_province_2018_2025_v1,bps_grdp_per_capita_series2010_adhk,constant_2010_prices,False,False
m24obs_193eccd62d9b6d2eff01e3a2,real_grdp_per_capita,idn.18,Lampung,18,2023,Tahun,28.90712,million_rupiah_per_person_constant_2010,derived,m5_real_grdp_pc_adhk2010,m24prov_f60162d4ee96a69ff7a61aec,bps_stable32_province_2018_2025_v1,bps_grdp_per_capita_series2010_adhk,constant_2010_prices,False,False
m24obs_1574f146663c081c54de2649,real_grdp_per_capita,idn.18,Lampung,18,2024,Tahun,29.89063,million_rupiah_per_person_constant_2010,derived,m5_real_grdp_pc_adhk2010,m24prov_de3818b738ca6c01659133dd,bps_stable32_province_2018_2025_v1,bps_grdp_per_capita_series2010_adhk,constant_2010_prices,False,False
m24obs_e11c94cbb8dd2357da615d8f,real_grdp_per_capita,idn.18,Lampung,18,2025,Tahun,31.1271,million_rupiah_per_person_constant_2010,derived,m5_real_grdp_pc_adhk2010,m24prov_5eb61e46b3ff5ef90cc17fa4,bps_stable32_province_2018_2025_v1,bps_grdp_per_capita_series2010_adhk,constant_2010_prices,False,False
m24obs_0efeba4da3a37fa3b62f1dcb,real_grdp_per_capita,idn.19,Kepulauan Bangka Belitung,19,2018,Tahun,35.76204,million_rupiah_per_person_constant_2010,derived,m5_real_grdp_pc_adhk2010,m24prov_559d6d40168ac9640716be7a,bps_stable32_province_2018_2025_v1,bps_grdp_per_capita_series2010_adhk,constant_2010_prices,False,False
m24obs_bdd32eb5f4b310f37287988f,real_grdp_per_capita,idn.19,Kepulauan Bangka Belitung,19,2019,Tahun,37.17314,million_rupiah_per_person_constant_2010,derived,m5_real_grdp_pc_adhk2010,m24prov_43bc8b0538ba1677cc32bf07,bps_stable32_province_2018_2025_v1,bps_grdp_per_capita_series2010_adhk,constant_2010_prices,False,False
m24obs_884ebbde971f9dc79632bf1b,real_grdp_per_capita,idn.19,Kepulauan Bangka Belitung,19,2020,Tahun,36.30761,million_rupiah_per_person_constant_2010,derived,m5_real_grdp_pc_adhk2010,m24prov_11b8b831036956b9bff39646,bps_stable32_province_2018_2025_v1,bps_grdp_per_capita_series2010_adhk,constant_2010_prices,False,False
m24obs_86cf2d49c329b3dc9534d0b9,real_grdp_per_capita,idn.19,Kepulauan Bangka Belitung,19,2021,Tahun,37.62069,million_rupiah_per_person_constant_2010,derived,m5_real_grdp_pc_adhk2010,m24prov_27bcc805ee3bed195d57fb4e,bps_stable32_province_2018_2025_v1,bps_grdp_per_capita_series2010_adhk,constant_2010_prices,False,False
m24obs_324992f025120f4a25e7e074,real_grdp_per_capita,idn.19,Kepulauan Bangka Belitung,19,2022,Tahun,38.74313,million_rupiah_per_person_constant_2010,derived,m5_real_grdp_pc_adhk2010,m24prov_05cc291a7d6b5ef969648f5c,bps_stable32_province_2018_2025_v1,bps_grdp_per_capita_series2010_adhk,constant_2010_prices,False,False
m24obs_7ce003b4083034dfd53e155e,real_grdp_per_capita,idn.19,Kepulauan Bangka Belitung,19,2023,Tahun,39.90763,million_rupiah_per_person_constant_2010,derived,m5_real_grdp_pc_adhk2010,m24prov_f60162d4ee96a69ff7a61aec,bps_stable32_province_2018_2025_v1,bps_grdp_per_capita_series2010_adhk,constant_2010_prices,False,False
m24obs_55c45855bed8e9567508dd1f,real_grdp_per_capita,idn.19,Kepulauan Bangka Belitung,19,2024,Tahun,39.70009,million_rupiah_per_person_constant_2010,derived,m5_real_grdp_pc_adhk2010,m24prov_de3818b738ca6c01659133dd,bps_stable32_province_2018_2025_v1,bps_grdp_per_capita_series2010_adhk,constant_2010_prices,False,False
m24obs_3551086488f5f9bc60e08947,real_grdp_per_capita,idn.19,Kepulauan Bangka Belitung,19,2025,Tahun,40.81139,million_rupiah_per_person_constant_2010,derived,m5_real_grdp_pc_adhk2010,m24prov_5eb61e46b3ff5ef90cc17fa4,bps_stable32_province_2018_2025_v1,bps_grdp_per_capita_series2010_adhk,constant_2010_prices,False,False
m24obs_39b77481aabc15edc526c075,real_grdp_per_capita,idn.21,Kepulauan Riau,21,2018,Tahun,81.2062,million_rupiah_per_person_constant_2010,derived,m5_real_grdp_pc_adhk2010,m24prov_559d6d40168ac9640716be7a,bps_stable32_province_2018_2025_v1,bps_grdp_per_capita_series2010_adhk,constant_2010_prices,False,False
m24obs_426b6492fc24500795ccf06c,real_grdp_per_capita,idn.21,Kepulauan Riau,21,2019,Tahun,81.13852,million_rupiah_per_person_constant_2010,derived,m5_real_grdp_pc_adhk2010,m24prov_43bc8b0538ba1677cc32bf07,bps_stable32_province_2018_2025_v1,bps_grdp_per_capita_series2010_adhk,constant_2010_prices,False,False
m24obs_271d038a23b837c5601f0861,real_grdp_per_capita,idn.21,Kepulauan Riau,21,2020,Tahun,85.01258,million_rupiah_per_person_constant_2010,derived,m5_real_grdp_pc_adhk2010,m24prov_11b8b831036956b9bff39646,bps_stable32_province_2018_2025_v1,bps_grdp_per_capita_series2010_adhk,constant_2010_prices,False,False
m24obs_2f30ab71b28f98aed88b7645,real_grdp_per_capita,idn.21,Kepulauan Riau,21,2021,Tahun,86.58463,million_rupiah_per_person_constant_2010,derived,m5_real_grdp_pc_adhk2010,m24prov_27bcc805ee3bed195d57fb4e,bps_stable32_province_2018_2025_v1,bps_grdp_per_capita_series2010_adhk,constant_2010_prices,False,False
m24obs_4749b26680a9929c6e453854,real_grdp_per_capita,idn.21,Kepulauan Riau,21,2022,Tahun,89.61257,million_rupiah_per_person_constant_2010,derived,m5_real_grdp_pc_adhk2010,m24prov_05cc291a7d6b5ef969648f5c,bps_stable32_province_2018_2025_v1,bps_grdp_per_capita_series2010_adhk,constant_2010_prices,False,False
m24obs_5425e87e4ba638c57b271e1f,real_grdp_per_capita,idn.21,Kepulauan Riau,21,2023,Tahun,92.86932,million_rupiah_per_person_constant_2010,derived,m5_real_grdp_pc_adhk2010,m24prov_f60162d4ee96a69ff7a61aec,bps_stable32_province_2018_2025_v1,bps_grdp_per_capita_series2010_adhk,constant_2010_prices,False,False
m24obs_1e4e638271467bf1d61aae09,real_grdp_per_capita,idn.21,Kepulauan Riau,21,2024,Tahun,96.15712,million_rupiah_per_person_constant_2010,derived,m5_real_grdp_pc_adhk2010,m24prov_de3818b738ca6c01659133dd,bps_stable32_province_2018_2025_v1,bps_grdp_per_capita_series2010_adhk,constant_2010_prices,False,False
m24obs_62014f2bf14434fbdf36acc9,real_grdp_per_capita,idn.21,Kepulauan Riau,21,2025,Tahun,101.42723,million_rupiah_per_person_constant_2010,derived,m5_real_grdp_pc_adhk2010,m24prov_5eb61e46b3ff5ef90cc17fa4,bps_stable32_province_2018_2025_v1,bps_grdp_per_capita_series2010_adhk,constant_2010_prices,False,False
m24obs_546ec7359f76d6ac42207b8a,real_grdp_per_capita,idn.31,DKI Jakarta,31,2018,Tahun,165.76899,million_rupiah_per_person_constant_2010,derived,m5_real_grdp_pc_adhk2010,m24prov_559d6d40168ac9640716be7a,bps_stable32_province_2018_2025_v1,bps_grdp_per_capita_series2010_adhk,constant_2010_prices,False,False
m24obs_9d7d9a04b9747e62c9b1cdef,real_grdp_per_capita,idn.31,DKI Jakarta,31,2019,Tahun,174.81251,million_rupiah_per_person_constant_2010,derived,m5_real_grdp_pc_adhk2010,m24prov_43bc8b0538ba1677cc32bf07,bps_stable32_province_2018_2025_v1,bps_grdp_per_capita_series2010_adhk,constant_2010_prices,False,False
m24obs_2a2b2369b0657246157f5ec8,real_grdp_per_capita,idn.31,DKI Jakarta,31,2020,Tahun,170.08902,million_rupiah_per_person_constant_2010,derived,m5_real_grdp_pc_adhk2010,m24prov_11b8b831036956b9bff39646,bps_stable32_province_2018_2025_v1,bps_grdp_per_capita_series2010_adhk,constant_2010_prices,False,False
m24obs_7aa244ccdc3521ef34643014,real_grdp_per_capita,idn.31,DKI Jakarta,31,2021,Tahun,175.00464,million_rupiah_per_person_constant_2010,derived,m5_real_grdp_pc_adhk2010,m24prov_27bcc805ee3bed195d57fb4e,bps_stable32_province_2018_2025_v1,bps_grdp_per_capita_series2010_adhk,constant_2010_prices,False,False
m24obs_de433a6219d96257f8834d17,real_grdp_per_capita,idn.31,DKI Jakarta,31,2022,Tahun,183.59847,million_rupiah_per_person_constant_2010,derived,m5_real_grdp_pc_adhk2010,m24prov_05cc291a7d6b5ef969648f5c,bps_stable32_province_2018_2025_v1,bps_grdp_per_capita_series2010_adhk,constant_2010_prices,False,False
m24obs_393c4c5381fc91353b0036b2,real_grdp_per_capita,idn.31,DKI Jakarta,31,2023,Tahun,192.13411,million_rupiah_per_person_constant_2010,derived,m5_real_grdp_pc_adhk2010,m24prov_f60162d4ee96a69ff7a61aec,bps_stable32_province_2018_2025_v1,bps_grdp_per_capita_series2010_adhk,constant_2010_prices,False,False
m24obs_6bebeabba88cc97b2c0c1ce5,real_grdp_per_capita,idn.31,DKI Jakarta,31,2024,Tahun,201.32987,million_rupiah_per_person_constant_2010,derived,m5_real_grdp_pc_adhk2010,m24prov_de3818b738ca6c01659133dd,bps_stable32_province_2018_2025_v1,bps_grdp_per_capita_series2010_adhk,constant_2010_prices,False,False
m24obs_c0fa57ece75f8b29b90066d7,real_grdp_per_capita,idn.31,DKI Jakarta,31,2025,Tahun,211.95377,million_rupiah_per_person_constant_2010,derived,m5_real_grdp_pc_adhk2010,m24prov_5eb61e46b3ff5ef90cc17fa4,bps_stable32_province_2018_2025_v1,bps_grdp_per_capita_series2010_adhk,constant_2010_prices,False,False
m24obs_d1eadc038dbde0c428960f5f,real_grdp_per_capita,idn.32,Jawa Barat,32,2018,Tahun,29.16006,million_rupiah_per_person_constant_2010,derived,m5_real_grdp_pc_adhk2010,m24prov_559d6d40168ac9640716be7a,bps_stable32_province_2018_2025_v1,bps_grdp_per_capita_series2010_adhk,constant_2010_prices,False,False
m24obs_d1d9566a8699948256574513,real_grdp_per_capita,idn.32,Jawa Barat,32,2019,Tahun,30.41337,million_rupiah_per_person_constant_2010,derived,m5_real_grdp_pc_adhk2010,m24prov_43bc8b0538ba1677cc32bf07,bps_stable32_province_2018_2025_v1,bps_grdp_per_capita_series2010_adhk,constant_2010_prices,False,False
m24obs_04b85d45b90355d775a34ad7,real_grdp_per_capita,idn.32,Jawa Barat,32,2020,Tahun,30.18054,million_rupiah_per_person_constant_2010,derived,m5_real_grdp_pc_adhk2010,m24prov_11b8b831036956b9bff39646,bps_stable32_province_2018_2025_v1,bps_grdp_per_capita_series2010_adhk,constant_2010_prices,False,False
m24obs_eb45cb324eae9baa17ef54b1,real_grdp_per_capita,idn.32,Jawa Barat,32,2021,Tahun,30.93523,million_rupiah_per_person_constant_2010,derived,m5_real_grdp_pc_adhk2010,m24prov_27bcc805ee3bed195d57fb4e,bps_stable32_province_2018_2025_v1,bps_grdp_per_capita_series2010_adhk,constant_2010_prices,False,False
m24obs_2058f018f87453b425928a3a,real_grdp_per_capita,idn.32,Jawa Barat,32,2022,Tahun,32.24678,million_rupiah_per_person_constant_2010,derived,m5_real_grdp_pc_adhk2010,m24prov_05cc291a7d6b5ef969648f5c,bps_stable32_province_2018_2025_v1,bps_grdp_per_capita_series2010_adhk,constant_2010_prices,False,False
m24obs_61ba4137177eb7a13212dab9,real_grdp_per_capita,idn.32,Jawa Barat,32,2023,Tahun,33.48165,million_rupiah_per_person_constant_2010,derived,m5_real_grdp_pc_adhk2010,m24prov_f60162d4ee96a69ff7a61aec,bps_stable32_province_2018_2025_v1,bps_grdp_per_capita_series2010_adhk,constant_2010_prices,False,False
m24obs_2878db1e82110f3996f7d6aa,real_grdp_per_capita,idn.32,Jawa Barat,32,2024,Tahun,34.80222,million_rupiah_per_person_constant_2010,derived,m5_real_grdp_pc_adhk2010,m24prov_de3818b738ca6c01659133dd,bps_stable32_province_2018_2025_v1,bps_grdp_per_capita_series2010_adhk,constant_2010_prices,False,False
m24obs_02a2de8b78cfaab6eff85b85,real_grdp_per_capita,idn.32,Jawa Barat,32,2025,Tahun,36.35447,million_rupiah_per_person_constant_2010,derived,m5_real_grdp_pc_adhk2010,m24prov_5eb61e46b3ff5ef90cc17fa4,bps_stable32_province_2018_2025_v1,bps_grdp_per_capita_series2010_adhk,constant_2010_prices,False,False
m24obs_7e1c56d148cd062f6419f321,real_grdp_per_capita,idn.33,Jawa Tengah,33,2018,Tahun,27.28525,million_rupiah_per_person_constant_2010,derived,m5_real_grdp_pc_adhk2010,m24prov_559d6d40168ac9640716be7a,bps_stable32_province_2018_2025_v1,bps_grdp_per_capita_series2010_adhk,constant_2010_prices,False,False
m24obs_9c90fea13fc107606353ce6f,real_grdp_per_capita,idn.33,Jawa Tengah,33,2019,Tahun,28.69592,million_rupiah_per_person_constant_2010,derived,m5_real_grdp_pc_adhk2010,m24prov_43bc8b0538ba1677cc32bf07,bps_stable32_province_2018_2025_v1,bps_grdp_per_capita_series2010_adhk,constant_2010_prices,False,False
m24obs_1842256129431302ef7d7aa5,real_grdp_per_capita,idn.33,Jawa Tengah,33,2020,Tahun,26.48368,million_rupiah_per_person_constant_2010,derived,m5_real_grdp_pc_adhk2010,m24prov_11b8b831036956b9bff39646,bps_stable32_province_2018_2025_v1,bps_grdp_per_capita_series2010_adhk,constant_2010_prices,False,False
m24obs_07a44b235d6a41359ba0eee7,real_grdp_per_capita,idn.33,Jawa Tengah,33,2021,Tahun,27.09291,million_rupiah_per_person_constant_2010,derived,m5_real_grdp_pc_adhk2010,m24prov_27bcc805ee3bed195d57fb4e,bps_stable32_province_2018_2025_v1,bps_grdp_per_capita_series2010_adhk,constant_2010_prices,False,False
m24obs_a6bd7dc05d8c3e19cb1a7f83,real_grdp_per_capita,idn.33,Jawa Tengah,33,2022,Tahun,28.24816,million_rupiah_per_person_constant_2010,derived,m5_real_grdp_pc_adhk2010,m24prov_05cc291a7d6b5ef969648f5c,bps_stable32_province_2018_2025_v1,bps_grdp_per_capita_series2010_adhk,constant_2010_prices,False,False
m24obs_74846e24bbc32e072c315551,real_grdp_per_capita,idn.33,Jawa Tengah,33,2023,Tahun,29.36626,million_rupiah_per_person_constant_2010,derived,m5_real_grdp_pc_adhk2010,m24prov_f60162d4ee96a69ff7a61aec,bps_stable32_province_2018_2025_v1,bps_grdp_per_capita_series2010_adhk,constant_2010_prices,False,False
m24obs_6ec7df56d33b664adf1979d2,real_grdp_per_capita,idn.33,Jawa Tengah,33,2024,Tahun,30.53389,million_rupiah_per_person_constant_2010,derived,m5_real_grdp_pc_adhk2010,m24prov_de3818b738ca6c01659133dd,bps_stable32_province_2018_2025_v1,bps_grdp_per_capita_series2010_adhk,constant_2010_prices,False,False
m24obs_223d55e90b5ac330c0d5edc3,real_grdp_per_capita,idn.33,Jawa Tengah,33,2025,Tahun,31.88656,million_rupiah_per_person_constant_2010,derived,m5_real_grdp_pc_adhk2010,m24prov_5eb61e46b3ff5ef90cc17fa4,bps_stable32_province_2018_2025_v1,bps_grdp_per_capita_series2010_adhk,constant_2010_prices,False,False
m24obs_682cbea1ee0074f3b63a3cbc,real_grdp_per_capita,idn.34,DI Yogyakarta,34,2018,Tahun,25.77631,million_rupiah_per_person_constant_2010,derived,m5_real_grdp_pc_adhk2010,m24prov_559d6d40168ac9640716be7a,bps_stable32_province_2018_2025_v1,bps_grdp_per_capita_series2010_adhk,constant_2010_prices,False,False
m24obs_e7ba974dd8eda8ed0b223ed2,real_grdp_per_capita,idn.34,DI Yogyakarta,34,2019,Tahun,27.00868,million_rupiah_per_person_constant_2010,derived,m5_real_grdp_pc_adhk2010,m24prov_43bc8b0538ba1677cc32bf07,bps_stable32_province_2018_2025_v1,bps_grdp_per_capita_series2010_adhk,constant_2010_prices,False,False
m24obs_c54f540c958d69b9d93d7e76,real_grdp_per_capita,idn.34,DI Yogyakarta,34,2020,Tahun,27.75447,million_rupiah_per_person_constant_2010,derived,m5_real_grdp_pc_adhk2010,m24prov_11b8b831036956b9bff39646,bps_stable32_province_2018_2025_v1,bps_grdp_per_capita_series2010_adhk,constant_2010_prices,False,False
m24obs_377c244dedf058e8b68abb55,real_grdp_per_capita,idn.34,DI Yogyakarta,34,2021,Tahun,29.11586,million_rupiah_per_person_constant_2010,derived,m5_real_grdp_pc_adhk2010,m24prov_27bcc805ee3bed195d57fb4e,bps_stable32_province_2018_2025_v1,bps_grdp_per_capita_series2010_adhk,constant_2010_prices,False,False
m24obs_859cc1896497b44c4d67c690,real_grdp_per_capita,idn.34,DI Yogyakarta,34,2022,Tahun,30.41057,million_rupiah_per_person_constant_2010,derived,m5_real_grdp_pc_adhk2010,m24prov_05cc291a7d6b5ef969648f5c,bps_stable32_province_2018_2025_v1,bps_grdp_per_capita_series2010_adhk,constant_2010_prices,False,False
m24obs_cae35eb9969fb444b752de4e,real_grdp_per_capita,idn.34,DI Yogyakarta,34,2023,Tahun,31.74786,million_rupiah_per_person_constant_2010,derived,m5_real_grdp_pc_adhk2010,m24prov_f60162d4ee96a69ff7a61aec,bps_stable32_province_2018_2025_v1,bps_grdp_per_capita_series2010_adhk,constant_2010_prices,False,False
m24obs_9845dffa00e0a2a0d89eb1b7,real_grdp_per_capita,idn.34,DI Yogyakarta,34,2024,Tahun,33.14014,million_rupiah_per_person_constant_2010,derived,m5_real_grdp_pc_adhk2010,m24prov_de3818b738ca6c01659133dd,bps_stable32_province_2018_2025_v1,bps_grdp_per_capita_series2010_adhk,constant_2010_prices,False,False
m24obs_fabdde9ca5d140f6cab070c0,real_grdp_per_capita,idn.34,DI Yogyakarta,34,2025,Tahun,34.75717,million_rupiah_per_person_constant_2010,derived,m5_real_grdp_pc_adhk2010,m24prov_5eb61e46b3ff5ef90cc17fa4,bps_stable32_province_2018_2025_v1,bps_grdp_per_capita_series2010_adhk,constant_2010_prices,False,False
m24obs_aaf5495b80769ee057e6a30b,real_grdp_per_capita,idn.35,Jawa Timur,35,2018,Tahun,39.57995,million_rupiah_per_person_constant_2010,derived,m5_real_grdp_pc_adhk2010,m24prov_559d6d40168ac9640716be7a,bps_stable32_province_2018_2025_v1,bps_grdp_per_capita_series2010_adhk,constant_2010_prices,False,False
m24obs_5a763530c1f1ec63443fbe3b,real_grdp_per_capita,idn.35,Jawa Timur,35,2019,Tahun,41.5122,million_rupiah_per_person_constant_2010,derived,m5_real_grdp_pc_adhk2010,m24prov_43bc8b0538ba1677cc32bf07,bps_stable32_province_2018_2025_v1,bps_grdp_per_capita_series2010_adhk,constant_2010_prices,False,False
m24obs_b20d6fe14b322b02f975d7f2,real_grdp_per_capita,idn.35,Jawa Timur,35,2020,Tahun,39.68619,million_rupiah_per_person_constant_2010,derived,m5_real_grdp_pc_adhk2010,m24prov_11b8b831036956b9bff39646,bps_stable32_province_2018_2025_v1,bps_grdp_per_capita_series2010_adhk,constant_2010_prices,False,False
m24obs_fa7b007a2bb7c106fcf68daf,real_grdp_per_capita,idn.35,Jawa Timur,35,2021,Tahun,40.77982,million_rupiah_per_person_constant_2010,derived,m5_real_grdp_pc_adhk2010,m24prov_27bcc805ee3bed195d57fb4e,bps_stable32_province_2018_2025_v1,bps_grdp_per_capita_series2010_adhk,constant_2010_prices,False,False
m24obs_d278eda4cf453c2b8b7e2929,real_grdp_per_capita,idn.35,Jawa Timur,35,2022,Tahun,42.63584,million_rupiah_per_person_constant_2010,derived,m5_real_grdp_pc_adhk2010,m24prov_05cc291a7d6b5ef969648f5c,bps_stable32_province_2018_2025_v1,bps_grdp_per_capita_series2010_adhk,constant_2010_prices,False,False
m24obs_5e32df471d5f11a3127dc4a1,real_grdp_per_capita,idn.35,Jawa Timur,35,2023,Tahun,44.42332,million_rupiah_per_person_constant_2010,derived,m5_real_grdp_pc_adhk2010,m24prov_f60162d4ee96a69ff7a61aec,bps_stable32_province_2018_2025_v1,bps_grdp_per_capita_series2010_adhk,constant_2010_prices,False,False
m24obs_e47e3bae19864ec66e0b01c0,real_grdp_per_capita,idn.35,Jawa Timur,35,2024,Tahun,46.29519,million_rupiah_per_person_constant_2010,derived,m5_real_grdp_pc_adhk2010,m24prov_de3818b738ca6c01659133dd,bps_stable32_province_2018_2025_v1,bps_grdp_per_capita_series2010_adhk,constant_2010_prices,False,False
m24obs_f4ab2121307ec6a6c53c2b25,real_grdp_per_capita,idn.35,Jawa Timur,35,2025,Tahun,48.44374,million_rupiah_per_person_constant_2010,derived,m5_real_grdp_pc_adhk2010,m24prov_5eb61e46b3ff5ef90cc17fa4,bps_stable32_province_2018_2025_v1,bps_grdp_per_capita_series2010_adhk,constant_2010_prices,False,False
m24obs_b730bbe904f54021043cf42b,real_grdp_per_capita,idn.36,Banten,36,2018,Tahun,34.18375,million_rupiah_per_person_constant_2010,derived,m5_real_grdp_pc_adhk2010,m24prov_559d6d40168ac9640716be7a,bps_stable32_province_2018_2025_v1,bps_grdp_per_capita_series2010_adhk,constant_2010_prices,False,False
m24obs_58d3becf6e4879dfce9ea663,real_grdp_per_capita,idn.36,Banten,36,2019,Tahun,35.9139,million_rupiah_per_person_constant_2010,derived,m5_real_grdp_pc_adhk2010,m24prov_43bc8b0538ba1677cc32bf07,bps_stable32_province_2018_2025_v1,bps_grdp_per_capita_series2010_adhk,constant_2010_prices,False,False
m24obs_728ee953ac87b2be59de7192,real_grdp_per_capita,idn.36,Banten,36,2020,Tahun,37.16516,million_rupiah_per_person_constant_2010,derived,m5_real_grdp_pc_adhk2010,m24prov_11b8b831036956b9bff39646,bps_stable32_province_2018_2025_v1,bps_grdp_per_capita_series2010_adhk,constant_2010_prices,False,False
m24obs_1ff3bd4f5bdb31852662426f,real_grdp_per_capita,idn.36,Banten,36,2021,Tahun,38.33942,million_rupiah_per_person_constant_2010,derived,m5_real_grdp_pc_adhk2010,m24prov_27bcc805ee3bed195d57fb4e,bps_stable32_province_2018_2025_v1,bps_grdp_per_capita_series2010_adhk,constant_2010_prices,False,False
m24obs_f5a9e3361d71f8ca4bc5a103,real_grdp_per_capita,idn.36,Banten,36,2022,Tahun,39.79024,million_rupiah_per_person_constant_2010,derived,m5_real_grdp_pc_adhk2010,m24prov_05cc291a7d6b5ef969648f5c,bps_stable32_province_2018_2025_v1,bps_grdp_per_capita_series2010_adhk,constant_2010_prices,False,False
m24obs_6dd810dba584606e29b45ae0,real_grdp_per_capita,idn.36,Banten,36,2023,Tahun,41.22821,million_rupiah_per_person_constant_2010,derived,m5_real_grdp_pc_adhk2010,m24prov_f60162d4ee96a69ff7a61aec,bps_stable32_province_2018_2025_v1,bps_grdp_per_capita_series2010_adhk,constant_2010_prices,False,False
m24obs_f588a1496160ac87c2c1d0f7,real_grdp_per_capita,idn.36,Banten,36,2024,Tahun,42.77359,million_rupiah_per_person_constant_2010,derived,m5_real_grdp_pc_adhk2010,m24prov_de3818b738ca6c01659133dd,bps_stable32_province_2018_2025_v1,bps_grdp_per_capita_series2010_adhk,constant_2010_prices,False,False
m24obs_08494e50228fced430f6bf09,real_grdp_per_capita,idn.36,Banten,36,2025,Tahun,44.68783,million_rupiah_per_person_constant_2010,derived,m5_real_grdp_pc_adhk2010,m24prov_5eb61e46b3ff5ef90cc17fa4,bps_stable32_province_2018_2025_v1,bps_grdp_per_capita_series2010_adhk,constant_2010_prices,False,False
m24obs_d0a9d0a6ae2149189f26f575,real_grdp_per_capita,idn.51,Bali,51,2018,Tahun,35.89635,million_rupiah_per_person_constant_2010,derived,m5_real_grdp_pc_adhk2010,m24prov_559d6d40168ac9640716be7a,bps_stable32_province_2018_2025_v1,bps_grdp_per_capita_series2010_adhk,constant_2010_prices,False,False
m24obs_6fb407a29c358d0725495d06,real_grdp_per_capita,idn.51,Bali,51,2019,Tahun,37.2975,million_rupiah_per_person_constant_2010,derived,m5_real_grdp_pc_adhk2010,m24prov_43bc8b0538ba1677cc32bf07,bps_stable32_province_2018_2025_v1,bps_grdp_per_capita_series2010_adhk,constant_2010_prices,False,False
m24obs_0ce2d14aaf77a37f4c80b772,real_grdp_per_capita,idn.51,Bali,51,2020,Tahun,34.21652,million_rupiah_per_person_constant_2010,derived,m5_real_grdp_pc_adhk2010,m24prov_11b8b831036956b9bff39646,bps_stable32_province_2018_2025_v1,bps_grdp_per_capita_series2010_adhk,constant_2010_prices,False,False
m24obs_cd5314e8bc681e1b7c76e7e8,real_grdp_per_capita,idn.51,Bali,51,2021,Tahun,33.12379,million_rupiah_per_person_constant_2010,derived,m5_real_grdp_pc_adhk2010,m24prov_27bcc805ee3bed195d57fb4e,bps_stable32_province_2018_2025_v1,bps_grdp_per_capita_series2010_adhk,constant_2010_prices,False,False
m24obs_3f2cef39762acfb5c078bbe5,real_grdp_per_capita,idn.51,Bali,51,2022,Tahun,34.48106,million_rupiah_per_person_constant_2010,derived,m5_real_grdp_pc_adhk2010,m24prov_05cc291a7d6b5ef969648f5c,bps_stable32_province_2018_2025_v1,bps_grdp_per_capita_series2010_adhk,constant_2010_prices,False,False
m24obs_34a0354ceb51f33bdc6f8e1a,real_grdp_per_capita,idn.51,Bali,51,2023,Tahun,36.20681,million_rupiah_per_person_constant_2010,derived,m5_real_grdp_pc_adhk2010,m24prov_f60162d4ee96a69ff7a61aec,bps_stable32_province_2018_2025_v1,bps_grdp_per_capita_series2010_adhk,constant_2010_prices,False,False
m24obs_27cc7d68e13a5b87362dab9f,real_grdp_per_capita,idn.51,Bali,51,2024,Tahun,37.94016,million_rupiah_per_person_constant_2010,derived,m5_real_grdp_pc_adhk2010,m24prov_de3818b738ca6c01659133dd,bps_stable32_province_2018_2025_v1,bps_grdp_per_capita_series2010_adhk,constant_2010_prices,False,False
m24obs_0bb6e51872dfed37294510d1,real_grdp_per_capita,idn.51,Bali,51,2025,Tahun,39.8974,million_rupiah_per_person_constant_2010,derived,m5_real_grdp_pc_adhk2010,m24prov_5eb61e46b3ff5ef90cc17fa4,bps_stable32_province_2018_2025_v1,bps_grdp_per_capita_series2010_adhk,constant_2010_prices,False,False
m24obs_996d6616eb2f4a14ba0a8b92,real_grdp_per_capita,idn.52,Nusa Tenggara Barat,52,2018,Tahun,18.0205,million_rupiah_per_person_constant_2010,derived,m5_real_grdp_pc_adhk2010,m24prov_559d6d40168ac9640716be7a,bps_stable32_province_2018_2025_v1,bps_grdp_per_capita_series2010_adhk,constant_2010_prices,False,False
m24obs_6b246ed2fbb6b5585705e5f0,real_grdp_per_capita,idn.52,Nusa Tenggara Barat,52,2019,Tahun,18.21911,million_rupiah_per_person_constant_2010,derived,m5_real_grdp_pc_adhk2010,m24prov_43bc8b0538ba1677cc32bf07,bps_stable32_province_2018_2025_v1,bps_grdp_per_capita_series2010_adhk,constant_2010_prices,False,False
m24obs_5b611d53bc553fada5641cce,real_grdp_per_capita,idn.52,Nusa Tenggara Barat,52,2020,Tahun,17.58311,million_rupiah_per_person_constant_2010,derived,m5_real_grdp_pc_adhk2010,m24prov_11b8b831036956b9bff39646,bps_stable32_province_2018_2025_v1,bps_grdp_per_capita_series2010_adhk,constant_2010_prices,False,False
m24obs_25b43b00e0b9429e220c2520,real_grdp_per_capita,idn.52,Nusa Tenggara Barat,52,2021,Tahun,17.71584,million_rupiah_per_person_constant_2010,derived,m5_real_grdp_pc_adhk2010,m24prov_27bcc805ee3bed195d57fb4e,bps_stable32_province_2018_2025_v1,bps_grdp_per_capita_series2010_adhk,constant_2010_prices,False,False
m24obs_2346fd8865b3b44dd070092a,real_grdp_per_capita,idn.52,Nusa Tenggara Barat,52,2022,Tahun,18.6471,million_rupiah_per_person_constant_2010,derived,m5_real_grdp_pc_adhk2010,m24prov_05cc291a7d6b5ef969648f5c,bps_stable32_province_2018_2025_v1,bps_grdp_per_capita_series2010_adhk,constant_2010_prices,False,False
m24obs_6a6c74d8b6a7311d673bad5d,real_grdp_per_capita,idn.52,Nusa Tenggara Barat,52,2023,Tahun,18.6872,million_rupiah_per_person_constant_2010,derived,m5_real_grdp_pc_adhk2010,m24prov_f60162d4ee96a69ff7a61aec,bps_stable32_province_2018_2025_v1,bps_grdp_per_capita_series2010_adhk,constant_2010_prices,False,False
m24obs_3888ef8e75ee9a08ac911b0d,real_grdp_per_capita,idn.52,Nusa Tenggara Barat,52,2024,Tahun,19.3792,million_rupiah_per_person_constant_2010,derived,m5_real_grdp_pc_adhk2010,m24prov_de3818b738ca6c01659133dd,bps_stable32_province_2018_2025_v1,bps_grdp_per_capita_series2010_adhk,constant_2010_prices,False,False
m24obs_4535384e2eb18713dd65ee1f,real_grdp_per_capita,idn.52,Nusa Tenggara Barat,52,2025,Tahun,19.70632,million_rupiah_per_person_constant_2010,derived,m5_real_grdp_pc_adhk2010,m24prov_5eb61e46b3ff5ef90cc17fa4,bps_stable32_province_2018_2025_v1,bps_grdp_per_capita_series2010_adhk,constant_2010_prices,False,False
m24obs_ec6014f48ca9c5bd6a3ba5a5,real_grdp_per_capita,idn.53,Nusa Tenggara Timur,53,2018,Tahun,12.27385,million_rupiah_per_person_constant_2010,derived,m5_real_grdp_pc_adhk2010,m24prov_559d6d40168ac9640716be7a,bps_stable32_province_2018_2025_v1,bps_grdp_per_capita_series2010_adhk,constant_2010_prices,False,False
m24obs_c51993da87aca6b01e186f28,real_grdp_per_capita,idn.53,Nusa Tenggara Timur,53,2019,Tahun,12.76198,million_rupiah_per_person_constant_2010,derived,m5_real_grdp_pc_adhk2010,m24prov_43bc8b0538ba1677cc32bf07,bps_stable32_province_2018_2025_v1,bps_grdp_per_capita_series2010_adhk,constant_2010_prices,False,False
m24obs_042dcbb5a6a8688ac499916e,real_grdp_per_capita,idn.53,Nusa Tenggara Timur,53,2020,Tahun,12.96095,million_rupiah_per_person_constant_2010,derived,m5_real_grdp_pc_adhk2010,m24prov_11b8b831036956b9bff39646,bps_stable32_province_2018_2025_v1,bps_grdp_per_capita_series2010_adhk,constant_2010_prices,False,False
m24obs_3f4aed99a9999b36785b1514,real_grdp_per_capita,idn.53,Nusa Tenggara Timur,53,2021,Tahun,13.07668,million_rupiah_per_person_constant_2010,derived,m5_real_grdp_pc_adhk2010,m24prov_27bcc805ee3bed195d57fb4e,bps_stable32_province_2018_2025_v1,bps_grdp_per_capita_series2010_adhk,constant_2010_prices,False,False
m24obs_36d019eade4337cfe7628a24,real_grdp_per_capita,idn.53,Nusa Tenggara Timur,53,2022,Tahun,13.26415,million_rupiah_per_person_constant_2010,derived,m5_real_grdp_pc_adhk2010,m24prov_05cc291a7d6b5ef969648f5c,bps_stable32_province_2018_2025_v1,bps_grdp_per_capita_series2010_adhk,constant_2010_prices,False,False
m24obs_40f2724141d3882765d1bb84,real_grdp_per_capita,idn.53,Nusa Tenggara Timur,53,2023,Tahun,13.51153,million_rupiah_per_person_constant_2010,derived,m5_real_grdp_pc_adhk2010,m24prov_f60162d4ee96a69ff7a61aec,bps_stable32_province_2018_2025_v1,bps_grdp_per_capita_series2010_adhk,constant_2010_prices,False,False
m24obs_78e92c1f679a3faa0b23e43e,real_grdp_per_capita,idn.53,Nusa Tenggara Timur,53,2024,Tahun,13.81914,million_rupiah_per_person_constant_2010,derived,m5_real_grdp_pc_adhk2010,m24prov_de3818b738ca6c01659133dd,bps_stable32_province_2018_2025_v1,bps_grdp_per_capita_series2010_adhk,constant_2010_prices,False,False
m24obs_6e4567cf435b5bb355086d51,real_grdp_per_capita,idn.53,Nusa Tenggara Timur,53,2025,Tahun,14.31007,million_rupiah_per_person_constant_2010,derived,m5_real_grdp_pc_adhk2010,m24prov_5eb61e46b3ff5ef90cc17fa4,bps_stable32_province_2018_2025_v1,bps_grdp_per_capita_series2010_adhk,constant_2010_prices,False,False
m24obs_6c7143252320a31154e5ff8b,real_grdp_per_capita,idn.61,Kalimantan Barat,61,2018,Tahun,26.11057,million_rupiah_per_person_constant_2010,derived,m5_real_grdp_pc_adhk2010,m24prov_559d6d40168ac9640716be7a,bps_stable32_province_2018_2025_v1,bps_grdp_per_capita_series2010_adhk,constant_2010_prices,False,False
m24obs_d0e06af52bb5a5223e97a57c,real_grdp_per_capita,idn.61,Kalimantan Barat,61,2019,Tahun,27.19978,million_rupiah_per_person_constant_2010,derived,m5_real_grdp_pc_adhk2010,m24prov_43bc8b0538ba1677cc32bf07,bps_stable32_province_2018_2025_v1,bps_grdp_per_capita_series2010_adhk,constant_2010_prices,False,False
m24obs_e5ef9f5dfad150663b598f97,real_grdp_per_capita,idn.61,Kalimantan Barat,61,2020,Tahun,24.95361,million_rupiah_per_person_constant_2010,derived,m5_real_grdp_pc_adhk2010,m24prov_11b8b831036956b9bff39646,bps_stable32_province_2018_2025_v1,bps_grdp_per_capita_series2010_adhk,constant_2010_prices,False,False
m24obs_8207c13d09424cc8ca206b36,real_grdp_per_capita,idn.61,Kalimantan Barat,61,2021,Tahun,25.79351,million_rupiah_per_person_constant_2010,derived,m5_real_grdp_pc_adhk2010,m24prov_27bcc805ee3bed195d57fb4e,bps_stable32_province_2018_2025_v1,bps_grdp_per_capita_series2010_adhk,constant_2010_prices,False,False
m24obs_438ad57ac51792667a5a5a73,real_grdp_per_capita,idn.61,Kalimantan Barat,61,2022,Tahun,26.73457,million_rupiah_per_person_constant_2010,derived,m5_real_grdp_pc_adhk2010,m24prov_05cc291a7d6b5ef969648f5c,bps_stable32_province_2018_2025_v1,bps_grdp_per_capita_series2010_adhk,constant_2010_prices,False,False
m24obs_879ebe6e687c8eba67cf2845,real_grdp_per_capita,idn.61,Kalimantan Barat,61,2023,Tahun,27.56034,million_rupiah_per_person_constant_2010,derived,m5_real_grdp_pc_adhk2010,m24prov_f60162d4ee96a69ff7a61aec,bps_stable32_province_2018_2025_v1,bps_grdp_per_capita_series2010_adhk,constant_2010_prices,False,False
m24obs_1e273f04b8370e92d76260bd,real_grdp_per_capita,idn.61,Kalimantan Barat,61,2024,Tahun,28.5445,million_rupiah_per_person_constant_2010,derived,m5_real_grdp_pc_adhk2010,m24prov_de3818b738ca6c01659133dd,bps_stable32_province_2018_2025_v1,bps_grdp_per_capita_series2010_adhk,constant_2010_prices,False,False
m24obs_f67d84abb662955490cc2014,real_grdp_per_capita,idn.61,Kalimantan Barat,61,2025,Tahun,29.7138,million_rupiah_per_person_constant_2010,derived,m5_real_grdp_pc_adhk2010,m24prov_5eb61e46b3ff5ef90cc17fa4,bps_stable32_province_2018_2025_v1,bps_grdp_per_capita_series2010_adhk,constant_2010_prices,False,False
m24obs_c71af742daee6984cee3d9ce,real_grdp_per_capita,idn.62,Kalimantan Tengah,62,2018,Tahun,35.54843,million_rupiah_per_person_constant_2010,derived,m5_real_grdp_pc_adhk2010,m24prov_559d6d40168ac9640716be7a,bps_stable32_province_2018_2025_v1,bps_grdp_per_capita_series2010_adhk,constant_2010_prices,False,False
m24obs_440c47a0875c101ed28ed7ca,real_grdp_per_capita,idn.62,Kalimantan Tengah,62,2019,Tahun,37.87047,million_rupiah_per_person_constant_2010,derived,m5_real_grdp_pc_adhk2010,m24prov_43bc8b0538ba1677cc32bf07,bps_stable32_province_2018_2025_v1,bps_grdp_per_capita_series2010_adhk,constant_2010_prices,False,False
m24obs_5b715f945a0b0477a21dd7be,real_grdp_per_capita,idn.62,Kalimantan Tengah,62,2020,Tahun,37.14873,million_rupiah_per_person_constant_2010,derived,m5_real_grdp_pc_adhk2010,m24prov_11b8b831036956b9bff39646,bps_stable32_province_2018_2025_v1,bps_grdp_per_capita_series2010_adhk,constant_2010_prices,False,False
m24obs_5660fca86a213fbc8d70f992,real_grdp_per_capita,idn.62,Kalimantan Tengah,62,2021,Tahun,37.95503,million_rupiah_per_person_constant_2010,derived,m5_real_grdp_pc_adhk2010,m24prov_27bcc805ee3bed195d57fb4e,bps_stable32_province_2018_2025_v1,bps_grdp_per_capita_series2010_adhk,constant_2010_prices,False,False
m24obs_78bb5ae6d141e1be20d7d007,real_grdp_per_capita,idn.62,Kalimantan Tengah,62,2022,Tahun,39.85648,million_rupiah_per_person_constant_2010,derived,m5_real_grdp_pc_adhk2010,m24prov_05cc291a7d6b5ef969648f5c,bps_stable32_province_2018_2025_v1,bps_grdp_per_capita_series2010_adhk,constant_2010_prices,False,False
m24obs_92cb17e27ce4a487f273eeaa,real_grdp_per_capita,idn.62,Kalimantan Tengah,62,2023,Tahun,40.95959,million_rupiah_per_person_constant_2010,derived,m5_real_grdp_pc_adhk2010,m24prov_f60162d4ee96a69ff7a61aec,bps_stable32_province_2018_2025_v1,bps_grdp_per_capita_series2010_adhk,constant_2010_prices,False,False
m24obs_133b6075c70bda894e958d45,real_grdp_per_capita,idn.62,Kalimantan Tengah,62,2024,Tahun,42.24024,million_rupiah_per_person_constant_2010,derived,m5_real_grdp_pc_adhk2010,m24prov_de3818b738ca6c01659133dd,bps_stable32_province_2018_2025_v1,bps_grdp_per_capita_series2010_adhk,constant_2010_prices,False,False
m24obs_1dd4e1175c789f3404661bdc,real_grdp_per_capita,idn.62,Kalimantan Tengah,62,2025,Tahun,43.71851,million_rupiah_per_person_constant_2010,derived,m5_real_grdp_pc_adhk2010,m24prov_5eb61e46b3ff5ef90cc17fa4,bps_stable32_province_2018_2025_v1,bps_grdp_per_capita_series2010_adhk,constant_2010_prices,False,False
m24obs_5a7625aadcd24cb191d01a29,real_grdp_per_capita,idn.63,Kalimantan Selatan,63,2018,Tahun,30.61485,million_rupiah_per_person_constant_2010,derived,m5_real_grdp_pc_adhk2010,m24prov_559d6d40168ac9640716be7a,bps_stable32_province_2018_2025_v1,bps_grdp_per_capita_series2010_adhk,constant_2010_prices,False,False
m24obs_08136c914f2e00716a5e2db2,real_grdp_per_capita,idn.63,Kalimantan Selatan,63,2019,Tahun,31.61146,million_rupiah_per_person_constant_2010,derived,m5_real_grdp_pc_adhk2010,m24prov_43bc8b0538ba1677cc32bf07,bps_stable32_province_2018_2025_v1,bps_grdp_per_capita_series2010_adhk,constant_2010_prices,False,False
m24obs_99a001afd7c5062052f853b9,real_grdp_per_capita,idn.63,Kalimantan Selatan,63,2020,Tahun,32.2123,million_rupiah_per_person_constant_2010,derived,m5_real_grdp_pc_adhk2010,m24prov_11b8b831036956b9bff39646,bps_stable32_province_2018_2025_v1,bps_grdp_per_capita_series2010_adhk,constant_2010_prices,False,False
m24obs_5a9ee1b99f829727a920bf2c,real_grdp_per_capita,idn.63,Kalimantan Selatan,63,2021,Tahun,32.89485,million_rupiah_per_person_constant_2010,derived,m5_real_grdp_pc_adhk2010,m24prov_27bcc805ee3bed195d57fb4e,bps_stable32_province_2018_2025_v1,bps_grdp_per_capita_series2010_adhk,constant_2010_prices,False,False
m24obs_5b15fa98047f50e53403a873,real_grdp_per_capita,idn.63,Kalimantan Selatan,63,2022,Tahun,34.13271,million_rupiah_per_person_constant_2010,derived,m5_real_grdp_pc_adhk2010,m24prov_05cc291a7d6b5ef969648f5c,bps_stable32_province_2018_2025_v1,bps_grdp_per_capita_series2010_adhk,constant_2010_prices,False,False
m24obs_330593b342a02c03af910747,real_grdp_per_capita,idn.63,Kalimantan Selatan,63,2023,Tahun,35.3421,million_rupiah_per_person_constant_2010,derived,m5_real_grdp_pc_adhk2010,m24prov_f60162d4ee96a69ff7a61aec,bps_stable32_province_2018_2025_v1,bps_grdp_per_capita_series2010_adhk,constant_2010_prices,False,False
m24obs_e5c78f78deedda95d578c72c,real_grdp_per_capita,idn.63,Kalimantan Selatan,63,2024,Tahun,36.68506,million_rupiah_per_person_constant_2010,derived,m5_real_grdp_pc_adhk2010,m24prov_de3818b738ca6c01659133dd,bps_stable32_province_2018_2025_v1,bps_grdp_per_capita_series2010_adhk,constant_2010_prices,False,False
m24obs_d0b2787049e373245f640cb9,real_grdp_per_capita,idn.63,Kalimantan Selatan,63,2025,Tahun,38.15538,million_rupiah_per_person_constant_2010,derived,m5_real_grdp_pc_adhk2010,m24prov_5eb61e46b3ff5ef90cc17fa4,bps_stable32_province_2018_2025_v1,bps_grdp_per_capita_series2010_adhk,constant_2010_prices,False,False
m24obs_04f724ad1bb7e13717776f86,real_grdp_per_capita,idn.64,Kalimantan Timur,64,2018,Tahun,127.35419,million_rupiah_per_person_constant_2010,derived,m5_real_grdp_pc_adhk2010,m24prov_559d6d40168ac9640716be7a,bps_stable32_province_2018_2025_v1,bps_grdp_per_capita_series2010_adhk,constant_2010_prices,False,False
m24obs_6c3a3dacc19c8dc7847802ec,real_grdp_per_capita,idn.64,Kalimantan Timur,64,2019,Tahun,134.41055,million_rupiah_per_person_constant_2010,derived,m5_real_grdp_pc_adhk2010,m24prov_43bc8b0538ba1677cc32bf07,bps_stable32_province_2018_2025_v1,bps_grdp_per_capita_series2010_adhk,constant_2010_prices,False,False
m24obs_b0b72395acf02ed4d0d2a851,real_grdp_per_capita,idn.64,Kalimantan Timur,64,2020,Tahun,125.76453,million_rupiah_per_person_constant_2010,derived,m5_real_grdp_pc_adhk2010,m24prov_11b8b831036956b9bff39646,bps_stable32_province_2018_2025_v1,bps_grdp_per_capita_series2010_adhk,constant_2010_prices,False,False
m24obs_15785dbc628591bd943b913c,real_grdp_per_capita,idn.64,Kalimantan Timur,64,2021,Tahun,127.36807,million_rupiah_per_person_constant_2010,derived,m5_real_grdp_pc_adhk2010,m24prov_27bcc805ee3bed195d57fb4e,bps_stable32_province_2018_2025_v1,bps_grdp_per_capita_series2010_adhk,constant_2010_prices,False,False
m24obs_36535e9330fd70e7e2580056,real_grdp_per_capita,idn.64,Kalimantan Timur,64,2022,Tahun,131.23863,million_rupiah_per_person_constant_2010,derived,m5_real_grdp_pc_adhk2010,m24prov_05cc291a7d6b5ef969648f5c,bps_stable32_province_2018_2025_v1,bps_grdp_per_capita_series2010_adhk,constant_2010_prices,False,False
m24obs_66ce41d7f425ddda51f935c0,real_grdp_per_capita,idn.64,Kalimantan Timur,64,2023,Tahun,137.51039,million_rupiah_per_person_constant_2010,derived,m5_real_grdp_pc_adhk2010,m24prov_f60162d4ee96a69ff7a61aec,bps_stable32_province_2018_2025_v1,bps_grdp_per_capita_series2010_adhk,constant_2010_prices,False,False
m24obs_d089646f878feeadd8e171b9,real_grdp_per_capita,idn.64,Kalimantan Timur,64,2024,Tahun,141.08849,million_rupiah_per_person_constant_2010,derived,m5_real_grdp_pc_adhk2010,m24prov_de3818b738ca6c01659133dd,bps_stable32_province_2018_2025_v1,bps_grdp_per_capita_series2010_adhk,constant_2010_prices,False,False
m24obs_50b07a20805e6ac5ee740b5f,real_grdp_per_capita,idn.64,Kalimantan Timur,64,2025,Tahun,139.81182,million_rupiah_per_person_constant_2010,derived,m5_real_grdp_pc_adhk2010,m24prov_5eb61e46b3ff5ef90cc17fa4,bps_stable32_province_2018_2025_v1,bps_grdp_per_capita_series2010_adhk,constant_2010_prices,False,False
m24obs_63fe8724e67f6950605000f0,real_grdp_per_capita,idn.65,Kalimantan Utara,65,2018,Tahun,80.20484,million_rupiah_per_person_constant_2010,derived,m5_real_grdp_pc_adhk2010,m24prov_559d6d40168ac9640716be7a,bps_stable32_province_2018_2025_v1,bps_grdp_per_capita_series2010_adhk,constant_2010_prices,False,False
m24obs_eca6aa657f94b9320b61c7bb,real_grdp_per_capita,idn.65,Kalimantan Utara,65,2019,Tahun,88.29952,million_rupiah_per_person_constant_2010,derived,m5_real_grdp_pc_adhk2010,m24prov_43bc8b0538ba1677cc32bf07,bps_stable32_province_2018_2025_v1,bps_grdp_per_capita_series2010_adhk,constant_2010_prices,False,False
m24obs_8249f3abb5ff9146028fad8d,real_grdp_per_capita,idn.65,Kalimantan Utara,65,2020,Tahun,86.82359,million_rupiah_per_person_constant_2010,derived,m5_real_grdp_pc_adhk2010,m24prov_11b8b831036956b9bff39646,bps_stable32_province_2018_2025_v1,bps_grdp_per_capita_series2010_adhk,constant_2010_prices,False,False
m24obs_a26c277f1070c0f525be3ec4,real_grdp_per_capita,idn.65,Kalimantan Utara,65,2021,Tahun,88.97351,million_rupiah_per_person_constant_2010,derived,m5_real_grdp_pc_adhk2010,m24prov_27bcc805ee3bed195d57fb4e,bps_stable32_province_2018_2025_v1,bps_grdp_per_capita_series2010_adhk,constant_2010_prices,False,False
m24obs_d513a30dfb20ce19ee1babbc,real_grdp_per_capita,idn.65,Kalimantan Utara,65,2022,Tahun,92.39297,million_rupiah_per_person_constant_2010,derived,m5_real_grdp_pc_adhk2010,m24prov_05cc291a7d6b5ef969648f5c,bps_stable32_province_2018_2025_v1,bps_grdp_per_capita_series2010_adhk,constant_2010_prices,False,False
m24obs_7a815dd875e70f1eac8ec5a6,real_grdp_per_capita,idn.65,Kalimantan Utara,65,2023,Tahun,95.65826,million_rupiah_per_person_constant_2010,derived,m5_real_grdp_pc_adhk2010,m24prov_f60162d4ee96a69ff7a61aec,bps_stable32_province_2018_2025_v1,bps_grdp_per_capita_series2010_adhk,constant_2010_prices,False,False
m24obs_ca5be025599700bb44a47930,real_grdp_per_capita,idn.65,Kalimantan Utara,65,2024,Tahun,98.85994,million_rupiah_per_person_constant_2010,derived,m5_real_grdp_pc_adhk2010,m24prov_de3818b738ca6c01659133dd,bps_stable32_province_2018_2025_v1,bps_grdp_per_capita_series2010_adhk,constant_2010_prices,False,False
m24obs_c668f1dc19cb5f002e92dc5d,real_grdp_per_capita,idn.65,Kalimantan Utara,65,2025,Tahun,102.04464,million_rupiah_per_person_constant_2010,derived,m5_real_grdp_pc_adhk2010,m24prov_5eb61e46b3ff5ef90cc17fa4,bps_stable32_province_2018_2025_v1,bps_grdp_per_capita_series2010_adhk,constant_2010_prices,False,False
m24obs_d60e3d884eae486afcde1182,real_grdp_per_capita,idn.71,Sulawesi Utara,71,2018,Tahun,33.91161,million_rupiah_per_person_constant_2010,derived,m5_real_grdp_pc_adhk2010,m24prov_559d6d40168ac9640716be7a,bps_stable32_province_2018_2025_v1,bps_grdp_per_capita_series2010_adhk,constant_2010_prices,False,False
m24obs_09c3592fc981a101d6940495,real_grdp_per_capita,idn.71,Sulawesi Utara,71,2019,Tahun,35.68744,million_rupiah_per_person_constant_2010,derived,m5_real_grdp_pc_adhk2010,m24prov_43bc8b0538ba1677cc32bf07,bps_stable32_province_2018_2025_v1,bps_grdp_per_capita_series2010_adhk,constant_2010_prices,False,False
m24obs_ca863c66f34d720c6ed9ab8c,real_grdp_per_capita,idn.71,Sulawesi Utara,71,2020,Tahun,33.67044,million_rupiah_per_person_constant_2010,derived,m5_real_grdp_pc_adhk2010,m24prov_11b8b831036956b9bff39646,bps_stable32_province_2018_2025_v1,bps_grdp_per_capita_series2010_adhk,constant_2010_prices,False,False
m24obs_e461ced7ef0d68f602145336,real_grdp_per_capita,idn.71,Sulawesi Utara,71,2021,Tahun,34.77643,million_rupiah_per_person_constant_2010,derived,m5_real_grdp_pc_adhk2010,m24prov_27bcc805ee3bed195d57fb4e,bps_stable32_province_2018_2025_v1,bps_grdp_per_capita_series2010_adhk,constant_2010_prices,False,False
m24obs_56ee92e52a17963e551cf2e4,real_grdp_per_capita,idn.71,Sulawesi Utara,71,2022,Tahun,36.36864,million_rupiah_per_person_constant_2010,derived,m5_real_grdp_pc_adhk2010,m24prov_05cc291a7d6b5ef969648f5c,bps_stable32_province_2018_2025_v1,bps_grdp_per_capita_series2010_adhk,constant_2010_prices,False,False
m24obs_bc45d62da9191598a5d9bfda,real_grdp_per_capita,idn.71,Sulawesi Utara,71,2023,Tahun,38.0642,million_rupiah_per_person_constant_2010,derived,m5_real_grdp_pc_adhk2010,m24prov_f60162d4ee96a69ff7a61aec,bps_stable32_province_2018_2025_v1,bps_grdp_per_capita_series2010_adhk,constant_2010_prices,False,False
m24obs_3bcfcdac724d96b4fd3fc986,real_grdp_per_capita,idn.71,Sulawesi Utara,71,2024,Tahun,39.81639,million_rupiah_per_person_constant_2010,derived,m5_real_grdp_pc_adhk2010,m24prov_de3818b738ca6c01659133dd,bps_stable32_province_2018_2025_v1,bps_grdp_per_capita_series2010_adhk,constant_2010_prices,False,False
m24obs_a5cc763a779d8a8ccc59063c,real_grdp_per_capita,idn.71,Sulawesi Utara,71,2025,Tahun,41.76448,million_rupiah_per_person_constant_2010,derived,m5_real_grdp_pc_adhk2010,m24prov_5eb61e46b3ff5ef90cc17fa4,bps_stable32_province_2018_2025_v1,bps_grdp_per_capita_series2010_adhk,constant_2010_prices,False,False
m24obs_92bc05061751cdc092fb14d0,real_grdp_per_capita,idn.72,Sulawesi Tengah,72,2018,Tahun,39.04935,million_rupiah_per_person_constant_2010,derived,m5_real_grdp_pc_adhk2010,m24prov_559d6d40168ac9640716be7a,bps_stable32_province_2018_2025_v1,bps_grdp_per_capita_series2010_adhk,constant_2010_prices,False,False
m24obs_361c617955967ff9d64b648c,real_grdp_per_capita,idn.72,Sulawesi Tengah,72,2019,Tahun,42.0545,million_rupiah_per_person_constant_2010,derived,m5_real_grdp_pc_adhk2010,m24prov_43bc8b0538ba1677cc32bf07,bps_stable32_province_2018_2025_v1,bps_grdp_per_capita_series2010_adhk,constant_2010_prices,False,False
m24obs_97564ddf06a41091afdbe5d4,real_grdp_per_capita,idn.72,Sulawesi Tengah,72,2020,Tahun,45.05232,million_rupiah_per_person_constant_2010,derived,m5_real_grdp_pc_adhk2010,m24prov_11b8b831036956b9bff39646,bps_stable32_province_2018_2025_v1,bps_grdp_per_capita_series2010_adhk,constant_2010_prices,False,False
m24obs_ea67e6304333c1f04f9ecbf8,real_grdp_per_capita,idn.72,Sulawesi Tengah,72,2021,Tahun,49.69023,million_rupiah_per_person_constant_2010,derived,m5_real_grdp_pc_adhk2010,m24prov_27bcc805ee3bed195d57fb4e,bps_stable32_province_2018_2025_v1,bps_grdp_per_capita_series2010_adhk,constant_2010_prices,False,False
m24obs_34be67645f6a49fff930aa3d,real_grdp_per_capita,idn.72,Sulawesi Tengah,72,2022,Tahun,56.57706,million_rupiah_per_person_constant_2010,derived,m5_real_grdp_pc_adhk2010,m24prov_05cc291a7d6b5ef969648f5c,bps_stable32_province_2018_2025_v1,bps_grdp_per_capita_series2010_adhk,constant_2010_prices,False,False
m24obs_d1e6b011c13173f9f55127ea,real_grdp_per_capita,idn.72,Sulawesi Tengah,72,2023,Tahun,62.58406,million_rupiah_per_person_constant_2010,derived,m5_real_grdp_pc_adhk2010,m24prov_f60162d4ee96a69ff7a61aec,bps_stable32_province_2018_2025_v1,bps_grdp_per_capita_series2010_adhk,constant_2010_prices,False,False
m24obs_ff1cb5cb4524d45e1296a6c8,real_grdp_per_capita,idn.72,Sulawesi Tengah,72,2024,Tahun,68.00075,million_rupiah_per_person_constant_2010,derived,m5_real_grdp_pc_adhk2010,m24prov_de3818b738ca6c01659133dd,bps_stable32_province_2018_2025_v1,bps_grdp_per_capita_series2010_adhk,constant_2010_prices,False,False
m24obs_0a90b4512715084509f154fa,real_grdp_per_capita,idn.72,Sulawesi Tengah,72,2025,Tahun,72.95874,million_rupiah_per_person_constant_2010,derived,m5_real_grdp_pc_adhk2010,m24prov_5eb61e46b3ff5ef90cc17fa4,bps_stable32_province_2018_2025_v1,bps_grdp_per_capita_series2010_adhk,constant_2010_prices,False,False
m24obs_65a9f910ca746619fb929ffd,real_grdp_per_capita,idn.73,Sulawesi Selatan,73,2018,Tahun,35.24364,million_rupiah_per_person_constant_2010,derived,m5_real_grdp_pc_adhk2010,m24prov_559d6d40168ac9640716be7a,bps_stable32_province_2018_2025_v1,bps_grdp_per_capita_series2010_adhk,constant_2010_prices,False,False
m24obs_bf388ac5178bb50728a18b86,real_grdp_per_capita,idn.73,Sulawesi Selatan,73,2019,Tahun,37.47429,million_rupiah_per_person_constant_2010,derived,m5_real_grdp_pc_adhk2010,m24prov_43bc8b0538ba1677cc32bf07,bps_stable32_province_2018_2025_v1,bps_grdp_per_capita_series2010_adhk,constant_2010_prices,False,False
m24obs_10e9138e0704bc8e9f40e32f,real_grdp_per_capita,idn.73,Sulawesi Selatan,73,2020,Tahun,36.24626,million_rupiah_per_person_constant_2010,derived,m5_real_grdp_pc_adhk2010,m24prov_11b8b831036956b9bff39646,bps_stable32_province_2018_2025_v1,bps_grdp_per_capita_series2010_adhk,constant_2010_prices,False,False
m24obs_d49ef6d665d7edeab5b2315b,real_grdp_per_capita,idn.73,Sulawesi Selatan,73,2021,Tahun,37.50145,million_rupiah_per_person_constant_2010,derived,m5_real_grdp_pc_adhk2010,m24prov_27bcc805ee3bed195d57fb4e,bps_stable32_province_2018_2025_v1,bps_grdp_per_capita_series2010_adhk,constant_2010_prices,False,False
m24obs_8cdbbe08a4028436ee04e75e,real_grdp_per_capita,idn.73,Sulawesi Selatan,73,2022,Tahun,38.97518,million_rupiah_per_person_constant_2010,derived,m5_real_grdp_pc_adhk2010,m24prov_05cc291a7d6b5ef969648f5c,bps_stable32_province_2018_2025_v1,bps_grdp_per_capita_series2010_adhk,constant_2010_prices,False,False
m24obs_20116e74a969ae88a15a6d4c,real_grdp_per_capita,idn.73,Sulawesi Selatan,73,2023,Tahun,40.29012,million_rupiah_per_person_constant_2010,derived,m5_real_grdp_pc_adhk2010,m24prov_f60162d4ee96a69ff7a61aec,bps_stable32_province_2018_2025_v1,bps_grdp_per_capita_series2010_adhk,constant_2010_prices,False,False
m24obs_d596759b1f182858a17fb66c,real_grdp_per_capita,idn.73,Sulawesi Selatan,73,2024,Tahun,41.86047,million_rupiah_per_person_constant_2010,derived,m5_real_grdp_pc_adhk2010,m24prov_de3818b738ca6c01659133dd,bps_stable32_province_2018_2025_v1,bps_grdp_per_capita_series2010_adhk,constant_2010_prices,False,False
m24obs_eb11ba486786bcc133191272,real_grdp_per_capita,idn.73,Sulawesi Selatan,73,2025,Tahun,43.67127,million_rupiah_per_person_constant_2010,derived,m5_real_grdp_pc_adhk2010,m24prov_5eb61e46b3ff5ef90cc17fa4,bps_stable32_province_2018_2025_v1,bps_grdp_per_capita_series2010_adhk,constant_2010_prices,False,False
m24obs_49ced4ec540c95aec16e596a,real_grdp_per_capita,idn.74,Sulawesi Tenggara,74,2018,Tahun,33.27866,million_rupiah_per_person_constant_2010,derived,m5_real_grdp_pc_adhk2010,m24prov_559d6d40168ac9640716be7a,bps_stable32_province_2018_2025_v1,bps_grdp_per_capita_series2010_adhk,constant_2010_prices,False,False
m24obs_f99e9d40e237e4b6db18186b,real_grdp_per_capita,idn.74,Sulawesi Tenggara,74,2019,Tahun,35.3099,million_rupiah_per_person_constant_2010,derived,m5_real_grdp_pc_adhk2010,m24prov_43bc8b0538ba1677cc32bf07,bps_stable32_province_2018_2025_v1,bps_grdp_per_capita_series2010_adhk,constant_2010_prices,False,False
m24obs_534b8366dfe4b2c0f74bc250,real_grdp_per_capita,idn.74,Sulawesi Tenggara,74,2020,Tahun,35.7086,million_rupiah_per_person_constant_2010,derived,m5_real_grdp_pc_adhk2010,m24prov_11b8b831036956b9bff39646,bps_stable32_province_2018_2025_v1,bps_grdp_per_capita_series2010_adhk,constant_2010_prices,False,False
m24obs_618d11795ed1721bb81ed800,real_grdp_per_capita,idn.74,Sulawesi Tenggara,74,2021,Tahun,36.57047,million_rupiah_per_person_constant_2010,derived,m5_real_grdp_pc_adhk2010,m24prov_27bcc805ee3bed195d57fb4e,bps_stable32_province_2018_2025_v1,bps_grdp_per_capita_series2010_adhk,constant_2010_prices,False,False
m24obs_250f8d4ee3d20c18c2c6fc4a,real_grdp_per_capita,idn.74,Sulawesi Tenggara,74,2022,Tahun,37.95613,million_rupiah_per_person_constant_2010,derived,m5_real_grdp_pc_adhk2010,m24prov_05cc291a7d6b5ef969648f5c,bps_stable32_province_2018_2025_v1,bps_grdp_per_capita_series2010_adhk,constant_2010_prices,False,False
m24obs_8648a13e8c69e8f26a9c44de,real_grdp_per_capita,idn.74,Sulawesi Tenggara,74,2023,Tahun,39.34246,million_rupiah_per_person_constant_2010,derived,m5_real_grdp_pc_adhk2010,m24prov_f60162d4ee96a69ff7a61aec,bps_stable32_province_2018_2025_v1,bps_grdp_per_capita_series2010_adhk,constant_2010_prices,False,False
m24obs_30f4ee89a7cd3f3cb85b894e,real_grdp_per_capita,idn.74,Sulawesi Tenggara,74,2024,Tahun,40.81151,million_rupiah_per_person_constant_2010,derived,m5_real_grdp_pc_adhk2010,m24prov_de3818b738ca6c01659133dd,bps_stable32_province_2018_2025_v1,bps_grdp_per_capita_series2010_adhk,constant_2010_prices,False,False
m24obs_48dbc836b509e5c991784178,real_grdp_per_capita,idn.74,Sulawesi Tenggara,74,2025,Tahun,42.51017,million_rupiah_per_person_constant_2010,derived,m5_real_grdp_pc_adhk2010,m24prov_5eb61e46b3ff5ef90cc17fa4,bps_stable32_province_2018_2025_v1,bps_grdp_per_capita_series2010_adhk,constant_2010_prices,False,False
m24obs_e6ee2b233f39f43d70ae35c7,real_grdp_per_capita,idn.75,Gorontalo,75,2018,Tahun,22.53855,million_rupiah_per_person_constant_2010,derived,m5_real_grdp_pc_adhk2010,m24prov_559d6d40168ac9640716be7a,bps_stable32_province_2018_2025_v1,bps_grdp_per_capita_series2010_adhk,constant_2010_prices,False,False
m24obs_10826c5a3de5d5536e19d2d5,real_grdp_per_capita,idn.75,Gorontalo,75,2019,Tahun,24.16756,million_rupiah_per_person_constant_2010,derived,m5_real_grdp_pc_adhk2010,m24prov_43bc8b0538ba1677cc32bf07,bps_stable32_province_2018_2025_v1,bps_grdp_per_capita_series2010_adhk,constant_2010_prices,False,False
m24obs_6972019cee031a39196405e5,real_grdp_per_capita,idn.75,Gorontalo,75,2020,Tahun,24.31338,million_rupiah_per_person_constant_2010,derived,m5_real_grdp_pc_adhk2010,m24prov_11b8b831036956b9bff39646,bps_stable32_province_2018_2025_v1,bps_grdp_per_capita_series2010_adhk,constant_2010_prices,False,False
m24obs_578c0995eb850d749845f15b,real_grdp_per_capita,idn.75,Gorontalo,75,2021,Tahun,24.59417,million_rupiah_per_person_constant_2010,derived,m5_real_grdp_pc_adhk2010,m24prov_27bcc805ee3bed195d57fb4e,bps_stable32_province_2018_2025_v1,bps_grdp_per_capita_series2010_adhk,constant_2010_prices,False,False
m24obs_61b16d85155e4a43380875e4,real_grdp_per_capita,idn.75,Gorontalo,75,2022,Tahun,25.26851,million_rupiah_per_person_constant_2010,derived,m5_real_grdp_pc_adhk2010,m24prov_05cc291a7d6b5ef969648f5c,bps_stable32_province_2018_2025_v1,bps_grdp_per_capita_series2010_adhk,constant_2010_prices,False,False
m24obs_ff292cc2352856cabd2f4f3a,real_grdp_per_capita,idn.75,Gorontalo,75,2023,Tahun,26.0833,million_rupiah_per_person_constant_2010,derived,m5_real_grdp_pc_adhk2010,m24prov_f60162d4ee96a69ff7a61aec,bps_stable32_province_2018_2025_v1,bps_grdp_per_capita_series2010_adhk,constant_2010_prices,False,False
m24obs_297ac27a7a7c27915ceaf524,real_grdp_per_capita,idn.75,Gorontalo,75,2024,Tahun,26.83833,million_rupiah_per_person_constant_2010,derived,m5_real_grdp_pc_adhk2010,m24prov_de3818b738ca6c01659133dd,bps_stable32_province_2018_2025_v1,bps_grdp_per_capita_series2010_adhk,constant_2010_prices,False,False
m24obs_a51dd85be8ba82dc24016b32,real_grdp_per_capita,idn.75,Gorontalo,75,2025,Tahun,28.0417,million_rupiah_per_person_constant_2010,derived,m5_real_grdp_pc_adhk2010,m24prov_5eb61e46b3ff5ef90cc17fa4,bps_stable32_province_2018_2025_v1,bps_grdp_per_capita_series2010_adhk,constant_2010_prices,False,False
m24obs_5f059862e2d5a9466ab9e40f,real_grdp_per_capita,idn.76,Sulawesi Barat,76,2018,Tahun,22.95308,million_rupiah_per_person_constant_2010,derived,m5_real_grdp_pc_adhk2010,m24prov_559d6d40168ac9640716be7a,bps_stable32_province_2018_2025_v1,bps_grdp_per_capita_series2010_adhk,constant_2010_prices,False,False
m24obs_06eedd3ef45e48ebfd327ff9,real_grdp_per_capita,idn.76,Sulawesi Barat,76,2019,Tahun,24.16356,million_rupiah_per_person_constant_2010,derived,m5_real_grdp_pc_adhk2010,m24prov_43bc8b0538ba1677cc32bf07,bps_stable32_province_2018_2025_v1,bps_grdp_per_capita_series2010_adhk,constant_2010_prices,False,False
m24obs_f1e7bdfaf470480746a92bb8,real_grdp_per_capita,idn.76,Sulawesi Barat,76,2020,Tahun,22.66622,million_rupiah_per_person_constant_2010,derived,m5_real_grdp_pc_adhk2010,m24prov_11b8b831036956b9bff39646,bps_stable32_province_2018_2025_v1,bps_grdp_per_capita_series2010_adhk,constant_2010_prices,False,False
m24obs_e2c76e0bf7673429d58eafc1,real_grdp_per_capita,idn.76,Sulawesi Barat,76,2021,Tahun,22.89821,million_rupiah_per_person_constant_2010,derived,m5_real_grdp_pc_adhk2010,m24prov_27bcc805ee3bed195d57fb4e,bps_stable32_province_2018_2025_v1,bps_grdp_per_capita_series2010_adhk,constant_2010_prices,False,False
m24obs_caffd92d84046a185cc114ad,real_grdp_per_capita,idn.76,Sulawesi Barat,76,2022,Tahun,23.06066,million_rupiah_per_person_constant_2010,derived,m5_real_grdp_pc_adhk2010,m24prov_05cc291a7d6b5ef969648f5c,bps_stable32_province_2018_2025_v1,bps_grdp_per_capita_series2010_adhk,constant_2010_prices,False,False
m24obs_30ec60a78aaf44480085cffa,real_grdp_per_capita,idn.76,Sulawesi Barat,76,2023,Tahun,23.9032,million_rupiah_per_person_constant_2010,derived,m5_real_grdp_pc_adhk2010,m24prov_f60162d4ee96a69ff7a61aec,bps_stable32_province_2018_2025_v1,bps_grdp_per_capita_series2010_adhk,constant_2010_prices,False,False
m24obs_c4a00ed024c35f99c56c7974,real_grdp_per_capita,idn.76,Sulawesi Barat,76,2024,Tahun,24.67179,million_rupiah_per_person_constant_2010,derived,m5_real_grdp_pc_adhk2010,m24prov_de3818b738ca6c01659133dd,bps_stable32_province_2018_2025_v1,bps_grdp_per_capita_series2010_adhk,constant_2010_prices,False,False
m24obs_8f0d9efa7d5e0ddf75570d0d,real_grdp_per_capita,idn.76,Sulawesi Barat,76,2025,Tahun,25.61779,million_rupiah_per_person_constant_2010,derived,m5_real_grdp_pc_adhk2010,m24prov_5eb61e46b3ff5ef90cc17fa4,bps_stable32_province_2018_2025_v1,bps_grdp_per_capita_series2010_adhk,constant_2010_prices,False,False
m24obs_9d1c368938f772b5982d2e3a,real_grdp_per_capita,idn.81,Maluku,81,2018,Tahun,16.60702,million_rupiah_per_person_constant_2010,derived,m5_real_grdp_pc_adhk2010,m24prov_559d6d40168ac9640716be7a,bps_stable32_province_2018_2025_v1,bps_grdp_per_capita_series2010_adhk,constant_2010_prices,False,False
m24obs_086613ffe7590f0af747158e,real_grdp_per_capita,idn.81,Maluku,81,2019,Tahun,17.55686,million_rupiah_per_person_constant_2010,derived,m5_real_grdp_pc_adhk2010,m24prov_43bc8b0538ba1677cc32bf07,bps_stable32_province_2018_2025_v1,bps_grdp_per_capita_series2010_adhk,constant_2010_prices,False,False
m24obs_1b4f77b965e95694884e78d9,real_grdp_per_capita,idn.81,Maluku,81,2020,Tahun,16.68812,million_rupiah_per_person_constant_2010,derived,m5_real_grdp_pc_adhk2010,m24prov_11b8b831036956b9bff39646,bps_stable32_province_2018_2025_v1,bps_grdp_per_capita_series2010_adhk,constant_2010_prices,False,False
m24obs_e35573e33640a780fc1ff86f,real_grdp_per_capita,idn.81,Maluku,81,2021,Tahun,17.05315,million_rupiah_per_person_constant_2010,derived,m5_real_grdp_pc_adhk2010,m24prov_27bcc805ee3bed195d57fb4e,bps_stable32_province_2018_2025_v1,bps_grdp_per_capita_series2010_adhk,constant_2010_prices,False,False
m24obs_baf09fb5fe729da69d09a134,real_grdp_per_capita,idn.81,Maluku,81,2022,Tahun,17.7171,million_rupiah_per_person_constant_2010,derived,m5_real_grdp_pc_adhk2010,m24prov_05cc291a7d6b5ef969648f5c,bps_stable32_province_2018_2025_v1,bps_grdp_per_capita_series2010_adhk,constant_2010_prices,False,False
m24obs_f4ff30c7a8105e3076973cdc,real_grdp_per_capita,idn.81,Maluku,81,2023,Tahun,18.39292,million_rupiah_per_person_constant_2010,derived,m5_real_grdp_pc_adhk2010,m24prov_f60162d4ee96a69ff7a61aec,bps_stable32_province_2018_2025_v1,bps_grdp_per_capita_series2010_adhk,constant_2010_prices,False,False
m24obs_f587e558f3d013d0c8cda452,real_grdp_per_capita,idn.81,Maluku,81,2024,Tahun,19.12476,million_rupiah_per_person_constant_2010,derived,m5_real_grdp_pc_adhk2010,m24prov_de3818b738ca6c01659133dd,bps_stable32_province_2018_2025_v1,bps_grdp_per_capita_series2010_adhk,constant_2010_prices,False,False
m24obs_d43064331481932c73499ffd,real_grdp_per_capita,idn.81,Maluku,81,2025,Tahun,19.74362,million_rupiah_per_person_constant_2010,derived,m5_real_grdp_pc_adhk2010,m24prov_5eb61e46b3ff5ef90cc17fa4,bps_stable32_province_2018_2025_v1,bps_grdp_per_capita_series2010_adhk,constant_2010_prices,False,False
m24obs_927fd809fa196e1dea507836,real_grdp_per_capita,idn.82,Maluku Utara,82,2018,Tahun,20.30945,million_rupiah_per_person_constant_2010,derived,m5_real_grdp_pc_adhk2010,m24prov_559d6d40168ac9640716be7a,bps_stable32_province_2018_2025_v1,bps_grdp_per_capita_series2010_adhk,constant_2010_prices,False,False
m24obs_bd068c8e180b1fdd0497b56c,real_grdp_per_capita,idn.82,Maluku Utara,82,2019,Tahun,21.52499,million_rupiah_per_person_constant_2010,derived,m5_real_grdp_pc_adhk2010,m24prov_43bc8b0538ba1677cc32bf07,bps_stable32_province_2018_2025_v1,bps_grdp_per_capita_series2010_adhk,constant_2010_prices,False,False
m24obs_bfb45ed31d38465053f49e2a,real_grdp_per_capita,idn.82,Maluku Utara,82,2020,Tahun,21.91503,million_rupiah_per_person_constant_2010,derived,m5_real_grdp_pc_adhk2010,m24prov_11b8b831036956b9bff39646,bps_stable32_province_2018_2025_v1,bps_grdp_per_capita_series2010_adhk,constant_2010_prices,False,False
m24obs_d463177a32963683f976649f,real_grdp_per_capita,idn.82,Maluku Utara,82,2021,Tahun,25.19072,million_rupiah_per_person_constant_2010,derived,m5_real_grdp_pc_adhk2010,m24prov_27bcc805ee3bed195d57fb4e,bps_stable32_province_2018_2025_v1,bps_grdp_per_capita_series2010_adhk,constant_2010_prices,False,False
m24obs_6420aa48427da200748c52a1,real_grdp_per_capita,idn.82,Maluku Utara,82,2022,Tahun,30.52649,million_rupiah_per_person_constant_2010,derived,m5_real_grdp_pc_adhk2010,m24prov_05cc291a7d6b5ef969648f5c,bps_stable32_province_2018_2025_v1,bps_grdp_per_capita_series2010_adhk,constant_2010_prices,False,False
m24obs_15f82030baa4745a2e3a7599,real_grdp_per_capita,idn.82,Maluku Utara,82,2023,Tahun,36.59238,million_rupiah_per_person_constant_2010,derived,m5_real_grdp_pc_adhk2010,m24prov_f60162d4ee96a69ff7a61aec,bps_stable32_province_2018_2025_v1,bps_grdp_per_capita_series2010_adhk,constant_2010_prices,False,False
m24obs_c6390c2dcf803a53da2ba760,real_grdp_per_capita,idn.82,Maluku Utara,82,2024,Tahun,41.11836,million_rupiah_per_person_constant_2010,derived,m5_real_grdp_pc_adhk2010,m24prov_de3818b738ca6c01659133dd,bps_stable32_province_2018_2025_v1,bps_grdp_per_capita_series2010_adhk,constant_2010_prices,False,False
m24obs_d09bf16a39f00d862824a2e9,real_grdp_per_capita,idn.82,Maluku Utara,82,2025,Tahun,54.43949,million_rupiah_per_person_constant_2010,derived,m5_real_grdp_pc_adhk2010,m24prov_5eb61e46b3ff5ef90cc17fa4,bps_stable32_province_2018_2025_v1,bps_grdp_per_capita_series2010_adhk,constant_2010_prices,False,False
m24obs_663f17a1008de977c14f7df4,underemployment_rate,idn.11,Aceh,11,2018,source_annual_period,11.3,percent,observed,m5_underemployment_source_period,m24prov_9fbaa0be10f4fa3953b59996,bps_stable32_province_2018_2025_v1,sakernas_underemployment_source_period_current38,,False,False
m24obs_202db043420c1cdcd6fa94eb,underemployment_rate,idn.11,Aceh,11,2019,source_annual_period,12.38,percent,observed,m5_underemployment_source_period,m24prov_ae985fc9d0509f77b5cee0a8,bps_stable32_province_2018_2025_v1,sakernas_underemployment_source_period_current38,,False,False
m24obs_8ed45725a4fb6da486f88f87,underemployment_rate,idn.11,Aceh,11,2020,source_annual_period,16.18,percent,observed,m5_underemployment_source_period,m24prov_f1fdb26a8bffb0bba5d2a984,bps_stable32_province_2018_2025_v1,sakernas_underemployment_source_period_current38,,False,False
m24obs_3d3b8e986a9bd5356f05f295,underemployment_rate,idn.11,Aceh,11,2021,source_annual_period,13.16,percent,observed,m5_underemployment_source_period,m24prov_6c537e674be8f43d677580bc,bps_stable32_province_2018_2025_v1,sakernas_underemployment_source_period_current38,,False,False
m24obs_d70ba7f915c8149a967b74a1,underemployment_rate,idn.11,Aceh,11,2022,source_annual_period,10.46,percent,observed,m5_underemployment_source_period,m24prov_e7b5936467911c5a92d3e80c,bps_stable32_province_2018_2025_v1,sakernas_underemployment_source_period_current38,,False,False
m24obs_fb7e47544d6cb2abbae0d05d,underemployment_rate,idn.11,Aceh,11,2023,source_annual_period,10.49,percent,observed,m5_underemployment_source_period,m24prov_6f0bb43456035520177ce5c4,bps_stable32_province_2018_2025_v1,sakernas_underemployment_source_period_current38,,False,False
m24obs_5d5578c0591dbb6a37fdac54,underemployment_rate,idn.11,Aceh,11,2024,source_annual_period,13.79,percent,observed,m5_underemployment_source_period,m24prov_5d566b55a746582520c84604,bps_stable32_province_2018_2025_v1,sakernas_underemployment_source_period_current38,,False,False
m24obs_87b1ca4bb61fc20f2c8561eb,underemployment_rate,idn.11,Aceh,11,2025,source_annual_period,13.83,percent,observed,m5_underemployment_source_period,m24prov_cd9b7ab9b641726502141282,bps_stable32_province_2018_2025_v1,sakernas_underemployment_source_period_current38,,False,False
m24obs_28a43291982856c79a61e236,underemployment_rate,idn.12,Sumatera Utara,12,2018,source_annual_period,8.42,percent,observed,m5_underemployment_source_period,m24prov_9fbaa0be10f4fa3953b59996,bps_stable32_province_2018_2025_v1,sakernas_underemployment_source_period_current38,,False,False
m24obs_abdbe56fc3ab76e1e800a235,underemployment_rate,idn.12,Sumatera Utara,12,2019,source_annual_period,7.68,percent,observed,m5_underemployment_source_period,m24prov_ae985fc9d0509f77b5cee0a8,bps_stable32_province_2018_2025_v1,sakernas_underemployment_source_period_current38,,False,False
m24obs_9e35ebcf8307c05f063ae5c3,underemployment_rate,idn.12,Sumatera Utara,12,2020,source_annual_period,10.43,percent,observed,m5_underemployment_source_period,m24prov_f1fdb26a8bffb0bba5d2a984,bps_stable32_province_2018_2025_v1,sakernas_underemployment_source_period_current38,,False,False
m24obs_f8e40e9ab89042762cf94099,underemployment_rate,idn.12,Sumatera Utara,12,2021,source_annual_period,9.67,percent,observed,m5_underemployment_source_period,m24prov_6c537e674be8f43d677580bc,bps_stable32_province_2018_2025_v1,sakernas_underemployment_source_period_current38,,False,False
m24obs_1759e831068205a743fc547e,underemployment_rate,idn.12,Sumatera Utara,12,2022,source_annual_period,6.83,percent,observed,m5_underemployment_source_period,m24prov_e7b5936467911c5a92d3e80c,bps_stable32_province_2018_2025_v1,sakernas_underemployment_source_period_current38,,False,False
m24obs_48c4a4562499cb0f4cc0f237,underemployment_rate,idn.12,Sumatera Utara,12,2023,source_annual_period,6.73,percent,observed,m5_underemployment_source_period,m24prov_6f0bb43456035520177ce5c4,bps_stable32_province_2018_2025_v1,sakernas_underemployment_source_period_current38,,False,False
m24obs_cecb0947d753cd745d73ba81,underemployment_rate,idn.12,Sumatera Utara,12,2024,source_annual_period,8.71,percent,observed,m5_underemployment_source_period,m24prov_5d566b55a746582520c84604,bps_stable32_province_2018_2025_v1,sakernas_underemployment_source_period_current38,,False,False
m24obs_f50a11085859ff57e2329c59,underemployment_rate,idn.12,Sumatera Utara,12,2025,source_annual_period,9.05,percent,observed,m5_underemployment_source_period,m24prov_cd9b7ab9b641726502141282,bps_stable32_province_2018_2025_v1,sakernas_underemployment_source_period_current38,,False,False
m24obs_4bf0026755d1ec9043afdeb4,underemployment_rate,idn.13,Sumatera Barat,13,2018,source_annual_period,9.74,percent,observed,m5_underemployment_source_period,m24prov_9fbaa0be10f4fa3953b59996,bps_stable32_province_2018_2025_v1,sakernas_underemployment_source_period_current38,,False,False
m24obs_0a4e0be32b65762fb263f94d,underemployment_rate,idn.13,Sumatera Barat,13,2019,source_annual_period,9.2,percent,observed,m5_underemployment_source_period,m24prov_ae985fc9d0509f77b5cee0a8,bps_stable32_province_2018_2025_v1,sakernas_underemployment_source_period_current38,,False,False
m24obs_494a72042ca3affab573c26a,underemployment_rate,idn.13,Sumatera Barat,13,2020,source_annual_period,12.93,percent,observed,m5_underemployment_source_period,m24prov_f1fdb26a8bffb0bba5d2a984,bps_stable32_province_2018_2025_v1,sakernas_underemployment_source_period_current38,,False,False
m24obs_6d4da640df227e2d0a7c73ce,underemployment_rate,idn.13,Sumatera Barat,13,2021,source_annual_period,10.28,percent,observed,m5_underemployment_source_period,m24prov_6c537e674be8f43d677580bc,bps_stable32_province_2018_2025_v1,sakernas_underemployment_source_period_current38,,False,False
m24obs_7f5e9f170546527045793cb8,underemployment_rate,idn.13,Sumatera Barat,13,2022,source_annual_period,8.68,percent,observed,m5_underemployment_source_period,m24prov_e7b5936467911c5a92d3e80c,bps_stable32_province_2018_2025_v1,sakernas_underemployment_source_period_current38,,False,False
m24obs_29ab4804ffbdf5745d0ba29c,underemployment_rate,idn.13,Sumatera Barat,13,2023,source_annual_period,9.81,percent,observed,m5_underemployment_source_period,m24prov_6f0bb43456035520177ce5c4,bps_stable32_province_2018_2025_v1,sakernas_underemployment_source_period_current38,,False,False
m24obs_e17ca90b79f516c6098994bc,underemployment_rate,idn.13,Sumatera Barat,13,2024,source_annual_period,11.11,percent,observed,m5_underemployment_source_period,m24prov_5d566b55a746582520c84604,bps_stable32_province_2018_2025_v1,sakernas_underemployment_source_period_current38,,False,False
m24obs_dfedd00eff8fcfdff534e222,underemployment_rate,idn.13,Sumatera Barat,13,2025,source_annual_period,10.69,percent,observed,m5_underemployment_source_period,m24prov_cd9b7ab9b641726502141282,bps_stable32_province_2018_2025_v1,sakernas_underemployment_source_period_current38,,False,False
m24obs_ca86a5db4ed293d9dbd2a14c,underemployment_rate,idn.14,Riau,14,2018,source_annual_period,8.57,percent,observed,m5_underemployment_source_period,m24prov_9fbaa0be10f4fa3953b59996,bps_stable32_province_2018_2025_v1,sakernas_underemployment_source_period_current38,,False,False
m24obs_c0ed1327fcd36b09088eca21,underemployment_rate,idn.14,Riau,14,2019,source_annual_period,8.29,percent,observed,m5_underemployment_source_period,m24prov_ae985fc9d0509f77b5cee0a8,bps_stable32_province_2018_2025_v1,sakernas_underemployment_source_period_current38,,False,False
m24obs_7409759ac106980824eaf725,underemployment_rate,idn.14,Riau,14,2020,source_annual_period,11.87,percent,observed,m5_underemployment_source_period,m24prov_f1fdb26a8bffb0bba5d2a984,bps_stable32_province_2018_2025_v1,sakernas_underemployment_source_period_current38,,False,False
m24obs_bcf35ad1edc0a99e3f2fa604,underemployment_rate,idn.14,Riau,14,2021,source_annual_period,9.95,percent,observed,m5_underemployment_source_period,m24prov_6c537e674be8f43d677580bc,bps_stable32_province_2018_2025_v1,sakernas_underemployment_source_period_current38,,False,False
m24obs_1859f6336ec65eed0aa72927,underemployment_rate,idn.14,Riau,14,2022,source_annual_period,7.42,percent,observed,m5_underemployment_source_period,m24prov_e7b5936467911c5a92d3e80c,bps_stable32_province_2018_2025_v1,sakernas_underemployment_source_period_current38,,False,False
m24obs_066316f18f93611e390b627d,underemployment_rate,idn.14,Riau,14,2023,source_annual_period,8.03,percent,observed,m5_underemployment_source_period,m24prov_6f0bb43456035520177ce5c4,bps_stable32_province_2018_2025_v1,sakernas_underemployment_source_period_current38,,False,False
m24obs_4f03b7224ef075fd6e486bf7,underemployment_rate,idn.14,Riau,14,2024,source_annual_period,9.12,percent,observed,m5_underemployment_source_period,m24prov_5d566b55a746582520c84604,bps_stable32_province_2018_2025_v1,sakernas_underemployment_source_period_current38,,False,False
m24obs_db7422beb1c737885fcaaecc,underemployment_rate,idn.14,Riau,14,2025,source_annual_period,8.98,percent,observed,m5_underemployment_source_period,m24prov_cd9b7ab9b641726502141282,bps_stable32_province_2018_2025_v1,sakernas_underemployment_source_period_current38,,False,False
m24obs_fd72c1f5d501cb137445027d,underemployment_rate,idn.15,Jambi,15,2018,source_annual_period,7.43,percent,observed,m5_underemployment_source_period,m24prov_9fbaa0be10f4fa3953b59996,bps_stable32_province_2018_2025_v1,sakernas_underemployment_source_period_current38,,False,False
m24obs_0a81277fcee531011688a187,underemployment_rate,idn.15,Jambi,15,2019,source_annual_period,8.57,percent,observed,m5_underemployment_source_period,m24prov_ae985fc9d0509f77b5cee0a8,bps_stable32_province_2018_2025_v1,sakernas_underemployment_source_period_current38,,False,False
m24obs_7ccf9f0da7190f05df632528,underemployment_rate,idn.15,Jambi,15,2020,source_annual_period,11.25,percent,observed,m5_underemployment_source_period,m24prov_f1fdb26a8bffb0bba5d2a984,bps_stable32_province_2018_2025_v1,sakernas_underemployment_source_period_current38,,False,False
m24obs_966eb35be2aebff788580b33,underemployment_rate,idn.15,Jambi,15,2021,source_annual_period,9.75,percent,observed,m5_underemployment_source_period,m24prov_6c537e674be8f43d677580bc,bps_stable32_province_2018_2025_v1,sakernas_underemployment_source_period_current38,,False,False
m24obs_56c4527cce3c3a1af687b826,underemployment_rate,idn.15,Jambi,15,2022,source_annual_period,7.46,percent,observed,m5_underemployment_source_period,m24prov_e7b5936467911c5a92d3e80c,bps_stable32_province_2018_2025_v1,sakernas_underemployment_source_period_current38,,False,False
m24obs_7dadc06fba5f167c3068b053,underemployment_rate,idn.15,Jambi,15,2023,source_annual_period,9.26,percent,observed,m5_underemployment_source_period,m24prov_6f0bb43456035520177ce5c4,bps_stable32_province_2018_2025_v1,sakernas_underemployment_source_period_current38,,False,False
m24obs_0425783aeca9c56b35167820,underemployment_rate,idn.15,Jambi,15,2024,source_annual_period,8.43,percent,observed,m5_underemployment_source_period,m24prov_5d566b55a746582520c84604,bps_stable32_province_2018_2025_v1,sakernas_underemployment_source_period_current38,,False,False
m24obs_0a6e329e0c29aec5b3715784,underemployment_rate,idn.15,Jambi,15,2025,source_annual_period,9.27,percent,observed,m5_underemployment_source_period,m24prov_cd9b7ab9b641726502141282,bps_stable32_province_2018_2025_v1,sakernas_underemployment_source_period_current38,,False,False
m24obs_48dc852f98886028c03bf405,underemployment_rate,idn.16,Sumatera Selatan,16,2018,source_annual_period,8.33,percent,observed,m5_underemployment_source_period,m24prov_9fbaa0be10f4fa3953b59996,bps_stable32_province_2018_2025_v1,sakernas_underemployment_source_period_current38,,False,False
m24obs_5c143afe127a39d28cada905,underemployment_rate,idn.16,Sumatera Selatan,16,2019,source_annual_period,9.22,percent,observed,m5_underemployment_source_period,m24prov_ae985fc9d0509f77b5cee0a8,bps_stable32_province_2018_2025_v1,sakernas_underemployment_source_period_current38,,False,False
m24obs_db8e93883a94286583cebeca,underemployment_rate,idn.16,Sumatera Selatan,16,2020,source_annual_period,12.98,percent,observed,m5_underemployment_source_period,m24prov_f1fdb26a8bffb0bba5d2a984,bps_stable32_province_2018_2025_v1,sakernas_underemployment_source_period_current38,,False,False
m24obs_74fe108c0b59b7af86139051,underemployment_rate,idn.16,Sumatera Selatan,16,2021,source_annual_period,10.93,percent,observed,m5_underemployment_source_period,m24prov_6c537e674be8f43d677580bc,bps_stable32_province_2018_2025_v1,sakernas_underemployment_source_period_current38,,False,False
m24obs_cecc34605a5e2fe032c053d1,underemployment_rate,idn.16,Sumatera Selatan,16,2022,source_annual_period,7.08,percent,observed,m5_underemployment_source_period,m24prov_e7b5936467911c5a92d3e80c,bps_stable32_province_2018_2025_v1,sakernas_underemployment_source_period_current38,,False,False
m24obs_8e16ffc77a8f8c87ef6dad6c,underemployment_rate,idn.16,Sumatera Selatan,16,2023,source_annual_period,8.46,percent,observed,m5_underemployment_source_period,m24prov_6f0bb43456035520177ce5c4,bps_stable32_province_2018_2025_v1,sakernas_underemployment_source_period_current38,,False,False
m24obs_483060fd5f023149a380febb,underemployment_rate,idn.16,Sumatera Selatan,16,2024,source_annual_period,9.83,percent,observed,m5_underemployment_source_period,m24prov_5d566b55a746582520c84604,bps_stable32_province_2018_2025_v1,sakernas_underemployment_source_period_current38,,False,False
m24obs_9334d7d450f11da7a233ac9a,underemployment_rate,idn.16,Sumatera Selatan,16,2025,source_annual_period,8.98,percent,observed,m5_underemployment_source_period,m24prov_cd9b7ab9b641726502141282,bps_stable32_province_2018_2025_v1,sakernas_underemployment_source_period_current38,,False,False
m24obs_a3db84f499bd26d3bde8a21b,underemployment_rate,idn.17,Bengkulu,17,2018,source_annual_period,8.32,percent,observed,m5_underemployment_source_period,m24prov_9fbaa0be10f4fa3953b59996,bps_stable32_province_2018_2025_v1,sakernas_underemployment_source_period_current38,,False,False
m24obs_6fa35b16903fdfa1503f4e95,underemployment_rate,idn.17,Bengkulu,17,2019,source_annual_period,10.12,percent,observed,m5_underemployment_source_period,m24prov_ae985fc9d0509f77b5cee0a8,bps_stable32_province_2018_2025_v1,sakernas_underemployment_source_period_current38,,False,False
m24obs_902cc4e9a48263afece2a74b,underemployment_rate,idn.17,Bengkulu,17,2020,source_annual_period,13.09,percent,observed,m5_underemployment_source_period,m24prov_f1fdb26a8bffb0bba5d2a984,bps_stable32_province_2018_2025_v1,sakernas_underemployment_source_period_current38,,False,False
m24obs_e6fc404ecf2c7557e29f9ab9,underemployment_rate,idn.17,Bengkulu,17,2021,source_annual_period,11.16,percent,observed,m5_underemployment_source_period,m24prov_6c537e674be8f43d677580bc,bps_stable32_province_2018_2025_v1,sakernas_underemployment_source_period_current38,,False,False
m24obs_55e94d8bfab518d5b0c48f62,underemployment_rate,idn.17,Bengkulu,17,2022,source_annual_period,8.02,percent,observed,m5_underemployment_source_period,m24prov_e7b5936467911c5a92d3e80c,bps_stable32_province_2018_2025_v1,sakernas_underemployment_source_period_current38,,False,False
m24obs_ba3aeb8c84bbbc69e2d1a136,underemployment_rate,idn.17,Bengkulu,17,2023,source_annual_period,9.31,percent,observed,m5_underemployment_source_period,m24prov_6f0bb43456035520177ce5c4,bps_stable32_province_2018_2025_v1,sakernas_underemployment_source_period_current38,,False,False
m24obs_75bebeed3737066079d68b91,underemployment_rate,idn.17,Bengkulu,17,2024,source_annual_period,10.05,percent,observed,m5_underemployment_source_period,m24prov_5d566b55a746582520c84604,bps_stable32_province_2018_2025_v1,sakernas_underemployment_source_period_current38,,False,False
m24obs_b36a3d29412df4dd427f8207,underemployment_rate,idn.17,Bengkulu,17,2025,source_annual_period,9.71,percent,observed,m5_underemployment_source_period,m24prov_cd9b7ab9b641726502141282,bps_stable32_province_2018_2025_v1,sakernas_underemployment_source_period_current38,,False,False
m24obs_905f89e04d451af811f0aaa8,underemployment_rate,idn.18,Lampung,18,2018,source_annual_period,9.3,percent,observed,m5_underemployment_source_period,m24prov_9fbaa0be10f4fa3953b59996,bps_stable32_province_2018_2025_v1,sakernas_underemployment_source_period_current38,,False,False
m24obs_bffbb4b0b731d9349e22b71b,underemployment_rate,idn.18,Lampung,18,2019,source_annual_period,8.66,percent,observed,m5_underemployment_source_period,m24prov_ae985fc9d0509f77b5cee0a8,bps_stable32_province_2018_2025_v1,sakernas_underemployment_source_period_current38,,False,False
m24obs_8f529669c233b9b5866972d8,underemployment_rate,idn.18,Lampung,18,2020,source_annual_period,13.18,percent,observed,m5_underemployment_source_period,m24prov_f1fdb26a8bffb0bba5d2a984,bps_stable32_province_2018_2025_v1,sakernas_underemployment_source_period_current38,,False,False
m24obs_6ee8f70bbb578a93122e1ec3,underemployment_rate,idn.18,Lampung,18,2021,source_annual_period,10.33,percent,observed,m5_underemployment_source_period,m24prov_6c537e674be8f43d677580bc,bps_stable32_province_2018_2025_v1,sakernas_underemployment_source_period_current38,,False,False
m24obs_88a39b0559308434978d9ee8,underemployment_rate,idn.18,Lampung,18,2022,source_annual_period,6.92,percent,observed,m5_underemployment_source_period,m24prov_e7b5936467911c5a92d3e80c,bps_stable32_province_2018_2025_v1,sakernas_underemployment_source_period_current38,,False,False
m24obs_30abf0c6c4249a5b8d9633b7,underemployment_rate,idn.18,Lampung,18,2023,source_annual_period,8.51,percent,observed,m5_underemployment_source_period,m24prov_6f0bb43456035520177ce5c4,bps_stable32_province_2018_2025_v1,sakernas_underemployment_source_period_current38,,False,False
m24obs_282c08c033ab5b7a63bf95ff,underemployment_rate,idn.18,Lampung,18,2024,source_annual_period,9.63,percent,observed,m5_underemployment_source_period,m24prov_5d566b55a746582520c84604,bps_stable32_province_2018_2025_v1,sakernas_underemployment_source_period_current38,,False,False
m24obs_7b9b7a7650f1a9692829eb21,underemployment_rate,idn.18,Lampung,18,2025,source_annual_period,11.29,percent,observed,m5_underemployment_source_period,m24prov_cd9b7ab9b641726502141282,bps_stable32_province_2018_2025_v1,sakernas_underemployment_source_period_current38,,False,False
m24obs_18297f4a73e986b4b8d95634,underemployment_rate,idn.19,Kepulauan Bangka Belitung,19,2018,source_annual_period,5.92,percent,observed,m5_underemployment_source_period,m24prov_9fbaa0be10f4fa3953b59996,bps_stable32_province_2018_2025_v1,sakernas_underemployment_source_period_current38,,False,False
m24obs_8a9a514d4704cf6102a6e61d,underemployment_rate,idn.19,Kepulauan Bangka Belitung,19,2019,source_annual_period,6.25,percent,observed,m5_underemployment_source_period,m24prov_ae985fc9d0509f77b5cee0a8,bps_stable32_province_2018_2025_v1,sakernas_underemployment_source_period_current38,,False,False
m24obs_4239344b5bfd164e1a7fa57d,underemployment_rate,idn.19,Kepulauan Bangka Belitung,19,2020,source_annual_period,9.11,percent,observed,m5_underemployment_source_period,m24prov_f1fdb26a8bffb0bba5d2a984,bps_stable32_province_2018_2025_v1,sakernas_underemployment_source_period_current38,,False,False
m24obs_f606a7c8b577bc8658775e99,underemployment_rate,idn.19,Kepulauan Bangka Belitung,19,2021,source_annual_period,6.05,percent,observed,m5_underemployment_source_period,m24prov_6c537e674be8f43d677580bc,bps_stable32_province_2018_2025_v1,sakernas_underemployment_source_period_current38,,False,False
m24obs_57f9469cf6181a361adc23f5,underemployment_rate,idn.19,Kepulauan Bangka Belitung,19,2022,source_annual_period,3.37,percent,observed,m5_underemployment_source_period,m24prov_e7b5936467911c5a92d3e80c,bps_stable32_province_2018_2025_v1,sakernas_underemployment_source_period_current38,,False,False
m24obs_cdf8e2ed46d90d47f387b01e,underemployment_rate,idn.19,Kepulauan Bangka Belitung,19,2023,source_annual_period,5.35,percent,observed,m5_underemployment_source_period,m24prov_6f0bb43456035520177ce5c4,bps_stable32_province_2018_2025_v1,sakernas_underemployment_source_period_current38,,False,False
m24obs_95acda474c97f738b0ae387d,underemployment_rate,idn.19,Kepulauan Bangka Belitung,19,2024,source_annual_period,7.41,percent,observed,m5_underemployment_source_period,m24prov_5d566b55a746582520c84604,bps_stable32_province_2018_2025_v1,sakernas_underemployment_source_period_current38,,False,False
m24obs_21ea753bed2dc350b523dd43,underemployment_rate,idn.19,Kepulauan Bangka Belitung,19,2025,source_annual_period,7.38,percent,observed,m5_underemployment_source_period,m24prov_cd9b7ab9b641726502141282,bps_stable32_province_2018_2025_v1,sakernas_underemployment_source_period_current38,,False,False
m24obs_309269281d6704e6503f4d74,underemployment_rate,idn.21,Kepulauan Riau,21,2018,source_annual_period,3.81,percent,observed,m5_underemployment_source_period,m24prov_9fbaa0be10f4fa3953b59996,bps_stable32_province_2018_2025_v1,sakernas_underemployment_source_period_current38,,False,False
m24obs_0f432a3500170c6b58affbba,underemployment_rate,idn.21,Kepulauan Riau,21,2019,source_annual_period,2.84,percent,observed,m5_underemployment_source_period,m24prov_ae985fc9d0509f77b5cee0a8,bps_stable32_province_2018_2025_v1,sakernas_underemployment_source_period_current38,,False,False
m24obs_33f8b7793225953041c5f12f,underemployment_rate,idn.21,Kepulauan Riau,21,2020,source_annual_period,5.75,percent,observed,m5_underemployment_source_period,m24prov_f1fdb26a8bffb0bba5d2a984,bps_stable32_province_2018_2025_v1,sakernas_underemployment_source_period_current38,,False,False
m24obs_bb2fe9519436c207595bf186,underemployment_rate,idn.21,Kepulauan Riau,21,2021,source_annual_period,6.17,percent,observed,m5_underemployment_source_period,m24prov_6c537e674be8f43d677580bc,bps_stable32_province_2018_2025_v1,sakernas_underemployment_source_period_current38,,False,False
m24obs_309c3e8e78a6294b356c1b2d,underemployment_rate,idn.21,Kepulauan Riau,21,2022,source_annual_period,4.95,percent,observed,m5_underemployment_source_period,m24prov_e7b5936467911c5a92d3e80c,bps_stable32_province_2018_2025_v1,sakernas_underemployment_source_period_current38,,False,False
m24obs_875583e2aff43b19c237176e,underemployment_rate,idn.21,Kepulauan Riau,21,2023,source_annual_period,4.8,percent,observed,m5_underemployment_source_period,m24prov_6f0bb43456035520177ce5c4,bps_stable32_province_2018_2025_v1,sakernas_underemployment_source_period_current38,,False,False
m24obs_27787db7540d8a0e8fe92629,underemployment_rate,idn.21,Kepulauan Riau,21,2024,source_annual_period,3.91,percent,observed,m5_underemployment_source_period,m24prov_5d566b55a746582520c84604,bps_stable32_province_2018_2025_v1,sakernas_underemployment_source_period_current38,,False,False
m24obs_cabee439b0ef7770b5252c51,underemployment_rate,idn.21,Kepulauan Riau,21,2025,source_annual_period,5.01,percent,observed,m5_underemployment_source_period,m24prov_cd9b7ab9b641726502141282,bps_stable32_province_2018_2025_v1,sakernas_underemployment_source_period_current38,,False,False
m24obs_82efeb245e39e5bb1b981f99,underemployment_rate,idn.31,DKI Jakarta,31,2018,source_annual_period,1.99,percent,observed,m5_underemployment_source_period,m24prov_9fbaa0be10f4fa3953b59996,bps_stable32_province_2018_2025_v1,sakernas_underemployment_source_period_current38,,False,False
m24obs_668678edfbcca948f16f0ba7,underemployment_rate,idn.31,DKI Jakarta,31,2019,source_annual_period,1.89,percent,observed,m5_underemployment_source_period,m24prov_ae985fc9d0509f77b5cee0a8,bps_stable32_province_2018_2025_v1,sakernas_underemployment_source_period_current38,,False,False
m24obs_ea03cdefe89d87900ff3f520,underemployment_rate,idn.31,DKI Jakarta,31,2020,source_annual_period,6.43,percent,observed,m5_underemployment_source_period,m24prov_f1fdb26a8bffb0bba5d2a984,bps_stable32_province_2018_2025_v1,sakernas_underemployment_source_period_current38,,False,False
m24obs_63f22d34450487d4bcc81d85,underemployment_rate,idn.31,DKI Jakarta,31,2021,source_annual_period,6.76,percent,observed,m5_underemployment_source_period,m24prov_6c537e674be8f43d677580bc,bps_stable32_province_2018_2025_v1,sakernas_underemployment_source_period_current38,,False,False
m24obs_209780030f80389a83bb9746,underemployment_rate,idn.31,DKI Jakarta,31,2022,source_annual_period,2.71,percent,observed,m5_underemployment_source_period,m24prov_e7b5936467911c5a92d3e80c,bps_stable32_province_2018_2025_v1,sakernas_underemployment_source_period_current38,,False,False
m24obs_d3f84423a1c43d76bf288642,underemployment_rate,idn.31,DKI Jakarta,31,2023,source_annual_period,2.96,percent,observed,m5_underemployment_source_period,m24prov_6f0bb43456035520177ce5c4,bps_stable32_province_2018_2025_v1,sakernas_underemployment_source_period_current38,,False,False
m24obs_b55f00351a580fe0090dbf97,underemployment_rate,idn.31,DKI Jakarta,31,2024,source_annual_period,3.98,percent,observed,m5_underemployment_source_period,m24prov_5d566b55a746582520c84604,bps_stable32_province_2018_2025_v1,sakernas_underemployment_source_period_current38,,False,False
m24obs_05f75a14f4535fe986d5c3e5,underemployment_rate,idn.31,DKI Jakarta,31,2025,source_annual_period,3.22,percent,observed,m5_underemployment_source_period,m24prov_cd9b7ab9b641726502141282,bps_stable32_province_2018_2025_v1,sakernas_underemployment_source_period_current38,,False,False
m24obs_24c7217043e648688fda844a,underemployment_rate,idn.32,Jawa Barat,32,2018,source_annual_period,5.39,percent,observed,m5_underemployment_source_period,m24prov_9fbaa0be10f4fa3953b59996,bps_stable32_province_2018_2025_v1,sakernas_underemployment_source_period_current38,,False,False
m24obs_9dc41cfb29002868a7d75660,underemployment_rate,idn.32,Jawa Barat,32,2019,source_annual_period,5.52,percent,observed,m5_underemployment_source_period,m24prov_ae985fc9d0509f77b5cee0a8,bps_stable32_province_2018_2025_v1,sakernas_underemployment_source_period_current38,,False,False
m24obs_5ef6989428d5db6b51ec21c3,underemployment_rate,idn.32,Jawa Barat,32,2020,source_annual_period,10.31,percent,observed,m5_underemployment_source_period,m24prov_f1fdb26a8bffb0bba5d2a984,bps_stable32_province_2018_2025_v1,sakernas_underemployment_source_period_current38,,False,False
m24obs_b441aa82e15a53143c72c051,underemployment_rate,idn.32,Jawa Barat,32,2021,source_annual_period,8.8,percent,observed,m5_underemployment_source_period,m24prov_6c537e674be8f43d677580bc,bps_stable32_province_2018_2025_v1,sakernas_underemployment_source_period_current38,,False,False
m24obs_5f7b6d6727baab8030ec91db,underemployment_rate,idn.32,Jawa Barat,32,2022,source_annual_period,5.62,percent,observed,m5_underemployment_source_period,m24prov_e7b5936467911c5a92d3e80c,bps_stable32_province_2018_2025_v1,sakernas_underemployment_source_period_current38,,False,False
m24obs_bbd7017fd2b10c886480948e,underemployment_rate,idn.32,Jawa Barat,32,2023,source_annual_period,6.32,percent,observed,m5_underemployment_source_period,m24prov_6f0bb43456035520177ce5c4,bps_stable32_province_2018_2025_v1,sakernas_underemployment_source_period_current38,,False,False
m24obs_d9fb6f3c0acb53052991ab37,underemployment_rate,idn.32,Jawa Barat,32,2024,source_annual_period,7.73,percent,observed,m5_underemployment_source_period,m24prov_5d566b55a746582520c84604,bps_stable32_province_2018_2025_v1,sakernas_underemployment_source_period_current38,,False,False
m24obs_002009c709ed936f85cc7542,underemployment_rate,idn.32,Jawa Barat,32,2025,source_annual_period,8.35,percent,observed,m5_underemployment_source_period,m24prov_cd9b7ab9b641726502141282,bps_stable32_province_2018_2025_v1,sakernas_underemployment_source_period_current38,,False,False
m24obs_cecde9a08c9c3cc58edf4519,underemployment_rate,idn.33,Jawa Tengah,33,2018,source_annual_period,5.19,percent,observed,m5_underemployment_source_period,m24prov_9fbaa0be10f4fa3953b59996,bps_stable32_province_2018_2025_v1,sakernas_underemployment_source_period_current38,,False,False
m24obs_b1002e6cc8d24a03f40cf12a,underemployment_rate,idn.33,Jawa Tengah,33,2019,source_annual_period,5.36,percent,observed,m5_underemployment_source_period,m24prov_ae985fc9d0509f77b5cee0a8,bps_stable32_province_2018_2025_v1,sakernas_underemployment_source_period_current38,,False,False
m24obs_48d215e4ee71d7d7bfc6c5ba,underemployment_rate,idn.33,Jawa Tengah,33,2020,source_annual_period,8.6,percent,observed,m5_underemployment_source_period,m24prov_f1fdb26a8bffb0bba5d2a984,bps_stable32_province_2018_2025_v1,sakernas_underemployment_source_period_current38,,False,False
m24obs_8432ce9999ca654b54051030,underemployment_rate,idn.33,Jawa Tengah,33,2021,source_annual_period,7.23,percent,observed,m5_underemployment_source_period,m24prov_6c537e674be8f43d677580bc,bps_stable32_province_2018_2025_v1,sakernas_underemployment_source_period_current38,,False,False
m24obs_d592429bc505798aa059598b,underemployment_rate,idn.33,Jawa Tengah,33,2022,source_annual_period,5.39,percent,observed,m5_underemployment_source_period,m24prov_e7b5936467911c5a92d3e80c,bps_stable32_province_2018_2025_v1,sakernas_underemployment_source_period_current38,,False,False
m24obs_2494b49ebdfdecc0825dd128,underemployment_rate,idn.33,Jawa Tengah,33,2023,source_annual_period,6.4,percent,observed,m5_underemployment_source_period,m24prov_6f0bb43456035520177ce5c4,bps_stable32_province_2018_2025_v1,sakernas_underemployment_source_period_current38,,False,False
m24obs_79192605be93715e27b51e1f,underemployment_rate,idn.33,Jawa Tengah,33,2024,source_annual_period,7.48,percent,observed,m5_underemployment_source_period,m24prov_5d566b55a746582520c84604,bps_stable32_province_2018_2025_v1,sakernas_underemployment_source_period_current38,,False,False
m24obs_ff754c012eae08b0ab11ce0c,underemployment_rate,idn.33,Jawa Tengah,33,2025,source_annual_period,7,percent,observed,m5_underemployment_source_period,m24prov_cd9b7ab9b641726502141282,bps_stable32_province_2018_2025_v1,sakernas_underemployment_source_period_current38,,False,False
m24obs_06b86a1ec3bb29f4caa8287e,underemployment_rate,idn.34,DI Yogyakarta,34,2018,source_annual_period,4.25,percent,observed,m5_underemployment_source_period,m24prov_9fbaa0be10f4fa3953b59996,bps_stable32_province_2018_2025_v1,sakernas_underemployment_source_period_current38,,False,False
m24obs_90436208922b6cf42632d5fc,underemployment_rate,idn.34,DI Yogyakarta,34,2019,source_annual_period,3.94,percent,observed,m5_underemployment_source_period,m24prov_ae985fc9d0509f77b5cee0a8,bps_stable32_province_2018_2025_v1,sakernas_underemployment_source_period_current38,,False,False
m24obs_01485967e2c9828f10063d42,underemployment_rate,idn.34,DI Yogyakarta,34,2020,source_annual_period,8.04,percent,observed,m5_underemployment_source_period,m24prov_f1fdb26a8bffb0bba5d2a984,bps_stable32_province_2018_2025_v1,sakernas_underemployment_source_period_current38,,False,False
m24obs_b7bdd51d0a15fe8b5dc07113,underemployment_rate,idn.34,DI Yogyakarta,34,2021,source_annual_period,6.37,percent,observed,m5_underemployment_source_period,m24prov_6c537e674be8f43d677580bc,bps_stable32_province_2018_2025_v1,sakernas_underemployment_source_period_current38,,False,False
m24obs_a1d80d95b6ad29466f9e10b3,underemployment_rate,idn.34,DI Yogyakarta,34,2022,source_annual_period,4.76,percent,observed,m5_underemployment_source_period,m24prov_e7b5936467911c5a92d3e80c,bps_stable32_province_2018_2025_v1,sakernas_underemployment_source_period_current38,,False,False
m24obs_910d2af3880e8ebd7cc3cf4f,underemployment_rate,idn.34,DI Yogyakarta,34,2023,source_annual_period,5.62,percent,observed,m5_underemployment_source_period,m24prov_6f0bb43456035520177ce5c4,bps_stable32_province_2018_2025_v1,sakernas_underemployment_source_period_current38,,False,False
m24obs_d2db84f238532d319aaad554,underemployment_rate,idn.34,DI Yogyakarta,34,2024,source_annual_period,5.55,percent,observed,m5_underemployment_source_period,m24prov_5d566b55a746582520c84604,bps_stable32_province_2018_2025_v1,sakernas_underemployment_source_period_current38,,False,False
m24obs_b6b96b86814765bc77434be4,underemployment_rate,idn.34,DI Yogyakarta,34,2025,source_annual_period,5.56,percent,observed,m5_underemployment_source_period,m24prov_cd9b7ab9b641726502141282,bps_stable32_province_2018_2025_v1,sakernas_underemployment_source_period_current38,,False,False
m24obs_5e63af86d207074ccff73102,underemployment_rate,idn.35,Jawa Timur,35,2018,source_annual_period,5.79,percent,observed,m5_underemployment_source_period,m24prov_9fbaa0be10f4fa3953b59996,bps_stable32_province_2018_2025_v1,sakernas_underemployment_source_period_current38,,False,False
m24obs_9cedc7e58f10f422e91652e1,underemployment_rate,idn.35,Jawa Timur,35,2019,source_annual_period,5.23,percent,observed,m5_underemployment_source_period,m24prov_ae985fc9d0509f77b5cee0a8,bps_stable32_province_2018_2025_v1,sakernas_underemployment_source_period_current38,,False,False
m24obs_f8886f682ae2e620018da8aa,underemployment_rate,idn.35,Jawa Timur,35,2020,source_annual_period,8.99,percent,observed,m5_underemployment_source_period,m24prov_f1fdb26a8bffb0bba5d2a984,bps_stable32_province_2018_2025_v1,sakernas_underemployment_source_period_current38,,False,False
m24obs_f9ef0eff1e0a658490e1c6b9,underemployment_rate,idn.35,Jawa Timur,35,2021,source_annual_period,7.47,percent,observed,m5_underemployment_source_period,m24prov_6c537e674be8f43d677580bc,bps_stable32_province_2018_2025_v1,sakernas_underemployment_source_period_current38,,False,False
m24obs_b96362362bed7d11150b955d,underemployment_rate,idn.35,Jawa Timur,35,2022,source_annual_period,5.77,percent,observed,m5_underemployment_source_period,m24prov_e7b5936467911c5a92d3e80c,bps_stable32_province_2018_2025_v1,sakernas_underemployment_source_period_current38,,False,False
m24obs_6df70e9c2c671cf6276195f1,underemployment_rate,idn.35,Jawa Timur,35,2023,source_annual_period,5.74,percent,observed,m5_underemployment_source_period,m24prov_6f0bb43456035520177ce5c4,bps_stable32_province_2018_2025_v1,sakernas_underemployment_source_period_current38,,False,False
m24obs_ef1dd7e1772199fa0aa69b34,underemployment_rate,idn.35,Jawa Timur,35,2024,source_annual_period,7.06,percent,observed,m5_underemployment_source_period,m24prov_5d566b55a746582520c84604,bps_stable32_province_2018_2025_v1,sakernas_underemployment_source_period_current38,,False,False
m24obs_b71852f8954450530bf6c768,underemployment_rate,idn.35,Jawa Timur,35,2025,source_annual_period,6.56,percent,observed,m5_underemployment_source_period,m24prov_cd9b7ab9b641726502141282,bps_stable32_province_2018_2025_v1,sakernas_underemployment_source_period_current38,,False,False
m24obs_5eb25f591d1a8b96843eb66b,underemployment_rate,idn.36,Banten,36,2018,source_annual_period,4.23,percent,observed,m5_underemployment_source_period,m24prov_9fbaa0be10f4fa3953b59996,bps_stable32_province_2018_2025_v1,sakernas_underemployment_source_period_current38,,False,False
m24obs_fb08b5d9941857f27baecf0f,underemployment_rate,idn.36,Banten,36,2019,source_annual_period,4.52,percent,observed,m5_underemployment_source_period,m24prov_ae985fc9d0509f77b5cee0a8,bps_stable32_province_2018_2025_v1,sakernas_underemployment_source_period_current38,,False,False
m24obs_05c3b83413433f4a7980b138,underemployment_rate,idn.36,Banten,36,2020,source_annual_period,9.53,percent,observed,m5_underemployment_source_period,m24prov_f1fdb26a8bffb0bba5d2a984,bps_stable32_province_2018_2025_v1,sakernas_underemployment_source_period_current38,,False,False
m24obs_2a92cbe8e95aff0811f36def,underemployment_rate,idn.36,Banten,36,2021,source_annual_period,7.84,percent,observed,m5_underemployment_source_period,m24prov_6c537e674be8f43d677580bc,bps_stable32_province_2018_2025_v1,sakernas_underemployment_source_period_current38,,False,False
m24obs_129d417f12adf9d05792d9b3,underemployment_rate,idn.36,Banten,36,2022,source_annual_period,4.57,percent,observed,m5_underemployment_source_period,m24prov_e7b5936467911c5a92d3e80c,bps_stable32_province_2018_2025_v1,sakernas_underemployment_source_period_current38,,False,False
m24obs_cc694d676504805fd1eecde7,underemployment_rate,idn.36,Banten,36,2023,source_annual_period,5.11,percent,observed,m5_underemployment_source_period,m24prov_6f0bb43456035520177ce5c4,bps_stable32_province_2018_2025_v1,sakernas_underemployment_source_period_current38,,False,False
m24obs_30b55069d4822c84bf9a703d,underemployment_rate,idn.36,Banten,36,2024,source_annual_period,6.77,percent,observed,m5_underemployment_source_period,m24prov_5d566b55a746582520c84604,bps_stable32_province_2018_2025_v1,sakernas_underemployment_source_period_current38,,False,False
m24obs_583d0253c89cdb3eae569c3d,underemployment_rate,idn.36,Banten,36,2025,source_annual_period,6.66,percent,observed,m5_underemployment_source_period,m24prov_cd9b7ab9b641726502141282,bps_stable32_province_2018_2025_v1,sakernas_underemployment_source_period_current38,,False,False
m24obs_128d8228abf249996f04daff,underemployment_rate,idn.51,Bali,51,2018,source_annual_period,2.36,percent,observed,m5_underemployment_source_period,m24prov_9fbaa0be10f4fa3953b59996,bps_stable32_province_2018_2025_v1,sakernas_underemployment_source_period_current38,,False,False
m24obs_8c45a7af5ad846319ab33149,underemployment_rate,idn.51,Bali,51,2019,source_annual_period,1.93,percent,observed,m5_underemployment_source_period,m24prov_ae985fc9d0509f77b5cee0a8,bps_stable32_province_2018_2025_v1,sakernas_underemployment_source_period_current38,,False,False
m24obs_1c4ea143d9ee5f65934a74aa,underemployment_rate,idn.51,Bali,51,2020,source_annual_period,8.62,percent,observed,m5_underemployment_source_period,m24prov_f1fdb26a8bffb0bba5d2a984,bps_stable32_province_2018_2025_v1,sakernas_underemployment_source_period_current38,,False,False
m24obs_a534e6c0e561a5ca545c1bac,underemployment_rate,idn.51,Bali,51,2021,source_annual_period,8.53,percent,observed,m5_underemployment_source_period,m24prov_6c537e674be8f43d677580bc,bps_stable32_province_2018_2025_v1,sakernas_underemployment_source_period_current38,,False,False
m24obs_165af99b4a1ee8f060e0c7ab,underemployment_rate,idn.51,Bali,51,2022,source_annual_period,3.93,percent,observed,m5_underemployment_source_period,m24prov_e7b5936467911c5a92d3e80c,bps_stable32_province_2018_2025_v1,sakernas_underemployment_source_period_current38,,False,False
m24obs_9b933b3919d99befcdfdbe98,underemployment_rate,idn.51,Bali,51,2023,source_annual_period,2.57,percent,observed,m5_underemployment_source_period,m24prov_6f0bb43456035520177ce5c4,bps_stable32_province_2018_2025_v1,sakernas_underemployment_source_period_current38,,False,False
m24obs_12447772625f2aba7c4da315,underemployment_rate,idn.51,Bali,51,2024,source_annual_period,2.35,percent,observed,m5_underemployment_source_period,m24prov_5d566b55a746582520c84604,bps_stable32_province_2018_2025_v1,sakernas_underemployment_source_period_current38,,False,False
m24obs_dd28c08f39a9f3924a348f8e,underemployment_rate,idn.51,Bali,51,2025,source_annual_period,2.8,percent,observed,m5_underemployment_source_period,m24prov_cd9b7ab9b641726502141282,bps_stable32_province_2018_2025_v1,sakernas_underemployment_source_period_current38,,False,False
m24obs_b3e10c6fa46493cbe79a6526,underemployment_rate,idn.52,Nusa Tenggara Barat,52,2018,source_annual_period,16.82,percent,observed,m5_underemployment_source_period,m24prov_9fbaa0be10f4fa3953b59996,bps_stable32_province_2018_2025_v1,sakernas_underemployment_source_period_current38,,False,False
m24obs_6e2e46d60a157dd074459f9b,underemployment_rate,idn.52,Nusa Tenggara Barat,52,2019,source_annual_period,13.97,percent,observed,m5_underemployment_source_period,m24prov_ae985fc9d0509f77b5cee0a8,bps_stable32_province_2018_2025_v1,sakernas_underemployment_source_period_current38,,False,False
m24obs_985f157fcd8c830d57bfc19e,underemployment_rate,idn.52,Nusa Tenggara Barat,52,2020,source_annual_period,16.83,percent,observed,m5_underemployment_source_period,m24prov_f1fdb26a8bffb0bba5d2a984,bps_stable32_province_2018_2025_v1,sakernas_underemployment_source_period_current38,,False,False
m24obs_bcc78c979305d1b8114b63a4,underemployment_rate,idn.52,Nusa Tenggara Barat,52,2021,source_annual_period,15,percent,observed,m5_underemployment_source_period,m24prov_6c537e674be8f43d677580bc,bps_stable32_province_2018_2025_v1,sakernas_underemployment_source_period_current38,,False,False
m24obs_2a7ac8739c0032cde8ef01cb,underemployment_rate,idn.52,Nusa Tenggara Barat,52,2022,source_annual_period,13.3,percent,observed,m5_underemployment_source_period,m24prov_e7b5936467911c5a92d3e80c,bps_stable32_province_2018_2025_v1,sakernas_underemployment_source_period_current38,,False,False
m24obs_518c3f32095420e1f83f408b,underemployment_rate,idn.52,Nusa Tenggara Barat,52,2023,source_annual_period,12.83,percent,observed,m5_underemployment_source_period,m24prov_6f0bb43456035520177ce5c4,bps_stable32_province_2018_2025_v1,sakernas_underemployment_source_period_current38,,False,False
m24obs_6ca7a20545ea932e55337ed3,underemployment_rate,idn.52,Nusa Tenggara Barat,52,2024,source_annual_period,15.23,percent,observed,m5_underemployment_source_period,m24prov_5d566b55a746582520c84604,bps_stable32_province_2018_2025_v1,sakernas_underemployment_source_period_current38,,False,False
m24obs_964822790969ca3dca1827c9,underemployment_rate,idn.52,Nusa Tenggara Barat,52,2025,source_annual_period,13.94,percent,observed,m5_underemployment_source_period,m24prov_cd9b7ab9b641726502141282,bps_stable32_province_2018_2025_v1,sakernas_underemployment_source_period_current38,,False,False
m24obs_08e296f572f22713c59ba4c7,underemployment_rate,idn.53,Nusa Tenggara Timur,53,2018,source_annual_period,12.25,percent,observed,m5_underemployment_source_period,m24prov_9fbaa0be10f4fa3953b59996,bps_stable32_province_2018_2025_v1,sakernas_underemployment_source_period_current38,,False,False
m24obs_3a2dd7120cf7e39b28f755f4,underemployment_rate,idn.53,Nusa Tenggara Timur,53,2019,source_annual_period,11.79,percent,observed,m5_underemployment_source_period,m24prov_ae985fc9d0509f77b5cee0a8,bps_stable32_province_2018_2025_v1,sakernas_underemployment_source_period_current38,,False,False
m24obs_c2e1b92c1347fc2946ae99d0,underemployment_rate,idn.53,Nusa Tenggara Timur,53,2020,source_annual_period,15.1,percent,observed,m5_underemployment_source_period,m24prov_f1fdb26a8bffb0bba5d2a984,bps_stable32_province_2018_2025_v1,sakernas_underemployment_source_period_current38,,False,False
m24obs_87f35fcbdb2fb578317de1a5,underemployment_rate,idn.53,Nusa Tenggara Timur,53,2021,source_annual_period,14.19,percent,observed,m5_underemployment_source_period,m24prov_6c537e674be8f43d677580bc,bps_stable32_province_2018_2025_v1,sakernas_underemployment_source_period_current38,,False,False
m24obs_b1c708b65e678f9833aa7cd9,underemployment_rate,idn.53,Nusa Tenggara Timur,53,2022,source_annual_period,12.5,percent,observed,m5_underemployment_source_period,m24prov_e7b5936467911c5a92d3e80c,bps_stable32_province_2018_2025_v1,sakernas_underemployment_source_period_current38,,False,False
m24obs_66d2eea5035b77bfa3262ad9,underemployment_rate,idn.53,Nusa Tenggara Timur,53,2023,source_annual_period,10.73,percent,observed,m5_underemployment_source_period,m24prov_6f0bb43456035520177ce5c4,bps_stable32_province_2018_2025_v1,sakernas_underemployment_source_period_current38,,False,False
m24obs_406894584e41ef1f615beff8,underemployment_rate,idn.53,Nusa Tenggara Timur,53,2024,source_annual_period,14.9,percent,observed,m5_underemployment_source_period,m24prov_5d566b55a746582520c84604,bps_stable32_province_2018_2025_v1,sakernas_underemployment_source_period_current38,,False,False
m24obs_875318cdeefc591ea1f6198c,underemployment_rate,idn.53,Nusa Tenggara Timur,53,2025,source_annual_period,11.44,percent,observed,m5_underemployment_source_period,m24prov_cd9b7ab9b641726502141282,bps_stable32_province_2018_2025_v1,sakernas_underemployment_source_period_current38,,False,False
m24obs_3904ac5cbd8959187c562e81,underemployment_rate,idn.61,Kalimantan Barat,61,2018,source_annual_period,9.17,percent,observed,m5_underemployment_source_period,m24prov_9fbaa0be10f4fa3953b59996,bps_stable32_province_2018_2025_v1,sakernas_underemployment_source_period_current38,,False,False
m24obs_58ff57ed47092d78ec0462be,underemployment_rate,idn.61,Kalimantan Barat,61,2019,source_annual_period,7.93,percent,observed,m5_underemployment_source_period,m24prov_ae985fc9d0509f77b5cee0a8,bps_stable32_province_2018_2025_v1,sakernas_underemployment_source_period_current38,,False,False
m24obs_e767674d5cb3a1dedf1d5943,underemployment_rate,idn.61,Kalimantan Barat,61,2020,source_annual_period,10.42,percent,observed,m5_underemployment_source_period,m24prov_f1fdb26a8bffb0bba5d2a984,bps_stable32_province_2018_2025_v1,sakernas_underemployment_source_period_current38,,False,False
m24obs_74b09d57454e167b5c1fb49e,underemployment_rate,idn.61,Kalimantan Barat,61,2021,source_annual_period,9.62,percent,observed,m5_underemployment_source_period,m24prov_6c537e674be8f43d677580bc,bps_stable32_province_2018_2025_v1,sakernas_underemployment_source_period_current38,,False,False
m24obs_be50b6f851201d1d20f822e0,underemployment_rate,idn.61,Kalimantan Barat,61,2022,source_annual_period,7.21,percent,observed,m5_underemployment_source_period,m24prov_e7b5936467911c5a92d3e80c,bps_stable32_province_2018_2025_v1,sakernas_underemployment_source_period_current38,,False,False
m24obs_dec73065e5939d72f2939007,underemployment_rate,idn.61,Kalimantan Barat,61,2023,source_annual_period,6.78,percent,observed,m5_underemployment_source_period,m24prov_6f0bb43456035520177ce5c4,bps_stable32_province_2018_2025_v1,sakernas_underemployment_source_period_current38,,False,False
m24obs_12488d14fd2c12aa8e79bf84,underemployment_rate,idn.61,Kalimantan Barat,61,2024,source_annual_period,8.25,percent,observed,m5_underemployment_source_period,m24prov_5d566b55a746582520c84604,bps_stable32_province_2018_2025_v1,sakernas_underemployment_source_period_current38,,False,False
m24obs_778f70ca6fc2490774bf409f,underemployment_rate,idn.61,Kalimantan Barat,61,2025,source_annual_period,8.39,percent,observed,m5_underemployment_source_period,m24prov_cd9b7ab9b641726502141282,bps_stable32_province_2018_2025_v1,sakernas_underemployment_source_period_current38,,False,False
m24obs_d717a3d973cc9e2309c52a07,underemployment_rate,idn.62,Kalimantan Tengah,62,2018,source_annual_period,7.14,percent,observed,m5_underemployment_source_period,m24prov_9fbaa0be10f4fa3953b59996,bps_stable32_province_2018_2025_v1,sakernas_underemployment_source_period_current38,,False,False
m24obs_3106efa02f8e1fe174049dea,underemployment_rate,idn.62,Kalimantan Tengah,62,2019,source_annual_period,6.05,percent,observed,m5_underemployment_source_period,m24prov_ae985fc9d0509f77b5cee0a8,bps_stable32_province_2018_2025_v1,sakernas_underemployment_source_period_current38,,False,False
m24obs_27826a3503d15c23005cfe80,underemployment_rate,idn.62,Kalimantan Tengah,62,2020,source_annual_period,8.04,percent,observed,m5_underemployment_source_period,m24prov_f1fdb26a8bffb0bba5d2a984,bps_stable32_province_2018_2025_v1,sakernas_underemployment_source_period_current38,,False,False
m24obs_108c7377b4697b1e4456ea56,underemployment_rate,idn.62,Kalimantan Tengah,62,2021,source_annual_period,6.01,percent,observed,m5_underemployment_source_period,m24prov_6c537e674be8f43d677580bc,bps_stable32_province_2018_2025_v1,sakernas_underemployment_source_period_current38,,False,False
m24obs_3d4d9c8083976991e8f1a226,underemployment_rate,idn.62,Kalimantan Tengah,62,2022,source_annual_period,5.38,percent,observed,m5_underemployment_source_period,m24prov_e7b5936467911c5a92d3e80c,bps_stable32_province_2018_2025_v1,sakernas_underemployment_source_period_current38,,False,False
m24obs_60e2b472eb80082f627a6acf,underemployment_rate,idn.62,Kalimantan Tengah,62,2023,source_annual_period,6.11,percent,observed,m5_underemployment_source_period,m24prov_6f0bb43456035520177ce5c4,bps_stable32_province_2018_2025_v1,sakernas_underemployment_source_period_current38,,False,False
m24obs_e0b5aec9d8110a9159da12be,underemployment_rate,idn.62,Kalimantan Tengah,62,2024,source_annual_period,5.89,percent,observed,m5_underemployment_source_period,m24prov_5d566b55a746582520c84604,bps_stable32_province_2018_2025_v1,sakernas_underemployment_source_period_current38,,False,False
m24obs_69713c014f4cd6fc32d72dc3,underemployment_rate,idn.62,Kalimantan Tengah,62,2025,source_annual_period,5.97,percent,observed,m5_underemployment_source_period,m24prov_cd9b7ab9b641726502141282,bps_stable32_province_2018_2025_v1,sakernas_underemployment_source_period_current38,,False,False
m24obs_ae2a2f69e221949d8aee0b32,underemployment_rate,idn.63,Kalimantan Selatan,63,2018,source_annual_period,5.76,percent,observed,m5_underemployment_source_period,m24prov_9fbaa0be10f4fa3953b59996,bps_stable32_province_2018_2025_v1,sakernas_underemployment_source_period_current38,,False,False
m24obs_b479b6d90f5c4e97e921a107,underemployment_rate,idn.63,Kalimantan Selatan,63,2019,source_annual_period,6.67,percent,observed,m5_underemployment_source_period,m24prov_ae985fc9d0509f77b5cee0a8,bps_stable32_province_2018_2025_v1,sakernas_underemployment_source_period_current38,,False,False
m24obs_a09457f5ac09ca7d18d29839,underemployment_rate,idn.63,Kalimantan Selatan,63,2020,source_annual_period,9.38,percent,observed,m5_underemployment_source_period,m24prov_f1fdb26a8bffb0bba5d2a984,bps_stable32_province_2018_2025_v1,sakernas_underemployment_source_period_current38,,False,False
m24obs_10faa2238849fe66c2ac472b,underemployment_rate,idn.63,Kalimantan Selatan,63,2021,source_annual_period,8.28,percent,observed,m5_underemployment_source_period,m24prov_6c537e674be8f43d677580bc,bps_stable32_province_2018_2025_v1,sakernas_underemployment_source_period_current38,,False,False
m24obs_1a26119566a5a8bf938c8b42,underemployment_rate,idn.63,Kalimantan Selatan,63,2022,source_annual_period,6.76,percent,observed,m5_underemployment_source_period,m24prov_e7b5936467911c5a92d3e80c,bps_stable32_province_2018_2025_v1,sakernas_underemployment_source_period_current38,,False,False
m24obs_9b7baf4c8ecbb09a8532fad4,underemployment_rate,idn.63,Kalimantan Selatan,63,2023,source_annual_period,6.48,percent,observed,m5_underemployment_source_period,m24prov_6f0bb43456035520177ce5c4,bps_stable32_province_2018_2025_v1,sakernas_underemployment_source_period_current38,,False,False
m24obs_38abeabe295014a430a83f16,underemployment_rate,idn.63,Kalimantan Selatan,63,2024,source_annual_period,7.61,percent,observed,m5_underemployment_source_period,m24prov_5d566b55a746582520c84604,bps_stable32_province_2018_2025_v1,sakernas_underemployment_source_period_current38,,False,False
m24obs_58f69828d77a0d9993eab57d,underemployment_rate,idn.63,Kalimantan Selatan,63,2025,source_annual_period,7.39,percent,observed,m5_underemployment_source_period,m24prov_cd9b7ab9b641726502141282,bps_stable32_province_2018_2025_v1,sakernas_underemployment_source_period_current38,,False,False
m24obs_d1670d7c507695f7507ac5c3,underemployment_rate,idn.64,Kalimantan Timur,64,2018,source_annual_period,4.2,percent,observed,m5_underemployment_source_period,m24prov_9fbaa0be10f4fa3953b59996,bps_stable32_province_2018_2025_v1,sakernas_underemployment_source_period_current38,,False,False
m24obs_f55031db0398c66a9e513e0d,underemployment_rate,idn.64,Kalimantan Timur,64,2019,source_annual_period,4.74,percent,observed,m5_underemployment_source_period,m24prov_ae985fc9d0509f77b5cee0a8,bps_stable32_province_2018_2025_v1,sakernas_underemployment_source_period_current38,,False,False
m24obs_9033ba710cb69838fe7b7724,underemployment_rate,idn.64,Kalimantan Timur,64,2020,source_annual_period,7.14,percent,observed,m5_underemployment_source_period,m24prov_f1fdb26a8bffb0bba5d2a984,bps_stable32_province_2018_2025_v1,sakernas_underemployment_source_period_current38,,False,False
m24obs_286eec20dc1a74d3c82d1c37,underemployment_rate,idn.64,Kalimantan Timur,64,2021,source_annual_period,5.97,percent,observed,m5_underemployment_source_period,m24prov_6c537e674be8f43d677580bc,bps_stable32_province_2018_2025_v1,sakernas_underemployment_source_period_current38,,False,False
m24obs_bebc973a043356a0843d03ef,underemployment_rate,idn.64,Kalimantan Timur,64,2022,source_annual_period,4.81,percent,observed,m5_underemployment_source_period,m24prov_e7b5936467911c5a92d3e80c,bps_stable32_province_2018_2025_v1,sakernas_underemployment_source_period_current38,,False,False
m24obs_f95d3502776502f22718b9b8,underemployment_rate,idn.64,Kalimantan Timur,64,2023,source_annual_period,3.45,percent,observed,m5_underemployment_source_period,m24prov_6f0bb43456035520177ce5c4,bps_stable32_province_2018_2025_v1,sakernas_underemployment_source_period_current38,,False,False
m24obs_f4f656eb426e2d106a3d71fd,underemployment_rate,idn.64,Kalimantan Timur,64,2024,source_annual_period,4.61,percent,observed,m5_underemployment_source_period,m24prov_5d566b55a746582520c84604,bps_stable32_province_2018_2025_v1,sakernas_underemployment_source_period_current38,,False,False
m24obs_fad4fcdb27acb0bc4f132209,underemployment_rate,idn.64,Kalimantan Timur,64,2025,source_annual_period,5.66,percent,observed,m5_underemployment_source_period,m24prov_cd9b7ab9b641726502141282,bps_stable32_province_2018_2025_v1,sakernas_underemployment_source_period_current38,,False,False
m24obs_12f551d56ba6d1dcbeea78d9,underemployment_rate,idn.65,Kalimantan Utara,65,2018,source_annual_period,7.68,percent,observed,m5_underemployment_source_period,m24prov_9fbaa0be10f4fa3953b59996,bps_stable32_province_2018_2025_v1,sakernas_underemployment_source_period_current38,,False,False
m24obs_7d6b2d32e939181aa299c248,underemployment_rate,idn.65,Kalimantan Utara,65,2019,source_annual_period,6.44,percent,observed,m5_underemployment_source_period,m24prov_ae985fc9d0509f77b5cee0a8,bps_stable32_province_2018_2025_v1,sakernas_underemployment_source_period_current38,,False,False
m24obs_fd41428c292810c94202c150,underemployment_rate,idn.65,Kalimantan Utara,65,2020,source_annual_period,8.33,percent,observed,m5_underemployment_source_period,m24prov_f1fdb26a8bffb0bba5d2a984,bps_stable32_province_2018_2025_v1,sakernas_underemployment_source_period_current38,,False,False
m24obs_af80d338c2f1bdc9691ae0a8,underemployment_rate,idn.65,Kalimantan Utara,65,2021,source_annual_period,7.16,percent,observed,m5_underemployment_source_period,m24prov_6c537e674be8f43d677580bc,bps_stable32_province_2018_2025_v1,sakernas_underemployment_source_period_current38,,False,False
m24obs_8e973f54130b7b47a3dbd9de,underemployment_rate,idn.65,Kalimantan Utara,65,2022,source_annual_period,6.19,percent,observed,m5_underemployment_source_period,m24prov_e7b5936467911c5a92d3e80c,bps_stable32_province_2018_2025_v1,sakernas_underemployment_source_period_current38,,False,False
m24obs_0a2b1634ec25abc6f2a308b8,underemployment_rate,idn.65,Kalimantan Utara,65,2023,source_annual_period,5.29,percent,observed,m5_underemployment_source_period,m24prov_6f0bb43456035520177ce5c4,bps_stable32_province_2018_2025_v1,sakernas_underemployment_source_period_current38,,False,False
m24obs_ad7ba230e5d4f7c474cab9e8,underemployment_rate,idn.65,Kalimantan Utara,65,2024,source_annual_period,6.73,percent,observed,m5_underemployment_source_period,m24prov_5d566b55a746582520c84604,bps_stable32_province_2018_2025_v1,sakernas_underemployment_source_period_current38,,False,False
m24obs_d95e502a8628b9fa30ea9905,underemployment_rate,idn.65,Kalimantan Utara,65,2025,source_annual_period,4.71,percent,observed,m5_underemployment_source_period,m24prov_cd9b7ab9b641726502141282,bps_stable32_province_2018_2025_v1,sakernas_underemployment_source_period_current38,,False,False
m24obs_60131dbe1ec99b9654c0f120,underemployment_rate,idn.71,Sulawesi Utara,71,2018,source_annual_period,8.16,percent,observed,m5_underemployment_source_period,m24prov_9fbaa0be10f4fa3953b59996,bps_stable32_province_2018_2025_v1,sakernas_underemployment_source_period_current38,,False,False
m24obs_501b32ca3d56901452dd51d8,underemployment_rate,idn.71,Sulawesi Utara,71,2019,source_annual_period,6.38,percent,observed,m5_underemployment_source_period,m24prov_ae985fc9d0509f77b5cee0a8,bps_stable32_province_2018_2025_v1,sakernas_underemployment_source_period_current38,,False,False
m24obs_bf322b4d65540d769575d4f1,underemployment_rate,idn.71,Sulawesi Utara,71,2020,source_annual_period,11.05,percent,observed,m5_underemployment_source_period,m24prov_f1fdb26a8bffb0bba5d2a984,bps_stable32_province_2018_2025_v1,sakernas_underemployment_source_period_current38,,False,False
m24obs_a6d6220f1973664b13cf0280,underemployment_rate,idn.71,Sulawesi Utara,71,2021,source_annual_period,8.8,percent,observed,m5_underemployment_source_period,m24prov_6c537e674be8f43d677580bc,bps_stable32_province_2018_2025_v1,sakernas_underemployment_source_period_current38,,False,False
m24obs_1996fc441beee2461ddb6aa8,underemployment_rate,idn.71,Sulawesi Utara,71,2022,source_annual_period,6.27,percent,observed,m5_underemployment_source_period,m24prov_e7b5936467911c5a92d3e80c,bps_stable32_province_2018_2025_v1,sakernas_underemployment_source_period_current38,,False,False
m24obs_a144e507ca8582491ffc33fe,underemployment_rate,idn.71,Sulawesi Utara,71,2023,source_annual_period,6.05,percent,observed,m5_underemployment_source_period,m24prov_6f0bb43456035520177ce5c4,bps_stable32_province_2018_2025_v1,sakernas_underemployment_source_period_current38,,False,False
m24obs_dc7a0465145f8a2f1c51978b,underemployment_rate,idn.71,Sulawesi Utara,71,2024,source_annual_period,6.62,percent,observed,m5_underemployment_source_period,m24prov_5d566b55a746582520c84604,bps_stable32_province_2018_2025_v1,sakernas_underemployment_source_period_current38,,False,False
m24obs_15d1cc536bc9f0536cd387e4,underemployment_rate,idn.71,Sulawesi Utara,71,2025,source_annual_period,7.77,percent,observed,m5_underemployment_source_period,m24prov_cd9b7ab9b641726502141282,bps_stable32_province_2018_2025_v1,sakernas_underemployment_source_period_current38,,False,False
m24obs_dd4285fe829e63a7b53c2338,underemployment_rate,idn.72,Sulawesi Tengah,72,2018,source_annual_period,10.4,percent,observed,m5_underemployment_source_period,m24prov_9fbaa0be10f4fa3953b59996,bps_stable32_province_2018_2025_v1,sakernas_underemployment_source_period_current38,,False,False
m24obs_6db7a330c06d6ff71ab22b00,underemployment_rate,idn.72,Sulawesi Tengah,72,2019,source_annual_period,9.1,percent,observed,m5_underemployment_source_period,m24prov_ae985fc9d0509f77b5cee0a8,bps_stable32_province_2018_2025_v1,sakernas_underemployment_source_period_current38,,False,False
m24obs_185fbb080384c938c2fcb6ce,underemployment_rate,idn.72,Sulawesi Tengah,72,2020,source_annual_period,10.53,percent,observed,m5_underemployment_source_period,m24prov_f1fdb26a8bffb0bba5d2a984,bps_stable32_province_2018_2025_v1,sakernas_underemployment_source_period_current38,,False,False
m24obs_fc5b390c236d823b37673755,underemployment_rate,idn.72,Sulawesi Tengah,72,2021,source_annual_period,10.38,percent,observed,m5_underemployment_source_period,m24prov_6c537e674be8f43d677580bc,bps_stable32_province_2018_2025_v1,sakernas_underemployment_source_period_current38,,False,False
m24obs_9470bc931b91dfc0ad203288,underemployment_rate,idn.72,Sulawesi Tengah,72,2022,source_annual_period,7.62,percent,observed,m5_underemployment_source_period,m24prov_e7b5936467911c5a92d3e80c,bps_stable32_province_2018_2025_v1,sakernas_underemployment_source_period_current38,,False,False
m24obs_20760296bafb84bc128e05af,underemployment_rate,idn.72,Sulawesi Tengah,72,2023,source_annual_period,7.68,percent,observed,m5_underemployment_source_period,m24prov_6f0bb43456035520177ce5c4,bps_stable32_province_2018_2025_v1,sakernas_underemployment_source_period_current38,,False,False
m24obs_e9b62e5c0851ea177be439ce,underemployment_rate,idn.72,Sulawesi Tengah,72,2024,source_annual_period,8.9,percent,observed,m5_underemployment_source_period,m24prov_5d566b55a746582520c84604,bps_stable32_province_2018_2025_v1,sakernas_underemployment_source_period_current38,,False,False
m24obs_febc2236a76454c3c22dfc27,underemployment_rate,idn.72,Sulawesi Tengah,72,2025,source_annual_period,8.04,percent,observed,m5_underemployment_source_period,m24prov_cd9b7ab9b641726502141282,bps_stable32_province_2018_2025_v1,sakernas_underemployment_source_period_current38,,False,False
m24obs_7d440d826cb14d47c2763316,underemployment_rate,idn.73,Sulawesi Selatan,73,2018,source_annual_period,7.37,percent,observed,m5_underemployment_source_period,m24prov_9fbaa0be10f4fa3953b59996,bps_stable32_province_2018_2025_v1,sakernas_underemployment_source_period_current38,,False,False
m24obs_025eb36a743d84d7e090acde,underemployment_rate,idn.73,Sulawesi Selatan,73,2019,source_annual_period,7.34,percent,observed,m5_underemployment_source_period,m24prov_ae985fc9d0509f77b5cee0a8,bps_stable32_province_2018_2025_v1,sakernas_underemployment_source_period_current38,,False,False
m24obs_837d753329e6285d49097115,underemployment_rate,idn.73,Sulawesi Selatan,73,2020,source_annual_period,9.96,percent,observed,m5_underemployment_source_period,m24prov_f1fdb26a8bffb0bba5d2a984,bps_stable32_province_2018_2025_v1,sakernas_underemployment_source_period_current38,,False,False
m24obs_dcedede384f202ca1387191c,underemployment_rate,idn.73,Sulawesi Selatan,73,2021,source_annual_period,7.42,percent,observed,m5_underemployment_source_period,m24prov_6c537e674be8f43d677580bc,bps_stable32_province_2018_2025_v1,sakernas_underemployment_source_period_current38,,False,False
m24obs_f6aa98bfbb306be2bc13cc50,underemployment_rate,idn.73,Sulawesi Selatan,73,2022,source_annual_period,6.23,percent,observed,m5_underemployment_source_period,m24prov_e7b5936467911c5a92d3e80c,bps_stable32_province_2018_2025_v1,sakernas_underemployment_source_period_current38,,False,False
m24obs_3d4a1dd446bf37c9bb76c001,underemployment_rate,idn.73,Sulawesi Selatan,73,2023,source_annual_period,7.09,percent,observed,m5_underemployment_source_period,m24prov_6f0bb43456035520177ce5c4,bps_stable32_province_2018_2025_v1,sakernas_underemployment_source_period_current38,,False,False
m24obs_a1ff9d5a54be18ced05282c4,underemployment_rate,idn.73,Sulawesi Selatan,73,2024,source_annual_period,7.93,percent,observed,m5_underemployment_source_period,m24prov_5d566b55a746582520c84604,bps_stable32_province_2018_2025_v1,sakernas_underemployment_source_period_current38,,False,False
m24obs_9f9f398c33f6b58788332cac,underemployment_rate,idn.73,Sulawesi Selatan,73,2025,source_annual_period,7.93,percent,observed,m5_underemployment_source_period,m24prov_cd9b7ab9b641726502141282,bps_stable32_province_2018_2025_v1,sakernas_underemployment_source_period_current38,,False,False
m24obs_ef9be6d49b05f16bb2ea6ce1,underemployment_rate,idn.74,Sulawesi Tenggara,74,2018,source_annual_period,11.18,percent,observed,m5_underemployment_source_period,m24prov_9fbaa0be10f4fa3953b59996,bps_stable32_province_2018_2025_v1,sakernas_underemployment_source_period_current38,,False,False
m24obs_7c984b901bdf43f2ef28a06a,underemployment_rate,idn.74,Sulawesi Tenggara,74,2019,source_annual_period,8.46,percent,observed,m5_underemployment_source_period,m24prov_ae985fc9d0509f77b5cee0a8,bps_stable32_province_2018_2025_v1,sakernas_underemployment_source_period_current38,,False,False
m24obs_53659ed99a5cbc1adeac3bf1,underemployment_rate,idn.74,Sulawesi Tenggara,74,2020,source_annual_period,10.49,percent,observed,m5_underemployment_source_period,m24prov_f1fdb26a8bffb0bba5d2a984,bps_stable32_province_2018_2025_v1,sakernas_underemployment_source_period_current38,,False,False
m24obs_382a1d81175b4cb7f3a12b2f,underemployment_rate,idn.74,Sulawesi Tenggara,74,2021,source_annual_period,10.45,percent,observed,m5_underemployment_source_period,m24prov_6c537e674be8f43d677580bc,bps_stable32_province_2018_2025_v1,sakernas_underemployment_source_period_current38,,False,False
m24obs_ce9c49117cdb219cd64c7ce3,underemployment_rate,idn.74,Sulawesi Tenggara,74,2022,source_annual_period,8.14,percent,observed,m5_underemployment_source_period,m24prov_e7b5936467911c5a92d3e80c,bps_stable32_province_2018_2025_v1,sakernas_underemployment_source_period_current38,,False,False
m24obs_378962e8979dbc3341635bf6,underemployment_rate,idn.74,Sulawesi Tenggara,74,2023,source_annual_period,10.32,percent,observed,m5_underemployment_source_period,m24prov_6f0bb43456035520177ce5c4,bps_stable32_province_2018_2025_v1,sakernas_underemployment_source_period_current38,,False,False
m24obs_4defcf3785b3b693da22b146,underemployment_rate,idn.74,Sulawesi Tenggara,74,2024,source_annual_period,8.61,percent,observed,m5_underemployment_source_period,m24prov_5d566b55a746582520c84604,bps_stable32_province_2018_2025_v1,sakernas_underemployment_source_period_current38,,False,False
m24obs_ee50f8128b035caed9c73a5a,underemployment_rate,idn.74,Sulawesi Tenggara,74,2025,source_annual_period,7.94,percent,observed,m5_underemployment_source_period,m24prov_cd9b7ab9b641726502141282,bps_stable32_province_2018_2025_v1,sakernas_underemployment_source_period_current38,,False,False
m24obs_7a4a26a70ecac46a6cec6889,underemployment_rate,idn.75,Gorontalo,75,2018,source_annual_period,9.15,percent,observed,m5_underemployment_source_period,m24prov_9fbaa0be10f4fa3953b59996,bps_stable32_province_2018_2025_v1,sakernas_underemployment_source_period_current38,,False,False
m24obs_83585025d8aa04d136a1f7e8,underemployment_rate,idn.75,Gorontalo,75,2019,source_annual_period,6.16,percent,observed,m5_underemployment_source_period,m24prov_ae985fc9d0509f77b5cee0a8,bps_stable32_province_2018_2025_v1,sakernas_underemployment_source_period_current38,,False,False
m24obs_04739b08776857232e8edf5b,underemployment_rate,idn.75,Gorontalo,75,2020,source_annual_period,7.68,percent,observed,m5_underemployment_source_period,m24prov_f1fdb26a8bffb0bba5d2a984,bps_stable32_province_2018_2025_v1,sakernas_underemployment_source_period_current38,,False,False
m24obs_f34daeff239502d0024450de,underemployment_rate,idn.75,Gorontalo,75,2021,source_annual_period,6.08,percent,observed,m5_underemployment_source_period,m24prov_6c537e674be8f43d677580bc,bps_stable32_province_2018_2025_v1,sakernas_underemployment_source_period_current38,,False,False
m24obs_98440fc6af970a9abdfed278,underemployment_rate,idn.75,Gorontalo,75,2022,source_annual_period,6.1,percent,observed,m5_underemployment_source_period,m24prov_e7b5936467911c5a92d3e80c,bps_stable32_province_2018_2025_v1,sakernas_underemployment_source_period_current38,,False,False
m24obs_17904a82425601397cddc265,underemployment_rate,idn.75,Gorontalo,75,2023,source_annual_period,8.32,percent,observed,m5_underemployment_source_period,m24prov_6f0bb43456035520177ce5c4,bps_stable32_province_2018_2025_v1,sakernas_underemployment_source_period_current38,,False,False
m24obs_e50b337387af0db9e3981728,underemployment_rate,idn.75,Gorontalo,75,2024,source_annual_period,8.49,percent,observed,m5_underemployment_source_period,m24prov_5d566b55a746582520c84604,bps_stable32_province_2018_2025_v1,sakernas_underemployment_source_period_current38,,False,False
m24obs_2aad8abed4c84cfad524b5a8,underemployment_rate,idn.75,Gorontalo,75,2025,source_annual_period,6.82,percent,observed,m5_underemployment_source_period,m24prov_cd9b7ab9b641726502141282,bps_stable32_province_2018_2025_v1,sakernas_underemployment_source_period_current38,,False,False
m24obs_dfd5565212d20dd7f3451b31,underemployment_rate,idn.76,Sulawesi Barat,76,2018,source_annual_period,8.36,percent,observed,m5_underemployment_source_period,m24prov_9fbaa0be10f4fa3953b59996,bps_stable32_province_2018_2025_v1,sakernas_underemployment_source_period_current38,,False,False
m24obs_15353c5ac2925f631545c131,underemployment_rate,idn.76,Sulawesi Barat,76,2019,source_annual_period,9.91,percent,observed,m5_underemployment_source_period,m24prov_ae985fc9d0509f77b5cee0a8,bps_stable32_province_2018_2025_v1,sakernas_underemployment_source_period_current38,,False,False
m24obs_bccb8e13f76864fc9afcc307,underemployment_rate,idn.76,Sulawesi Barat,76,2020,source_annual_period,11.98,percent,observed,m5_underemployment_source_period,m24prov_f1fdb26a8bffb0bba5d2a984,bps_stable32_province_2018_2025_v1,sakernas_underemployment_source_period_current38,,False,False
m24obs_291e69976ee79573e05a48f0,underemployment_rate,idn.76,Sulawesi Barat,76,2021,source_annual_period,10.65,percent,observed,m5_underemployment_source_period,m24prov_6c537e674be8f43d677580bc,bps_stable32_province_2018_2025_v1,sakernas_underemployment_source_period_current38,,False,False
m24obs_e7a12418ba5b2a749b464a73,underemployment_rate,idn.76,Sulawesi Barat,76,2022,source_annual_period,13.04,percent,observed,m5_underemployment_source_period,m24prov_e7b5936467911c5a92d3e80c,bps_stable32_province_2018_2025_v1,sakernas_underemployment_source_period_current38,,False,False
m24obs_3ea19f90a5d13664449787b8,underemployment_rate,idn.76,Sulawesi Barat,76,2023,source_annual_period,10.42,percent,observed,m5_underemployment_source_period,m24prov_6f0bb43456035520177ce5c4,bps_stable32_province_2018_2025_v1,sakernas_underemployment_source_period_current38,,False,False
m24obs_cb8ea3f0a2b8e42d9a059758,underemployment_rate,idn.76,Sulawesi Barat,76,2024,source_annual_period,12.09,percent,observed,m5_underemployment_source_period,m24prov_5d566b55a746582520c84604,bps_stable32_province_2018_2025_v1,sakernas_underemployment_source_period_current38,,False,False
m24obs_6968739d912ed92e292a6f8b,underemployment_rate,idn.76,Sulawesi Barat,76,2025,source_annual_period,11.33,percent,observed,m5_underemployment_source_period,m24prov_cd9b7ab9b641726502141282,bps_stable32_province_2018_2025_v1,sakernas_underemployment_source_period_current38,,False,False
m24obs_03b0a6fca25f22289334c8b4,underemployment_rate,idn.81,Maluku,81,2018,source_annual_period,9.27,percent,observed,m5_underemployment_source_period,m24prov_9fbaa0be10f4fa3953b59996,bps_stable32_province_2018_2025_v1,sakernas_underemployment_source_period_current38,,False,False
m24obs_88d96eb4855443e21394768c,underemployment_rate,idn.81,Maluku,81,2019,source_annual_period,10.76,percent,observed,m5_underemployment_source_period,m24prov_ae985fc9d0509f77b5cee0a8,bps_stable32_province_2018_2025_v1,sakernas_underemployment_source_period_current38,,False,False
m24obs_572b1f0f42f506a5bd95fbb0,underemployment_rate,idn.81,Maluku,81,2020,source_annual_period,14.2,percent,observed,m5_underemployment_source_period,m24prov_f1fdb26a8bffb0bba5d2a984,bps_stable32_province_2018_2025_v1,sakernas_underemployment_source_period_current38,,False,False
m24obs_4299cc6cb854b50ad667768d,underemployment_rate,idn.81,Maluku,81,2021,source_annual_period,12.75,percent,observed,m5_underemployment_source_period,m24prov_6c537e674be8f43d677580bc,bps_stable32_province_2018_2025_v1,sakernas_underemployment_source_period_current38,,False,False
m24obs_8635b2d9e5b6f18198ac3fa1,underemployment_rate,idn.81,Maluku,81,2022,source_annual_period,11.8,percent,observed,m5_underemployment_source_period,m24prov_e7b5936467911c5a92d3e80c,bps_stable32_province_2018_2025_v1,sakernas_underemployment_source_period_current38,,False,False
m24obs_f0ad7b1b3df67f510f8e3140,underemployment_rate,idn.81,Maluku,81,2023,source_annual_period,10.43,percent,observed,m5_underemployment_source_period,m24prov_6f0bb43456035520177ce5c4,bps_stable32_province_2018_2025_v1,sakernas_underemployment_source_period_current38,,False,False
m24obs_b20b325e89fb0df58367a4b0,underemployment_rate,idn.81,Maluku,81,2024,source_annual_period,12.12,percent,observed,m5_underemployment_source_period,m24prov_5d566b55a746582520c84604,bps_stable32_province_2018_2025_v1,sakernas_underemployment_source_period_current38,,False,False
m24obs_7500b3617990ebf09535575e,underemployment_rate,idn.81,Maluku,81,2025,source_annual_period,11.49,percent,observed,m5_underemployment_source_period,m24prov_cd9b7ab9b641726502141282,bps_stable32_province_2018_2025_v1,sakernas_underemployment_source_period_current38,,False,False
m24obs_e8c7d131457d4b113f441738,underemployment_rate,idn.82,Maluku Utara,82,2018,source_annual_period,7.64,percent,observed,m5_underemployment_source_period,m24prov_9fbaa0be10f4fa3953b59996,bps_stable32_province_2018_2025_v1,sakernas_underemployment_source_period_current38,,False,False
m24obs_2b09c8f6ce0321c70b68d901,underemployment_rate,idn.82,Maluku Utara,82,2019,source_annual_period,8.15,percent,observed,m5_underemployment_source_period,m24prov_ae985fc9d0509f77b5cee0a8,bps_stable32_province_2018_2025_v1,sakernas_underemployment_source_period_current38,,False,False
m24obs_94e9d21df9411b49472f177f,underemployment_rate,idn.82,Maluku Utara,82,2020,source_annual_period,10.78,percent,observed,m5_underemployment_source_period,m24prov_f1fdb26a8bffb0bba5d2a984,bps_stable32_province_2018_2025_v1,sakernas_underemployment_source_period_current38,,False,False
m24obs_0a2992f80b53e174ccdfdc90,underemployment_rate,idn.82,Maluku Utara,82,2021,source_annual_period,9.76,percent,observed,m5_underemployment_source_period,m24prov_6c537e674be8f43d677580bc,bps_stable32_province_2018_2025_v1,sakernas_underemployment_source_period_current38,,False,False
m24obs_805d7a56283f41a6e8845659,underemployment_rate,idn.82,Maluku Utara,82,2022,source_annual_period,9.28,percent,observed,m5_underemployment_source_period,m24prov_e7b5936467911c5a92d3e80c,bps_stable32_province_2018_2025_v1,sakernas_underemployment_source_period_current38,,False,False
m24obs_b2191106d94ee3b61bfca48f,underemployment_rate,idn.82,Maluku Utara,82,2023,source_annual_period,7.32,percent,observed,m5_underemployment_source_period,m24prov_6f0bb43456035520177ce5c4,bps_stable32_province_2018_2025_v1,sakernas_underemployment_source_period_current38,,False,False
m24obs_238f2fa1b83890f23dee6600,underemployment_rate,idn.82,Maluku Utara,82,2024,source_annual_period,9.14,percent,observed,m5_underemployment_source_period,m24prov_5d566b55a746582520c84604,bps_stable32_province_2018_2025_v1,sakernas_underemployment_source_period_current38,,False,False
m24obs_47aa29740689fa34e0713ee3,underemployment_rate,idn.82,Maluku Utara,82,2025,source_annual_period,10.56,percent,observed,m5_underemployment_source_period,m24prov_cd9b7ab9b641726502141282,bps_stable32_province_2018_2025_v1,sakernas_underemployment_source_period_current38,,False,False
m24obs_f6077a3a80c8d183fb5dd905,unemployment_rate,idn.11,Aceh,11,2018,Agustus,6.34,percent,observed,m5_unemployment_august,m24prov_d5cca5993c4fb66a6a026ab3,bps_stable32_province_2018_2025_v1,sakernas_unemployment_august_current38,,False,False
m24obs_ea3ba0e83741dd3238af5629,unemployment_rate,idn.11,Aceh,11,2019,Agustus,6.17,percent,observed,m5_unemployment_august,m24prov_e2254152569bd7522d8e7abc,bps_stable32_province_2018_2025_v1,sakernas_unemployment_august_current38,,False,False
m24obs_0d7228cf297a110435dd9a18,unemployment_rate,idn.11,Aceh,11,2020,Agustus,6.59,percent,observed,m5_unemployment_august,m24prov_3c76f2e7682622ebd86e8a8d,bps_stable32_province_2018_2025_v1,sakernas_unemployment_august_current38,,False,False
m24obs_544e2047a51214f244d9d7e1,unemployment_rate,idn.11,Aceh,11,2021,Agustus,6.3,percent,observed,m5_unemployment_august,m24prov_69efa85ec4e0e8a816b2692d,bps_stable32_province_2018_2025_v1,sakernas_unemployment_august_current38,,False,False
m24obs_e9629defd147ceaf634b99bd,unemployment_rate,idn.11,Aceh,11,2022,Agustus,6.17,percent,observed,m5_unemployment_august,m24prov_ea0224d8c6c33d73421c80dd,bps_stable32_province_2018_2025_v1,sakernas_unemployment_august_current38,,False,False
m24obs_0ea5616b65021a7bdf13b2a8,unemployment_rate,idn.11,Aceh,11,2023,Agustus,6.03,percent,observed,m5_unemployment_august,m24prov_4ab22fbdc8cf22cbd8607a9a,bps_stable32_province_2018_2025_v1,sakernas_unemployment_august_current38,,False,False
m24obs_c8756956693b6d1cd46a003d,unemployment_rate,idn.11,Aceh,11,2024,Agustus,5.75,percent,observed,m5_unemployment_august,m24prov_577c6c6aac737a31ac29f70b,bps_stable32_province_2018_2025_v1,sakernas_unemployment_august_current38,,False,False
m24obs_9d291be93f67a61b2130a90d,unemployment_rate,idn.11,Aceh,11,2025,Agustus,5.64,percent,observed,m5_unemployment_august,m24prov_6520459329cad74d272fe92e,bps_stable32_province_2018_2025_v1,sakernas_unemployment_august_current38,,False,False
m24obs_093ae5a98746f267d3dd4f06,unemployment_rate,idn.12,Sumatera Utara,12,2018,Agustus,5.55,percent,observed,m5_unemployment_august,m24prov_d5cca5993c4fb66a6a026ab3,bps_stable32_province_2018_2025_v1,sakernas_unemployment_august_current38,,False,False
m24obs_bb87b297d37541d064302e42,unemployment_rate,idn.12,Sumatera Utara,12,2019,Agustus,5.39,percent,observed,m5_unemployment_august,m24prov_e2254152569bd7522d8e7abc,bps_stable32_province_2018_2025_v1,sakernas_unemployment_august_current38,,False,False
m24obs_5d3c9dd12a831f89c214ffcc,unemployment_rate,idn.12,Sumatera Utara,12,2020,Agustus,6.91,percent,observed,m5_unemployment_august,m24prov_3c76f2e7682622ebd86e8a8d,bps_stable32_province_2018_2025_v1,sakernas_unemployment_august_current38,,False,False
m24obs_088ca4220f0d923a80d3e4ae,unemployment_rate,idn.12,Sumatera Utara,12,2021,Agustus,6.33,percent,observed,m5_unemployment_august,m24prov_69efa85ec4e0e8a816b2692d,bps_stable32_province_2018_2025_v1,sakernas_unemployment_august_current38,,False,False
m24obs_1223faac76916bbba641cca7,unemployment_rate,idn.12,Sumatera Utara,12,2022,Agustus,6.16,percent,observed,m5_unemployment_august,m24prov_ea0224d8c6c33d73421c80dd,bps_stable32_province_2018_2025_v1,sakernas_unemployment_august_current38,,False,False
m24obs_6f3f165af7a4cd280402e012,unemployment_rate,idn.12,Sumatera Utara,12,2023,Agustus,5.89,percent,observed,m5_unemployment_august,m24prov_4ab22fbdc8cf22cbd8607a9a,bps_stable32_province_2018_2025_v1,sakernas_unemployment_august_current38,,False,False
m24obs_652ac01812677427dcf91e8e,unemployment_rate,idn.12,Sumatera Utara,12,2024,Agustus,5.6,percent,observed,m5_unemployment_august,m24prov_577c6c6aac737a31ac29f70b,bps_stable32_province_2018_2025_v1,sakernas_unemployment_august_current38,,False,False
m24obs_f992da8eae73ab0ba8d9ff3f,unemployment_rate,idn.12,Sumatera Utara,12,2025,Agustus,5.32,percent,observed,m5_unemployment_august,m24prov_6520459329cad74d272fe92e,bps_stable32_province_2018_2025_v1,sakernas_unemployment_august_current38,,False,False
m24obs_4667726b6754b837956c9bc3,unemployment_rate,idn.13,Sumatera Barat,13,2018,Agustus,5.66,percent,observed,m5_unemployment_august,m24prov_d5cca5993c4fb66a6a026ab3,bps_stable32_province_2018_2025_v1,sakernas_unemployment_august_current38,,False,False
m24obs_caaa9e80591d38607a21ca1c,unemployment_rate,idn.13,Sumatera Barat,13,2019,Agustus,5.38,percent,observed,m5_unemployment_august,m24prov_e2254152569bd7522d8e7abc,bps_stable32_province_2018_2025_v1,sakernas_unemployment_august_current38,,False,False
m24obs_18a018c703df85807c849160,unemployment_rate,idn.13,Sumatera Barat,13,2020,Agustus,6.88,percent,observed,m5_unemployment_august,m24prov_3c76f2e7682622ebd86e8a8d,bps_stable32_province_2018_2025_v1,sakernas_unemployment_august_current38,,False,False
m24obs_497a288d46c14cf56da09b07,unemployment_rate,idn.13,Sumatera Barat,13,2021,Agustus,6.52,percent,observed,m5_unemployment_august,m24prov_69efa85ec4e0e8a816b2692d,bps_stable32_province_2018_2025_v1,sakernas_unemployment_august_current38,,False,False
m24obs_dc44946ef1eab9d82773ed75,unemployment_rate,idn.13,Sumatera Barat,13,2022,Agustus,6.28,percent,observed,m5_unemployment_august,m24prov_ea0224d8c6c33d73421c80dd,bps_stable32_province_2018_2025_v1,sakernas_unemployment_august_current38,,False,False
m24obs_5a78b4d7aed1fc0d38062bc3,unemployment_rate,idn.13,Sumatera Barat,13,2023,Agustus,5.94,percent,observed,m5_unemployment_august,m24prov_4ab22fbdc8cf22cbd8607a9a,bps_stable32_province_2018_2025_v1,sakernas_unemployment_august_current38,,False,False
m24obs_317cc0bf799eac1a25ad0a36,unemployment_rate,idn.13,Sumatera Barat,13,2024,Agustus,5.75,percent,observed,m5_unemployment_august,m24prov_577c6c6aac737a31ac29f70b,bps_stable32_province_2018_2025_v1,sakernas_unemployment_august_current38,,False,False
m24obs_8ace0aece8c975b4893feb18,unemployment_rate,idn.13,Sumatera Barat,13,2025,Agustus,5.62,percent,observed,m5_unemployment_august,m24prov_6520459329cad74d272fe92e,bps_stable32_province_2018_2025_v1,sakernas_unemployment_august_current38,,False,False
m24obs_ae9cf9d72f58856ca94a4407,unemployment_rate,idn.14,Riau,14,2018,Agustus,5.98,percent,observed,m5_unemployment_august,m24prov_d5cca5993c4fb66a6a026ab3,bps_stable32_province_2018_2025_v1,sakernas_unemployment_august_current38,,False,False
m24obs_4ff2956c3e53e4681e15641a,unemployment_rate,idn.14,Riau,14,2019,Agustus,5.76,percent,observed,m5_unemployment_august,m24prov_e2254152569bd7522d8e7abc,bps_stable32_province_2018_2025_v1,sakernas_unemployment_august_current38,,False,False
m24obs_18038b617a91a4c458b06ec5,unemployment_rate,idn.14,Riau,14,2020,Agustus,6.32,percent,observed,m5_unemployment_august,m24prov_3c76f2e7682622ebd86e8a8d,bps_stable32_province_2018_2025_v1,sakernas_unemployment_august_current38,,False,False
m24obs_d736584ee875769dde36d096,unemployment_rate,idn.14,Riau,14,2021,Agustus,4.42,percent,observed,m5_unemployment_august,m24prov_69efa85ec4e0e8a816b2692d,bps_stable32_province_2018_2025_v1,sakernas_unemployment_august_current38,,False,False
m24obs_e25a05891b246eb463f44bf3,unemployment_rate,idn.14,Riau,14,2022,Agustus,4.37,percent,observed,m5_unemployment_august,m24prov_ea0224d8c6c33d73421c80dd,bps_stable32_province_2018_2025_v1,sakernas_unemployment_august_current38,,False,False
m24obs_f666b96f4b93af88a30a438d,unemployment_rate,idn.14,Riau,14,2023,Agustus,4.23,percent,observed,m5_unemployment_august,m24prov_4ab22fbdc8cf22cbd8607a9a,bps_stable32_province_2018_2025_v1,sakernas_unemployment_august_current38,,False,False
m24obs_f7ad46005122ef4226631a63,unemployment_rate,idn.14,Riau,14,2024,Agustus,3.7,percent,observed,m5_unemployment_august,m24prov_577c6c6aac737a31ac29f70b,bps_stable32_province_2018_2025_v1,sakernas_unemployment_august_current38,,False,False
m24obs_a86152a3e06cb06149a33706,unemployment_rate,idn.14,Riau,14,2025,Agustus,4.16,percent,observed,m5_unemployment_august,m24prov_6520459329cad74d272fe92e,bps_stable32_province_2018_2025_v1,sakernas_unemployment_august_current38,,False,False
m24obs_08b4be6911a62b512f2a450b,unemployment_rate,idn.15,Jambi,15,2018,Agustus,3.73,percent,observed,m5_unemployment_august,m24prov_d5cca5993c4fb66a6a026ab3,bps_stable32_province_2018_2025_v1,sakernas_unemployment_august_current38,,False,False
m24obs_49da4d63be0c5a0f579a8405,unemployment_rate,idn.15,Jambi,15,2019,Agustus,4.06,percent,observed,m5_unemployment_august,m24prov_e2254152569bd7522d8e7abc,bps_stable32_province_2018_2025_v1,sakernas_unemployment_august_current38,,False,False
m24obs_6a5f030aac1e3e669f7a9a0b,unemployment_rate,idn.15,Jambi,15,2020,Agustus,5.13,percent,observed,m5_unemployment_august,m24prov_3c76f2e7682622ebd86e8a8d,bps_stable32_province_2018_2025_v1,sakernas_unemployment_august_current38,,False,False
m24obs_35905ab70e664d2f81eaa8c2,unemployment_rate,idn.15,Jambi,15,2021,Agustus,5.09,percent,observed,m5_unemployment_august,m24prov_69efa85ec4e0e8a816b2692d,bps_stable32_province_2018_2025_v1,sakernas_unemployment_august_current38,,False,False
m24obs_0336dd9e31785fd9f5280e92,unemployment_rate,idn.15,Jambi,15,2022,Agustus,4.59,percent,observed,m5_unemployment_august,m24prov_ea0224d8c6c33d73421c80dd,bps_stable32_province_2018_2025_v1,sakernas_unemployment_august_current38,,False,False
m24obs_a9a7abfc31b4487ca206c0b6,unemployment_rate,idn.15,Jambi,15,2023,Agustus,4.53,percent,observed,m5_unemployment_august,m24prov_4ab22fbdc8cf22cbd8607a9a,bps_stable32_province_2018_2025_v1,sakernas_unemployment_august_current38,,False,False
m24obs_68455250840e1cd61f87cf3f,unemployment_rate,idn.15,Jambi,15,2024,Agustus,4.48,percent,observed,m5_unemployment_august,m24prov_577c6c6aac737a31ac29f70b,bps_stable32_province_2018_2025_v1,sakernas_unemployment_august_current38,,False,False
m24obs_3fad945bd4e6121dec7b388a,unemployment_rate,idn.15,Jambi,15,2025,Agustus,4.26,percent,observed,m5_unemployment_august,m24prov_6520459329cad74d272fe92e,bps_stable32_province_2018_2025_v1,sakernas_unemployment_august_current38,,False,False
m24obs_d09595de119f038c60dd3224,unemployment_rate,idn.16,Sumatera Selatan,16,2018,Agustus,4.27,percent,observed,m5_unemployment_august,m24prov_d5cca5993c4fb66a6a026ab3,bps_stable32_province_2018_2025_v1,sakernas_unemployment_august_current38,,False,False
m24obs_b1ae42c583c5cb45dc901176,unemployment_rate,idn.16,Sumatera Selatan,16,2019,Agustus,4.53,percent,observed,m5_unemployment_august,m24prov_e2254152569bd7522d8e7abc,bps_stable32_province_2018_2025_v1,sakernas_unemployment_august_current38,,False,False
m24obs_14d352c3763b30782bce8e68,unemployment_rate,idn.16,Sumatera Selatan,16,2020,Agustus,5.51,percent,observed,m5_unemployment_august,m24prov_3c76f2e7682622ebd86e8a8d,bps_stable32_province_2018_2025_v1,sakernas_unemployment_august_current38,,False,False
m24obs_8385aef3beb2d00310104314,unemployment_rate,idn.16,Sumatera Selatan,16,2021,Agustus,4.98,percent,observed,m5_unemployment_august,m24prov_69efa85ec4e0e8a816b2692d,bps_stable32_province_2018_2025_v1,sakernas_unemployment_august_current38,,False,False
m24obs_1c63a5089b5d97f51d6e303e,unemployment_rate,idn.16,Sumatera Selatan,16,2022,Agustus,4.63,percent,observed,m5_unemployment_august,m24prov_ea0224d8c6c33d73421c80dd,bps_stable32_province_2018_2025_v1,sakernas_unemployment_august_current38,,False,False
m24obs_9564c1b558d853f2ca5dae8c,unemployment_rate,idn.16,Sumatera Selatan,16,2023,Agustus,4.11,percent,observed,m5_unemployment_august,m24prov_4ab22fbdc8cf22cbd8607a9a,bps_stable32_province_2018_2025_v1,sakernas_unemployment_august_current38,,False,False
m24obs_4e6f3fd0d77b3899eded1637,unemployment_rate,idn.16,Sumatera Selatan,16,2024,Agustus,3.86,percent,observed,m5_unemployment_august,m24prov_577c6c6aac737a31ac29f70b,bps_stable32_province_2018_2025_v1,sakernas_unemployment_august_current38,,False,False
m24obs_cc2b4594dbf0b0ffe62e1b6f,unemployment_rate,idn.16,Sumatera Selatan,16,2025,Agustus,3.69,percent,observed,m5_unemployment_august,m24prov_6520459329cad74d272fe92e,bps_stable32_province_2018_2025_v1,sakernas_unemployment_august_current38,,False,False
m24obs_6f116f0e846e628262f541e8,unemployment_rate,idn.17,Bengkulu,17,2018,Agustus,3.35,percent,observed,m5_unemployment_august,m24prov_d5cca5993c4fb66a6a026ab3,bps_stable32_province_2018_2025_v1,sakernas_unemployment_august_current38,,False,False
m24obs_3d1d4e6316f498269075d7e5,unemployment_rate,idn.17,Bengkulu,17,2019,Agustus,3.26,percent,observed,m5_unemployment_august,m24prov_e2254152569bd7522d8e7abc,bps_stable32_province_2018_2025_v1,sakernas_unemployment_august_current38,,False,False
m24obs_9ef64be3562c04a87300f2c8,unemployment_rate,idn.17,Bengkulu,17,2020,Agustus,4.07,percent,observed,m5_unemployment_august,m24prov_3c76f2e7682622ebd86e8a8d,bps_stable32_province_2018_2025_v1,sakernas_unemployment_august_current38,,False,False
m24obs_aee0eab66f3b1710879c435a,unemployment_rate,idn.17,Bengkulu,17,2021,Agustus,3.65,percent,observed,m5_unemployment_august,m24prov_69efa85ec4e0e8a816b2692d,bps_stable32_province_2018_2025_v1,sakernas_unemployment_august_current38,,False,False
m24obs_9e529fb7accc5c6755a961ab,unemployment_rate,idn.17,Bengkulu,17,2022,Agustus,3.59,percent,observed,m5_unemployment_august,m24prov_ea0224d8c6c33d73421c80dd,bps_stable32_province_2018_2025_v1,sakernas_unemployment_august_current38,,False,False
m24obs_ccafbd16e5af4c54ff8da7ec,unemployment_rate,idn.17,Bengkulu,17,2023,Agustus,3.42,percent,observed,m5_unemployment_august,m24prov_4ab22fbdc8cf22cbd8607a9a,bps_stable32_province_2018_2025_v1,sakernas_unemployment_august_current38,,False,False
m24obs_4850e43f9a542983ed1d40dc,unemployment_rate,idn.17,Bengkulu,17,2024,Agustus,3.11,percent,observed,m5_unemployment_august,m24prov_577c6c6aac737a31ac29f70b,bps_stable32_province_2018_2025_v1,sakernas_unemployment_august_current38,,False,False
m24obs_f871435a37330b6598d2889b,unemployment_rate,idn.17,Bengkulu,17,2025,Agustus,3.41,percent,observed,m5_unemployment_august,m24prov_6520459329cad74d272fe92e,bps_stable32_province_2018_2025_v1,sakernas_unemployment_august_current38,,False,False
m24obs_db8929a27309d091cb2e4418,unemployment_rate,idn.18,Lampung,18,2018,Agustus,4.04,percent,observed,m5_unemployment_august,m24prov_d5cca5993c4fb66a6a026ab3,bps_stable32_province_2018_2025_v1,sakernas_unemployment_august_current38,,False,False
m24obs_c53b272c126f4e9d9a5a982b,unemployment_rate,idn.18,Lampung,18,2019,Agustus,4.03,percent,observed,m5_unemployment_august,m24prov_e2254152569bd7522d8e7abc,bps_stable32_province_2018_2025_v1,sakernas_unemployment_august_current38,,False,False
m24obs_64a901dde1691bed6e2b7188,unemployment_rate,idn.18,Lampung,18,2020,Agustus,4.67,percent,observed,m5_unemployment_august,m24prov_3c76f2e7682622ebd86e8a8d,bps_stable32_province_2018_2025_v1,sakernas_unemployment_august_current38,,False,False
m24obs_7828351cc6080b75c91f7c21,unemployment_rate,idn.18,Lampung,18,2021,Agustus,4.69,percent,observed,m5_unemployment_august,m24prov_69efa85ec4e0e8a816b2692d,bps_stable32_province_2018_2025_v1,sakernas_unemployment_august_current38,,False,False
m24obs_42394b966622a503bbf270b0,unemployment_rate,idn.18,Lampung,18,2022,Agustus,4.52,percent,observed,m5_unemployment_august,m24prov_ea0224d8c6c33d73421c80dd,bps_stable32_province_2018_2025_v1,sakernas_unemployment_august_current38,,False,False
m24obs_fbe81990d9c190a2964cc49a,unemployment_rate,idn.18,Lampung,18,2023,Agustus,4.23,percent,observed,m5_unemployment_august,m24prov_4ab22fbdc8cf22cbd8607a9a,bps_stable32_province_2018_2025_v1,sakernas_unemployment_august_current38,,False,False
m24obs_15fa4b45f1328f3abe967582,unemployment_rate,idn.18,Lampung,18,2024,Agustus,4.19,percent,observed,m5_unemployment_august,m24prov_577c6c6aac737a31ac29f70b,bps_stable32_province_2018_2025_v1,sakernas_unemployment_august_current38,,False,False
m24obs_7e20c790c70c7977c0ab7a72,unemployment_rate,idn.18,Lampung,18,2025,Agustus,4.21,percent,observed,m5_unemployment_august,m24prov_6520459329cad74d272fe92e,bps_stable32_province_2018_2025_v1,sakernas_unemployment_august_current38,,False,False
m24obs_ec63a20ba9aef056266f7af9,unemployment_rate,idn.19,Kepulauan Bangka Belitung,19,2018,Agustus,3.61,percent,observed,m5_unemployment_august,m24prov_d5cca5993c4fb66a6a026ab3,bps_stable32_province_2018_2025_v1,sakernas_unemployment_august_current38,,False,False
m24obs_b1deebf48cd582dc7d95b22c,unemployment_rate,idn.19,Kepulauan Bangka Belitung,19,2019,Agustus,3.58,percent,observed,m5_unemployment_august,m24prov_e2254152569bd7522d8e7abc,bps_stable32_province_2018_2025_v1,sakernas_unemployment_august_current38,,False,False
m24obs_639b0a1ef3c59bf98e728f8b,unemployment_rate,idn.19,Kepulauan Bangka Belitung,19,2020,Agustus,5.25,percent,observed,m5_unemployment_august,m24prov_3c76f2e7682622ebd86e8a8d,bps_stable32_province_2018_2025_v1,sakernas_unemployment_august_current38,,False,False
m24obs_47c5b0587fe04acc02f6b1b7,unemployment_rate,idn.19,Kepulauan Bangka Belitung,19,2021,Agustus,5.03,percent,observed,m5_unemployment_august,m24prov_69efa85ec4e0e8a816b2692d,bps_stable32_province_2018_2025_v1,sakernas_unemployment_august_current38,,False,False
m24obs_a7612120426e22b371521ea9,unemployment_rate,idn.19,Kepulauan Bangka Belitung,19,2022,Agustus,4.77,percent,observed,m5_unemployment_august,m24prov_ea0224d8c6c33d73421c80dd,bps_stable32_province_2018_2025_v1,sakernas_unemployment_august_current38,,False,False
m24obs_53fea2accaf274df0424b736,unemployment_rate,idn.19,Kepulauan Bangka Belitung,19,2023,Agustus,4.56,percent,observed,m5_unemployment_august,m24prov_4ab22fbdc8cf22cbd8607a9a,bps_stable32_province_2018_2025_v1,sakernas_unemployment_august_current38,,False,False
m24obs_20705a3bd83a69d53a62da94,unemployment_rate,idn.19,Kepulauan Bangka Belitung,19,2024,Agustus,4.63,percent,observed,m5_unemployment_august,m24prov_577c6c6aac737a31ac29f70b,bps_stable32_province_2018_2025_v1,sakernas_unemployment_august_current38,,False,False
m24obs_ec4dc4286ea5a0b93c8426e3,unemployment_rate,idn.19,Kepulauan Bangka Belitung,19,2025,Agustus,4.45,percent,observed,m5_unemployment_august,m24prov_6520459329cad74d272fe92e,bps_stable32_province_2018_2025_v1,sakernas_unemployment_august_current38,,False,False
m24obs_404cc08610eb0680f12f38e9,unemployment_rate,idn.21,Kepulauan Riau,21,2018,Agustus,8.04,percent,observed,m5_unemployment_august,m24prov_d5cca5993c4fb66a6a026ab3,bps_stable32_province_2018_2025_v1,sakernas_unemployment_august_current38,,False,False
m24obs_23b298d89615c046838d5ef4,unemployment_rate,idn.21,Kepulauan Riau,21,2019,Agustus,7.5,percent,observed,m5_unemployment_august,m24prov_e2254152569bd7522d8e7abc,bps_stable32_province_2018_2025_v1,sakernas_unemployment_august_current38,,False,False
m24obs_d3eec25161c9fd7f149e8f38,unemployment_rate,idn.21,Kepulauan Riau,21,2020,Agustus,10.34,percent,observed,m5_unemployment_august,m24prov_3c76f2e7682622ebd86e8a8d,bps_stable32_province_2018_2025_v1,sakernas_unemployment_august_current38,,False,False
m24obs_11a93438dbb72e9bd6aeb4db,unemployment_rate,idn.21,Kepulauan Riau,21,2021,Agustus,9.91,percent,observed,m5_unemployment_august,m24prov_69efa85ec4e0e8a816b2692d,bps_stable32_province_2018_2025_v1,sakernas_unemployment_august_current38,,False,False
m24obs_a00ae2046d26bf5cf1ee6efe,unemployment_rate,idn.21,Kepulauan Riau,21,2022,Agustus,8.23,percent,observed,m5_unemployment_august,m24prov_ea0224d8c6c33d73421c80dd,bps_stable32_province_2018_2025_v1,sakernas_unemployment_august_current38,,False,False
m24obs_ce2a99753ef0f93b68f8dca3,unemployment_rate,idn.21,Kepulauan Riau,21,2023,Agustus,6.8,percent,observed,m5_unemployment_august,m24prov_4ab22fbdc8cf22cbd8607a9a,bps_stable32_province_2018_2025_v1,sakernas_unemployment_august_current38,,False,False
m24obs_71a6a6f53df87a8fd5911d73,unemployment_rate,idn.21,Kepulauan Riau,21,2024,Agustus,6.39,percent,observed,m5_unemployment_august,m24prov_577c6c6aac737a31ac29f70b,bps_stable32_province_2018_2025_v1,sakernas_unemployment_august_current38,,False,False
m24obs_7229e20a72a37b57e755ddc7,unemployment_rate,idn.21,Kepulauan Riau,21,2025,Agustus,6.45,percent,observed,m5_unemployment_august,m24prov_6520459329cad74d272fe92e,bps_stable32_province_2018_2025_v1,sakernas_unemployment_august_current38,,False,False
m24obs_c04cfe50088defab0097c5b3,unemployment_rate,idn.31,DKI Jakarta,31,2018,Agustus,6.65,percent,observed,m5_unemployment_august,m24prov_d5cca5993c4fb66a6a026ab3,bps_stable32_province_2018_2025_v1,sakernas_unemployment_august_current38,,False,False
m24obs_9c3c11f2513f6afe2427a68d,unemployment_rate,idn.31,DKI Jakarta,31,2019,Agustus,6.54,percent,observed,m5_unemployment_august,m24prov_e2254152569bd7522d8e7abc,bps_stable32_province_2018_2025_v1,sakernas_unemployment_august_current38,,False,False
m24obs_b1a546902be895835a1fb1c6,unemployment_rate,idn.31,DKI Jakarta,31,2020,Agustus,10.95,percent,observed,m5_unemployment_august,m24prov_3c76f2e7682622ebd86e8a8d,bps_stable32_province_2018_2025_v1,sakernas_unemployment_august_current38,,False,False
m24obs_1152f7c797e003047a35f380,unemployment_rate,idn.31,DKI Jakarta,31,2021,Agustus,8.5,percent,observed,m5_unemployment_august,m24prov_69efa85ec4e0e8a816b2692d,bps_stable32_province_2018_2025_v1,sakernas_unemployment_august_current38,,False,False
m24obs_bad206ce57fb69f22cf13db0,unemployment_rate,idn.31,DKI Jakarta,31,2022,Agustus,7.18,percent,observed,m5_unemployment_august,m24prov_ea0224d8c6c33d73421c80dd,bps_stable32_province_2018_2025_v1,sakernas_unemployment_august_current38,,False,False
m24obs_426364268828fb10674cedee,unemployment_rate,idn.31,DKI Jakarta,31,2023,Agustus,6.53,percent,observed,m5_unemployment_august,m24prov_4ab22fbdc8cf22cbd8607a9a,bps_stable32_province_2018_2025_v1,sakernas_unemployment_august_current38,,False,False
m24obs_fa8eb0b53f3b04203a719e19,unemployment_rate,idn.31,DKI Jakarta,31,2024,Agustus,6.21,percent,observed,m5_unemployment_august,m24prov_577c6c6aac737a31ac29f70b,bps_stable32_province_2018_2025_v1,sakernas_unemployment_august_current38,,False,False
m24obs_7c485eb873878ec5102b0e46,unemployment_rate,idn.31,DKI Jakarta,31,2025,Agustus,6.05,percent,observed,m5_unemployment_august,m24prov_6520459329cad74d272fe92e,bps_stable32_province_2018_2025_v1,sakernas_unemployment_august_current38,,False,False
m24obs_b9bd3d778acf7195a8b05a6a,unemployment_rate,idn.32,Jawa Barat,32,2018,Agustus,8.23,percent,observed,m5_unemployment_august,m24prov_d5cca5993c4fb66a6a026ab3,bps_stable32_province_2018_2025_v1,sakernas_unemployment_august_current38,,False,False
m24obs_3df1ae263b108442debc787c,unemployment_rate,idn.32,Jawa Barat,32,2019,Agustus,8.04,percent,observed,m5_unemployment_august,m24prov_e2254152569bd7522d8e7abc,bps_stable32_province_2018_2025_v1,sakernas_unemployment_august_current38,,False,False
m24obs_7321b726a88fc652302594ff,unemployment_rate,idn.32,Jawa Barat,32,2020,Agustus,10.46,percent,observed,m5_unemployment_august,m24prov_3c76f2e7682622ebd86e8a8d,bps_stable32_province_2018_2025_v1,sakernas_unemployment_august_current38,,False,False
m24obs_b7b2c2200b130af2c4dee9e1,unemployment_rate,idn.32,Jawa Barat,32,2021,Agustus,9.82,percent,observed,m5_unemployment_august,m24prov_69efa85ec4e0e8a816b2692d,bps_stable32_province_2018_2025_v1,sakernas_unemployment_august_current38,,False,False
m24obs_c806da68acd4e5a2a079898e,unemployment_rate,idn.32,Jawa Barat,32,2022,Agustus,8.31,percent,observed,m5_unemployment_august,m24prov_ea0224d8c6c33d73421c80dd,bps_stable32_province_2018_2025_v1,sakernas_unemployment_august_current38,,False,False
m24obs_8cb2cb83eff954e97abec7d1,unemployment_rate,idn.32,Jawa Barat,32,2023,Agustus,7.44,percent,observed,m5_unemployment_august,m24prov_4ab22fbdc8cf22cbd8607a9a,bps_stable32_province_2018_2025_v1,sakernas_unemployment_august_current38,,False,False
m24obs_10c33746a03d389b2afbc461,unemployment_rate,idn.32,Jawa Barat,32,2024,Agustus,6.75,percent,observed,m5_unemployment_august,m24prov_577c6c6aac737a31ac29f70b,bps_stable32_province_2018_2025_v1,sakernas_unemployment_august_current38,,False,False
m24obs_a3775f113d50ff0f083808d9,unemployment_rate,idn.32,Jawa Barat,32,2025,Agustus,6.77,percent,observed,m5_unemployment_august,m24prov_6520459329cad74d272fe92e,bps_stable32_province_2018_2025_v1,sakernas_unemployment_august_current38,,False,False
m24obs_f3ecbc4d19adebe291c21372,unemployment_rate,idn.33,Jawa Tengah,33,2018,Agustus,4.47,percent,observed,m5_unemployment_august,m24prov_d5cca5993c4fb66a6a026ab3,bps_stable32_province_2018_2025_v1,sakernas_unemployment_august_current38,,False,False
m24obs_6cb6276d05016c41b4ef6ea6,unemployment_rate,idn.33,Jawa Tengah,33,2019,Agustus,4.44,percent,observed,m5_unemployment_august,m24prov_e2254152569bd7522d8e7abc,bps_stable32_province_2018_2025_v1,sakernas_unemployment_august_current38,,False,False
m24obs_d73a1ee8dfd158cbcf528275,unemployment_rate,idn.33,Jawa Tengah,33,2020,Agustus,6.48,percent,observed,m5_unemployment_august,m24prov_3c76f2e7682622ebd86e8a8d,bps_stable32_province_2018_2025_v1,sakernas_unemployment_august_current38,,False,False
m24obs_77c47938522c8d5a647d135e,unemployment_rate,idn.33,Jawa Tengah,33,2021,Agustus,5.95,percent,observed,m5_unemployment_august,m24prov_69efa85ec4e0e8a816b2692d,bps_stable32_province_2018_2025_v1,sakernas_unemployment_august_current38,,False,False
m24obs_24b9c67dfc0510a18b36f9d5,unemployment_rate,idn.33,Jawa Tengah,33,2022,Agustus,5.57,percent,observed,m5_unemployment_august,m24prov_ea0224d8c6c33d73421c80dd,bps_stable32_province_2018_2025_v1,sakernas_unemployment_august_current38,,False,False
m24obs_13dc33459194d0f249519a67,unemployment_rate,idn.33,Jawa Tengah,33,2023,Agustus,5.13,percent,observed,m5_unemployment_august,m24prov_4ab22fbdc8cf22cbd8607a9a,bps_stable32_province_2018_2025_v1,sakernas_unemployment_august_current38,,False,False
m24obs_e2359997dfc2bdc1b832aae7,unemployment_rate,idn.33,Jawa Tengah,33,2024,Agustus,4.78,percent,observed,m5_unemployment_august,m24prov_577c6c6aac737a31ac29f70b,bps_stable32_province_2018_2025_v1,sakernas_unemployment_august_current38,,False,False
m24obs_661aa2b224962007ac9dc53e,unemployment_rate,idn.33,Jawa Tengah,33,2025,Agustus,4.66,percent,observed,m5_unemployment_august,m24prov_6520459329cad74d272fe92e,bps_stable32_province_2018_2025_v1,sakernas_unemployment_august_current38,,False,False
m24obs_892f404ed338acf27403ce98,unemployment_rate,idn.34,DI Yogyakarta,34,2018,Agustus,3.37,percent,observed,m5_unemployment_august,m24prov_d5cca5993c4fb66a6a026ab3,bps_stable32_province_2018_2025_v1,sakernas_unemployment_august_current38,,False,False
m24obs_bd692d0e0ac8e945636d5412,unemployment_rate,idn.34,DI Yogyakarta,34,2019,Agustus,3.18,percent,observed,m5_unemployment_august,m24prov_e2254152569bd7522d8e7abc,bps_stable32_province_2018_2025_v1,sakernas_unemployment_august_current38,,False,False
m24obs_df63325e08e0435a47ef8904,unemployment_rate,idn.34,DI Yogyakarta,34,2020,Agustus,4.57,percent,observed,m5_unemployment_august,m24prov_3c76f2e7682622ebd86e8a8d,bps_stable32_province_2018_2025_v1,sakernas_unemployment_august_current38,,False,False
m24obs_25bcf16b7d5274250b3556f5,unemployment_rate,idn.34,DI Yogyakarta,34,2021,Agustus,4.56,percent,observed,m5_unemployment_august,m24prov_69efa85ec4e0e8a816b2692d,bps_stable32_province_2018_2025_v1,sakernas_unemployment_august_current38,,False,False
m24obs_3704048723e3d42160309ffd,unemployment_rate,idn.34,DI Yogyakarta,34,2022,Agustus,4.06,percent,observed,m5_unemployment_august,m24prov_ea0224d8c6c33d73421c80dd,bps_stable32_province_2018_2025_v1,sakernas_unemployment_august_current38,,False,False
m24obs_2ca56b80fb84fbba301acd31,unemployment_rate,idn.34,DI Yogyakarta,34,2023,Agustus,3.69,percent,observed,m5_unemployment_august,m24prov_4ab22fbdc8cf22cbd8607a9a,bps_stable32_province_2018_2025_v1,sakernas_unemployment_august_current38,,False,False
m24obs_e97c52de21dfbe1e4bc31dd1,unemployment_rate,idn.34,DI Yogyakarta,34,2024,Agustus,3.48,percent,observed,m5_unemployment_august,m24prov_577c6c6aac737a31ac29f70b,bps_stable32_province_2018_2025_v1,sakernas_unemployment_august_current38,,False,False
m24obs_8c9bd01bcda6a1f1eaa1fa3a,unemployment_rate,idn.34,DI Yogyakarta,34,2025,Agustus,3.46,percent,observed,m5_unemployment_august,m24prov_6520459329cad74d272fe92e,bps_stable32_province_2018_2025_v1,sakernas_unemployment_august_current38,,False,False
m24obs_8e826dbbd36d3aad1074c431,unemployment_rate,idn.35,Jawa Timur,35,2018,Agustus,3.91,percent,observed,m5_unemployment_august,m24prov_d5cca5993c4fb66a6a026ab3,bps_stable32_province_2018_2025_v1,sakernas_unemployment_august_current38,,False,False
m24obs_500b644bc6e7f10e3c29d35e,unemployment_rate,idn.35,Jawa Timur,35,2019,Agustus,3.82,percent,observed,m5_unemployment_august,m24prov_e2254152569bd7522d8e7abc,bps_stable32_province_2018_2025_v1,sakernas_unemployment_august_current38,,False,False
m24obs_35a92e8e7158d38b5262da6d,unemployment_rate,idn.35,Jawa Timur,35,2020,Agustus,5.84,percent,observed,m5_unemployment_august,m24prov_3c76f2e7682622ebd86e8a8d,bps_stable32_province_2018_2025_v1,sakernas_unemployment_august_current38,,False,False
m24obs_9340e229ea080e0a84ebbc5c,unemployment_rate,idn.35,Jawa Timur,35,2021,Agustus,5.74,percent,observed,m5_unemployment_august,m24prov_69efa85ec4e0e8a816b2692d,bps_stable32_province_2018_2025_v1,sakernas_unemployment_august_current38,,False,False
m24obs_af5d80652aa3efad36873086,unemployment_rate,idn.35,Jawa Timur,35,2022,Agustus,5.49,percent,observed,m5_unemployment_august,m24prov_ea0224d8c6c33d73421c80dd,bps_stable32_province_2018_2025_v1,sakernas_unemployment_august_current38,,False,False
m24obs_d8fbcc32f4bb5fa2ecfe805d,unemployment_rate,idn.35,Jawa Timur,35,2023,Agustus,4.88,percent,observed,m5_unemployment_august,m24prov_4ab22fbdc8cf22cbd8607a9a,bps_stable32_province_2018_2025_v1,sakernas_unemployment_august_current38,,False,False
m24obs_fe23fb2686ad156565170899,unemployment_rate,idn.35,Jawa Timur,35,2024,Agustus,4.19,percent,observed,m5_unemployment_august,m24prov_577c6c6aac737a31ac29f70b,bps_stable32_province_2018_2025_v1,sakernas_unemployment_august_current38,,False,False
m24obs_3362f90cde3a283206093f63,unemployment_rate,idn.35,Jawa Timur,35,2025,Agustus,3.88,percent,observed,m5_unemployment_august,m24prov_6520459329cad74d272fe92e,bps_stable32_province_2018_2025_v1,sakernas_unemployment_august_current38,,False,False
m24obs_caf66a77bd989848ace1424a,unemployment_rate,idn.36,Banten,36,2018,Agustus,8.47,percent,observed,m5_unemployment_august,m24prov_d5cca5993c4fb66a6a026ab3,bps_stable32_province_2018_2025_v1,sakernas_unemployment_august_current38,,False,False
m24obs_b188622729d5ace2fe6a9bb5,unemployment_rate,idn.36,Banten,36,2019,Agustus,8.11,percent,observed,m5_unemployment_august,m24prov_e2254152569bd7522d8e7abc,bps_stable32_province_2018_2025_v1,sakernas_unemployment_august_current38,,False,False
m24obs_ac741a50cc2b84d06b30c1cb,unemployment_rate,idn.36,Banten,36,2020,Agustus,10.64,percent,observed,m5_unemployment_august,m24prov_3c76f2e7682622ebd86e8a8d,bps_stable32_province_2018_2025_v1,sakernas_unemployment_august_current38,,False,False
m24obs_b9c4bc2319fe413ec3c3b37a,unemployment_rate,idn.36,Banten,36,2021,Agustus,8.98,percent,observed,m5_unemployment_august,m24prov_69efa85ec4e0e8a816b2692d,bps_stable32_province_2018_2025_v1,sakernas_unemployment_august_current38,,False,False
m24obs_9f5db39c3886606689b9ce9d,unemployment_rate,idn.36,Banten,36,2022,Agustus,8.09,percent,observed,m5_unemployment_august,m24prov_ea0224d8c6c33d73421c80dd,bps_stable32_province_2018_2025_v1,sakernas_unemployment_august_current38,,False,False
m24obs_46b6e3ac12950292d264917f,unemployment_rate,idn.36,Banten,36,2023,Agustus,7.52,percent,observed,m5_unemployment_august,m24prov_4ab22fbdc8cf22cbd8607a9a,bps_stable32_province_2018_2025_v1,sakernas_unemployment_august_current38,,False,False
m24obs_be94538d1e13bda17c4255f1,unemployment_rate,idn.36,Banten,36,2024,Agustus,6.68,percent,observed,m5_unemployment_august,m24prov_577c6c6aac737a31ac29f70b,bps_stable32_province_2018_2025_v1,sakernas_unemployment_august_current38,,False,False
m24obs_daa4b52ac0a7beae3b6edc25,unemployment_rate,idn.36,Banten,36,2025,Agustus,6.69,percent,observed,m5_unemployment_august,m24prov_6520459329cad74d272fe92e,bps_stable32_province_2018_2025_v1,sakernas_unemployment_august_current38,,False,False
m24obs_63ba4e398f32529843d1f579,unemployment_rate,idn.51,Bali,51,2018,Agustus,1.4,percent,observed,m5_unemployment_august,m24prov_d5cca5993c4fb66a6a026ab3,bps_stable32_province_2018_2025_v1,sakernas_unemployment_august_current38,,False,False
m24obs_6c4a19ad70382d4bccc215db,unemployment_rate,idn.51,Bali,51,2019,Agustus,1.57,percent,observed,m5_unemployment_august,m24prov_e2254152569bd7522d8e7abc,bps_stable32_province_2018_2025_v1,sakernas_unemployment_august_current38,,False,False
m24obs_f519f0a0c65b77e6ac4d7762,unemployment_rate,idn.51,Bali,51,2020,Agustus,5.63,percent,observed,m5_unemployment_august,m24prov_3c76f2e7682622ebd86e8a8d,bps_stable32_province_2018_2025_v1,sakernas_unemployment_august_current38,,False,False
m24obs_433d6303235470b3160e3fb7,unemployment_rate,idn.51,Bali,51,2021,Agustus,5.37,percent,observed,m5_unemployment_august,m24prov_69efa85ec4e0e8a816b2692d,bps_stable32_province_2018_2025_v1,sakernas_unemployment_august_current38,,False,False
m24obs_d469af15b31a7625194d1bf0,unemployment_rate,idn.51,Bali,51,2022,Agustus,4.8,percent,observed,m5_unemployment_august,m24prov_ea0224d8c6c33d73421c80dd,bps_stable32_province_2018_2025_v1,sakernas_unemployment_august_current38,,False,False
m24obs_10f1f94c0a564e520d7c13a6,unemployment_rate,idn.51,Bali,51,2023,Agustus,2.69,percent,observed,m5_unemployment_august,m24prov_4ab22fbdc8cf22cbd8607a9a,bps_stable32_province_2018_2025_v1,sakernas_unemployment_august_current38,,False,False
m24obs_44d4668461efd4d02582fba5,unemployment_rate,idn.51,Bali,51,2024,Agustus,1.79,percent,observed,m5_unemployment_august,m24prov_577c6c6aac737a31ac29f70b,bps_stable32_province_2018_2025_v1,sakernas_unemployment_august_current38,,False,False
m24obs_82a22d1ecbb0cc96b64d4d3b,unemployment_rate,idn.51,Bali,51,2025,Agustus,1.49,percent,observed,m5_unemployment_august,m24prov_6520459329cad74d272fe92e,bps_stable32_province_2018_2025_v1,sakernas_unemployment_august_current38,,False,False
m24obs_9609187025d87e6d4830792e,unemployment_rate,idn.52,Nusa Tenggara Barat,52,2018,Agustus,3.58,percent,observed,m5_unemployment_august,m24prov_d5cca5993c4fb66a6a026ab3,bps_stable32_province_2018_2025_v1,sakernas_unemployment_august_current38,,False,False
m24obs_d33cbc057633349882e5b273,unemployment_rate,idn.52,Nusa Tenggara Barat,52,2019,Agustus,3.28,percent,observed,m5_unemployment_august,m24prov_e2254152569bd7522d8e7abc,bps_stable32_province_2018_2025_v1,sakernas_unemployment_august_current38,,False,False
m24obs_a08c6993479a049be8b1bcaf,unemployment_rate,idn.52,Nusa Tenggara Barat,52,2020,Agustus,4.22,percent,observed,m5_unemployment_august,m24prov_3c76f2e7682622ebd86e8a8d,bps_stable32_province_2018_2025_v1,sakernas_unemployment_august_current38,,False,False
m24obs_d11ae220325c8596b52c84b8,unemployment_rate,idn.52,Nusa Tenggara Barat,52,2021,Agustus,3.01,percent,observed,m5_unemployment_august,m24prov_69efa85ec4e0e8a816b2692d,bps_stable32_province_2018_2025_v1,sakernas_unemployment_august_current38,,False,False
m24obs_a7a421857c6e417e6e23d218,unemployment_rate,idn.52,Nusa Tenggara Barat,52,2022,Agustus,2.89,percent,observed,m5_unemployment_august,m24prov_ea0224d8c6c33d73421c80dd,bps_stable32_province_2018_2025_v1,sakernas_unemployment_august_current38,,False,False
m24obs_369423529ba03c598d1fe8bd,unemployment_rate,idn.52,Nusa Tenggara Barat,52,2023,Agustus,2.8,percent,observed,m5_unemployment_august,m24prov_4ab22fbdc8cf22cbd8607a9a,bps_stable32_province_2018_2025_v1,sakernas_unemployment_august_current38,,False,False
m24obs_88e9007534fdab2e8e9d5034,unemployment_rate,idn.52,Nusa Tenggara Barat,52,2024,Agustus,2.73,percent,observed,m5_unemployment_august,m24prov_577c6c6aac737a31ac29f70b,bps_stable32_province_2018_2025_v1,sakernas_unemployment_august_current38,,False,False
m24obs_7c50c3895a17f2c35d0e3040,unemployment_rate,idn.52,Nusa Tenggara Barat,52,2025,Agustus,3.06,percent,observed,m5_unemployment_august,m24prov_6520459329cad74d272fe92e,bps_stable32_province_2018_2025_v1,sakernas_unemployment_august_current38,,False,False
m24obs_43a0ba07569e4fb4c10299c4,unemployment_rate,idn.53,Nusa Tenggara Timur,53,2018,Agustus,2.85,percent,observed,m5_unemployment_august,m24prov_d5cca5993c4fb66a6a026ab3,bps_stable32_province_2018_2025_v1,sakernas_unemployment_august_current38,,False,False
m24obs_01f140bcab88400351200f28,unemployment_rate,idn.53,Nusa Tenggara Timur,53,2019,Agustus,3.14,percent,observed,m5_unemployment_august,m24prov_e2254152569bd7522d8e7abc,bps_stable32_province_2018_2025_v1,sakernas_unemployment_august_current38,,False,False
m24obs_8b343801c87c487b028db793,unemployment_rate,idn.53,Nusa Tenggara Timur,53,2020,Agustus,4.28,percent,observed,m5_unemployment_august,m24prov_3c76f2e7682622ebd86e8a8d,bps_stable32_province_2018_2025_v1,sakernas_unemployment_august_current38,,False,False
m24obs_07f1bd9472a3b6366db5aa99,unemployment_rate,idn.53,Nusa Tenggara Timur,53,2021,Agustus,3.77,percent,observed,m5_unemployment_august,m24prov_69efa85ec4e0e8a816b2692d,bps_stable32_province_2018_2025_v1,sakernas_unemployment_august_current38,,False,False
m24obs_7349552cfe4859082a51ce64,unemployment_rate,idn.53,Nusa Tenggara Timur,53,2022,Agustus,3.54,percent,observed,m5_unemployment_august,m24prov_ea0224d8c6c33d73421c80dd,bps_stable32_province_2018_2025_v1,sakernas_unemployment_august_current38,,False,False
m24obs_484ce2a2514efc7a2c5e271e,unemployment_rate,idn.53,Nusa Tenggara Timur,53,2023,Agustus,3.14,percent,observed,m5_unemployment_august,m24prov_4ab22fbdc8cf22cbd8607a9a,bps_stable32_province_2018_2025_v1,sakernas_unemployment_august_current38,,False,False
m24obs_9126a9a4d7abe20c08cbe9d0,unemployment_rate,idn.53,Nusa Tenggara Timur,53,2024,Agustus,3.02,percent,observed,m5_unemployment_august,m24prov_577c6c6aac737a31ac29f70b,bps_stable32_province_2018_2025_v1,sakernas_unemployment_august_current38,,False,False
m24obs_bcb1cc79c905444a511ebb41,unemployment_rate,idn.53,Nusa Tenggara Timur,53,2025,Agustus,3.31,percent,observed,m5_unemployment_august,m24prov_6520459329cad74d272fe92e,bps_stable32_province_2018_2025_v1,sakernas_unemployment_august_current38,,False,False
m24obs_7c2da08ef0b199a1d4d115fb,unemployment_rate,idn.61,Kalimantan Barat,61,2018,Agustus,4.18,percent,observed,m5_unemployment_august,m24prov_d5cca5993c4fb66a6a026ab3,bps_stable32_province_2018_2025_v1,sakernas_unemployment_august_current38,,False,False
m24obs_86c00c1048115e0ead1db814,unemployment_rate,idn.61,Kalimantan Barat,61,2019,Agustus,4.35,percent,observed,m5_unemployment_august,m24prov_e2254152569bd7522d8e7abc,bps_stable32_province_2018_2025_v1,sakernas_unemployment_august_current38,,False,False
m24obs_8fc9d5eceb929038d52d83a1,unemployment_rate,idn.61,Kalimantan Barat,61,2020,Agustus,5.81,percent,observed,m5_unemployment_august,m24prov_3c76f2e7682622ebd86e8a8d,bps_stable32_province_2018_2025_v1,sakernas_unemployment_august_current38,,False,False
m24obs_b0b63232c53805fa8c4db7ee,unemployment_rate,idn.61,Kalimantan Barat,61,2021,Agustus,5.82,percent,observed,m5_unemployment_august,m24prov_69efa85ec4e0e8a816b2692d,bps_stable32_province_2018_2025_v1,sakernas_unemployment_august_current38,,False,False
m24obs_52d3dc9a873555550301e8df,unemployment_rate,idn.61,Kalimantan Barat,61,2022,Agustus,5.11,percent,observed,m5_unemployment_august,m24prov_ea0224d8c6c33d73421c80dd,bps_stable32_province_2018_2025_v1,sakernas_unemployment_august_current38,,False,False
m24obs_13647fbdcde74f1e0cee102f,unemployment_rate,idn.61,Kalimantan Barat,61,2023,Agustus,5.05,percent,observed,m5_unemployment_august,m24prov_4ab22fbdc8cf22cbd8607a9a,bps_stable32_province_2018_2025_v1,sakernas_unemployment_august_current38,,False,False
m24obs_fb78e2db374b500aee80dc39,unemployment_rate,idn.61,Kalimantan Barat,61,2024,Agustus,4.86,percent,observed,m5_unemployment_august,m24prov_577c6c6aac737a31ac29f70b,bps_stable32_province_2018_2025_v1,sakernas_unemployment_august_current38,,False,False
m24obs_69b3c40512e0fcca02121e47,unemployment_rate,idn.61,Kalimantan Barat,61,2025,Agustus,4.82,percent,observed,m5_unemployment_august,m24prov_6520459329cad74d272fe92e,bps_stable32_province_2018_2025_v1,sakernas_unemployment_august_current38,,False,False
m24obs_ad051102e06db99ff2b335b0,unemployment_rate,idn.62,Kalimantan Tengah,62,2018,Agustus,3.91,percent,observed,m5_unemployment_august,m24prov_d5cca5993c4fb66a6a026ab3,bps_stable32_province_2018_2025_v1,sakernas_unemployment_august_current38,,False,False
m24obs_12a22cba46e80c0e69d33806,unemployment_rate,idn.62,Kalimantan Tengah,62,2019,Agustus,4.04,percent,observed,m5_unemployment_august,m24prov_e2254152569bd7522d8e7abc,bps_stable32_province_2018_2025_v1,sakernas_unemployment_august_current38,,False,False
m24obs_ca3787e84082adfe18abbdbf,unemployment_rate,idn.62,Kalimantan Tengah,62,2020,Agustus,4.58,percent,observed,m5_unemployment_august,m24prov_3c76f2e7682622ebd86e8a8d,bps_stable32_province_2018_2025_v1,sakernas_unemployment_august_current38,,False,False
m24obs_ed93fd28e9adc14a2ba7e009,unemployment_rate,idn.62,Kalimantan Tengah,62,2021,Agustus,4.53,percent,observed,m5_unemployment_august,m24prov_69efa85ec4e0e8a816b2692d,bps_stable32_province_2018_2025_v1,sakernas_unemployment_august_current38,,False,False
m24obs_89bc4c03e159be8bfd0cc35b,unemployment_rate,idn.62,Kalimantan Tengah,62,2022,Agustus,4.26,percent,observed,m5_unemployment_august,m24prov_ea0224d8c6c33d73421c80dd,bps_stable32_province_2018_2025_v1,sakernas_unemployment_august_current38,,False,False
m24obs_b30979dfdaee75267b80ee5f,unemployment_rate,idn.62,Kalimantan Tengah,62,2023,Agustus,4.1,percent,observed,m5_unemployment_august,m24prov_4ab22fbdc8cf22cbd8607a9a,bps_stable32_province_2018_2025_v1,sakernas_unemployment_august_current38,,False,False
m24obs_e8d9be62f820e31bbdef35e1,unemployment_rate,idn.62,Kalimantan Tengah,62,2024,Agustus,4.01,percent,observed,m5_unemployment_august,m24prov_577c6c6aac737a31ac29f70b,bps_stable32_province_2018_2025_v1,sakernas_unemployment_august_current38,,False,False
m24obs_11ac421836dec7cc17e94e6a,unemployment_rate,idn.62,Kalimantan Tengah,62,2025,Agustus,3.97,percent,observed,m5_unemployment_august,m24prov_6520459329cad74d272fe92e,bps_stable32_province_2018_2025_v1,sakernas_unemployment_august_current38,,False,False
m24obs_47b24775a9e2e03ac4ac00c2,unemployment_rate,idn.63,Kalimantan Selatan,63,2018,Agustus,4.35,percent,observed,m5_unemployment_august,m24prov_d5cca5993c4fb66a6a026ab3,bps_stable32_province_2018_2025_v1,sakernas_unemployment_august_current38,,False,False
m24obs_c78e23d32c5712a04895ea01,unemployment_rate,idn.63,Kalimantan Selatan,63,2019,Agustus,4.18,percent,observed,m5_unemployment_august,m24prov_e2254152569bd7522d8e7abc,bps_stable32_province_2018_2025_v1,sakernas_unemployment_august_current38,,False,False
m24obs_6499fee1377b23ab757d1285,unemployment_rate,idn.63,Kalimantan Selatan,63,2020,Agustus,4.74,percent,observed,m5_unemployment_august,m24prov_3c76f2e7682622ebd86e8a8d,bps_stable32_province_2018_2025_v1,sakernas_unemployment_august_current38,,False,False
m24obs_183c7d3f23b897ac4fb8597f,unemployment_rate,idn.63,Kalimantan Selatan,63,2021,Agustus,4.95,percent,observed,m5_unemployment_august,m24prov_69efa85ec4e0e8a816b2692d,bps_stable32_province_2018_2025_v1,sakernas_unemployment_august_current38,,False,False
m24obs_e5c510f6b5c95216a20ed135,unemployment_rate,idn.63,Kalimantan Selatan,63,2022,Agustus,4.74,percent,observed,m5_unemployment_august,m24prov_ea0224d8c6c33d73421c80dd,bps_stable32_province_2018_2025_v1,sakernas_unemployment_august_current38,,False,False
m24obs_b9ebdf68eb114586757d8a70,unemployment_rate,idn.63,Kalimantan Selatan,63,2023,Agustus,4.31,percent,observed,m5_unemployment_august,m24prov_4ab22fbdc8cf22cbd8607a9a,bps_stable32_province_2018_2025_v1,sakernas_unemployment_august_current38,,False,False
m24obs_fabd99b9b64c017e0e268419,unemployment_rate,idn.63,Kalimantan Selatan,63,2024,Agustus,4.2,percent,observed,m5_unemployment_august,m24prov_577c6c6aac737a31ac29f70b,bps_stable32_province_2018_2025_v1,sakernas_unemployment_august_current38,,False,False
m24obs_4a45a14b2721726990963062,unemployment_rate,idn.63,Kalimantan Selatan,63,2025,Agustus,4.16,percent,observed,m5_unemployment_august,m24prov_6520459329cad74d272fe92e,bps_stable32_province_2018_2025_v1,sakernas_unemployment_august_current38,,False,False
m24obs_14e9c2f99050949b34130171,unemployment_rate,idn.64,Kalimantan Timur,64,2018,Agustus,6.41,percent,observed,m5_unemployment_august,m24prov_d5cca5993c4fb66a6a026ab3,bps_stable32_province_2018_2025_v1,sakernas_unemployment_august_current38,,False,False
m24obs_c836ba1c33b2f7dff9f8ec3b,unemployment_rate,idn.64,Kalimantan Timur,64,2019,Agustus,5.94,percent,observed,m5_unemployment_august,m24prov_e2254152569bd7522d8e7abc,bps_stable32_province_2018_2025_v1,sakernas_unemployment_august_current38,,False,False
m24obs_2bf90eae46823a25a9102fbd,unemployment_rate,idn.64,Kalimantan Timur,64,2020,Agustus,6.87,percent,observed,m5_unemployment_august,m24prov_3c76f2e7682622ebd86e8a8d,bps_stable32_province_2018_2025_v1,sakernas_unemployment_august_current38,,False,False
m24obs_98517df59e106f4183bacc0d,unemployment_rate,idn.64,Kalimantan Timur,64,2021,Agustus,6.83,percent,observed,m5_unemployment_august,m24prov_69efa85ec4e0e8a816b2692d,bps_stable32_province_2018_2025_v1,sakernas_unemployment_august_current38,,False,False
m24obs_e17425c4457ae24727dabfc6,unemployment_rate,idn.64,Kalimantan Timur,64,2022,Agustus,5.71,percent,observed,m5_unemployment_august,m24prov_ea0224d8c6c33d73421c80dd,bps_stable32_province_2018_2025_v1,sakernas_unemployment_august_current38,,False,False
m24obs_7de8aabf651f9561c7e9f0a7,unemployment_rate,idn.64,Kalimantan Timur,64,2023,Agustus,5.31,percent,observed,m5_unemployment_august,m24prov_4ab22fbdc8cf22cbd8607a9a,bps_stable32_province_2018_2025_v1,sakernas_unemployment_august_current38,,False,False
m24obs_c58eee23c4bda12787f4caa4,unemployment_rate,idn.64,Kalimantan Timur,64,2024,Agustus,5.14,percent,observed,m5_unemployment_august,m24prov_577c6c6aac737a31ac29f70b,bps_stable32_province_2018_2025_v1,sakernas_unemployment_august_current38,,False,False
m24obs_bb800c9cb5fc3ebc441f7352,unemployment_rate,idn.64,Kalimantan Timur,64,2025,Agustus,5.18,percent,observed,m5_unemployment_august,m24prov_6520459329cad74d272fe92e,bps_stable32_province_2018_2025_v1,sakernas_unemployment_august_current38,,False,False
m24obs_30d6ae1fc38f0a3b741472d5,unemployment_rate,idn.65,Kalimantan Utara,65,2018,Agustus,5.11,percent,observed,m5_unemployment_august,m24prov_d5cca5993c4fb66a6a026ab3,bps_stable32_province_2018_2025_v1,sakernas_unemployment_august_current38,,False,False
m24obs_cd525f00825ee02997f6157c,unemployment_rate,idn.65,Kalimantan Utara,65,2019,Agustus,4.49,percent,observed,m5_unemployment_august,m24prov_e2254152569bd7522d8e7abc,bps_stable32_province_2018_2025_v1,sakernas_unemployment_august_current38,,False,False
m24obs_fe47d73fa74e135fcebde63d,unemployment_rate,idn.65,Kalimantan Utara,65,2020,Agustus,4.97,percent,observed,m5_unemployment_august,m24prov_3c76f2e7682622ebd86e8a8d,bps_stable32_province_2018_2025_v1,sakernas_unemployment_august_current38,,False,False
m24obs_dccfc8308cd74dcca41cc391,unemployment_rate,idn.65,Kalimantan Utara,65,2021,Agustus,4.58,percent,observed,m5_unemployment_august,m24prov_69efa85ec4e0e8a816b2692d,bps_stable32_province_2018_2025_v1,sakernas_unemployment_august_current38,,False,False
m24obs_911122d25ec60898bfd48dad,unemployment_rate,idn.65,Kalimantan Utara,65,2022,Agustus,4.33,percent,observed,m5_unemployment_august,m24prov_ea0224d8c6c33d73421c80dd,bps_stable32_province_2018_2025_v1,sakernas_unemployment_august_current38,,False,False
m24obs_56239ded10e7435018f3322a,unemployment_rate,idn.65,Kalimantan Utara,65,2023,Agustus,4.01,percent,observed,m5_unemployment_august,m24prov_4ab22fbdc8cf22cbd8607a9a,bps_stable32_province_2018_2025_v1,sakernas_unemployment_august_current38,,False,False
m24obs_3c1ee86118aa8b8ed818ec7f,unemployment_rate,idn.65,Kalimantan Utara,65,2024,Agustus,3.9,percent,observed,m5_unemployment_august,m24prov_577c6c6aac737a31ac29f70b,bps_stable32_province_2018_2025_v1,sakernas_unemployment_august_current38,,False,False
m24obs_339cd2d05b76b550eabe253d,unemployment_rate,idn.65,Kalimantan Utara,65,2025,Agustus,3.85,percent,observed,m5_unemployment_august,m24prov_6520459329cad74d272fe92e,bps_stable32_province_2018_2025_v1,sakernas_unemployment_august_current38,,False,False
m24obs_6bc44ca951b415709c24d206,unemployment_rate,idn.71,Sulawesi Utara,71,2018,Agustus,6.61,percent,observed,m5_unemployment_august,m24prov_d5cca5993c4fb66a6a026ab3,bps_stable32_province_2018_2025_v1,sakernas_unemployment_august_current38,,False,False
m24obs_6963fb2b159f7588712a8363,unemployment_rate,idn.71,Sulawesi Utara,71,2019,Agustus,6.01,percent,observed,m5_unemployment_august,m24prov_e2254152569bd7522d8e7abc,bps_stable32_province_2018_2025_v1,sakernas_unemployment_august_current38,,False,False
m24obs_ded70997ce6e642981b2081b,unemployment_rate,idn.71,Sulawesi Utara,71,2020,Agustus,7.37,percent,observed,m5_unemployment_august,m24prov_3c76f2e7682622ebd86e8a8d,bps_stable32_province_2018_2025_v1,sakernas_unemployment_august_current38,,False,False
m24obs_00fab5f99e89f123900970e8,unemployment_rate,idn.71,Sulawesi Utara,71,2021,Agustus,7.06,percent,observed,m5_unemployment_august,m24prov_69efa85ec4e0e8a816b2692d,bps_stable32_province_2018_2025_v1,sakernas_unemployment_august_current38,,False,False
m24obs_470efe5174f1383ce125f6f3,unemployment_rate,idn.71,Sulawesi Utara,71,2022,Agustus,6.61,percent,observed,m5_unemployment_august,m24prov_ea0224d8c6c33d73421c80dd,bps_stable32_province_2018_2025_v1,sakernas_unemployment_august_current38,,False,False
m24obs_bb01dc8ad1357f6c8e0aeb23,unemployment_rate,idn.71,Sulawesi Utara,71,2023,Agustus,6.1,percent,observed,m5_unemployment_august,m24prov_4ab22fbdc8cf22cbd8607a9a,bps_stable32_province_2018_2025_v1,sakernas_unemployment_august_current38,,False,False
m24obs_47e998ab01e633dc89fa0ba6,unemployment_rate,idn.71,Sulawesi Utara,71,2024,Agustus,5.85,percent,observed,m5_unemployment_august,m24prov_577c6c6aac737a31ac29f70b,bps_stable32_province_2018_2025_v1,sakernas_unemployment_august_current38,,False,False
m24obs_69412068db4a9dd347d13dc8,unemployment_rate,idn.71,Sulawesi Utara,71,2025,Agustus,5.99,percent,observed,m5_unemployment_august,m24prov_6520459329cad74d272fe92e,bps_stable32_province_2018_2025_v1,sakernas_unemployment_august_current38,,False,False
m24obs_f04742121a7f8ece0969491a,unemployment_rate,idn.72,Sulawesi Tengah,72,2018,Agustus,3.37,percent,observed,m5_unemployment_august,m24prov_d5cca5993c4fb66a6a026ab3,bps_stable32_province_2018_2025_v1,sakernas_unemployment_august_current38,,False,False
m24obs_fd45fd6bae2de23c6e29e9b6,unemployment_rate,idn.72,Sulawesi Tengah,72,2019,Agustus,3.11,percent,observed,m5_unemployment_august,m24prov_e2254152569bd7522d8e7abc,bps_stable32_province_2018_2025_v1,sakernas_unemployment_august_current38,,False,False
m24obs_bd6cf299d4b5c08400af4162,unemployment_rate,idn.72,Sulawesi Tengah,72,2020,Agustus,3.77,percent,observed,m5_unemployment_august,m24prov_3c76f2e7682622ebd86e8a8d,bps_stable32_province_2018_2025_v1,sakernas_unemployment_august_current38,,False,False
m24obs_e3f5869c579de69afec9b6df,unemployment_rate,idn.72,Sulawesi Tengah,72,2021,Agustus,3.75,percent,observed,m5_unemployment_august,m24prov_69efa85ec4e0e8a816b2692d,bps_stable32_province_2018_2025_v1,sakernas_unemployment_august_current38,,False,False
m24obs_68c44281eaf217a396958afa,unemployment_rate,idn.72,Sulawesi Tengah,72,2022,Agustus,3,percent,observed,m5_unemployment_august,m24prov_ea0224d8c6c33d73421c80dd,bps_stable32_province_2018_2025_v1,sakernas_unemployment_august_current38,,False,False
m24obs_3a748e40270ff1e231e66ae8,unemployment_rate,idn.72,Sulawesi Tengah,72,2023,Agustus,2.95,percent,observed,m5_unemployment_august,m24prov_4ab22fbdc8cf22cbd8607a9a,bps_stable32_province_2018_2025_v1,sakernas_unemployment_august_current38,,False,False
m24obs_eb2cec904028db1ecc4a3fa0,unemployment_rate,idn.72,Sulawesi Tengah,72,2024,Agustus,2.94,percent,observed,m5_unemployment_august,m24prov_577c6c6aac737a31ac29f70b,bps_stable32_province_2018_2025_v1,sakernas_unemployment_august_current38,,False,False
m24obs_cd2e4d4ea7be15bc7158249c,unemployment_rate,idn.72,Sulawesi Tengah,72,2025,Agustus,2.92,percent,observed,m5_unemployment_august,m24prov_6520459329cad74d272fe92e,bps_stable32_province_2018_2025_v1,sakernas_unemployment_august_current38,,False,False
m24obs_68c90cd64dae2b74711effb2,unemployment_rate,idn.73,Sulawesi Selatan,73,2018,Agustus,4.94,percent,observed,m5_unemployment_august,m24prov_d5cca5993c4fb66a6a026ab3,bps_stable32_province_2018_2025_v1,sakernas_unemployment_august_current38,,False,False
m24obs_b7c6a065ede5294447b770b8,unemployment_rate,idn.73,Sulawesi Selatan,73,2019,Agustus,4.62,percent,observed,m5_unemployment_august,m24prov_e2254152569bd7522d8e7abc,bps_stable32_province_2018_2025_v1,sakernas_unemployment_august_current38,,False,False
m24obs_4948d8db94dc8125bc34aa8d,unemployment_rate,idn.73,Sulawesi Selatan,73,2020,Agustus,6.31,percent,observed,m5_unemployment_august,m24prov_3c76f2e7682622ebd86e8a8d,bps_stable32_province_2018_2025_v1,sakernas_unemployment_august_current38,,False,False
m24obs_b7be9791169686c0a9b6bf1c,unemployment_rate,idn.73,Sulawesi Selatan,73,2021,Agustus,5.72,percent,observed,m5_unemployment_august,m24prov_69efa85ec4e0e8a816b2692d,bps_stable32_province_2018_2025_v1,sakernas_unemployment_august_current38,,False,False
m24obs_4f1c22f1da6dcf8cd59dddb7,unemployment_rate,idn.73,Sulawesi Selatan,73,2022,Agustus,4.51,percent,observed,m5_unemployment_august,m24prov_ea0224d8c6c33d73421c80dd,bps_stable32_province_2018_2025_v1,sakernas_unemployment_august_current38,,False,False
m24obs_088a19983e421eddac7a3960,unemployment_rate,idn.73,Sulawesi Selatan,73,2023,Agustus,4.33,percent,observed,m5_unemployment_august,m24prov_4ab22fbdc8cf22cbd8607a9a,bps_stable32_province_2018_2025_v1,sakernas_unemployment_august_current38,,False,False
m24obs_a615a389b20dad92eaa2ce4a,unemployment_rate,idn.73,Sulawesi Selatan,73,2024,Agustus,4.19,percent,observed,m5_unemployment_august,m24prov_577c6c6aac737a31ac29f70b,bps_stable32_province_2018_2025_v1,sakernas_unemployment_august_current38,,False,False
m24obs_171de3dabd6a573d81888a71,unemployment_rate,idn.73,Sulawesi Selatan,73,2025,Agustus,4.21,percent,observed,m5_unemployment_august,m24prov_6520459329cad74d272fe92e,bps_stable32_province_2018_2025_v1,sakernas_unemployment_august_current38,,False,False
m24obs_f8e2f669661ab9fb9a749d03,unemployment_rate,idn.74,Sulawesi Tenggara,74,2018,Agustus,3.19,percent,observed,m5_unemployment_august,m24prov_d5cca5993c4fb66a6a026ab3,bps_stable32_province_2018_2025_v1,sakernas_unemployment_august_current38,,False,False
m24obs_948cd26d7fbf73ffc7bd4fda,unemployment_rate,idn.74,Sulawesi Tenggara,74,2019,Agustus,3.52,percent,observed,m5_unemployment_august,m24prov_e2254152569bd7522d8e7abc,bps_stable32_province_2018_2025_v1,sakernas_unemployment_august_current38,,False,False
m24obs_736de1fb216873264669d8aa,unemployment_rate,idn.74,Sulawesi Tenggara,74,2020,Agustus,4.58,percent,observed,m5_unemployment_august,m24prov_3c76f2e7682622ebd86e8a8d,bps_stable32_province_2018_2025_v1,sakernas_unemployment_august_current38,,False,False
m24obs_e6ef82387376f1b87aa7097f,unemployment_rate,idn.74,Sulawesi Tenggara,74,2021,Agustus,3.92,percent,observed,m5_unemployment_august,m24prov_69efa85ec4e0e8a816b2692d,bps_stable32_province_2018_2025_v1,sakernas_unemployment_august_current38,,False,False
m24obs_8f53c1ad9a194b30e3679195,unemployment_rate,idn.74,Sulawesi Tenggara,74,2022,Agustus,3.36,percent,observed,m5_unemployment_august,m24prov_ea0224d8c6c33d73421c80dd,bps_stable32_province_2018_2025_v1,sakernas_unemployment_august_current38,,False,False
m24obs_1d782b202ef0079dcc363e94,unemployment_rate,idn.74,Sulawesi Tenggara,74,2023,Agustus,3.15,percent,observed,m5_unemployment_august,m24prov_4ab22fbdc8cf22cbd8607a9a,bps_stable32_province_2018_2025_v1,sakernas_unemployment_august_current38,,False,False
m24obs_96b900a9b54f0c1e73217c56,unemployment_rate,idn.74,Sulawesi Tenggara,74,2024,Agustus,3.09,percent,observed,m5_unemployment_august,m24prov_577c6c6aac737a31ac29f70b,bps_stable32_province_2018_2025_v1,sakernas_unemployment_august_current38,,False,False
m24obs_13ef86f1d66d9074c47bcdbc,unemployment_rate,idn.74,Sulawesi Tenggara,74,2025,Agustus,3.31,percent,observed,m5_unemployment_august,m24prov_6520459329cad74d272fe92e,bps_stable32_province_2018_2025_v1,sakernas_unemployment_august_current38,,False,False
m24obs_5b49e96faabd140f02bc0255,unemployment_rate,idn.75,Gorontalo,75,2018,Agustus,3.7,percent,observed,m5_unemployment_august,m24prov_d5cca5993c4fb66a6a026ab3,bps_stable32_province_2018_2025_v1,sakernas_unemployment_august_current38,,False,False
m24obs_98e15d93729037761b4bcd38,unemployment_rate,idn.75,Gorontalo,75,2019,Agustus,3.76,percent,observed,m5_unemployment_august,m24prov_e2254152569bd7522d8e7abc,bps_stable32_province_2018_2025_v1,sakernas_unemployment_august_current38,,False,False
m24obs_4959e8dfdfc4e185b2c8c0e6,unemployment_rate,idn.75,Gorontalo,75,2020,Agustus,4.28,percent,observed,m5_unemployment_august,m24prov_3c76f2e7682622ebd86e8a8d,bps_stable32_province_2018_2025_v1,sakernas_unemployment_august_current38,,False,False
m24obs_66a2fabd98db33c69e6b7efe,unemployment_rate,idn.75,Gorontalo,75,2021,Agustus,3.01,percent,observed,m5_unemployment_august,m24prov_69efa85ec4e0e8a816b2692d,bps_stable32_province_2018_2025_v1,sakernas_unemployment_august_current38,,False,False
m24obs_2339135fedc6fcff5efddc1b,unemployment_rate,idn.75,Gorontalo,75,2022,Agustus,2.58,percent,observed,m5_unemployment_august,m24prov_ea0224d8c6c33d73421c80dd,bps_stable32_province_2018_2025_v1,sakernas_unemployment_august_current38,,False,False
m24obs_89b4a6cb37ec750c65e84760,unemployment_rate,idn.75,Gorontalo,75,2023,Agustus,3.06,percent,observed,m5_unemployment_august,m24prov_4ab22fbdc8cf22cbd8607a9a,bps_stable32_province_2018_2025_v1,sakernas_unemployment_august_current38,,False,False
m24obs_f65614d85e6b370b1881fce4,unemployment_rate,idn.75,Gorontalo,75,2024,Agustus,3.13,percent,observed,m5_unemployment_august,m24prov_577c6c6aac737a31ac29f70b,bps_stable32_province_2018_2025_v1,sakernas_unemployment_august_current38,,False,False
m24obs_ab2c544f042efa3fb788abf6,unemployment_rate,idn.75,Gorontalo,75,2025,Agustus,3.42,percent,observed,m5_unemployment_august,m24prov_6520459329cad74d272fe92e,bps_stable32_province_2018_2025_v1,sakernas_unemployment_august_current38,,False,False
m24obs_231814847e01a1f63df85ba0,unemployment_rate,idn.76,Sulawesi Barat,76,2018,Agustus,3.01,percent,observed,m5_unemployment_august,m24prov_d5cca5993c4fb66a6a026ab3,bps_stable32_province_2018_2025_v1,sakernas_unemployment_august_current38,,False,False
m24obs_bf997a3dcb3528e6fb6ba62e,unemployment_rate,idn.76,Sulawesi Barat,76,2019,Agustus,2.98,percent,observed,m5_unemployment_august,m24prov_e2254152569bd7522d8e7abc,bps_stable32_province_2018_2025_v1,sakernas_unemployment_august_current38,,False,False
m24obs_66b0edea1df9c04ae92b0284,unemployment_rate,idn.76,Sulawesi Barat,76,2020,Agustus,3.32,percent,observed,m5_unemployment_august,m24prov_3c76f2e7682622ebd86e8a8d,bps_stable32_province_2018_2025_v1,sakernas_unemployment_august_current38,,False,False
m24obs_1da3ced16aee8bc5923adfd1,unemployment_rate,idn.76,Sulawesi Barat,76,2021,Agustus,3.13,percent,observed,m5_unemployment_august,m24prov_69efa85ec4e0e8a816b2692d,bps_stable32_province_2018_2025_v1,sakernas_unemployment_august_current38,,False,False
m24obs_1ffe2b39698f9809e160fd25,unemployment_rate,idn.76,Sulawesi Barat,76,2022,Agustus,2.34,percent,observed,m5_unemployment_august,m24prov_ea0224d8c6c33d73421c80dd,bps_stable32_province_2018_2025_v1,sakernas_unemployment_august_current38,,False,False
m24obs_9a23a8af74938914d873ce98,unemployment_rate,idn.76,Sulawesi Barat,76,2023,Agustus,2.27,percent,observed,m5_unemployment_august,m24prov_4ab22fbdc8cf22cbd8607a9a,bps_stable32_province_2018_2025_v1,sakernas_unemployment_august_current38,,False,False
m24obs_f4cc0768ad28881c5f4c9ffb,unemployment_rate,idn.76,Sulawesi Barat,76,2024,Agustus,2.68,percent,observed,m5_unemployment_august,m24prov_577c6c6aac737a31ac29f70b,bps_stable32_province_2018_2025_v1,sakernas_unemployment_august_current38,,False,False
m24obs_741b38fb7e53ab1780f4843a,unemployment_rate,idn.76,Sulawesi Barat,76,2025,Agustus,2.86,percent,observed,m5_unemployment_august,m24prov_6520459329cad74d272fe92e,bps_stable32_province_2018_2025_v1,sakernas_unemployment_august_current38,,False,False
m24obs_370439d56eac3172a67bec64,unemployment_rate,idn.81,Maluku,81,2018,Agustus,6.95,percent,observed,m5_unemployment_august,m24prov_d5cca5993c4fb66a6a026ab3,bps_stable32_province_2018_2025_v1,sakernas_unemployment_august_current38,,False,False
m24obs_f82fd2964e76691cb07ebc61,unemployment_rate,idn.81,Maluku,81,2019,Agustus,6.69,percent,observed,m5_unemployment_august,m24prov_e2254152569bd7522d8e7abc,bps_stable32_province_2018_2025_v1,sakernas_unemployment_august_current38,,False,False
m24obs_9adc281605f7f73282deb02d,unemployment_rate,idn.81,Maluku,81,2020,Agustus,7.57,percent,observed,m5_unemployment_august,m24prov_3c76f2e7682622ebd86e8a8d,bps_stable32_province_2018_2025_v1,sakernas_unemployment_august_current38,,False,False
m24obs_deb0a0398a470152077448c0,unemployment_rate,idn.81,Maluku,81,2021,Agustus,6.93,percent,observed,m5_unemployment_august,m24prov_69efa85ec4e0e8a816b2692d,bps_stable32_province_2018_2025_v1,sakernas_unemployment_august_current38,,False,False
m24obs_cec491add84d2991664852c1,unemployment_rate,idn.81,Maluku,81,2022,Agustus,6.88,percent,observed,m5_unemployment_august,m24prov_ea0224d8c6c33d73421c80dd,bps_stable32_province_2018_2025_v1,sakernas_unemployment_august_current38,,False,False
m24obs_fd7470c5751e0496d8a7c4c9,unemployment_rate,idn.81,Maluku,81,2023,Agustus,6.31,percent,observed,m5_unemployment_august,m24prov_4ab22fbdc8cf22cbd8607a9a,bps_stable32_province_2018_2025_v1,sakernas_unemployment_august_current38,,False,False
m24obs_74469ba5e01372386a9b7475,unemployment_rate,idn.81,Maluku,81,2024,Agustus,6.11,percent,observed,m5_unemployment_august,m24prov_577c6c6aac737a31ac29f70b,bps_stable32_province_2018_2025_v1,sakernas_unemployment_august_current38,,False,False
m24obs_d1853dd0973116a887a33f19,unemployment_rate,idn.81,Maluku,81,2025,Agustus,6.27,percent,observed,m5_unemployment_august,m24prov_6520459329cad74d272fe92e,bps_stable32_province_2018_2025_v1,sakernas_unemployment_august_current38,,False,False
m24obs_29850ac81973bf1968c049de,unemployment_rate,idn.82,Maluku Utara,82,2018,Agustus,4.63,percent,observed,m5_unemployment_august,m24prov_d5cca5993c4fb66a6a026ab3,bps_stable32_province_2018_2025_v1,sakernas_unemployment_august_current38,,False,False
m24obs_3f38fd64ffb90eb098a4a062,unemployment_rate,idn.82,Maluku Utara,82,2019,Agustus,4.81,percent,observed,m5_unemployment_august,m24prov_e2254152569bd7522d8e7abc,bps_stable32_province_2018_2025_v1,sakernas_unemployment_august_current38,,False,False
m24obs_4283f0a6d4a35ebcf5634564,unemployment_rate,idn.82,Maluku Utara,82,2020,Agustus,5.15,percent,observed,m5_unemployment_august,m24prov_3c76f2e7682622ebd86e8a8d,bps_stable32_province_2018_2025_v1,sakernas_unemployment_august_current38,,False,False
m24obs_c0758ccfaa3b845640a61e24,unemployment_rate,idn.82,Maluku Utara,82,2021,Agustus,4.71,percent,observed,m5_unemployment_august,m24prov_69efa85ec4e0e8a816b2692d,bps_stable32_province_2018_2025_v1,sakernas_unemployment_august_current38,,False,False
m24obs_6fef1aec598e3e5fa086af0f,unemployment_rate,idn.82,Maluku Utara,82,2022,Agustus,3.98,percent,observed,m5_unemployment_august,m24prov_ea0224d8c6c33d73421c80dd,bps_stable32_province_2018_2025_v1,sakernas_unemployment_august_current38,,False,False
m24obs_a5bbcea79a1619f41078c072,unemployment_rate,idn.82,Maluku Utara,82,2023,Agustus,4.31,percent,observed,m5_unemployment_august,m24prov_4ab22fbdc8cf22cbd8607a9a,bps_stable32_province_2018_2025_v1,sakernas_unemployment_august_current38,,False,False
m24obs_6a0e7c14581c494a34af3a57,unemployment_rate,idn.82,Maluku Utara,82,2024,Agustus,4.03,percent,observed,m5_unemployment_august,m24prov_577c6c6aac737a31ac29f70b,bps_stable32_province_2018_2025_v1,sakernas_unemployment_august_current38,,False,False
m24obs_19e89beb2652c3ec9fe4eb38,unemployment_rate,idn.82,Maluku Utara,82,2025,Agustus,4.55,percent,observed,m5_unemployment_august,m24prov_6520459329cad74d272fe92e,bps_stable32_province_2018_2025_v1,sakernas_unemployment_august_current38,,False,False
