source_id,domain,retrieved_at_utc,bps_last_update,bps_var_id,bps_var_label,bps_var_unit,bps_var_decimal,bps_var_definition,bps_var_note,bps_subject,bps_vertical_dimension,bps_vervar_id,bps_vervar_label,bps_turvar_id,bps_turvar_label,bps_th_id,bps_th_label,bps_turth_id,bps_turth_label,value,source_key
bps_webapi,0000,2026-08-19T02:01:52+00:00,2026-02-19 10:24:55,288,[Seri 2010] Produk Domestik Regional Bruto Per Kapita,Ribu Rupiah,2,,<p><ul><li>Perbedaan antara jumlah PDRB 34 Provinsi dan PDB Indonesia antara lain disebabkan oleh diskrepansi statistik </li><li>Data 2023: Angka sementara</li><li> Data 2024: Angka sangat sementara</li></ul></p>,Produk Domestik Regional Bruto (Lapangan Usaha),38 Provinsi,1100,ACEH,530,Harga Berlaku,118,2018,0,Tahun,29521.25,11002885301180
bps_webapi,0000,2026-08-19T02:01:52+00:00,2026-02-19 10:24:55,288,[Seri 2010] Produk Domestik Regional Bruto Per Kapita,Ribu Rupiah,2,,<p><ul><li>Perbedaan antara jumlah PDRB 34 Provinsi dan PDB Indonesia antara lain disebabkan oleh diskrepansi statistik </li><li>Data 2023: Angka sementara</li><li> Data 2024: Angka sangat sementara</li></ul></p>,Produk Domestik Regional Bruto (Lapangan Usaha),38 Provinsi,1100,ACEH,531,Harga Konstan 2010,118,2018,0,Tahun,24013.79,11002885311180
bps_webapi,0000,2026-08-19T02:01:52+00:00,2026-02-19 10:24:55,288,[Seri 2010] Produk Domestik Regional Bruto Per Kapita,Ribu Rupiah,2,,<p><ul><li>Perbedaan antara jumlah PDRB 34 Provinsi dan PDB Indonesia antara lain disebabkan oleh diskrepansi statistik </li><li>Data 2023: Angka sementara</li><li> Data 2024: Angka sangat sementara</li></ul></p>,Produk Domestik Regional Bruto (Lapangan Usaha),38 Provinsi,1200,SUMATERA UTARA,530,Harga Berlaku,118,2018,0,Tahun,51427.49,12002885301180
bps_webapi,0000,2026-08-19T02:01:52+00:00,2026-02-19 10:24:55,288,[Seri 2010] Produk Domestik Regional Bruto Per Kapita,Ribu Rupiah,2,,<p><ul><li>Perbedaan antara jumlah PDRB 34 Provinsi dan PDB Indonesia antara lain disebabkan oleh diskrepansi statistik </li><li>Data 2023: Angka sementara</li><li> Data 2024: Angka sangat sementara</li></ul></p>,Produk Domestik Regional Bruto (Lapangan Usaha),38 Provinsi,1200,SUMATERA UTARA,531,Harga Konstan 2010,118,2018,0,Tahun,35570.5,12002885311180
bps_webapi,0000,2026-08-19T02:01:52+00:00,2026-02-19 10:24:55,288,[Seri 2010] Produk Domestik Regional Bruto Per Kapita,Ribu Rupiah,2,,<p><ul><li>Perbedaan antara jumlah PDRB 34 Provinsi dan PDB Indonesia antara lain disebabkan oleh diskrepansi statistik </li><li>Data 2023: Angka sementara</li><li> Data 2024: Angka sangat sementara</li></ul></p>,Produk Domestik Regional Bruto (Lapangan Usaha),38 Provinsi,1300,SUMATERA BARAT,530,Harga Berlaku,118,2018,0,Tahun,42802.66,13002885301180
bps_webapi,0000,2026-08-19T02:01:52+00:00,2026-02-19 10:24:55,288,[Seri 2010] Produk Domestik Regional Bruto Per Kapita,Ribu Rupiah,2,,<p><ul><li>Perbedaan antara jumlah PDRB 34 Provinsi dan PDB Indonesia antara lain disebabkan oleh diskrepansi statistik </li><li>Data 2023: Angka sementara</li><li> Data 2024: Angka sangat sementara</li></ul></p>,Produk Domestik Regional Bruto (Lapangan Usaha),38 Provinsi,1300,SUMATERA BARAT,531,Harga Konstan 2010,118,2018,0,Tahun,30470.8,13002885311180
bps_webapi,0000,2026-08-19T02:01:52+00:00,2026-02-19 10:24:55,288,[Seri 2010] Produk Domestik Regional Bruto Per Kapita,Ribu Rupiah,2,,<p><ul><li>Perbedaan antara jumlah PDRB 34 Provinsi dan PDB Indonesia antara lain disebabkan oleh diskrepansi statistik </li><li>Data 2023: Angka sementara</li><li> Data 2024: Angka sangat sementara</li></ul></p>,Produk Domestik Regional Bruto (Lapangan Usaha),38 Provinsi,1400,RIAU,530,Harga Berlaku,118,2018,0,Tahun,110384.9,14002885301180
bps_webapi,0000,2026-08-19T02:01:52+00:00,2026-02-19 10:24:55,288,[Seri 2010] Produk Domestik Regional Bruto Per Kapita,Ribu Rupiah,2,,<p><ul><li>Perbedaan antara jumlah PDRB 34 Provinsi dan PDB Indonesia antara lain disebabkan oleh diskrepansi statistik </li><li>Data 2023: Angka sementara</li><li> Data 2024: Angka sangat sementara</li></ul></p>,Produk Domestik Regional Bruto (Lapangan Usaha),38 Provinsi,1400,RIAU,531,Harga Konstan 2010,118,2018,0,Tahun,70736.77,14002885311180
bps_webapi,0000,2026-08-19T02:01:52+00:00,2026-02-19 10:24:55,288,[Seri 2010] Produk Domestik Regional Bruto Per Kapita,Ribu Rupiah,2,,<p><ul><li>Perbedaan antara jumlah PDRB 34 Provinsi dan PDB Indonesia antara lain disebabkan oleh diskrepansi statistik </li><li>Data 2023: Angka sementara</li><li> Data 2024: Angka sangat sementara</li></ul></p>,Produk Domestik Regional Bruto (Lapangan Usaha),38 Provinsi,1500,JAMBI,530,Harga Berlaku,118,2018,0,Tahun,58224.89,15002885301180
bps_webapi,0000,2026-08-19T02:01:52+00:00,2026-02-19 10:24:55,288,[Seri 2010] Produk Domestik Regional Bruto Per Kapita,Ribu Rupiah,2,,<p><ul><li>Perbedaan antara jumlah PDRB 34 Provinsi dan PDB Indonesia antara lain disebabkan oleh diskrepansi statistik </li><li>Data 2023: Angka sementara</li><li> Data 2024: Angka sangat sementara</li></ul></p>,Produk Domestik Regional Bruto (Lapangan Usaha),38 Provinsi,1500,JAMBI,531,Harga Konstan 2010,118,2018,0,Tahun,40025.52,15002885311180
bps_webapi,0000,2026-08-19T02:01:52+00:00,2026-02-19 10:24:55,288,[Seri 2010] Produk Domestik Regional Bruto Per Kapita,Ribu Rupiah,2,,<p><ul><li>Perbedaan antara jumlah PDRB 34 Provinsi dan PDB Indonesia antara lain disebabkan oleh diskrepansi statistik </li><li>Data 2023: Angka sementara</li><li> Data 2024: Angka sangat sementara</li></ul></p>,Produk Domestik Regional Bruto (Lapangan Usaha),38 Provinsi,1600,SUMATERA SELATAN,530,Harga Berlaku,118,2018,0,Tahun,50104.67,16002885301180
bps_webapi,0000,2026-08-19T02:01:52+00:00,2026-02-19 10:24:55,288,[Seri 2010] Produk Domestik Regional Bruto Per Kapita,Ribu Rupiah,2,,<p><ul><li>Perbedaan antara jumlah PDRB 34 Provinsi dan PDB Indonesia antara lain disebabkan oleh diskrepansi statistik </li><li>Data 2023: Angka sementara</li><li> Data 2024: Angka sangat sementara</li></ul></p>,Produk Domestik Regional Bruto (Lapangan Usaha),38 Provinsi,1600,SUMATERA SELATAN,531,Harga Konstan 2010,118,2018,0,Tahun,35659.82,16002885311180
bps_webapi,0000,2026-08-19T02:01:52+00:00,2026-02-19 10:24:55,288,[Seri 2010] Produk Domestik Regional Bruto Per Kapita,Ribu Rupiah,2,,<p><ul><li>Perbedaan antara jumlah PDRB 34 Provinsi dan PDB Indonesia antara lain disebabkan oleh diskrepansi statistik </li><li>Data 2023: Angka sementara</li><li> Data 2024: Angka sangat sementara</li></ul></p>,Produk Domestik Regional Bruto (Lapangan Usaha),38 Provinsi,1700,BENGKULU,530,Harga Berlaku,118,2018,0,Tahun,33822.13,17002885301180
bps_webapi,0000,2026-08-19T02:01:52+00:00,2026-02-19 10:24:55,288,[Seri 2010] Produk Domestik Regional Bruto Per Kapita,Ribu Rupiah,2,,<p><ul><li>Perbedaan antara jumlah PDRB 34 Provinsi dan PDB Indonesia antara lain disebabkan oleh diskrepansi statistik </li><li>Data 2023: Angka sementara</li><li> Data 2024: Angka sangat sementara</li></ul></p>,Produk Domestik Regional Bruto (Lapangan Usaha),38 Provinsi,1700,BENGKULU,531,Harga Konstan 2010,118,2018,0,Tahun,22494.84,17002885311180
bps_webapi,0000,2026-08-19T02:01:52+00:00,2026-02-19 10:24:55,288,[Seri 2010] Produk Domestik Regional Bruto Per Kapita,Ribu Rupiah,2,,<p><ul><li>Perbedaan antara jumlah PDRB 34 Provinsi dan PDB Indonesia antara lain disebabkan oleh diskrepansi statistik </li><li>Data 2023: Angka sementara</li><li> Data 2024: Angka sangat sementara</li></ul></p>,Produk Domestik Regional Bruto (Lapangan Usaha),38 Provinsi,1800,LAMPUNG,530,Harga Berlaku,118,2018,0,Tahun,39716.46,18002885301180
bps_webapi,0000,2026-08-19T02:01:52+00:00,2026-02-19 10:24:55,288,[Seri 2010] Produk Domestik Regional Bruto Per Kapita,Ribu Rupiah,2,,<p><ul><li>Perbedaan antara jumlah PDRB 34 Provinsi dan PDB Indonesia antara lain disebabkan oleh diskrepansi statistik </li><li>Data 2023: Angka sementara</li><li> Data 2024: Angka sangat sementara</li></ul></p>,Produk Domestik Regional Bruto (Lapangan Usaha),38 Provinsi,1800,LAMPUNG,531,Harga Konstan 2010,118,2018,0,Tahun,27736.26,18002885311180
bps_webapi,0000,2026-08-19T02:01:52+00:00,2026-02-19 10:24:55,288,[Seri 2010] Produk Domestik Regional Bruto Per Kapita,Ribu Rupiah,2,,<p><ul><li>Perbedaan antara jumlah PDRB 34 Provinsi dan PDB Indonesia antara lain disebabkan oleh diskrepansi statistik </li><li>Data 2023: Angka sementara</li><li> Data 2024: Angka sangat sementara</li></ul></p>,Produk Domestik Regional Bruto (Lapangan Usaha),38 Provinsi,1900,KEP. BANGKA BELITUNG,530,Harga Berlaku,118,2018,0,Tahun,50081.95,19002885301180
bps_webapi,0000,2026-08-19T02:01:52+00:00,2026-02-19 10:24:55,288,[Seri 2010] Produk Domestik Regional Bruto Per Kapita,Ribu Rupiah,2,,<p><ul><li>Perbedaan antara jumlah PDRB 34 Provinsi dan PDB Indonesia antara lain disebabkan oleh diskrepansi statistik </li><li>Data 2023: Angka sementara</li><li> Data 2024: Angka sangat sementara</li></ul></p>,Produk Domestik Regional Bruto (Lapangan Usaha),38 Provinsi,1900,KEP. BANGKA BELITUNG,531,Harga Konstan 2010,118,2018,0,Tahun,35762.04,19002885311180
bps_webapi,0000,2026-08-19T02:01:52+00:00,2026-02-19 10:24:55,288,[Seri 2010] Produk Domestik Regional Bruto Per Kapita,Ribu Rupiah,2,,<p><ul><li>Perbedaan antara jumlah PDRB 34 Provinsi dan PDB Indonesia antara lain disebabkan oleh diskrepansi statistik </li><li>Data 2023: Angka sementara</li><li> Data 2024: Angka sangat sementara</li></ul></p>,Produk Domestik Regional Bruto (Lapangan Usaha),38 Provinsi,2100,KEP. RIAU,530,Harga Berlaku,118,2018,0,Tahun,116461.4,21002885301180
bps_webapi,0000,2026-08-19T02:01:52+00:00,2026-02-19 10:24:55,288,[Seri 2010] Produk Domestik Regional Bruto Per Kapita,Ribu Rupiah,2,,<p><ul><li>Perbedaan antara jumlah PDRB 34 Provinsi dan PDB Indonesia antara lain disebabkan oleh diskrepansi statistik </li><li>Data 2023: Angka sementara</li><li> Data 2024: Angka sangat sementara</li></ul></p>,Produk Domestik Regional Bruto (Lapangan Usaha),38 Provinsi,2100,KEP. RIAU,531,Harga Konstan 2010,118,2018,0,Tahun,81206.2,21002885311180
bps_webapi,0000,2026-08-19T02:01:52+00:00,2026-02-19 10:24:55,288,[Seri 2010] Produk Domestik Regional Bruto Per Kapita,Ribu Rupiah,2,,<p><ul><li>Perbedaan antara jumlah PDRB 34 Provinsi dan PDB Indonesia antara lain disebabkan oleh diskrepansi statistik </li><li>Data 2023: Angka sementara</li><li> Data 2024: Angka sangat sementara</li></ul></p>,Produk Domestik Regional Bruto (Lapangan Usaha),38 Provinsi,3100,DKI JAKARTA,530,Harga Berlaku,118,2018,0,Tahun,247678.49,31002885301180
bps_webapi,0000,2026-08-19T02:01:52+00:00,2026-02-19 10:24:55,288,[Seri 2010] Produk Domestik Regional Bruto Per Kapita,Ribu Rupiah,2,,<p><ul><li>Perbedaan antara jumlah PDRB 34 Provinsi dan PDB Indonesia antara lain disebabkan oleh diskrepansi statistik </li><li>Data 2023: Angka sementara</li><li> Data 2024: Angka sangat sementara</li></ul></p>,Produk Domestik Regional Bruto (Lapangan Usaha),38 Provinsi,3100,DKI JAKARTA,531,Harga Konstan 2010,118,2018,0,Tahun,165768.99,31002885311180
bps_webapi,0000,2026-08-19T02:01:52+00:00,2026-02-19 10:24:55,288,[Seri 2010] Produk Domestik Regional Bruto Per Kapita,Ribu Rupiah,2,,<p><ul><li>Perbedaan antara jumlah PDRB 34 Provinsi dan PDB Indonesia antara lain disebabkan oleh diskrepansi statistik </li><li>Data 2023: Angka sementara</li><li> Data 2024: Angka sangat sementara</li></ul></p>,Produk Domestik Regional Bruto (Lapangan Usaha),38 Provinsi,3200,JAWA BARAT,530,Harga Berlaku,118,2018,0,Tahun,40272.64,32002885301180
bps_webapi,0000,2026-08-19T02:01:52+00:00,2026-02-19 10:24:55,288,[Seri 2010] Produk Domestik Regional Bruto Per Kapita,Ribu Rupiah,2,,<p><ul><li>Perbedaan antara jumlah PDRB 34 Provinsi dan PDB Indonesia antara lain disebabkan oleh diskrepansi statistik </li><li>Data 2023: Angka sementara</li><li> Data 2024: Angka sangat sementara</li></ul></p>,Produk Domestik Regional Bruto (Lapangan Usaha),38 Provinsi,3200,JAWA BARAT,531,Harga Konstan 2010,118,2018,0,Tahun,29160.06,32002885311180
bps_webapi,0000,2026-08-19T02:01:52+00:00,2026-02-19 10:24:55,288,[Seri 2010] Produk Domestik Regional Bruto Per Kapita,Ribu Rupiah,2,,<p><ul><li>Perbedaan antara jumlah PDRB 34 Provinsi dan PDB Indonesia antara lain disebabkan oleh diskrepansi statistik </li><li>Data 2023: Angka sementara</li><li> Data 2024: Angka sangat sementara</li></ul></p>,Produk Domestik Regional Bruto (Lapangan Usaha),38 Provinsi,3300,JAWA TENGAH,530,Harga Berlaku,118,2018,0,Tahun,36770.96,33002885301180
bps_webapi,0000,2026-08-19T02:01:52+00:00,2026-02-19 10:24:55,288,[Seri 2010] Produk Domestik Regional Bruto Per Kapita,Ribu Rupiah,2,,<p><ul><li>Perbedaan antara jumlah PDRB 34 Provinsi dan PDB Indonesia antara lain disebabkan oleh diskrepansi statistik </li><li>Data 2023: Angka sementara</li><li> Data 2024: Angka sangat sementara</li></ul></p>,Produk Domestik Regional Bruto (Lapangan Usaha),38 Provinsi,3300,JAWA TENGAH,531,Harga Konstan 2010,118,2018,0,Tahun,27285.25,33002885311180
bps_webapi,0000,2026-08-19T02:01:52+00:00,2026-02-19 10:24:55,288,[Seri 2010] Produk Domestik Regional Bruto Per Kapita,Ribu Rupiah,2,,<p><ul><li>Perbedaan antara jumlah PDRB 34 Provinsi dan PDB Indonesia antara lain disebabkan oleh diskrepansi statistik </li><li>Data 2023: Angka sementara</li><li> Data 2024: Angka sangat sementara</li></ul></p>,Produk Domestik Regional Bruto (Lapangan Usaha),38 Provinsi,3400,DI YOGYAKARTA,530,Harga Berlaku,118,2018,0,Tahun,34136.93,34002885301180
bps_webapi,0000,2026-08-19T02:01:52+00:00,2026-02-19 10:24:55,288,[Seri 2010] Produk Domestik Regional Bruto Per Kapita,Ribu Rupiah,2,,<p><ul><li>Perbedaan antara jumlah PDRB 34 Provinsi dan PDB Indonesia antara lain disebabkan oleh diskrepansi statistik </li><li>Data 2023: Angka sementara</li><li> Data 2024: Angka sangat sementara</li></ul></p>,Produk Domestik Regional Bruto (Lapangan Usaha),38 Provinsi,3400,DI YOGYAKARTA,531,Harga Konstan 2010,118,2018,0,Tahun,25776.31,34002885311180
bps_webapi,0000,2026-08-19T02:01:52+00:00,2026-02-19 10:24:55,288,[Seri 2010] Produk Domestik Regional Bruto Per Kapita,Ribu Rupiah,2,,<p><ul><li>Perbedaan antara jumlah PDRB 34 Provinsi dan PDB Indonesia antara lain disebabkan oleh diskrepansi statistik </li><li>Data 2023: Angka sementara</li><li> Data 2024: Angka sangat sementara</li></ul></p>,Produk Domestik Regional Bruto (Lapangan Usaha),38 Provinsi,3500,JAWA TIMUR,530,Harga Berlaku,118,2018,0,Tahun,55410.61,35002885301180
bps_webapi,0000,2026-08-19T02:01:52+00:00,2026-02-19 10:24:55,288,[Seri 2010] Produk Domestik Regional Bruto Per Kapita,Ribu Rupiah,2,,<p><ul><li>Perbedaan antara jumlah PDRB 34 Provinsi dan PDB Indonesia antara lain disebabkan oleh diskrepansi statistik </li><li>Data 2023: Angka sementara</li><li> Data 2024: Angka sangat sementara</li></ul></p>,Produk Domestik Regional Bruto (Lapangan Usaha),38 Provinsi,3500,JAWA TIMUR,531,Harga Konstan 2010,118,2018,0,Tahun,39579.95,35002885311180
bps_webapi,0000,2026-08-19T02:01:52+00:00,2026-02-19 10:24:55,288,[Seri 2010] Produk Domestik Regional Bruto Per Kapita,Ribu Rupiah,2,,<p><ul><li>Perbedaan antara jumlah PDRB 34 Provinsi dan PDB Indonesia antara lain disebabkan oleh diskrepansi statistik </li><li>Data 2023: Angka sementara</li><li> Data 2024: Angka sangat sementara</li></ul></p>,Produk Domestik Regional Bruto (Lapangan Usaha),38 Provinsi,3600,BANTEN,530,Harga Berlaku,118,2018,0,Tahun,48370.15,36002885301180
bps_webapi,0000,2026-08-19T02:01:52+00:00,2026-02-19 10:24:55,288,[Seri 2010] Produk Domestik Regional Bruto Per Kapita,Ribu Rupiah,2,,<p><ul><li>Perbedaan antara jumlah PDRB 34 Provinsi dan PDB Indonesia antara lain disebabkan oleh diskrepansi statistik </li><li>Data 2023: Angka sementara</li><li> Data 2024: Angka sangat sementara</li></ul></p>,Produk Domestik Regional Bruto (Lapangan Usaha),38 Provinsi,3600,BANTEN,531,Harga Konstan 2010,118,2018,0,Tahun,34183.75,36002885311180
bps_webapi,0000,2026-08-19T02:01:52+00:00,2026-02-19 10:24:55,288,[Seri 2010] Produk Domestik Regional Bruto Per Kapita,Ribu Rupiah,2,,<p><ul><li>Perbedaan antara jumlah PDRB 34 Provinsi dan PDB Indonesia antara lain disebabkan oleh diskrepansi statistik </li><li>Data 2023: Angka sementara</li><li> Data 2024: Angka sangat sementara</li></ul></p>,Produk Domestik Regional Bruto (Lapangan Usaha),38 Provinsi,5100,BALI,530,Harga Berlaku,118,2018,0,Tahun,54433.46,51002885301180
bps_webapi,0000,2026-08-19T02:01:52+00:00,2026-02-19 10:24:55,288,[Seri 2010] Produk Domestik Regional Bruto Per Kapita,Ribu Rupiah,2,,<p><ul><li>Perbedaan antara jumlah PDRB 34 Provinsi dan PDB Indonesia antara lain disebabkan oleh diskrepansi statistik </li><li>Data 2023: Angka sementara</li><li> Data 2024: Angka sangat sementara</li></ul></p>,Produk Domestik Regional Bruto (Lapangan Usaha),38 Provinsi,5100,BALI,531,Harga Konstan 2010,118,2018,0,Tahun,35896.35,51002885311180
bps_webapi,0000,2026-08-19T02:01:52+00:00,2026-02-19 10:24:55,288,[Seri 2010] Produk Domestik Regional Bruto Per Kapita,Ribu Rupiah,2,,<p><ul><li>Perbedaan antara jumlah PDRB 34 Provinsi dan PDB Indonesia antara lain disebabkan oleh diskrepansi statistik </li><li>Data 2023: Angka sementara</li><li> Data 2024: Angka sangat sementara</li></ul></p>,Produk Domestik Regional Bruto (Lapangan Usaha),38 Provinsi,5200,NUSA TENGGARA BARAT,530,Harga Berlaku,118,2018,0,Tahun,24705.97,52002885301180
bps_webapi,0000,2026-08-19T02:01:52+00:00,2026-02-19 10:24:55,288,[Seri 2010] Produk Domestik Regional Bruto Per Kapita,Ribu Rupiah,2,,<p><ul><li>Perbedaan antara jumlah PDRB 34 Provinsi dan PDB Indonesia antara lain disebabkan oleh diskrepansi statistik </li><li>Data 2023: Angka sementara</li><li> Data 2024: Angka sangat sementara</li></ul></p>,Produk Domestik Regional Bruto (Lapangan Usaha),38 Provinsi,5200,NUSA TENGGARA BARAT,531,Harga Konstan 2010,118,2018,0,Tahun,18020.5,52002885311180
bps_webapi,0000,2026-08-19T02:01:52+00:00,2026-02-19 10:24:55,288,[Seri 2010] Produk Domestik Regional Bruto Per Kapita,Ribu Rupiah,2,,<p><ul><li>Perbedaan antara jumlah PDRB 34 Provinsi dan PDB Indonesia antara lain disebabkan oleh diskrepansi statistik </li><li>Data 2023: Angka sementara</li><li> Data 2024: Angka sangat sementara</li></ul></p>,Produk Domestik Regional Bruto (Lapangan Usaha),38 Provinsi,5300,NUSA TENGGARA TIMUR,530,Harga Berlaku,118,2018,0,Tahun,18417.54,53002885301180
bps_webapi,0000,2026-08-19T02:01:52+00:00,2026-02-19 10:24:55,288,[Seri 2010] Produk Domestik Regional Bruto Per Kapita,Ribu Rupiah,2,,<p><ul><li>Perbedaan antara jumlah PDRB 34 Provinsi dan PDB Indonesia antara lain disebabkan oleh diskrepansi statistik </li><li>Data 2023: Angka sementara</li><li> Data 2024: Angka sangat sementara</li></ul></p>,Produk Domestik Regional Bruto (Lapangan Usaha),38 Provinsi,5300,NUSA TENGGARA TIMUR,531,Harga Konstan 2010,118,2018,0,Tahun,12273.85,53002885311180
bps_webapi,0000,2026-08-19T02:01:52+00:00,2026-02-19 10:24:55,288,[Seri 2010] Produk Domestik Regional Bruto Per Kapita,Ribu Rupiah,2,,<p><ul><li>Perbedaan antara jumlah PDRB 34 Provinsi dan PDB Indonesia antara lain disebabkan oleh diskrepansi statistik </li><li>Data 2023: Angka sementara</li><li> Data 2024: Angka sangat sementara</li></ul></p>,Produk Domestik Regional Bruto (Lapangan Usaha),38 Provinsi,6100,KALIMANTAN BARAT,530,Harga Berlaku,118,2018,0,Tahun,38814.73,61002885301180
bps_webapi,0000,2026-08-19T02:01:52+00:00,2026-02-19 10:24:55,288,[Seri 2010] Produk Domestik Regional Bruto Per Kapita,Ribu Rupiah,2,,<p><ul><li>Perbedaan antara jumlah PDRB 34 Provinsi dan PDB Indonesia antara lain disebabkan oleh diskrepansi statistik </li><li>Data 2023: Angka sementara</li><li> Data 2024: Angka sangat sementara</li></ul></p>,Produk Domestik Regional Bruto (Lapangan Usaha),38 Provinsi,6100,KALIMANTAN BARAT,531,Harga Konstan 2010,118,2018,0,Tahun,26110.57,61002885311180
bps_webapi,0000,2026-08-19T02:01:52+00:00,2026-02-19 10:24:55,288,[Seri 2010] Produk Domestik Regional Bruto Per Kapita,Ribu Rupiah,2,,<p><ul><li>Perbedaan antara jumlah PDRB 34 Provinsi dan PDB Indonesia antara lain disebabkan oleh diskrepansi statistik </li><li>Data 2023: Angka sementara</li><li> Data 2024: Angka sangat sementara</li></ul></p>,Produk Domestik Regional Bruto (Lapangan Usaha),38 Provinsi,6200,KALIMANTAN TENGAH,530,Harga Berlaku,118,2018,0,Tahun,52107.23,62002885301180
bps_webapi,0000,2026-08-19T02:01:52+00:00,2026-02-19 10:24:55,288,[Seri 2010] Produk Domestik Regional Bruto Per Kapita,Ribu Rupiah,2,,<p><ul><li>Perbedaan antara jumlah PDRB 34 Provinsi dan PDB Indonesia antara lain disebabkan oleh diskrepansi statistik </li><li>Data 2023: Angka sementara</li><li> Data 2024: Angka sangat sementara</li></ul></p>,Produk Domestik Regional Bruto (Lapangan Usaha),38 Provinsi,6200,KALIMANTAN TENGAH,531,Harga Konstan 2010,118,2018,0,Tahun,35548.43,62002885311180
bps_webapi,0000,2026-08-19T02:01:52+00:00,2026-02-19 10:24:55,288,[Seri 2010] Produk Domestik Regional Bruto Per Kapita,Ribu Rupiah,2,,<p><ul><li>Perbedaan antara jumlah PDRB 34 Provinsi dan PDB Indonesia antara lain disebabkan oleh diskrepansi statistik </li><li>Data 2023: Angka sementara</li><li> Data 2024: Angka sangat sementara</li></ul></p>,Produk Domestik Regional Bruto (Lapangan Usaha),38 Provinsi,6300,KALIMANTAN SELATAN,530,Harga Berlaku,118,2018,0,Tahun,41046.28,63002885301180
bps_webapi,0000,2026-08-19T02:01:52+00:00,2026-02-19 10:24:55,288,[Seri 2010] Produk Domestik Regional Bruto Per Kapita,Ribu Rupiah,2,,<p><ul><li>Perbedaan antara jumlah PDRB 34 Provinsi dan PDB Indonesia antara lain disebabkan oleh diskrepansi statistik </li><li>Data 2023: Angka sementara</li><li> Data 2024: Angka sangat sementara</li></ul></p>,Produk Domestik Regional Bruto (Lapangan Usaha),38 Provinsi,6300,KALIMANTAN SELATAN,531,Harga Konstan 2010,118,2018,0,Tahun,30614.85,63002885311180
bps_webapi,0000,2026-08-19T02:01:52+00:00,2026-02-19 10:24:55,288,[Seri 2010] Produk Domestik Regional Bruto Per Kapita,Ribu Rupiah,2,,<p><ul><li>Perbedaan antara jumlah PDRB 34 Provinsi dan PDB Indonesia antara lain disebabkan oleh diskrepansi statistik </li><li>Data 2023: Angka sementara</li><li> Data 2024: Angka sangat sementara</li></ul></p>,Produk Domestik Regional Bruto (Lapangan Usaha),38 Provinsi,6400,KALIMANTAN TIMUR,530,Harga Berlaku,118,2018,0,Tahun,174164.82,64002885301180
bps_webapi,0000,2026-08-19T02:01:52+00:00,2026-02-19 10:24:55,288,[Seri 2010] Produk Domestik Regional Bruto Per Kapita,Ribu Rupiah,2,,<p><ul><li>Perbedaan antara jumlah PDRB 34 Provinsi dan PDB Indonesia antara lain disebabkan oleh diskrepansi statistik </li><li>Data 2023: Angka sementara</li><li> Data 2024: Angka sangat sementara</li></ul></p>,Produk Domestik Regional Bruto (Lapangan Usaha),38 Provinsi,6400,KALIMANTAN TIMUR,531,Harga Konstan 2010,118,2018,0,Tahun,127354.19,64002885311180
bps_webapi,0000,2026-08-19T02:01:52+00:00,2026-02-19 10:24:55,288,[Seri 2010] Produk Domestik Regional Bruto Per Kapita,Ribu Rupiah,2,,<p><ul><li>Perbedaan antara jumlah PDRB 34 Provinsi dan PDB Indonesia antara lain disebabkan oleh diskrepansi statistik </li><li>Data 2023: Angka sementara</li><li> Data 2024: Angka sangat sementara</li></ul></p>,Produk Domestik Regional Bruto (Lapangan Usaha),38 Provinsi,6500,KALIMANTAN UTARA,530,Harga Berlaku,118,2018,0,Tahun,119413.88,65002885301180
bps_webapi,0000,2026-08-19T02:01:52+00:00,2026-02-19 10:24:55,288,[Seri 2010] Produk Domestik Regional Bruto Per Kapita,Ribu Rupiah,2,,<p><ul><li>Perbedaan antara jumlah PDRB 34 Provinsi dan PDB Indonesia antara lain disebabkan oleh diskrepansi statistik </li><li>Data 2023: Angka sementara</li><li> Data 2024: Angka sangat sementara</li></ul></p>,Produk Domestik Regional Bruto (Lapangan Usaha),38 Provinsi,6500,KALIMANTAN UTARA,531,Harga Konstan 2010,118,2018,0,Tahun,80204.84,65002885311180
bps_webapi,0000,2026-08-19T02:01:52+00:00,2026-02-19 10:24:55,288,[Seri 2010] Produk Domestik Regional Bruto Per Kapita,Ribu Rupiah,2,,<p><ul><li>Perbedaan antara jumlah PDRB 34 Provinsi dan PDB Indonesia antara lain disebabkan oleh diskrepansi statistik </li><li>Data 2023: Angka sementara</li><li> Data 2024: Angka sangat sementara</li></ul></p>,Produk Domestik Regional Bruto (Lapangan Usaha),38 Provinsi,7100,SULAWESI UTARA,530,Harga Berlaku,118,2018,0,Tahun,48105.41,71002885301180
bps_webapi,0000,2026-08-19T02:01:52+00:00,2026-02-19 10:24:55,288,[Seri 2010] Produk Domestik Regional Bruto Per Kapita,Ribu Rupiah,2,,<p><ul><li>Perbedaan antara jumlah PDRB 34 Provinsi dan PDB Indonesia antara lain disebabkan oleh diskrepansi statistik </li><li>Data 2023: Angka sementara</li><li> Data 2024: Angka sangat sementara</li></ul></p>,Produk Domestik Regional Bruto (Lapangan Usaha),38 Provinsi,7100,SULAWESI UTARA,531,Harga Konstan 2010,118,2018,0,Tahun,33911.61,71002885311180
bps_webapi,0000,2026-08-19T02:01:52+00:00,2026-02-19 10:24:55,288,[Seri 2010] Produk Domestik Regional Bruto Per Kapita,Ribu Rupiah,2,,<p><ul><li>Perbedaan antara jumlah PDRB 34 Provinsi dan PDB Indonesia antara lain disebabkan oleh diskrepansi statistik </li><li>Data 2023: Angka sementara</li><li> Data 2024: Angka sangat sementara</li></ul></p>,Produk Domestik Regional Bruto (Lapangan Usaha),38 Provinsi,7200,SULAWESI TENGAH,530,Harga Berlaku,118,2018,0,Tahun,55518.66,72002885301180
bps_webapi,0000,2026-08-19T02:01:52+00:00,2026-02-19 10:24:55,288,[Seri 2010] Produk Domestik Regional Bruto Per Kapita,Ribu Rupiah,2,,<p><ul><li>Perbedaan antara jumlah PDRB 34 Provinsi dan PDB Indonesia antara lain disebabkan oleh diskrepansi statistik </li><li>Data 2023: Angka sementara</li><li> Data 2024: Angka sangat sementara</li></ul></p>,Produk Domestik Regional Bruto (Lapangan Usaha),38 Provinsi,7200,SULAWESI TENGAH,531,Harga Konstan 2010,118,2018,0,Tahun,39049.35,72002885311180
bps_webapi,0000,2026-08-19T02:01:52+00:00,2026-02-19 10:24:55,288,[Seri 2010] Produk Domestik Regional Bruto Per Kapita,Ribu Rupiah,2,,<p><ul><li>Perbedaan antara jumlah PDRB 34 Provinsi dan PDB Indonesia antara lain disebabkan oleh diskrepansi statistik </li><li>Data 2023: Angka sementara</li><li> Data 2024: Angka sangat sementara</li></ul></p>,Produk Domestik Regional Bruto (Lapangan Usaha),38 Provinsi,7300,SULAWESI SELATAN,530,Harga Berlaku,118,2018,0,Tahun,52642.08,73002885301180
bps_webapi,0000,2026-08-19T02:01:52+00:00,2026-02-19 10:24:55,288,[Seri 2010] Produk Domestik Regional Bruto Per Kapita,Ribu Rupiah,2,,<p><ul><li>Perbedaan antara jumlah PDRB 34 Provinsi dan PDB Indonesia antara lain disebabkan oleh diskrepansi statistik </li><li>Data 2023: Angka sementara</li><li> Data 2024: Angka sangat sementara</li></ul></p>,Produk Domestik Regional Bruto (Lapangan Usaha),38 Provinsi,7300,SULAWESI SELATAN,531,Harga Konstan 2010,118,2018,0,Tahun,35243.64,73002885311180
bps_webapi,0000,2026-08-19T02:01:52+00:00,2026-02-19 10:24:55,288,[Seri 2010] Produk Domestik Regional Bruto Per Kapita,Ribu Rupiah,2,,<p><ul><li>Perbedaan antara jumlah PDRB 34 Provinsi dan PDB Indonesia antara lain disebabkan oleh diskrepansi statistik </li><li>Data 2023: Angka sementara</li><li> Data 2024: Angka sangat sementara</li></ul></p>,Produk Domestik Regional Bruto (Lapangan Usaha),38 Provinsi,7400,SULAWESI TENGGARA,530,Harga Berlaku,118,2018,0,Tahun,44492.09,74002885301180
bps_webapi,0000,2026-08-19T02:01:52+00:00,2026-02-19 10:24:55,288,[Seri 2010] Produk Domestik Regional Bruto Per Kapita,Ribu Rupiah,2,,<p><ul><li>Perbedaan antara jumlah PDRB 34 Provinsi dan PDB Indonesia antara lain disebabkan oleh diskrepansi statistik </li><li>Data 2023: Angka sementara</li><li> Data 2024: Angka sangat sementara</li></ul></p>,Produk Domestik Regional Bruto (Lapangan Usaha),38 Provinsi,7400,SULAWESI TENGGARA,531,Harga Konstan 2010,118,2018,0,Tahun,33278.66,74002885311180
bps_webapi,0000,2026-08-19T02:01:52+00:00,2026-02-19 10:24:55,288,[Seri 2010] Produk Domestik Regional Bruto Per Kapita,Ribu Rupiah,2,,<p><ul><li>Perbedaan antara jumlah PDRB 34 Provinsi dan PDB Indonesia antara lain disebabkan oleh diskrepansi statistik </li><li>Data 2023: Angka sementara</li><li> Data 2024: Angka sangat sementara</li></ul></p>,Produk Domestik Regional Bruto (Lapangan Usaha),38 Provinsi,7500,GORONTALO,530,Harga Berlaku,118,2018,0,Tahun,31827.62,75002885301180
bps_webapi,0000,2026-08-19T02:01:52+00:00,2026-02-19 10:24:55,288,[Seri 2010] Produk Domestik Regional Bruto Per Kapita,Ribu Rupiah,2,,<p><ul><li>Perbedaan antara jumlah PDRB 34 Provinsi dan PDB Indonesia antara lain disebabkan oleh diskrepansi statistik </li><li>Data 2023: Angka sementara</li><li> Data 2024: Angka sangat sementara</li></ul></p>,Produk Domestik Regional Bruto (Lapangan Usaha),38 Provinsi,7500,GORONTALO,531,Harga Konstan 2010,118,2018,0,Tahun,22538.55,75002885311180
bps_webapi,0000,2026-08-19T02:01:52+00:00,2026-02-19 10:24:55,288,[Seri 2010] Produk Domestik Regional Bruto Per Kapita,Ribu Rupiah,2,,<p><ul><li>Perbedaan antara jumlah PDRB 34 Provinsi dan PDB Indonesia antara lain disebabkan oleh diskrepansi statistik </li><li>Data 2023: Angka sementara</li><li> Data 2024: Angka sangat sementara</li></ul></p>,Produk Domestik Regional Bruto (Lapangan Usaha),38 Provinsi,7600,SULAWESI BARAT,530,Harga Berlaku,118,2018,0,Tahun,32059.09,76002885301180
bps_webapi,0000,2026-08-19T02:01:52+00:00,2026-02-19 10:24:55,288,[Seri 2010] Produk Domestik Regional Bruto Per Kapita,Ribu Rupiah,2,,<p><ul><li>Perbedaan antara jumlah PDRB 34 Provinsi dan PDB Indonesia antara lain disebabkan oleh diskrepansi statistik </li><li>Data 2023: Angka sementara</li><li> Data 2024: Angka sangat sementara</li></ul></p>,Produk Domestik Regional Bruto (Lapangan Usaha),38 Provinsi,7600,SULAWESI BARAT,531,Harga Konstan 2010,118,2018,0,Tahun,22953.08,76002885311180
bps_webapi,0000,2026-08-19T02:01:52+00:00,2026-02-19 10:24:55,288,[Seri 2010] Produk Domestik Regional Bruto Per Kapita,Ribu Rupiah,2,,<p><ul><li>Perbedaan antara jumlah PDRB 34 Provinsi dan PDB Indonesia antara lain disebabkan oleh diskrepansi statistik </li><li>Data 2023: Angka sementara</li><li> Data 2024: Angka sangat sementara</li></ul></p>,Produk Domestik Regional Bruto (Lapangan Usaha),38 Provinsi,8100,MALUKU,530,Harga Berlaku,118,2018,0,Tahun,24268.62,81002885301180
bps_webapi,0000,2026-08-19T02:01:52+00:00,2026-02-19 10:24:55,288,[Seri 2010] Produk Domestik Regional Bruto Per Kapita,Ribu Rupiah,2,,<p><ul><li>Perbedaan antara jumlah PDRB 34 Provinsi dan PDB Indonesia antara lain disebabkan oleh diskrepansi statistik </li><li>Data 2023: Angka sementara</li><li> Data 2024: Angka sangat sementara</li></ul></p>,Produk Domestik Regional Bruto (Lapangan Usaha),38 Provinsi,8100,MALUKU,531,Harga Konstan 2010,118,2018,0,Tahun,16607.02,81002885311180
bps_webapi,0000,2026-08-19T02:01:52+00:00,2026-02-19 10:24:55,288,[Seri 2010] Produk Domestik Regional Bruto Per Kapita,Ribu Rupiah,2,,<p><ul><li>Perbedaan antara jumlah PDRB 34 Provinsi dan PDB Indonesia antara lain disebabkan oleh diskrepansi statistik </li><li>Data 2023: Angka sementara</li><li> Data 2024: Angka sangat sementara</li></ul></p>,Produk Domestik Regional Bruto (Lapangan Usaha),38 Provinsi,8200,MALUKU UTARA,530,Harga Berlaku,118,2018,0,Tahun,29586.12,82002885301180
bps_webapi,0000,2026-08-19T02:01:52+00:00,2026-02-19 10:24:55,288,[Seri 2010] Produk Domestik Regional Bruto Per Kapita,Ribu Rupiah,2,,<p><ul><li>Perbedaan antara jumlah PDRB 34 Provinsi dan PDB Indonesia antara lain disebabkan oleh diskrepansi statistik </li><li>Data 2023: Angka sementara</li><li> Data 2024: Angka sangat sementara</li></ul></p>,Produk Domestik Regional Bruto (Lapangan Usaha),38 Provinsi,8200,MALUKU UTARA,531,Harga Konstan 2010,118,2018,0,Tahun,20309.45,82002885311180
bps_webapi,0000,2026-08-19T02:01:52+00:00,2026-02-19 10:24:55,288,[Seri 2010] Produk Domestik Regional Bruto Per Kapita,Ribu Rupiah,2,,<p><ul><li>Perbedaan antara jumlah PDRB 34 Provinsi dan PDB Indonesia antara lain disebabkan oleh diskrepansi statistik </li><li>Data 2023: Angka sementara</li><li> Data 2024: Angka sangat sementara</li></ul></p>,Produk Domestik Regional Bruto (Lapangan Usaha),38 Provinsi,9100,PAPUA BARAT,530,Harga Berlaku,118,2018,0,Tahun,84958.03,91002885301180
bps_webapi,0000,2026-08-19T02:01:52+00:00,2026-02-19 10:24:55,288,[Seri 2010] Produk Domestik Regional Bruto Per Kapita,Ribu Rupiah,2,,<p><ul><li>Perbedaan antara jumlah PDRB 34 Provinsi dan PDB Indonesia antara lain disebabkan oleh diskrepansi statistik </li><li>Data 2023: Angka sementara</li><li> Data 2024: Angka sangat sementara</li></ul></p>,Produk Domestik Regional Bruto (Lapangan Usaha),38 Provinsi,9100,PAPUA BARAT,531,Harga Konstan 2010,118,2018,0,Tahun,64499.45,91002885311180
bps_webapi,0000,2026-08-19T02:01:52+00:00,2026-02-19 10:24:55,288,[Seri 2010] Produk Domestik Regional Bruto Per Kapita,Ribu Rupiah,2,,<p><ul><li>Perbedaan antara jumlah PDRB 34 Provinsi dan PDB Indonesia antara lain disebabkan oleh diskrepansi statistik </li><li>Data 2023: Angka sementara</li><li> Data 2024: Angka sangat sementara</li></ul></p>,Produk Domestik Regional Bruto (Lapangan Usaha),38 Provinsi,9400,PAPUA,530,Harga Berlaku,118,2018,0,Tahun,63385.68,94002885301180
bps_webapi,0000,2026-08-19T02:01:52+00:00,2026-02-19 10:24:55,288,[Seri 2010] Produk Domestik Regional Bruto Per Kapita,Ribu Rupiah,2,,<p><ul><li>Perbedaan antara jumlah PDRB 34 Provinsi dan PDB Indonesia antara lain disebabkan oleh diskrepansi statistik </li><li>Data 2023: Angka sementara</li><li> Data 2024: Angka sangat sementara</li></ul></p>,Produk Domestik Regional Bruto (Lapangan Usaha),38 Provinsi,9400,PAPUA,531,Harga Konstan 2010,118,2018,0,Tahun,48069.41,94002885311180
bps_webapi,0000,2026-08-19T02:01:52+00:00,2026-02-19 10:24:55,288,[Seri 2010] Produk Domestik Regional Bruto Per Kapita,Ribu Rupiah,2,,<p><ul><li>Perbedaan antara jumlah PDRB 34 Provinsi dan PDB Indonesia antara lain disebabkan oleh diskrepansi statistik </li><li>Data 2023: Angka sementara</li><li> Data 2024: Angka sangat sementara</li></ul></p>,Produk Domestik Regional Bruto (Lapangan Usaha),38 Provinsi,9999,INDONESIA,530,Harga Berlaku,118,2018,0,Tahun,55992.07,99992885301180
bps_webapi,0000,2026-08-19T02:01:52+00:00,2026-02-19 10:24:55,288,[Seri 2010] Produk Domestik Regional Bruto Per Kapita,Ribu Rupiah,2,,<p><ul><li>Perbedaan antara jumlah PDRB 34 Provinsi dan PDB Indonesia antara lain disebabkan oleh diskrepansi statistik </li><li>Data 2023: Angka sementara</li><li> Data 2024: Angka sangat sementara</li></ul></p>,Produk Domestik Regional Bruto (Lapangan Usaha),38 Provinsi,9999,INDONESIA,531,Harga Konstan 2010,118,2018,0,Tahun,39340.56,99992885311180
bps_webapi,0000,2026-08-19T02:01:52+00:00,2026-02-19 10:24:55,288,[Seri 2010] Produk Domestik Regional Bruto Per Kapita,Ribu Rupiah,2,,<p><ul><li>Perbedaan antara jumlah PDRB 34 Provinsi dan PDB Indonesia antara lain disebabkan oleh diskrepansi statistik </li><li>Data 2023: Angka sementara</li><li> Data 2024: Angka sangat sementara</li></ul></p>,Produk Domestik Regional Bruto (Lapangan Usaha),38 Provinsi,1100,ACEH,530,Harga Berlaku,119,2019,0,Tahun,30879.06,11002885301190
bps_webapi,0000,2026-08-19T02:01:52+00:00,2026-02-19 10:24:55,288,[Seri 2010] Produk Domestik Regional Bruto Per Kapita,Ribu Rupiah,2,,<p><ul><li>Perbedaan antara jumlah PDRB 34 Provinsi dan PDB Indonesia antara lain disebabkan oleh diskrepansi statistik </li><li>Data 2023: Angka sementara</li><li> Data 2024: Angka sangat sementara</li></ul></p>,Produk Domestik Regional Bruto (Lapangan Usaha),38 Provinsi,1100,ACEH,531,Harga Konstan 2010,119,2019,0,Tahun,24842.3,11002885311190
bps_webapi,0000,2026-08-19T02:01:52+00:00,2026-02-19 10:24:55,288,[Seri 2010] Produk Domestik Regional Bruto Per Kapita,Ribu Rupiah,2,,<p><ul><li>Perbedaan antara jumlah PDRB 34 Provinsi dan PDB Indonesia antara lain disebabkan oleh diskrepansi statistik </li><li>Data 2023: Angka sementara</li><li> Data 2024: Angka sangat sementara</li></ul></p>,Produk Domestik Regional Bruto (Lapangan Usaha),38 Provinsi,1200,SUMATERA UTARA,530,Harga Berlaku,119,2019,0,Tahun,54620.4,12002885301190
bps_webapi,0000,2026-08-19T02:01:52+00:00,2026-02-19 10:24:55,288,[Seri 2010] Produk Domestik Regional Bruto Per Kapita,Ribu Rupiah,2,,<p><ul><li>Perbedaan antara jumlah PDRB 34 Provinsi dan PDB Indonesia antara lain disebabkan oleh diskrepansi statistik </li><li>Data 2023: Angka sementara</li><li> Data 2024: Angka sangat sementara</li></ul></p>,Produk Domestik Regional Bruto (Lapangan Usaha),38 Provinsi,1200,SUMATERA UTARA,531,Harga Konstan 2010,119,2019,0,Tahun,36853.59,12002885311190
bps_webapi,0000,2026-08-19T02:01:52+00:00,2026-02-19 10:24:55,288,[Seri 2010] Produk Domestik Regional Bruto Per Kapita,Ribu Rupiah,2,,<p><ul><li>Perbedaan antara jumlah PDRB 34 Provinsi dan PDB Indonesia antara lain disebabkan oleh diskrepansi statistik </li><li>Data 2023: Angka sementara</li><li> Data 2024: Angka sangat sementara</li></ul></p>,Produk Domestik Regional Bruto (Lapangan Usaha),38 Provinsi,1300,SUMATERA BARAT,530,Harga Berlaku,119,2019,0,Tahun,44885.51,13002885301190
bps_webapi,0000,2026-08-19T02:01:52+00:00,2026-02-19 10:24:55,288,[Seri 2010] Produk Domestik Regional Bruto Per Kapita,Ribu Rupiah,2,,<p><ul><li>Perbedaan antara jumlah PDRB 34 Provinsi dan PDB Indonesia antara lain disebabkan oleh diskrepansi statistik </li><li>Data 2023: Angka sementara</li><li> Data 2024: Angka sangat sementara</li></ul></p>,Produk Domestik Regional Bruto (Lapangan Usaha),38 Provinsi,1300,SUMATERA BARAT,531,Harga Konstan 2010,119,2019,0,Tahun,31427.29,13002885311190
bps_webapi,0000,2026-08-19T02:01:52+00:00,2026-02-19 10:24:55,288,[Seri 2010] Produk Domestik Regional Bruto Per Kapita,Ribu Rupiah,2,,<p><ul><li>Perbedaan antara jumlah PDRB 34 Provinsi dan PDB Indonesia antara lain disebabkan oleh diskrepansi statistik </li><li>Data 2023: Angka sementara</li><li> Data 2024: Angka sangat sementara</li></ul></p>,Produk Domestik Regional Bruto (Lapangan Usaha),38 Provinsi,1400,RIAU,530,Harga Berlaku,119,2019,0,Tahun,111227.01,14002885301190
bps_webapi,0000,2026-08-19T02:01:52+00:00,2026-02-19 10:24:55,288,[Seri 2010] Produk Domestik Regional Bruto Per Kapita,Ribu Rupiah,2,,<p><ul><li>Perbedaan antara jumlah PDRB 34 Provinsi dan PDB Indonesia antara lain disebabkan oleh diskrepansi statistik </li><li>Data 2023: Angka sementara</li><li> Data 2024: Angka sangat sementara</li></ul></p>,Produk Domestik Regional Bruto (Lapangan Usaha),38 Provinsi,1400,RIAU,531,Harga Konstan 2010,119,2019,0,Tahun,72509.14,14002885311190
bps_webapi,0000,2026-08-19T02:01:52+00:00,2026-02-19 10:24:55,288,[Seri 2010] Produk Domestik Regional Bruto Per Kapita,Ribu Rupiah,2,,<p><ul><li>Perbedaan antara jumlah PDRB 34 Provinsi dan PDB Indonesia antara lain disebabkan oleh diskrepansi statistik </li><li>Data 2023: Angka sementara</li><li> Data 2024: Angka sangat sementara</li></ul></p>,Produk Domestik Regional Bruto (Lapangan Usaha),38 Provinsi,1500,JAMBI,530,Harga Berlaku,119,2019,0,Tahun,60828.86,15002885301190
bps_webapi,0000,2026-08-19T02:01:52+00:00,2026-02-19 10:24:55,288,[Seri 2010] Produk Domestik Regional Bruto Per Kapita,Ribu Rupiah,2,,<p><ul><li>Perbedaan antara jumlah PDRB 34 Provinsi dan PDB Indonesia antara lain disebabkan oleh diskrepansi statistik </li><li>Data 2023: Angka sementara</li><li> Data 2024: Angka sangat sementara</li></ul></p>,Produk Domestik Regional Bruto (Lapangan Usaha),38 Provinsi,1500,JAMBI,531,Harga Konstan 2010,119,2019,0,Tahun,41812.35,15002885311190
bps_webapi,0000,2026-08-19T02:01:52+00:00,2026-02-19 10:24:55,288,[Seri 2010] Produk Domestik Regional Bruto Per Kapita,Ribu Rupiah,2,,<p><ul><li>Perbedaan antara jumlah PDRB 34 Provinsi dan PDB Indonesia antara lain disebabkan oleh diskrepansi statistik </li><li>Data 2023: Angka sementara</li><li> Data 2024: Angka sangat sementara</li></ul></p>,Produk Domestik Regional Bruto (Lapangan Usaha),38 Provinsi,1600,SUMATERA SELATAN,530,Harga Berlaku,119,2019,0,Tahun,53359.1,16002885301190
bps_webapi,0000,2026-08-19T02:01:52+00:00,2026-02-19 10:24:55,288,[Seri 2010] Produk Domestik Regional Bruto Per Kapita,Ribu Rupiah,2,,<p><ul><li>Perbedaan antara jumlah PDRB 34 Provinsi dan PDB Indonesia antara lain disebabkan oleh diskrepansi statistik </li><li>Data 2023: Angka sementara</li><li> Data 2024: Angka sangat sementara</li></ul></p>,Produk Domestik Regional Bruto (Lapangan Usaha),38 Provinsi,1600,SUMATERA SELATAN,531,Harga Konstan 2010,119,2019,0,Tahun,37125.75,16002885311190
bps_webapi,0000,2026-08-19T02:01:52+00:00,2026-02-19 10:24:55,288,[Seri 2010] Produk Domestik Regional Bruto Per Kapita,Ribu Rupiah,2,,<p><ul><li>Perbedaan antara jumlah PDRB 34 Provinsi dan PDB Indonesia antara lain disebabkan oleh diskrepansi statistik </li><li>Data 2023: Angka sementara</li><li> Data 2024: Angka sangat sementara</li></ul></p>,Produk Domestik Regional Bruto (Lapangan Usaha),38 Provinsi,1700,BENGKULU,530,Harga Berlaku,119,2019,0,Tahun,36565.29,17002885301190
bps_webapi,0000,2026-08-19T02:01:52+00:00,2026-02-19 10:24:55,288,[Seri 2010] Produk Domestik Regional Bruto Per Kapita,Ribu Rupiah,2,,<p><ul><li>Perbedaan antara jumlah PDRB 34 Provinsi dan PDB Indonesia antara lain disebabkan oleh diskrepansi statistik </li><li>Data 2023: Angka sementara</li><li> Data 2024: Angka sangat sementara</li></ul></p>,Produk Domestik Regional Bruto (Lapangan Usaha),38 Provinsi,1700,BENGKULU,531,Harga Konstan 2010,119,2019,0,Tahun,23504.53,17002885311190
bps_webapi,0000,2026-08-19T02:01:52+00:00,2026-02-19 10:24:55,288,[Seri 2010] Produk Domestik Regional Bruto Per Kapita,Ribu Rupiah,2,,<p><ul><li>Perbedaan antara jumlah PDRB 34 Provinsi dan PDB Indonesia antara lain disebabkan oleh diskrepansi statistik </li><li>Data 2023: Angka sementara</li><li> Data 2024: Angka sangat sementara</li></ul></p>,Produk Domestik Regional Bruto (Lapangan Usaha),38 Provinsi,1800,LAMPUNG,530,Harga Berlaku,119,2019,0,Tahun,42172.32,18002885301190
bps_webapi,0000,2026-08-19T02:01:52+00:00,2026-02-19 10:24:55,288,[Seri 2010] Produk Domestik Regional Bruto Per Kapita,Ribu Rupiah,2,,<p><ul><li>Perbedaan antara jumlah PDRB 34 Provinsi dan PDB Indonesia antara lain disebabkan oleh diskrepansi statistik </li><li>Data 2023: Angka sementara</li><li> Data 2024: Angka sangat sementara</li></ul></p>,Produk Domestik Regional Bruto (Lapangan Usaha),38 Provinsi,1800,LAMPUNG,531,Harga Konstan 2010,119,2019,0,Tahun,28894.5,18002885311190
bps_webapi,0000,2026-08-19T02:01:52+00:00,2026-02-19 10:24:55,288,[Seri 2010] Produk Domestik Regional Bruto Per Kapita,Ribu Rupiah,2,,<p><ul><li>Perbedaan antara jumlah PDRB 34 Provinsi dan PDB Indonesia antara lain disebabkan oleh diskrepansi statistik </li><li>Data 2023: Angka sementara</li><li> Data 2024: Angka sangat sementara</li></ul></p>,Produk Domestik Regional Bruto (Lapangan Usaha),38 Provinsi,1900,KEP. BANGKA BELITUNG,530,Harga Berlaku,119,2019,0,Tahun,52232.8,19002885301190
bps_webapi,0000,2026-08-19T02:01:52+00:00,2026-02-19 10:24:55,288,[Seri 2010] Produk Domestik Regional Bruto Per Kapita,Ribu Rupiah,2,,<p><ul><li>Perbedaan antara jumlah PDRB 34 Provinsi dan PDB Indonesia antara lain disebabkan oleh diskrepansi statistik </li><li>Data 2023: Angka sementara</li><li> Data 2024: Angka sangat sementara</li></ul></p>,Produk Domestik Regional Bruto (Lapangan Usaha),38 Provinsi,1900,KEP. BANGKA BELITUNG,531,Harga Konstan 2010,119,2019,0,Tahun,37173.14,19002885311190
bps_webapi,0000,2026-08-19T02:01:52+00:00,2026-02-19 10:24:55,288,[Seri 2010] Produk Domestik Regional Bruto Per Kapita,Ribu Rupiah,2,,<p><ul><li>Perbedaan antara jumlah PDRB 34 Provinsi dan PDB Indonesia antara lain disebabkan oleh diskrepansi statistik </li><li>Data 2023: Angka sementara</li><li> Data 2024: Angka sangat sementara</li></ul></p>,Produk Domestik Regional Bruto (Lapangan Usaha),38 Provinsi,2100,KEP. RIAU,530,Harga Berlaku,119,2019,0,Tahun,119394.66,21002885301190
bps_webapi,0000,2026-08-19T02:01:52+00:00,2026-02-19 10:24:55,288,[Seri 2010] Produk Domestik Regional Bruto Per Kapita,Ribu Rupiah,2,,<p><ul><li>Perbedaan antara jumlah PDRB 34 Provinsi dan PDB Indonesia antara lain disebabkan oleh diskrepansi statistik </li><li>Data 2023: Angka sementara</li><li> Data 2024: Angka sangat sementara</li></ul></p>,Produk Domestik Regional Bruto (Lapangan Usaha),38 Provinsi,2100,KEP. RIAU,531,Harga Konstan 2010,119,2019,0,Tahun,81138.52,21002885311190
bps_webapi,0000,2026-08-19T02:01:52+00:00,2026-02-19 10:24:55,288,[Seri 2010] Produk Domestik Regional Bruto Per Kapita,Ribu Rupiah,2,,<p><ul><li>Perbedaan antara jumlah PDRB 34 Provinsi dan PDB Indonesia antara lain disebabkan oleh diskrepansi statistik </li><li>Data 2023: Angka sementara</li><li> Data 2024: Angka sangat sementara</li></ul></p>,Produk Domestik Regional Bruto (Lapangan Usaha),38 Provinsi,3100,DKI JAKARTA,530,Harga Berlaku,119,2019,0,Tahun,268052.25,31002885301190
bps_webapi,0000,2026-08-19T02:01:52+00:00,2026-02-19 10:24:55,288,[Seri 2010] Produk Domestik Regional Bruto Per Kapita,Ribu Rupiah,2,,<p><ul><li>Perbedaan antara jumlah PDRB 34 Provinsi dan PDB Indonesia antara lain disebabkan oleh diskrepansi statistik </li><li>Data 2023: Angka sementara</li><li> Data 2024: Angka sangat sementara</li></ul></p>,Produk Domestik Regional Bruto (Lapangan Usaha),38 Provinsi,3100,DKI JAKARTA,531,Harga Konstan 2010,119,2019,0,Tahun,174812.51,31002885311190
bps_webapi,0000,2026-08-19T02:01:52+00:00,2026-02-19 10:24:55,288,[Seri 2010] Produk Domestik Regional Bruto Per Kapita,Ribu Rupiah,2,,<p><ul><li>Perbedaan antara jumlah PDRB 34 Provinsi dan PDB Indonesia antara lain disebabkan oleh diskrepansi statistik </li><li>Data 2023: Angka sementara</li><li> Data 2024: Angka sangat sementara</li></ul></p>,Produk Domestik Regional Bruto (Lapangan Usaha),38 Provinsi,3200,JAWA BARAT,530,Harga Berlaku,119,2019,0,Tahun,43309.19,32002885301190
bps_webapi,0000,2026-08-19T02:01:52+00:00,2026-02-19 10:24:55,288,[Seri 2010] Produk Domestik Regional Bruto Per Kapita,Ribu Rupiah,2,,<p><ul><li>Perbedaan antara jumlah PDRB 34 Provinsi dan PDB Indonesia antara lain disebabkan oleh diskrepansi statistik </li><li>Data 2023: Angka sementara</li><li> Data 2024: Angka sangat sementara</li></ul></p>,Produk Domestik Regional Bruto (Lapangan Usaha),38 Provinsi,3200,JAWA BARAT,531,Harga Konstan 2010,119,2019,0,Tahun,30413.37,32002885311190
bps_webapi,0000,2026-08-19T02:01:52+00:00,2026-02-19 10:24:55,288,[Seri 2010] Produk Domestik Regional Bruto Per Kapita,Ribu Rupiah,2,,<p><ul><li>Perbedaan antara jumlah PDRB 34 Provinsi dan PDB Indonesia antara lain disebabkan oleh diskrepansi statistik </li><li>Data 2023: Angka sementara</li><li> Data 2024: Angka sangat sementara</li></ul></p>,Produk Domestik Regional Bruto (Lapangan Usaha),38 Provinsi,3300,JAWA TENGAH,530,Harga Berlaku,119,2019,0,Tahun,39388.15,33002885301190
bps_webapi,0000,2026-08-19T02:01:52+00:00,2026-02-19 10:24:55,288,[Seri 2010] Produk Domestik Regional Bruto Per Kapita,Ribu Rupiah,2,,<p><ul><li>Perbedaan antara jumlah PDRB 34 Provinsi dan PDB Indonesia antara lain disebabkan oleh diskrepansi statistik </li><li>Data 2023: Angka sementara</li><li> Data 2024: Angka sangat sementara</li></ul></p>,Produk Domestik Regional Bruto (Lapangan Usaha),38 Provinsi,3300,JAWA TENGAH,531,Harga Konstan 2010,119,2019,0,Tahun,28695.92,33002885311190
bps_webapi,0000,2026-08-19T02:01:52+00:00,2026-02-19 10:24:55,288,[Seri 2010] Produk Domestik Regional Bruto Per Kapita,Ribu Rupiah,2,,<p><ul><li>Perbedaan antara jumlah PDRB 34 Provinsi dan PDB Indonesia antara lain disebabkan oleh diskrepansi statistik </li><li>Data 2023: Angka sementara</li><li> Data 2024: Angka sangat sementara</li></ul></p>,Produk Domestik Regional Bruto (Lapangan Usaha),38 Provinsi,3400,DI YOGYAKARTA,530,Harga Berlaku,119,2019,0,Tahun,36459.73,34002885301190
bps_webapi,0000,2026-08-19T02:01:52+00:00,2026-02-19 10:24:55,288,[Seri 2010] Produk Domestik Regional Bruto Per Kapita,Ribu Rupiah,2,,<p><ul><li>Perbedaan antara jumlah PDRB 34 Provinsi dan PDB Indonesia antara lain disebabkan oleh diskrepansi statistik </li><li>Data 2023: Angka sementara</li><li> Data 2024: Angka sangat sementara</li></ul></p>,Produk Domestik Regional Bruto (Lapangan Usaha),38 Provinsi,3400,DI YOGYAKARTA,531,Harga Konstan 2010,119,2019,0,Tahun,27008.68,34002885311190
bps_webapi,0000,2026-08-19T02:01:52+00:00,2026-02-19 10:24:55,288,[Seri 2010] Produk Domestik Regional Bruto Per Kapita,Ribu Rupiah,2,,<p><ul><li>Perbedaan antara jumlah PDRB 34 Provinsi dan PDB Indonesia antara lain disebabkan oleh diskrepansi statistik </li><li>Data 2023: Angka sementara</li><li> Data 2024: Angka sangat sementara</li></ul></p>,Produk Domestik Regional Bruto (Lapangan Usaha),38 Provinsi,3500,JAWA TIMUR,530,Harga Berlaku,119,2019,0,Tahun,59015.17,35002885301190
bps_webapi,0000,2026-08-19T02:01:52+00:00,2026-02-19 10:24:55,288,[Seri 2010] Produk Domestik Regional Bruto Per Kapita,Ribu Rupiah,2,,<p><ul><li>Perbedaan antara jumlah PDRB 34 Provinsi dan PDB Indonesia antara lain disebabkan oleh diskrepansi statistik </li><li>Data 2023: Angka sementara</li><li> Data 2024: Angka sangat sementara</li></ul></p>,Produk Domestik Regional Bruto (Lapangan Usaha),38 Provinsi,3500,JAWA TIMUR,531,Harga Konstan 2010,119,2019,0,Tahun,41512.2,35002885311190
bps_webapi,0000,2026-08-19T02:01:52+00:00,2026-02-19 10:24:55,288,[Seri 2010] Produk Domestik Regional Bruto Per Kapita,Ribu Rupiah,2,,<p><ul><li>Perbedaan antara jumlah PDRB 34 Provinsi dan PDB Indonesia antara lain disebabkan oleh diskrepansi statistik </li><li>Data 2023: Angka sementara</li><li> Data 2024: Angka sangat sementara</li></ul></p>,Produk Domestik Regional Bruto (Lapangan Usaha),38 Provinsi,3600,BANTEN,530,Harga Berlaku,119,2019,0,Tahun,52013.99,36002885301190
bps_webapi,0000,2026-08-19T02:01:52+00:00,2026-02-19 10:24:55,288,[Seri 2010] Produk Domestik Regional Bruto Per Kapita,Ribu Rupiah,2,,<p><ul><li>Perbedaan antara jumlah PDRB 34 Provinsi dan PDB Indonesia antara lain disebabkan oleh diskrepansi statistik </li><li>Data 2023: Angka sementara</li><li> Data 2024: Angka sangat sementara</li></ul></p>,Produk Domestik Regional Bruto (Lapangan Usaha),38 Provinsi,3600,BANTEN,531,Harga Konstan 2010,119,2019,0,Tahun,35913.9,36002885311190
bps_webapi,0000,2026-08-19T02:01:52+00:00,2026-02-19 10:24:55,288,[Seri 2010] Produk Domestik Regional Bruto Per Kapita,Ribu Rupiah,2,,<p><ul><li>Perbedaan antara jumlah PDRB 34 Provinsi dan PDB Indonesia antara lain disebabkan oleh diskrepansi statistik </li><li>Data 2023: Angka sementara</li><li> Data 2024: Angka sangat sementara</li></ul></p>,Produk Domestik Regional Bruto (Lapangan Usaha),38 Provinsi,5100,BALI,530,Harga Berlaku,119,2019,0,Tahun,57755.96,51002885301190
bps_webapi,0000,2026-08-19T02:01:52+00:00,2026-02-19 10:24:55,288,[Seri 2010] Produk Domestik Regional Bruto Per Kapita,Ribu Rupiah,2,,<p><ul><li>Perbedaan antara jumlah PDRB 34 Provinsi dan PDB Indonesia antara lain disebabkan oleh diskrepansi statistik </li><li>Data 2023: Angka sementara</li><li> Data 2024: Angka sangat sementara</li></ul></p>,Produk Domestik Regional Bruto (Lapangan Usaha),38 Provinsi,5100,BALI,531,Harga Konstan 2010,119,2019,0,Tahun,37297.5,51002885311190
bps_webapi,0000,2026-08-19T02:01:52+00:00,2026-02-19 10:24:55,288,[Seri 2010] Produk Domestik Regional Bruto Per Kapita,Ribu Rupiah,2,,<p><ul><li>Perbedaan antara jumlah PDRB 34 Provinsi dan PDB Indonesia antara lain disebabkan oleh diskrepansi statistik </li><li>Data 2023: Angka sementara</li><li> Data 2024: Angka sangat sementara</li></ul></p>,Produk Domestik Regional Bruto (Lapangan Usaha),38 Provinsi,5200,NUSA TENGGARA BARAT,530,Harga Berlaku,119,2019,0,Tahun,25716.11,52002885301190
bps_webapi,0000,2026-08-19T02:01:52+00:00,2026-02-19 10:24:55,288,[Seri 2010] Produk Domestik Regional Bruto Per Kapita,Ribu Rupiah,2,,<p><ul><li>Perbedaan antara jumlah PDRB 34 Provinsi dan PDB Indonesia antara lain disebabkan oleh diskrepansi statistik </li><li>Data 2023: Angka sementara</li><li> Data 2024: Angka sangat sementara</li></ul></p>,Produk Domestik Regional Bruto (Lapangan Usaha),38 Provinsi,5200,NUSA TENGGARA BARAT,531,Harga Konstan 2010,119,2019,0,Tahun,18219.11,52002885311190
bps_webapi,0000,2026-08-19T02:01:52+00:00,2026-02-19 10:24:55,288,[Seri 2010] Produk Domestik Regional Bruto Per Kapita,Ribu Rupiah,2,,<p><ul><li>Perbedaan antara jumlah PDRB 34 Provinsi dan PDB Indonesia antara lain disebabkan oleh diskrepansi statistik </li><li>Data 2023: Angka sementara</li><li> Data 2024: Angka sangat sementara</li></ul></p>,Produk Domestik Regional Bruto (Lapangan Usaha),38 Provinsi,5300,NUSA TENGGARA TIMUR,530,Harga Berlaku,119,2019,0,Tahun,19630.02,53002885301190
bps_webapi,0000,2026-08-19T02:01:52+00:00,2026-02-19 10:24:55,288,[Seri 2010] Produk Domestik Regional Bruto Per Kapita,Ribu Rupiah,2,,<p><ul><li>Perbedaan antara jumlah PDRB 34 Provinsi dan PDB Indonesia antara lain disebabkan oleh diskrepansi statistik </li><li>Data 2023: Angka sementara</li><li> Data 2024: Angka sangat sementara</li></ul></p>,Produk Domestik Regional Bruto (Lapangan Usaha),38 Provinsi,5300,NUSA TENGGARA TIMUR,531,Harga Konstan 2010,119,2019,0,Tahun,12761.98,53002885311190
bps_webapi,0000,2026-08-19T02:01:52+00:00,2026-02-19 10:24:55,288,[Seri 2010] Produk Domestik Regional Bruto Per Kapita,Ribu Rupiah,2,,<p><ul><li>Perbedaan antara jumlah PDRB 34 Provinsi dan PDB Indonesia antara lain disebabkan oleh diskrepansi statistik </li><li>Data 2023: Angka sementara</li><li> Data 2024: Angka sangat sementara</li></ul></p>,Produk Domestik Regional Bruto (Lapangan Usaha),38 Provinsi,6100,KALIMANTAN BARAT,530,Harga Berlaku,119,2019,0,Tahun,42045.41,61002885301190
bps_webapi,0000,2026-08-19T02:01:52+00:00,2026-02-19 10:24:55,288,[Seri 2010] Produk Domestik Regional Bruto Per Kapita,Ribu Rupiah,2,,<p><ul><li>Perbedaan antara jumlah PDRB 34 Provinsi dan PDB Indonesia antara lain disebabkan oleh diskrepansi statistik </li><li>Data 2023: Angka sementara</li><li> Data 2024: Angka sangat sementara</li></ul></p>,Produk Domestik Regional Bruto (Lapangan Usaha),38 Provinsi,6100,KALIMANTAN BARAT,531,Harga Konstan 2010,119,2019,0,Tahun,27199.78,61002885311190
bps_webapi,0000,2026-08-19T02:01:52+00:00,2026-02-19 10:24:55,288,[Seri 2010] Produk Domestik Regional Bruto Per Kapita,Ribu Rupiah,2,,<p><ul><li>Perbedaan antara jumlah PDRB 34 Provinsi dan PDB Indonesia antara lain disebabkan oleh diskrepansi statistik </li><li>Data 2023: Angka sementara</li><li> Data 2024: Angka sangat sementara</li></ul></p>,Produk Domestik Regional Bruto (Lapangan Usaha),38 Provinsi,6200,KALIMANTAN TENGAH,530,Harga Berlaku,119,2019,0,Tahun,56625.38,62002885301190
bps_webapi,0000,2026-08-19T02:01:52+00:00,2026-02-19 10:24:55,288,[Seri 2010] Produk Domestik Regional Bruto Per Kapita,Ribu Rupiah,2,,<p><ul><li>Perbedaan antara jumlah PDRB 34 Provinsi dan PDB Indonesia antara lain disebabkan oleh diskrepansi statistik </li><li>Data 2023: Angka sementara</li><li> Data 2024: Angka sangat sementara</li></ul></p>,Produk Domestik Regional Bruto (Lapangan Usaha),38 Provinsi,6200,KALIMANTAN TENGAH,531,Harga Konstan 2010,119,2019,0,Tahun,37870.47,62002885311190
bps_webapi,0000,2026-08-19T02:01:52+00:00,2026-02-19 10:24:55,288,[Seri 2010] Produk Domestik Regional Bruto Per Kapita,Ribu Rupiah,2,,<p><ul><li>Perbedaan antara jumlah PDRB 34 Provinsi dan PDB Indonesia antara lain disebabkan oleh diskrepansi statistik </li><li>Data 2023: Angka sementara</li><li> Data 2024: Angka sangat sementara</li></ul></p>,Produk Domestik Regional Bruto (Lapangan Usaha),38 Provinsi,6300,KALIMANTAN SELATAN,530,Harga Berlaku,119,2019,0,Tahun,42823.56,63002885301190
bps_webapi,0000,2026-08-19T02:01:52+00:00,2026-02-19 10:24:55,288,[Seri 2010] Produk Domestik Regional Bruto Per Kapita,Ribu Rupiah,2,,<p><ul><li>Perbedaan antara jumlah PDRB 34 Provinsi dan PDB Indonesia antara lain disebabkan oleh diskrepansi statistik </li><li>Data 2023: Angka sementara</li><li> Data 2024: Angka sangat sementara</li></ul></p>,Produk Domestik Regional Bruto (Lapangan Usaha),38 Provinsi,6300,KALIMANTAN SELATAN,531,Harga Konstan 2010,119,2019,0,Tahun,31611.46,63002885311190
bps_webapi,0000,2026-08-19T02:01:52+00:00,2026-02-19 10:24:55,288,[Seri 2010] Produk Domestik Regional Bruto Per Kapita,Ribu Rupiah,2,,<p><ul><li>Perbedaan antara jumlah PDRB 34 Provinsi dan PDB Indonesia antara lain disebabkan oleh diskrepansi statistik </li><li>Data 2023: Angka sementara</li><li> Data 2024: Angka sangat sementara</li></ul></p>,Produk Domestik Regional Bruto (Lapangan Usaha),38 Provinsi,6400,KALIMANTAN TIMUR,530,Harga Berlaku,119,2019,0,Tahun,180259.1,64002885301190
bps_webapi,0000,2026-08-19T02:01:52+00:00,2026-02-19 10:24:55,288,[Seri 2010] Produk Domestik Regional Bruto Per Kapita,Ribu Rupiah,2,,<p><ul><li>Perbedaan antara jumlah PDRB 34 Provinsi dan PDB Indonesia antara lain disebabkan oleh diskrepansi statistik </li><li>Data 2023: Angka sementara</li><li> Data 2024: Angka sangat sementara</li></ul></p>,Produk Domestik Regional Bruto (Lapangan Usaha),38 Provinsi,6400,KALIMANTAN TIMUR,531,Harga Konstan 2010,119,2019,0,Tahun,134410.55,64002885311190
bps_webapi,0000,2026-08-19T02:01:52+00:00,2026-02-19 10:24:55,288,[Seri 2010] Produk Domestik Regional Bruto Per Kapita,Ribu Rupiah,2,,<p><ul><li>Perbedaan antara jumlah PDRB 34 Provinsi dan PDB Indonesia antara lain disebabkan oleh diskrepansi statistik </li><li>Data 2023: Angka sementara</li><li> Data 2024: Angka sangat sementara</li></ul></p>,Produk Domestik Regional Bruto (Lapangan Usaha),38 Provinsi,6500,KALIMANTAN UTARA,530,Harga Berlaku,119,2019,0,Tahun,138751.01,65002885301190
bps_webapi,0000,2026-08-19T02:01:52+00:00,2026-02-19 10:24:55,288,[Seri 2010] Produk Domestik Regional Bruto Per Kapita,Ribu Rupiah,2,,<p><ul><li>Perbedaan antara jumlah PDRB 34 Provinsi dan PDB Indonesia antara lain disebabkan oleh diskrepansi statistik </li><li>Data 2023: Angka sementara</li><li> Data 2024: Angka sangat sementara</li></ul></p>,Produk Domestik Regional Bruto (Lapangan Usaha),38 Provinsi,6500,KALIMANTAN UTARA,531,Harga Konstan 2010,119,2019,0,Tahun,88299.52,65002885311190
bps_webapi,0000,2026-08-19T02:01:52+00:00,2026-02-19 10:24:55,288,[Seri 2010] Produk Domestik Regional Bruto Per Kapita,Ribu Rupiah,2,,<p><ul><li>Perbedaan antara jumlah PDRB 34 Provinsi dan PDB Indonesia antara lain disebabkan oleh diskrepansi statistik </li><li>Data 2023: Angka sementara</li><li> Data 2024: Angka sangat sementara</li></ul></p>,Produk Domestik Regional Bruto (Lapangan Usaha),38 Provinsi,7100,SULAWESI UTARA,530,Harga Berlaku,119,2019,0,Tahun,52173.02,71002885301190
bps_webapi,0000,2026-08-19T02:01:52+00:00,2026-02-19 10:24:55,288,[Seri 2010] Produk Domestik Regional Bruto Per Kapita,Ribu Rupiah,2,,<p><ul><li>Perbedaan antara jumlah PDRB 34 Provinsi dan PDB Indonesia antara lain disebabkan oleh diskrepansi statistik </li><li>Data 2023: Angka sementara</li><li> Data 2024: Angka sangat sementara</li></ul></p>,Produk Domestik Regional Bruto (Lapangan Usaha),38 Provinsi,7100,SULAWESI UTARA,531,Harga Konstan 2010,119,2019,0,Tahun,35687.44,71002885311190
bps_webapi,0000,2026-08-19T02:01:52+00:00,2026-02-19 10:24:55,288,[Seri 2010] Produk Domestik Regional Bruto Per Kapita,Ribu Rupiah,2,,<p><ul><li>Perbedaan antara jumlah PDRB 34 Provinsi dan PDB Indonesia antara lain disebabkan oleh diskrepansi statistik </li><li>Data 2023: Angka sementara</li><li> Data 2024: Angka sangat sementara</li></ul></p>,Produk Domestik Regional Bruto (Lapangan Usaha),38 Provinsi,7200,SULAWESI TENGAH,530,Harga Berlaku,119,2019,0,Tahun,61056.03,72002885301190
bps_webapi,0000,2026-08-19T02:01:52+00:00,2026-02-19 10:24:55,288,[Seri 2010] Produk Domestik Regional Bruto Per Kapita,Ribu Rupiah,2,,<p><ul><li>Perbedaan antara jumlah PDRB 34 Provinsi dan PDB Indonesia antara lain disebabkan oleh diskrepansi statistik </li><li>Data 2023: Angka sementara</li><li> Data 2024: Angka sangat sementara</li></ul></p>,Produk Domestik Regional Bruto (Lapangan Usaha),38 Provinsi,7200,SULAWESI TENGAH,531,Harga Konstan 2010,119,2019,0,Tahun,42054.5,72002885311190
bps_webapi,0000,2026-08-19T02:01:52+00:00,2026-02-19 10:24:55,288,[Seri 2010] Produk Domestik Regional Bruto Per Kapita,Ribu Rupiah,2,,<p><ul><li>Perbedaan antara jumlah PDRB 34 Provinsi dan PDB Indonesia antara lain disebabkan oleh diskrepansi statistik </li><li>Data 2023: Angka sementara</li><li> Data 2024: Angka sangat sementara</li></ul></p>,Produk Domestik Regional Bruto (Lapangan Usaha),38 Provinsi,7300,SULAWESI SELATAN,530,Harga Berlaku,119,2019,0,Tahun,57182.14,73002885301190
bps_webapi,0000,2026-08-19T02:01:52+00:00,2026-02-19 10:24:55,288,[Seri 2010] Produk Domestik Regional Bruto Per Kapita,Ribu Rupiah,2,,<p><ul><li>Perbedaan antara jumlah PDRB 34 Provinsi dan PDB Indonesia antara lain disebabkan oleh diskrepansi statistik </li><li>Data 2023: Angka sementara</li><li> Data 2024: Angka sangat sementara</li></ul></p>,Produk Domestik Regional Bruto (Lapangan Usaha),38 Provinsi,7300,SULAWESI SELATAN,531,Harga Konstan 2010,119,2019,0,Tahun,37474.29,73002885311190
bps_webapi,0000,2026-08-19T02:01:52+00:00,2026-02-19 10:24:55,288,[Seri 2010] Produk Domestik Regional Bruto Per Kapita,Ribu Rupiah,2,,<p><ul><li>Perbedaan antara jumlah PDRB 34 Provinsi dan PDB Indonesia antara lain disebabkan oleh diskrepansi statistik </li><li>Data 2023: Angka sementara</li><li> Data 2024: Angka sangat sementara</li></ul></p>,Produk Domestik Regional Bruto (Lapangan Usaha),38 Provinsi,7400,SULAWESI TENGGARA,530,Harga Berlaku,119,2019,0,Tahun,48514.15,74002885301190
bps_webapi,0000,2026-08-19T02:01:52+00:00,2026-02-19 10:24:55,288,[Seri 2010] Produk Domestik Regional Bruto Per Kapita,Ribu Rupiah,2,,<p><ul><li>Perbedaan antara jumlah PDRB 34 Provinsi dan PDB Indonesia antara lain disebabkan oleh diskrepansi statistik </li><li>Data 2023: Angka sementara</li><li> Data 2024: Angka sangat sementara</li></ul></p>,Produk Domestik Regional Bruto (Lapangan Usaha),38 Provinsi,7400,SULAWESI TENGGARA,531,Harga Konstan 2010,119,2019,0,Tahun,35309.9,74002885311190
bps_webapi,0000,2026-08-19T02:01:52+00:00,2026-02-19 10:24:55,288,[Seri 2010] Produk Domestik Regional Bruto Per Kapita,Ribu Rupiah,2,,<p><ul><li>Perbedaan antara jumlah PDRB 34 Provinsi dan PDB Indonesia antara lain disebabkan oleh diskrepansi statistik </li><li>Data 2023: Angka sementara</li><li> Data 2024: Angka sangat sementara</li></ul></p>,Produk Domestik Regional Bruto (Lapangan Usaha),38 Provinsi,7500,GORONTALO,530,Harga Berlaku,119,2019,0,Tahun,34976.65,75002885301190
bps_webapi,0000,2026-08-19T02:01:52+00:00,2026-02-19 10:24:55,288,[Seri 2010] Produk Domestik Regional Bruto Per Kapita,Ribu Rupiah,2,,<p><ul><li>Perbedaan antara jumlah PDRB 34 Provinsi dan PDB Indonesia antara lain disebabkan oleh diskrepansi statistik </li><li>Data 2023: Angka sementara</li><li> Data 2024: Angka sangat sementara</li></ul></p>,Produk Domestik Regional Bruto (Lapangan Usaha),38 Provinsi,7500,GORONTALO,531,Harga Konstan 2010,119,2019,0,Tahun,24167.56,75002885311190
bps_webapi,0000,2026-08-19T02:01:52+00:00,2026-02-19 10:24:55,288,[Seri 2010] Produk Domestik Regional Bruto Per Kapita,Ribu Rupiah,2,,<p><ul><li>Perbedaan antara jumlah PDRB 34 Provinsi dan PDB Indonesia antara lain disebabkan oleh diskrepansi statistik </li><li>Data 2023: Angka sementara</li><li> Data 2024: Angka sangat sementara</li></ul></p>,Produk Domestik Regional Bruto (Lapangan Usaha),38 Provinsi,7600,SULAWESI BARAT,530,Harga Berlaku,119,2019,0,Tahun,34111.83,76002885301190
bps_webapi,0000,2026-08-19T02:01:52+00:00,2026-02-19 10:24:55,288,[Seri 2010] Produk Domestik Regional Bruto Per Kapita,Ribu Rupiah,2,,<p><ul><li>Perbedaan antara jumlah PDRB 34 Provinsi dan PDB Indonesia antara lain disebabkan oleh diskrepansi statistik </li><li>Data 2023: Angka sementara</li><li> Data 2024: Angka sangat sementara</li></ul></p>,Produk Domestik Regional Bruto (Lapangan Usaha),38 Provinsi,7600,SULAWESI BARAT,531,Harga Konstan 2010,119,2019,0,Tahun,24163.56,76002885311190
bps_webapi,0000,2026-08-19T02:01:52+00:00,2026-02-19 10:24:55,288,[Seri 2010] Produk Domestik Regional Bruto Per Kapita,Ribu Rupiah,2,,<p><ul><li>Perbedaan antara jumlah PDRB 34 Provinsi dan PDB Indonesia antara lain disebabkan oleh diskrepansi statistik </li><li>Data 2023: Angka sementara</li><li> Data 2024: Angka sangat sementara</li></ul></p>,Produk Domestik Regional Bruto (Lapangan Usaha),38 Provinsi,8100,MALUKU,530,Harga Berlaku,119,2019,0,Tahun,26097.04,81002885301190
bps_webapi,0000,2026-08-19T02:01:52+00:00,2026-02-19 10:24:55,288,[Seri 2010] Produk Domestik Regional Bruto Per Kapita,Ribu Rupiah,2,,<p><ul><li>Perbedaan antara jumlah PDRB 34 Provinsi dan PDB Indonesia antara lain disebabkan oleh diskrepansi statistik </li><li>Data 2023: Angka sementara</li><li> Data 2024: Angka sangat sementara</li></ul></p>,Produk Domestik Regional Bruto (Lapangan Usaha),38 Provinsi,8100,MALUKU,531,Harga Konstan 2010,119,2019,0,Tahun,17556.86,81002885311190
bps_webapi,0000,2026-08-19T02:01:52+00:00,2026-02-19 10:24:55,288,[Seri 2010] Produk Domestik Regional Bruto Per Kapita,Ribu Rupiah,2,,<p><ul><li>Perbedaan antara jumlah PDRB 34 Provinsi dan PDB Indonesia antara lain disebabkan oleh diskrepansi statistik </li><li>Data 2023: Angka sementara</li><li> Data 2024: Angka sangat sementara</li></ul></p>,Produk Domestik Regional Bruto (Lapangan Usaha),38 Provinsi,8200,MALUKU UTARA,530,Harga Berlaku,119,2019,0,Tahun,32124.96,82002885301190
bps_webapi,0000,2026-08-19T02:01:52+00:00,2026-02-19 10:24:55,288,[Seri 2010] Produk Domestik Regional Bruto Per Kapita,Ribu Rupiah,2,,<p><ul><li>Perbedaan antara jumlah PDRB 34 Provinsi dan PDB Indonesia antara lain disebabkan oleh diskrepansi statistik </li><li>Data 2023: Angka sementara</li><li> Data 2024: Angka sangat sementara</li></ul></p>,Produk Domestik Regional Bruto (Lapangan Usaha),38 Provinsi,8200,MALUKU UTARA,531,Harga Konstan 2010,119,2019,0,Tahun,21524.99,82002885311190
bps_webapi,0000,2026-08-19T02:01:52+00:00,2026-02-19 10:24:55,288,[Seri 2010] Produk Domestik Regional Bruto Per Kapita,Ribu Rupiah,2,,<p><ul><li>Perbedaan antara jumlah PDRB 34 Provinsi dan PDB Indonesia antara lain disebabkan oleh diskrepansi statistik </li><li>Data 2023: Angka sementara</li><li> Data 2024: Angka sangat sementara</li></ul></p>,Produk Domestik Regional Bruto (Lapangan Usaha),38 Provinsi,9100,PAPUA BARAT,530,Harga Berlaku,119,2019,0,Tahun,87542.37,91002885301190
bps_webapi,0000,2026-08-19T02:01:52+00:00,2026-02-19 10:24:55,288,[Seri 2010] Produk Domestik Regional Bruto Per Kapita,Ribu Rupiah,2,,<p><ul><li>Perbedaan antara jumlah PDRB 34 Provinsi dan PDB Indonesia antara lain disebabkan oleh diskrepansi statistik </li><li>Data 2023: Angka sementara</li><li> Data 2024: Angka sangat sementara</li></ul></p>,Produk Domestik Regional Bruto (Lapangan Usaha),38 Provinsi,9100,PAPUA BARAT,531,Harga Konstan 2010,119,2019,0,Tahun,64418.52,91002885311190
bps_webapi,0000,2026-08-19T02:01:52+00:00,2026-02-19 10:24:55,288,[Seri 2010] Produk Domestik Regional Bruto Per Kapita,Ribu Rupiah,2,,<p><ul><li>Perbedaan antara jumlah PDRB 34 Provinsi dan PDB Indonesia antara lain disebabkan oleh diskrepansi statistik </li><li>Data 2023: Angka sementara</li><li> Data 2024: Angka sangat sementara</li></ul></p>,Produk Domestik Regional Bruto (Lapangan Usaha),38 Provinsi,9400,PAPUA,530,Harga Berlaku,119,2019,0,Tahun,56618.95,94002885301190
bps_webapi,0000,2026-08-19T02:01:52+00:00,2026-02-19 10:24:55,288,[Seri 2010] Produk Domestik Regional Bruto Per Kapita,Ribu Rupiah,2,,<p><ul><li>Perbedaan antara jumlah PDRB 34 Provinsi dan PDB Indonesia antara lain disebabkan oleh diskrepansi statistik </li><li>Data 2023: Angka sementara</li><li> Data 2024: Angka sangat sementara</li></ul></p>,Produk Domestik Regional Bruto (Lapangan Usaha),38 Provinsi,9400,PAPUA,531,Harga Konstan 2010,119,2019,0,Tahun,40203.42,94002885311190
bps_webapi,0000,2026-08-19T02:01:52+00:00,2026-02-19 10:24:55,288,[Seri 2010] Produk Domestik Regional Bruto Per Kapita,Ribu Rupiah,2,,<p><ul><li>Perbedaan antara jumlah PDRB 34 Provinsi dan PDB Indonesia antara lain disebabkan oleh diskrepansi statistik </li><li>Data 2023: Angka sementara</li><li> Data 2024: Angka sangat sementara</li></ul></p>,Produk Domestik Regional Bruto (Lapangan Usaha),38 Provinsi,9999,INDONESIA,530,Harga Berlaku,119,2019,0,Tahun,59317.91,99992885301190
bps_webapi,0000,2026-08-19T02:01:52+00:00,2026-02-19 10:24:55,288,[Seri 2010] Produk Domestik Regional Bruto Per Kapita,Ribu Rupiah,2,,<p><ul><li>Perbedaan antara jumlah PDRB 34 Provinsi dan PDB Indonesia antara lain disebabkan oleh diskrepansi statistik </li><li>Data 2023: Angka sementara</li><li> Data 2024: Angka sangat sementara</li></ul></p>,Produk Domestik Regional Bruto (Lapangan Usaha),38 Provinsi,9999,INDONESIA,531,Harga Konstan 2010,119,2019,0,Tahun,41021.61,99992885311190
bps_webapi,0000,2026-08-19T02:01:52+00:00,2026-02-19 10:24:55,288,[Seri 2010] Produk Domestik Regional Bruto Per Kapita,Ribu Rupiah,2,,<p><ul><li>Perbedaan antara jumlah PDRB 34 Provinsi dan PDB Indonesia antara lain disebabkan oleh diskrepansi statistik </li><li>Data 2023: Angka sementara</li><li> Data 2024: Angka sangat sementara</li></ul></p>,Produk Domestik Regional Bruto (Lapangan Usaha),38 Provinsi,1100,ACEH,530,Harga Berlaku,120,2020,0,Tahun,31633.38,11002885301200
bps_webapi,0000,2026-08-19T02:01:52+00:00,2026-02-19 10:24:55,288,[Seri 2010] Produk Domestik Regional Bruto Per Kapita,Ribu Rupiah,2,,<p><ul><li>Perbedaan antara jumlah PDRB 34 Provinsi dan PDB Indonesia antara lain disebabkan oleh diskrepansi statistik </li><li>Data 2023: Angka sementara</li><li> Data 2024: Angka sangat sementara</li></ul></p>,Produk Domestik Regional Bruto (Lapangan Usaha),38 Provinsi,1100,ACEH,531,Harga Konstan 2010,120,2020,0,Tahun,25018.28,11002885311200
bps_webapi,0000,2026-08-19T02:01:52+00:00,2026-02-19 10:24:55,288,[Seri 2010] Produk Domestik Regional Bruto Per Kapita,Ribu Rupiah,2,,<p><ul><li>Perbedaan antara jumlah PDRB 34 Provinsi dan PDB Indonesia antara lain disebabkan oleh diskrepansi statistik </li><li>Data 2023: Angka sementara</li><li> Data 2024: Angka sangat sementara</li></ul></p>,Produk Domestik Regional Bruto (Lapangan Usaha),38 Provinsi,1200,SUMATERA UTARA,530,Harga Berlaku,120,2020,0,Tahun,54979.04,12002885301200
bps_webapi,0000,2026-08-19T02:01:52+00:00,2026-02-19 10:24:55,288,[Seri 2010] Produk Domestik Regional Bruto Per Kapita,Ribu Rupiah,2,,<p><ul><li>Perbedaan antara jumlah PDRB 34 Provinsi dan PDB Indonesia antara lain disebabkan oleh diskrepansi statistik </li><li>Data 2023: Angka sementara</li><li> Data 2024: Angka sangat sementara</li></ul></p>,Produk Domestik Regional Bruto (Lapangan Usaha),38 Provinsi,1200,SUMATERA UTARA,531,Harga Konstan 2010,120,2020,0,Tahun,36175.16,12002885311200
bps_webapi,0000,2026-08-19T02:01:52+00:00,2026-02-19 10:24:55,288,[Seri 2010] Produk Domestik Regional Bruto Per Kapita,Ribu Rupiah,2,,<p><ul><li>Perbedaan antara jumlah PDRB 34 Provinsi dan PDB Indonesia antara lain disebabkan oleh diskrepansi statistik </li><li>Data 2023: Angka sementara</li><li> Data 2024: Angka sangat sementara</li></ul></p>,Produk Domestik Regional Bruto (Lapangan Usaha),38 Provinsi,1300,SUMATERA BARAT,530,Harga Berlaku,120,2020,0,Tahun,43825.66,13002885301200
bps_webapi,0000,2026-08-19T02:01:52+00:00,2026-02-19 10:24:55,288,[Seri 2010] Produk Domestik Regional Bruto Per Kapita,Ribu Rupiah,2,,<p><ul><li>Perbedaan antara jumlah PDRB 34 Provinsi dan PDB Indonesia antara lain disebabkan oleh diskrepansi statistik </li><li>Data 2023: Angka sementara</li><li> Data 2024: Angka sangat sementara</li></ul></p>,Produk Domestik Regional Bruto (Lapangan Usaha),38 Provinsi,1300,SUMATERA BARAT,531,Harga Konstan 2010,120,2020,0,Tahun,30696.21,13002885311200
bps_webapi,0000,2026-08-19T02:01:52+00:00,2026-02-19 10:24:55,288,[Seri 2010] Produk Domestik Regional Bruto Per Kapita,Ribu Rupiah,2,,<p><ul><li>Perbedaan antara jumlah PDRB 34 Provinsi dan PDB Indonesia antara lain disebabkan oleh diskrepansi statistik </li><li>Data 2023: Angka sementara</li><li> Data 2024: Angka sangat sementara</li></ul></p>,Produk Domestik Regional Bruto (Lapangan Usaha),38 Provinsi,1400,RIAU,530,Harga Berlaku,120,2020,0,Tahun,114166.9,14002885301200
bps_webapi,0000,2026-08-19T02:01:52+00:00,2026-02-19 10:24:55,288,[Seri 2010] Produk Domestik Regional Bruto Per Kapita,Ribu Rupiah,2,,<p><ul><li>Perbedaan antara jumlah PDRB 34 Provinsi dan PDB Indonesia antara lain disebabkan oleh diskrepansi statistik </li><li>Data 2023: Angka sementara</li><li> Data 2024: Angka sangat sementara</li></ul></p>,Produk Domestik Regional Bruto (Lapangan Usaha),38 Provinsi,1400,RIAU,531,Harga Konstan 2010,120,2020,0,Tahun,76884.74,14002885311200
bps_webapi,0000,2026-08-19T02:01:52+00:00,2026-02-19 10:24:55,288,[Seri 2010] Produk Domestik Regional Bruto Per Kapita,Ribu Rupiah,2,,<p><ul><li>Perbedaan antara jumlah PDRB 34 Provinsi dan PDB Indonesia antara lain disebabkan oleh diskrepansi statistik </li><li>Data 2023: Angka sementara</li><li> Data 2024: Angka sangat sementara</li></ul></p>,Produk Domestik Regional Bruto (Lapangan Usaha),38 Provinsi,1500,JAMBI,530,Harga Berlaku,120,2020,0,Tahun,57957.73,15002885301200
bps_webapi,0000,2026-08-19T02:01:52+00:00,2026-02-19 10:24:55,288,[Seri 2010] Produk Domestik Regional Bruto Per Kapita,Ribu Rupiah,2,,<p><ul><li>Perbedaan antara jumlah PDRB 34 Provinsi dan PDB Indonesia antara lain disebabkan oleh diskrepansi statistik </li><li>Data 2023: Angka sementara</li><li> Data 2024: Angka sangat sementara</li></ul></p>,Produk Domestik Regional Bruto (Lapangan Usaha),38 Provinsi,1500,JAMBI,531,Harga Konstan 2010,120,2020,0,Tahun,41926.04,15002885311200
bps_webapi,0000,2026-08-19T02:01:52+00:00,2026-02-19 10:24:55,288,[Seri 2010] Produk Domestik Regional Bruto Per Kapita,Ribu Rupiah,2,,<p><ul><li>Perbedaan antara jumlah PDRB 34 Provinsi dan PDB Indonesia antara lain disebabkan oleh diskrepansi statistik </li><li>Data 2023: Angka sementara</li><li> Data 2024: Angka sangat sementara</li></ul></p>,Produk Domestik Regional Bruto (Lapangan Usaha),38 Provinsi,1600,SUMATERA SELATAN,530,Harga Berlaku,120,2020,0,Tahun,53842.74,16002885301200
bps_webapi,0000,2026-08-19T02:01:52+00:00,2026-02-19 10:24:55,288,[Seri 2010] Produk Domestik Regional Bruto Per Kapita,Ribu Rupiah,2,,<p><ul><li>Perbedaan antara jumlah PDRB 34 Provinsi dan PDB Indonesia antara lain disebabkan oleh diskrepansi statistik </li><li>Data 2023: Angka sementara</li><li> Data 2024: Angka sangat sementara</li></ul></p>,Produk Domestik Regional Bruto (Lapangan Usaha),38 Provinsi,1600,SUMATERA SELATAN,531,Harga Konstan 2010,120,2020,0,Tahun,37323.24,16002885311200
bps_webapi,0000,2026-08-19T02:01:52+00:00,2026-02-19 10:24:55,288,[Seri 2010] Produk Domestik Regional Bruto Per Kapita,Ribu Rupiah,2,,<p><ul><li>Perbedaan antara jumlah PDRB 34 Provinsi dan PDB Indonesia antara lain disebabkan oleh diskrepansi statistik </li><li>Data 2023: Angka sementara</li><li> Data 2024: Angka sangat sementara</li></ul></p>,Produk Domestik Regional Bruto (Lapangan Usaha),38 Provinsi,1700,BENGKULU,530,Harga Berlaku,120,2020,0,Tahun,36552.5,17002885301200
bps_webapi,0000,2026-08-19T02:01:52+00:00,2026-02-19 10:24:55,288,[Seri 2010] Produk Domestik Regional Bruto Per Kapita,Ribu Rupiah,2,,<p><ul><li>Perbedaan antara jumlah PDRB 34 Provinsi dan PDB Indonesia antara lain disebabkan oleh diskrepansi statistik </li><li>Data 2023: Angka sementara</li><li> Data 2024: Angka sangat sementara</li></ul></p>,Produk Domestik Regional Bruto (Lapangan Usaha),38 Provinsi,1700,BENGKULU,531,Harga Konstan 2010,120,2020,0,Tahun,23105.92,17002885311200
bps_webapi,0000,2026-08-19T02:01:52+00:00,2026-02-19 10:24:55,288,[Seri 2010] Produk Domestik Regional Bruto Per Kapita,Ribu Rupiah,2,,<p><ul><li>Perbedaan antara jumlah PDRB 34 Provinsi dan PDB Indonesia antara lain disebabkan oleh diskrepansi statistik </li><li>Data 2023: Angka sementara</li><li> Data 2024: Angka sangat sementara</li></ul></p>,Produk Domestik Regional Bruto (Lapangan Usaha),38 Provinsi,1800,LAMPUNG,530,Harga Berlaku,120,2020,0,Tahun,39290.33,18002885301200
bps_webapi,0000,2026-08-19T02:01:52+00:00,2026-02-19 10:24:55,288,[Seri 2010] Produk Domestik Regional Bruto Per Kapita,Ribu Rupiah,2,,<p><ul><li>Perbedaan antara jumlah PDRB 34 Provinsi dan PDB Indonesia antara lain disebabkan oleh diskrepansi statistik </li><li>Data 2023: Angka sementara</li><li> Data 2024: Angka sangat sementara</li></ul></p>,Produk Domestik Regional Bruto (Lapangan Usaha),38 Provinsi,1800,LAMPUNG,531,Harga Konstan 2010,120,2020,0,Tahun,26746.64,18002885311200
bps_webapi,0000,2026-08-19T02:01:52+00:00,2026-02-19 10:24:55,288,[Seri 2010] Produk Domestik Regional Bruto Per Kapita,Ribu Rupiah,2,,<p><ul><li>Perbedaan antara jumlah PDRB 34 Provinsi dan PDB Indonesia antara lain disebabkan oleh diskrepansi statistik </li><li>Data 2023: Angka sementara</li><li> Data 2024: Angka sangat sementara</li></ul></p>,Produk Domestik Regional Bruto (Lapangan Usaha),38 Provinsi,1900,KEP. BANGKA BELITUNG,530,Harga Berlaku,120,2020,0,Tahun,52023.4,19002885301200
bps_webapi,0000,2026-08-19T02:01:52+00:00,2026-02-19 10:24:55,288,[Seri 2010] Produk Domestik Regional Bruto Per Kapita,Ribu Rupiah,2,,<p><ul><li>Perbedaan antara jumlah PDRB 34 Provinsi dan PDB Indonesia antara lain disebabkan oleh diskrepansi statistik </li><li>Data 2023: Angka sementara</li><li> Data 2024: Angka sangat sementara</li></ul></p>,Produk Domestik Regional Bruto (Lapangan Usaha),38 Provinsi,1900,KEP. BANGKA BELITUNG,531,Harga Konstan 2010,120,2020,0,Tahun,36307.61,19002885311200
bps_webapi,0000,2026-08-19T02:01:52+00:00,2026-02-19 10:24:55,288,[Seri 2010] Produk Domestik Regional Bruto Per Kapita,Ribu Rupiah,2,,<p><ul><li>Perbedaan antara jumlah PDRB 34 Provinsi dan PDB Indonesia antara lain disebabkan oleh diskrepansi statistik </li><li>Data 2023: Angka sementara</li><li> Data 2024: Angka sangat sementara</li></ul></p>,Produk Domestik Regional Bruto (Lapangan Usaha),38 Provinsi,2100,KEP. RIAU,530,Harga Berlaku,120,2020,0,Tahun,123464.79,21002885301200
bps_webapi,0000,2026-08-19T02:01:52+00:00,2026-02-19 10:24:55,288,[Seri 2010] Produk Domestik Regional Bruto Per Kapita,Ribu Rupiah,2,,<p><ul><li>Perbedaan antara jumlah PDRB 34 Provinsi dan PDB Indonesia antara lain disebabkan oleh diskrepansi statistik </li><li>Data 2023: Angka sementara</li><li> Data 2024: Angka sangat sementara</li></ul></p>,Produk Domestik Regional Bruto (Lapangan Usaha),38 Provinsi,2100,KEP. RIAU,531,Harga Konstan 2010,120,2020,0,Tahun,85012.58,21002885311200
bps_webapi,0000,2026-08-19T02:01:52+00:00,2026-02-19 10:24:55,288,[Seri 2010] Produk Domestik Regional Bruto Per Kapita,Ribu Rupiah,2,,<p><ul><li>Perbedaan antara jumlah PDRB 34 Provinsi dan PDB Indonesia antara lain disebabkan oleh diskrepansi statistik </li><li>Data 2023: Angka sementara</li><li> Data 2024: Angka sangat sementara</li></ul></p>,Produk Domestik Regional Bruto (Lapangan Usaha),38 Provinsi,3100,DKI JAKARTA,530,Harga Berlaku,120,2020,0,Tahun,262615.17,31002885301200
bps_webapi,0000,2026-08-19T02:01:52+00:00,2026-02-19 10:24:55,288,[Seri 2010] Produk Domestik Regional Bruto Per Kapita,Ribu Rupiah,2,,<p><ul><li>Perbedaan antara jumlah PDRB 34 Provinsi dan PDB Indonesia antara lain disebabkan oleh diskrepansi statistik </li><li>Data 2023: Angka sementara</li><li> Data 2024: Angka sangat sementara</li></ul></p>,Produk Domestik Regional Bruto (Lapangan Usaha),38 Provinsi,3100,DKI JAKARTA,531,Harga Konstan 2010,120,2020,0,Tahun,170089.02,31002885311200
bps_webapi,0000,2026-08-19T02:01:52+00:00,2026-02-19 10:24:55,288,[Seri 2010] Produk Domestik Regional Bruto Per Kapita,Ribu Rupiah,2,,<p><ul><li>Perbedaan antara jumlah PDRB 34 Provinsi dan PDB Indonesia antara lain disebabkan oleh diskrepansi statistik </li><li>Data 2023: Angka sementara</li><li> Data 2024: Angka sangat sementara</li></ul></p>,Produk Domestik Regional Bruto (Lapangan Usaha),38 Provinsi,3200,JAWA BARAT,530,Harga Berlaku,120,2020,0,Tahun,43236.51,32002885301200
bps_webapi,0000,2026-08-19T02:01:52+00:00,2026-02-19 10:24:55,288,[Seri 2010] Produk Domestik Regional Bruto Per Kapita,Ribu Rupiah,2,,<p><ul><li>Perbedaan antara jumlah PDRB 34 Provinsi dan PDB Indonesia antara lain disebabkan oleh diskrepansi statistik </li><li>Data 2023: Angka sementara</li><li> Data 2024: Angka sangat sementara</li></ul></p>,Produk Domestik Regional Bruto (Lapangan Usaha),38 Provinsi,3200,JAWA BARAT,531,Harga Konstan 2010,120,2020,0,Tahun,30180.54,32002885311200
bps_webapi,0000,2026-08-19T02:01:52+00:00,2026-02-19 10:24:55,288,[Seri 2010] Produk Domestik Regional Bruto Per Kapita,Ribu Rupiah,2,,<p><ul><li>Perbedaan antara jumlah PDRB 34 Provinsi dan PDB Indonesia antara lain disebabkan oleh diskrepansi statistik </li><li>Data 2023: Angka sementara</li><li> Data 2024: Angka sangat sementara</li></ul></p>,Produk Domestik Regional Bruto (Lapangan Usaha),38 Provinsi,3300,JAWA TENGAH,530,Harga Berlaku,120,2020,0,Tahun,36964.78,33002885301200
bps_webapi,0000,2026-08-19T02:01:52+00:00,2026-02-19 10:24:55,288,[Seri 2010] Produk Domestik Regional Bruto Per Kapita,Ribu Rupiah,2,,<p><ul><li>Perbedaan antara jumlah PDRB 34 Provinsi dan PDB Indonesia antara lain disebabkan oleh diskrepansi statistik </li><li>Data 2023: Angka sementara</li><li> Data 2024: Angka sangat sementara</li></ul></p>,Produk Domestik Regional Bruto (Lapangan Usaha),38 Provinsi,3300,JAWA TENGAH,531,Harga Konstan 2010,120,2020,0,Tahun,26483.68,33002885311200
bps_webapi,0000,2026-08-19T02:01:52+00:00,2026-02-19 10:24:55,288,[Seri 2010] Produk Domestik Regional Bruto Per Kapita,Ribu Rupiah,2,,<p><ul><li>Perbedaan antara jumlah PDRB 34 Provinsi dan PDB Indonesia antara lain disebabkan oleh diskrepansi statistik </li><li>Data 2023: Angka sementara</li><li> Data 2024: Angka sangat sementara</li></ul></p>,Produk Domestik Regional Bruto (Lapangan Usaha),38 Provinsi,3400,DI YOGYAKARTA,530,Harga Berlaku,120,2020,0,Tahun,37693.64,34002885301200
bps_webapi,0000,2026-08-19T02:01:52+00:00,2026-02-19 10:24:55,288,[Seri 2010] Produk Domestik Regional Bruto Per Kapita,Ribu Rupiah,2,,<p><ul><li>Perbedaan antara jumlah PDRB 34 Provinsi dan PDB Indonesia antara lain disebabkan oleh diskrepansi statistik </li><li>Data 2023: Angka sementara</li><li> Data 2024: Angka sangat sementara</li></ul></p>,Produk Domestik Regional Bruto (Lapangan Usaha),38 Provinsi,3400,DI YOGYAKARTA,531,Harga Konstan 2010,120,2020,0,Tahun,27754.47,34002885311200
bps_webapi,0000,2026-08-19T02:01:52+00:00,2026-02-19 10:24:55,288,[Seri 2010] Produk Domestik Regional Bruto Per Kapita,Ribu Rupiah,2,,<p><ul><li>Perbedaan antara jumlah PDRB 34 Provinsi dan PDB Indonesia antara lain disebabkan oleh diskrepansi statistik </li><li>Data 2023: Angka sementara</li><li> Data 2024: Angka sangat sementara</li></ul></p>,Produk Domestik Regional Bruto (Lapangan Usaha),38 Provinsi,3500,JAWA TIMUR,530,Harga Berlaku,120,2020,0,Tahun,56640.82,35002885301200
bps_webapi,0000,2026-08-19T02:01:52+00:00,2026-02-19 10:24:55,288,[Seri 2010] Produk Domestik Regional Bruto Per Kapita,Ribu Rupiah,2,,<p><ul><li>Perbedaan antara jumlah PDRB 34 Provinsi dan PDB Indonesia antara lain disebabkan oleh diskrepansi statistik </li><li>Data 2023: Angka sementara</li><li> Data 2024: Angka sangat sementara</li></ul></p>,Produk Domestik Regional Bruto (Lapangan Usaha),38 Provinsi,3500,JAWA TIMUR,531,Harga Konstan 2010,120,2020,0,Tahun,39686.19,35002885311200
bps_webapi,0000,2026-08-19T02:01:52+00:00,2026-02-19 10:24:55,288,[Seri 2010] Produk Domestik Regional Bruto Per Kapita,Ribu Rupiah,2,,<p><ul><li>Perbedaan antara jumlah PDRB 34 Provinsi dan PDB Indonesia antara lain disebabkan oleh diskrepansi statistik </li><li>Data 2023: Angka sementara</li><li> Data 2024: Angka sangat sementara</li></ul></p>,Produk Domestik Regional Bruto (Lapangan Usaha),38 Provinsi,3600,BANTEN,530,Harga Berlaku,120,2020,0,Tahun,52729.4,36002885301200
bps_webapi,0000,2026-08-19T02:01:52+00:00,2026-02-19 10:24:55,288,[Seri 2010] Produk Domestik Regional Bruto Per Kapita,Ribu Rupiah,2,,<p><ul><li>Perbedaan antara jumlah PDRB 34 Provinsi dan PDB Indonesia antara lain disebabkan oleh diskrepansi statistik </li><li>Data 2023: Angka sementara</li><li> Data 2024: Angka sangat sementara</li></ul></p>,Produk Domestik Regional Bruto (Lapangan Usaha),38 Provinsi,3600,BANTEN,531,Harga Konstan 2010,120,2020,0,Tahun,37165.16,36002885311200
bps_webapi,0000,2026-08-19T02:01:52+00:00,2026-02-19 10:24:55,288,[Seri 2010] Produk Domestik Regional Bruto Per Kapita,Ribu Rupiah,2,,<p><ul><li>Perbedaan antara jumlah PDRB 34 Provinsi dan PDB Indonesia antara lain disebabkan oleh diskrepansi statistik </li><li>Data 2023: Angka sementara</li><li> Data 2024: Angka sangat sementara</li></ul></p>,Produk Domestik Regional Bruto (Lapangan Usaha),38 Provinsi,5100,BALI,530,Harga Berlaku,120,2020,0,Tahun,52015.45,51002885301200
bps_webapi,0000,2026-08-19T02:01:52+00:00,2026-02-19 10:24:55,288,[Seri 2010] Produk Domestik Regional Bruto Per Kapita,Ribu Rupiah,2,,<p><ul><li>Perbedaan antara jumlah PDRB 34 Provinsi dan PDB Indonesia antara lain disebabkan oleh diskrepansi statistik </li><li>Data 2023: Angka sementara</li><li> Data 2024: Angka sangat sementara</li></ul></p>,Produk Domestik Regional Bruto (Lapangan Usaha),38 Provinsi,5100,BALI,531,Harga Konstan 2010,120,2020,0,Tahun,34216.52,51002885311200
bps_webapi,0000,2026-08-19T02:01:52+00:00,2026-02-19 10:24:55,288,[Seri 2010] Produk Domestik Regional Bruto Per Kapita,Ribu Rupiah,2,,<p><ul><li>Perbedaan antara jumlah PDRB 34 Provinsi dan PDB Indonesia antara lain disebabkan oleh diskrepansi statistik </li><li>Data 2023: Angka sementara</li><li> Data 2024: Angka sangat sementara</li></ul></p>,Produk Domestik Regional Bruto (Lapangan Usaha),38 Provinsi,5200,NUSA TENGGARA BARAT,530,Harga Berlaku,120,2020,0,Tahun,25183.56,52002885301200
bps_webapi,0000,2026-08-19T02:01:52+00:00,2026-02-19 10:24:55,288,[Seri 2010] Produk Domestik Regional Bruto Per Kapita,Ribu Rupiah,2,,<p><ul><li>Perbedaan antara jumlah PDRB 34 Provinsi dan PDB Indonesia antara lain disebabkan oleh diskrepansi statistik </li><li>Data 2023: Angka sementara</li><li> Data 2024: Angka sangat sementara</li></ul></p>,Produk Domestik Regional Bruto (Lapangan Usaha),38 Provinsi,5200,NUSA TENGGARA BARAT,531,Harga Konstan 2010,120,2020,0,Tahun,17583.11,52002885311200
bps_webapi,0000,2026-08-19T02:01:52+00:00,2026-02-19 10:24:55,288,[Seri 2010] Produk Domestik Regional Bruto Per Kapita,Ribu Rupiah,2,,<p><ul><li>Perbedaan antara jumlah PDRB 34 Provinsi dan PDB Indonesia antara lain disebabkan oleh diskrepansi statistik </li><li>Data 2023: Angka sementara</li><li> Data 2024: Angka sangat sementara</li></ul></p>,Produk Domestik Regional Bruto (Lapangan Usaha),38 Provinsi,5300,NUSA TENGGARA TIMUR,530,Harga Berlaku,120,2020,0,Tahun,20056.99,53002885301200
bps_webapi,0000,2026-08-19T02:01:52+00:00,2026-02-19 10:24:55,288,[Seri 2010] Produk Domestik Regional Bruto Per Kapita,Ribu Rupiah,2,,<p><ul><li>Perbedaan antara jumlah PDRB 34 Provinsi dan PDB Indonesia antara lain disebabkan oleh diskrepansi statistik </li><li>Data 2023: Angka sementara</li><li> Data 2024: Angka sangat sementara</li></ul></p>,Produk Domestik Regional Bruto (Lapangan Usaha),38 Provinsi,5300,NUSA TENGGARA TIMUR,531,Harga Konstan 2010,120,2020,0,Tahun,12960.95,53002885311200
bps_webapi,0000,2026-08-19T02:01:52+00:00,2026-02-19 10:24:55,288,[Seri 2010] Produk Domestik Regional Bruto Per Kapita,Ribu Rupiah,2,,<p><ul><li>Perbedaan antara jumlah PDRB 34 Provinsi dan PDB Indonesia antara lain disebabkan oleh diskrepansi statistik </li><li>Data 2023: Angka sementara</li><li> Data 2024: Angka sangat sementara</li></ul></p>,Produk Domestik Regional Bruto (Lapangan Usaha),38 Provinsi,6100,KALIMANTAN BARAT,530,Harga Berlaku,120,2020,0,Tahun,39622.24,61002885301200
bps_webapi,0000,2026-08-19T02:01:52+00:00,2026-02-19 10:24:55,288,[Seri 2010] Produk Domestik Regional Bruto Per Kapita,Ribu Rupiah,2,,<p><ul><li>Perbedaan antara jumlah PDRB 34 Provinsi dan PDB Indonesia antara lain disebabkan oleh diskrepansi statistik </li><li>Data 2023: Angka sementara</li><li> Data 2024: Angka sangat sementara</li></ul></p>,Produk Domestik Regional Bruto (Lapangan Usaha),38 Provinsi,6100,KALIMANTAN BARAT,531,Harga Konstan 2010,120,2020,0,Tahun,24953.61,61002885311200
bps_webapi,0000,2026-08-19T02:01:52+00:00,2026-02-19 10:24:55,288,[Seri 2010] Produk Domestik Regional Bruto Per Kapita,Ribu Rupiah,2,,<p><ul><li>Perbedaan antara jumlah PDRB 34 Provinsi dan PDB Indonesia antara lain disebabkan oleh diskrepansi statistik </li><li>Data 2023: Angka sementara</li><li> Data 2024: Angka sangat sementara</li></ul></p>,Produk Domestik Regional Bruto (Lapangan Usaha),38 Provinsi,6200,KALIMANTAN TENGAH,530,Harga Berlaku,120,2020,0,Tahun,57145.08,62002885301200
bps_webapi,0000,2026-08-19T02:01:52+00:00,2026-02-19 10:24:55,288,[Seri 2010] Produk Domestik Regional Bruto Per Kapita,Ribu Rupiah,2,,<p><ul><li>Perbedaan antara jumlah PDRB 34 Provinsi dan PDB Indonesia antara lain disebabkan oleh diskrepansi statistik </li><li>Data 2023: Angka sementara</li><li> Data 2024: Angka sangat sementara</li></ul></p>,Produk Domestik Regional Bruto (Lapangan Usaha),38 Provinsi,6200,KALIMANTAN TENGAH,531,Harga Konstan 2010,120,2020,0,Tahun,37148.73,62002885311200
bps_webapi,0000,2026-08-19T02:01:52+00:00,2026-02-19 10:24:55,288,[Seri 2010] Produk Domestik Regional Bruto Per Kapita,Ribu Rupiah,2,,<p><ul><li>Perbedaan antara jumlah PDRB 34 Provinsi dan PDB Indonesia antara lain disebabkan oleh diskrepansi statistik </li><li>Data 2023: Angka sementara</li><li> Data 2024: Angka sangat sementara</li></ul></p>,Produk Domestik Regional Bruto (Lapangan Usaha),38 Provinsi,6300,KALIMANTAN SELATAN,530,Harga Berlaku,120,2020,0,Tahun,44100.79,63002885301200
bps_webapi,0000,2026-08-19T02:01:52+00:00,2026-02-19 10:24:55,288,[Seri 2010] Produk Domestik Regional Bruto Per Kapita,Ribu Rupiah,2,,<p><ul><li>Perbedaan antara jumlah PDRB 34 Provinsi dan PDB Indonesia antara lain disebabkan oleh diskrepansi statistik </li><li>Data 2023: Angka sementara</li><li> Data 2024: Angka sangat sementara</li></ul></p>,Produk Domestik Regional Bruto (Lapangan Usaha),38 Provinsi,6300,KALIMANTAN SELATAN,531,Harga Konstan 2010,120,2020,0,Tahun,32212.3,63002885311200
bps_webapi,0000,2026-08-19T02:01:52+00:00,2026-02-19 10:24:55,288,[Seri 2010] Produk Domestik Regional Bruto Per Kapita,Ribu Rupiah,2,,<p><ul><li>Perbedaan antara jumlah PDRB 34 Provinsi dan PDB Indonesia antara lain disebabkan oleh diskrepansi statistik </li><li>Data 2023: Angka sementara</li><li> Data 2024: Angka sangat sementara</li></ul></p>,Produk Domestik Regional Bruto (Lapangan Usaha),38 Provinsi,6400,KALIMANTAN TIMUR,530,Harga Berlaku,120,2020,0,Tahun,161798.85,64002885301200
bps_webapi,0000,2026-08-19T02:01:52+00:00,2026-02-19 10:24:55,288,[Seri 2010] Produk Domestik Regional Bruto Per Kapita,Ribu Rupiah,2,,<p><ul><li>Perbedaan antara jumlah PDRB 34 Provinsi dan PDB Indonesia antara lain disebabkan oleh diskrepansi statistik </li><li>Data 2023: Angka sementara</li><li> Data 2024: Angka sangat sementara</li></ul></p>,Produk Domestik Regional Bruto (Lapangan Usaha),38 Provinsi,6400,KALIMANTAN TIMUR,531,Harga Konstan 2010,120,2020,0,Tahun,125764.53,64002885311200
bps_webapi,0000,2026-08-19T02:01:52+00:00,2026-02-19 10:24:55,288,[Seri 2010] Produk Domestik Regional Bruto Per Kapita,Ribu Rupiah,2,,<p><ul><li>Perbedaan antara jumlah PDRB 34 Provinsi dan PDB Indonesia antara lain disebabkan oleh diskrepansi statistik </li><li>Data 2023: Angka sementara</li><li> Data 2024: Angka sangat sementara</li></ul></p>,Produk Domestik Regional Bruto (Lapangan Usaha),38 Provinsi,6500,KALIMANTAN UTARA,530,Harga Berlaku,120,2020,0,Tahun,143533.29,65002885301200
bps_webapi,0000,2026-08-19T02:01:52+00:00,2026-02-19 10:24:55,288,[Seri 2010] Produk Domestik Regional Bruto Per Kapita,Ribu Rupiah,2,,<p><ul><li>Perbedaan antara jumlah PDRB 34 Provinsi dan PDB Indonesia antara lain disebabkan oleh diskrepansi statistik </li><li>Data 2023: Angka sementara</li><li> Data 2024: Angka sangat sementara</li></ul></p>,Produk Domestik Regional Bruto (Lapangan Usaha),38 Provinsi,6500,KALIMANTAN UTARA,531,Harga Konstan 2010,120,2020,0,Tahun,86823.59,65002885311200
bps_webapi,0000,2026-08-19T02:01:52+00:00,2026-02-19 10:24:55,288,[Seri 2010] Produk Domestik Regional Bruto Per Kapita,Ribu Rupiah,2,,<p><ul><li>Perbedaan antara jumlah PDRB 34 Provinsi dan PDB Indonesia antara lain disebabkan oleh diskrepansi statistik </li><li>Data 2023: Angka sementara</li><li> Data 2024: Angka sangat sementara</li></ul></p>,Produk Domestik Regional Bruto (Lapangan Usaha),38 Provinsi,7100,SULAWESI UTARA,530,Harga Berlaku,120,2020,0,Tahun,50521.13,71002885301200
bps_webapi,0000,2026-08-19T02:01:52+00:00,2026-02-19 10:24:55,288,[Seri 2010] Produk Domestik Regional Bruto Per Kapita,Ribu Rupiah,2,,<p><ul><li>Perbedaan antara jumlah PDRB 34 Provinsi dan PDB Indonesia antara lain disebabkan oleh diskrepansi statistik </li><li>Data 2023: Angka sementara</li><li> Data 2024: Angka sangat sementara</li></ul></p>,Produk Domestik Regional Bruto (Lapangan Usaha),38 Provinsi,7100,SULAWESI UTARA,531,Harga Konstan 2010,120,2020,0,Tahun,33670.44,71002885311200
bps_webapi,0000,2026-08-19T02:01:52+00:00,2026-02-19 10:24:55,288,[Seri 2010] Produk Domestik Regional Bruto Per Kapita,Ribu Rupiah,2,,<p><ul><li>Perbedaan antara jumlah PDRB 34 Provinsi dan PDB Indonesia antara lain disebabkan oleh diskrepansi statistik </li><li>Data 2023: Angka sementara</li><li> Data 2024: Angka sangat sementara</li></ul></p>,Produk Domestik Regional Bruto (Lapangan Usaha),38 Provinsi,7200,SULAWESI TENGAH,530,Harga Berlaku,120,2020,0,Tahun,66306.27,72002885301200
bps_webapi,0000,2026-08-19T02:01:52+00:00,2026-02-19 10:24:55,288,[Seri 2010] Produk Domestik Regional Bruto Per Kapita,Ribu Rupiah,2,,<p><ul><li>Perbedaan antara jumlah PDRB 34 Provinsi dan PDB Indonesia antara lain disebabkan oleh diskrepansi statistik </li><li>Data 2023: Angka sementara</li><li> Data 2024: Angka sangat sementara</li></ul></p>,Produk Domestik Regional Bruto (Lapangan Usaha),38 Provinsi,7200,SULAWESI TENGAH,531,Harga Konstan 2010,120,2020,0,Tahun,45052.32,72002885311200
bps_webapi,0000,2026-08-19T02:01:52+00:00,2026-02-19 10:24:55,288,[Seri 2010] Produk Domestik Regional Bruto Per Kapita,Ribu Rupiah,2,,<p><ul><li>Perbedaan antara jumlah PDRB 34 Provinsi dan PDB Indonesia antara lain disebabkan oleh diskrepansi statistik </li><li>Data 2023: Angka sementara</li><li> Data 2024: Angka sangat sementara</li></ul></p>,Produk Domestik Regional Bruto (Lapangan Usaha),38 Provinsi,7300,SULAWESI SELATAN,530,Harga Berlaku,120,2020,0,Tahun,55675.03,73002885301200
bps_webapi,0000,2026-08-19T02:01:52+00:00,2026-02-19 10:24:55,288,[Seri 2010] Produk Domestik Regional Bruto Per Kapita,Ribu Rupiah,2,,<p><ul><li>Perbedaan antara jumlah PDRB 34 Provinsi dan PDB Indonesia antara lain disebabkan oleh diskrepansi statistik </li><li>Data 2023: Angka sementara</li><li> Data 2024: Angka sangat sementara</li></ul></p>,Produk Domestik Regional Bruto (Lapangan Usaha),38 Provinsi,7300,SULAWESI SELATAN,531,Harga Konstan 2010,120,2020,0,Tahun,36246.26,73002885311200
bps_webapi,0000,2026-08-19T02:01:52+00:00,2026-02-19 10:24:55,288,[Seri 2010] Produk Domestik Regional Bruto Per Kapita,Ribu Rupiah,2,,<p><ul><li>Perbedaan antara jumlah PDRB 34 Provinsi dan PDB Indonesia antara lain disebabkan oleh diskrepansi statistik </li><li>Data 2023: Angka sementara</li><li> Data 2024: Angka sangat sementara</li></ul></p>,Produk Domestik Regional Bruto (Lapangan Usaha),38 Provinsi,7400,SULAWESI TENGGARA,530,Harga Berlaku,120,2020,0,Tahun,49718.15,74002885301200
bps_webapi,0000,2026-08-19T02:01:52+00:00,2026-02-19 10:24:55,288,[Seri 2010] Produk Domestik Regional Bruto Per Kapita,Ribu Rupiah,2,,<p><ul><li>Perbedaan antara jumlah PDRB 34 Provinsi dan PDB Indonesia antara lain disebabkan oleh diskrepansi statistik </li><li>Data 2023: Angka sementara</li><li> Data 2024: Angka sangat sementara</li></ul></p>,Produk Domestik Regional Bruto (Lapangan Usaha),38 Provinsi,7400,SULAWESI TENGGARA,531,Harga Konstan 2010,120,2020,0,Tahun,35708.6,74002885311200
bps_webapi,0000,2026-08-19T02:01:52+00:00,2026-02-19 10:24:55,288,[Seri 2010] Produk Domestik Regional Bruto Per Kapita,Ribu Rupiah,2,,<p><ul><li>Perbedaan antara jumlah PDRB 34 Provinsi dan PDB Indonesia antara lain disebabkan oleh diskrepansi statistik </li><li>Data 2023: Angka sementara</li><li> Data 2024: Angka sangat sementara</li></ul></p>,Produk Domestik Regional Bruto (Lapangan Usaha),38 Provinsi,7500,GORONTALO,530,Harga Berlaku,120,2020,0,Tahun,35693.26,75002885301200
bps_webapi,0000,2026-08-19T02:01:52+00:00,2026-02-19 10:24:55,288,[Seri 2010] Produk Domestik Regional Bruto Per Kapita,Ribu Rupiah,2,,<p><ul><li>Perbedaan antara jumlah PDRB 34 Provinsi dan PDB Indonesia antara lain disebabkan oleh diskrepansi statistik </li><li>Data 2023: Angka sementara</li><li> Data 2024: Angka sangat sementara</li></ul></p>,Produk Domestik Regional Bruto (Lapangan Usaha),38 Provinsi,7500,GORONTALO,531,Harga Konstan 2010,120,2020,0,Tahun,24313.38,75002885311200
bps_webapi,0000,2026-08-19T02:01:52+00:00,2026-02-19 10:24:55,288,[Seri 2010] Produk Domestik Regional Bruto Per Kapita,Ribu Rupiah,2,,<p><ul><li>Perbedaan antara jumlah PDRB 34 Provinsi dan PDB Indonesia antara lain disebabkan oleh diskrepansi statistik </li><li>Data 2023: Angka sementara</li><li> Data 2024: Angka sangat sementara</li></ul></p>,Produk Domestik Regional Bruto (Lapangan Usaha),38 Provinsi,7600,SULAWESI BARAT,530,Harga Berlaku,120,2020,0,Tahun,32836.75,76002885301200
bps_webapi,0000,2026-08-19T02:01:52+00:00,2026-02-19 10:24:55,288,[Seri 2010] Produk Domestik Regional Bruto Per Kapita,Ribu Rupiah,2,,<p><ul><li>Perbedaan antara jumlah PDRB 34 Provinsi dan PDB Indonesia antara lain disebabkan oleh diskrepansi statistik </li><li>Data 2023: Angka sementara</li><li> Data 2024: Angka sangat sementara</li></ul></p>,Produk Domestik Regional Bruto (Lapangan Usaha),38 Provinsi,7600,SULAWESI BARAT,531,Harga Konstan 2010,120,2020,0,Tahun,22666.22,76002885311200
bps_webapi,0000,2026-08-19T02:01:52+00:00,2026-02-19 10:24:55,288,[Seri 2010] Produk Domestik Regional Bruto Per Kapita,Ribu Rupiah,2,,<p><ul><li>Perbedaan antara jumlah PDRB 34 Provinsi dan PDB Indonesia antara lain disebabkan oleh diskrepansi statistik </li><li>Data 2023: Angka sementara</li><li> Data 2024: Angka sangat sementara</li></ul></p>,Produk Domestik Regional Bruto (Lapangan Usaha),38 Provinsi,8100,MALUKU,530,Harga Berlaku,120,2020,0,Tahun,25094.36,81002885301200
bps_webapi,0000,2026-08-19T02:01:52+00:00,2026-02-19 10:24:55,288,[Seri 2010] Produk Domestik Regional Bruto Per Kapita,Ribu Rupiah,2,,<p><ul><li>Perbedaan antara jumlah PDRB 34 Provinsi dan PDB Indonesia antara lain disebabkan oleh diskrepansi statistik </li><li>Data 2023: Angka sementara</li><li> Data 2024: Angka sangat sementara</li></ul></p>,Produk Domestik Regional Bruto (Lapangan Usaha),38 Provinsi,8100,MALUKU,531,Harga Konstan 2010,120,2020,0,Tahun,16688.12,81002885311200
bps_webapi,0000,2026-08-19T02:01:52+00:00,2026-02-19 10:24:55,288,[Seri 2010] Produk Domestik Regional Bruto Per Kapita,Ribu Rupiah,2,,<p><ul><li>Perbedaan antara jumlah PDRB 34 Provinsi dan PDB Indonesia antara lain disebabkan oleh diskrepansi statistik </li><li>Data 2023: Angka sementara</li><li> Data 2024: Angka sangat sementara</li></ul></p>,Produk Domestik Regional Bruto (Lapangan Usaha),38 Provinsi,8200,MALUKU UTARA,530,Harga Berlaku,120,2020,0,Tahun,33069.32,82002885301200
bps_webapi,0000,2026-08-19T02:01:52+00:00,2026-02-19 10:24:55,288,[Seri 2010] Produk Domestik Regional Bruto Per Kapita,Ribu Rupiah,2,,<p><ul><li>Perbedaan antara jumlah PDRB 34 Provinsi dan PDB Indonesia antara lain disebabkan oleh diskrepansi statistik </li><li>Data 2023: Angka sementara</li><li> Data 2024: Angka sangat sementara</li></ul></p>,Produk Domestik Regional Bruto (Lapangan Usaha),38 Provinsi,8200,MALUKU UTARA,531,Harga Konstan 2010,120,2020,0,Tahun,21915.03,82002885311200
bps_webapi,0000,2026-08-19T02:01:52+00:00,2026-02-19 10:24:55,288,[Seri 2010] Produk Domestik Regional Bruto Per Kapita,Ribu Rupiah,2,,<p><ul><li>Perbedaan antara jumlah PDRB 34 Provinsi dan PDB Indonesia antara lain disebabkan oleh diskrepansi statistik </li><li>Data 2023: Angka sementara</li><li> Data 2024: Angka sangat sementara</li></ul></p>,Produk Domestik Regional Bruto (Lapangan Usaha),38 Provinsi,9100,PAPUA BARAT,530,Harga Berlaku,120,2020,0,Tahun,73932.6,91002885301200
bps_webapi,0000,2026-08-19T02:01:52+00:00,2026-02-19 10:24:55,288,[Seri 2010] Produk Domestik Regional Bruto Per Kapita,Ribu Rupiah,2,,<p><ul><li>Perbedaan antara jumlah PDRB 34 Provinsi dan PDB Indonesia antara lain disebabkan oleh diskrepansi statistik </li><li>Data 2023: Angka sementara</li><li> Data 2024: Angka sangat sementara</li></ul></p>,Produk Domestik Regional Bruto (Lapangan Usaha),38 Provinsi,9100,PAPUA BARAT,531,Harga Konstan 2010,120,2020,0,Tahun,54487.7,91002885311200
bps_webapi,0000,2026-08-19T02:01:52+00:00,2026-02-19 10:24:55,288,[Seri 2010] Produk Domestik Regional Bruto Per Kapita,Ribu Rupiah,2,,<p><ul><li>Perbedaan antara jumlah PDRB 34 Provinsi dan PDB Indonesia antara lain disebabkan oleh diskrepansi statistik </li><li>Data 2023: Angka sementara</li><li> Data 2024: Angka sangat sementara</li></ul></p>,Produk Domestik Regional Bruto (Lapangan Usaha),38 Provinsi,9400,PAPUA,530,Harga Berlaku,120,2020,0,Tahun,46416.36,94002885301200
bps_webapi,0000,2026-08-19T02:01:52+00:00,2026-02-19 10:24:55,288,[Seri 2010] Produk Domestik Regional Bruto Per Kapita,Ribu Rupiah,2,,<p><ul><li>Perbedaan antara jumlah PDRB 34 Provinsi dan PDB Indonesia antara lain disebabkan oleh diskrepansi statistik </li><li>Data 2023: Angka sementara</li><li> Data 2024: Angka sangat sementara</li></ul></p>,Produk Domestik Regional Bruto (Lapangan Usaha),38 Provinsi,9400,PAPUA,531,Harga Konstan 2010,120,2020,0,Tahun,32108.51,94002885311200
bps_webapi,0000,2026-08-19T02:01:52+00:00,2026-02-19 10:24:55,288,[Seri 2010] Produk Domestik Regional Bruto Per Kapita,Ribu Rupiah,2,,<p><ul><li>Perbedaan antara jumlah PDRB 34 Provinsi dan PDB Indonesia antara lain disebabkan oleh diskrepansi statistik </li><li>Data 2023: Angka sementara</li><li> Data 2024: Angka sangat sementara</li></ul></p>,Produk Domestik Regional Bruto (Lapangan Usaha),38 Provinsi,9999,INDONESIA,530,Harga Berlaku,120,2020,0,Tahun,57154.4,99992885301200
bps_webapi,0000,2026-08-19T02:01:52+00:00,2026-02-19 10:24:55,288,[Seri 2010] Produk Domestik Regional Bruto Per Kapita,Ribu Rupiah,2,,<p><ul><li>Perbedaan antara jumlah PDRB 34 Provinsi dan PDB Indonesia antara lain disebabkan oleh diskrepansi statistik </li><li>Data 2023: Angka sementara</li><li> Data 2024: Angka sangat sementara</li></ul></p>,Produk Domestik Regional Bruto (Lapangan Usaha),38 Provinsi,9999,INDONESIA,531,Harga Konstan 2010,120,2020,0,Tahun,39684.8,99992885311200
bps_webapi,0000,2026-08-19T02:01:52+00:00,2026-02-19 10:24:55,288,[Seri 2010] Produk Domestik Regional Bruto Per Kapita,Ribu Rupiah,2,,<p><ul><li>Perbedaan antara jumlah PDRB 34 Provinsi dan PDB Indonesia antara lain disebabkan oleh diskrepansi statistik </li><li>Data 2023: Angka sementara</li><li> Data 2024: Angka sangat sementara</li></ul></p>,Produk Domestik Regional Bruto (Lapangan Usaha),38 Provinsi,1100,ACEH,530,Harga Berlaku,121,2021,0,Tahun,34673.56,11002885301210
bps_webapi,0000,2026-08-19T02:01:52+00:00,2026-02-19 10:24:55,288,[Seri 2010] Produk Domestik Regional Bruto Per Kapita,Ribu Rupiah,2,,<p><ul><li>Perbedaan antara jumlah PDRB 34 Provinsi dan PDB Indonesia antara lain disebabkan oleh diskrepansi statistik </li><li>Data 2023: Angka sementara</li><li> Data 2024: Angka sangat sementara</li></ul></p>,Produk Domestik Regional Bruto (Lapangan Usaha),38 Provinsi,1100,ACEH,531,Harga Konstan 2010,121,2021,0,Tahun,25356.45,11002885311210
bps_webapi,0000,2026-08-19T02:01:52+00:00,2026-02-19 10:24:55,288,[Seri 2010] Produk Domestik Regional Bruto Per Kapita,Ribu Rupiah,2,,<p><ul><li>Perbedaan antara jumlah PDRB 34 Provinsi dan PDB Indonesia antara lain disebabkan oleh diskrepansi statistik </li><li>Data 2023: Angka sementara</li><li> Data 2024: Angka sangat sementara</li></ul></p>,Produk Domestik Regional Bruto (Lapangan Usaha),38 Provinsi,1200,SUMATERA UTARA,530,Harga Berlaku,121,2021,0,Tahun,57441.93,12002885301210
bps_webapi,0000,2026-08-19T02:01:52+00:00,2026-02-19 10:24:55,288,[Seri 2010] Produk Domestik Regional Bruto Per Kapita,Ribu Rupiah,2,,<p><ul><li>Perbedaan antara jumlah PDRB 34 Provinsi dan PDB Indonesia antara lain disebabkan oleh diskrepansi statistik </li><li>Data 2023: Angka sementara</li><li> Data 2024: Angka sangat sementara</li></ul></p>,Produk Domestik Regional Bruto (Lapangan Usaha),38 Provinsi,1200,SUMATERA UTARA,531,Harga Konstan 2010,121,2021,0,Tahun,36582.07,12002885311210
bps_webapi,0000,2026-08-19T02:01:52+00:00,2026-02-19 10:24:55,288,[Seri 2010] Produk Domestik Regional Bruto Per Kapita,Ribu Rupiah,2,,<p><ul><li>Perbedaan antara jumlah PDRB 34 Provinsi dan PDB Indonesia antara lain disebabkan oleh diskrepansi statistik </li><li>Data 2023: Angka sementara</li><li> Data 2024: Angka sangat sementara</li></ul></p>,Produk Domestik Regional Bruto (Lapangan Usaha),38 Provinsi,1300,SUMATERA BARAT,530,Harga Berlaku,121,2021,0,Tahun,45218.16,13002885301210
bps_webapi,0000,2026-08-19T02:01:52+00:00,2026-02-19 10:24:55,288,[Seri 2010] Produk Domestik Regional Bruto Per Kapita,Ribu Rupiah,2,,<p><ul><li>Perbedaan antara jumlah PDRB 34 Provinsi dan PDB Indonesia antara lain disebabkan oleh diskrepansi statistik </li><li>Data 2023: Angka sementara</li><li> Data 2024: Angka sangat sementara</li></ul></p>,Produk Domestik Regional Bruto (Lapangan Usaha),38 Provinsi,1300,SUMATERA BARAT,531,Harga Konstan 2010,121,2021,0,Tahun,31264.98,13002885311210
bps_webapi,0000,2026-08-19T02:01:52+00:00,2026-02-19 10:24:55,288,[Seri 2010] Produk Domestik Regional Bruto Per Kapita,Ribu Rupiah,2,,<p><ul><li>Perbedaan antara jumlah PDRB 34 Provinsi dan PDB Indonesia antara lain disebabkan oleh diskrepansi statistik </li><li>Data 2023: Angka sementara</li><li> Data 2024: Angka sangat sementara</li></ul></p>,Produk Domestik Regional Bruto (Lapangan Usaha),38 Provinsi,1400,RIAU,530,Harga Berlaku,121,2021,0,Tahun,129740.71,14002885301210
bps_webapi,0000,2026-08-19T02:01:52+00:00,2026-02-19 10:24:55,288,[Seri 2010] Produk Domestik Regional Bruto Per Kapita,Ribu Rupiah,2,,<p><ul><li>Perbedaan antara jumlah PDRB 34 Provinsi dan PDB Indonesia antara lain disebabkan oleh diskrepansi statistik </li><li>Data 2023: Angka sementara</li><li> Data 2024: Angka sangat sementara</li></ul></p>,Produk Domestik Regional Bruto (Lapangan Usaha),38 Provinsi,1400,RIAU,531,Harga Konstan 2010,121,2021,0,Tahun,78319.23,14002885311210
bps_webapi,0000,2026-08-19T02:01:52+00:00,2026-02-19 10:24:55,288,[Seri 2010] Produk Domestik Regional Bruto Per Kapita,Ribu Rupiah,2,,<p><ul><li>Perbedaan antara jumlah PDRB 34 Provinsi dan PDB Indonesia antara lain disebabkan oleh diskrepansi statistik </li><li>Data 2023: Angka sementara</li><li> Data 2024: Angka sangat sementara</li></ul></p>,Produk Domestik Regional Bruto (Lapangan Usaha),38 Provinsi,1500,JAMBI,530,Harga Berlaku,121,2021,0,Tahun,64770.93,15002885301210
bps_webapi,0000,2026-08-19T02:01:52+00:00,2026-02-19 10:24:55,288,[Seri 2010] Produk Domestik Regional Bruto Per Kapita,Ribu Rupiah,2,,<p><ul><li>Perbedaan antara jumlah PDRB 34 Provinsi dan PDB Indonesia antara lain disebabkan oleh diskrepansi statistik </li><li>Data 2023: Angka sementara</li><li> Data 2024: Angka sangat sementara</li></ul></p>,Produk Domestik Regional Bruto (Lapangan Usaha),38 Provinsi,1500,JAMBI,531,Harga Konstan 2010,121,2021,0,Tahun,42898.41,15002885311210
bps_webapi,0000,2026-08-19T02:01:52+00:00,2026-02-19 10:24:55,288,[Seri 2010] Produk Domestik Regional Bruto Per Kapita,Ribu Rupiah,2,,<p><ul><li>Perbedaan antara jumlah PDRB 34 Provinsi dan PDB Indonesia antara lain disebabkan oleh diskrepansi statistik </li><li>Data 2023: Angka sementara</li><li> Data 2024: Angka sangat sementara</li></ul></p>,Produk Domestik Regional Bruto (Lapangan Usaha),38 Provinsi,1600,SUMATERA SELATAN,530,Harga Berlaku,121,2021,0,Tahun,57744.67,16002885301210
bps_webapi,0000,2026-08-19T02:01:52+00:00,2026-02-19 10:24:55,288,[Seri 2010] Produk Domestik Regional Bruto Per Kapita,Ribu Rupiah,2,,<p><ul><li>Perbedaan antara jumlah PDRB 34 Provinsi dan PDB Indonesia antara lain disebabkan oleh diskrepansi statistik </li><li>Data 2023: Angka sementara</li><li> Data 2024: Angka sangat sementara</li></ul></p>,Produk Domestik Regional Bruto (Lapangan Usaha),38 Provinsi,1600,SUMATERA SELATAN,531,Harga Konstan 2010,121,2021,0,Tahun,38182.24,16002885311210
bps_webapi,0000,2026-08-19T02:01:52+00:00,2026-02-19 10:24:55,288,[Seri 2010] Produk Domestik Regional Bruto Per Kapita,Ribu Rupiah,2,,<p><ul><li>Perbedaan antara jumlah PDRB 34 Provinsi dan PDB Indonesia antara lain disebabkan oleh diskrepansi statistik </li><li>Data 2023: Angka sementara</li><li> Data 2024: Angka sangat sementara</li></ul></p>,Produk Domestik Regional Bruto (Lapangan Usaha),38 Provinsi,1700,BENGKULU,530,Harga Berlaku,121,2021,0,Tahun,39167.13,17002885301210
bps_webapi,0000,2026-08-19T02:01:52+00:00,2026-02-19 10:24:55,288,[Seri 2010] Produk Domestik Regional Bruto Per Kapita,Ribu Rupiah,2,,<p><ul><li>Perbedaan antara jumlah PDRB 34 Provinsi dan PDB Indonesia antara lain disebabkan oleh diskrepansi statistik </li><li>Data 2023: Angka sementara</li><li> Data 2024: Angka sangat sementara</li></ul></p>,Produk Domestik Regional Bruto (Lapangan Usaha),38 Provinsi,1700,BENGKULU,531,Harga Konstan 2010,121,2021,0,Tahun,23545.64,17002885311210
bps_webapi,0000,2026-08-19T02:01:52+00:00,2026-02-19 10:24:55,288,[Seri 2010] Produk Domestik Regional Bruto Per Kapita,Ribu Rupiah,2,,<p><ul><li>Perbedaan antara jumlah PDRB 34 Provinsi dan PDB Indonesia antara lain disebabkan oleh diskrepansi statistik </li><li>Data 2023: Angka sementara</li><li> Data 2024: Angka sangat sementara</li></ul></p>,Produk Domestik Regional Bruto (Lapangan Usaha),38 Provinsi,1800,LAMPUNG,530,Harga Berlaku,121,2021,0,Tahun,40806.71,18002885301210
bps_webapi,0000,2026-08-19T02:01:52+00:00,2026-02-19 10:24:55,288,[Seri 2010] Produk Domestik Regional Bruto Per Kapita,Ribu Rupiah,2,,<p><ul><li>Perbedaan antara jumlah PDRB 34 Provinsi dan PDB Indonesia antara lain disebabkan oleh diskrepansi statistik </li><li>Data 2023: Angka sementara</li><li> Data 2024: Angka sangat sementara</li></ul></p>,Produk Domestik Regional Bruto (Lapangan Usaha),38 Provinsi,1800,LAMPUNG,531,Harga Konstan 2010,121,2021,0,Tahun,27149.57,18002885311210
bps_webapi,0000,2026-08-19T02:01:52+00:00,2026-02-19 10:24:55,288,[Seri 2010] Produk Domestik Regional Bruto Per Kapita,Ribu Rupiah,2,,<p><ul><li>Perbedaan antara jumlah PDRB 34 Provinsi dan PDB Indonesia antara lain disebabkan oleh diskrepansi statistik </li><li>Data 2023: Angka sementara</li><li> Data 2024: Angka sangat sementara</li></ul></p>,Produk Domestik Regional Bruto (Lapangan Usaha),38 Provinsi,1900,KEP. BANGKA BELITUNG,530,Harga Berlaku,121,2021,0,Tahun,58406.07,19002885301210
bps_webapi,0000,2026-08-19T02:01:52+00:00,2026-02-19 10:24:55,288,[Seri 2010] Produk Domestik Regional Bruto Per Kapita,Ribu Rupiah,2,,<p><ul><li>Perbedaan antara jumlah PDRB 34 Provinsi dan PDB Indonesia antara lain disebabkan oleh diskrepansi statistik </li><li>Data 2023: Angka sementara</li><li> Data 2024: Angka sangat sementara</li></ul></p>,Produk Domestik Regional Bruto (Lapangan Usaha),38 Provinsi,1900,KEP. BANGKA BELITUNG,531,Harga Konstan 2010,121,2021,0,Tahun,37620.69,19002885311210
bps_webapi,0000,2026-08-19T02:01:52+00:00,2026-02-19 10:24:55,288,[Seri 2010] Produk Domestik Regional Bruto Per Kapita,Ribu Rupiah,2,,<p><ul><li>Perbedaan antara jumlah PDRB 34 Provinsi dan PDB Indonesia antara lain disebabkan oleh diskrepansi statistik </li><li>Data 2023: Angka sementara</li><li> Data 2024: Angka sangat sementara</li></ul></p>,Produk Domestik Regional Bruto (Lapangan Usaha),38 Provinsi,2100,KEP. RIAU,530,Harga Berlaku,121,2021,0,Tahun,131883.84,21002885301210
bps_webapi,0000,2026-08-19T02:01:52+00:00,2026-02-19 10:24:55,288,[Seri 2010] Produk Domestik Regional Bruto Per Kapita,Ribu Rupiah,2,,<p><ul><li>Perbedaan antara jumlah PDRB 34 Provinsi dan PDB Indonesia antara lain disebabkan oleh diskrepansi statistik </li><li>Data 2023: Angka sementara</li><li> Data 2024: Angka sangat sementara</li></ul></p>,Produk Domestik Regional Bruto (Lapangan Usaha),38 Provinsi,2100,KEP. RIAU,531,Harga Konstan 2010,121,2021,0,Tahun,86584.63,21002885311210
bps_webapi,0000,2026-08-19T02:01:52+00:00,2026-02-19 10:24:55,288,[Seri 2010] Produk Domestik Regional Bruto Per Kapita,Ribu Rupiah,2,,<p><ul><li>Perbedaan antara jumlah PDRB 34 Provinsi dan PDB Indonesia antara lain disebabkan oleh diskrepansi statistik </li><li>Data 2023: Angka sementara</li><li> Data 2024: Angka sangat sementara</li></ul></p>,Produk Domestik Regional Bruto (Lapangan Usaha),38 Provinsi,3100,DKI JAKARTA,530,Harga Berlaku,121,2021,0,Tahun,274659.62,31002885301210
bps_webapi,0000,2026-08-19T02:01:52+00:00,2026-02-19 10:24:55,288,[Seri 2010] Produk Domestik Regional Bruto Per Kapita,Ribu Rupiah,2,,<p><ul><li>Perbedaan antara jumlah PDRB 34 Provinsi dan PDB Indonesia antara lain disebabkan oleh diskrepansi statistik </li><li>Data 2023: Angka sementara</li><li> Data 2024: Angka sangat sementara</li></ul></p>,Produk Domestik Regional Bruto (Lapangan Usaha),38 Provinsi,3100,DKI JAKARTA,531,Harga Konstan 2010,121,2021,0,Tahun,175004.64,31002885311210
bps_webapi,0000,2026-08-19T02:01:52+00:00,2026-02-19 10:24:55,288,[Seri 2010] Produk Domestik Regional Bruto Per Kapita,Ribu Rupiah,2,,<p><ul><li>Perbedaan antara jumlah PDRB 34 Provinsi dan PDB Indonesia antara lain disebabkan oleh diskrepansi statistik </li><li>Data 2023: Angka sementara</li><li> Data 2024: Angka sangat sementara</li></ul></p>,Produk Domestik Regional Bruto (Lapangan Usaha),38 Provinsi,3200,JAWA BARAT,530,Harga Berlaku,121,2021,0,Tahun,45234.18,32002885301210
bps_webapi,0000,2026-08-19T02:01:52+00:00,2026-02-19 10:24:55,288,[Seri 2010] Produk Domestik Regional Bruto Per Kapita,Ribu Rupiah,2,,<p><ul><li>Perbedaan antara jumlah PDRB 34 Provinsi dan PDB Indonesia antara lain disebabkan oleh diskrepansi statistik </li><li>Data 2023: Angka sementara</li><li> Data 2024: Angka sangat sementara</li></ul></p>,Produk Domestik Regional Bruto (Lapangan Usaha),38 Provinsi,3200,JAWA BARAT,531,Harga Konstan 2010,121,2021,0,Tahun,30935.23,32002885311210
bps_webapi,0000,2026-08-19T02:01:52+00:00,2026-02-19 10:24:55,288,[Seri 2010] Produk Domestik Regional Bruto Per Kapita,Ribu Rupiah,2,,<p><ul><li>Perbedaan antara jumlah PDRB 34 Provinsi dan PDB Indonesia antara lain disebabkan oleh diskrepansi statistik </li><li>Data 2023: Angka sementara</li><li> Data 2024: Angka sangat sementara</li></ul></p>,Produk Domestik Regional Bruto (Lapangan Usaha),38 Provinsi,3300,JAWA TENGAH,530,Harga Berlaku,121,2021,0,Tahun,38568.08,33002885301210
bps_webapi,0000,2026-08-19T02:01:52+00:00,2026-02-19 10:24:55,288,[Seri 2010] Produk Domestik Regional Bruto Per Kapita,Ribu Rupiah,2,,<p><ul><li>Perbedaan antara jumlah PDRB 34 Provinsi dan PDB Indonesia antara lain disebabkan oleh diskrepansi statistik </li><li>Data 2023: Angka sementara</li><li> Data 2024: Angka sangat sementara</li></ul></p>,Produk Domestik Regional Bruto (Lapangan Usaha),38 Provinsi,3300,JAWA TENGAH,531,Harga Konstan 2010,121,2021,0,Tahun,27092.91,33002885311210
bps_webapi,0000,2026-08-19T02:01:52+00:00,2026-02-19 10:24:55,288,[Seri 2010] Produk Domestik Regional Bruto Per Kapita,Ribu Rupiah,2,,<p><ul><li>Perbedaan antara jumlah PDRB 34 Provinsi dan PDB Indonesia antara lain disebabkan oleh diskrepansi statistik </li><li>Data 2023: Angka sementara</li><li> Data 2024: Angka sangat sementara</li></ul></p>,Produk Domestik Regional Bruto (Lapangan Usaha),38 Provinsi,3400,DI YOGYAKARTA,530,Harga Berlaku,121,2021,0,Tahun,40516,34002885301210
bps_webapi,0000,2026-08-19T02:01:52+00:00,2026-02-19 10:24:55,288,[Seri 2010] Produk Domestik Regional Bruto Per Kapita,Ribu Rupiah,2,,<p><ul><li>Perbedaan antara jumlah PDRB 34 Provinsi dan PDB Indonesia antara lain disebabkan oleh diskrepansi statistik </li><li>Data 2023: Angka sementara</li><li> Data 2024: Angka sangat sementara</li></ul></p>,Produk Domestik Regional Bruto (Lapangan Usaha),38 Provinsi,3400,DI YOGYAKARTA,531,Harga Konstan 2010,121,2021,0,Tahun,29115.86,34002885311210
bps_webapi,0000,2026-08-19T02:01:52+00:00,2026-02-19 10:24:55,288,[Seri 2010] Produk Domestik Regional Bruto Per Kapita,Ribu Rupiah,2,,<p><ul><li>Perbedaan antara jumlah PDRB 34 Provinsi dan PDB Indonesia antara lain disebabkan oleh diskrepansi statistik </li><li>Data 2023: Angka sementara</li><li> Data 2024: Angka sangat sementara</li></ul></p>,Produk Domestik Regional Bruto (Lapangan Usaha),38 Provinsi,3500,JAWA TIMUR,530,Harga Berlaku,121,2021,0,Tahun,59988.44,35002885301210
bps_webapi,0000,2026-08-19T02:01:52+00:00,2026-02-19 10:24:55,288,[Seri 2010] Produk Domestik Regional Bruto Per Kapita,Ribu Rupiah,2,,<p><ul><li>Perbedaan antara jumlah PDRB 34 Provinsi dan PDB Indonesia antara lain disebabkan oleh diskrepansi statistik </li><li>Data 2023: Angka sementara</li><li> Data 2024: Angka sangat sementara</li></ul></p>,Produk Domestik Regional Bruto (Lapangan Usaha),38 Provinsi,3500,JAWA TIMUR,531,Harga Konstan 2010,121,2021,0,Tahun,40779.82,35002885311210
bps_webapi,0000,2026-08-19T02:01:52+00:00,2026-02-19 10:24:55,288,[Seri 2010] Produk Domestik Regional Bruto Per Kapita,Ribu Rupiah,2,,<p><ul><li>Perbedaan antara jumlah PDRB 34 Provinsi dan PDB Indonesia antara lain disebabkan oleh diskrepansi statistik </li><li>Data 2023: Angka sementara</li><li> Data 2024: Angka sangat sementara</li></ul></p>,Produk Domestik Regional Bruto (Lapangan Usaha),38 Provinsi,3600,BANTEN,530,Harga Berlaku,121,2021,0,Tahun,55383.29,36002885301210
bps_webapi,0000,2026-08-19T02:01:52+00:00,2026-02-19 10:24:55,288,[Seri 2010] Produk Domestik Regional Bruto Per Kapita,Ribu Rupiah,2,,<p><ul><li>Perbedaan antara jumlah PDRB 34 Provinsi dan PDB Indonesia antara lain disebabkan oleh diskrepansi statistik </li><li>Data 2023: Angka sementara</li><li> Data 2024: Angka sangat sementara</li></ul></p>,Produk Domestik Regional Bruto (Lapangan Usaha),38 Provinsi,3600,BANTEN,531,Harga Konstan 2010,121,2021,0,Tahun,38339.42,36002885311210
bps_webapi,0000,2026-08-19T02:01:52+00:00,2026-02-19 10:24:55,288,[Seri 2010] Produk Domestik Regional Bruto Per Kapita,Ribu Rupiah,2,,<p><ul><li>Perbedaan antara jumlah PDRB 34 Provinsi dan PDB Indonesia antara lain disebabkan oleh diskrepansi statistik </li><li>Data 2023: Angka sementara</li><li> Data 2024: Angka sangat sementara</li></ul></p>,Produk Domestik Regional Bruto (Lapangan Usaha),38 Provinsi,5100,BALI,530,Harga Berlaku,121,2021,0,Tahun,50758.32,51002885301210
bps_webapi,0000,2026-08-19T02:01:52+00:00,2026-02-19 10:24:55,288,[Seri 2010] Produk Domestik Regional Bruto Per Kapita,Ribu Rupiah,2,,<p><ul><li>Perbedaan antara jumlah PDRB 34 Provinsi dan PDB Indonesia antara lain disebabkan oleh diskrepansi statistik </li><li>Data 2023: Angka sementara</li><li> Data 2024: Angka sangat sementara</li></ul></p>,Produk Domestik Regional Bruto (Lapangan Usaha),38 Provinsi,5100,BALI,531,Harga Konstan 2010,121,2021,0,Tahun,33123.79,51002885311210
bps_webapi,0000,2026-08-19T02:01:52+00:00,2026-02-19 10:24:55,288,[Seri 2010] Produk Domestik Regional Bruto Per Kapita,Ribu Rupiah,2,,<p><ul><li>Perbedaan antara jumlah PDRB 34 Provinsi dan PDB Indonesia antara lain disebabkan oleh diskrepansi statistik </li><li>Data 2023: Angka sementara</li><li> Data 2024: Angka sangat sementara</li></ul></p>,Produk Domestik Regional Bruto (Lapangan Usaha),38 Provinsi,5200,NUSA TENGGARA BARAT,530,Harga Berlaku,121,2021,0,Tahun,26009.17,52002885301210
bps_webapi,0000,2026-08-19T02:01:52+00:00,2026-02-19 10:24:55,288,[Seri 2010] Produk Domestik Regional Bruto Per Kapita,Ribu Rupiah,2,,<p><ul><li>Perbedaan antara jumlah PDRB 34 Provinsi dan PDB Indonesia antara lain disebabkan oleh diskrepansi statistik </li><li>Data 2023: Angka sementara</li><li> Data 2024: Angka sangat sementara</li></ul></p>,Produk Domestik Regional Bruto (Lapangan Usaha),38 Provinsi,5200,NUSA TENGGARA BARAT,531,Harga Konstan 2010,121,2021,0,Tahun,17715.84,52002885311210
bps_webapi,0000,2026-08-19T02:01:52+00:00,2026-02-19 10:24:55,288,[Seri 2010] Produk Domestik Regional Bruto Per Kapita,Ribu Rupiah,2,,<p><ul><li>Perbedaan antara jumlah PDRB 34 Provinsi dan PDB Indonesia antara lain disebabkan oleh diskrepansi statistik </li><li>Data 2023: Angka sementara</li><li> Data 2024: Angka sangat sementara</li></ul></p>,Produk Domestik Regional Bruto (Lapangan Usaha),38 Provinsi,5300,NUSA TENGGARA TIMUR,530,Harga Berlaku,121,2021,0,Tahun,20554.99,53002885301210
bps_webapi,0000,2026-08-19T02:01:52+00:00,2026-02-19 10:24:55,288,[Seri 2010] Produk Domestik Regional Bruto Per Kapita,Ribu Rupiah,2,,<p><ul><li>Perbedaan antara jumlah PDRB 34 Provinsi dan PDB Indonesia antara lain disebabkan oleh diskrepansi statistik </li><li>Data 2023: Angka sementara</li><li> Data 2024: Angka sangat sementara</li></ul></p>,Produk Domestik Regional Bruto (Lapangan Usaha),38 Provinsi,5300,NUSA TENGGARA TIMUR,531,Harga Konstan 2010,121,2021,0,Tahun,13076.68,53002885311210
bps_webapi,0000,2026-08-19T02:01:52+00:00,2026-02-19 10:24:55,288,[Seri 2010] Produk Domestik Regional Bruto Per Kapita,Ribu Rupiah,2,,<p><ul><li>Perbedaan antara jumlah PDRB 34 Provinsi dan PDB Indonesia antara lain disebabkan oleh diskrepansi statistik </li><li>Data 2023: Angka sementara</li><li> Data 2024: Angka sangat sementara</li></ul></p>,Produk Domestik Regional Bruto (Lapangan Usaha),38 Provinsi,6100,KALIMANTAN BARAT,530,Harga Berlaku,121,2021,0,Tahun,42252.66,61002885301210
bps_webapi,0000,2026-08-19T02:01:52+00:00,2026-02-19 10:24:55,288,[Seri 2010] Produk Domestik Regional Bruto Per Kapita,Ribu Rupiah,2,,<p><ul><li>Perbedaan antara jumlah PDRB 34 Provinsi dan PDB Indonesia antara lain disebabkan oleh diskrepansi statistik </li><li>Data 2023: Angka sementara</li><li> Data 2024: Angka sangat sementara</li></ul></p>,Produk Domestik Regional Bruto (Lapangan Usaha),38 Provinsi,6100,KALIMANTAN BARAT,531,Harga Konstan 2010,121,2021,0,Tahun,25793.51,61002885311210
bps_webapi,0000,2026-08-19T02:01:52+00:00,2026-02-19 10:24:55,288,[Seri 2010] Produk Domestik Regional Bruto Per Kapita,Ribu Rupiah,2,,<p><ul><li>Perbedaan antara jumlah PDRB 34 Provinsi dan PDB Indonesia antara lain disebabkan oleh diskrepansi statistik </li><li>Data 2023: Angka sementara</li><li> Data 2024: Angka sangat sementara</li></ul></p>,Produk Domestik Regional Bruto (Lapangan Usaha),38 Provinsi,6200,KALIMANTAN TENGAH,530,Harga Berlaku,121,2021,0,Tahun,62833.77,62002885301210
bps_webapi,0000,2026-08-19T02:01:52+00:00,2026-02-19 10:24:55,288,[Seri 2010] Produk Domestik Regional Bruto Per Kapita,Ribu Rupiah,2,,<p><ul><li>Perbedaan antara jumlah PDRB 34 Provinsi dan PDB Indonesia antara lain disebabkan oleh diskrepansi statistik </li><li>Data 2023: Angka sementara</li><li> Data 2024: Angka sangat sementara</li></ul></p>,Produk Domestik Regional Bruto (Lapangan Usaha),38 Provinsi,6200,KALIMANTAN TENGAH,531,Harga Konstan 2010,121,2021,0,Tahun,37955.03,62002885311210
bps_webapi,0000,2026-08-19T02:01:52+00:00,2026-02-19 10:24:55,288,[Seri 2010] Produk Domestik Regional Bruto Per Kapita,Ribu Rupiah,2,,<p><ul><li>Perbedaan antara jumlah PDRB 34 Provinsi dan PDB Indonesia antara lain disebabkan oleh diskrepansi statistik </li><li>Data 2023: Angka sementara</li><li> Data 2024: Angka sangat sementara</li></ul></p>,Produk Domestik Regional Bruto (Lapangan Usaha),38 Provinsi,6300,KALIMANTAN SELATAN,530,Harga Berlaku,121,2021,0,Tahun,48065.95,63002885301210
bps_webapi,0000,2026-08-19T02:01:52+00:00,2026-02-19 10:24:55,288,[Seri 2010] Produk Domestik Regional Bruto Per Kapita,Ribu Rupiah,2,,<p><ul><li>Perbedaan antara jumlah PDRB 34 Provinsi dan PDB Indonesia antara lain disebabkan oleh diskrepansi statistik </li><li>Data 2023: Angka sementara</li><li> Data 2024: Angka sangat sementara</li></ul></p>,Produk Domestik Regional Bruto (Lapangan Usaha),38 Provinsi,6300,KALIMANTAN SELATAN,531,Harga Konstan 2010,121,2021,0,Tahun,32894.85,63002885311210
bps_webapi,0000,2026-08-19T02:01:52+00:00,2026-02-19 10:24:55,288,[Seri 2010] Produk Domestik Regional Bruto Per Kapita,Ribu Rupiah,2,,<p><ul><li>Perbedaan antara jumlah PDRB 34 Provinsi dan PDB Indonesia antara lain disebabkan oleh diskrepansi statistik </li><li>Data 2023: Angka sementara</li><li> Data 2024: Angka sangat sementara</li></ul></p>,Produk Domestik Regional Bruto (Lapangan Usaha),38 Provinsi,6400,KALIMANTAN TIMUR,530,Harga Berlaku,121,2021,0,Tahun,183157.52,64002885301210
bps_webapi,0000,2026-08-19T02:01:52+00:00,2026-02-19 10:24:55,288,[Seri 2010] Produk Domestik Regional Bruto Per Kapita,Ribu Rupiah,2,,<p><ul><li>Perbedaan antara jumlah PDRB 34 Provinsi dan PDB Indonesia antara lain disebabkan oleh diskrepansi statistik </li><li>Data 2023: Angka sementara</li><li> Data 2024: Angka sangat sementara</li></ul></p>,Produk Domestik Regional Bruto (Lapangan Usaha),38 Provinsi,6400,KALIMANTAN TIMUR,531,Harga Konstan 2010,121,2021,0,Tahun,127368.07,64002885311210
bps_webapi,0000,2026-08-19T02:01:52+00:00,2026-02-19 10:24:55,288,[Seri 2010] Produk Domestik Regional Bruto Per Kapita,Ribu Rupiah,2,,<p><ul><li>Perbedaan antara jumlah PDRB 34 Provinsi dan PDB Indonesia antara lain disebabkan oleh diskrepansi statistik </li><li>Data 2023: Angka sementara</li><li> Data 2024: Angka sangat sementara</li></ul></p>,Produk Domestik Regional Bruto (Lapangan Usaha),38 Provinsi,6500,KALIMANTAN UTARA,530,Harga Berlaku,121,2021,0,Tahun,157091.68,65002885301210
bps_webapi,0000,2026-08-19T02:01:52+00:00,2026-02-19 10:24:55,288,[Seri 2010] Produk Domestik Regional Bruto Per Kapita,Ribu Rupiah,2,,<p><ul><li>Perbedaan antara jumlah PDRB 34 Provinsi dan PDB Indonesia antara lain disebabkan oleh diskrepansi statistik </li><li>Data 2023: Angka sementara</li><li> Data 2024: Angka sangat sementara</li></ul></p>,Produk Domestik Regional Bruto (Lapangan Usaha),38 Provinsi,6500,KALIMANTAN UTARA,531,Harga Konstan 2010,121,2021,0,Tahun,88973.51,65002885311210
bps_webapi,0000,2026-08-19T02:01:52+00:00,2026-02-19 10:24:55,288,[Seri 2010] Produk Domestik Regional Bruto Per Kapita,Ribu Rupiah,2,,<p><ul><li>Perbedaan antara jumlah PDRB 34 Provinsi dan PDB Indonesia antara lain disebabkan oleh diskrepansi statistik </li><li>Data 2023: Angka sementara</li><li> Data 2024: Angka sangat sementara</li></ul></p>,Produk Domestik Regional Bruto (Lapangan Usaha),38 Provinsi,7100,SULAWESI UTARA,530,Harga Berlaku,121,2021,0,Tahun,54034.12,71002885301210
bps_webapi,0000,2026-08-19T02:01:52+00:00,2026-02-19 10:24:55,288,[Seri 2010] Produk Domestik Regional Bruto Per Kapita,Ribu Rupiah,2,,<p><ul><li>Perbedaan antara jumlah PDRB 34 Provinsi dan PDB Indonesia antara lain disebabkan oleh diskrepansi statistik </li><li>Data 2023: Angka sementara</li><li> Data 2024: Angka sangat sementara</li></ul></p>,Produk Domestik Regional Bruto (Lapangan Usaha),38 Provinsi,7100,SULAWESI UTARA,531,Harga Konstan 2010,121,2021,0,Tahun,34776.43,71002885311210
bps_webapi,0000,2026-08-19T02:01:52+00:00,2026-02-19 10:24:55,288,[Seri 2010] Produk Domestik Regional Bruto Per Kapita,Ribu Rupiah,2,,<p><ul><li>Perbedaan antara jumlah PDRB 34 Provinsi dan PDB Indonesia antara lain disebabkan oleh diskrepansi statistik </li><li>Data 2023: Angka sementara</li><li> Data 2024: Angka sangat sementara</li></ul></p>,Produk Domestik Regional Bruto (Lapangan Usaha),38 Provinsi,7200,SULAWESI TENGAH,530,Harga Berlaku,121,2021,0,Tahun,82016.81,72002885301210
bps_webapi,0000,2026-08-19T02:01:52+00:00,2026-02-19 10:24:55,288,[Seri 2010] Produk Domestik Regional Bruto Per Kapita,Ribu Rupiah,2,,<p><ul><li>Perbedaan antara jumlah PDRB 34 Provinsi dan PDB Indonesia antara lain disebabkan oleh diskrepansi statistik </li><li>Data 2023: Angka sementara</li><li> Data 2024: Angka sangat sementara</li></ul></p>,Produk Domestik Regional Bruto (Lapangan Usaha),38 Provinsi,7200,SULAWESI TENGAH,531,Harga Konstan 2010,121,2021,0,Tahun,49690.23,72002885311210
bps_webapi,0000,2026-08-19T02:01:52+00:00,2026-02-19 10:24:55,288,[Seri 2010] Produk Domestik Regional Bruto Per Kapita,Ribu Rupiah,2,,<p><ul><li>Perbedaan antara jumlah PDRB 34 Provinsi dan PDB Indonesia antara lain disebabkan oleh diskrepansi statistik </li><li>Data 2023: Angka sementara</li><li> Data 2024: Angka sangat sementara</li></ul></p>,Produk Domestik Regional Bruto (Lapangan Usaha),38 Provinsi,7300,SULAWESI SELATAN,530,Harga Berlaku,121,2021,0,Tahun,59502.64,73002885301210
bps_webapi,0000,2026-08-19T02:01:52+00:00,2026-02-19 10:24:55,288,[Seri 2010] Produk Domestik Regional Bruto Per Kapita,Ribu Rupiah,2,,<p><ul><li>Perbedaan antara jumlah PDRB 34 Provinsi dan PDB Indonesia antara lain disebabkan oleh diskrepansi statistik </li><li>Data 2023: Angka sementara</li><li> Data 2024: Angka sangat sementara</li></ul></p>,Produk Domestik Regional Bruto (Lapangan Usaha),38 Provinsi,7300,SULAWESI SELATAN,531,Harga Konstan 2010,121,2021,0,Tahun,37501.45,73002885311210
bps_webapi,0000,2026-08-19T02:01:52+00:00,2026-02-19 10:24:55,288,[Seri 2010] Produk Domestik Regional Bruto Per Kapita,Ribu Rupiah,2,,<p><ul><li>Perbedaan antara jumlah PDRB 34 Provinsi dan PDB Indonesia antara lain disebabkan oleh diskrepansi statistik </li><li>Data 2023: Angka sementara</li><li> Data 2024: Angka sangat sementara</li></ul></p>,Produk Domestik Regional Bruto (Lapangan Usaha),38 Provinsi,7400,SULAWESI TENGGARA,530,Harga Berlaku,121,2021,0,Tahun,52436.02,74002885301210
bps_webapi,0000,2026-08-19T02:01:52+00:00,2026-02-19 10:24:55,288,[Seri 2010] Produk Domestik Regional Bruto Per Kapita,Ribu Rupiah,2,,<p><ul><li>Perbedaan antara jumlah PDRB 34 Provinsi dan PDB Indonesia antara lain disebabkan oleh diskrepansi statistik </li><li>Data 2023: Angka sementara</li><li> Data 2024: Angka sangat sementara</li></ul></p>,Produk Domestik Regional Bruto (Lapangan Usaha),38 Provinsi,7400,SULAWESI TENGGARA,531,Harga Konstan 2010,121,2021,0,Tahun,36570.47,74002885311210
bps_webapi,0000,2026-08-19T02:01:52+00:00,2026-02-19 10:24:55,288,[Seri 2010] Produk Domestik Regional Bruto Per Kapita,Ribu Rupiah,2,,<p><ul><li>Perbedaan antara jumlah PDRB 34 Provinsi dan PDB Indonesia antara lain disebabkan oleh diskrepansi statistik </li><li>Data 2023: Angka sementara</li><li> Data 2024: Angka sangat sementara</li></ul></p>,Produk Domestik Regional Bruto (Lapangan Usaha),38 Provinsi,7500,GORONTALO,530,Harga Berlaku,121,2021,0,Tahun,37086.76,75002885301210
bps_webapi,0000,2026-08-19T02:01:52+00:00,2026-02-19 10:24:55,288,[Seri 2010] Produk Domestik Regional Bruto Per Kapita,Ribu Rupiah,2,,<p><ul><li>Perbedaan antara jumlah PDRB 34 Provinsi dan PDB Indonesia antara lain disebabkan oleh diskrepansi statistik </li><li>Data 2023: Angka sementara</li><li> Data 2024: Angka sangat sementara</li></ul></p>,Produk Domestik Regional Bruto (Lapangan Usaha),38 Provinsi,7500,GORONTALO,531,Harga Konstan 2010,121,2021,0,Tahun,24594.17,75002885311210
bps_webapi,0000,2026-08-19T02:01:52+00:00,2026-02-19 10:24:55,288,[Seri 2010] Produk Domestik Regional Bruto Per Kapita,Ribu Rupiah,2,,<p><ul><li>Perbedaan antara jumlah PDRB 34 Provinsi dan PDB Indonesia antara lain disebabkan oleh diskrepansi statistik </li><li>Data 2023: Angka sementara</li><li> Data 2024: Angka sangat sementara</li></ul></p>,Produk Domestik Regional Bruto (Lapangan Usaha),38 Provinsi,7600,SULAWESI BARAT,530,Harga Berlaku,121,2021,0,Tahun,35195.14,76002885301210
bps_webapi,0000,2026-08-19T02:01:52+00:00,2026-02-19 10:24:55,288,[Seri 2010] Produk Domestik Regional Bruto Per Kapita,Ribu Rupiah,2,,<p><ul><li>Perbedaan antara jumlah PDRB 34 Provinsi dan PDB Indonesia antara lain disebabkan oleh diskrepansi statistik </li><li>Data 2023: Angka sementara</li><li> Data 2024: Angka sangat sementara</li></ul></p>,Produk Domestik Regional Bruto (Lapangan Usaha),38 Provinsi,7600,SULAWESI BARAT,531,Harga Konstan 2010,121,2021,0,Tahun,22898.21,76002885311210
bps_webapi,0000,2026-08-19T02:01:52+00:00,2026-02-19 10:24:55,288,[Seri 2010] Produk Domestik Regional Bruto Per Kapita,Ribu Rupiah,2,,<p><ul><li>Perbedaan antara jumlah PDRB 34 Provinsi dan PDB Indonesia antara lain disebabkan oleh diskrepansi statistik </li><li>Data 2023: Angka sementara</li><li> Data 2024: Angka sangat sementara</li></ul></p>,Produk Domestik Regional Bruto (Lapangan Usaha),38 Provinsi,8100,MALUKU,530,Harga Berlaku,121,2021,0,Tahun,26153.05,81002885301210
bps_webapi,0000,2026-08-19T02:01:52+00:00,2026-02-19 10:24:55,288,[Seri 2010] Produk Domestik Regional Bruto Per Kapita,Ribu Rupiah,2,,<p><ul><li>Perbedaan antara jumlah PDRB 34 Provinsi dan PDB Indonesia antara lain disebabkan oleh diskrepansi statistik </li><li>Data 2023: Angka sementara</li><li> Data 2024: Angka sangat sementara</li></ul></p>,Produk Domestik Regional Bruto (Lapangan Usaha),38 Provinsi,8100,MALUKU,531,Harga Konstan 2010,121,2021,0,Tahun,17053.15,81002885311210
bps_webapi,0000,2026-08-19T02:01:52+00:00,2026-02-19 10:24:55,288,[Seri 2010] Produk Domestik Regional Bruto Per Kapita,Ribu Rupiah,2,,<p><ul><li>Perbedaan antara jumlah PDRB 34 Provinsi dan PDB Indonesia antara lain disebabkan oleh diskrepansi statistik </li><li>Data 2023: Angka sementara</li><li> Data 2024: Angka sangat sementara</li></ul></p>,Produk Domestik Regional Bruto (Lapangan Usaha),38 Provinsi,8200,MALUKU UTARA,530,Harga Berlaku,121,2021,0,Tahun,40381.06,82002885301210
bps_webapi,0000,2026-08-19T02:01:52+00:00,2026-02-19 10:24:55,288,[Seri 2010] Produk Domestik Regional Bruto Per Kapita,Ribu Rupiah,2,,<p><ul><li>Perbedaan antara jumlah PDRB 34 Provinsi dan PDB Indonesia antara lain disebabkan oleh diskrepansi statistik </li><li>Data 2023: Angka sementara</li><li> Data 2024: Angka sangat sementara</li></ul></p>,Produk Domestik Regional Bruto (Lapangan Usaha),38 Provinsi,8200,MALUKU UTARA,531,Harga Konstan 2010,121,2021,0,Tahun,25190.72,82002885311210
bps_webapi,0000,2026-08-19T02:01:52+00:00,2026-02-19 10:24:55,288,[Seri 2010] Produk Domestik Regional Bruto Per Kapita,Ribu Rupiah,2,,<p><ul><li>Perbedaan antara jumlah PDRB 34 Provinsi dan PDB Indonesia antara lain disebabkan oleh diskrepansi statistik </li><li>Data 2023: Angka sementara</li><li> Data 2024: Angka sangat sementara</li></ul></p>,Produk Domestik Regional Bruto (Lapangan Usaha),38 Provinsi,9100,PAPUA BARAT,530,Harga Berlaku,121,2021,0,Tahun,74021.65,91002885301210
bps_webapi,0000,2026-08-19T02:01:52+00:00,2026-02-19 10:24:55,288,[Seri 2010] Produk Domestik Regional Bruto Per Kapita,Ribu Rupiah,2,,<p><ul><li>Perbedaan antara jumlah PDRB 34 Provinsi dan PDB Indonesia antara lain disebabkan oleh diskrepansi statistik </li><li>Data 2023: Angka sementara</li><li> Data 2024: Angka sangat sementara</li></ul></p>,Produk Domestik Regional Bruto (Lapangan Usaha),38 Provinsi,9100,PAPUA BARAT,531,Harga Konstan 2010,121,2021,0,Tahun,53324.2,91002885311210
bps_webapi,0000,2026-08-19T02:01:52+00:00,2026-02-19 10:24:55,288,[Seri 2010] Produk Domestik Regional Bruto Per Kapita,Ribu Rupiah,2,,<p><ul><li>Perbedaan antara jumlah PDRB 34 Provinsi dan PDB Indonesia antara lain disebabkan oleh diskrepansi statistik </li><li>Data 2023: Angka sementara</li><li> Data 2024: Angka sangat sementara</li></ul></p>,Produk Domestik Regional Bruto (Lapangan Usaha),38 Provinsi,9400,PAPUA,530,Harga Berlaku,121,2021,0,Tahun,54050.61,94002885301210
bps_webapi,0000,2026-08-19T02:01:52+00:00,2026-02-19 10:24:55,288,[Seri 2010] Produk Domestik Regional Bruto Per Kapita,Ribu Rupiah,2,,<p><ul><li>Perbedaan antara jumlah PDRB 34 Provinsi dan PDB Indonesia antara lain disebabkan oleh diskrepansi statistik </li><li>Data 2023: Angka sementara</li><li> Data 2024: Angka sangat sementara</li></ul></p>,Produk Domestik Regional Bruto (Lapangan Usaha),38 Provinsi,9400,PAPUA,531,Harga Konstan 2010,121,2021,0,Tahun,36420.15,94002885311210
bps_webapi,0000,2026-08-19T02:01:52+00:00,2026-02-19 10:24:55,288,[Seri 2010] Produk Domestik Regional Bruto Per Kapita,Ribu Rupiah,2,,<p><ul><li>Perbedaan antara jumlah PDRB 34 Provinsi dan PDB Indonesia antara lain disebabkan oleh diskrepansi statistik </li><li>Data 2023: Angka sementara</li><li> Data 2024: Angka sangat sementara</li></ul></p>,Produk Domestik Regional Bruto (Lapangan Usaha),38 Provinsi,9999,INDONESIA,530,Harga Berlaku,121,2021,0,Tahun,62259.1,99992885301210
bps_webapi,0000,2026-08-19T02:01:52+00:00,2026-02-19 10:24:55,288,[Seri 2010] Produk Domestik Regional Bruto Per Kapita,Ribu Rupiah,2,,<p><ul><li>Perbedaan antara jumlah PDRB 34 Provinsi dan PDB Indonesia antara lain disebabkan oleh diskrepansi statistik </li><li>Data 2023: Angka sementara</li><li> Data 2024: Angka sangat sementara</li></ul></p>,Produk Domestik Regional Bruto (Lapangan Usaha),38 Provinsi,9999,INDONESIA,531,Harga Konstan 2010,121,2021,0,Tahun,40780.75,99992885311210
bps_webapi,0000,2026-08-19T02:01:52+00:00,2026-02-19 10:24:55,288,[Seri 2010] Produk Domestik Regional Bruto Per Kapita,Ribu Rupiah,2,,<p><ul><li>Perbedaan antara jumlah PDRB 34 Provinsi dan PDB Indonesia antara lain disebabkan oleh diskrepansi statistik </li><li>Data 2023: Angka sementara</li><li> Data 2024: Angka sangat sementara</li></ul></p>,Produk Domestik Regional Bruto (Lapangan Usaha),38 Provinsi,1100,ACEH,530,Harga Berlaku,122,2022,0,Tahun,38767.08,11002885301220
bps_webapi,0000,2026-08-19T02:01:52+00:00,2026-02-19 10:24:55,288,[Seri 2010] Produk Domestik Regional Bruto Per Kapita,Ribu Rupiah,2,,<p><ul><li>Perbedaan antara jumlah PDRB 34 Provinsi dan PDB Indonesia antara lain disebabkan oleh diskrepansi statistik </li><li>Data 2023: Angka sementara</li><li> Data 2024: Angka sangat sementara</li></ul></p>,Produk Domestik Regional Bruto (Lapangan Usaha),38 Provinsi,1100,ACEH,531,Harga Konstan 2010,122,2022,0,Tahun,26061.53,11002885311220
bps_webapi,0000,2026-08-19T02:01:52+00:00,2026-02-19 10:24:55,288,[Seri 2010] Produk Domestik Regional Bruto Per Kapita,Ribu Rupiah,2,,<p><ul><li>Perbedaan antara jumlah PDRB 34 Provinsi dan PDB Indonesia antara lain disebabkan oleh diskrepansi statistik </li><li>Data 2023: Angka sementara</li><li> Data 2024: Angka sangat sementara</li></ul></p>,Produk Domestik Regional Bruto (Lapangan Usaha),38 Provinsi,1200,SUMATERA UTARA,530,Harga Berlaku,122,2022,0,Tahun,62922.26,12002885301220
bps_webapi,0000,2026-08-19T02:01:52+00:00,2026-02-19 10:24:55,288,[Seri 2010] Produk Domestik Regional Bruto Per Kapita,Ribu Rupiah,2,,<p><ul><li>Perbedaan antara jumlah PDRB 34 Provinsi dan PDB Indonesia antara lain disebabkan oleh diskrepansi statistik </li><li>Data 2023: Angka sementara</li><li> Data 2024: Angka sangat sementara</li></ul></p>,Produk Domestik Regional Bruto (Lapangan Usaha),38 Provinsi,1200,SUMATERA UTARA,531,Harga Konstan 2010,122,2022,0,Tahun,37780.55,12002885311220
bps_webapi,0000,2026-08-19T02:01:52+00:00,2026-02-19 10:24:55,288,[Seri 2010] Produk Domestik Regional Bruto Per Kapita,Ribu Rupiah,2,,<p><ul><li>Perbedaan antara jumlah PDRB 34 Provinsi dan PDB Indonesia antara lain disebabkan oleh diskrepansi statistik </li><li>Data 2023: Angka sementara</li><li> Data 2024: Angka sangat sementara</li></ul></p>,Produk Domestik Regional Bruto (Lapangan Usaha),38 Provinsi,1300,SUMATERA BARAT,530,Harga Berlaku,122,2022,0,Tahun,50263.83,13002885301220
bps_webapi,0000,2026-08-19T02:01:52+00:00,2026-02-19 10:24:55,288,[Seri 2010] Produk Domestik Regional Bruto Per Kapita,Ribu Rupiah,2,,<p><ul><li>Perbedaan antara jumlah PDRB 34 Provinsi dan PDB Indonesia antara lain disebabkan oleh diskrepansi statistik </li><li>Data 2023: Angka sementara</li><li> Data 2024: Angka sangat sementara</li></ul></p>,Produk Domestik Regional Bruto (Lapangan Usaha),38 Provinsi,1300,SUMATERA BARAT,531,Harga Konstan 2010,122,2022,0,Tahun,32166.76,13002885311220
bps_webapi,0000,2026-08-19T02:01:52+00:00,2026-02-19 10:24:55,288,[Seri 2010] Produk Domestik Regional Bruto Per Kapita,Ribu Rupiah,2,,<p><ul><li>Perbedaan antara jumlah PDRB 34 Provinsi dan PDB Indonesia antara lain disebabkan oleh diskrepansi statistik </li><li>Data 2023: Angka sementara</li><li> Data 2024: Angka sangat sementara</li></ul></p>,Produk Domestik Regional Bruto (Lapangan Usaha),38 Provinsi,1400,RIAU,530,Harga Berlaku,122,2022,0,Tahun,151258.97,14002885301220
bps_webapi,0000,2026-08-19T02:01:52+00:00,2026-02-19 10:24:55,288,[Seri 2010] Produk Domestik Regional Bruto Per Kapita,Ribu Rupiah,2,,<p><ul><li>Perbedaan antara jumlah PDRB 34 Provinsi dan PDB Indonesia antara lain disebabkan oleh diskrepansi statistik </li><li>Data 2023: Angka sementara</li><li> Data 2024: Angka sangat sementara</li></ul></p>,Produk Domestik Regional Bruto (Lapangan Usaha),38 Provinsi,1400,RIAU,531,Harga Konstan 2010,122,2022,0,Tahun,80773.87,14002885311220
bps_webapi,0000,2026-08-19T02:01:52+00:00,2026-02-19 10:24:55,288,[Seri 2010] Produk Domestik Regional Bruto Per Kapita,Ribu Rupiah,2,,<p><ul><li>Perbedaan antara jumlah PDRB 34 Provinsi dan PDB Indonesia antara lain disebabkan oleh diskrepansi statistik </li><li>Data 2023: Angka sementara</li><li> Data 2024: Angka sangat sementara</li></ul></p>,Produk Domestik Regional Bruto (Lapangan Usaha),38 Provinsi,1500,JAMBI,530,Harga Berlaku,122,2022,0,Tahun,76224.16,15002885301220
bps_webapi,0000,2026-08-19T02:01:52+00:00,2026-02-19 10:24:55,288,[Seri 2010] Produk Domestik Regional Bruto Per Kapita,Ribu Rupiah,2,,<p><ul><li>Perbedaan antara jumlah PDRB 34 Provinsi dan PDB Indonesia antara lain disebabkan oleh diskrepansi statistik </li><li>Data 2023: Angka sementara</li><li> Data 2024: Angka sangat sementara</li></ul></p>,Produk Domestik Regional Bruto (Lapangan Usaha),38 Provinsi,1500,JAMBI,531,Harga Konstan 2010,122,2022,0,Tahun,44515.14,15002885311220
bps_webapi,0000,2026-08-19T02:01:52+00:00,2026-02-19 10:24:55,288,[Seri 2010] Produk Domestik Regional Bruto Per Kapita,Ribu Rupiah,2,,<p><ul><li>Perbedaan antara jumlah PDRB 34 Provinsi dan PDB Indonesia antara lain disebabkan oleh diskrepansi statistik </li><li>Data 2023: Angka sementara</li><li> Data 2024: Angka sangat sementara</li></ul></p>,Produk Domestik Regional Bruto (Lapangan Usaha),38 Provinsi,1600,SUMATERA SELATAN,530,Harga Berlaku,122,2022,0,Tahun,68238.87,16002885301220
bps_webapi,0000,2026-08-19T02:01:52+00:00,2026-02-19 10:24:55,288,[Seri 2010] Produk Domestik Regional Bruto Per Kapita,Ribu Rupiah,2,,<p><ul><li>Perbedaan antara jumlah PDRB 34 Provinsi dan PDB Indonesia antara lain disebabkan oleh diskrepansi statistik </li><li>Data 2023: Angka sementara</li><li> Data 2024: Angka sangat sementara</li></ul></p>,Produk Domestik Regional Bruto (Lapangan Usaha),38 Provinsi,1600,SUMATERA SELATAN,531,Harga Konstan 2010,122,2022,0,Tahun,39723.97,16002885311220
bps_webapi,0000,2026-08-19T02:01:52+00:00,2026-02-19 10:24:55,288,[Seri 2010] Produk Domestik Regional Bruto Per Kapita,Ribu Rupiah,2,,<p><ul><li>Perbedaan antara jumlah PDRB 34 Provinsi dan PDB Indonesia antara lain disebabkan oleh diskrepansi statistik </li><li>Data 2023: Angka sementara</li><li> Data 2024: Angka sangat sementara</li></ul></p>,Produk Domestik Regional Bruto (Lapangan Usaha),38 Provinsi,1700,BENGKULU,530,Harga Berlaku,122,2022,0,Tahun,43756.98,17002885301220
bps_webapi,0000,2026-08-19T02:01:52+00:00,2026-02-19 10:24:55,288,[Seri 2010] Produk Domestik Regional Bruto Per Kapita,Ribu Rupiah,2,,<p><ul><li>Perbedaan antara jumlah PDRB 34 Provinsi dan PDB Indonesia antara lain disebabkan oleh diskrepansi statistik </li><li>Data 2023: Angka sementara</li><li> Data 2024: Angka sangat sementara</li></ul></p>,Produk Domestik Regional Bruto (Lapangan Usaha),38 Provinsi,1700,BENGKULU,531,Harga Konstan 2010,122,2022,0,Tahun,24238.47,17002885311220
bps_webapi,0000,2026-08-19T02:01:52+00:00,2026-02-19 10:24:55,288,[Seri 2010] Produk Domestik Regional Bruto Per Kapita,Ribu Rupiah,2,,<p><ul><li>Perbedaan antara jumlah PDRB 34 Provinsi dan PDB Indonesia antara lain disebabkan oleh diskrepansi statistik </li><li>Data 2023: Angka sementara</li><li> Data 2024: Angka sangat sementara</li></ul></p>,Produk Domestik Regional Bruto (Lapangan Usaha),38 Provinsi,1800,LAMPUNG,530,Harga Berlaku,122,2022,0,Tahun,44982.4,18002885301220
bps_webapi,0000,2026-08-19T02:01:52+00:00,2026-02-19 10:24:55,288,[Seri 2010] Produk Domestik Regional Bruto Per Kapita,Ribu Rupiah,2,,<p><ul><li>Perbedaan antara jumlah PDRB 34 Provinsi dan PDB Indonesia antara lain disebabkan oleh diskrepansi statistik </li><li>Data 2023: Angka sementara</li><li> Data 2024: Angka sangat sementara</li></ul></p>,Produk Domestik Regional Bruto (Lapangan Usaha),38 Provinsi,1800,LAMPUNG,531,Harga Konstan 2010,122,2022,0,Tahun,27973.81,18002885311220
bps_webapi,0000,2026-08-19T02:01:52+00:00,2026-02-19 10:24:55,288,[Seri 2010] Produk Domestik Regional Bruto Per Kapita,Ribu Rupiah,2,,<p><ul><li>Perbedaan antara jumlah PDRB 34 Provinsi dan PDB Indonesia antara lain disebabkan oleh diskrepansi statistik </li><li>Data 2023: Angka sementara</li><li> Data 2024: Angka sangat sementara</li></ul></p>,Produk Domestik Regional Bruto (Lapangan Usaha),38 Provinsi,1900,KEP. BANGKA BELITUNG,530,Harga Berlaku,122,2022,0,Tahun,63865.51,19002885301220
bps_webapi,0000,2026-08-19T02:01:52+00:00,2026-02-19 10:24:55,288,[Seri 2010] Produk Domestik Regional Bruto Per Kapita,Ribu Rupiah,2,,<p><ul><li>Perbedaan antara jumlah PDRB 34 Provinsi dan PDB Indonesia antara lain disebabkan oleh diskrepansi statistik </li><li>Data 2023: Angka sementara</li><li> Data 2024: Angka sangat sementara</li></ul></p>,Produk Domestik Regional Bruto (Lapangan Usaha),38 Provinsi,1900,KEP. BANGKA BELITUNG,531,Harga Konstan 2010,122,2022,0,Tahun,38743.13,19002885311220
bps_webapi,0000,2026-08-19T02:01:52+00:00,2026-02-19 10:24:55,288,[Seri 2010] Produk Domestik Regional Bruto Per Kapita,Ribu Rupiah,2,,<p><ul><li>Perbedaan antara jumlah PDRB 34 Provinsi dan PDB Indonesia antara lain disebabkan oleh diskrepansi statistik </li><li>Data 2023: Angka sementara</li><li> Data 2024: Angka sangat sementara</li></ul></p>,Produk Domestik Regional Bruto (Lapangan Usaha),38 Provinsi,2100,KEP. RIAU,530,Harga Berlaku,122,2022,0,Tahun,145530.48,21002885301220
bps_webapi,0000,2026-08-19T02:01:52+00:00,2026-02-19 10:24:55,288,[Seri 2010] Produk Domestik Regional Bruto Per Kapita,Ribu Rupiah,2,,<p><ul><li>Perbedaan antara jumlah PDRB 34 Provinsi dan PDB Indonesia antara lain disebabkan oleh diskrepansi statistik </li><li>Data 2023: Angka sementara</li><li> Data 2024: Angka sangat sementara</li></ul></p>,Produk Domestik Regional Bruto (Lapangan Usaha),38 Provinsi,2100,KEP. RIAU,531,Harga Konstan 2010,122,2022,0,Tahun,89612.57,21002885311220
bps_webapi,0000,2026-08-19T02:01:52+00:00,2026-02-19 10:24:55,288,[Seri 2010] Produk Domestik Regional Bruto Per Kapita,Ribu Rupiah,2,,<p><ul><li>Perbedaan antara jumlah PDRB 34 Provinsi dan PDB Indonesia antara lain disebabkan oleh diskrepansi statistik </li><li>Data 2023: Angka sementara</li><li> Data 2024: Angka sangat sementara</li></ul></p>,Produk Domestik Regional Bruto (Lapangan Usaha),38 Provinsi,3100,DKI JAKARTA,530,Harga Berlaku,122,2022,0,Tahun,299674.73,31002885301220
bps_webapi,0000,2026-08-19T02:01:52+00:00,2026-02-19 10:24:55,288,[Seri 2010] Produk Domestik Regional Bruto Per Kapita,Ribu Rupiah,2,,<p><ul><li>Perbedaan antara jumlah PDRB 34 Provinsi dan PDB Indonesia antara lain disebabkan oleh diskrepansi statistik </li><li>Data 2023: Angka sementara</li><li> Data 2024: Angka sangat sementara</li></ul></p>,Produk Domestik Regional Bruto (Lapangan Usaha),38 Provinsi,3100,DKI JAKARTA,531,Harga Konstan 2010,122,2022,0,Tahun,183598.47,31002885311220
bps_webapi,0000,2026-08-19T02:01:52+00:00,2026-02-19 10:24:55,288,[Seri 2010] Produk Domestik Regional Bruto Per Kapita,Ribu Rupiah,2,,<p><ul><li>Perbedaan antara jumlah PDRB 34 Provinsi dan PDB Indonesia antara lain disebabkan oleh diskrepansi statistik </li><li>Data 2023: Angka sementara</li><li> Data 2024: Angka sangat sementara</li></ul></p>,Produk Domestik Regional Bruto (Lapangan Usaha),38 Provinsi,3200,JAWA BARAT,530,Harga Berlaku,122,2022,0,Tahun,49136.9,32002885301220
bps_webapi,0000,2026-08-19T02:01:52+00:00,2026-02-19 10:24:55,288,[Seri 2010] Produk Domestik Regional Bruto Per Kapita,Ribu Rupiah,2,,<p><ul><li>Perbedaan antara jumlah PDRB 34 Provinsi dan PDB Indonesia antara lain disebabkan oleh diskrepansi statistik </li><li>Data 2023: Angka sementara</li><li> Data 2024: Angka sangat sementara</li></ul></p>,Produk Domestik Regional Bruto (Lapangan Usaha),38 Provinsi,3200,JAWA BARAT,531,Harga Konstan 2010,122,2022,0,Tahun,32246.78,32002885311220
bps_webapi,0000,2026-08-19T02:01:52+00:00,2026-02-19 10:24:55,288,[Seri 2010] Produk Domestik Regional Bruto Per Kapita,Ribu Rupiah,2,,<p><ul><li>Perbedaan antara jumlah PDRB 34 Provinsi dan PDB Indonesia antara lain disebabkan oleh diskrepansi statistik </li><li>Data 2023: Angka sementara</li><li> Data 2024: Angka sangat sementara</li></ul></p>,Produk Domestik Regional Bruto (Lapangan Usaha),38 Provinsi,3300,JAWA TENGAH,530,Harga Berlaku,122,2022,0,Tahun,41934.46,33002885301220
bps_webapi,0000,2026-08-19T02:01:52+00:00,2026-02-19 10:24:55,288,[Seri 2010] Produk Domestik Regional Bruto Per Kapita,Ribu Rupiah,2,,<p><ul><li>Perbedaan antara jumlah PDRB 34 Provinsi dan PDB Indonesia antara lain disebabkan oleh diskrepansi statistik </li><li>Data 2023: Angka sementara</li><li> Data 2024: Angka sangat sementara</li></ul></p>,Produk Domestik Regional Bruto (Lapangan Usaha),38 Provinsi,3300,JAWA TENGAH,531,Harga Konstan 2010,122,2022,0,Tahun,28248.16,33002885311220
bps_webapi,0000,2026-08-19T02:01:52+00:00,2026-02-19 10:24:55,288,[Seri 2010] Produk Domestik Regional Bruto Per Kapita,Ribu Rupiah,2,,<p><ul><li>Perbedaan antara jumlah PDRB 34 Provinsi dan PDB Indonesia antara lain disebabkan oleh diskrepansi statistik </li><li>Data 2023: Angka sementara</li><li> Data 2024: Angka sangat sementara</li></ul></p>,Produk Domestik Regional Bruto (Lapangan Usaha),38 Provinsi,3400,DI YOGYAKARTA,530,Harga Berlaku,122,2022,0,Tahun,44638.79,34002885301220
bps_webapi,0000,2026-08-19T02:01:52+00:00,2026-02-19 10:24:55,288,[Seri 2010] Produk Domestik Regional Bruto Per Kapita,Ribu Rupiah,2,,<p><ul><li>Perbedaan antara jumlah PDRB 34 Provinsi dan PDB Indonesia antara lain disebabkan oleh diskrepansi statistik </li><li>Data 2023: Angka sementara</li><li> Data 2024: Angka sangat sementara</li></ul></p>,Produk Domestik Regional Bruto (Lapangan Usaha),38 Provinsi,3400,DI YOGYAKARTA,531,Harga Konstan 2010,122,2022,0,Tahun,30410.57,34002885311220
bps_webapi,0000,2026-08-19T02:01:52+00:00,2026-02-19 10:24:55,288,[Seri 2010] Produk Domestik Regional Bruto Per Kapita,Ribu Rupiah,2,,<p><ul><li>Perbedaan antara jumlah PDRB 34 Provinsi dan PDB Indonesia antara lain disebabkan oleh diskrepansi statistik </li><li>Data 2023: Angka sementara</li><li> Data 2024: Angka sangat sementara</li></ul></p>,Produk Domestik Regional Bruto (Lapangan Usaha),38 Provinsi,3500,JAWA TIMUR,530,Harga Berlaku,122,2022,0,Tahun,66248.49,35002885301220
bps_webapi,0000,2026-08-19T02:01:52+00:00,2026-02-19 10:24:55,288,[Seri 2010] Produk Domestik Regional Bruto Per Kapita,Ribu Rupiah,2,,<p><ul><li>Perbedaan antara jumlah PDRB 34 Provinsi dan PDB Indonesia antara lain disebabkan oleh diskrepansi statistik </li><li>Data 2023: Angka sementara</li><li> Data 2024: Angka sangat sementara</li></ul></p>,Produk Domestik Regional Bruto (Lapangan Usaha),38 Provinsi,3500,JAWA TIMUR,531,Harga Konstan 2010,122,2022,0,Tahun,42635.84,35002885311220
bps_webapi,0000,2026-08-19T02:01:52+00:00,2026-02-19 10:24:55,288,[Seri 2010] Produk Domestik Regional Bruto Per Kapita,Ribu Rupiah,2,,<p><ul><li>Perbedaan antara jumlah PDRB 34 Provinsi dan PDB Indonesia antara lain disebabkan oleh diskrepansi statistik </li><li>Data 2023: Angka sementara</li><li> Data 2024: Angka sangat sementara</li></ul></p>,Produk Domestik Regional Bruto (Lapangan Usaha),38 Provinsi,3600,BANTEN,530,Harga Berlaku,122,2022,0,Tahun,61413.54,36002885301220
bps_webapi,0000,2026-08-19T02:01:52+00:00,2026-02-19 10:24:55,288,[Seri 2010] Produk Domestik Regional Bruto Per Kapita,Ribu Rupiah,2,,<p><ul><li>Perbedaan antara jumlah PDRB 34 Provinsi dan PDB Indonesia antara lain disebabkan oleh diskrepansi statistik </li><li>Data 2023: Angka sementara</li><li> Data 2024: Angka sangat sementara</li></ul></p>,Produk Domestik Regional Bruto (Lapangan Usaha),38 Provinsi,3600,BANTEN,531,Harga Konstan 2010,122,2022,0,Tahun,39790.24,36002885311220
bps_webapi,0000,2026-08-19T02:01:52+00:00,2026-02-19 10:24:55,288,[Seri 2010] Produk Domestik Regional Bruto Per Kapita,Ribu Rupiah,2,,<p><ul><li>Perbedaan antara jumlah PDRB 34 Provinsi dan PDB Indonesia antara lain disebabkan oleh diskrepansi statistik </li><li>Data 2023: Angka sementara</li><li> Data 2024: Angka sangat sementara</li></ul></p>,Produk Domestik Regional Bruto (Lapangan Usaha),38 Provinsi,5100,BALI,530,Harga Berlaku,122,2022,0,Tahun,56092.96,51002885301220
bps_webapi,0000,2026-08-19T02:01:52+00:00,2026-02-19 10:24:55,288,[Seri 2010] Produk Domestik Regional Bruto Per Kapita,Ribu Rupiah,2,,<p><ul><li>Perbedaan antara jumlah PDRB 34 Provinsi dan PDB Indonesia antara lain disebabkan oleh diskrepansi statistik </li><li>Data 2023: Angka sementara</li><li> Data 2024: Angka sangat sementara</li></ul></p>,Produk Domestik Regional Bruto (Lapangan Usaha),38 Provinsi,5100,BALI,531,Harga Konstan 2010,122,2022,0,Tahun,34481.06,51002885311220
bps_webapi,0000,2026-08-19T02:01:52+00:00,2026-02-19 10:24:55,288,[Seri 2010] Produk Domestik Regional Bruto Per Kapita,Ribu Rupiah,2,,<p><ul><li>Perbedaan antara jumlah PDRB 34 Provinsi dan PDB Indonesia antara lain disebabkan oleh diskrepansi statistik </li><li>Data 2023: Angka sementara</li><li> Data 2024: Angka sangat sementara</li></ul></p>,Produk Domestik Regional Bruto (Lapangan Usaha),38 Provinsi,5200,NUSA TENGGARA BARAT,530,Harga Berlaku,122,2022,0,Tahun,28670.72,52002885301220
bps_webapi,0000,2026-08-19T02:01:52+00:00,2026-02-19 10:24:55,288,[Seri 2010] Produk Domestik Regional Bruto Per Kapita,Ribu Rupiah,2,,<p><ul><li>Perbedaan antara jumlah PDRB 34 Provinsi dan PDB Indonesia antara lain disebabkan oleh diskrepansi statistik </li><li>Data 2023: Angka sementara</li><li> Data 2024: Angka sangat sementara</li></ul></p>,Produk Domestik Regional Bruto (Lapangan Usaha),38 Provinsi,5200,NUSA TENGGARA BARAT,531,Harga Konstan 2010,122,2022,0,Tahun,18647.1,52002885311220
bps_webapi,0000,2026-08-19T02:01:52+00:00,2026-02-19 10:24:55,288,[Seri 2010] Produk Domestik Regional Bruto Per Kapita,Ribu Rupiah,2,,<p><ul><li>Perbedaan antara jumlah PDRB 34 Provinsi dan PDB Indonesia antara lain disebabkan oleh diskrepansi statistik </li><li>Data 2023: Angka sementara</li><li> Data 2024: Angka sangat sementara</li></ul></p>,Produk Domestik Regional Bruto (Lapangan Usaha),38 Provinsi,5300,NUSA TENGGARA TIMUR,530,Harga Berlaku,122,2022,0,Tahun,21657.61,53002885301220
bps_webapi,0000,2026-08-19T02:01:52+00:00,2026-02-19 10:24:55,288,[Seri 2010] Produk Domestik Regional Bruto Per Kapita,Ribu Rupiah,2,,<p><ul><li>Perbedaan antara jumlah PDRB 34 Provinsi dan PDB Indonesia antara lain disebabkan oleh diskrepansi statistik </li><li>Data 2023: Angka sementara</li><li> Data 2024: Angka sangat sementara</li></ul></p>,Produk Domestik Regional Bruto (Lapangan Usaha),38 Provinsi,5300,NUSA TENGGARA TIMUR,531,Harga Konstan 2010,122,2022,0,Tahun,13264.15,53002885311220
bps_webapi,0000,2026-08-19T02:01:52+00:00,2026-02-19 10:24:55,288,[Seri 2010] Produk Domestik Regional Bruto Per Kapita,Ribu Rupiah,2,,<p><ul><li>Perbedaan antara jumlah PDRB 34 Provinsi dan PDB Indonesia antara lain disebabkan oleh diskrepansi statistik </li><li>Data 2023: Angka sementara</li><li> Data 2024: Angka sangat sementara</li></ul></p>,Produk Domestik Regional Bruto (Lapangan Usaha),38 Provinsi,6100,KALIMANTAN BARAT,530,Harga Berlaku,122,2022,0,Tahun,46092.06,61002885301220
bps_webapi,0000,2026-08-19T02:01:52+00:00,2026-02-19 10:24:55,288,[Seri 2010] Produk Domestik Regional Bruto Per Kapita,Ribu Rupiah,2,,<p><ul><li>Perbedaan antara jumlah PDRB 34 Provinsi dan PDB Indonesia antara lain disebabkan oleh diskrepansi statistik </li><li>Data 2023: Angka sementara</li><li> Data 2024: Angka sangat sementara</li></ul></p>,Produk Domestik Regional Bruto (Lapangan Usaha),38 Provinsi,6100,KALIMANTAN BARAT,531,Harga Konstan 2010,122,2022,0,Tahun,26734.57,61002885311220
bps_webapi,0000,2026-08-19T02:01:52+00:00,2026-02-19 10:24:55,288,[Seri 2010] Produk Domestik Regional Bruto Per Kapita,Ribu Rupiah,2,,<p><ul><li>Perbedaan antara jumlah PDRB 34 Provinsi dan PDB Indonesia antara lain disebabkan oleh diskrepansi statistik </li><li>Data 2023: Angka sementara</li><li> Data 2024: Angka sangat sementara</li></ul></p>,Produk Domestik Regional Bruto (Lapangan Usaha),38 Provinsi,6200,KALIMANTAN TENGAH,530,Harga Berlaku,122,2022,0,Tahun,72973.14,62002885301220
bps_webapi,0000,2026-08-19T02:01:52+00:00,2026-02-19 10:24:55,288,[Seri 2010] Produk Domestik Regional Bruto Per Kapita,Ribu Rupiah,2,,<p><ul><li>Perbedaan antara jumlah PDRB 34 Provinsi dan PDB Indonesia antara lain disebabkan oleh diskrepansi statistik </li><li>Data 2023: Angka sementara</li><li> Data 2024: Angka sangat sementara</li></ul></p>,Produk Domestik Regional Bruto (Lapangan Usaha),38 Provinsi,6200,KALIMANTAN TENGAH,531,Harga Konstan 2010,122,2022,0,Tahun,39856.48,62002885311220
bps_webapi,0000,2026-08-19T02:01:52+00:00,2026-02-19 10:24:55,288,[Seri 2010] Produk Domestik Regional Bruto Per Kapita,Ribu Rupiah,2,,<p><ul><li>Perbedaan antara jumlah PDRB 34 Provinsi dan PDB Indonesia antara lain disebabkan oleh diskrepansi statistik </li><li>Data 2023: Angka sementara</li><li> Data 2024: Angka sangat sementara</li></ul></p>,Produk Domestik Regional Bruto (Lapangan Usaha),38 Provinsi,6300,KALIMANTAN SELATAN,530,Harga Berlaku,122,2022,0,Tahun,60213.03,63002885301220
bps_webapi,0000,2026-08-19T02:01:52+00:00,2026-02-19 10:24:55,288,[Seri 2010] Produk Domestik Regional Bruto Per Kapita,Ribu Rupiah,2,,<p><ul><li>Perbedaan antara jumlah PDRB 34 Provinsi dan PDB Indonesia antara lain disebabkan oleh diskrepansi statistik </li><li>Data 2023: Angka sementara</li><li> Data 2024: Angka sangat sementara</li></ul></p>,Produk Domestik Regional Bruto (Lapangan Usaha),38 Provinsi,6300,KALIMANTAN SELATAN,531,Harga Konstan 2010,122,2022,0,Tahun,34132.71,63002885311220
bps_webapi,0000,2026-08-19T02:01:52+00:00,2026-02-19 10:24:55,288,[Seri 2010] Produk Domestik Regional Bruto Per Kapita,Ribu Rupiah,2,,<p><ul><li>Perbedaan antara jumlah PDRB 34 Provinsi dan PDB Indonesia antara lain disebabkan oleh diskrepansi statistik </li><li>Data 2023: Angka sementara</li><li> Data 2024: Angka sangat sementara</li></ul></p>,Produk Domestik Regional Bruto (Lapangan Usaha),38 Provinsi,6400,KALIMANTAN TIMUR,530,Harga Berlaku,122,2022,0,Tahun,238916.99,64002885301220
bps_webapi,0000,2026-08-19T02:01:52+00:00,2026-02-19 10:24:55,288,[Seri 2010] Produk Domestik Regional Bruto Per Kapita,Ribu Rupiah,2,,<p><ul><li>Perbedaan antara jumlah PDRB 34 Provinsi dan PDB Indonesia antara lain disebabkan oleh diskrepansi statistik </li><li>Data 2023: Angka sementara</li><li> Data 2024: Angka sangat sementara</li></ul></p>,Produk Domestik Regional Bruto (Lapangan Usaha),38 Provinsi,6400,KALIMANTAN TIMUR,531,Harga Konstan 2010,122,2022,0,Tahun,131238.63,64002885311220
bps_webapi,0000,2026-08-19T02:01:52+00:00,2026-02-19 10:24:55,288,[Seri 2010] Produk Domestik Regional Bruto Per Kapita,Ribu Rupiah,2,,<p><ul><li>Perbedaan antara jumlah PDRB 34 Provinsi dan PDB Indonesia antara lain disebabkan oleh diskrepansi statistik </li><li>Data 2023: Angka sementara</li><li> Data 2024: Angka sangat sementara</li></ul></p>,Produk Domestik Regional Bruto (Lapangan Usaha),38 Provinsi,6500,KALIMANTAN UTARA,530,Harga Berlaku,122,2022,0,Tahun,192588.32,65002885301220
bps_webapi,0000,2026-08-19T02:01:52+00:00,2026-02-19 10:24:55,288,[Seri 2010] Produk Domestik Regional Bruto Per Kapita,Ribu Rupiah,2,,<p><ul><li>Perbedaan antara jumlah PDRB 34 Provinsi dan PDB Indonesia antara lain disebabkan oleh diskrepansi statistik </li><li>Data 2023: Angka sementara</li><li> Data 2024: Angka sangat sementara</li></ul></p>,Produk Domestik Regional Bruto (Lapangan Usaha),38 Provinsi,6500,KALIMANTAN UTARA,531,Harga Konstan 2010,122,2022,0,Tahun,92392.97,65002885311220
bps_webapi,0000,2026-08-19T02:01:52+00:00,2026-02-19 10:24:55,288,[Seri 2010] Produk Domestik Regional Bruto Per Kapita,Ribu Rupiah,2,,<p><ul><li>Perbedaan antara jumlah PDRB 34 Provinsi dan PDB Indonesia antara lain disebabkan oleh diskrepansi statistik </li><li>Data 2023: Angka sementara</li><li> Data 2024: Angka sangat sementara</li></ul></p>,Produk Domestik Regional Bruto (Lapangan Usaha),38 Provinsi,7100,SULAWESI UTARA,530,Harga Berlaku,122,2022,0,Tahun,59020.57,71002885301220
bps_webapi,0000,2026-08-19T02:01:52+00:00,2026-02-19 10:24:55,288,[Seri 2010] Produk Domestik Regional Bruto Per Kapita,Ribu Rupiah,2,,<p><ul><li>Perbedaan antara jumlah PDRB 34 Provinsi dan PDB Indonesia antara lain disebabkan oleh diskrepansi statistik </li><li>Data 2023: Angka sementara</li><li> Data 2024: Angka sangat sementara</li></ul></p>,Produk Domestik Regional Bruto (Lapangan Usaha),38 Provinsi,7100,SULAWESI UTARA,531,Harga Konstan 2010,122,2022,0,Tahun,36368.64,71002885311220
bps_webapi,0000,2026-08-19T02:01:52+00:00,2026-02-19 10:24:55,288,[Seri 2010] Produk Domestik Regional Bruto Per Kapita,Ribu Rupiah,2,,<p><ul><li>Perbedaan antara jumlah PDRB 34 Provinsi dan PDB Indonesia antara lain disebabkan oleh diskrepansi statistik </li><li>Data 2023: Angka sementara</li><li> Data 2024: Angka sangat sementara</li></ul></p>,Produk Domestik Regional Bruto (Lapangan Usaha),38 Provinsi,7200,SULAWESI TENGAH,530,Harga Berlaku,122,2022,0,Tahun,106068.47,72002885301220
bps_webapi,0000,2026-08-19T02:01:52+00:00,2026-02-19 10:24:55,288,[Seri 2010] Produk Domestik Regional Bruto Per Kapita,Ribu Rupiah,2,,<p><ul><li>Perbedaan antara jumlah PDRB 34 Provinsi dan PDB Indonesia antara lain disebabkan oleh diskrepansi statistik </li><li>Data 2023: Angka sementara</li><li> Data 2024: Angka sangat sementara</li></ul></p>,Produk Domestik Regional Bruto (Lapangan Usaha),38 Provinsi,7200,SULAWESI TENGAH,531,Harga Konstan 2010,122,2022,0,Tahun,56577.06,72002885311220
bps_webapi,0000,2026-08-19T02:01:52+00:00,2026-02-19 10:24:55,288,[Seri 2010] Produk Domestik Regional Bruto Per Kapita,Ribu Rupiah,2,,<p><ul><li>Perbedaan antara jumlah PDRB 34 Provinsi dan PDB Indonesia antara lain disebabkan oleh diskrepansi statistik </li><li>Data 2023: Angka sementara</li><li> Data 2024: Angka sangat sementara</li></ul></p>,Produk Domestik Regional Bruto (Lapangan Usaha),38 Provinsi,7300,SULAWESI SELATAN,530,Harga Berlaku,122,2022,0,Tahun,65353.29,73002885301220
bps_webapi,0000,2026-08-19T02:01:52+00:00,2026-02-19 10:24:55,288,[Seri 2010] Produk Domestik Regional Bruto Per Kapita,Ribu Rupiah,2,,<p><ul><li>Perbedaan antara jumlah PDRB 34 Provinsi dan PDB Indonesia antara lain disebabkan oleh diskrepansi statistik </li><li>Data 2023: Angka sementara</li><li> Data 2024: Angka sangat sementara</li></ul></p>,Produk Domestik Regional Bruto (Lapangan Usaha),38 Provinsi,7300,SULAWESI SELATAN,531,Harga Konstan 2010,122,2022,0,Tahun,38975.18,73002885311220
bps_webapi,0000,2026-08-19T02:01:52+00:00,2026-02-19 10:24:55,288,[Seri 2010] Produk Domestik Regional Bruto Per Kapita,Ribu Rupiah,2,,<p><ul><li>Perbedaan antara jumlah PDRB 34 Provinsi dan PDB Indonesia antara lain disebabkan oleh diskrepansi statistik </li><li>Data 2023: Angka sementara</li><li> Data 2024: Angka sangat sementara</li></ul></p>,Produk Domestik Regional Bruto (Lapangan Usaha),38 Provinsi,7400,SULAWESI TENGGARA,530,Harga Berlaku,122,2022,0,Tahun,58714.73,74002885301220
bps_webapi,0000,2026-08-19T02:01:52+00:00,2026-02-19 10:24:55,288,[Seri 2010] Produk Domestik Regional Bruto Per Kapita,Ribu Rupiah,2,,<p><ul><li>Perbedaan antara jumlah PDRB 34 Provinsi dan PDB Indonesia antara lain disebabkan oleh diskrepansi statistik </li><li>Data 2023: Angka sementara</li><li> Data 2024: Angka sangat sementara</li></ul></p>,Produk Domestik Regional Bruto (Lapangan Usaha),38 Provinsi,7400,SULAWESI TENGGARA,531,Harga Konstan 2010,122,2022,0,Tahun,37956.13,74002885311220
bps_webapi,0000,2026-08-19T02:01:52+00:00,2026-02-19 10:24:55,288,[Seri 2010] Produk Domestik Regional Bruto Per Kapita,Ribu Rupiah,2,,<p><ul><li>Perbedaan antara jumlah PDRB 34 Provinsi dan PDB Indonesia antara lain disebabkan oleh diskrepansi statistik </li><li>Data 2023: Angka sementara</li><li> Data 2024: Angka sangat sementara</li></ul></p>,Produk Domestik Regional Bruto (Lapangan Usaha),38 Provinsi,7500,GORONTALO,530,Harga Berlaku,122,2022,0,Tahun,39690.94,75002885301220
bps_webapi,0000,2026-08-19T02:01:52+00:00,2026-02-19 10:24:55,288,[Seri 2010] Produk Domestik Regional Bruto Per Kapita,Ribu Rupiah,2,,<p><ul><li>Perbedaan antara jumlah PDRB 34 Provinsi dan PDB Indonesia antara lain disebabkan oleh diskrepansi statistik </li><li>Data 2023: Angka sementara</li><li> Data 2024: Angka sangat sementara</li></ul></p>,Produk Domestik Regional Bruto (Lapangan Usaha),38 Provinsi,7500,GORONTALO,531,Harga Konstan 2010,122,2022,0,Tahun,25268.51,75002885311220
bps_webapi,0000,2026-08-19T02:01:52+00:00,2026-02-19 10:24:55,288,[Seri 2010] Produk Domestik Regional Bruto Per Kapita,Ribu Rupiah,2,,<p><ul><li>Perbedaan antara jumlah PDRB 34 Provinsi dan PDB Indonesia antara lain disebabkan oleh diskrepansi statistik </li><li>Data 2023: Angka sementara</li><li> Data 2024: Angka sangat sementara</li></ul></p>,Produk Domestik Regional Bruto (Lapangan Usaha),38 Provinsi,7600,SULAWESI BARAT,530,Harga Berlaku,122,2022,0,Tahun,37033.82,76002885301220
bps_webapi,0000,2026-08-19T02:01:52+00:00,2026-02-19 10:24:55,288,[Seri 2010] Produk Domestik Regional Bruto Per Kapita,Ribu Rupiah,2,,<p><ul><li>Perbedaan antara jumlah PDRB 34 Provinsi dan PDB Indonesia antara lain disebabkan oleh diskrepansi statistik </li><li>Data 2023: Angka sementara</li><li> Data 2024: Angka sangat sementara</li></ul></p>,Produk Domestik Regional Bruto (Lapangan Usaha),38 Provinsi,7600,SULAWESI BARAT,531,Harga Konstan 2010,122,2022,0,Tahun,23060.66,76002885311220
bps_webapi,0000,2026-08-19T02:01:52+00:00,2026-02-19 10:24:55,288,[Seri 2010] Produk Domestik Regional Bruto Per Kapita,Ribu Rupiah,2,,<p><ul><li>Perbedaan antara jumlah PDRB 34 Provinsi dan PDB Indonesia antara lain disebabkan oleh diskrepansi statistik </li><li>Data 2023: Angka sementara</li><li> Data 2024: Angka sangat sementara</li></ul></p>,Produk Domestik Regional Bruto (Lapangan Usaha),38 Provinsi,8100,MALUKU,530,Harga Berlaku,122,2022,0,Tahun,28536.54,81002885301220
bps_webapi,0000,2026-08-19T02:01:52+00:00,2026-02-19 10:24:55,288,[Seri 2010] Produk Domestik Regional Bruto Per Kapita,Ribu Rupiah,2,,<p><ul><li>Perbedaan antara jumlah PDRB 34 Provinsi dan PDB Indonesia antara lain disebabkan oleh diskrepansi statistik </li><li>Data 2023: Angka sementara</li><li> Data 2024: Angka sangat sementara</li></ul></p>,Produk Domestik Regional Bruto (Lapangan Usaha),38 Provinsi,8100,MALUKU,531,Harga Konstan 2010,122,2022,0,Tahun,17717.1,81002885311220
bps_webapi,0000,2026-08-19T02:01:52+00:00,2026-02-19 10:24:55,288,[Seri 2010] Produk Domestik Regional Bruto Per Kapita,Ribu Rupiah,2,,<p><ul><li>Perbedaan antara jumlah PDRB 34 Provinsi dan PDB Indonesia antara lain disebabkan oleh diskrepansi statistik </li><li>Data 2023: Angka sementara</li><li> Data 2024: Angka sangat sementara</li></ul></p>,Produk Domestik Regional Bruto (Lapangan Usaha),38 Provinsi,8200,MALUKU UTARA,530,Harga Berlaku,122,2022,0,Tahun,53776.27,82002885301220
bps_webapi,0000,2026-08-19T02:01:52+00:00,2026-02-19 10:24:55,288,[Seri 2010] Produk Domestik Regional Bruto Per Kapita,Ribu Rupiah,2,,<p><ul><li>Perbedaan antara jumlah PDRB 34 Provinsi dan PDB Indonesia antara lain disebabkan oleh diskrepansi statistik </li><li>Data 2023: Angka sementara</li><li> Data 2024: Angka sangat sementara</li></ul></p>,Produk Domestik Regional Bruto (Lapangan Usaha),38 Provinsi,8200,MALUKU UTARA,531,Harga Konstan 2010,122,2022,0,Tahun,30526.49,82002885311220
bps_webapi,0000,2026-08-19T02:01:52+00:00,2026-02-19 10:24:55,288,[Seri 2010] Produk Domestik Regional Bruto Per Kapita,Ribu Rupiah,2,,<p><ul><li>Perbedaan antara jumlah PDRB 34 Provinsi dan PDB Indonesia antara lain disebabkan oleh diskrepansi statistik </li><li>Data 2023: Angka sementara</li><li> Data 2024: Angka sangat sementara</li></ul></p>,Produk Domestik Regional Bruto (Lapangan Usaha),38 Provinsi,9100,PAPUA BARAT,530,Harga Berlaku,122,2022,0,Tahun,78141.31,91002885301220
bps_webapi,0000,2026-08-19T02:01:52+00:00,2026-02-19 10:24:55,288,[Seri 2010] Produk Domestik Regional Bruto Per Kapita,Ribu Rupiah,2,,<p><ul><li>Perbedaan antara jumlah PDRB 34 Provinsi dan PDB Indonesia antara lain disebabkan oleh diskrepansi statistik </li><li>Data 2023: Angka sementara</li><li> Data 2024: Angka sangat sementara</li></ul></p>,Produk Domestik Regional Bruto (Lapangan Usaha),38 Provinsi,9100,PAPUA BARAT,531,Harga Konstan 2010,122,2022,0,Tahun,53517.07,91002885311220
bps_webapi,0000,2026-08-19T02:01:52+00:00,2026-02-19 10:24:55,288,[Seri 2010] Produk Domestik Regional Bruto Per Kapita,Ribu Rupiah,2,,<p><ul><li>Perbedaan antara jumlah PDRB 34 Provinsi dan PDB Indonesia antara lain disebabkan oleh diskrepansi statistik </li><li>Data 2023: Angka sementara</li><li> Data 2024: Angka sangat sementara</li></ul></p>,Produk Domestik Regional Bruto (Lapangan Usaha),38 Provinsi,9400,PAPUA,530,Harga Berlaku,122,2022,0,Tahun,59383.62,94002885301220
bps_webapi,0000,2026-08-19T02:01:52+00:00,2026-02-19 10:24:55,288,[Seri 2010] Produk Domestik Regional Bruto Per Kapita,Ribu Rupiah,2,,<p><ul><li>Perbedaan antara jumlah PDRB 34 Provinsi dan PDB Indonesia antara lain disebabkan oleh diskrepansi statistik </li><li>Data 2023: Angka sementara</li><li> Data 2024: Angka sangat sementara</li></ul></p>,Produk Domestik Regional Bruto (Lapangan Usaha),38 Provinsi,9400,PAPUA,531,Harga Konstan 2010,122,2022,0,Tahun,39112.71,94002885311220
bps_webapi,0000,2026-08-19T02:01:52+00:00,2026-02-19 10:24:55,288,[Seri 2010] Produk Domestik Regional Bruto Per Kapita,Ribu Rupiah,2,,<p><ul><li>Perbedaan antara jumlah PDRB 34 Provinsi dan PDB Indonesia antara lain disebabkan oleh diskrepansi statistik </li><li>Data 2023: Angka sementara</li><li> Data 2024: Angka sangat sementara</li></ul></p>,Produk Domestik Regional Bruto (Lapangan Usaha),38 Provinsi,9999,INDONESIA,530,Harga Berlaku,122,2022,0,Tahun,71044.78,99992885301220
bps_webapi,0000,2026-08-19T02:01:52+00:00,2026-02-19 10:24:55,288,[Seri 2010] Produk Domestik Regional Bruto Per Kapita,Ribu Rupiah,2,,<p><ul><li>Perbedaan antara jumlah PDRB 34 Provinsi dan PDB Indonesia antara lain disebabkan oleh diskrepansi statistik </li><li>Data 2023: Angka sementara</li><li> Data 2024: Angka sangat sementara</li></ul></p>,Produk Domestik Regional Bruto (Lapangan Usaha),38 Provinsi,9999,INDONESIA,531,Harga Konstan 2010,122,2022,0,Tahun,42471.45,99992885311220
bps_webapi,0000,2026-08-19T02:01:52+00:00,2026-02-19 10:24:55,288,[Seri 2010] Produk Domestik Regional Bruto Per Kapita,Ribu Rupiah,2,,<p><ul><li>Perbedaan antara jumlah PDRB 34 Provinsi dan PDB Indonesia antara lain disebabkan oleh diskrepansi statistik </li><li>Data 2023: Angka sementara</li><li> Data 2024: Angka sangat sementara</li></ul></p>,Produk Domestik Regional Bruto (Lapangan Usaha),38 Provinsi,1100,ACEH,530,Harga Berlaku,123,2023,0,Tahun,41407.6,11002885301230
bps_webapi,0000,2026-08-19T02:01:52+00:00,2026-02-19 10:24:55,288,[Seri 2010] Produk Domestik Regional Bruto Per Kapita,Ribu Rupiah,2,,<p><ul><li>Perbedaan antara jumlah PDRB 34 Provinsi dan PDB Indonesia antara lain disebabkan oleh diskrepansi statistik </li><li>Data 2023: Angka sementara</li><li> Data 2024: Angka sangat sementara</li></ul></p>,Produk Domestik Regional Bruto (Lapangan Usaha),38 Provinsi,1100,ACEH,531,Harga Konstan 2010,123,2023,0,Tahun,26800.14,11002885311230
bps_webapi,0000,2026-08-19T02:01:52+00:00,2026-02-19 10:24:55,288,[Seri 2010] Produk Domestik Regional Bruto Per Kapita,Ribu Rupiah,2,,<p><ul><li>Perbedaan antara jumlah PDRB 34 Provinsi dan PDB Indonesia antara lain disebabkan oleh diskrepansi statistik </li><li>Data 2023: Angka sementara</li><li> Data 2024: Angka sangat sementara</li></ul></p>,Produk Domestik Regional Bruto (Lapangan Usaha),38 Provinsi,1200,SUMATERA UTARA,530,Harga Berlaku,123,2023,0,Tahun,68305.71,12002885301230
bps_webapi,0000,2026-08-19T02:01:52+00:00,2026-02-19 10:24:55,288,[Seri 2010] Produk Domestik Regional Bruto Per Kapita,Ribu Rupiah,2,,<p><ul><li>Perbedaan antara jumlah PDRB 34 Provinsi dan PDB Indonesia antara lain disebabkan oleh diskrepansi statistik </li><li>Data 2023: Angka sementara</li><li> Data 2024: Angka sangat sementara</li></ul></p>,Produk Domestik Regional Bruto (Lapangan Usaha),38 Provinsi,1200,SUMATERA UTARA,531,Harga Konstan 2010,123,2023,0,Tahun,39140.19,12002885311230
bps_webapi,0000,2026-08-19T02:01:52+00:00,2026-02-19 10:24:55,288,[Seri 2010] Produk Domestik Regional Bruto Per Kapita,Ribu Rupiah,2,,<p><ul><li>Perbedaan antara jumlah PDRB 34 Provinsi dan PDB Indonesia antara lain disebabkan oleh diskrepansi statistik </li><li>Data 2023: Angka sementara</li><li> Data 2024: Angka sangat sementara</li></ul></p>,Produk Domestik Regional Bruto (Lapangan Usaha),38 Provinsi,1300,SUMATERA BARAT,530,Harga Berlaku,123,2023,0,Tahun,54333.83,13002885301230
bps_webapi,0000,2026-08-19T02:01:52+00:00,2026-02-19 10:24:55,288,[Seri 2010] Produk Domestik Regional Bruto Per Kapita,Ribu Rupiah,2,,<p><ul><li>Perbedaan antara jumlah PDRB 34 Provinsi dan PDB Indonesia antara lain disebabkan oleh diskrepansi statistik </li><li>Data 2023: Angka sementara</li><li> Data 2024: Angka sangat sementara</li></ul></p>,Produk Domestik Regional Bruto (Lapangan Usaha),38 Provinsi,1300,SUMATERA BARAT,531,Harga Konstan 2010,123,2023,0,Tahun,33187.86,13002885311230
bps_webapi,0000,2026-08-19T02:01:52+00:00,2026-02-19 10:24:55,288,[Seri 2010] Produk Domestik Regional Bruto Per Kapita,Ribu Rupiah,2,,<p><ul><li>Perbedaan antara jumlah PDRB 34 Provinsi dan PDB Indonesia antara lain disebabkan oleh diskrepansi statistik </li><li>Data 2023: Angka sementara</li><li> Data 2024: Angka sangat sementara</li></ul></p>,Produk Domestik Regional Bruto (Lapangan Usaha),38 Provinsi,1400,RIAU,530,Harga Berlaku,123,2023,0,Tahun,154522.28,14002885301230
bps_webapi,0000,2026-08-19T02:01:52+00:00,2026-02-19 10:24:55,288,[Seri 2010] Produk Domestik Regional Bruto Per Kapita,Ribu Rupiah,2,,<p><ul><li>Perbedaan antara jumlah PDRB 34 Provinsi dan PDB Indonesia antara lain disebabkan oleh diskrepansi statistik </li><li>Data 2023: Angka sementara</li><li> Data 2024: Angka sangat sementara</li></ul></p>,Produk Domestik Regional Bruto (Lapangan Usaha),38 Provinsi,1400,RIAU,531,Harga Konstan 2010,123,2023,0,Tahun,83070.74,14002885311230
bps_webapi,0000,2026-08-19T02:01:52+00:00,2026-02-19 10:24:55,288,[Seri 2010] Produk Domestik Regional Bruto Per Kapita,Ribu Rupiah,2,,<p><ul><li>Perbedaan antara jumlah PDRB 34 Provinsi dan PDB Indonesia antara lain disebabkan oleh diskrepansi statistik </li><li>Data 2023: Angka sementara</li><li> Data 2024: Angka sangat sementara</li></ul></p>,Produk Domestik Regional Bruto (Lapangan Usaha),38 Provinsi,1500,JAMBI,530,Harga Berlaku,123,2023,0,Tahun,79873.36,15002885301230
bps_webapi,0000,2026-08-19T02:01:52+00:00,2026-02-19 10:24:55,288,[Seri 2010] Produk Domestik Regional Bruto Per Kapita,Ribu Rupiah,2,,<p><ul><li>Perbedaan antara jumlah PDRB 34 Provinsi dan PDB Indonesia antara lain disebabkan oleh diskrepansi statistik </li><li>Data 2023: Angka sementara</li><li> Data 2024: Angka sangat sementara</li></ul></p>,Produk Domestik Regional Bruto (Lapangan Usaha),38 Provinsi,1500,JAMBI,531,Harga Konstan 2010,123,2023,0,Tahun,46004.69,15002885311230
bps_webapi,0000,2026-08-19T02:01:52+00:00,2026-02-19 10:24:55,288,[Seri 2010] Produk Domestik Regional Bruto Per Kapita,Ribu Rupiah,2,,<p><ul><li>Perbedaan antara jumlah PDRB 34 Provinsi dan PDB Indonesia antara lain disebabkan oleh diskrepansi statistik </li><li>Data 2023: Angka sementara</li><li> Data 2024: Angka sangat sementara</li></ul></p>,Produk Domestik Regional Bruto (Lapangan Usaha),38 Provinsi,1600,SUMATERA SELATAN,530,Harga Berlaku,123,2023,0,Tahun,71958.27,16002885301230
bps_webapi,0000,2026-08-19T02:01:52+00:00,2026-02-19 10:24:55,288,[Seri 2010] Produk Domestik Regional Bruto Per Kapita,Ribu Rupiah,2,,<p><ul><li>Perbedaan antara jumlah PDRB 34 Provinsi dan PDB Indonesia antara lain disebabkan oleh diskrepansi statistik </li><li>Data 2023: Angka sementara</li><li> Data 2024: Angka sangat sementara</li></ul></p>,Produk Domestik Regional Bruto (Lapangan Usaha),38 Provinsi,1600,SUMATERA SELATAN,531,Harga Konstan 2010,123,2023,0,Tahun,41283.99,16002885311230
bps_webapi,0000,2026-08-19T02:01:52+00:00,2026-02-19 10:24:55,288,[Seri 2010] Produk Domestik Regional Bruto Per Kapita,Ribu Rupiah,2,,<p><ul><li>Perbedaan antara jumlah PDRB 34 Provinsi dan PDB Indonesia antara lain disebabkan oleh diskrepansi statistik </li><li>Data 2023: Angka sementara</li><li> Data 2024: Angka sangat sementara</li></ul></p>,Produk Domestik Regional Bruto (Lapangan Usaha),38 Provinsi,1700,BENGKULU,530,Harga Berlaku,123,2023,0,Tahun,46300.51,17002885301230
bps_webapi,0000,2026-08-19T02:01:52+00:00,2026-02-19 10:24:55,288,[Seri 2010] Produk Domestik Regional Bruto Per Kapita,Ribu Rupiah,2,,<p><ul><li>Perbedaan antara jumlah PDRB 34 Provinsi dan PDB Indonesia antara lain disebabkan oleh diskrepansi statistik </li><li>Data 2023: Angka sementara</li><li> Data 2024: Angka sangat sementara</li></ul></p>,Produk Domestik Regional Bruto (Lapangan Usaha),38 Provinsi,1700,BENGKULU,531,Harga Konstan 2010,123,2023,0,Tahun,24952.76,17002885311230
bps_webapi,0000,2026-08-19T02:01:52+00:00,2026-02-19 10:24:55,288,[Seri 2010] Produk Domestik Regional Bruto Per Kapita,Ribu Rupiah,2,,<p><ul><li>Perbedaan antara jumlah PDRB 34 Provinsi dan PDB Indonesia antara lain disebabkan oleh diskrepansi statistik </li><li>Data 2023: Angka sementara</li><li> Data 2024: Angka sangat sementara</li></ul></p>,Produk Domestik Regional Bruto (Lapangan Usaha),38 Provinsi,1800,LAMPUNG,530,Harga Berlaku,123,2023,0,Tahun,48187.64,18002885301230
bps_webapi,0000,2026-08-19T02:01:52+00:00,2026-02-19 10:24:55,288,[Seri 2010] Produk Domestik Regional Bruto Per Kapita,Ribu Rupiah,2,,<p><ul><li>Perbedaan antara jumlah PDRB 34 Provinsi dan PDB Indonesia antara lain disebabkan oleh diskrepansi statistik </li><li>Data 2023: Angka sementara</li><li> Data 2024: Angka sangat sementara</li></ul></p>,Produk Domestik Regional Bruto (Lapangan Usaha),38 Provinsi,1800,LAMPUNG,531,Harga Konstan 2010,123,2023,0,Tahun,28907.12,18002885311230
bps_webapi,0000,2026-08-19T02:01:52+00:00,2026-02-19 10:24:55,288,[Seri 2010] Produk Domestik Regional Bruto Per Kapita,Ribu Rupiah,2,,<p><ul><li>Perbedaan antara jumlah PDRB 34 Provinsi dan PDB Indonesia antara lain disebabkan oleh diskrepansi statistik </li><li>Data 2023: Angka sementara</li><li> Data 2024: Angka sangat sementara</li></ul></p>,Produk Domestik Regional Bruto (Lapangan Usaha),38 Provinsi,1900,KEP. BANGKA BELITUNG,530,Harga Berlaku,123,2023,0,Tahun,67812.94,19002885301230
bps_webapi,0000,2026-08-19T02:01:52+00:00,2026-02-19 10:24:55,288,[Seri 2010] Produk Domestik Regional Bruto Per Kapita,Ribu Rupiah,2,,<p><ul><li>Perbedaan antara jumlah PDRB 34 Provinsi dan PDB Indonesia antara lain disebabkan oleh diskrepansi statistik </li><li>Data 2023: Angka sementara</li><li> Data 2024: Angka sangat sementara</li></ul></p>,Produk Domestik Regional Bruto (Lapangan Usaha),38 Provinsi,1900,KEP. BANGKA BELITUNG,531,Harga Konstan 2010,123,2023,0,Tahun,39907.63,19002885311230
bps_webapi,0000,2026-08-19T02:01:52+00:00,2026-02-19 10:24:55,288,[Seri 2010] Produk Domestik Regional Bruto Per Kapita,Ribu Rupiah,2,,<p><ul><li>Perbedaan antara jumlah PDRB 34 Provinsi dan PDB Indonesia antara lain disebabkan oleh diskrepansi statistik </li><li>Data 2023: Angka sementara</li><li> Data 2024: Angka sangat sementara</li></ul></p>,Produk Domestik Regional Bruto (Lapangan Usaha),38 Provinsi,2100,KEP. RIAU,530,Harga Berlaku,123,2023,0,Tahun,154065.16,21002885301230
bps_webapi,0000,2026-08-19T02:01:52+00:00,2026-02-19 10:24:55,288,[Seri 2010] Produk Domestik Regional Bruto Per Kapita,Ribu Rupiah,2,,<p><ul><li>Perbedaan antara jumlah PDRB 34 Provinsi dan PDB Indonesia antara lain disebabkan oleh diskrepansi statistik </li><li>Data 2023: Angka sementara</li><li> Data 2024: Angka sangat sementara</li></ul></p>,Produk Domestik Regional Bruto (Lapangan Usaha),38 Provinsi,2100,KEP. RIAU,531,Harga Konstan 2010,123,2023,0,Tahun,92869.32,21002885311230
bps_webapi,0000,2026-08-19T02:01:52+00:00,2026-02-19 10:24:55,288,[Seri 2010] Produk Domestik Regional Bruto Per Kapita,Ribu Rupiah,2,,<p><ul><li>Perbedaan antara jumlah PDRB 34 Provinsi dan PDB Indonesia antara lain disebabkan oleh diskrepansi statistik </li><li>Data 2023: Angka sementara</li><li> Data 2024: Angka sangat sementara</li></ul></p>,Produk Domestik Regional Bruto (Lapangan Usaha),38 Provinsi,3100,DKI JAKARTA,530,Harga Berlaku,123,2023,0,Tahun,322650.58,31002885301230
bps_webapi,0000,2026-08-19T02:01:52+00:00,2026-02-19 10:24:55,288,[Seri 2010] Produk Domestik Regional Bruto Per Kapita,Ribu Rupiah,2,,<p><ul><li>Perbedaan antara jumlah PDRB 34 Provinsi dan PDB Indonesia antara lain disebabkan oleh diskrepansi statistik </li><li>Data 2023: Angka sementara</li><li> Data 2024: Angka sangat sementara</li></ul></p>,Produk Domestik Regional Bruto (Lapangan Usaha),38 Provinsi,3100,DKI JAKARTA,531,Harga Konstan 2010,123,2023,0,Tahun,192134.11,31002885311230
bps_webapi,0000,2026-08-19T02:01:52+00:00,2026-02-19 10:24:55,288,[Seri 2010] Produk Domestik Regional Bruto Per Kapita,Ribu Rupiah,2,,<p><ul><li>Perbedaan antara jumlah PDRB 34 Provinsi dan PDB Indonesia antara lain disebabkan oleh diskrepansi statistik </li><li>Data 2023: Angka sementara</li><li> Data 2024: Angka sangat sementara</li></ul></p>,Produk Domestik Regional Bruto (Lapangan Usaha),38 Provinsi,3200,JAWA BARAT,530,Harga Berlaku,123,2023,0,Tahun,52651.05,32002885301230
bps_webapi,0000,2026-08-19T02:01:52+00:00,2026-02-19 10:24:55,288,[Seri 2010] Produk Domestik Regional Bruto Per Kapita,Ribu Rupiah,2,,<p><ul><li>Perbedaan antara jumlah PDRB 34 Provinsi dan PDB Indonesia antara lain disebabkan oleh diskrepansi statistik </li><li>Data 2023: Angka sementara</li><li> Data 2024: Angka sangat sementara</li></ul></p>,Produk Domestik Regional Bruto (Lapangan Usaha),38 Provinsi,3200,JAWA BARAT,531,Harga Konstan 2010,123,2023,0,Tahun,33481.65,32002885311230
bps_webapi,0000,2026-08-19T02:01:52+00:00,2026-02-19 10:24:55,288,[Seri 2010] Produk Domestik Regional Bruto Per Kapita,Ribu Rupiah,2,,<p><ul><li>Perbedaan antara jumlah PDRB 34 Provinsi dan PDB Indonesia antara lain disebabkan oleh diskrepansi statistik </li><li>Data 2023: Angka sementara</li><li> Data 2024: Angka sangat sementara</li></ul></p>,Produk Domestik Regional Bruto (Lapangan Usaha),38 Provinsi,3300,JAWA TENGAH,530,Harga Berlaku,123,2023,0,Tahun,45162.08,33002885301230
bps_webapi,0000,2026-08-19T02:01:52+00:00,2026-02-19 10:24:55,288,[Seri 2010] Produk Domestik Regional Bruto Per Kapita,Ribu Rupiah,2,,<p><ul><li>Perbedaan antara jumlah PDRB 34 Provinsi dan PDB Indonesia antara lain disebabkan oleh diskrepansi statistik </li><li>Data 2023: Angka sementara</li><li> Data 2024: Angka sangat sementara</li></ul></p>,Produk Domestik Regional Bruto (Lapangan Usaha),38 Provinsi,3300,JAWA TENGAH,531,Harga Konstan 2010,123,2023,0,Tahun,29366.26,33002885311230
bps_webapi,0000,2026-08-19T02:01:52+00:00,2026-02-19 10:24:55,288,[Seri 2010] Produk Domestik Regional Bruto Per Kapita,Ribu Rupiah,2,,<p><ul><li>Perbedaan antara jumlah PDRB 34 Provinsi dan PDB Indonesia antara lain disebabkan oleh diskrepansi statistik </li><li>Data 2023: Angka sementara</li><li> Data 2024: Angka sangat sementara</li></ul></p>,Produk Domestik Regional Bruto (Lapangan Usaha),38 Provinsi,3400,DI YOGYAKARTA,530,Harga Berlaku,123,2023,0,Tahun,48373.32,34002885301230
bps_webapi,0000,2026-08-19T02:01:52+00:00,2026-02-19 10:24:55,288,[Seri 2010] Produk Domestik Regional Bruto Per Kapita,Ribu Rupiah,2,,<p><ul><li>Perbedaan antara jumlah PDRB 34 Provinsi dan PDB Indonesia antara lain disebabkan oleh diskrepansi statistik </li><li>Data 2023: Angka sementara</li><li> Data 2024: Angka sangat sementara</li></ul></p>,Produk Domestik Regional Bruto (Lapangan Usaha),38 Provinsi,3400,DI YOGYAKARTA,531,Harga Konstan 2010,123,2023,0,Tahun,31747.86,34002885311230
bps_webapi,0000,2026-08-19T02:01:52+00:00,2026-02-19 10:24:55,288,[Seri 2010] Produk Domestik Regional Bruto Per Kapita,Ribu Rupiah,2,,<p><ul><li>Perbedaan antara jumlah PDRB 34 Provinsi dan PDB Indonesia antara lain disebabkan oleh diskrepansi statistik </li><li>Data 2023: Angka sementara</li><li> Data 2024: Angka sangat sementara</li></ul></p>,Produk Domestik Regional Bruto (Lapangan Usaha),38 Provinsi,3500,JAWA TIMUR,530,Harga Berlaku,123,2023,0,Tahun,71121.93,35002885301230
bps_webapi,0000,2026-08-19T02:01:52+00:00,2026-02-19 10:24:55,288,[Seri 2010] Produk Domestik Regional Bruto Per Kapita,Ribu Rupiah,2,,<p><ul><li>Perbedaan antara jumlah PDRB 34 Provinsi dan PDB Indonesia antara lain disebabkan oleh diskrepansi statistik </li><li>Data 2023: Angka sementara</li><li> Data 2024: Angka sangat sementara</li></ul></p>,Produk Domestik Regional Bruto (Lapangan Usaha),38 Provinsi,3500,JAWA TIMUR,531,Harga Konstan 2010,123,2023,0,Tahun,44423.32,35002885311230
bps_webapi,0000,2026-08-19T02:01:52+00:00,2026-02-19 10:24:55,288,[Seri 2010] Produk Domestik Regional Bruto Per Kapita,Ribu Rupiah,2,,<p><ul><li>Perbedaan antara jumlah PDRB 34 Provinsi dan PDB Indonesia antara lain disebabkan oleh diskrepansi statistik </li><li>Data 2023: Angka sementara</li><li> Data 2024: Angka sangat sementara</li></ul></p>,Produk Domestik Regional Bruto (Lapangan Usaha),38 Provinsi,3600,BANTEN,530,Harga Berlaku,123,2023,0,Tahun,66147.2,36002885301230
bps_webapi,0000,2026-08-19T02:01:52+00:00,2026-02-19 10:24:55,288,[Seri 2010] Produk Domestik Regional Bruto Per Kapita,Ribu Rupiah,2,,<p><ul><li>Perbedaan antara jumlah PDRB 34 Provinsi dan PDB Indonesia antara lain disebabkan oleh diskrepansi statistik </li><li>Data 2023: Angka sementara</li><li> Data 2024: Angka sangat sementara</li></ul></p>,Produk Domestik Regional Bruto (Lapangan Usaha),38 Provinsi,3600,BANTEN,531,Harga Konstan 2010,123,2023,0,Tahun,41228.21,36002885311230
bps_webapi,0000,2026-08-19T02:01:52+00:00,2026-02-19 10:24:55,288,[Seri 2010] Produk Domestik Regional Bruto Per Kapita,Ribu Rupiah,2,,<p><ul><li>Perbedaan antara jumlah PDRB 34 Provinsi dan PDB Indonesia antara lain disebabkan oleh diskrepansi statistik </li><li>Data 2023: Angka sementara</li><li> Data 2024: Angka sangat sementara</li></ul></p>,Produk Domestik Regional Bruto (Lapangan Usaha),38 Provinsi,5100,BALI,530,Harga Berlaku,123,2023,0,Tahun,62299.21,51002885301230
bps_webapi,0000,2026-08-19T02:01:52+00:00,2026-02-19 10:24:55,288,[Seri 2010] Produk Domestik Regional Bruto Per Kapita,Ribu Rupiah,2,,<p><ul><li>Perbedaan antara jumlah PDRB 34 Provinsi dan PDB Indonesia antara lain disebabkan oleh diskrepansi statistik </li><li>Data 2023: Angka sementara</li><li> Data 2024: Angka sangat sementara</li></ul></p>,Produk Domestik Regional Bruto (Lapangan Usaha),38 Provinsi,5100,BALI,531,Harga Konstan 2010,123,2023,0,Tahun,36206.81,51002885311230
bps_webapi,0000,2026-08-19T02:01:52+00:00,2026-02-19 10:24:55,288,[Seri 2010] Produk Domestik Regional Bruto Per Kapita,Ribu Rupiah,2,,<p><ul><li>Perbedaan antara jumlah PDRB 34 Provinsi dan PDB Indonesia antara lain disebabkan oleh diskrepansi statistik </li><li>Data 2023: Angka sementara</li><li> Data 2024: Angka sangat sementara</li></ul></p>,Produk Domestik Regional Bruto (Lapangan Usaha),38 Provinsi,5200,NUSA TENGGARA BARAT,530,Harga Berlaku,123,2023,0,Tahun,29925.69,52002885301230
bps_webapi,0000,2026-08-19T02:01:52+00:00,2026-02-19 10:24:55,288,[Seri 2010] Produk Domestik Regional Bruto Per Kapita,Ribu Rupiah,2,,<p><ul><li>Perbedaan antara jumlah PDRB 34 Provinsi dan PDB Indonesia antara lain disebabkan oleh diskrepansi statistik </li><li>Data 2023: Angka sementara</li><li> Data 2024: Angka sangat sementara</li></ul></p>,Produk Domestik Regional Bruto (Lapangan Usaha),38 Provinsi,5200,NUSA TENGGARA BARAT,531,Harga Konstan 2010,123,2023,0,Tahun,18687.2,52002885311230
bps_webapi,0000,2026-08-19T02:01:52+00:00,2026-02-19 10:24:55,288,[Seri 2010] Produk Domestik Regional Bruto Per Kapita,Ribu Rupiah,2,,<p><ul><li>Perbedaan antara jumlah PDRB 34 Provinsi dan PDB Indonesia antara lain disebabkan oleh diskrepansi statistik </li><li>Data 2023: Angka sementara</li><li> Data 2024: Angka sangat sementara</li></ul></p>,Produk Domestik Regional Bruto (Lapangan Usaha),38 Provinsi,5300,NUSA TENGGARA TIMUR,530,Harga Berlaku,123,2023,0,Tahun,23078.51,53002885301230
bps_webapi,0000,2026-08-19T02:01:52+00:00,2026-02-19 10:24:55,288,[Seri 2010] Produk Domestik Regional Bruto Per Kapita,Ribu Rupiah,2,,<p><ul><li>Perbedaan antara jumlah PDRB 34 Provinsi dan PDB Indonesia antara lain disebabkan oleh diskrepansi statistik </li><li>Data 2023: Angka sementara</li><li> Data 2024: Angka sangat sementara</li></ul></p>,Produk Domestik Regional Bruto (Lapangan Usaha),38 Provinsi,5300,NUSA TENGGARA TIMUR,531,Harga Konstan 2010,123,2023,0,Tahun,13511.53,53002885311230
bps_webapi,0000,2026-08-19T02:01:52+00:00,2026-02-19 10:24:55,288,[Seri 2010] Produk Domestik Regional Bruto Per Kapita,Ribu Rupiah,2,,<p><ul><li>Perbedaan antara jumlah PDRB 34 Provinsi dan PDB Indonesia antara lain disebabkan oleh diskrepansi statistik </li><li>Data 2023: Angka sementara</li><li> Data 2024: Angka sangat sementara</li></ul></p>,Produk Domestik Regional Bruto (Lapangan Usaha),38 Provinsi,6100,KALIMANTAN BARAT,530,Harga Berlaku,123,2023,0,Tahun,48808.92,61002885301230
bps_webapi,0000,2026-08-19T02:01:52+00:00,2026-02-19 10:24:55,288,[Seri 2010] Produk Domestik Regional Bruto Per Kapita,Ribu Rupiah,2,,<p><ul><li>Perbedaan antara jumlah PDRB 34 Provinsi dan PDB Indonesia antara lain disebabkan oleh diskrepansi statistik </li><li>Data 2023: Angka sementara</li><li> Data 2024: Angka sangat sementara</li></ul></p>,Produk Domestik Regional Bruto (Lapangan Usaha),38 Provinsi,6100,KALIMANTAN BARAT,531,Harga Konstan 2010,123,2023,0,Tahun,27560.34,61002885311230
bps_webapi,0000,2026-08-19T02:01:52+00:00,2026-02-19 10:24:55,288,[Seri 2010] Produk Domestik Regional Bruto Per Kapita,Ribu Rupiah,2,,<p><ul><li>Perbedaan antara jumlah PDRB 34 Provinsi dan PDB Indonesia antara lain disebabkan oleh diskrepansi statistik </li><li>Data 2023: Angka sementara</li><li> Data 2024: Angka sangat sementara</li></ul></p>,Produk Domestik Regional Bruto (Lapangan Usaha),38 Provinsi,6200,KALIMANTAN TENGAH,530,Harga Berlaku,123,2023,0,Tahun,75271.23,62002885301230
bps_webapi,0000,2026-08-19T02:01:52+00:00,2026-02-19 10:24:55,288,[Seri 2010] Produk Domestik Regional Bruto Per Kapita,Ribu Rupiah,2,,<p><ul><li>Perbedaan antara jumlah PDRB 34 Provinsi dan PDB Indonesia antara lain disebabkan oleh diskrepansi statistik </li><li>Data 2023: Angka sementara</li><li> Data 2024: Angka sangat sementara</li></ul></p>,Produk Domestik Regional Bruto (Lapangan Usaha),38 Provinsi,6200,KALIMANTAN TENGAH,531,Harga Konstan 2010,123,2023,0,Tahun,40959.59,62002885311230
bps_webapi,0000,2026-08-19T02:01:52+00:00,2026-02-19 10:24:55,288,[Seri 2010] Produk Domestik Regional Bruto Per Kapita,Ribu Rupiah,2,,<p><ul><li>Perbedaan antara jumlah PDRB 34 Provinsi dan PDB Indonesia antara lain disebabkan oleh diskrepansi statistik </li><li>Data 2023: Angka sementara</li><li> Data 2024: Angka sangat sementara</li></ul></p>,Produk Domestik Regional Bruto (Lapangan Usaha),38 Provinsi,6300,KALIMANTAN SELATAN,530,Harga Berlaku,123,2023,0,Tahun,63754.33,63002885301230
bps_webapi,0000,2026-08-19T02:01:52+00:00,2026-02-19 10:24:55,288,[Seri 2010] Produk Domestik Regional Bruto Per Kapita,Ribu Rupiah,2,,<p><ul><li>Perbedaan antara jumlah PDRB 34 Provinsi dan PDB Indonesia antara lain disebabkan oleh diskrepansi statistik </li><li>Data 2023: Angka sementara</li><li> Data 2024: Angka sangat sementara</li></ul></p>,Produk Domestik Regional Bruto (Lapangan Usaha),38 Provinsi,6300,KALIMANTAN SELATAN,531,Harga Konstan 2010,123,2023,0,Tahun,35342.1,63002885311230
bps_webapi,0000,2026-08-19T02:01:52+00:00,2026-02-19 10:24:55,288,[Seri 2010] Produk Domestik Regional Bruto Per Kapita,Ribu Rupiah,2,,<p><ul><li>Perbedaan antara jumlah PDRB 34 Provinsi dan PDB Indonesia antara lain disebabkan oleh diskrepansi statistik </li><li>Data 2023: Angka sementara</li><li> Data 2024: Angka sangat sementara</li></ul></p>,Produk Domestik Regional Bruto (Lapangan Usaha),38 Provinsi,6400,KALIMANTAN TIMUR,530,Harga Berlaku,123,2023,0,Tahun,215804.04,64002885301230
bps_webapi,0000,2026-08-19T02:01:52+00:00,2026-02-19 10:24:55,288,[Seri 2010] Produk Domestik Regional Bruto Per Kapita,Ribu Rupiah,2,,<p><ul><li>Perbedaan antara jumlah PDRB 34 Provinsi dan PDB Indonesia antara lain disebabkan oleh diskrepansi statistik </li><li>Data 2023: Angka sementara</li><li> Data 2024: Angka sangat sementara</li></ul></p>,Produk Domestik Regional Bruto (Lapangan Usaha),38 Provinsi,6400,KALIMANTAN TIMUR,531,Harga Konstan 2010,123,2023,0,Tahun,137510.39,64002885311230
bps_webapi,0000,2026-08-19T02:01:52+00:00,2026-02-19 10:24:55,288,[Seri 2010] Produk Domestik Regional Bruto Per Kapita,Ribu Rupiah,2,,<p><ul><li>Perbedaan antara jumlah PDRB 34 Provinsi dan PDB Indonesia antara lain disebabkan oleh diskrepansi statistik </li><li>Data 2023: Angka sementara</li><li> Data 2024: Angka sangat sementara</li></ul></p>,Produk Domestik Regional Bruto (Lapangan Usaha),38 Provinsi,6500,KALIMANTAN UTARA,530,Harga Berlaku,123,2023,0,Tahun,201788.63,65002885301230
bps_webapi,0000,2026-08-19T02:01:52+00:00,2026-02-19 10:24:55,288,[Seri 2010] Produk Domestik Regional Bruto Per Kapita,Ribu Rupiah,2,,<p><ul><li>Perbedaan antara jumlah PDRB 34 Provinsi dan PDB Indonesia antara lain disebabkan oleh diskrepansi statistik </li><li>Data 2023: Angka sementara</li><li> Data 2024: Angka sangat sementara</li></ul></p>,Produk Domestik Regional Bruto (Lapangan Usaha),38 Provinsi,6500,KALIMANTAN UTARA,531,Harga Konstan 2010,123,2023,0,Tahun,95658.26,65002885311230
bps_webapi,0000,2026-08-19T02:01:52+00:00,2026-02-19 10:24:55,288,[Seri 2010] Produk Domestik Regional Bruto Per Kapita,Ribu Rupiah,2,,<p><ul><li>Perbedaan antara jumlah PDRB 34 Provinsi dan PDB Indonesia antara lain disebabkan oleh diskrepansi statistik </li><li>Data 2023: Angka sementara</li><li> Data 2024: Angka sangat sementara</li></ul></p>,Produk Domestik Regional Bruto (Lapangan Usaha),38 Provinsi,7100,SULAWESI UTARA,530,Harga Berlaku,123,2023,0,Tahun,64130.96,71002885301230
bps_webapi,0000,2026-08-19T02:01:52+00:00,2026-02-19 10:24:55,288,[Seri 2010] Produk Domestik Regional Bruto Per Kapita,Ribu Rupiah,2,,<p><ul><li>Perbedaan antara jumlah PDRB 34 Provinsi dan PDB Indonesia antara lain disebabkan oleh diskrepansi statistik </li><li>Data 2023: Angka sementara</li><li> Data 2024: Angka sangat sementara</li></ul></p>,Produk Domestik Regional Bruto (Lapangan Usaha),38 Provinsi,7100,SULAWESI UTARA,531,Harga Konstan 2010,123,2023,0,Tahun,38064.2,71002885311230
bps_webapi,0000,2026-08-19T02:01:52+00:00,2026-02-19 10:24:55,288,[Seri 2010] Produk Domestik Regional Bruto Per Kapita,Ribu Rupiah,2,,<p><ul><li>Perbedaan antara jumlah PDRB 34 Provinsi dan PDB Indonesia antara lain disebabkan oleh diskrepansi statistik </li><li>Data 2023: Angka sementara</li><li> Data 2024: Angka sangat sementara</li></ul></p>,Produk Domestik Regional Bruto (Lapangan Usaha),38 Provinsi,7200,SULAWESI TENGAH,530,Harga Berlaku,123,2023,0,Tahun,112461.01,72002885301230
bps_webapi,0000,2026-08-19T02:01:52+00:00,2026-02-19 10:24:55,288,[Seri 2010] Produk Domestik Regional Bruto Per Kapita,Ribu Rupiah,2,,<p><ul><li>Perbedaan antara jumlah PDRB 34 Provinsi dan PDB Indonesia antara lain disebabkan oleh diskrepansi statistik </li><li>Data 2023: Angka sementara</li><li> Data 2024: Angka sangat sementara</li></ul></p>,Produk Domestik Regional Bruto (Lapangan Usaha),38 Provinsi,7200,SULAWESI TENGAH,531,Harga Konstan 2010,123,2023,0,Tahun,62584.06,72002885311230
bps_webapi,0000,2026-08-19T02:01:52+00:00,2026-02-19 10:24:55,288,[Seri 2010] Produk Domestik Regional Bruto Per Kapita,Ribu Rupiah,2,,<p><ul><li>Perbedaan antara jumlah PDRB 34 Provinsi dan PDB Indonesia antara lain disebabkan oleh diskrepansi statistik </li><li>Data 2023: Angka sementara</li><li> Data 2024: Angka sangat sementara</li></ul></p>,Produk Domestik Regional Bruto (Lapangan Usaha),38 Provinsi,7300,SULAWESI SELATAN,530,Harga Berlaku,123,2023,0,Tahun,69710.31,73002885301230
bps_webapi,0000,2026-08-19T02:01:52+00:00,2026-02-19 10:24:55,288,[Seri 2010] Produk Domestik Regional Bruto Per Kapita,Ribu Rupiah,2,,<p><ul><li>Perbedaan antara jumlah PDRB 34 Provinsi dan PDB Indonesia antara lain disebabkan oleh diskrepansi statistik </li><li>Data 2023: Angka sementara</li><li> Data 2024: Angka sangat sementara</li></ul></p>,Produk Domestik Regional Bruto (Lapangan Usaha),38 Provinsi,7300,SULAWESI SELATAN,531,Harga Konstan 2010,123,2023,0,Tahun,40290.12,73002885311230
bps_webapi,0000,2026-08-19T02:01:52+00:00,2026-02-19 10:24:55,288,[Seri 2010] Produk Domestik Regional Bruto Per Kapita,Ribu Rupiah,2,,<p><ul><li>Perbedaan antara jumlah PDRB 34 Provinsi dan PDB Indonesia antara lain disebabkan oleh diskrepansi statistik </li><li>Data 2023: Angka sementara</li><li> Data 2024: Angka sangat sementara</li></ul></p>,Produk Domestik Regional Bruto (Lapangan Usaha),38 Provinsi,7400,SULAWESI TENGGARA,530,Harga Berlaku,123,2023,0,Tahun,64088.4,74002885301230
bps_webapi,0000,2026-08-19T02:01:52+00:00,2026-02-19 10:24:55,288,[Seri 2010] Produk Domestik Regional Bruto Per Kapita,Ribu Rupiah,2,,<p><ul><li>Perbedaan antara jumlah PDRB 34 Provinsi dan PDB Indonesia antara lain disebabkan oleh diskrepansi statistik </li><li>Data 2023: Angka sementara</li><li> Data 2024: Angka sangat sementara</li></ul></p>,Produk Domestik Regional Bruto (Lapangan Usaha),38 Provinsi,7400,SULAWESI TENGGARA,531,Harga Konstan 2010,123,2023,0,Tahun,39342.46,74002885311230
bps_webapi,0000,2026-08-19T02:01:52+00:00,2026-02-19 10:24:55,288,[Seri 2010] Produk Domestik Regional Bruto Per Kapita,Ribu Rupiah,2,,<p><ul><li>Perbedaan antara jumlah PDRB 34 Provinsi dan PDB Indonesia antara lain disebabkan oleh diskrepansi statistik </li><li>Data 2023: Angka sementara</li><li> Data 2024: Angka sangat sementara</li></ul></p>,Produk Domestik Regional Bruto (Lapangan Usaha),38 Provinsi,7500,GORONTALO,530,Harga Berlaku,123,2023,0,Tahun,42340.5,75002885301230
bps_webapi,0000,2026-08-19T02:01:52+00:00,2026-02-19 10:24:55,288,[Seri 2010] Produk Domestik Regional Bruto Per Kapita,Ribu Rupiah,2,,<p><ul><li>Perbedaan antara jumlah PDRB 34 Provinsi dan PDB Indonesia antara lain disebabkan oleh diskrepansi statistik </li><li>Data 2023: Angka sementara</li><li> Data 2024: Angka sangat sementara</li></ul></p>,Produk Domestik Regional Bruto (Lapangan Usaha),38 Provinsi,7500,GORONTALO,531,Harga Konstan 2010,123,2023,0,Tahun,26083.3,75002885311230
bps_webapi,0000,2026-08-19T02:01:52+00:00,2026-02-19 10:24:55,288,[Seri 2010] Produk Domestik Regional Bruto Per Kapita,Ribu Rupiah,2,,<p><ul><li>Perbedaan antara jumlah PDRB 34 Provinsi dan PDB Indonesia antara lain disebabkan oleh diskrepansi statistik </li><li>Data 2023: Angka sementara</li><li> Data 2024: Angka sangat sementara</li></ul></p>,Produk Domestik Regional Bruto (Lapangan Usaha),38 Provinsi,7600,SULAWESI BARAT,530,Harga Berlaku,123,2023,0,Tahun,39546.78,76002885301230
bps_webapi,0000,2026-08-19T02:01:52+00:00,2026-02-19 10:24:55,288,[Seri 2010] Produk Domestik Regional Bruto Per Kapita,Ribu Rupiah,2,,<p><ul><li>Perbedaan antara jumlah PDRB 34 Provinsi dan PDB Indonesia antara lain disebabkan oleh diskrepansi statistik </li><li>Data 2023: Angka sementara</li><li> Data 2024: Angka sangat sementara</li></ul></p>,Produk Domestik Regional Bruto (Lapangan Usaha),38 Provinsi,7600,SULAWESI BARAT,531,Harga Konstan 2010,123,2023,0,Tahun,23903.2,76002885311230
bps_webapi,0000,2026-08-19T02:01:52+00:00,2026-02-19 10:24:55,288,[Seri 2010] Produk Domestik Regional Bruto Per Kapita,Ribu Rupiah,2,,<p><ul><li>Perbedaan antara jumlah PDRB 34 Provinsi dan PDB Indonesia antara lain disebabkan oleh diskrepansi statistik </li><li>Data 2023: Angka sementara</li><li> Data 2024: Angka sangat sementara</li></ul></p>,Produk Domestik Regional Bruto (Lapangan Usaha),38 Provinsi,8100,MALUKU,530,Harga Berlaku,123,2023,0,Tahun,30455.06,81002885301230
bps_webapi,0000,2026-08-19T02:01:52+00:00,2026-02-19 10:24:55,288,[Seri 2010] Produk Domestik Regional Bruto Per Kapita,Ribu Rupiah,2,,<p><ul><li>Perbedaan antara jumlah PDRB 34 Provinsi dan PDB Indonesia antara lain disebabkan oleh diskrepansi statistik </li><li>Data 2023: Angka sementara</li><li> Data 2024: Angka sangat sementara</li></ul></p>,Produk Domestik Regional Bruto (Lapangan Usaha),38 Provinsi,8100,MALUKU,531,Harga Konstan 2010,123,2023,0,Tahun,18392.92,81002885311230
bps_webapi,0000,2026-08-19T02:01:52+00:00,2026-02-19 10:24:55,288,[Seri 2010] Produk Domestik Regional Bruto Per Kapita,Ribu Rupiah,2,,<p><ul><li>Perbedaan antara jumlah PDRB 34 Provinsi dan PDB Indonesia antara lain disebabkan oleh diskrepansi statistik </li><li>Data 2023: Angka sementara</li><li> Data 2024: Angka sangat sementara</li></ul></p>,Produk Domestik Regional Bruto (Lapangan Usaha),38 Provinsi,8200,MALUKU UTARA,530,Harga Berlaku,123,2023,0,Tahun,64269.75,82002885301230
bps_webapi,0000,2026-08-19T02:01:52+00:00,2026-02-19 10:24:55,288,[Seri 2010] Produk Domestik Regional Bruto Per Kapita,Ribu Rupiah,2,,<p><ul><li>Perbedaan antara jumlah PDRB 34 Provinsi dan PDB Indonesia antara lain disebabkan oleh diskrepansi statistik </li><li>Data 2023: Angka sementara</li><li> Data 2024: Angka sangat sementara</li></ul></p>,Produk Domestik Regional Bruto (Lapangan Usaha),38 Provinsi,8200,MALUKU UTARA,531,Harga Konstan 2010,123,2023,0,Tahun,36592.38,82002885311230
bps_webapi,0000,2026-08-19T02:01:52+00:00,2026-02-19 10:24:55,288,[Seri 2010] Produk Domestik Regional Bruto Per Kapita,Ribu Rupiah,2,,<p><ul><li>Perbedaan antara jumlah PDRB 34 Provinsi dan PDB Indonesia antara lain disebabkan oleh diskrepansi statistik </li><li>Data 2023: Angka sementara</li><li> Data 2024: Angka sangat sementara</li></ul></p>,Produk Domestik Regional Bruto (Lapangan Usaha),38 Provinsi,9100,PAPUA BARAT,530,Harga Berlaku,123,2023,0,Tahun,108110.28,91002885301230
bps_webapi,0000,2026-08-19T02:01:52+00:00,2026-02-19 10:24:55,288,[Seri 2010] Produk Domestik Regional Bruto Per Kapita,Ribu Rupiah,2,,<p><ul><li>Perbedaan antara jumlah PDRB 34 Provinsi dan PDB Indonesia antara lain disebabkan oleh diskrepansi statistik </li><li>Data 2023: Angka sementara</li><li> Data 2024: Angka sangat sementara</li></ul></p>,Produk Domestik Regional Bruto (Lapangan Usaha),38 Provinsi,9100,PAPUA BARAT,531,Harga Konstan 2010,123,2023,0,Tahun,71924.23,91002885311230
bps_webapi,0000,2026-08-19T02:01:52+00:00,2026-02-19 10:24:55,288,[Seri 2010] Produk Domestik Regional Bruto Per Kapita,Ribu Rupiah,2,,<p><ul><li>Perbedaan antara jumlah PDRB 34 Provinsi dan PDB Indonesia antara lain disebabkan oleh diskrepansi statistik </li><li>Data 2023: Angka sementara</li><li> Data 2024: Angka sangat sementara</li></ul></p>,Produk Domestik Regional Bruto (Lapangan Usaha),38 Provinsi,9200,PAPUA BARAT DAYA,530,Harga Berlaku,123,2023,0,Tahun,58450.28,92002885301230
bps_webapi,0000,2026-08-19T02:01:52+00:00,2026-02-19 10:24:55,288,[Seri 2010] Produk Domestik Regional Bruto Per Kapita,Ribu Rupiah,2,,<p><ul><li>Perbedaan antara jumlah PDRB 34 Provinsi dan PDB Indonesia antara lain disebabkan oleh diskrepansi statistik </li><li>Data 2023: Angka sementara</li><li> Data 2024: Angka sangat sementara</li></ul></p>,Produk Domestik Regional Bruto (Lapangan Usaha),38 Provinsi,9200,PAPUA BARAT DAYA,531,Harga Konstan 2010,123,2023,0,Tahun,38868.79,92002885311230
bps_webapi,0000,2026-08-19T02:01:52+00:00,2026-02-19 10:24:55,288,[Seri 2010] Produk Domestik Regional Bruto Per Kapita,Ribu Rupiah,2,,<p><ul><li>Perbedaan antara jumlah PDRB 34 Provinsi dan PDB Indonesia antara lain disebabkan oleh diskrepansi statistik </li><li>Data 2023: Angka sementara</li><li> Data 2024: Angka sangat sementara</li></ul></p>,Produk Domestik Regional Bruto (Lapangan Usaha),38 Provinsi,9400,PAPUA,530,Harga Berlaku,123,2023,0,Tahun,78055.48,94002885301230
bps_webapi,0000,2026-08-19T02:01:52+00:00,2026-02-19 10:24:55,288,[Seri 2010] Produk Domestik Regional Bruto Per Kapita,Ribu Rupiah,2,,<p><ul><li>Perbedaan antara jumlah PDRB 34 Provinsi dan PDB Indonesia antara lain disebabkan oleh diskrepansi statistik </li><li>Data 2023: Angka sementara</li><li> Data 2024: Angka sangat sementara</li></ul></p>,Produk Domestik Regional Bruto (Lapangan Usaha),38 Provinsi,9400,PAPUA,531,Harga Konstan 2010,123,2023,0,Tahun,47321.1,94002885311230
bps_webapi,0000,2026-08-19T02:01:52+00:00,2026-02-19 10:24:55,288,[Seri 2010] Produk Domestik Regional Bruto Per Kapita,Ribu Rupiah,2,,<p><ul><li>Perbedaan antara jumlah PDRB 34 Provinsi dan PDB Indonesia antara lain disebabkan oleh diskrepansi statistik </li><li>Data 2023: Angka sementara</li><li> Data 2024: Angka sangat sementara</li></ul></p>,Produk Domestik Regional Bruto (Lapangan Usaha),38 Provinsi,9500,PAPUA SELATAN,530,Harga Berlaku,123,2023,0,Tahun,58580.68,95002885301230
bps_webapi,0000,2026-08-19T02:01:52+00:00,2026-02-19 10:24:55,288,[Seri 2010] Produk Domestik Regional Bruto Per Kapita,Ribu Rupiah,2,,<p><ul><li>Perbedaan antara jumlah PDRB 34 Provinsi dan PDB Indonesia antara lain disebabkan oleh diskrepansi statistik </li><li>Data 2023: Angka sementara</li><li> Data 2024: Angka sangat sementara</li></ul></p>,Produk Domestik Regional Bruto (Lapangan Usaha),38 Provinsi,9500,PAPUA SELATAN,531,Harga Konstan 2010,123,2023,0,Tahun,33939.51,95002885311230
bps_webapi,0000,2026-08-19T02:01:52+00:00,2026-02-19 10:24:55,288,[Seri 2010] Produk Domestik Regional Bruto Per Kapita,Ribu Rupiah,2,,<p><ul><li>Perbedaan antara jumlah PDRB 34 Provinsi dan PDB Indonesia antara lain disebabkan oleh diskrepansi statistik </li><li>Data 2023: Angka sementara</li><li> Data 2024: Angka sangat sementara</li></ul></p>,Produk Domestik Regional Bruto (Lapangan Usaha),38 Provinsi,9600,PAPUA TENGAH,530,Harga Berlaku,123,2023,0,Tahun,103508.09,96002885301230
bps_webapi,0000,2026-08-19T02:01:52+00:00,2026-02-19 10:24:55,288,[Seri 2010] Produk Domestik Regional Bruto Per Kapita,Ribu Rupiah,2,,<p><ul><li>Perbedaan antara jumlah PDRB 34 Provinsi dan PDB Indonesia antara lain disebabkan oleh diskrepansi statistik </li><li>Data 2023: Angka sementara</li><li> Data 2024: Angka sangat sementara</li></ul></p>,Produk Domestik Regional Bruto (Lapangan Usaha),38 Provinsi,9600,PAPUA TENGAH,531,Harga Konstan 2010,123,2023,0,Tahun,69566.13,96002885311230
bps_webapi,0000,2026-08-19T02:01:52+00:00,2026-02-19 10:24:55,288,[Seri 2010] Produk Domestik Regional Bruto Per Kapita,Ribu Rupiah,2,,<p><ul><li>Perbedaan antara jumlah PDRB 34 Provinsi dan PDB Indonesia antara lain disebabkan oleh diskrepansi statistik </li><li>Data 2023: Angka sementara</li><li> Data 2024: Angka sangat sementara</li></ul></p>,Produk Domestik Regional Bruto (Lapangan Usaha),38 Provinsi,9700,PAPUA PEGUNUNGAN,530,Harga Berlaku,123,2023,0,Tahun,16869.97,97002885301230
bps_webapi,0000,2026-08-19T02:01:52+00:00,2026-02-19 10:24:55,288,[Seri 2010] Produk Domestik Regional Bruto Per Kapita,Ribu Rupiah,2,,<p><ul><li>Perbedaan antara jumlah PDRB 34 Provinsi dan PDB Indonesia antara lain disebabkan oleh diskrepansi statistik </li><li>Data 2023: Angka sementara</li><li> Data 2024: Angka sangat sementara</li></ul></p>,Produk Domestik Regional Bruto (Lapangan Usaha),38 Provinsi,9700,PAPUA PEGUNUNGAN,531,Harga Konstan 2010,123,2023,0,Tahun,9094.7,97002885311230
bps_webapi,0000,2026-08-19T02:01:52+00:00,2026-02-19 10:24:55,288,[Seri 2010] Produk Domestik Regional Bruto Per Kapita,Ribu Rupiah,2,,<p><ul><li>Perbedaan antara jumlah PDRB 34 Provinsi dan PDB Indonesia antara lain disebabkan oleh diskrepansi statistik </li><li>Data 2023: Angka sementara</li><li> Data 2024: Angka sangat sementara</li></ul></p>,Produk Domestik Regional Bruto (Lapangan Usaha),38 Provinsi,9999,INDONESIA,530,Harga Berlaku,123,2023,0,Tahun,74964.47,99992885301230
bps_webapi,0000,2026-08-19T02:01:52+00:00,2026-02-19 10:24:55,288,[Seri 2010] Produk Domestik Regional Bruto Per Kapita,Ribu Rupiah,2,,<p><ul><li>Perbedaan antara jumlah PDRB 34 Provinsi dan PDB Indonesia antara lain disebabkan oleh diskrepansi statistik </li><li>Data 2023: Angka sementara</li><li> Data 2024: Angka sangat sementara</li></ul></p>,Produk Domestik Regional Bruto (Lapangan Usaha),38 Provinsi,9999,INDONESIA,531,Harga Konstan 2010,123,2023,0,Tahun,44139.29,99992885311230
bps_webapi,0000,2026-08-19T02:01:52+00:00,2026-02-19 10:24:55,288,[Seri 2010] Produk Domestik Regional Bruto Per Kapita,Ribu Rupiah,2,,<p><ul><li>Perbedaan antara jumlah PDRB 34 Provinsi dan PDB Indonesia antara lain disebabkan oleh diskrepansi statistik </li><li>Data 2023: Angka sementara</li><li> Data 2024: Angka sangat sementara</li></ul></p>,Produk Domestik Regional Bruto (Lapangan Usaha),38 Provinsi,1100,ACEH,530,Harga Berlaku,124,2024,0,Tahun,43782.22,11002885301240
bps_webapi,0000,2026-08-19T02:01:52+00:00,2026-02-19 10:24:55,288,[Seri 2010] Produk Domestik Regional Bruto Per Kapita,Ribu Rupiah,2,,<p><ul><li>Perbedaan antara jumlah PDRB 34 Provinsi dan PDB Indonesia antara lain disebabkan oleh diskrepansi statistik </li><li>Data 2023: Angka sementara</li><li> Data 2024: Angka sangat sementara</li></ul></p>,Produk Domestik Regional Bruto (Lapangan Usaha),38 Provinsi,1100,ACEH,531,Harga Konstan 2010,124,2024,0,Tahun,27684.18,11002885311240
bps_webapi,0000,2026-08-19T02:01:52+00:00,2026-02-19 10:24:55,288,[Seri 2010] Produk Domestik Regional Bruto Per Kapita,Ribu Rupiah,2,,<p><ul><li>Perbedaan antara jumlah PDRB 34 Provinsi dan PDB Indonesia antara lain disebabkan oleh diskrepansi statistik </li><li>Data 2023: Angka sementara</li><li> Data 2024: Angka sangat sementara</li></ul></p>,Produk Domestik Regional Bruto (Lapangan Usaha),38 Provinsi,1200,SUMATERA UTARA,530,Harga Berlaku,124,2024,0,Tahun,73574.62,12002885301240
bps_webapi,0000,2026-08-19T02:01:52+00:00,2026-02-19 10:24:55,288,[Seri 2010] Produk Domestik Regional Bruto Per Kapita,Ribu Rupiah,2,,<p><ul><li>Perbedaan antara jumlah PDRB 34 Provinsi dan PDB Indonesia antara lain disebabkan oleh diskrepansi statistik </li><li>Data 2023: Angka sementara</li><li> Data 2024: Angka sangat sementara</li></ul></p>,Produk Domestik Regional Bruto (Lapangan Usaha),38 Provinsi,1200,SUMATERA UTARA,531,Harga Konstan 2010,124,2024,0,Tahun,40576.95,12002885311240
bps_webapi,0000,2026-08-19T02:01:52+00:00,2026-02-19 10:24:55,288,[Seri 2010] Produk Domestik Regional Bruto Per Kapita,Ribu Rupiah,2,,<p><ul><li>Perbedaan antara jumlah PDRB 34 Provinsi dan PDB Indonesia antara lain disebabkan oleh diskrepansi statistik </li><li>Data 2023: Angka sementara</li><li> Data 2024: Angka sangat sementara</li></ul></p>,Produk Domestik Regional Bruto (Lapangan Usaha),38 Provinsi,1300,SUMATERA BARAT,530,Harga Berlaku,124,2024,0,Tahun,57083.09,13002885301240
bps_webapi,0000,2026-08-19T02:01:52+00:00,2026-02-19 10:24:55,288,[Seri 2010] Produk Domestik Regional Bruto Per Kapita,Ribu Rupiah,2,,<p><ul><li>Perbedaan antara jumlah PDRB 34 Provinsi dan PDB Indonesia antara lain disebabkan oleh diskrepansi statistik </li><li>Data 2023: Angka sementara</li><li> Data 2024: Angka sangat sementara</li></ul></p>,Produk Domestik Regional Bruto (Lapangan Usaha),38 Provinsi,1300,SUMATERA BARAT,531,Harga Konstan 2010,124,2024,0,Tahun,34169.75,13002885311240
bps_webapi,0000,2026-08-19T02:01:52+00:00,2026-02-19 10:24:55,288,[Seri 2010] Produk Domestik Regional Bruto Per Kapita,Ribu Rupiah,2,,<p><ul><li>Perbedaan antara jumlah PDRB 34 Provinsi dan PDB Indonesia antara lain disebabkan oleh diskrepansi statistik </li><li>Data 2023: Angka sementara</li><li> Data 2024: Angka sangat sementara</li></ul></p>,Produk Domestik Regional Bruto (Lapangan Usaha),38 Provinsi,1400,RIAU,530,Harga Berlaku,124,2024,0,Tahun,165349.71,14002885301240
bps_webapi,0000,2026-08-19T02:01:52+00:00,2026-02-19 10:24:55,288,[Seri 2010] Produk Domestik Regional Bruto Per Kapita,Ribu Rupiah,2,,<p><ul><li>Perbedaan antara jumlah PDRB 34 Provinsi dan PDB Indonesia antara lain disebabkan oleh diskrepansi statistik </li><li>Data 2023: Angka sementara</li><li> Data 2024: Angka sangat sementara</li></ul></p>,Produk Domestik Regional Bruto (Lapangan Usaha),38 Provinsi,1400,RIAU,531,Harga Konstan 2010,124,2024,0,Tahun,84903.25,14002885311240
bps_webapi,0000,2026-08-19T02:01:52+00:00,2026-02-19 10:24:55,288,[Seri 2010] Produk Domestik Regional Bruto Per Kapita,Ribu Rupiah,2,,<p><ul><li>Perbedaan antara jumlah PDRB 34 Provinsi dan PDB Indonesia antara lain disebabkan oleh diskrepansi statistik </li><li>Data 2023: Angka sementara</li><li> Data 2024: Angka sangat sementara</li></ul></p>,Produk Domestik Regional Bruto (Lapangan Usaha),38 Provinsi,1500,JAMBI,530,Harga Berlaku,124,2024,0,Tahun,86774.89,15002885301240
bps_webapi,0000,2026-08-19T02:01:52+00:00,2026-02-19 10:24:55,288,[Seri 2010] Produk Domestik Regional Bruto Per Kapita,Ribu Rupiah,2,,<p><ul><li>Perbedaan antara jumlah PDRB 34 Provinsi dan PDB Indonesia antara lain disebabkan oleh diskrepansi statistik </li><li>Data 2023: Angka sementara</li><li> Data 2024: Angka sangat sementara</li></ul></p>,Produk Domestik Regional Bruto (Lapangan Usaha),38 Provinsi,1500,JAMBI,531,Harga Konstan 2010,124,2024,0,Tahun,47490.59,15002885311240
bps_webapi,0000,2026-08-19T02:01:52+00:00,2026-02-19 10:24:55,288,[Seri 2010] Produk Domestik Regional Bruto Per Kapita,Ribu Rupiah,2,,<p><ul><li>Perbedaan antara jumlah PDRB 34 Provinsi dan PDB Indonesia antara lain disebabkan oleh diskrepansi statistik </li><li>Data 2023: Angka sementara</li><li> Data 2024: Angka sangat sementara</li></ul></p>,Produk Domestik Regional Bruto (Lapangan Usaha),38 Provinsi,1600,SUMATERA SELATAN,530,Harga Berlaku,124,2024,0,Tahun,75131.73,16002885301240
bps_webapi,0000,2026-08-19T02:01:52+00:00,2026-02-19 10:24:55,288,[Seri 2010] Produk Domestik Regional Bruto Per Kapita,Ribu Rupiah,2,,<p><ul><li>Perbedaan antara jumlah PDRB 34 Provinsi dan PDB Indonesia antara lain disebabkan oleh diskrepansi statistik </li><li>Data 2023: Angka sementara</li><li> Data 2024: Angka sangat sementara</li></ul></p>,Produk Domestik Regional Bruto (Lapangan Usaha),38 Provinsi,1600,SUMATERA SELATAN,531,Harga Konstan 2010,124,2024,0,Tahun,42899.93,16002885311240
bps_webapi,0000,2026-08-19T02:01:52+00:00,2026-02-19 10:24:55,288,[Seri 2010] Produk Domestik Regional Bruto Per Kapita,Ribu Rupiah,2,,<p><ul><li>Perbedaan antara jumlah PDRB 34 Provinsi dan PDB Indonesia antara lain disebabkan oleh diskrepansi statistik </li><li>Data 2023: Angka sementara</li><li> Data 2024: Angka sangat sementara</li></ul></p>,Produk Domestik Regional Bruto (Lapangan Usaha),38 Provinsi,1700,BENGKULU,530,Harga Berlaku,124,2024,0,Tahun,49233.12,17002885301240
bps_webapi,0000,2026-08-19T02:01:52+00:00,2026-02-19 10:24:55,288,[Seri 2010] Produk Domestik Regional Bruto Per Kapita,Ribu Rupiah,2,,<p><ul><li>Perbedaan antara jumlah PDRB 34 Provinsi dan PDB Indonesia antara lain disebabkan oleh diskrepansi statistik </li><li>Data 2023: Angka sementara</li><li> Data 2024: Angka sangat sementara</li></ul></p>,Produk Domestik Regional Bruto (Lapangan Usaha),38 Provinsi,1700,BENGKULU,531,Harga Konstan 2010,124,2024,0,Tahun,25780.58,17002885311240
bps_webapi,0000,2026-08-19T02:01:52+00:00,2026-02-19 10:24:55,288,[Seri 2010] Produk Domestik Regional Bruto Per Kapita,Ribu Rupiah,2,,<p><ul><li>Perbedaan antara jumlah PDRB 34 Provinsi dan PDB Indonesia antara lain disebabkan oleh diskrepansi statistik </li><li>Data 2023: Angka sementara</li><li> Data 2024: Angka sangat sementara</li></ul></p>,Produk Domestik Regional Bruto (Lapangan Usaha),38 Provinsi,1800,LAMPUNG,530,Harga Berlaku,124,2024,0,Tahun,51386.84,18002885301240
bps_webapi,0000,2026-08-19T02:01:52+00:00,2026-02-19 10:24:55,288,[Seri 2010] Produk Domestik Regional Bruto Per Kapita,Ribu Rupiah,2,,<p><ul><li>Perbedaan antara jumlah PDRB 34 Provinsi dan PDB Indonesia antara lain disebabkan oleh diskrepansi statistik </li><li>Data 2023: Angka sementara</li><li> Data 2024: Angka sangat sementara</li></ul></p>,Produk Domestik Regional Bruto (Lapangan Usaha),38 Provinsi,1800,LAMPUNG,531,Harga Konstan 2010,124,2024,0,Tahun,29890.63,18002885311240
bps_webapi,0000,2026-08-19T02:01:52+00:00,2026-02-19 10:24:55,288,[Seri 2010] Produk Domestik Regional Bruto Per Kapita,Ribu Rupiah,2,,<p><ul><li>Perbedaan antara jumlah PDRB 34 Provinsi dan PDB Indonesia antara lain disebabkan oleh diskrepansi statistik </li><li>Data 2023: Angka sementara</li><li> Data 2024: Angka sangat sementara</li></ul></p>,Produk Domestik Regional Bruto (Lapangan Usaha),38 Provinsi,1900,KEP. BANGKA BELITUNG,530,Harga Berlaku,124,2024,0,Tahun,70193.32,19002885301240
bps_webapi,0000,2026-08-19T02:01:52+00:00,2026-02-19 10:24:55,288,[Seri 2010] Produk Domestik Regional Bruto Per Kapita,Ribu Rupiah,2,,<p><ul><li>Perbedaan antara jumlah PDRB 34 Provinsi dan PDB Indonesia antara lain disebabkan oleh diskrepansi statistik </li><li>Data 2023: Angka sementara</li><li> Data 2024: Angka sangat sementara</li></ul></p>,Produk Domestik Regional Bruto (Lapangan Usaha),38 Provinsi,1900,KEP. BANGKA BELITUNG,531,Harga Konstan 2010,124,2024,0,Tahun,39700.09,19002885311240
bps_webapi,0000,2026-08-19T02:01:52+00:00,2026-02-19 10:24:55,288,[Seri 2010] Produk Domestik Regional Bruto Per Kapita,Ribu Rupiah,2,,<p><ul><li>Perbedaan antara jumlah PDRB 34 Provinsi dan PDB Indonesia antara lain disebabkan oleh diskrepansi statistik </li><li>Data 2023: Angka sementara</li><li> Data 2024: Angka sangat sementara</li></ul></p>,Produk Domestik Regional Bruto (Lapangan Usaha),38 Provinsi,2100,KEP. RIAU,530,Harga Berlaku,124,2024,0,Tahun,161424.32,21002885301240
bps_webapi,0000,2026-08-19T02:01:52+00:00,2026-02-19 10:24:55,288,[Seri 2010] Produk Domestik Regional Bruto Per Kapita,Ribu Rupiah,2,,<p><ul><li>Perbedaan antara jumlah PDRB 34 Provinsi dan PDB Indonesia antara lain disebabkan oleh diskrepansi statistik </li><li>Data 2023: Angka sementara</li><li> Data 2024: Angka sangat sementara</li></ul></p>,Produk Domestik Regional Bruto (Lapangan Usaha),38 Provinsi,2100,KEP. RIAU,531,Harga Konstan 2010,124,2024,0,Tahun,96157.12,21002885311240
bps_webapi,0000,2026-08-19T02:01:52+00:00,2026-02-19 10:24:55,288,[Seri 2010] Produk Domestik Regional Bruto Per Kapita,Ribu Rupiah,2,,<p><ul><li>Perbedaan antara jumlah PDRB 34 Provinsi dan PDB Indonesia antara lain disebabkan oleh diskrepansi statistik </li><li>Data 2023: Angka sementara</li><li> Data 2024: Angka sangat sementara</li></ul></p>,Produk Domestik Regional Bruto (Lapangan Usaha),38 Provinsi,3100,DKI JAKARTA,530,Harga Berlaku,124,2024,0,Tahun,344382.53,31002885301240
bps_webapi,0000,2026-08-19T02:01:52+00:00,2026-02-19 10:24:55,288,[Seri 2010] Produk Domestik Regional Bruto Per Kapita,Ribu Rupiah,2,,<p><ul><li>Perbedaan antara jumlah PDRB 34 Provinsi dan PDB Indonesia antara lain disebabkan oleh diskrepansi statistik </li><li>Data 2023: Angka sementara</li><li> Data 2024: Angka sangat sementara</li></ul></p>,Produk Domestik Regional Bruto (Lapangan Usaha),38 Provinsi,3100,DKI JAKARTA,531,Harga Konstan 2010,124,2024,0,Tahun,201329.87,31002885311240
bps_webapi,0000,2026-08-19T02:01:52+00:00,2026-02-19 10:24:55,288,[Seri 2010] Produk Domestik Regional Bruto Per Kapita,Ribu Rupiah,2,,<p><ul><li>Perbedaan antara jumlah PDRB 34 Provinsi dan PDB Indonesia antara lain disebabkan oleh diskrepansi statistik </li><li>Data 2023: Angka sementara</li><li> Data 2024: Angka sangat sementara</li></ul></p>,Produk Domestik Regional Bruto (Lapangan Usaha),38 Provinsi,3200,JAWA BARAT,530,Harga Berlaku,124,2024,0,Tahun,56081.86,32002885301240
bps_webapi,0000,2026-08-19T02:01:52+00:00,2026-02-19 10:24:55,288,[Seri 2010] Produk Domestik Regional Bruto Per Kapita,Ribu Rupiah,2,,<p><ul><li>Perbedaan antara jumlah PDRB 34 Provinsi dan PDB Indonesia antara lain disebabkan oleh diskrepansi statistik </li><li>Data 2023: Angka sementara</li><li> Data 2024: Angka sangat sementara</li></ul></p>,Produk Domestik Regional Bruto (Lapangan Usaha),38 Provinsi,3200,JAWA BARAT,531,Harga Konstan 2010,124,2024,0,Tahun,34802.22,32002885311240
bps_webapi,0000,2026-08-19T02:01:52+00:00,2026-02-19 10:24:55,288,[Seri 2010] Produk Domestik Regional Bruto Per Kapita,Ribu Rupiah,2,,<p><ul><li>Perbedaan antara jumlah PDRB 34 Provinsi dan PDB Indonesia antara lain disebabkan oleh diskrepansi statistik </li><li>Data 2023: Angka sementara</li><li> Data 2024: Angka sangat sementara</li></ul></p>,Produk Domestik Regional Bruto (Lapangan Usaha),38 Provinsi,3300,JAWA TENGAH,530,Harga Berlaku,124,2024,0,Tahun,47970.48,33002885301240
bps_webapi,0000,2026-08-19T02:01:52+00:00,2026-02-19 10:24:55,288,[Seri 2010] Produk Domestik Regional Bruto Per Kapita,Ribu Rupiah,2,,<p><ul><li>Perbedaan antara jumlah PDRB 34 Provinsi dan PDB Indonesia antara lain disebabkan oleh diskrepansi statistik </li><li>Data 2023: Angka sementara</li><li> Data 2024: Angka sangat sementara</li></ul></p>,Produk Domestik Regional Bruto (Lapangan Usaha),38 Provinsi,3300,JAWA TENGAH,531,Harga Konstan 2010,124,2024,0,Tahun,30533.89,33002885311240
bps_webapi,0000,2026-08-19T02:01:52+00:00,2026-02-19 10:24:55,288,[Seri 2010] Produk Domestik Regional Bruto Per Kapita,Ribu Rupiah,2,,<p><ul><li>Perbedaan antara jumlah PDRB 34 Provinsi dan PDB Indonesia antara lain disebabkan oleh diskrepansi statistik </li><li>Data 2023: Angka sementara</li><li> Data 2024: Angka sangat sementara</li></ul></p>,Produk Domestik Regional Bruto (Lapangan Usaha),38 Provinsi,3400,DI YOGYAKARTA,530,Harga Berlaku,124,2024,0,Tahun,51486.05,34002885301240
bps_webapi,0000,2026-08-19T02:01:52+00:00,2026-02-19 10:24:55,288,[Seri 2010] Produk Domestik Regional Bruto Per Kapita,Ribu Rupiah,2,,<p><ul><li>Perbedaan antara jumlah PDRB 34 Provinsi dan PDB Indonesia antara lain disebabkan oleh diskrepansi statistik </li><li>Data 2023: Angka sementara</li><li> Data 2024: Angka sangat sementara</li></ul></p>,Produk Domestik Regional Bruto (Lapangan Usaha),38 Provinsi,3400,DI YOGYAKARTA,531,Harga Konstan 2010,124,2024,0,Tahun,33140.14,34002885311240
bps_webapi,0000,2026-08-19T02:01:52+00:00,2026-02-19 10:24:55,288,[Seri 2010] Produk Domestik Regional Bruto Per Kapita,Ribu Rupiah,2,,<p><ul><li>Perbedaan antara jumlah PDRB 34 Provinsi dan PDB Indonesia antara lain disebabkan oleh diskrepansi statistik </li><li>Data 2023: Angka sementara</li><li> Data 2024: Angka sangat sementara</li></ul></p>,Produk Domestik Regional Bruto (Lapangan Usaha),38 Provinsi,3500,JAWA TIMUR,530,Harga Berlaku,124,2024,0,Tahun,75770.26,35002885301240
bps_webapi,0000,2026-08-19T02:01:52+00:00,2026-02-19 10:24:55,288,[Seri 2010] Produk Domestik Regional Bruto Per Kapita,Ribu Rupiah,2,,<p><ul><li>Perbedaan antara jumlah PDRB 34 Provinsi dan PDB Indonesia antara lain disebabkan oleh diskrepansi statistik </li><li>Data 2023: Angka sementara</li><li> Data 2024: Angka sangat sementara</li></ul></p>,Produk Domestik Regional Bruto (Lapangan Usaha),38 Provinsi,3500,JAWA TIMUR,531,Harga Konstan 2010,124,2024,0,Tahun,46295.19,35002885311240
bps_webapi,0000,2026-08-19T02:01:52+00:00,2026-02-19 10:24:55,288,[Seri 2010] Produk Domestik Regional Bruto Per Kapita,Ribu Rupiah,2,,<p><ul><li>Perbedaan antara jumlah PDRB 34 Provinsi dan PDB Indonesia antara lain disebabkan oleh diskrepansi statistik </li><li>Data 2023: Angka sementara</li><li> Data 2024: Angka sangat sementara</li></ul></p>,Produk Domestik Regional Bruto (Lapangan Usaha),38 Provinsi,3600,BANTEN,530,Harga Berlaku,124,2024,0,Tahun,70275.82,36002885301240
bps_webapi,0000,2026-08-19T02:01:52+00:00,2026-02-19 10:24:55,288,[Seri 2010] Produk Domestik Regional Bruto Per Kapita,Ribu Rupiah,2,,<p><ul><li>Perbedaan antara jumlah PDRB 34 Provinsi dan PDB Indonesia antara lain disebabkan oleh diskrepansi statistik </li><li>Data 2023: Angka sementara</li><li> Data 2024: Angka sangat sementara</li></ul></p>,Produk Domestik Regional Bruto (Lapangan Usaha),38 Provinsi,3600,BANTEN,531,Harga Konstan 2010,124,2024,0,Tahun,42773.59,36002885311240
bps_webapi,0000,2026-08-19T02:01:52+00:00,2026-02-19 10:24:55,288,[Seri 2010] Produk Domestik Regional Bruto Per Kapita,Ribu Rupiah,2,,<p><ul><li>Perbedaan antara jumlah PDRB 34 Provinsi dan PDB Indonesia antara lain disebabkan oleh diskrepansi statistik </li><li>Data 2023: Angka sementara</li><li> Data 2024: Angka sangat sementara</li></ul></p>,Produk Domestik Regional Bruto (Lapangan Usaha),38 Provinsi,5100,BALI,530,Harga Berlaku,124,2024,0,Tahun,67318.28,51002885301240
bps_webapi,0000,2026-08-19T02:01:52+00:00,2026-02-19 10:24:55,288,[Seri 2010] Produk Domestik Regional Bruto Per Kapita,Ribu Rupiah,2,,<p><ul><li>Perbedaan antara jumlah PDRB 34 Provinsi dan PDB Indonesia antara lain disebabkan oleh diskrepansi statistik </li><li>Data 2023: Angka sementara</li><li> Data 2024: Angka sangat sementara</li></ul></p>,Produk Domestik Regional Bruto (Lapangan Usaha),38 Provinsi,5100,BALI,531,Harga Konstan 2010,124,2024,0,Tahun,37940.16,51002885311240
bps_webapi,0000,2026-08-19T02:01:52+00:00,2026-02-19 10:24:55,288,[Seri 2010] Produk Domestik Regional Bruto Per Kapita,Ribu Rupiah,2,,<p><ul><li>Perbedaan antara jumlah PDRB 34 Provinsi dan PDB Indonesia antara lain disebabkan oleh diskrepansi statistik </li><li>Data 2023: Angka sementara</li><li> Data 2024: Angka sangat sementara</li></ul></p>,Produk Domestik Regional Bruto (Lapangan Usaha),38 Provinsi,5200,NUSA TENGGARA BARAT,530,Harga Berlaku,124,2024,0,Tahun,32282.17,52002885301240
bps_webapi,0000,2026-08-19T02:01:52+00:00,2026-02-19 10:24:55,288,[Seri 2010] Produk Domestik Regional Bruto Per Kapita,Ribu Rupiah,2,,<p><ul><li>Perbedaan antara jumlah PDRB 34 Provinsi dan PDB Indonesia antara lain disebabkan oleh diskrepansi statistik </li><li>Data 2023: Angka sementara</li><li> Data 2024: Angka sangat sementara</li></ul></p>,Produk Domestik Regional Bruto (Lapangan Usaha),38 Provinsi,5200,NUSA TENGGARA BARAT,531,Harga Konstan 2010,124,2024,0,Tahun,19379.2,52002885311240
bps_webapi,0000,2026-08-19T02:01:52+00:00,2026-02-19 10:24:55,288,[Seri 2010] Produk Domestik Regional Bruto Per Kapita,Ribu Rupiah,2,,<p><ul><li>Perbedaan antara jumlah PDRB 34 Provinsi dan PDB Indonesia antara lain disebabkan oleh diskrepansi statistik </li><li>Data 2023: Angka sementara</li><li> Data 2024: Angka sangat sementara</li></ul></p>,Produk Domestik Regional Bruto (Lapangan Usaha),38 Provinsi,5300,NUSA TENGGARA TIMUR,530,Harga Berlaku,124,2024,0,Tahun,24302.96,53002885301240
bps_webapi,0000,2026-08-19T02:01:52+00:00,2026-02-19 10:24:55,288,[Seri 2010] Produk Domestik Regional Bruto Per Kapita,Ribu Rupiah,2,,<p><ul><li>Perbedaan antara jumlah PDRB 34 Provinsi dan PDB Indonesia antara lain disebabkan oleh diskrepansi statistik </li><li>Data 2023: Angka sementara</li><li> Data 2024: Angka sangat sementara</li></ul></p>,Produk Domestik Regional Bruto (Lapangan Usaha),38 Provinsi,5300,NUSA TENGGARA TIMUR,531,Harga Konstan 2010,124,2024,0,Tahun,13819.14,53002885311240
bps_webapi,0000,2026-08-19T02:01:52+00:00,2026-02-19 10:24:55,288,[Seri 2010] Produk Domestik Regional Bruto Per Kapita,Ribu Rupiah,2,,<p><ul><li>Perbedaan antara jumlah PDRB 34 Provinsi dan PDB Indonesia antara lain disebabkan oleh diskrepansi statistik </li><li>Data 2023: Angka sementara</li><li> Data 2024: Angka sangat sementara</li></ul></p>,Produk Domestik Regional Bruto (Lapangan Usaha),38 Provinsi,6100,KALIMANTAN BARAT,530,Harga Berlaku,124,2024,0,Tahun,52702.7,61002885301240
bps_webapi,0000,2026-08-19T02:01:52+00:00,2026-02-19 10:24:55,288,[Seri 2010] Produk Domestik Regional Bruto Per Kapita,Ribu Rupiah,2,,<p><ul><li>Perbedaan antara jumlah PDRB 34 Provinsi dan PDB Indonesia antara lain disebabkan oleh diskrepansi statistik </li><li>Data 2023: Angka sementara</li><li> Data 2024: Angka sangat sementara</li></ul></p>,Produk Domestik Regional Bruto (Lapangan Usaha),38 Provinsi,6100,KALIMANTAN BARAT,531,Harga Konstan 2010,124,2024,0,Tahun,28544.5,61002885311240
bps_webapi,0000,2026-08-19T02:01:52+00:00,2026-02-19 10:24:55,288,[Seri 2010] Produk Domestik Regional Bruto Per Kapita,Ribu Rupiah,2,,<p><ul><li>Perbedaan antara jumlah PDRB 34 Provinsi dan PDB Indonesia antara lain disebabkan oleh diskrepansi statistik </li><li>Data 2023: Angka sementara</li><li> Data 2024: Angka sangat sementara</li></ul></p>,Produk Domestik Regional Bruto (Lapangan Usaha),38 Provinsi,6200,KALIMANTAN TENGAH,530,Harga Berlaku,124,2024,0,Tahun,79319.73,62002885301240
bps_webapi,0000,2026-08-19T02:01:52+00:00,2026-02-19 10:24:55,288,[Seri 2010] Produk Domestik Regional Bruto Per Kapita,Ribu Rupiah,2,,<p><ul><li>Perbedaan antara jumlah PDRB 34 Provinsi dan PDB Indonesia antara lain disebabkan oleh diskrepansi statistik </li><li>Data 2023: Angka sementara</li><li> Data 2024: Angka sangat sementara</li></ul></p>,Produk Domestik Regional Bruto (Lapangan Usaha),38 Provinsi,6200,KALIMANTAN TENGAH,531,Harga Konstan 2010,124,2024,0,Tahun,42240.24,62002885311240
bps_webapi,0000,2026-08-19T02:01:52+00:00,2026-02-19 10:24:55,288,[Seri 2010] Produk Domestik Regional Bruto Per Kapita,Ribu Rupiah,2,,<p><ul><li>Perbedaan antara jumlah PDRB 34 Provinsi dan PDB Indonesia antara lain disebabkan oleh diskrepansi statistik </li><li>Data 2023: Angka sementara</li><li> Data 2024: Angka sangat sementara</li></ul></p>,Produk Domestik Regional Bruto (Lapangan Usaha),38 Provinsi,6300,KALIMANTAN SELATAN,530,Harga Berlaku,124,2024,0,Tahun,67122.21,63002885301240
bps_webapi,0000,2026-08-19T02:01:52+00:00,2026-02-19 10:24:55,288,[Seri 2010] Produk Domestik Regional Bruto Per Kapita,Ribu Rupiah,2,,<p><ul><li>Perbedaan antara jumlah PDRB 34 Provinsi dan PDB Indonesia antara lain disebabkan oleh diskrepansi statistik </li><li>Data 2023: Angka sementara</li><li> Data 2024: Angka sangat sementara</li></ul></p>,Produk Domestik Regional Bruto (Lapangan Usaha),38 Provinsi,6300,KALIMANTAN SELATAN,531,Harga Konstan 2010,124,2024,0,Tahun,36685.06,63002885311240
bps_webapi,0000,2026-08-19T02:01:52+00:00,2026-02-19 10:24:55,288,[Seri 2010] Produk Domestik Regional Bruto Per Kapita,Ribu Rupiah,2,,<p><ul><li>Perbedaan antara jumlah PDRB 34 Provinsi dan PDB Indonesia antara lain disebabkan oleh diskrepansi statistik </li><li>Data 2023: Angka sementara</li><li> Data 2024: Angka sangat sementara</li></ul></p>,Produk Domestik Regional Bruto (Lapangan Usaha),38 Provinsi,6400,KALIMANTAN TIMUR,530,Harga Berlaku,124,2024,0,Tahun,212116.62,64002885301240
bps_webapi,0000,2026-08-19T02:01:52+00:00,2026-02-19 10:24:55,288,[Seri 2010] Produk Domestik Regional Bruto Per Kapita,Ribu Rupiah,2,,<p><ul><li>Perbedaan antara jumlah PDRB 34 Provinsi dan PDB Indonesia antara lain disebabkan oleh diskrepansi statistik </li><li>Data 2023: Angka sementara</li><li> Data 2024: Angka sangat sementara</li></ul></p>,Produk Domestik Regional Bruto (Lapangan Usaha),38 Provinsi,6400,KALIMANTAN TIMUR,531,Harga Konstan 2010,124,2024,0,Tahun,141088.49,64002885311240
bps_webapi,0000,2026-08-19T02:01:52+00:00,2026-02-19 10:24:55,288,[Seri 2010] Produk Domestik Regional Bruto Per Kapita,Ribu Rupiah,2,,<p><ul><li>Perbedaan antara jumlah PDRB 34 Provinsi dan PDB Indonesia antara lain disebabkan oleh diskrepansi statistik </li><li>Data 2023: Angka sementara</li><li> Data 2024: Angka sangat sementara</li></ul></p>,Produk Domestik Regional Bruto (Lapangan Usaha),38 Provinsi,6500,KALIMANTAN UTARA,530,Harga Berlaku,124,2024,0,Tahun,198676.76,65002885301240
bps_webapi,0000,2026-08-19T02:01:52+00:00,2026-02-19 10:24:55,288,[Seri 2010] Produk Domestik Regional Bruto Per Kapita,Ribu Rupiah,2,,<p><ul><li>Perbedaan antara jumlah PDRB 34 Provinsi dan PDB Indonesia antara lain disebabkan oleh diskrepansi statistik </li><li>Data 2023: Angka sementara</li><li> Data 2024: Angka sangat sementara</li></ul></p>,Produk Domestik Regional Bruto (Lapangan Usaha),38 Provinsi,6500,KALIMANTAN UTARA,531,Harga Konstan 2010,124,2024,0,Tahun,98859.94,65002885311240
bps_webapi,0000,2026-08-19T02:01:52+00:00,2026-02-19 10:24:55,288,[Seri 2010] Produk Domestik Regional Bruto Per Kapita,Ribu Rupiah,2,,<p><ul><li>Perbedaan antara jumlah PDRB 34 Provinsi dan PDB Indonesia antara lain disebabkan oleh diskrepansi statistik </li><li>Data 2023: Angka sementara</li><li> Data 2024: Angka sangat sementara</li></ul></p>,Produk Domestik Regional Bruto (Lapangan Usaha),38 Provinsi,7100,SULAWESI UTARA,530,Harga Berlaku,124,2024,0,Tahun,69352.24,71002885301240
bps_webapi,0000,2026-08-19T02:01:52+00:00,2026-02-19 10:24:55,288,[Seri 2010] Produk Domestik Regional Bruto Per Kapita,Ribu Rupiah,2,,<p><ul><li>Perbedaan antara jumlah PDRB 34 Provinsi dan PDB Indonesia antara lain disebabkan oleh diskrepansi statistik </li><li>Data 2023: Angka sementara</li><li> Data 2024: Angka sangat sementara</li></ul></p>,Produk Domestik Regional Bruto (Lapangan Usaha),38 Provinsi,7100,SULAWESI UTARA,531,Harga Konstan 2010,124,2024,0,Tahun,39816.39,71002885311240
bps_webapi,0000,2026-08-19T02:01:52+00:00,2026-02-19 10:24:55,288,[Seri 2010] Produk Domestik Regional Bruto Per Kapita,Ribu Rupiah,2,,<p><ul><li>Perbedaan antara jumlah PDRB 34 Provinsi dan PDB Indonesia antara lain disebabkan oleh diskrepansi statistik </li><li>Data 2023: Angka sementara</li><li> Data 2024: Angka sangat sementara</li></ul></p>,Produk Domestik Regional Bruto (Lapangan Usaha),38 Provinsi,7200,SULAWESI TENGAH,530,Harga Berlaku,124,2024,0,Tahun,120749.57,72002885301240
bps_webapi,0000,2026-08-19T02:01:52+00:00,2026-02-19 10:24:55,288,[Seri 2010] Produk Domestik Regional Bruto Per Kapita,Ribu Rupiah,2,,<p><ul><li>Perbedaan antara jumlah PDRB 34 Provinsi dan PDB Indonesia antara lain disebabkan oleh diskrepansi statistik </li><li>Data 2023: Angka sementara</li><li> Data 2024: Angka sangat sementara</li></ul></p>,Produk Domestik Regional Bruto (Lapangan Usaha),38 Provinsi,7200,SULAWESI TENGAH,531,Harga Konstan 2010,124,2024,0,Tahun,68000.75,72002885311240
bps_webapi,0000,2026-08-19T02:01:52+00:00,2026-02-19 10:24:55,288,[Seri 2010] Produk Domestik Regional Bruto Per Kapita,Ribu Rupiah,2,,<p><ul><li>Perbedaan antara jumlah PDRB 34 Provinsi dan PDB Indonesia antara lain disebabkan oleh diskrepansi statistik </li><li>Data 2023: Angka sementara</li><li> Data 2024: Angka sangat sementara</li></ul></p>,Produk Domestik Regional Bruto (Lapangan Usaha),38 Provinsi,7300,SULAWESI SELATAN,530,Harga Berlaku,124,2024,0,Tahun,73573.33,73002885301240
bps_webapi,0000,2026-08-19T02:01:52+00:00,2026-02-19 10:24:55,288,[Seri 2010] Produk Domestik Regional Bruto Per Kapita,Ribu Rupiah,2,,<p><ul><li>Perbedaan antara jumlah PDRB 34 Provinsi dan PDB Indonesia antara lain disebabkan oleh diskrepansi statistik </li><li>Data 2023: Angka sementara</li><li> Data 2024: Angka sangat sementara</li></ul></p>,Produk Domestik Regional Bruto (Lapangan Usaha),38 Provinsi,7300,SULAWESI SELATAN,531,Harga Konstan 2010,124,2024,0,Tahun,41860.47,73002885311240
bps_webapi,0000,2026-08-19T02:01:52+00:00,2026-02-19 10:24:55,288,[Seri 2010] Produk Domestik Regional Bruto Per Kapita,Ribu Rupiah,2,,<p><ul><li>Perbedaan antara jumlah PDRB 34 Provinsi dan PDB Indonesia antara lain disebabkan oleh diskrepansi statistik </li><li>Data 2023: Angka sementara</li><li> Data 2024: Angka sangat sementara</li></ul></p>,Produk Domestik Regional Bruto (Lapangan Usaha),38 Provinsi,7400,SULAWESI TENGGARA,530,Harga Berlaku,124,2024,0,Tahun,67839.91,74002885301240
bps_webapi,0000,2026-08-19T02:01:52+00:00,2026-02-19 10:24:55,288,[Seri 2010] Produk Domestik Regional Bruto Per Kapita,Ribu Rupiah,2,,<p><ul><li>Perbedaan antara jumlah PDRB 34 Provinsi dan PDB Indonesia antara lain disebabkan oleh diskrepansi statistik </li><li>Data 2023: Angka sementara</li><li> Data 2024: Angka sangat sementara</li></ul></p>,Produk Domestik Regional Bruto (Lapangan Usaha),38 Provinsi,7400,SULAWESI TENGGARA,531,Harga Konstan 2010,124,2024,0,Tahun,40811.51,74002885311240
bps_webapi,0000,2026-08-19T02:01:52+00:00,2026-02-19 10:24:55,288,[Seri 2010] Produk Domestik Regional Bruto Per Kapita,Ribu Rupiah,2,,<p><ul><li>Perbedaan antara jumlah PDRB 34 Provinsi dan PDB Indonesia antara lain disebabkan oleh diskrepansi statistik </li><li>Data 2023: Angka sementara</li><li> Data 2024: Angka sangat sementara</li></ul></p>,Produk Domestik Regional Bruto (Lapangan Usaha),38 Provinsi,7500,GORONTALO,530,Harga Berlaku,124,2024,0,Tahun,44437.14,75002885301240
bps_webapi,0000,2026-08-19T02:01:52+00:00,2026-02-19 10:24:55,288,[Seri 2010] Produk Domestik Regional Bruto Per Kapita,Ribu Rupiah,2,,<p><ul><li>Perbedaan antara jumlah PDRB 34 Provinsi dan PDB Indonesia antara lain disebabkan oleh diskrepansi statistik </li><li>Data 2023: Angka sementara</li><li> Data 2024: Angka sangat sementara</li></ul></p>,Produk Domestik Regional Bruto (Lapangan Usaha),38 Provinsi,7500,GORONTALO,531,Harga Konstan 2010,124,2024,0,Tahun,26838.33,75002885311240
bps_webapi,0000,2026-08-19T02:01:52+00:00,2026-02-19 10:24:55,288,[Seri 2010] Produk Domestik Regional Bruto Per Kapita,Ribu Rupiah,2,,<p><ul><li>Perbedaan antara jumlah PDRB 34 Provinsi dan PDB Indonesia antara lain disebabkan oleh diskrepansi statistik </li><li>Data 2023: Angka sementara</li><li> Data 2024: Angka sangat sementara</li></ul></p>,Produk Domestik Regional Bruto (Lapangan Usaha),38 Provinsi,7600,SULAWESI BARAT,530,Harga Berlaku,124,2024,0,Tahun,42717.73,76002885301240
bps_webapi,0000,2026-08-19T02:01:52+00:00,2026-02-19 10:24:55,288,[Seri 2010] Produk Domestik Regional Bruto Per Kapita,Ribu Rupiah,2,,<p><ul><li>Perbedaan antara jumlah PDRB 34 Provinsi dan PDB Indonesia antara lain disebabkan oleh diskrepansi statistik </li><li>Data 2023: Angka sementara</li><li> Data 2024: Angka sangat sementara</li></ul></p>,Produk Domestik Regional Bruto (Lapangan Usaha),38 Provinsi,7600,SULAWESI BARAT,531,Harga Konstan 2010,124,2024,0,Tahun,24671.79,76002885311240
bps_webapi,0000,2026-08-19T02:01:52+00:00,2026-02-19 10:24:55,288,[Seri 2010] Produk Domestik Regional Bruto Per Kapita,Ribu Rupiah,2,,<p><ul><li>Perbedaan antara jumlah PDRB 34 Provinsi dan PDB Indonesia antara lain disebabkan oleh diskrepansi statistik </li><li>Data 2023: Angka sementara</li><li> Data 2024: Angka sangat sementara</li></ul></p>,Produk Domestik Regional Bruto (Lapangan Usaha),38 Provinsi,8100,MALUKU,530,Harga Berlaku,124,2024,0,Tahun,32198.79,81002885301240
bps_webapi,0000,2026-08-19T02:01:52+00:00,2026-02-19 10:24:55,288,[Seri 2010] Produk Domestik Regional Bruto Per Kapita,Ribu Rupiah,2,,<p><ul><li>Perbedaan antara jumlah PDRB 34 Provinsi dan PDB Indonesia antara lain disebabkan oleh diskrepansi statistik </li><li>Data 2023: Angka sementara</li><li> Data 2024: Angka sangat sementara</li></ul></p>,Produk Domestik Regional Bruto (Lapangan Usaha),38 Provinsi,8100,MALUKU,531,Harga Konstan 2010,124,2024,0,Tahun,19124.76,81002885311240
bps_webapi,0000,2026-08-19T02:01:52+00:00,2026-02-19 10:24:55,288,[Seri 2010] Produk Domestik Regional Bruto Per Kapita,Ribu Rupiah,2,,<p><ul><li>Perbedaan antara jumlah PDRB 34 Provinsi dan PDB Indonesia antara lain disebabkan oleh diskrepansi statistik </li><li>Data 2023: Angka sementara</li><li> Data 2024: Angka sangat sementara</li></ul></p>,Produk Domestik Regional Bruto (Lapangan Usaha),38 Provinsi,8200,MALUKU UTARA,530,Harga Berlaku,124,2024,0,Tahun,71516.58,82002885301240
bps_webapi,0000,2026-08-19T02:01:52+00:00,2026-02-19 10:24:55,288,[Seri 2010] Produk Domestik Regional Bruto Per Kapita,Ribu Rupiah,2,,<p><ul><li>Perbedaan antara jumlah PDRB 34 Provinsi dan PDB Indonesia antara lain disebabkan oleh diskrepansi statistik </li><li>Data 2023: Angka sementara</li><li> Data 2024: Angka sangat sementara</li></ul></p>,Produk Domestik Regional Bruto (Lapangan Usaha),38 Provinsi,8200,MALUKU UTARA,531,Harga Konstan 2010,124,2024,0,Tahun,41118.36,82002885311240
bps_webapi,0000,2026-08-19T02:01:52+00:00,2026-02-19 10:24:55,288,[Seri 2010] Produk Domestik Regional Bruto Per Kapita,Ribu Rupiah,2,,<p><ul><li>Perbedaan antara jumlah PDRB 34 Provinsi dan PDB Indonesia antara lain disebabkan oleh diskrepansi statistik </li><li>Data 2023: Angka sementara</li><li> Data 2024: Angka sangat sementara</li></ul></p>,Produk Domestik Regional Bruto (Lapangan Usaha),38 Provinsi,9100,PAPUA BARAT,530,Harga Berlaku,124,2024,0,Tahun,131636.45,91002885301240
bps_webapi,0000,2026-08-19T02:01:52+00:00,2026-02-19 10:24:55,288,[Seri 2010] Produk Domestik Regional Bruto Per Kapita,Ribu Rupiah,2,,<p><ul><li>Perbedaan antara jumlah PDRB 34 Provinsi dan PDB Indonesia antara lain disebabkan oleh diskrepansi statistik </li><li>Data 2023: Angka sementara</li><li> Data 2024: Angka sangat sementara</li></ul></p>,Produk Domestik Regional Bruto (Lapangan Usaha),38 Provinsi,9100,PAPUA BARAT,531,Harga Konstan 2010,124,2024,0,Tahun,85513.35,91002885311240
bps_webapi,0000,2026-08-19T02:01:52+00:00,2026-02-19 10:24:55,288,[Seri 2010] Produk Domestik Regional Bruto Per Kapita,Ribu Rupiah,2,,<p><ul><li>Perbedaan antara jumlah PDRB 34 Provinsi dan PDB Indonesia antara lain disebabkan oleh diskrepansi statistik </li><li>Data 2023: Angka sementara</li><li> Data 2024: Angka sangat sementara</li></ul></p>,Produk Domestik Regional Bruto (Lapangan Usaha),38 Provinsi,9200,PAPUA BARAT DAYA,530,Harga Berlaku,124,2024,0,Tahun,59063.54,92002885301240
bps_webapi,0000,2026-08-19T02:01:52+00:00,2026-02-19 10:24:55,288,[Seri 2010] Produk Domestik Regional Bruto Per Kapita,Ribu Rupiah,2,,<p><ul><li>Perbedaan antara jumlah PDRB 34 Provinsi dan PDB Indonesia antara lain disebabkan oleh diskrepansi statistik </li><li>Data 2023: Angka sementara</li><li> Data 2024: Angka sangat sementara</li></ul></p>,Produk Domestik Regional Bruto (Lapangan Usaha),38 Provinsi,9200,PAPUA BARAT DAYA,531,Harga Konstan 2010,124,2024,0,Tahun,39662.97,92002885311240
bps_webapi,0000,2026-08-19T02:01:52+00:00,2026-02-19 10:24:55,288,[Seri 2010] Produk Domestik Regional Bruto Per Kapita,Ribu Rupiah,2,,<p><ul><li>Perbedaan antara jumlah PDRB 34 Provinsi dan PDB Indonesia antara lain disebabkan oleh diskrepansi statistik </li><li>Data 2023: Angka sementara</li><li> Data 2024: Angka sangat sementara</li></ul></p>,Produk Domestik Regional Bruto (Lapangan Usaha),38 Provinsi,9400,PAPUA,530,Harga Berlaku,124,2024,0,Tahun,81009.15,94002885301240
bps_webapi,0000,2026-08-19T02:01:52+00:00,2026-02-19 10:24:55,288,[Seri 2010] Produk Domestik Regional Bruto Per Kapita,Ribu Rupiah,2,,<p><ul><li>Perbedaan antara jumlah PDRB 34 Provinsi dan PDB Indonesia antara lain disebabkan oleh diskrepansi statistik </li><li>Data 2023: Angka sementara</li><li> Data 2024: Angka sangat sementara</li></ul></p>,Produk Domestik Regional Bruto (Lapangan Usaha),38 Provinsi,9400,PAPUA,531,Harga Konstan 2010,124,2024,0,Tahun,48641.84,94002885311240
bps_webapi,0000,2026-08-19T02:01:52+00:00,2026-02-19 10:24:55,288,[Seri 2010] Produk Domestik Regional Bruto Per Kapita,Ribu Rupiah,2,,<p><ul><li>Perbedaan antara jumlah PDRB 34 Provinsi dan PDB Indonesia antara lain disebabkan oleh diskrepansi statistik </li><li>Data 2023: Angka sementara</li><li> Data 2024: Angka sangat sementara</li></ul></p>,Produk Domestik Regional Bruto (Lapangan Usaha),38 Provinsi,9500,PAPUA SELATAN,530,Harga Berlaku,124,2024,0,Tahun,61621.8,95002885301240
bps_webapi,0000,2026-08-19T02:01:52+00:00,2026-02-19 10:24:55,288,[Seri 2010] Produk Domestik Regional Bruto Per Kapita,Ribu Rupiah,2,,<p><ul><li>Perbedaan antara jumlah PDRB 34 Provinsi dan PDB Indonesia antara lain disebabkan oleh diskrepansi statistik </li><li>Data 2023: Angka sementara</li><li> Data 2024: Angka sangat sementara</li></ul></p>,Produk Domestik Regional Bruto (Lapangan Usaha),38 Provinsi,9500,PAPUA SELATAN,531,Harga Konstan 2010,124,2024,0,Tahun,35163.97,95002885311240
bps_webapi,0000,2026-08-19T02:01:52+00:00,2026-02-19 10:24:55,288,[Seri 2010] Produk Domestik Regional Bruto Per Kapita,Ribu Rupiah,2,,<p><ul><li>Perbedaan antara jumlah PDRB 34 Provinsi dan PDB Indonesia antara lain disebabkan oleh diskrepansi statistik </li><li>Data 2023: Angka sementara</li><li> Data 2024: Angka sangat sementara</li></ul></p>,Produk Domestik Regional Bruto (Lapangan Usaha),38 Provinsi,9600,PAPUA TENGAH,530,Harga Berlaku,124,2024,0,Tahun,118773.53,96002885301240
bps_webapi,0000,2026-08-19T02:01:52+00:00,2026-02-19 10:24:55,288,[Seri 2010] Produk Domestik Regional Bruto Per Kapita,Ribu Rupiah,2,,<p><ul><li>Perbedaan antara jumlah PDRB 34 Provinsi dan PDB Indonesia antara lain disebabkan oleh diskrepansi statistik </li><li>Data 2023: Angka sementara</li><li> Data 2024: Angka sangat sementara</li></ul></p>,Produk Domestik Regional Bruto (Lapangan Usaha),38 Provinsi,9600,PAPUA TENGAH,531,Harga Konstan 2010,124,2024,0,Tahun,71608.13,96002885311240
bps_webapi,0000,2026-08-19T02:01:52+00:00,2026-02-19 10:24:55,288,[Seri 2010] Produk Domestik Regional Bruto Per Kapita,Ribu Rupiah,2,,<p><ul><li>Perbedaan antara jumlah PDRB 34 Provinsi dan PDB Indonesia antara lain disebabkan oleh diskrepansi statistik </li><li>Data 2023: Angka sementara</li><li> Data 2024: Angka sangat sementara</li></ul></p>,Produk Domestik Regional Bruto (Lapangan Usaha),38 Provinsi,9700,PAPUA PEGUNUNGAN,530,Harga Berlaku,124,2024,0,Tahun,18105.38,97002885301240
bps_webapi,0000,2026-08-19T02:01:52+00:00,2026-02-19 10:24:55,288,[Seri 2010] Produk Domestik Regional Bruto Per Kapita,Ribu Rupiah,2,,<p><ul><li>Perbedaan antara jumlah PDRB 34 Provinsi dan PDB Indonesia antara lain disebabkan oleh diskrepansi statistik </li><li>Data 2023: Angka sementara</li><li> Data 2024: Angka sangat sementara</li></ul></p>,Produk Domestik Regional Bruto (Lapangan Usaha),38 Provinsi,9700,PAPUA PEGUNUNGAN,531,Harga Konstan 2010,124,2024,0,Tahun,9405.8,97002885311240
bps_webapi,0000,2026-08-19T02:01:52+00:00,2026-02-19 10:24:55,288,[Seri 2010] Produk Domestik Regional Bruto Per Kapita,Ribu Rupiah,2,,<p><ul><li>Perbedaan antara jumlah PDRB 34 Provinsi dan PDB Indonesia antara lain disebabkan oleh diskrepansi statistik </li><li>Data 2023: Angka sementara</li><li> Data 2024: Angka sangat sementara</li></ul></p>,Produk Domestik Regional Bruto (Lapangan Usaha),38 Provinsi,9999,INDONESIA,530,Harga Berlaku,124,2024,0,Tahun,78617.51,99992885301240
bps_webapi,0000,2026-08-19T02:01:52+00:00,2026-02-19 10:24:55,288,[Seri 2010] Produk Domestik Regional Bruto Per Kapita,Ribu Rupiah,2,,<p><ul><li>Perbedaan antara jumlah PDRB 34 Provinsi dan PDB Indonesia antara lain disebabkan oleh diskrepansi statistik </li><li>Data 2023: Angka sementara</li><li> Data 2024: Angka sangat sementara</li></ul></p>,Produk Domestik Regional Bruto (Lapangan Usaha),38 Provinsi,9999,INDONESIA,531,Harga Konstan 2010,124,2024,0,Tahun,45881.95,99992885311240
bps_webapi,0000,2026-08-19T02:01:52+00:00,2026-02-19 10:24:55,288,[Seri 2010] Produk Domestik Regional Bruto Per Kapita,Ribu Rupiah,2,,<p><ul><li>Perbedaan antara jumlah PDRB 34 Provinsi dan PDB Indonesia antara lain disebabkan oleh diskrepansi statistik </li><li>Data 2023: Angka sementara</li><li> Data 2024: Angka sangat sementara</li></ul></p>,Produk Domestik Regional Bruto (Lapangan Usaha),38 Provinsi,1100,ACEH,530,Harga Berlaku,125,2025,0,Tahun,45770.4,11002885301250
bps_webapi,0000,2026-08-19T02:01:52+00:00,2026-02-19 10:24:55,288,[Seri 2010] Produk Domestik Regional Bruto Per Kapita,Ribu Rupiah,2,,<p><ul><li>Perbedaan antara jumlah PDRB 34 Provinsi dan PDB Indonesia antara lain disebabkan oleh diskrepansi statistik </li><li>Data 2023: Angka sementara</li><li> Data 2024: Angka sangat sementara</li></ul></p>,Produk Domestik Regional Bruto (Lapangan Usaha),38 Provinsi,1100,ACEH,531,Harga Konstan 2010,125,2025,0,Tahun,28144.6,11002885311250
bps_webapi,0000,2026-08-19T02:01:52+00:00,2026-02-19 10:24:55,288,[Seri 2010] Produk Domestik Regional Bruto Per Kapita,Ribu Rupiah,2,,<p><ul><li>Perbedaan antara jumlah PDRB 34 Provinsi dan PDB Indonesia antara lain disebabkan oleh diskrepansi statistik </li><li>Data 2023: Angka sementara</li><li> Data 2024: Angka sangat sementara</li></ul></p>,Produk Domestik Regional Bruto (Lapangan Usaha),38 Provinsi,1200,SUMATERA UTARA,530,Harga Berlaku,125,2025,0,Tahun,78310.29,12002885301250
bps_webapi,0000,2026-08-19T02:01:52+00:00,2026-02-19 10:24:55,288,[Seri 2010] Produk Domestik Regional Bruto Per Kapita,Ribu Rupiah,2,,<p><ul><li>Perbedaan antara jumlah PDRB 34 Provinsi dan PDB Indonesia antara lain disebabkan oleh diskrepansi statistik </li><li>Data 2023: Angka sementara</li><li> Data 2024: Angka sangat sementara</li></ul></p>,Produk Domestik Regional Bruto (Lapangan Usaha),38 Provinsi,1200,SUMATERA UTARA,531,Harga Konstan 2010,125,2025,0,Tahun,41885.91,12002885311250
bps_webapi,0000,2026-08-19T02:01:52+00:00,2026-02-19 10:24:55,288,[Seri 2010] Produk Domestik Regional Bruto Per Kapita,Ribu Rupiah,2,,<p><ul><li>Perbedaan antara jumlah PDRB 34 Provinsi dan PDB Indonesia antara lain disebabkan oleh diskrepansi statistik </li><li>Data 2023: Angka sementara</li><li> Data 2024: Angka sangat sementara</li></ul></p>,Produk Domestik Regional Bruto (Lapangan Usaha),38 Provinsi,1300,SUMATERA BARAT,530,Harga Berlaku,125,2025,0,Tahun,59548.83,13002885301250
bps_webapi,0000,2026-08-19T02:01:52+00:00,2026-02-19 10:24:55,288,[Seri 2010] Produk Domestik Regional Bruto Per Kapita,Ribu Rupiah,2,,<p><ul><li>Perbedaan antara jumlah PDRB 34 Provinsi dan PDB Indonesia antara lain disebabkan oleh diskrepansi statistik </li><li>Data 2023: Angka sementara</li><li> Data 2024: Angka sangat sementara</li></ul></p>,Produk Domestik Regional Bruto (Lapangan Usaha),38 Provinsi,1300,SUMATERA BARAT,531,Harga Konstan 2010,125,2025,0,Tahun,34854.17,13002885311250
bps_webapi,0000,2026-08-19T02:01:52+00:00,2026-02-19 10:24:55,288,[Seri 2010] Produk Domestik Regional Bruto Per Kapita,Ribu Rupiah,2,,<p><ul><li>Perbedaan antara jumlah PDRB 34 Provinsi dan PDB Indonesia antara lain disebabkan oleh diskrepansi statistik </li><li>Data 2023: Angka sementara</li><li> Data 2024: Angka sangat sementara</li></ul></p>,Produk Domestik Regional Bruto (Lapangan Usaha),38 Provinsi,1400,RIAU,530,Harga Berlaku,125,2025,0,Tahun,176384.66,14002885301250
bps_webapi,0000,2026-08-19T02:01:52+00:00,2026-02-19 10:24:55,288,[Seri 2010] Produk Domestik Regional Bruto Per Kapita,Ribu Rupiah,2,,<p><ul><li>Perbedaan antara jumlah PDRB 34 Provinsi dan PDB Indonesia antara lain disebabkan oleh diskrepansi statistik </li><li>Data 2023: Angka sementara</li><li> Data 2024: Angka sangat sementara</li></ul></p>,Produk Domestik Regional Bruto (Lapangan Usaha),38 Provinsi,1400,RIAU,531,Harga Konstan 2010,125,2025,0,Tahun,87886.74,14002885311250
bps_webapi,0000,2026-08-19T02:01:52+00:00,2026-02-19 10:24:55,288,[Seri 2010] Produk Domestik Regional Bruto Per Kapita,Ribu Rupiah,2,,<p><ul><li>Perbedaan antara jumlah PDRB 34 Provinsi dan PDB Indonesia antara lain disebabkan oleh diskrepansi statistik </li><li>Data 2023: Angka sementara</li><li> Data 2024: Angka sangat sementara</li></ul></p>,Produk Domestik Regional Bruto (Lapangan Usaha),38 Provinsi,1500,JAMBI,530,Harga Berlaku,125,2025,0,Tahun,92786.06,15002885301250
bps_webapi,0000,2026-08-19T02:01:52+00:00,2026-02-19 10:24:55,288,[Seri 2010] Produk Domestik Regional Bruto Per Kapita,Ribu Rupiah,2,,<p><ul><li>Perbedaan antara jumlah PDRB 34 Provinsi dan PDB Indonesia antara lain disebabkan oleh diskrepansi statistik </li><li>Data 2023: Angka sementara</li><li> Data 2024: Angka sangat sementara</li></ul></p>,Produk Domestik Regional Bruto (Lapangan Usaha),38 Provinsi,1500,JAMBI,531,Harga Konstan 2010,125,2025,0,Tahun,49245.88,15002885311250
bps_webapi,0000,2026-08-19T02:01:52+00:00,2026-02-19 10:24:55,288,[Seri 2010] Produk Domestik Regional Bruto Per Kapita,Ribu Rupiah,2,,<p><ul><li>Perbedaan antara jumlah PDRB 34 Provinsi dan PDB Indonesia antara lain disebabkan oleh diskrepansi statistik </li><li>Data 2023: Angka sementara</li><li> Data 2024: Angka sangat sementara</li></ul></p>,Produk Domestik Regional Bruto (Lapangan Usaha),38 Provinsi,1600,SUMATERA SELATAN,530,Harga Berlaku,125,2025,0,Tahun,80663.49,16002885301250
bps_webapi,0000,2026-08-19T02:01:52+00:00,2026-02-19 10:24:55,288,[Seri 2010] Produk Domestik Regional Bruto Per Kapita,Ribu Rupiah,2,,<p><ul><li>Perbedaan antara jumlah PDRB 34 Provinsi dan PDB Indonesia antara lain disebabkan oleh diskrepansi statistik </li><li>Data 2023: Angka sementara</li><li> Data 2024: Angka sangat sementara</li></ul></p>,Produk Domestik Regional Bruto (Lapangan Usaha),38 Provinsi,1600,SUMATERA SELATAN,531,Harga Konstan 2010,125,2025,0,Tahun,44731.49,16002885311250
bps_webapi,0000,2026-08-19T02:01:52+00:00,2026-02-19 10:24:55,288,[Seri 2010] Produk Domestik Regional Bruto Per Kapita,Ribu Rupiah,2,,<p><ul><li>Perbedaan antara jumlah PDRB 34 Provinsi dan PDB Indonesia antara lain disebabkan oleh diskrepansi statistik </li><li>Data 2023: Angka sementara</li><li> Data 2024: Angka sangat sementara</li></ul></p>,Produk Domestik Regional Bruto (Lapangan Usaha),38 Provinsi,1700,BENGKULU,530,Harga Berlaku,125,2025,0,Tahun,52304.54,17002885301250
bps_webapi,0000,2026-08-19T02:01:52+00:00,2026-02-19 10:24:55,288,[Seri 2010] Produk Domestik Regional Bruto Per Kapita,Ribu Rupiah,2,,<p><ul><li>Perbedaan antara jumlah PDRB 34 Provinsi dan PDB Indonesia antara lain disebabkan oleh diskrepansi statistik </li><li>Data 2023: Angka sementara</li><li> Data 2024: Angka sangat sementara</li></ul></p>,Produk Domestik Regional Bruto (Lapangan Usaha),38 Provinsi,1700,BENGKULU,531,Harga Konstan 2010,125,2025,0,Tahun,26691.13,17002885311250
bps_webapi,0000,2026-08-19T02:01:52+00:00,2026-02-19 10:24:55,288,[Seri 2010] Produk Domestik Regional Bruto Per Kapita,Ribu Rupiah,2,,<p><ul><li>Perbedaan antara jumlah PDRB 34 Provinsi dan PDB Indonesia antara lain disebabkan oleh diskrepansi statistik </li><li>Data 2023: Angka sementara</li><li> Data 2024: Angka sangat sementara</li></ul></p>,Produk Domestik Regional Bruto (Lapangan Usaha),38 Provinsi,1800,LAMPUNG,530,Harga Berlaku,125,2025,0,Tahun,55009.07,18002885301250
bps_webapi,0000,2026-08-19T02:01:52+00:00,2026-02-19 10:24:55,288,[Seri 2010] Produk Domestik Regional Bruto Per Kapita,Ribu Rupiah,2,,<p><ul><li>Perbedaan antara jumlah PDRB 34 Provinsi dan PDB Indonesia antara lain disebabkan oleh diskrepansi statistik </li><li>Data 2023: Angka sementara</li><li> Data 2024: Angka sangat sementara</li></ul></p>,Produk Domestik Regional Bruto (Lapangan Usaha),38 Provinsi,1800,LAMPUNG,531,Harga Konstan 2010,125,2025,0,Tahun,31127.1,18002885311250
bps_webapi,0000,2026-08-19T02:01:52+00:00,2026-02-19 10:24:55,288,[Seri 2010] Produk Domestik Regional Bruto Per Kapita,Ribu Rupiah,2,,<p><ul><li>Perbedaan antara jumlah PDRB 34 Provinsi dan PDB Indonesia antara lain disebabkan oleh diskrepansi statistik </li><li>Data 2023: Angka sementara</li><li> Data 2024: Angka sangat sementara</li></ul></p>,Produk Domestik Regional Bruto (Lapangan Usaha),38 Provinsi,1900,KEP. BANGKA BELITUNG,530,Harga Berlaku,125,2025,0,Tahun,75322.53,19002885301250
bps_webapi,0000,2026-08-19T02:01:52+00:00,2026-02-19 10:24:55,288,[Seri 2010] Produk Domestik Regional Bruto Per Kapita,Ribu Rupiah,2,,<p><ul><li>Perbedaan antara jumlah PDRB 34 Provinsi dan PDB Indonesia antara lain disebabkan oleh diskrepansi statistik </li><li>Data 2023: Angka sementara</li><li> Data 2024: Angka sangat sementara</li></ul></p>,Produk Domestik Regional Bruto (Lapangan Usaha),38 Provinsi,1900,KEP. BANGKA BELITUNG,531,Harga Konstan 2010,125,2025,0,Tahun,40811.39,19002885311250
bps_webapi,0000,2026-08-19T02:01:52+00:00,2026-02-19 10:24:55,288,[Seri 2010] Produk Domestik Regional Bruto Per Kapita,Ribu Rupiah,2,,<p><ul><li>Perbedaan antara jumlah PDRB 34 Provinsi dan PDB Indonesia antara lain disebabkan oleh diskrepansi statistik </li><li>Data 2023: Angka sementara</li><li> Data 2024: Angka sangat sementara</li></ul></p>,Produk Domestik Regional Bruto (Lapangan Usaha),38 Provinsi,2100,KEP. RIAU,530,Harga Berlaku,125,2025,0,Tahun,172458.76,21002885301250
bps_webapi,0000,2026-08-19T02:01:52+00:00,2026-02-19 10:24:55,288,[Seri 2010] Produk Domestik Regional Bruto Per Kapita,Ribu Rupiah,2,,<p><ul><li>Perbedaan antara jumlah PDRB 34 Provinsi dan PDB Indonesia antara lain disebabkan oleh diskrepansi statistik </li><li>Data 2023: Angka sementara</li><li> Data 2024: Angka sangat sementara</li></ul></p>,Produk Domestik Regional Bruto (Lapangan Usaha),38 Provinsi,2100,KEP. RIAU,531,Harga Konstan 2010,125,2025,0,Tahun,101427.23,21002885311250
bps_webapi,0000,2026-08-19T02:01:52+00:00,2026-02-19 10:24:55,288,[Seri 2010] Produk Domestik Regional Bruto Per Kapita,Ribu Rupiah,2,,<p><ul><li>Perbedaan antara jumlah PDRB 34 Provinsi dan PDB Indonesia antara lain disebabkan oleh diskrepansi statistik </li><li>Data 2023: Angka sementara</li><li> Data 2024: Angka sangat sementara</li></ul></p>,Produk Domestik Regional Bruto (Lapangan Usaha),38 Provinsi,3100,DKI JAKARTA,530,Harga Berlaku,125,2025,0,Tahun,367687.07,31002885301250
bps_webapi,0000,2026-08-19T02:01:52+00:00,2026-02-19 10:24:55,288,[Seri 2010] Produk Domestik Regional Bruto Per Kapita,Ribu Rupiah,2,,<p><ul><li>Perbedaan antara jumlah PDRB 34 Provinsi dan PDB Indonesia antara lain disebabkan oleh diskrepansi statistik </li><li>Data 2023: Angka sementara</li><li> Data 2024: Angka sangat sementara</li></ul></p>,Produk Domestik Regional Bruto (Lapangan Usaha),38 Provinsi,3100,DKI JAKARTA,531,Harga Konstan 2010,125,2025,0,Tahun,211953.77,31002885311250
bps_webapi,0000,2026-08-19T02:01:52+00:00,2026-02-19 10:24:55,288,[Seri 2010] Produk Domestik Regional Bruto Per Kapita,Ribu Rupiah,2,,<p><ul><li>Perbedaan antara jumlah PDRB 34 Provinsi dan PDB Indonesia antara lain disebabkan oleh diskrepansi statistik </li><li>Data 2023: Angka sementara</li><li> Data 2024: Angka sangat sementara</li></ul></p>,Produk Domestik Regional Bruto (Lapangan Usaha),38 Provinsi,3200,JAWA BARAT,530,Harga Berlaku,125,2025,0,Tahun,59864.61,32002885301250
bps_webapi,0000,2026-08-19T02:01:52+00:00,2026-02-19 10:24:55,288,[Seri 2010] Produk Domestik Regional Bruto Per Kapita,Ribu Rupiah,2,,<p><ul><li>Perbedaan antara jumlah PDRB 34 Provinsi dan PDB Indonesia antara lain disebabkan oleh diskrepansi statistik </li><li>Data 2023: Angka sementara</li><li> Data 2024: Angka sangat sementara</li></ul></p>,Produk Domestik Regional Bruto (Lapangan Usaha),38 Provinsi,3200,JAWA BARAT,531,Harga Konstan 2010,125,2025,0,Tahun,36354.47,32002885311250
bps_webapi,0000,2026-08-19T02:01:52+00:00,2026-02-19 10:24:55,288,[Seri 2010] Produk Domestik Regional Bruto Per Kapita,Ribu Rupiah,2,,<p><ul><li>Perbedaan antara jumlah PDRB 34 Provinsi dan PDB Indonesia antara lain disebabkan oleh diskrepansi statistik </li><li>Data 2023: Angka sementara</li><li> Data 2024: Angka sangat sementara</li></ul></p>,Produk Domestik Regional Bruto (Lapangan Usaha),38 Provinsi,3300,JAWA TENGAH,530,Harga Berlaku,125,2025,0,Tahun,50823.64,33002885301250
bps_webapi,0000,2026-08-19T02:01:52+00:00,2026-02-19 10:24:55,288,[Seri 2010] Produk Domestik Regional Bruto Per Kapita,Ribu Rupiah,2,,<p><ul><li>Perbedaan antara jumlah PDRB 34 Provinsi dan PDB Indonesia antara lain disebabkan oleh diskrepansi statistik </li><li>Data 2023: Angka sementara</li><li> Data 2024: Angka sangat sementara</li></ul></p>,Produk Domestik Regional Bruto (Lapangan Usaha),38 Provinsi,3300,JAWA TENGAH,531,Harga Konstan 2010,125,2025,0,Tahun,31886.56,33002885311250
bps_webapi,0000,2026-08-19T02:01:52+00:00,2026-02-19 10:24:55,288,[Seri 2010] Produk Domestik Regional Bruto Per Kapita,Ribu Rupiah,2,,<p><ul><li>Perbedaan antara jumlah PDRB 34 Provinsi dan PDB Indonesia antara lain disebabkan oleh diskrepansi statistik </li><li>Data 2023: Angka sementara</li><li> Data 2024: Angka sangat sementara</li></ul></p>,Produk Domestik Regional Bruto (Lapangan Usaha),38 Provinsi,3400,DI YOGYAKARTA,530,Harga Berlaku,125,2025,0,Tahun,55039.3,34002885301250
bps_webapi,0000,2026-08-19T02:01:52+00:00,2026-02-19 10:24:55,288,[Seri 2010] Produk Domestik Regional Bruto Per Kapita,Ribu Rupiah,2,,<p><ul><li>Perbedaan antara jumlah PDRB 34 Provinsi dan PDB Indonesia antara lain disebabkan oleh diskrepansi statistik </li><li>Data 2023: Angka sementara</li><li> Data 2024: Angka sangat sementara</li></ul></p>,Produk Domestik Regional Bruto (Lapangan Usaha),38 Provinsi,3400,DI YOGYAKARTA,531,Harga Konstan 2010,125,2025,0,Tahun,34757.17,34002885311250
bps_webapi,0000,2026-08-19T02:01:52+00:00,2026-02-19 10:24:55,288,[Seri 2010] Produk Domestik Regional Bruto Per Kapita,Ribu Rupiah,2,,<p><ul><li>Perbedaan antara jumlah PDRB 34 Provinsi dan PDB Indonesia antara lain disebabkan oleh diskrepansi statistik </li><li>Data 2023: Angka sementara</li><li> Data 2024: Angka sangat sementara</li></ul></p>,Produk Domestik Regional Bruto (Lapangan Usaha),38 Provinsi,3500,JAWA TIMUR,530,Harga Berlaku,125,2025,0,Tahun,80855.92,35002885301250
bps_webapi,0000,2026-08-19T02:01:52+00:00,2026-02-19 10:24:55,288,[Seri 2010] Produk Domestik Regional Bruto Per Kapita,Ribu Rupiah,2,,<p><ul><li>Perbedaan antara jumlah PDRB 34 Provinsi dan PDB Indonesia antara lain disebabkan oleh diskrepansi statistik </li><li>Data 2023: Angka sementara</li><li> Data 2024: Angka sangat sementara</li></ul></p>,Produk Domestik Regional Bruto (Lapangan Usaha),38 Provinsi,3500,JAWA TIMUR,531,Harga Konstan 2010,125,2025,0,Tahun,48443.74,35002885311250
bps_webapi,0000,2026-08-19T02:01:52+00:00,2026-02-19 10:24:55,288,[Seri 2010] Produk Domestik Regional Bruto Per Kapita,Ribu Rupiah,2,,<p><ul><li>Perbedaan antara jumlah PDRB 34 Provinsi dan PDB Indonesia antara lain disebabkan oleh diskrepansi statistik </li><li>Data 2023: Angka sementara</li><li> Data 2024: Angka sangat sementara</li></ul></p>,Produk Domestik Regional Bruto (Lapangan Usaha),38 Provinsi,3600,BANTEN,530,Harga Berlaku,125,2025,0,Tahun,74672.68,36002885301250
bps_webapi,0000,2026-08-19T02:01:52+00:00,2026-02-19 10:24:55,288,[Seri 2010] Produk Domestik Regional Bruto Per Kapita,Ribu Rupiah,2,,<p><ul><li>Perbedaan antara jumlah PDRB 34 Provinsi dan PDB Indonesia antara lain disebabkan oleh diskrepansi statistik </li><li>Data 2023: Angka sementara</li><li> Data 2024: Angka sangat sementara</li></ul></p>,Produk Domestik Regional Bruto (Lapangan Usaha),38 Provinsi,3600,BANTEN,531,Harga Konstan 2010,125,2025,0,Tahun,44687.83,36002885311250
bps_webapi,0000,2026-08-19T02:01:52+00:00,2026-02-19 10:24:55,288,[Seri 2010] Produk Domestik Regional Bruto Per Kapita,Ribu Rupiah,2,,<p><ul><li>Perbedaan antara jumlah PDRB 34 Provinsi dan PDB Indonesia antara lain disebabkan oleh diskrepansi statistik </li><li>Data 2023: Angka sementara</li><li> Data 2024: Angka sangat sementara</li></ul></p>,Produk Domestik Regional Bruto (Lapangan Usaha),38 Provinsi,5100,BALI,530,Harga Berlaku,125,2025,0,Tahun,72658.49,51002885301250
bps_webapi,0000,2026-08-19T02:01:52+00:00,2026-02-19 10:24:55,288,[Seri 2010] Produk Domestik Regional Bruto Per Kapita,Ribu Rupiah,2,,<p><ul><li>Perbedaan antara jumlah PDRB 34 Provinsi dan PDB Indonesia antara lain disebabkan oleh diskrepansi statistik </li><li>Data 2023: Angka sementara</li><li> Data 2024: Angka sangat sementara</li></ul></p>,Produk Domestik Regional Bruto (Lapangan Usaha),38 Provinsi,5100,BALI,531,Harga Konstan 2010,125,2025,0,Tahun,39897.4,51002885311250
bps_webapi,0000,2026-08-19T02:01:52+00:00,2026-02-19 10:24:55,288,[Seri 2010] Produk Domestik Regional Bruto Per Kapita,Ribu Rupiah,2,,<p><ul><li>Perbedaan antara jumlah PDRB 34 Provinsi dan PDB Indonesia antara lain disebabkan oleh diskrepansi statistik </li><li>Data 2023: Angka sementara</li><li> Data 2024: Angka sangat sementara</li></ul></p>,Produk Domestik Regional Bruto (Lapangan Usaha),38 Provinsi,5200,NUSA TENGGARA BARAT,530,Harga Berlaku,125,2025,0,Tahun,33667.41,52002885301250
bps_webapi,0000,2026-08-19T02:01:52+00:00,2026-02-19 10:24:55,288,[Seri 2010] Produk Domestik Regional Bruto Per Kapita,Ribu Rupiah,2,,<p><ul><li>Perbedaan antara jumlah PDRB 34 Provinsi dan PDB Indonesia antara lain disebabkan oleh diskrepansi statistik </li><li>Data 2023: Angka sementara</li><li> Data 2024: Angka sangat sementara</li></ul></p>,Produk Domestik Regional Bruto (Lapangan Usaha),38 Provinsi,5200,NUSA TENGGARA BARAT,531,Harga Konstan 2010,125,2025,0,Tahun,19706.32,52002885311250
bps_webapi,0000,2026-08-19T02:01:52+00:00,2026-02-19 10:24:55,288,[Seri 2010] Produk Domestik Regional Bruto Per Kapita,Ribu Rupiah,2,,<p><ul><li>Perbedaan antara jumlah PDRB 34 Provinsi dan PDB Indonesia antara lain disebabkan oleh diskrepansi statistik </li><li>Data 2023: Angka sementara</li><li> Data 2024: Angka sangat sementara</li></ul></p>,Produk Domestik Regional Bruto (Lapangan Usaha),38 Provinsi,5300,NUSA TENGGARA TIMUR,530,Harga Berlaku,125,2025,0,Tahun,25837.48,53002885301250
bps_webapi,0000,2026-08-19T02:01:52+00:00,2026-02-19 10:24:55,288,[Seri 2010] Produk Domestik Regional Bruto Per Kapita,Ribu Rupiah,2,,<p><ul><li>Perbedaan antara jumlah PDRB 34 Provinsi dan PDB Indonesia antara lain disebabkan oleh diskrepansi statistik </li><li>Data 2023: Angka sementara</li><li> Data 2024: Angka sangat sementara</li></ul></p>,Produk Domestik Regional Bruto (Lapangan Usaha),38 Provinsi,5300,NUSA TENGGARA TIMUR,531,Harga Konstan 2010,125,2025,0,Tahun,14310.07,53002885311250
bps_webapi,0000,2026-08-19T02:01:52+00:00,2026-02-19 10:24:55,288,[Seri 2010] Produk Domestik Regional Bruto Per Kapita,Ribu Rupiah,2,,<p><ul><li>Perbedaan antara jumlah PDRB 34 Provinsi dan PDB Indonesia antara lain disebabkan oleh diskrepansi statistik </li><li>Data 2023: Angka sementara</li><li> Data 2024: Angka sangat sementara</li></ul></p>,Produk Domestik Regional Bruto (Lapangan Usaha),38 Provinsi,6100,KALIMANTAN BARAT,530,Harga Berlaku,125,2025,0,Tahun,56983.66,61002885301250
bps_webapi,0000,2026-08-19T02:01:52+00:00,2026-02-19 10:24:55,288,[Seri 2010] Produk Domestik Regional Bruto Per Kapita,Ribu Rupiah,2,,<p><ul><li>Perbedaan antara jumlah PDRB 34 Provinsi dan PDB Indonesia antara lain disebabkan oleh diskrepansi statistik </li><li>Data 2023: Angka sementara</li><li> Data 2024: Angka sangat sementara</li></ul></p>,Produk Domestik Regional Bruto (Lapangan Usaha),38 Provinsi,6100,KALIMANTAN BARAT,531,Harga Konstan 2010,125,2025,0,Tahun,29713.8,61002885311250
bps_webapi,0000,2026-08-19T02:01:52+00:00,2026-02-19 10:24:55,288,[Seri 2010] Produk Domestik Regional Bruto Per Kapita,Ribu Rupiah,2,,<p><ul><li>Perbedaan antara jumlah PDRB 34 Provinsi dan PDB Indonesia antara lain disebabkan oleh diskrepansi statistik </li><li>Data 2023: Angka sementara</li><li> Data 2024: Angka sangat sementara</li></ul></p>,Produk Domestik Regional Bruto (Lapangan Usaha),38 Provinsi,6200,KALIMANTAN TENGAH,530,Harga Berlaku,125,2025,0,Tahun,84729.84,62002885301250
bps_webapi,0000,2026-08-19T02:01:52+00:00,2026-02-19 10:24:55,288,[Seri 2010] Produk Domestik Regional Bruto Per Kapita,Ribu Rupiah,2,,<p><ul><li>Perbedaan antara jumlah PDRB 34 Provinsi dan PDB Indonesia antara lain disebabkan oleh diskrepansi statistik </li><li>Data 2023: Angka sementara</li><li> Data 2024: Angka sangat sementara</li></ul></p>,Produk Domestik Regional Bruto (Lapangan Usaha),38 Provinsi,6200,KALIMANTAN TENGAH,531,Harga Konstan 2010,125,2025,0,Tahun,43718.51,62002885311250
bps_webapi,0000,2026-08-19T02:01:52+00:00,2026-02-19 10:24:55,288,[Seri 2010] Produk Domestik Regional Bruto Per Kapita,Ribu Rupiah,2,,<p><ul><li>Perbedaan antara jumlah PDRB 34 Provinsi dan PDB Indonesia antara lain disebabkan oleh diskrepansi statistik </li><li>Data 2023: Angka sementara</li><li> Data 2024: Angka sangat sementara</li></ul></p>,Produk Domestik Regional Bruto (Lapangan Usaha),38 Provinsi,6300,KALIMANTAN SELATAN,530,Harga Berlaku,125,2025,0,Tahun,70576.83,63002885301250
bps_webapi,0000,2026-08-19T02:01:52+00:00,2026-02-19 10:24:55,288,[Seri 2010] Produk Domestik Regional Bruto Per Kapita,Ribu Rupiah,2,,<p><ul><li>Perbedaan antara jumlah PDRB 34 Provinsi dan PDB Indonesia antara lain disebabkan oleh diskrepansi statistik </li><li>Data 2023: Angka sementara</li><li> Data 2024: Angka sangat sementara</li></ul></p>,Produk Domestik Regional Bruto (Lapangan Usaha),38 Provinsi,6300,KALIMANTAN SELATAN,531,Harga Konstan 2010,125,2025,0,Tahun,38155.38,63002885311250
bps_webapi,0000,2026-08-19T02:01:52+00:00,2026-02-19 10:24:55,288,[Seri 2010] Produk Domestik Regional Bruto Per Kapita,Ribu Rupiah,2,,<p><ul><li>Perbedaan antara jumlah PDRB 34 Provinsi dan PDB Indonesia antara lain disebabkan oleh diskrepansi statistik </li><li>Data 2023: Angka sementara</li><li> Data 2024: Angka sangat sementara</li></ul></p>,Produk Domestik Regional Bruto (Lapangan Usaha),38 Provinsi,6400,KALIMANTAN TIMUR,530,Harga Berlaku,125,2025,0,Tahun,208330.9,64002885301250
bps_webapi,0000,2026-08-19T02:01:52+00:00,2026-02-19 10:24:55,288,[Seri 2010] Produk Domestik Regional Bruto Per Kapita,Ribu Rupiah,2,,<p><ul><li>Perbedaan antara jumlah PDRB 34 Provinsi dan PDB Indonesia antara lain disebabkan oleh diskrepansi statistik </li><li>Data 2023: Angka sementara</li><li> Data 2024: Angka sangat sementara</li></ul></p>,Produk Domestik Regional Bruto (Lapangan Usaha),38 Provinsi,6400,KALIMANTAN TIMUR,531,Harga Konstan 2010,125,2025,0,Tahun,139811.82,64002885311250
bps_webapi,0000,2026-08-19T02:01:52+00:00,2026-02-19 10:24:55,288,[Seri 2010] Produk Domestik Regional Bruto Per Kapita,Ribu Rupiah,2,,<p><ul><li>Perbedaan antara jumlah PDRB 34 Provinsi dan PDB Indonesia antara lain disebabkan oleh diskrepansi statistik </li><li>Data 2023: Angka sementara</li><li> Data 2024: Angka sangat sementara</li></ul></p>,Produk Domestik Regional Bruto (Lapangan Usaha),38 Provinsi,6500,KALIMANTAN UTARA,530,Harga Berlaku,125,2025,0,Tahun,208210.06,65002885301250
bps_webapi,0000,2026-08-19T02:01:52+00:00,2026-02-19 10:24:55,288,[Seri 2010] Produk Domestik Regional Bruto Per Kapita,Ribu Rupiah,2,,<p><ul><li>Perbedaan antara jumlah PDRB 34 Provinsi dan PDB Indonesia antara lain disebabkan oleh diskrepansi statistik </li><li>Data 2023: Angka sementara</li><li> Data 2024: Angka sangat sementara</li></ul></p>,Produk Domestik Regional Bruto (Lapangan Usaha),38 Provinsi,6500,KALIMANTAN UTARA,531,Harga Konstan 2010,125,2025,0,Tahun,102044.64,65002885311250
bps_webapi,0000,2026-08-19T02:01:52+00:00,2026-02-19 10:24:55,288,[Seri 2010] Produk Domestik Regional Bruto Per Kapita,Ribu Rupiah,2,,<p><ul><li>Perbedaan antara jumlah PDRB 34 Provinsi dan PDB Indonesia antara lain disebabkan oleh diskrepansi statistik </li><li>Data 2023: Angka sementara</li><li> Data 2024: Angka sangat sementara</li></ul></p>,Produk Domestik Regional Bruto (Lapangan Usaha),38 Provinsi,7100,SULAWESI UTARA,530,Harga Berlaku,125,2025,0,Tahun,75234.91,71002885301250
bps_webapi,0000,2026-08-19T02:01:52+00:00,2026-02-19 10:24:55,288,[Seri 2010] Produk Domestik Regional Bruto Per Kapita,Ribu Rupiah,2,,<p><ul><li>Perbedaan antara jumlah PDRB 34 Provinsi dan PDB Indonesia antara lain disebabkan oleh diskrepansi statistik </li><li>Data 2023: Angka sementara</li><li> Data 2024: Angka sangat sementara</li></ul></p>,Produk Domestik Regional Bruto (Lapangan Usaha),38 Provinsi,7100,SULAWESI UTARA,531,Harga Konstan 2010,125,2025,0,Tahun,41764.48,71002885311250
bps_webapi,0000,2026-08-19T02:01:52+00:00,2026-02-19 10:24:55,288,[Seri 2010] Produk Domestik Regional Bruto Per Kapita,Ribu Rupiah,2,,<p><ul><li>Perbedaan antara jumlah PDRB 34 Provinsi dan PDB Indonesia antara lain disebabkan oleh diskrepansi statistik </li><li>Data 2023: Angka sementara</li><li> Data 2024: Angka sangat sementara</li></ul></p>,Produk Domestik Regional Bruto (Lapangan Usaha),38 Provinsi,7200,SULAWESI TENGAH,530,Harga Berlaku,125,2025,0,Tahun,131642.52,72002885301250
bps_webapi,0000,2026-08-19T02:01:52+00:00,2026-02-19 10:24:55,288,[Seri 2010] Produk Domestik Regional Bruto Per Kapita,Ribu Rupiah,2,,<p><ul><li>Perbedaan antara jumlah PDRB 34 Provinsi dan PDB Indonesia antara lain disebabkan oleh diskrepansi statistik </li><li>Data 2023: Angka sementara</li><li> Data 2024: Angka sangat sementara</li></ul></p>,Produk Domestik Regional Bruto (Lapangan Usaha),38 Provinsi,7200,SULAWESI TENGAH,531,Harga Konstan 2010,125,2025,0,Tahun,72958.74,72002885311250
bps_webapi,0000,2026-08-19T02:01:52+00:00,2026-02-19 10:24:55,288,[Seri 2010] Produk Domestik Regional Bruto Per Kapita,Ribu Rupiah,2,,<p><ul><li>Perbedaan antara jumlah PDRB 34 Provinsi dan PDB Indonesia antara lain disebabkan oleh diskrepansi statistik </li><li>Data 2023: Angka sementara</li><li> Data 2024: Angka sangat sementara</li></ul></p>,Produk Domestik Regional Bruto (Lapangan Usaha),38 Provinsi,7300,SULAWESI SELATAN,530,Harga Berlaku,125,2025,0,Tahun,78748,73002885301250
bps_webapi,0000,2026-08-19T02:01:52+00:00,2026-02-19 10:24:55,288,[Seri 2010] Produk Domestik Regional Bruto Per Kapita,Ribu Rupiah,2,,<p><ul><li>Perbedaan antara jumlah PDRB 34 Provinsi dan PDB Indonesia antara lain disebabkan oleh diskrepansi statistik </li><li>Data 2023: Angka sementara</li><li> Data 2024: Angka sangat sementara</li></ul></p>,Produk Domestik Regional Bruto (Lapangan Usaha),38 Provinsi,7300,SULAWESI SELATAN,531,Harga Konstan 2010,125,2025,0,Tahun,43671.27,73002885311250
bps_webapi,0000,2026-08-19T02:01:52+00:00,2026-02-19 10:24:55,288,[Seri 2010] Produk Domestik Regional Bruto Per Kapita,Ribu Rupiah,2,,<p><ul><li>Perbedaan antara jumlah PDRB 34 Provinsi dan PDB Indonesia antara lain disebabkan oleh diskrepansi statistik </li><li>Data 2023: Angka sementara</li><li> Data 2024: Angka sangat sementara</li></ul></p>,Produk Domestik Regional Bruto (Lapangan Usaha),38 Provinsi,7400,SULAWESI TENGGARA,530,Harga Berlaku,125,2025,0,Tahun,72031.18,74002885301250
bps_webapi,0000,2026-08-19T02:01:52+00:00,2026-02-19 10:24:55,288,[Seri 2010] Produk Domestik Regional Bruto Per Kapita,Ribu Rupiah,2,,<p><ul><li>Perbedaan antara jumlah PDRB 34 Provinsi dan PDB Indonesia antara lain disebabkan oleh diskrepansi statistik </li><li>Data 2023: Angka sementara</li><li> Data 2024: Angka sangat sementara</li></ul></p>,Produk Domestik Regional Bruto (Lapangan Usaha),38 Provinsi,7400,SULAWESI TENGGARA,531,Harga Konstan 2010,125,2025,0,Tahun,42510.17,74002885311250
bps_webapi,0000,2026-08-19T02:01:52+00:00,2026-02-19 10:24:55,288,[Seri 2010] Produk Domestik Regional Bruto Per Kapita,Ribu Rupiah,2,,<p><ul><li>Perbedaan antara jumlah PDRB 34 Provinsi dan PDB Indonesia antara lain disebabkan oleh diskrepansi statistik </li><li>Data 2023: Angka sementara</li><li> Data 2024: Angka sangat sementara</li></ul></p>,Produk Domestik Regional Bruto (Lapangan Usaha),38 Provinsi,7500,GORONTALO,530,Harga Berlaku,125,2025,0,Tahun,47476.82,75002885301250
bps_webapi,0000,2026-08-19T02:01:52+00:00,2026-02-19 10:24:55,288,[Seri 2010] Produk Domestik Regional Bruto Per Kapita,Ribu Rupiah,2,,<p><ul><li>Perbedaan antara jumlah PDRB 34 Provinsi dan PDB Indonesia antara lain disebabkan oleh diskrepansi statistik </li><li>Data 2023: Angka sementara</li><li> Data 2024: Angka sangat sementara</li></ul></p>,Produk Domestik Regional Bruto (Lapangan Usaha),38 Provinsi,7500,GORONTALO,531,Harga Konstan 2010,125,2025,0,Tahun,28041.7,75002885311250
bps_webapi,0000,2026-08-19T02:01:52+00:00,2026-02-19 10:24:55,288,[Seri 2010] Produk Domestik Regional Bruto Per Kapita,Ribu Rupiah,2,,<p><ul><li>Perbedaan antara jumlah PDRB 34 Provinsi dan PDB Indonesia antara lain disebabkan oleh diskrepansi statistik </li><li>Data 2023: Angka sementara</li><li> Data 2024: Angka sangat sementara</li></ul></p>,Produk Domestik Regional Bruto (Lapangan Usaha),38 Provinsi,7600,SULAWESI BARAT,530,Harga Berlaku,125,2025,0,Tahun,46653.64,76002885301250
bps_webapi,0000,2026-08-19T02:01:52+00:00,2026-02-19 10:24:55,288,[Seri 2010] Produk Domestik Regional Bruto Per Kapita,Ribu Rupiah,2,,<p><ul><li>Perbedaan antara jumlah PDRB 34 Provinsi dan PDB Indonesia antara lain disebabkan oleh diskrepansi statistik </li><li>Data 2023: Angka sementara</li><li> Data 2024: Angka sangat sementara</li></ul></p>,Produk Domestik Regional Bruto (Lapangan Usaha),38 Provinsi,7600,SULAWESI BARAT,531,Harga Konstan 2010,125,2025,0,Tahun,25617.79,76002885311250
bps_webapi,0000,2026-08-19T02:01:52+00:00,2026-02-19 10:24:55,288,[Seri 2010] Produk Domestik Regional Bruto Per Kapita,Ribu Rupiah,2,,<p><ul><li>Perbedaan antara jumlah PDRB 34 Provinsi dan PDB Indonesia antara lain disebabkan oleh diskrepansi statistik </li><li>Data 2023: Angka sementara</li><li> Data 2024: Angka sangat sementara</li></ul></p>,Produk Domestik Regional Bruto (Lapangan Usaha),38 Provinsi,8100,MALUKU,530,Harga Berlaku,125,2025,0,Tahun,33651.87,81002885301250
bps_webapi,0000,2026-08-19T02:01:52+00:00,2026-02-19 10:24:55,288,[Seri 2010] Produk Domestik Regional Bruto Per Kapita,Ribu Rupiah,2,,<p><ul><li>Perbedaan antara jumlah PDRB 34 Provinsi dan PDB Indonesia antara lain disebabkan oleh diskrepansi statistik </li><li>Data 2023: Angka sementara</li><li> Data 2024: Angka sangat sementara</li></ul></p>,Produk Domestik Regional Bruto (Lapangan Usaha),38 Provinsi,8100,MALUKU,531,Harga Konstan 2010,125,2025,0,Tahun,19743.62,81002885311250
bps_webapi,0000,2026-08-19T02:01:52+00:00,2026-02-19 10:24:55,288,[Seri 2010] Produk Domestik Regional Bruto Per Kapita,Ribu Rupiah,2,,<p><ul><li>Perbedaan antara jumlah PDRB 34 Provinsi dan PDB Indonesia antara lain disebabkan oleh diskrepansi statistik </li><li>Data 2023: Angka sementara</li><li> Data 2024: Angka sangat sementara</li></ul></p>,Produk Domestik Regional Bruto (Lapangan Usaha),38 Provinsi,8200,MALUKU UTARA,530,Harga Berlaku,125,2025,0,Tahun,97261.6,82002885301250
bps_webapi,0000,2026-08-19T02:01:52+00:00,2026-02-19 10:24:55,288,[Seri 2010] Produk Domestik Regional Bruto Per Kapita,Ribu Rupiah,2,,<p><ul><li>Perbedaan antara jumlah PDRB 34 Provinsi dan PDB Indonesia antara lain disebabkan oleh diskrepansi statistik </li><li>Data 2023: Angka sementara</li><li> Data 2024: Angka sangat sementara</li></ul></p>,Produk Domestik Regional Bruto (Lapangan Usaha),38 Provinsi,8200,MALUKU UTARA,531,Harga Konstan 2010,125,2025,0,Tahun,54439.49,82002885311250
bps_webapi,0000,2026-08-19T02:01:52+00:00,2026-02-19 10:24:55,288,[Seri 2010] Produk Domestik Regional Bruto Per Kapita,Ribu Rupiah,2,,<p><ul><li>Perbedaan antara jumlah PDRB 34 Provinsi dan PDB Indonesia antara lain disebabkan oleh diskrepansi statistik </li><li>Data 2023: Angka sementara</li><li> Data 2024: Angka sangat sementara</li></ul></p>,Produk Domestik Regional Bruto (Lapangan Usaha),38 Provinsi,9100,PAPUA BARAT,530,Harga Berlaku,125,2025,0,Tahun,139212.56,91002885301250
bps_webapi,0000,2026-08-19T02:01:52+00:00,2026-02-19 10:24:55,288,[Seri 2010] Produk Domestik Regional Bruto Per Kapita,Ribu Rupiah,2,,<p><ul><li>Perbedaan antara jumlah PDRB 34 Provinsi dan PDB Indonesia antara lain disebabkan oleh diskrepansi statistik </li><li>Data 2023: Angka sementara</li><li> Data 2024: Angka sangat sementara</li></ul></p>,Produk Domestik Regional Bruto (Lapangan Usaha),38 Provinsi,9100,PAPUA BARAT,531,Harga Konstan 2010,125,2025,0,Tahun,89651.73,91002885311250
bps_webapi,0000,2026-08-19T02:01:52+00:00,2026-02-19 10:24:55,288,[Seri 2010] Produk Domestik Regional Bruto Per Kapita,Ribu Rupiah,2,,<p><ul><li>Perbedaan antara jumlah PDRB 34 Provinsi dan PDB Indonesia antara lain disebabkan oleh diskrepansi statistik </li><li>Data 2023: Angka sementara</li><li> Data 2024: Angka sangat sementara</li></ul></p>,Produk Domestik Regional Bruto (Lapangan Usaha),38 Provinsi,9200,PAPUA BARAT DAYA,530,Harga Berlaku,125,2025,0,Tahun,61624.05,92002885301250
bps_webapi,0000,2026-08-19T02:01:52+00:00,2026-02-19 10:24:55,288,[Seri 2010] Produk Domestik Regional Bruto Per Kapita,Ribu Rupiah,2,,<p><ul><li>Perbedaan antara jumlah PDRB 34 Provinsi dan PDB Indonesia antara lain disebabkan oleh diskrepansi statistik </li><li>Data 2023: Angka sementara</li><li> Data 2024: Angka sangat sementara</li></ul></p>,Produk Domestik Regional Bruto (Lapangan Usaha),38 Provinsi,9200,PAPUA BARAT DAYA,531,Harga Konstan 2010,125,2025,0,Tahun,40656.59,92002885311250
bps_webapi,0000,2026-08-19T02:01:52+00:00,2026-02-19 10:24:55,288,[Seri 2010] Produk Domestik Regional Bruto Per Kapita,Ribu Rupiah,2,,<p><ul><li>Perbedaan antara jumlah PDRB 34 Provinsi dan PDB Indonesia antara lain disebabkan oleh diskrepansi statistik </li><li>Data 2023: Angka sementara</li><li> Data 2024: Angka sangat sementara</li></ul></p>,Produk Domestik Regional Bruto (Lapangan Usaha),38 Provinsi,9400,PAPUA,530,Harga Berlaku,125,2025,0,Tahun,84305.2,94002885301250
bps_webapi,0000,2026-08-19T02:01:52+00:00,2026-02-19 10:24:55,288,[Seri 2010] Produk Domestik Regional Bruto Per Kapita,Ribu Rupiah,2,,<p><ul><li>Perbedaan antara jumlah PDRB 34 Provinsi dan PDB Indonesia antara lain disebabkan oleh diskrepansi statistik </li><li>Data 2023: Angka sementara</li><li> Data 2024: Angka sangat sementara</li></ul></p>,Produk Domestik Regional Bruto (Lapangan Usaha),38 Provinsi,9400,PAPUA,531,Harga Konstan 2010,125,2025,0,Tahun,49956.04,94002885311250
bps_webapi,0000,2026-08-19T02:01:52+00:00,2026-02-19 10:24:55,288,[Seri 2010] Produk Domestik Regional Bruto Per Kapita,Ribu Rupiah,2,,<p><ul><li>Perbedaan antara jumlah PDRB 34 Provinsi dan PDB Indonesia antara lain disebabkan oleh diskrepansi statistik </li><li>Data 2023: Angka sementara</li><li> Data 2024: Angka sangat sementara</li></ul></p>,Produk Domestik Regional Bruto (Lapangan Usaha),38 Provinsi,9500,PAPUA SELATAN,530,Harga Berlaku,125,2025,0,Tahun,64928.23,95002885301250
bps_webapi,0000,2026-08-19T02:01:52+00:00,2026-02-19 10:24:55,288,[Seri 2010] Produk Domestik Regional Bruto Per Kapita,Ribu Rupiah,2,,<p><ul><li>Perbedaan antara jumlah PDRB 34 Provinsi dan PDB Indonesia antara lain disebabkan oleh diskrepansi statistik </li><li>Data 2023: Angka sementara</li><li> Data 2024: Angka sangat sementara</li></ul></p>,Produk Domestik Regional Bruto (Lapangan Usaha),38 Provinsi,9500,PAPUA SELATAN,531,Harga Konstan 2010,125,2025,0,Tahun,35853.22,95002885311250
bps_webapi,0000,2026-08-19T02:01:52+00:00,2026-02-19 10:24:55,288,[Seri 2010] Produk Domestik Regional Bruto Per Kapita,Ribu Rupiah,2,,<p><ul><li>Perbedaan antara jumlah PDRB 34 Provinsi dan PDB Indonesia antara lain disebabkan oleh diskrepansi statistik </li><li>Data 2023: Angka sementara</li><li> Data 2024: Angka sangat sementara</li></ul></p>,Produk Domestik Regional Bruto (Lapangan Usaha),38 Provinsi,9600,PAPUA TENGAH,530,Harga Berlaku,125,2025,0,Tahun,107565.94,96002885301250
bps_webapi,0000,2026-08-19T02:01:52+00:00,2026-02-19 10:24:55,288,[Seri 2010] Produk Domestik Regional Bruto Per Kapita,Ribu Rupiah,2,,<p><ul><li>Perbedaan antara jumlah PDRB 34 Provinsi dan PDB Indonesia antara lain disebabkan oleh diskrepansi statistik </li><li>Data 2023: Angka sementara</li><li> Data 2024: Angka sangat sementara</li></ul></p>,Produk Domestik Regional Bruto (Lapangan Usaha),38 Provinsi,9600,PAPUA TENGAH,531,Harga Konstan 2010,125,2025,0,Tahun,55267.77,96002885311250
bps_webapi,0000,2026-08-19T02:01:52+00:00,2026-02-19 10:24:55,288,[Seri 2010] Produk Domestik Regional Bruto Per Kapita,Ribu Rupiah,2,,<p><ul><li>Perbedaan antara jumlah PDRB 34 Provinsi dan PDB Indonesia antara lain disebabkan oleh diskrepansi statistik </li><li>Data 2023: Angka sementara</li><li> Data 2024: Angka sangat sementara</li></ul></p>,Produk Domestik Regional Bruto (Lapangan Usaha),38 Provinsi,9700,PAPUA PEGUNUNGAN,530,Harga Berlaku,125,2025,0,Tahun,19111.44,97002885301250
bps_webapi,0000,2026-08-19T02:01:52+00:00,2026-02-19 10:24:55,288,[Seri 2010] Produk Domestik Regional Bruto Per Kapita,Ribu Rupiah,2,,<p><ul><li>Perbedaan antara jumlah PDRB 34 Provinsi dan PDB Indonesia antara lain disebabkan oleh diskrepansi statistik </li><li>Data 2023: Angka sementara</li><li> Data 2024: Angka sangat sementara</li></ul></p>,Produk Domestik Regional Bruto (Lapangan Usaha),38 Provinsi,9700,PAPUA PEGUNUNGAN,531,Harga Konstan 2010,125,2025,0,Tahun,9641.04,97002885311250
bps_webapi,0000,2026-08-19T02:01:52+00:00,2026-02-19 10:24:55,288,[Seri 2010] Produk Domestik Regional Bruto Per Kapita,Ribu Rupiah,2,,<p><ul><li>Perbedaan antara jumlah PDRB 34 Provinsi dan PDB Indonesia antara lain disebabkan oleh diskrepansi statistik </li><li>Data 2023: Angka sementara</li><li> Data 2024: Angka sangat sementara</li></ul></p>,Produk Domestik Regional Bruto (Lapangan Usaha),38 Provinsi,9999,INDONESIA,530,Harga Berlaku,125,2025,0,Tahun,83747.73,99992885301250
bps_webapi,0000,2026-08-19T02:01:52+00:00,2026-02-19 10:24:55,288,[Seri 2010] Produk Domestik Regional Bruto Per Kapita,Ribu Rupiah,2,,<p><ul><li>Perbedaan antara jumlah PDRB 34 Provinsi dan PDB Indonesia antara lain disebabkan oleh diskrepansi statistik </li><li>Data 2023: Angka sementara</li><li> Data 2024: Angka sangat sementara</li></ul></p>,Produk Domestik Regional Bruto (Lapangan Usaha),38 Provinsi,9999,INDONESIA,531,Harga Konstan 2010,125,2025,0,Tahun,47744.98,99992885311250
