source_id,domain,retrieved_at_utc,bps_last_update,bps_var_id,bps_var_label,bps_var_unit,bps_var_decimal,bps_var_definition,bps_var_note,bps_subject,bps_vertical_dimension,bps_vervar_id,bps_vervar_label,bps_turvar_id,bps_turvar_label,bps_th_id,bps_th_label,bps_turth_id,bps_turth_label,value,source_key
bps_webapi,0000,2026-08-19T02:01:19+00:00,2026-08-05 12:26:57,98,Gini Ratio Menurut Provinsi dan Daerah,,3,,"- Sumber  : BPS, Susenas  
<br />- Tahun 2002, Susenas Modul Konsumsi reguler
<br />- Tahun 2005, Susenas Panel (Februari)
<br />- Tahun 2006-2010, Susenas Panel (Maret)
<br />- Tahun 2011-2016, Susenas Modul Konsumsi (Maret dan September)
<br />- Angka Provinsi Papua Barat dan Papua sebelum tahun 2024 merupakan angka provinsi sebelum mengalami pemekaran Daerah Otonom Baru (DOB)",Kemiskinan dan Ketimpangan,38 Provinsi,1100,ACEH,189,Perkotaan,118,2018,61,Semester 1 (Maret),0.344,11009818911861
bps_webapi,0000,2026-08-19T02:01:19+00:00,2026-08-05 12:26:57,98,Gini Ratio Menurut Provinsi dan Daerah,,3,,"- Sumber  : BPS, Susenas  
<br />- Tahun 2002, Susenas Modul Konsumsi reguler
<br />- Tahun 2005, Susenas Panel (Februari)
<br />- Tahun 2006-2010, Susenas Panel (Maret)
<br />- Tahun 2011-2016, Susenas Modul Konsumsi (Maret dan September)
<br />- Angka Provinsi Papua Barat dan Papua sebelum tahun 2024 merupakan angka provinsi sebelum mengalami pemekaran Daerah Otonom Baru (DOB)",Kemiskinan dan Ketimpangan,38 Provinsi,1100,ACEH,189,Perkotaan,118,2018,62,Semester 2 (September),0.338,11009818911862
bps_webapi,0000,2026-08-19T02:01:19+00:00,2026-08-05 12:26:57,98,Gini Ratio Menurut Provinsi dan Daerah,,3,,"- Sumber  : BPS, Susenas  
<br />- Tahun 2002, Susenas Modul Konsumsi reguler
<br />- Tahun 2005, Susenas Panel (Februari)
<br />- Tahun 2006-2010, Susenas Panel (Maret)
<br />- Tahun 2011-2016, Susenas Modul Konsumsi (Maret dan September)
<br />- Angka Provinsi Papua Barat dan Papua sebelum tahun 2024 merupakan angka provinsi sebelum mengalami pemekaran Daerah Otonom Baru (DOB)",Kemiskinan dan Ketimpangan,38 Provinsi,1100,ACEH,190,Perdesaan,118,2018,61,Semester 1 (Maret),0.285,11009819011861
bps_webapi,0000,2026-08-19T02:01:19+00:00,2026-08-05 12:26:57,98,Gini Ratio Menurut Provinsi dan Daerah,,3,,"- Sumber  : BPS, Susenas  
<br />- Tahun 2002, Susenas Modul Konsumsi reguler
<br />- Tahun 2005, Susenas Panel (Februari)
<br />- Tahun 2006-2010, Susenas Panel (Maret)
<br />- Tahun 2011-2016, Susenas Modul Konsumsi (Maret dan September)
<br />- Angka Provinsi Papua Barat dan Papua sebelum tahun 2024 merupakan angka provinsi sebelum mengalami pemekaran Daerah Otonom Baru (DOB)",Kemiskinan dan Ketimpangan,38 Provinsi,1100,ACEH,190,Perdesaan,118,2018,62,Semester 2 (September),0.273,11009819011862
bps_webapi,0000,2026-08-19T02:01:19+00:00,2026-08-05 12:26:57,98,Gini Ratio Menurut Provinsi dan Daerah,,3,,"- Sumber  : BPS, Susenas  
<br />- Tahun 2002, Susenas Modul Konsumsi reguler
<br />- Tahun 2005, Susenas Panel (Februari)
<br />- Tahun 2006-2010, Susenas Panel (Maret)
<br />- Tahun 2011-2016, Susenas Modul Konsumsi (Maret dan September)
<br />- Angka Provinsi Papua Barat dan Papua sebelum tahun 2024 merupakan angka provinsi sebelum mengalami pemekaran Daerah Otonom Baru (DOB)",Kemiskinan dan Ketimpangan,38 Provinsi,1100,ACEH,191,Perkotaan+Perdesaan,118,2018,61,Semester 1 (Maret),0.325,11009819111861
bps_webapi,0000,2026-08-19T02:01:19+00:00,2026-08-05 12:26:57,98,Gini Ratio Menurut Provinsi dan Daerah,,3,,"- Sumber  : BPS, Susenas  
<br />- Tahun 2002, Susenas Modul Konsumsi reguler
<br />- Tahun 2005, Susenas Panel (Februari)
<br />- Tahun 2006-2010, Susenas Panel (Maret)
<br />- Tahun 2011-2016, Susenas Modul Konsumsi (Maret dan September)
<br />- Angka Provinsi Papua Barat dan Papua sebelum tahun 2024 merupakan angka provinsi sebelum mengalami pemekaran Daerah Otonom Baru (DOB)",Kemiskinan dan Ketimpangan,38 Provinsi,1100,ACEH,191,Perkotaan+Perdesaan,118,2018,62,Semester 2 (September),0.318,11009819111862
bps_webapi,0000,2026-08-19T02:01:19+00:00,2026-08-05 12:26:57,98,Gini Ratio Menurut Provinsi dan Daerah,,3,,"- Sumber  : BPS, Susenas  
<br />- Tahun 2002, Susenas Modul Konsumsi reguler
<br />- Tahun 2005, Susenas Panel (Februari)
<br />- Tahun 2006-2010, Susenas Panel (Maret)
<br />- Tahun 2011-2016, Susenas Modul Konsumsi (Maret dan September)
<br />- Angka Provinsi Papua Barat dan Papua sebelum tahun 2024 merupakan angka provinsi sebelum mengalami pemekaran Daerah Otonom Baru (DOB)",Kemiskinan dan Ketimpangan,38 Provinsi,1200,SUMATERA UTARA,189,Perkotaan,118,2018,61,Semester 1 (Maret),0.335,12009818911861
bps_webapi,0000,2026-08-19T02:01:19+00:00,2026-08-05 12:26:57,98,Gini Ratio Menurut Provinsi dan Daerah,,3,,"- Sumber  : BPS, Susenas  
<br />- Tahun 2002, Susenas Modul Konsumsi reguler
<br />- Tahun 2005, Susenas Panel (Februari)
<br />- Tahun 2006-2010, Susenas Panel (Maret)
<br />- Tahun 2011-2016, Susenas Modul Konsumsi (Maret dan September)
<br />- Angka Provinsi Papua Barat dan Papua sebelum tahun 2024 merupakan angka provinsi sebelum mengalami pemekaran Daerah Otonom Baru (DOB)",Kemiskinan dan Ketimpangan,38 Provinsi,1200,SUMATERA UTARA,189,Perkotaan,118,2018,62,Semester 2 (September),0.33,12009818911862
bps_webapi,0000,2026-08-19T02:01:19+00:00,2026-08-05 12:26:57,98,Gini Ratio Menurut Provinsi dan Daerah,,3,,"- Sumber  : BPS, Susenas  
<br />- Tahun 2002, Susenas Modul Konsumsi reguler
<br />- Tahun 2005, Susenas Panel (Februari)
<br />- Tahun 2006-2010, Susenas Panel (Maret)
<br />- Tahun 2011-2016, Susenas Modul Konsumsi (Maret dan September)
<br />- Angka Provinsi Papua Barat dan Papua sebelum tahun 2024 merupakan angka provinsi sebelum mengalami pemekaran Daerah Otonom Baru (DOB)",Kemiskinan dan Ketimpangan,38 Provinsi,1200,SUMATERA UTARA,190,Perdesaan,118,2018,61,Semester 1 (Maret),0.272,12009819011861
bps_webapi,0000,2026-08-19T02:01:19+00:00,2026-08-05 12:26:57,98,Gini Ratio Menurut Provinsi dan Daerah,,3,,"- Sumber  : BPS, Susenas  
<br />- Tahun 2002, Susenas Modul Konsumsi reguler
<br />- Tahun 2005, Susenas Panel (Februari)
<br />- Tahun 2006-2010, Susenas Panel (Maret)
<br />- Tahun 2011-2016, Susenas Modul Konsumsi (Maret dan September)
<br />- Angka Provinsi Papua Barat dan Papua sebelum tahun 2024 merupakan angka provinsi sebelum mengalami pemekaran Daerah Otonom Baru (DOB)",Kemiskinan dan Ketimpangan,38 Provinsi,1200,SUMATERA UTARA,190,Perdesaan,118,2018,62,Semester 2 (September),0.257,12009819011862
bps_webapi,0000,2026-08-19T02:01:19+00:00,2026-08-05 12:26:57,98,Gini Ratio Menurut Provinsi dan Daerah,,3,,"- Sumber  : BPS, Susenas  
<br />- Tahun 2002, Susenas Modul Konsumsi reguler
<br />- Tahun 2005, Susenas Panel (Februari)
<br />- Tahun 2006-2010, Susenas Panel (Maret)
<br />- Tahun 2011-2016, Susenas Modul Konsumsi (Maret dan September)
<br />- Angka Provinsi Papua Barat dan Papua sebelum tahun 2024 merupakan angka provinsi sebelum mengalami pemekaran Daerah Otonom Baru (DOB)",Kemiskinan dan Ketimpangan,38 Provinsi,1200,SUMATERA UTARA,191,Perkotaan+Perdesaan,118,2018,61,Semester 1 (Maret),0.318,12009819111861
bps_webapi,0000,2026-08-19T02:01:19+00:00,2026-08-05 12:26:57,98,Gini Ratio Menurut Provinsi dan Daerah,,3,,"- Sumber  : BPS, Susenas  
<br />- Tahun 2002, Susenas Modul Konsumsi reguler
<br />- Tahun 2005, Susenas Panel (Februari)
<br />- Tahun 2006-2010, Susenas Panel (Maret)
<br />- Tahun 2011-2016, Susenas Modul Konsumsi (Maret dan September)
<br />- Angka Provinsi Papua Barat dan Papua sebelum tahun 2024 merupakan angka provinsi sebelum mengalami pemekaran Daerah Otonom Baru (DOB)",Kemiskinan dan Ketimpangan,38 Provinsi,1200,SUMATERA UTARA,191,Perkotaan+Perdesaan,118,2018,62,Semester 2 (September),0.311,12009819111862
bps_webapi,0000,2026-08-19T02:01:19+00:00,2026-08-05 12:26:57,98,Gini Ratio Menurut Provinsi dan Daerah,,3,,"- Sumber  : BPS, Susenas  
<br />- Tahun 2002, Susenas Modul Konsumsi reguler
<br />- Tahun 2005, Susenas Panel (Februari)
<br />- Tahun 2006-2010, Susenas Panel (Maret)
<br />- Tahun 2011-2016, Susenas Modul Konsumsi (Maret dan September)
<br />- Angka Provinsi Papua Barat dan Papua sebelum tahun 2024 merupakan angka provinsi sebelum mengalami pemekaran Daerah Otonom Baru (DOB)",Kemiskinan dan Ketimpangan,38 Provinsi,1300,SUMATERA BARAT,189,Perkotaan,118,2018,61,Semester 1 (Maret),0.338,13009818911861
bps_webapi,0000,2026-08-19T02:01:19+00:00,2026-08-05 12:26:57,98,Gini Ratio Menurut Provinsi dan Daerah,,3,,"- Sumber  : BPS, Susenas  
<br />- Tahun 2002, Susenas Modul Konsumsi reguler
<br />- Tahun 2005, Susenas Panel (Februari)
<br />- Tahun 2006-2010, Susenas Panel (Maret)
<br />- Tahun 2011-2016, Susenas Modul Konsumsi (Maret dan September)
<br />- Angka Provinsi Papua Barat dan Papua sebelum tahun 2024 merupakan angka provinsi sebelum mengalami pemekaran Daerah Otonom Baru (DOB)",Kemiskinan dan Ketimpangan,38 Provinsi,1300,SUMATERA BARAT,189,Perkotaan,118,2018,62,Semester 2 (September),0.308,13009818911862
bps_webapi,0000,2026-08-19T02:01:19+00:00,2026-08-05 12:26:57,98,Gini Ratio Menurut Provinsi dan Daerah,,3,,"- Sumber  : BPS, Susenas  
<br />- Tahun 2002, Susenas Modul Konsumsi reguler
<br />- Tahun 2005, Susenas Panel (Februari)
<br />- Tahun 2006-2010, Susenas Panel (Maret)
<br />- Tahun 2011-2016, Susenas Modul Konsumsi (Maret dan September)
<br />- Angka Provinsi Papua Barat dan Papua sebelum tahun 2024 merupakan angka provinsi sebelum mengalami pemekaran Daerah Otonom Baru (DOB)",Kemiskinan dan Ketimpangan,38 Provinsi,1300,SUMATERA BARAT,190,Perdesaan,118,2018,61,Semester 1 (Maret),0.28,13009819011861
bps_webapi,0000,2026-08-19T02:01:19+00:00,2026-08-05 12:26:57,98,Gini Ratio Menurut Provinsi dan Daerah,,3,,"- Sumber  : BPS, Susenas  
<br />- Tahun 2002, Susenas Modul Konsumsi reguler
<br />- Tahun 2005, Susenas Panel (Februari)
<br />- Tahun 2006-2010, Susenas Panel (Maret)
<br />- Tahun 2011-2016, Susenas Modul Konsumsi (Maret dan September)
<br />- Angka Provinsi Papua Barat dan Papua sebelum tahun 2024 merupakan angka provinsi sebelum mengalami pemekaran Daerah Otonom Baru (DOB)",Kemiskinan dan Ketimpangan,38 Provinsi,1300,SUMATERA BARAT,190,Perdesaan,118,2018,62,Semester 2 (September),0.262,13009819011862
bps_webapi,0000,2026-08-19T02:01:19+00:00,2026-08-05 12:26:57,98,Gini Ratio Menurut Provinsi dan Daerah,,3,,"- Sumber  : BPS, Susenas  
<br />- Tahun 2002, Susenas Modul Konsumsi reguler
<br />- Tahun 2005, Susenas Panel (Februari)
<br />- Tahun 2006-2010, Susenas Panel (Maret)
<br />- Tahun 2011-2016, Susenas Modul Konsumsi (Maret dan September)
<br />- Angka Provinsi Papua Barat dan Papua sebelum tahun 2024 merupakan angka provinsi sebelum mengalami pemekaran Daerah Otonom Baru (DOB)",Kemiskinan dan Ketimpangan,38 Provinsi,1300,SUMATERA BARAT,191,Perkotaan+Perdesaan,118,2018,61,Semester 1 (Maret),0.321,13009819111861
bps_webapi,0000,2026-08-19T02:01:19+00:00,2026-08-05 12:26:57,98,Gini Ratio Menurut Provinsi dan Daerah,,3,,"- Sumber  : BPS, Susenas  
<br />- Tahun 2002, Susenas Modul Konsumsi reguler
<br />- Tahun 2005, Susenas Panel (Februari)
<br />- Tahun 2006-2010, Susenas Panel (Maret)
<br />- Tahun 2011-2016, Susenas Modul Konsumsi (Maret dan September)
<br />- Angka Provinsi Papua Barat dan Papua sebelum tahun 2024 merupakan angka provinsi sebelum mengalami pemekaran Daerah Otonom Baru (DOB)",Kemiskinan dan Ketimpangan,38 Provinsi,1300,SUMATERA BARAT,191,Perkotaan+Perdesaan,118,2018,62,Semester 2 (September),0.305,13009819111862
bps_webapi,0000,2026-08-19T02:01:19+00:00,2026-08-05 12:26:57,98,Gini Ratio Menurut Provinsi dan Daerah,,3,,"- Sumber  : BPS, Susenas  
<br />- Tahun 2002, Susenas Modul Konsumsi reguler
<br />- Tahun 2005, Susenas Panel (Februari)
<br />- Tahun 2006-2010, Susenas Panel (Maret)
<br />- Tahun 2011-2016, Susenas Modul Konsumsi (Maret dan September)
<br />- Angka Provinsi Papua Barat dan Papua sebelum tahun 2024 merupakan angka provinsi sebelum mengalami pemekaran Daerah Otonom Baru (DOB)",Kemiskinan dan Ketimpangan,38 Provinsi,1400,RIAU,189,Perkotaan,118,2018,61,Semester 1 (Maret),0.356,14009818911861
bps_webapi,0000,2026-08-19T02:01:19+00:00,2026-08-05 12:26:57,98,Gini Ratio Menurut Provinsi dan Daerah,,3,,"- Sumber  : BPS, Susenas  
<br />- Tahun 2002, Susenas Modul Konsumsi reguler
<br />- Tahun 2005, Susenas Panel (Februari)
<br />- Tahun 2006-2010, Susenas Panel (Maret)
<br />- Tahun 2011-2016, Susenas Modul Konsumsi (Maret dan September)
<br />- Angka Provinsi Papua Barat dan Papua sebelum tahun 2024 merupakan angka provinsi sebelum mengalami pemekaran Daerah Otonom Baru (DOB)",Kemiskinan dan Ketimpangan,38 Provinsi,1400,RIAU,189,Perkotaan,118,2018,62,Semester 2 (September),0.379,14009818911862
bps_webapi,0000,2026-08-19T02:01:19+00:00,2026-08-05 12:26:57,98,Gini Ratio Menurut Provinsi dan Daerah,,3,,"- Sumber  : BPS, Susenas  
<br />- Tahun 2002, Susenas Modul Konsumsi reguler
<br />- Tahun 2005, Susenas Panel (Februari)
<br />- Tahun 2006-2010, Susenas Panel (Maret)
<br />- Tahun 2011-2016, Susenas Modul Konsumsi (Maret dan September)
<br />- Angka Provinsi Papua Barat dan Papua sebelum tahun 2024 merupakan angka provinsi sebelum mengalami pemekaran Daerah Otonom Baru (DOB)",Kemiskinan dan Ketimpangan,38 Provinsi,1400,RIAU,190,Perdesaan,118,2018,61,Semester 1 (Maret),0.288,14009819011861
bps_webapi,0000,2026-08-19T02:01:19+00:00,2026-08-05 12:26:57,98,Gini Ratio Menurut Provinsi dan Daerah,,3,,"- Sumber  : BPS, Susenas  
<br />- Tahun 2002, Susenas Modul Konsumsi reguler
<br />- Tahun 2005, Susenas Panel (Februari)
<br />- Tahun 2006-2010, Susenas Panel (Maret)
<br />- Tahun 2011-2016, Susenas Modul Konsumsi (Maret dan September)
<br />- Angka Provinsi Papua Barat dan Papua sebelum tahun 2024 merupakan angka provinsi sebelum mengalami pemekaran Daerah Otonom Baru (DOB)",Kemiskinan dan Ketimpangan,38 Provinsi,1400,RIAU,190,Perdesaan,118,2018,62,Semester 2 (September),0.292,14009819011862
bps_webapi,0000,2026-08-19T02:01:19+00:00,2026-08-05 12:26:57,98,Gini Ratio Menurut Provinsi dan Daerah,,3,,"- Sumber  : BPS, Susenas  
<br />- Tahun 2002, Susenas Modul Konsumsi reguler
<br />- Tahun 2005, Susenas Panel (Februari)
<br />- Tahun 2006-2010, Susenas Panel (Maret)
<br />- Tahun 2011-2016, Susenas Modul Konsumsi (Maret dan September)
<br />- Angka Provinsi Papua Barat dan Papua sebelum tahun 2024 merupakan angka provinsi sebelum mengalami pemekaran Daerah Otonom Baru (DOB)",Kemiskinan dan Ketimpangan,38 Provinsi,1400,RIAU,191,Perkotaan+Perdesaan,118,2018,61,Semester 1 (Maret),0.327,14009819111861
bps_webapi,0000,2026-08-19T02:01:19+00:00,2026-08-05 12:26:57,98,Gini Ratio Menurut Provinsi dan Daerah,,3,,"- Sumber  : BPS, Susenas  
<br />- Tahun 2002, Susenas Modul Konsumsi reguler
<br />- Tahun 2005, Susenas Panel (Februari)
<br />- Tahun 2006-2010, Susenas Panel (Maret)
<br />- Tahun 2011-2016, Susenas Modul Konsumsi (Maret dan September)
<br />- Angka Provinsi Papua Barat dan Papua sebelum tahun 2024 merupakan angka provinsi sebelum mengalami pemekaran Daerah Otonom Baru (DOB)",Kemiskinan dan Ketimpangan,38 Provinsi,1400,RIAU,191,Perkotaan+Perdesaan,118,2018,62,Semester 2 (September),0.347,14009819111862
bps_webapi,0000,2026-08-19T02:01:19+00:00,2026-08-05 12:26:57,98,Gini Ratio Menurut Provinsi dan Daerah,,3,,"- Sumber  : BPS, Susenas  
<br />- Tahun 2002, Susenas Modul Konsumsi reguler
<br />- Tahun 2005, Susenas Panel (Februari)
<br />- Tahun 2006-2010, Susenas Panel (Maret)
<br />- Tahun 2011-2016, Susenas Modul Konsumsi (Maret dan September)
<br />- Angka Provinsi Papua Barat dan Papua sebelum tahun 2024 merupakan angka provinsi sebelum mengalami pemekaran Daerah Otonom Baru (DOB)",Kemiskinan dan Ketimpangan,38 Provinsi,1500,JAMBI,189,Perkotaan,118,2018,61,Semester 1 (Maret),0.354,15009818911861
bps_webapi,0000,2026-08-19T02:01:19+00:00,2026-08-05 12:26:57,98,Gini Ratio Menurut Provinsi dan Daerah,,3,,"- Sumber  : BPS, Susenas  
<br />- Tahun 2002, Susenas Modul Konsumsi reguler
<br />- Tahun 2005, Susenas Panel (Februari)
<br />- Tahun 2006-2010, Susenas Panel (Maret)
<br />- Tahun 2011-2016, Susenas Modul Konsumsi (Maret dan September)
<br />- Angka Provinsi Papua Barat dan Papua sebelum tahun 2024 merupakan angka provinsi sebelum mengalami pemekaran Daerah Otonom Baru (DOB)",Kemiskinan dan Ketimpangan,38 Provinsi,1500,JAMBI,189,Perkotaan,118,2018,62,Semester 2 (September),0.351,15009818911862
bps_webapi,0000,2026-08-19T02:01:19+00:00,2026-08-05 12:26:57,98,Gini Ratio Menurut Provinsi dan Daerah,,3,,"- Sumber  : BPS, Susenas  
<br />- Tahun 2002, Susenas Modul Konsumsi reguler
<br />- Tahun 2005, Susenas Panel (Februari)
<br />- Tahun 2006-2010, Susenas Panel (Maret)
<br />- Tahun 2011-2016, Susenas Modul Konsumsi (Maret dan September)
<br />- Angka Provinsi Papua Barat dan Papua sebelum tahun 2024 merupakan angka provinsi sebelum mengalami pemekaran Daerah Otonom Baru (DOB)",Kemiskinan dan Ketimpangan,38 Provinsi,1500,JAMBI,190,Perdesaan,118,2018,61,Semester 1 (Maret),0.308,15009819011861
bps_webapi,0000,2026-08-19T02:01:19+00:00,2026-08-05 12:26:57,98,Gini Ratio Menurut Provinsi dan Daerah,,3,,"- Sumber  : BPS, Susenas  
<br />- Tahun 2002, Susenas Modul Konsumsi reguler
<br />- Tahun 2005, Susenas Panel (Februari)
<br />- Tahun 2006-2010, Susenas Panel (Maret)
<br />- Tahun 2011-2016, Susenas Modul Konsumsi (Maret dan September)
<br />- Angka Provinsi Papua Barat dan Papua sebelum tahun 2024 merupakan angka provinsi sebelum mengalami pemekaran Daerah Otonom Baru (DOB)",Kemiskinan dan Ketimpangan,38 Provinsi,1500,JAMBI,190,Perdesaan,118,2018,62,Semester 2 (September),0.295,15009819011862
bps_webapi,0000,2026-08-19T02:01:19+00:00,2026-08-05 12:26:57,98,Gini Ratio Menurut Provinsi dan Daerah,,3,,"- Sumber  : BPS, Susenas  
<br />- Tahun 2002, Susenas Modul Konsumsi reguler
<br />- Tahun 2005, Susenas Panel (Februari)
<br />- Tahun 2006-2010, Susenas Panel (Maret)
<br />- Tahun 2011-2016, Susenas Modul Konsumsi (Maret dan September)
<br />- Angka Provinsi Papua Barat dan Papua sebelum tahun 2024 merupakan angka provinsi sebelum mengalami pemekaran Daerah Otonom Baru (DOB)",Kemiskinan dan Ketimpangan,38 Provinsi,1500,JAMBI,191,Perkotaan+Perdesaan,118,2018,61,Semester 1 (Maret),0.334,15009819111861
bps_webapi,0000,2026-08-19T02:01:19+00:00,2026-08-05 12:26:57,98,Gini Ratio Menurut Provinsi dan Daerah,,3,,"- Sumber  : BPS, Susenas  
<br />- Tahun 2002, Susenas Modul Konsumsi reguler
<br />- Tahun 2005, Susenas Panel (Februari)
<br />- Tahun 2006-2010, Susenas Panel (Maret)
<br />- Tahun 2011-2016, Susenas Modul Konsumsi (Maret dan September)
<br />- Angka Provinsi Papua Barat dan Papua sebelum tahun 2024 merupakan angka provinsi sebelum mengalami pemekaran Daerah Otonom Baru (DOB)",Kemiskinan dan Ketimpangan,38 Provinsi,1500,JAMBI,191,Perkotaan+Perdesaan,118,2018,62,Semester 2 (September),0.335,15009819111862
bps_webapi,0000,2026-08-19T02:01:19+00:00,2026-08-05 12:26:57,98,Gini Ratio Menurut Provinsi dan Daerah,,3,,"- Sumber  : BPS, Susenas  
<br />- Tahun 2002, Susenas Modul Konsumsi reguler
<br />- Tahun 2005, Susenas Panel (Februari)
<br />- Tahun 2006-2010, Susenas Panel (Maret)
<br />- Tahun 2011-2016, Susenas Modul Konsumsi (Maret dan September)
<br />- Angka Provinsi Papua Barat dan Papua sebelum tahun 2024 merupakan angka provinsi sebelum mengalami pemekaran Daerah Otonom Baru (DOB)",Kemiskinan dan Ketimpangan,38 Provinsi,1600,SUMATERA SELATAN,189,Perkotaan,118,2018,61,Semester 1 (Maret),0.381,16009818911861
bps_webapi,0000,2026-08-19T02:01:19+00:00,2026-08-05 12:26:57,98,Gini Ratio Menurut Provinsi dan Daerah,,3,,"- Sumber  : BPS, Susenas  
<br />- Tahun 2002, Susenas Modul Konsumsi reguler
<br />- Tahun 2005, Susenas Panel (Februari)
<br />- Tahun 2006-2010, Susenas Panel (Maret)
<br />- Tahun 2011-2016, Susenas Modul Konsumsi (Maret dan September)
<br />- Angka Provinsi Papua Barat dan Papua sebelum tahun 2024 merupakan angka provinsi sebelum mengalami pemekaran Daerah Otonom Baru (DOB)",Kemiskinan dan Ketimpangan,38 Provinsi,1600,SUMATERA SELATAN,189,Perkotaan,118,2018,62,Semester 2 (September),0.354,16009818911862
bps_webapi,0000,2026-08-19T02:01:19+00:00,2026-08-05 12:26:57,98,Gini Ratio Menurut Provinsi dan Daerah,,3,,"- Sumber  : BPS, Susenas  
<br />- Tahun 2002, Susenas Modul Konsumsi reguler
<br />- Tahun 2005, Susenas Panel (Februari)
<br />- Tahun 2006-2010, Susenas Panel (Maret)
<br />- Tahun 2011-2016, Susenas Modul Konsumsi (Maret dan September)
<br />- Angka Provinsi Papua Barat dan Papua sebelum tahun 2024 merupakan angka provinsi sebelum mengalami pemekaran Daerah Otonom Baru (DOB)",Kemiskinan dan Ketimpangan,38 Provinsi,1600,SUMATERA SELATAN,190,Perdesaan,118,2018,61,Semester 1 (Maret),0.316,16009819011861
bps_webapi,0000,2026-08-19T02:01:19+00:00,2026-08-05 12:26:57,98,Gini Ratio Menurut Provinsi dan Daerah,,3,,"- Sumber  : BPS, Susenas  
<br />- Tahun 2002, Susenas Modul Konsumsi reguler
<br />- Tahun 2005, Susenas Panel (Februari)
<br />- Tahun 2006-2010, Susenas Panel (Maret)
<br />- Tahun 2011-2016, Susenas Modul Konsumsi (Maret dan September)
<br />- Angka Provinsi Papua Barat dan Papua sebelum tahun 2024 merupakan angka provinsi sebelum mengalami pemekaran Daerah Otonom Baru (DOB)",Kemiskinan dan Ketimpangan,38 Provinsi,1600,SUMATERA SELATAN,190,Perdesaan,118,2018,62,Semester 2 (September),0.296,16009819011862
bps_webapi,0000,2026-08-19T02:01:19+00:00,2026-08-05 12:26:57,98,Gini Ratio Menurut Provinsi dan Daerah,,3,,"- Sumber  : BPS, Susenas  
<br />- Tahun 2002, Susenas Modul Konsumsi reguler
<br />- Tahun 2005, Susenas Panel (Februari)
<br />- Tahun 2006-2010, Susenas Panel (Maret)
<br />- Tahun 2011-2016, Susenas Modul Konsumsi (Maret dan September)
<br />- Angka Provinsi Papua Barat dan Papua sebelum tahun 2024 merupakan angka provinsi sebelum mengalami pemekaran Daerah Otonom Baru (DOB)",Kemiskinan dan Ketimpangan,38 Provinsi,1600,SUMATERA SELATAN,191,Perkotaan+Perdesaan,118,2018,61,Semester 1 (Maret),0.358,16009819111861
bps_webapi,0000,2026-08-19T02:01:19+00:00,2026-08-05 12:26:57,98,Gini Ratio Menurut Provinsi dan Daerah,,3,,"- Sumber  : BPS, Susenas  
<br />- Tahun 2002, Susenas Modul Konsumsi reguler
<br />- Tahun 2005, Susenas Panel (Februari)
<br />- Tahun 2006-2010, Susenas Panel (Maret)
<br />- Tahun 2011-2016, Susenas Modul Konsumsi (Maret dan September)
<br />- Angka Provinsi Papua Barat dan Papua sebelum tahun 2024 merupakan angka provinsi sebelum mengalami pemekaran Daerah Otonom Baru (DOB)",Kemiskinan dan Ketimpangan,38 Provinsi,1600,SUMATERA SELATAN,191,Perkotaan+Perdesaan,118,2018,62,Semester 2 (September),0.341,16009819111862
bps_webapi,0000,2026-08-19T02:01:19+00:00,2026-08-05 12:26:57,98,Gini Ratio Menurut Provinsi dan Daerah,,3,,"- Sumber  : BPS, Susenas  
<br />- Tahun 2002, Susenas Modul Konsumsi reguler
<br />- Tahun 2005, Susenas Panel (Februari)
<br />- Tahun 2006-2010, Susenas Panel (Maret)
<br />- Tahun 2011-2016, Susenas Modul Konsumsi (Maret dan September)
<br />- Angka Provinsi Papua Barat dan Papua sebelum tahun 2024 merupakan angka provinsi sebelum mengalami pemekaran Daerah Otonom Baru (DOB)",Kemiskinan dan Ketimpangan,38 Provinsi,1700,BENGKULU,189,Perkotaan,118,2018,61,Semester 1 (Maret),0.394,17009818911861
bps_webapi,0000,2026-08-19T02:01:19+00:00,2026-08-05 12:26:57,98,Gini Ratio Menurut Provinsi dan Daerah,,3,,"- Sumber  : BPS, Susenas  
<br />- Tahun 2002, Susenas Modul Konsumsi reguler
<br />- Tahun 2005, Susenas Panel (Februari)
<br />- Tahun 2006-2010, Susenas Panel (Maret)
<br />- Tahun 2011-2016, Susenas Modul Konsumsi (Maret dan September)
<br />- Angka Provinsi Papua Barat dan Papua sebelum tahun 2024 merupakan angka provinsi sebelum mengalami pemekaran Daerah Otonom Baru (DOB)",Kemiskinan dan Ketimpangan,38 Provinsi,1700,BENGKULU,189,Perkotaan,118,2018,62,Semester 2 (September),0.388,17009818911862
bps_webapi,0000,2026-08-19T02:01:19+00:00,2026-08-05 12:26:57,98,Gini Ratio Menurut Provinsi dan Daerah,,3,,"- Sumber  : BPS, Susenas  
<br />- Tahun 2002, Susenas Modul Konsumsi reguler
<br />- Tahun 2005, Susenas Panel (Februari)
<br />- Tahun 2006-2010, Susenas Panel (Maret)
<br />- Tahun 2011-2016, Susenas Modul Konsumsi (Maret dan September)
<br />- Angka Provinsi Papua Barat dan Papua sebelum tahun 2024 merupakan angka provinsi sebelum mengalami pemekaran Daerah Otonom Baru (DOB)",Kemiskinan dan Ketimpangan,38 Provinsi,1700,BENGKULU,190,Perdesaan,118,2018,61,Semester 1 (Maret),0.318,17009819011861
bps_webapi,0000,2026-08-19T02:01:19+00:00,2026-08-05 12:26:57,98,Gini Ratio Menurut Provinsi dan Daerah,,3,,"- Sumber  : BPS, Susenas  
<br />- Tahun 2002, Susenas Modul Konsumsi reguler
<br />- Tahun 2005, Susenas Panel (Februari)
<br />- Tahun 2006-2010, Susenas Panel (Maret)
<br />- Tahun 2011-2016, Susenas Modul Konsumsi (Maret dan September)
<br />- Angka Provinsi Papua Barat dan Papua sebelum tahun 2024 merupakan angka provinsi sebelum mengalami pemekaran Daerah Otonom Baru (DOB)",Kemiskinan dan Ketimpangan,38 Provinsi,1700,BENGKULU,190,Perdesaan,118,2018,62,Semester 2 (September),0.316,17009819011862
bps_webapi,0000,2026-08-19T02:01:19+00:00,2026-08-05 12:26:57,98,Gini Ratio Menurut Provinsi dan Daerah,,3,,"- Sumber  : BPS, Susenas  
<br />- Tahun 2002, Susenas Modul Konsumsi reguler
<br />- Tahun 2005, Susenas Panel (Februari)
<br />- Tahun 2006-2010, Susenas Panel (Maret)
<br />- Tahun 2011-2016, Susenas Modul Konsumsi (Maret dan September)
<br />- Angka Provinsi Papua Barat dan Papua sebelum tahun 2024 merupakan angka provinsi sebelum mengalami pemekaran Daerah Otonom Baru (DOB)",Kemiskinan dan Ketimpangan,38 Provinsi,1700,BENGKULU,191,Perkotaan+Perdesaan,118,2018,61,Semester 1 (Maret),0.362,17009819111861
bps_webapi,0000,2026-08-19T02:01:19+00:00,2026-08-05 12:26:57,98,Gini Ratio Menurut Provinsi dan Daerah,,3,,"- Sumber  : BPS, Susenas  
<br />- Tahun 2002, Susenas Modul Konsumsi reguler
<br />- Tahun 2005, Susenas Panel (Februari)
<br />- Tahun 2006-2010, Susenas Panel (Maret)
<br />- Tahun 2011-2016, Susenas Modul Konsumsi (Maret dan September)
<br />- Angka Provinsi Papua Barat dan Papua sebelum tahun 2024 merupakan angka provinsi sebelum mengalami pemekaran Daerah Otonom Baru (DOB)",Kemiskinan dan Ketimpangan,38 Provinsi,1700,BENGKULU,191,Perkotaan+Perdesaan,118,2018,62,Semester 2 (September),0.355,17009819111862
bps_webapi,0000,2026-08-19T02:01:19+00:00,2026-08-05 12:26:57,98,Gini Ratio Menurut Provinsi dan Daerah,,3,,"- Sumber  : BPS, Susenas  
<br />- Tahun 2002, Susenas Modul Konsumsi reguler
<br />- Tahun 2005, Susenas Panel (Februari)
<br />- Tahun 2006-2010, Susenas Panel (Maret)
<br />- Tahun 2011-2016, Susenas Modul Konsumsi (Maret dan September)
<br />- Angka Provinsi Papua Barat dan Papua sebelum tahun 2024 merupakan angka provinsi sebelum mengalami pemekaran Daerah Otonom Baru (DOB)",Kemiskinan dan Ketimpangan,38 Provinsi,1800,LAMPUNG,189,Perkotaan,118,2018,61,Semester 1 (Maret),0.367,18009818911861
bps_webapi,0000,2026-08-19T02:01:19+00:00,2026-08-05 12:26:57,98,Gini Ratio Menurut Provinsi dan Daerah,,3,,"- Sumber  : BPS, Susenas  
<br />- Tahun 2002, Susenas Modul Konsumsi reguler
<br />- Tahun 2005, Susenas Panel (Februari)
<br />- Tahun 2006-2010, Susenas Panel (Maret)
<br />- Tahun 2011-2016, Susenas Modul Konsumsi (Maret dan September)
<br />- Angka Provinsi Papua Barat dan Papua sebelum tahun 2024 merupakan angka provinsi sebelum mengalami pemekaran Daerah Otonom Baru (DOB)",Kemiskinan dan Ketimpangan,38 Provinsi,1800,LAMPUNG,189,Perkotaan,118,2018,62,Semester 2 (September),0.338,18009818911862
bps_webapi,0000,2026-08-19T02:01:19+00:00,2026-08-05 12:26:57,98,Gini Ratio Menurut Provinsi dan Daerah,,3,,"- Sumber  : BPS, Susenas  
<br />- Tahun 2002, Susenas Modul Konsumsi reguler
<br />- Tahun 2005, Susenas Panel (Februari)
<br />- Tahun 2006-2010, Susenas Panel (Maret)
<br />- Tahun 2011-2016, Susenas Modul Konsumsi (Maret dan September)
<br />- Angka Provinsi Papua Barat dan Papua sebelum tahun 2024 merupakan angka provinsi sebelum mengalami pemekaran Daerah Otonom Baru (DOB)",Kemiskinan dan Ketimpangan,38 Provinsi,1800,LAMPUNG,190,Perdesaan,118,2018,61,Semester 1 (Maret),0.317,18009819011861
bps_webapi,0000,2026-08-19T02:01:19+00:00,2026-08-05 12:26:57,98,Gini Ratio Menurut Provinsi dan Daerah,,3,,"- Sumber  : BPS, Susenas  
<br />- Tahun 2002, Susenas Modul Konsumsi reguler
<br />- Tahun 2005, Susenas Panel (Februari)
<br />- Tahun 2006-2010, Susenas Panel (Maret)
<br />- Tahun 2011-2016, Susenas Modul Konsumsi (Maret dan September)
<br />- Angka Provinsi Papua Barat dan Papua sebelum tahun 2024 merupakan angka provinsi sebelum mengalami pemekaran Daerah Otonom Baru (DOB)",Kemiskinan dan Ketimpangan,38 Provinsi,1800,LAMPUNG,190,Perdesaan,118,2018,62,Semester 2 (September),0.294,18009819011862
bps_webapi,0000,2026-08-19T02:01:19+00:00,2026-08-05 12:26:57,98,Gini Ratio Menurut Provinsi dan Daerah,,3,,"- Sumber  : BPS, Susenas  
<br />- Tahun 2002, Susenas Modul Konsumsi reguler
<br />- Tahun 2005, Susenas Panel (Februari)
<br />- Tahun 2006-2010, Susenas Panel (Maret)
<br />- Tahun 2011-2016, Susenas Modul Konsumsi (Maret dan September)
<br />- Angka Provinsi Papua Barat dan Papua sebelum tahun 2024 merupakan angka provinsi sebelum mengalami pemekaran Daerah Otonom Baru (DOB)",Kemiskinan dan Ketimpangan,38 Provinsi,1800,LAMPUNG,191,Perkotaan+Perdesaan,118,2018,61,Semester 1 (Maret),0.346,18009819111861
bps_webapi,0000,2026-08-19T02:01:19+00:00,2026-08-05 12:26:57,98,Gini Ratio Menurut Provinsi dan Daerah,,3,,"- Sumber  : BPS, Susenas  
<br />- Tahun 2002, Susenas Modul Konsumsi reguler
<br />- Tahun 2005, Susenas Panel (Februari)
<br />- Tahun 2006-2010, Susenas Panel (Maret)
<br />- Tahun 2011-2016, Susenas Modul Konsumsi (Maret dan September)
<br />- Angka Provinsi Papua Barat dan Papua sebelum tahun 2024 merupakan angka provinsi sebelum mengalami pemekaran Daerah Otonom Baru (DOB)",Kemiskinan dan Ketimpangan,38 Provinsi,1800,LAMPUNG,191,Perkotaan+Perdesaan,118,2018,62,Semester 2 (September),0.326,18009819111862
bps_webapi,0000,2026-08-19T02:01:19+00:00,2026-08-05 12:26:57,98,Gini Ratio Menurut Provinsi dan Daerah,,3,,"- Sumber  : BPS, Susenas  
<br />- Tahun 2002, Susenas Modul Konsumsi reguler
<br />- Tahun 2005, Susenas Panel (Februari)
<br />- Tahun 2006-2010, Susenas Panel (Maret)
<br />- Tahun 2011-2016, Susenas Modul Konsumsi (Maret dan September)
<br />- Angka Provinsi Papua Barat dan Papua sebelum tahun 2024 merupakan angka provinsi sebelum mengalami pemekaran Daerah Otonom Baru (DOB)",Kemiskinan dan Ketimpangan,38 Provinsi,1900,KEP. BANGKA BELITUNG,189,Perkotaan,118,2018,61,Semester 1 (Maret),0.296,19009818911861
bps_webapi,0000,2026-08-19T02:01:19+00:00,2026-08-05 12:26:57,98,Gini Ratio Menurut Provinsi dan Daerah,,3,,"- Sumber  : BPS, Susenas  
<br />- Tahun 2002, Susenas Modul Konsumsi reguler
<br />- Tahun 2005, Susenas Panel (Februari)
<br />- Tahun 2006-2010, Susenas Panel (Maret)
<br />- Tahun 2011-2016, Susenas Modul Konsumsi (Maret dan September)
<br />- Angka Provinsi Papua Barat dan Papua sebelum tahun 2024 merupakan angka provinsi sebelum mengalami pemekaran Daerah Otonom Baru (DOB)",Kemiskinan dan Ketimpangan,38 Provinsi,1900,KEP. BANGKA BELITUNG,189,Perkotaan,118,2018,62,Semester 2 (September),0.289,19009818911862
bps_webapi,0000,2026-08-19T02:01:19+00:00,2026-08-05 12:26:57,98,Gini Ratio Menurut Provinsi dan Daerah,,3,,"- Sumber  : BPS, Susenas  
<br />- Tahun 2002, Susenas Modul Konsumsi reguler
<br />- Tahun 2005, Susenas Panel (Februari)
<br />- Tahun 2006-2010, Susenas Panel (Maret)
<br />- Tahun 2011-2016, Susenas Modul Konsumsi (Maret dan September)
<br />- Angka Provinsi Papua Barat dan Papua sebelum tahun 2024 merupakan angka provinsi sebelum mengalami pemekaran Daerah Otonom Baru (DOB)",Kemiskinan dan Ketimpangan,38 Provinsi,1900,KEP. BANGKA BELITUNG,190,Perdesaan,118,2018,61,Semester 1 (Maret),0.238,19009819011861
bps_webapi,0000,2026-08-19T02:01:19+00:00,2026-08-05 12:26:57,98,Gini Ratio Menurut Provinsi dan Daerah,,3,,"- Sumber  : BPS, Susenas  
<br />- Tahun 2002, Susenas Modul Konsumsi reguler
<br />- Tahun 2005, Susenas Panel (Februari)
<br />- Tahun 2006-2010, Susenas Panel (Maret)
<br />- Tahun 2011-2016, Susenas Modul Konsumsi (Maret dan September)
<br />- Angka Provinsi Papua Barat dan Papua sebelum tahun 2024 merupakan angka provinsi sebelum mengalami pemekaran Daerah Otonom Baru (DOB)",Kemiskinan dan Ketimpangan,38 Provinsi,1900,KEP. BANGKA BELITUNG,190,Perdesaan,118,2018,62,Semester 2 (September),0.222,19009819011862
bps_webapi,0000,2026-08-19T02:01:19+00:00,2026-08-05 12:26:57,98,Gini Ratio Menurut Provinsi dan Daerah,,3,,"- Sumber  : BPS, Susenas  
<br />- Tahun 2002, Susenas Modul Konsumsi reguler
<br />- Tahun 2005, Susenas Panel (Februari)
<br />- Tahun 2006-2010, Susenas Panel (Maret)
<br />- Tahun 2011-2016, Susenas Modul Konsumsi (Maret dan September)
<br />- Angka Provinsi Papua Barat dan Papua sebelum tahun 2024 merupakan angka provinsi sebelum mengalami pemekaran Daerah Otonom Baru (DOB)",Kemiskinan dan Ketimpangan,38 Provinsi,1900,KEP. BANGKA BELITUNG,191,Perkotaan+Perdesaan,118,2018,61,Semester 1 (Maret),0.281,19009819111861
bps_webapi,0000,2026-08-19T02:01:19+00:00,2026-08-05 12:26:57,98,Gini Ratio Menurut Provinsi dan Daerah,,3,,"- Sumber  : BPS, Susenas  
<br />- Tahun 2002, Susenas Modul Konsumsi reguler
<br />- Tahun 2005, Susenas Panel (Februari)
<br />- Tahun 2006-2010, Susenas Panel (Maret)
<br />- Tahun 2011-2016, Susenas Modul Konsumsi (Maret dan September)
<br />- Angka Provinsi Papua Barat dan Papua sebelum tahun 2024 merupakan angka provinsi sebelum mengalami pemekaran Daerah Otonom Baru (DOB)",Kemiskinan dan Ketimpangan,38 Provinsi,1900,KEP. BANGKA BELITUNG,191,Perkotaan+Perdesaan,118,2018,62,Semester 2 (September),0.272,19009819111862
bps_webapi,0000,2026-08-19T02:01:19+00:00,2026-08-05 12:26:57,98,Gini Ratio Menurut Provinsi dan Daerah,,3,,"- Sumber  : BPS, Susenas  
<br />- Tahun 2002, Susenas Modul Konsumsi reguler
<br />- Tahun 2005, Susenas Panel (Februari)
<br />- Tahun 2006-2010, Susenas Panel (Maret)
<br />- Tahun 2011-2016, Susenas Modul Konsumsi (Maret dan September)
<br />- Angka Provinsi Papua Barat dan Papua sebelum tahun 2024 merupakan angka provinsi sebelum mengalami pemekaran Daerah Otonom Baru (DOB)",Kemiskinan dan Ketimpangan,38 Provinsi,2100,KEP. RIAU,189,Perkotaan,118,2018,61,Semester 1 (Maret),0.325,21009818911861
bps_webapi,0000,2026-08-19T02:01:19+00:00,2026-08-05 12:26:57,98,Gini Ratio Menurut Provinsi dan Daerah,,3,,"- Sumber  : BPS, Susenas  
<br />- Tahun 2002, Susenas Modul Konsumsi reguler
<br />- Tahun 2005, Susenas Panel (Februari)
<br />- Tahun 2006-2010, Susenas Panel (Maret)
<br />- Tahun 2011-2016, Susenas Modul Konsumsi (Maret dan September)
<br />- Angka Provinsi Papua Barat dan Papua sebelum tahun 2024 merupakan angka provinsi sebelum mengalami pemekaran Daerah Otonom Baru (DOB)",Kemiskinan dan Ketimpangan,38 Provinsi,2100,KEP. RIAU,189,Perkotaan,118,2018,62,Semester 2 (September),0.333,21009818911862
bps_webapi,0000,2026-08-19T02:01:19+00:00,2026-08-05 12:26:57,98,Gini Ratio Menurut Provinsi dan Daerah,,3,,"- Sumber  : BPS, Susenas  
<br />- Tahun 2002, Susenas Modul Konsumsi reguler
<br />- Tahun 2005, Susenas Panel (Februari)
<br />- Tahun 2006-2010, Susenas Panel (Maret)
<br />- Tahun 2011-2016, Susenas Modul Konsumsi (Maret dan September)
<br />- Angka Provinsi Papua Barat dan Papua sebelum tahun 2024 merupakan angka provinsi sebelum mengalami pemekaran Daerah Otonom Baru (DOB)",Kemiskinan dan Ketimpangan,38 Provinsi,2100,KEP. RIAU,190,Perdesaan,118,2018,61,Semester 1 (Maret),0.289,21009819011861
bps_webapi,0000,2026-08-19T02:01:19+00:00,2026-08-05 12:26:57,98,Gini Ratio Menurut Provinsi dan Daerah,,3,,"- Sumber  : BPS, Susenas  
<br />- Tahun 2002, Susenas Modul Konsumsi reguler
<br />- Tahun 2005, Susenas Panel (Februari)
<br />- Tahun 2006-2010, Susenas Panel (Maret)
<br />- Tahun 2011-2016, Susenas Modul Konsumsi (Maret dan September)
<br />- Angka Provinsi Papua Barat dan Papua sebelum tahun 2024 merupakan angka provinsi sebelum mengalami pemekaran Daerah Otonom Baru (DOB)",Kemiskinan dan Ketimpangan,38 Provinsi,2100,KEP. RIAU,190,Perdesaan,118,2018,62,Semester 2 (September),0.262,21009819011862
bps_webapi,0000,2026-08-19T02:01:19+00:00,2026-08-05 12:26:57,98,Gini Ratio Menurut Provinsi dan Daerah,,3,,"- Sumber  : BPS, Susenas  
<br />- Tahun 2002, Susenas Modul Konsumsi reguler
<br />- Tahun 2005, Susenas Panel (Februari)
<br />- Tahun 2006-2010, Susenas Panel (Maret)
<br />- Tahun 2011-2016, Susenas Modul Konsumsi (Maret dan September)
<br />- Angka Provinsi Papua Barat dan Papua sebelum tahun 2024 merupakan angka provinsi sebelum mengalami pemekaran Daerah Otonom Baru (DOB)",Kemiskinan dan Ketimpangan,38 Provinsi,2100,KEP. RIAU,191,Perkotaan+Perdesaan,118,2018,61,Semester 1 (Maret),0.33,21009819111861
bps_webapi,0000,2026-08-19T02:01:19+00:00,2026-08-05 12:26:57,98,Gini Ratio Menurut Provinsi dan Daerah,,3,,"- Sumber  : BPS, Susenas  
<br />- Tahun 2002, Susenas Modul Konsumsi reguler
<br />- Tahun 2005, Susenas Panel (Februari)
<br />- Tahun 2006-2010, Susenas Panel (Maret)
<br />- Tahun 2011-2016, Susenas Modul Konsumsi (Maret dan September)
<br />- Angka Provinsi Papua Barat dan Papua sebelum tahun 2024 merupakan angka provinsi sebelum mengalami pemekaran Daerah Otonom Baru (DOB)",Kemiskinan dan Ketimpangan,38 Provinsi,2100,KEP. RIAU,191,Perkotaan+Perdesaan,118,2018,62,Semester 2 (September),0.339,21009819111862
bps_webapi,0000,2026-08-19T02:01:19+00:00,2026-08-05 12:26:57,98,Gini Ratio Menurut Provinsi dan Daerah,,3,,"- Sumber  : BPS, Susenas  
<br />- Tahun 2002, Susenas Modul Konsumsi reguler
<br />- Tahun 2005, Susenas Panel (Februari)
<br />- Tahun 2006-2010, Susenas Panel (Maret)
<br />- Tahun 2011-2016, Susenas Modul Konsumsi (Maret dan September)
<br />- Angka Provinsi Papua Barat dan Papua sebelum tahun 2024 merupakan angka provinsi sebelum mengalami pemekaran Daerah Otonom Baru (DOB)",Kemiskinan dan Ketimpangan,38 Provinsi,3100,DKI JAKARTA,189,Perkotaan,118,2018,61,Semester 1 (Maret),0.394,31009818911861
bps_webapi,0000,2026-08-19T02:01:19+00:00,2026-08-05 12:26:57,98,Gini Ratio Menurut Provinsi dan Daerah,,3,,"- Sumber  : BPS, Susenas  
<br />- Tahun 2002, Susenas Modul Konsumsi reguler
<br />- Tahun 2005, Susenas Panel (Februari)
<br />- Tahun 2006-2010, Susenas Panel (Maret)
<br />- Tahun 2011-2016, Susenas Modul Konsumsi (Maret dan September)
<br />- Angka Provinsi Papua Barat dan Papua sebelum tahun 2024 merupakan angka provinsi sebelum mengalami pemekaran Daerah Otonom Baru (DOB)",Kemiskinan dan Ketimpangan,38 Provinsi,3100,DKI JAKARTA,189,Perkotaan,118,2018,62,Semester 2 (September),0.39,31009818911862
bps_webapi,0000,2026-08-19T02:01:19+00:00,2026-08-05 12:26:57,98,Gini Ratio Menurut Provinsi dan Daerah,,3,,"- Sumber  : BPS, Susenas  
<br />- Tahun 2002, Susenas Modul Konsumsi reguler
<br />- Tahun 2005, Susenas Panel (Februari)
<br />- Tahun 2006-2010, Susenas Panel (Maret)
<br />- Tahun 2011-2016, Susenas Modul Konsumsi (Maret dan September)
<br />- Angka Provinsi Papua Barat dan Papua sebelum tahun 2024 merupakan angka provinsi sebelum mengalami pemekaran Daerah Otonom Baru (DOB)",Kemiskinan dan Ketimpangan,38 Provinsi,3100,DKI JAKARTA,191,Perkotaan+Perdesaan,118,2018,61,Semester 1 (Maret),0.394,31009819111861
bps_webapi,0000,2026-08-19T02:01:19+00:00,2026-08-05 12:26:57,98,Gini Ratio Menurut Provinsi dan Daerah,,3,,"- Sumber  : BPS, Susenas  
<br />- Tahun 2002, Susenas Modul Konsumsi reguler
<br />- Tahun 2005, Susenas Panel (Februari)
<br />- Tahun 2006-2010, Susenas Panel (Maret)
<br />- Tahun 2011-2016, Susenas Modul Konsumsi (Maret dan September)
<br />- Angka Provinsi Papua Barat dan Papua sebelum tahun 2024 merupakan angka provinsi sebelum mengalami pemekaran Daerah Otonom Baru (DOB)",Kemiskinan dan Ketimpangan,38 Provinsi,3100,DKI JAKARTA,191,Perkotaan+Perdesaan,118,2018,62,Semester 2 (September),0.39,31009819111862
bps_webapi,0000,2026-08-19T02:01:19+00:00,2026-08-05 12:26:57,98,Gini Ratio Menurut Provinsi dan Daerah,,3,,"- Sumber  : BPS, Susenas  
<br />- Tahun 2002, Susenas Modul Konsumsi reguler
<br />- Tahun 2005, Susenas Panel (Februari)
<br />- Tahun 2006-2010, Susenas Panel (Maret)
<br />- Tahun 2011-2016, Susenas Modul Konsumsi (Maret dan September)
<br />- Angka Provinsi Papua Barat dan Papua sebelum tahun 2024 merupakan angka provinsi sebelum mengalami pemekaran Daerah Otonom Baru (DOB)",Kemiskinan dan Ketimpangan,38 Provinsi,3200,JAWA BARAT,189,Perkotaan,118,2018,61,Semester 1 (Maret),0.418,32009818911861
bps_webapi,0000,2026-08-19T02:01:19+00:00,2026-08-05 12:26:57,98,Gini Ratio Menurut Provinsi dan Daerah,,3,,"- Sumber  : BPS, Susenas  
<br />- Tahun 2002, Susenas Modul Konsumsi reguler
<br />- Tahun 2005, Susenas Panel (Februari)
<br />- Tahun 2006-2010, Susenas Panel (Maret)
<br />- Tahun 2011-2016, Susenas Modul Konsumsi (Maret dan September)
<br />- Angka Provinsi Papua Barat dan Papua sebelum tahun 2024 merupakan angka provinsi sebelum mengalami pemekaran Daerah Otonom Baru (DOB)",Kemiskinan dan Ketimpangan,38 Provinsi,3200,JAWA BARAT,189,Perkotaan,118,2018,62,Semester 2 (September),0.413,32009818911862
bps_webapi,0000,2026-08-19T02:01:19+00:00,2026-08-05 12:26:57,98,Gini Ratio Menurut Provinsi dan Daerah,,3,,"- Sumber  : BPS, Susenas  
<br />- Tahun 2002, Susenas Modul Konsumsi reguler
<br />- Tahun 2005, Susenas Panel (Februari)
<br />- Tahun 2006-2010, Susenas Panel (Maret)
<br />- Tahun 2011-2016, Susenas Modul Konsumsi (Maret dan September)
<br />- Angka Provinsi Papua Barat dan Papua sebelum tahun 2024 merupakan angka provinsi sebelum mengalami pemekaran Daerah Otonom Baru (DOB)",Kemiskinan dan Ketimpangan,38 Provinsi,3200,JAWA BARAT,190,Perdesaan,118,2018,61,Semester 1 (Maret),0.322,32009819011861
bps_webapi,0000,2026-08-19T02:01:19+00:00,2026-08-05 12:26:57,98,Gini Ratio Menurut Provinsi dan Daerah,,3,,"- Sumber  : BPS, Susenas  
<br />- Tahun 2002, Susenas Modul Konsumsi reguler
<br />- Tahun 2005, Susenas Panel (Februari)
<br />- Tahun 2006-2010, Susenas Panel (Maret)
<br />- Tahun 2011-2016, Susenas Modul Konsumsi (Maret dan September)
<br />- Angka Provinsi Papua Barat dan Papua sebelum tahun 2024 merupakan angka provinsi sebelum mengalami pemekaran Daerah Otonom Baru (DOB)",Kemiskinan dan Ketimpangan,38 Provinsi,3200,JAWA BARAT,190,Perdesaan,118,2018,62,Semester 2 (September),0.315,32009819011862
bps_webapi,0000,2026-08-19T02:01:19+00:00,2026-08-05 12:26:57,98,Gini Ratio Menurut Provinsi dan Daerah,,3,,"- Sumber  : BPS, Susenas  
<br />- Tahun 2002, Susenas Modul Konsumsi reguler
<br />- Tahun 2005, Susenas Panel (Februari)
<br />- Tahun 2006-2010, Susenas Panel (Maret)
<br />- Tahun 2011-2016, Susenas Modul Konsumsi (Maret dan September)
<br />- Angka Provinsi Papua Barat dan Papua sebelum tahun 2024 merupakan angka provinsi sebelum mengalami pemekaran Daerah Otonom Baru (DOB)",Kemiskinan dan Ketimpangan,38 Provinsi,3200,JAWA BARAT,191,Perkotaan+Perdesaan,118,2018,61,Semester 1 (Maret),0.407,32009819111861
bps_webapi,0000,2026-08-19T02:01:19+00:00,2026-08-05 12:26:57,98,Gini Ratio Menurut Provinsi dan Daerah,,3,,"- Sumber  : BPS, Susenas  
<br />- Tahun 2002, Susenas Modul Konsumsi reguler
<br />- Tahun 2005, Susenas Panel (Februari)
<br />- Tahun 2006-2010, Susenas Panel (Maret)
<br />- Tahun 2011-2016, Susenas Modul Konsumsi (Maret dan September)
<br />- Angka Provinsi Papua Barat dan Papua sebelum tahun 2024 merupakan angka provinsi sebelum mengalami pemekaran Daerah Otonom Baru (DOB)",Kemiskinan dan Ketimpangan,38 Provinsi,3200,JAWA BARAT,191,Perkotaan+Perdesaan,118,2018,62,Semester 2 (September),0.405,32009819111862
bps_webapi,0000,2026-08-19T02:01:19+00:00,2026-08-05 12:26:57,98,Gini Ratio Menurut Provinsi dan Daerah,,3,,"- Sumber  : BPS, Susenas  
<br />- Tahun 2002, Susenas Modul Konsumsi reguler
<br />- Tahun 2005, Susenas Panel (Februari)
<br />- Tahun 2006-2010, Susenas Panel (Maret)
<br />- Tahun 2011-2016, Susenas Modul Konsumsi (Maret dan September)
<br />- Angka Provinsi Papua Barat dan Papua sebelum tahun 2024 merupakan angka provinsi sebelum mengalami pemekaran Daerah Otonom Baru (DOB)",Kemiskinan dan Ketimpangan,38 Provinsi,3300,JAWA TENGAH,189,Perkotaan,118,2018,61,Semester 1 (Maret),0.4,33009818911861
bps_webapi,0000,2026-08-19T02:01:19+00:00,2026-08-05 12:26:57,98,Gini Ratio Menurut Provinsi dan Daerah,,3,,"- Sumber  : BPS, Susenas  
<br />- Tahun 2002, Susenas Modul Konsumsi reguler
<br />- Tahun 2005, Susenas Panel (Februari)
<br />- Tahun 2006-2010, Susenas Panel (Maret)
<br />- Tahun 2011-2016, Susenas Modul Konsumsi (Maret dan September)
<br />- Angka Provinsi Papua Barat dan Papua sebelum tahun 2024 merupakan angka provinsi sebelum mengalami pemekaran Daerah Otonom Baru (DOB)",Kemiskinan dan Ketimpangan,38 Provinsi,3300,JAWA TENGAH,189,Perkotaan,118,2018,62,Semester 2 (September),0.377,33009818911862
bps_webapi,0000,2026-08-19T02:01:19+00:00,2026-08-05 12:26:57,98,Gini Ratio Menurut Provinsi dan Daerah,,3,,"- Sumber  : BPS, Susenas  
<br />- Tahun 2002, Susenas Modul Konsumsi reguler
<br />- Tahun 2005, Susenas Panel (Februari)
<br />- Tahun 2006-2010, Susenas Panel (Maret)
<br />- Tahun 2011-2016, Susenas Modul Konsumsi (Maret dan September)
<br />- Angka Provinsi Papua Barat dan Papua sebelum tahun 2024 merupakan angka provinsi sebelum mengalami pemekaran Daerah Otonom Baru (DOB)",Kemiskinan dan Ketimpangan,38 Provinsi,3300,JAWA TENGAH,190,Perdesaan,118,2018,61,Semester 1 (Maret),0.336,33009819011861
bps_webapi,0000,2026-08-19T02:01:19+00:00,2026-08-05 12:26:57,98,Gini Ratio Menurut Provinsi dan Daerah,,3,,"- Sumber  : BPS, Susenas  
<br />- Tahun 2002, Susenas Modul Konsumsi reguler
<br />- Tahun 2005, Susenas Panel (Februari)
<br />- Tahun 2006-2010, Susenas Panel (Maret)
<br />- Tahun 2011-2016, Susenas Modul Konsumsi (Maret dan September)
<br />- Angka Provinsi Papua Barat dan Papua sebelum tahun 2024 merupakan angka provinsi sebelum mengalami pemekaran Daerah Otonom Baru (DOB)",Kemiskinan dan Ketimpangan,38 Provinsi,3300,JAWA TENGAH,190,Perdesaan,118,2018,62,Semester 2 (September),0.315,33009819011862
bps_webapi,0000,2026-08-19T02:01:19+00:00,2026-08-05 12:26:57,98,Gini Ratio Menurut Provinsi dan Daerah,,3,,"- Sumber  : BPS, Susenas  
<br />- Tahun 2002, Susenas Modul Konsumsi reguler
<br />- Tahun 2005, Susenas Panel (Februari)
<br />- Tahun 2006-2010, Susenas Panel (Maret)
<br />- Tahun 2011-2016, Susenas Modul Konsumsi (Maret dan September)
<br />- Angka Provinsi Papua Barat dan Papua sebelum tahun 2024 merupakan angka provinsi sebelum mengalami pemekaran Daerah Otonom Baru (DOB)",Kemiskinan dan Ketimpangan,38 Provinsi,3300,JAWA TENGAH,191,Perkotaan+Perdesaan,118,2018,61,Semester 1 (Maret),0.378,33009819111861
bps_webapi,0000,2026-08-19T02:01:19+00:00,2026-08-05 12:26:57,98,Gini Ratio Menurut Provinsi dan Daerah,,3,,"- Sumber  : BPS, Susenas  
<br />- Tahun 2002, Susenas Modul Konsumsi reguler
<br />- Tahun 2005, Susenas Panel (Februari)
<br />- Tahun 2006-2010, Susenas Panel (Maret)
<br />- Tahun 2011-2016, Susenas Modul Konsumsi (Maret dan September)
<br />- Angka Provinsi Papua Barat dan Papua sebelum tahun 2024 merupakan angka provinsi sebelum mengalami pemekaran Daerah Otonom Baru (DOB)",Kemiskinan dan Ketimpangan,38 Provinsi,3300,JAWA TENGAH,191,Perkotaan+Perdesaan,118,2018,62,Semester 2 (September),0.357,33009819111862
bps_webapi,0000,2026-08-19T02:01:19+00:00,2026-08-05 12:26:57,98,Gini Ratio Menurut Provinsi dan Daerah,,3,,"- Sumber  : BPS, Susenas  
<br />- Tahun 2002, Susenas Modul Konsumsi reguler
<br />- Tahun 2005, Susenas Panel (Februari)
<br />- Tahun 2006-2010, Susenas Panel (Maret)
<br />- Tahun 2011-2016, Susenas Modul Konsumsi (Maret dan September)
<br />- Angka Provinsi Papua Barat dan Papua sebelum tahun 2024 merupakan angka provinsi sebelum mengalami pemekaran Daerah Otonom Baru (DOB)",Kemiskinan dan Ketimpangan,38 Provinsi,3400,DI YOGYAKARTA,189,Perkotaan,118,2018,61,Semester 1 (Maret),0.442,34009818911861
bps_webapi,0000,2026-08-19T02:01:19+00:00,2026-08-05 12:26:57,98,Gini Ratio Menurut Provinsi dan Daerah,,3,,"- Sumber  : BPS, Susenas  
<br />- Tahun 2002, Susenas Modul Konsumsi reguler
<br />- Tahun 2005, Susenas Panel (Februari)
<br />- Tahun 2006-2010, Susenas Panel (Maret)
<br />- Tahun 2011-2016, Susenas Modul Konsumsi (Maret dan September)
<br />- Angka Provinsi Papua Barat dan Papua sebelum tahun 2024 merupakan angka provinsi sebelum mengalami pemekaran Daerah Otonom Baru (DOB)",Kemiskinan dan Ketimpangan,38 Provinsi,3400,DI YOGYAKARTA,189,Perkotaan,118,2018,62,Semester 2 (September),0.421,34009818911862
bps_webapi,0000,2026-08-19T02:01:19+00:00,2026-08-05 12:26:57,98,Gini Ratio Menurut Provinsi dan Daerah,,3,,"- Sumber  : BPS, Susenas  
<br />- Tahun 2002, Susenas Modul Konsumsi reguler
<br />- Tahun 2005, Susenas Panel (Februari)
<br />- Tahun 2006-2010, Susenas Panel (Maret)
<br />- Tahun 2011-2016, Susenas Modul Konsumsi (Maret dan September)
<br />- Angka Provinsi Papua Barat dan Papua sebelum tahun 2024 merupakan angka provinsi sebelum mengalami pemekaran Daerah Otonom Baru (DOB)",Kemiskinan dan Ketimpangan,38 Provinsi,3400,DI YOGYAKARTA,190,Perdesaan,118,2018,61,Semester 1 (Maret),0.35,34009819011861
bps_webapi,0000,2026-08-19T02:01:19+00:00,2026-08-05 12:26:57,98,Gini Ratio Menurut Provinsi dan Daerah,,3,,"- Sumber  : BPS, Susenas  
<br />- Tahun 2002, Susenas Modul Konsumsi reguler
<br />- Tahun 2005, Susenas Panel (Februari)
<br />- Tahun 2006-2010, Susenas Panel (Maret)
<br />- Tahun 2011-2016, Susenas Modul Konsumsi (Maret dan September)
<br />- Angka Provinsi Papua Barat dan Papua sebelum tahun 2024 merupakan angka provinsi sebelum mengalami pemekaran Daerah Otonom Baru (DOB)",Kemiskinan dan Ketimpangan,38 Provinsi,3400,DI YOGYAKARTA,190,Perdesaan,118,2018,62,Semester 2 (September),0.326,34009819011862
bps_webapi,0000,2026-08-19T02:01:19+00:00,2026-08-05 12:26:57,98,Gini Ratio Menurut Provinsi dan Daerah,,3,,"- Sumber  : BPS, Susenas  
<br />- Tahun 2002, Susenas Modul Konsumsi reguler
<br />- Tahun 2005, Susenas Panel (Februari)
<br />- Tahun 2006-2010, Susenas Panel (Maret)
<br />- Tahun 2011-2016, Susenas Modul Konsumsi (Maret dan September)
<br />- Angka Provinsi Papua Barat dan Papua sebelum tahun 2024 merupakan angka provinsi sebelum mengalami pemekaran Daerah Otonom Baru (DOB)",Kemiskinan dan Ketimpangan,38 Provinsi,3400,DI YOGYAKARTA,191,Perkotaan+Perdesaan,118,2018,61,Semester 1 (Maret),0.441,34009819111861
bps_webapi,0000,2026-08-19T02:01:19+00:00,2026-08-05 12:26:57,98,Gini Ratio Menurut Provinsi dan Daerah,,3,,"- Sumber  : BPS, Susenas  
<br />- Tahun 2002, Susenas Modul Konsumsi reguler
<br />- Tahun 2005, Susenas Panel (Februari)
<br />- Tahun 2006-2010, Susenas Panel (Maret)
<br />- Tahun 2011-2016, Susenas Modul Konsumsi (Maret dan September)
<br />- Angka Provinsi Papua Barat dan Papua sebelum tahun 2024 merupakan angka provinsi sebelum mengalami pemekaran Daerah Otonom Baru (DOB)",Kemiskinan dan Ketimpangan,38 Provinsi,3400,DI YOGYAKARTA,191,Perkotaan+Perdesaan,118,2018,62,Semester 2 (September),0.422,34009819111862
bps_webapi,0000,2026-08-19T02:01:19+00:00,2026-08-05 12:26:57,98,Gini Ratio Menurut Provinsi dan Daerah,,3,,"- Sumber  : BPS, Susenas  
<br />- Tahun 2002, Susenas Modul Konsumsi reguler
<br />- Tahun 2005, Susenas Panel (Februari)
<br />- Tahun 2006-2010, Susenas Panel (Maret)
<br />- Tahun 2011-2016, Susenas Modul Konsumsi (Maret dan September)
<br />- Angka Provinsi Papua Barat dan Papua sebelum tahun 2024 merupakan angka provinsi sebelum mengalami pemekaran Daerah Otonom Baru (DOB)",Kemiskinan dan Ketimpangan,38 Provinsi,3500,JAWA TIMUR,189,Perkotaan,118,2018,61,Semester 1 (Maret),0.387,35009818911861
bps_webapi,0000,2026-08-19T02:01:19+00:00,2026-08-05 12:26:57,98,Gini Ratio Menurut Provinsi dan Daerah,,3,,"- Sumber  : BPS, Susenas  
<br />- Tahun 2002, Susenas Modul Konsumsi reguler
<br />- Tahun 2005, Susenas Panel (Februari)
<br />- Tahun 2006-2010, Susenas Panel (Maret)
<br />- Tahun 2011-2016, Susenas Modul Konsumsi (Maret dan September)
<br />- Angka Provinsi Papua Barat dan Papua sebelum tahun 2024 merupakan angka provinsi sebelum mengalami pemekaran Daerah Otonom Baru (DOB)",Kemiskinan dan Ketimpangan,38 Provinsi,3500,JAWA TIMUR,189,Perkotaan,118,2018,62,Semester 2 (September),0.375,35009818911862
bps_webapi,0000,2026-08-19T02:01:19+00:00,2026-08-05 12:26:57,98,Gini Ratio Menurut Provinsi dan Daerah,,3,,"- Sumber  : BPS, Susenas  
<br />- Tahun 2002, Susenas Modul Konsumsi reguler
<br />- Tahun 2005, Susenas Panel (Februari)
<br />- Tahun 2006-2010, Susenas Panel (Maret)
<br />- Tahun 2011-2016, Susenas Modul Konsumsi (Maret dan September)
<br />- Angka Provinsi Papua Barat dan Papua sebelum tahun 2024 merupakan angka provinsi sebelum mengalami pemekaran Daerah Otonom Baru (DOB)",Kemiskinan dan Ketimpangan,38 Provinsi,3500,JAWA TIMUR,190,Perdesaan,118,2018,61,Semester 1 (Maret),0.327,35009819011861
bps_webapi,0000,2026-08-19T02:01:19+00:00,2026-08-05 12:26:57,98,Gini Ratio Menurut Provinsi dan Daerah,,3,,"- Sumber  : BPS, Susenas  
<br />- Tahun 2002, Susenas Modul Konsumsi reguler
<br />- Tahun 2005, Susenas Panel (Februari)
<br />- Tahun 2006-2010, Susenas Panel (Maret)
<br />- Tahun 2011-2016, Susenas Modul Konsumsi (Maret dan September)
<br />- Angka Provinsi Papua Barat dan Papua sebelum tahun 2024 merupakan angka provinsi sebelum mengalami pemekaran Daerah Otonom Baru (DOB)",Kemiskinan dan Ketimpangan,38 Provinsi,3500,JAWA TIMUR,190,Perdesaan,118,2018,62,Semester 2 (September),0.322,35009819011862
bps_webapi,0000,2026-08-19T02:01:19+00:00,2026-08-05 12:26:57,98,Gini Ratio Menurut Provinsi dan Daerah,,3,,"- Sumber  : BPS, Susenas  
<br />- Tahun 2002, Susenas Modul Konsumsi reguler
<br />- Tahun 2005, Susenas Panel (Februari)
<br />- Tahun 2006-2010, Susenas Panel (Maret)
<br />- Tahun 2011-2016, Susenas Modul Konsumsi (Maret dan September)
<br />- Angka Provinsi Papua Barat dan Papua sebelum tahun 2024 merupakan angka provinsi sebelum mengalami pemekaran Daerah Otonom Baru (DOB)",Kemiskinan dan Ketimpangan,38 Provinsi,3500,JAWA TIMUR,191,Perkotaan+Perdesaan,118,2018,61,Semester 1 (Maret),0.379,35009819111861
bps_webapi,0000,2026-08-19T02:01:19+00:00,2026-08-05 12:26:57,98,Gini Ratio Menurut Provinsi dan Daerah,,3,,"- Sumber  : BPS, Susenas  
<br />- Tahun 2002, Susenas Modul Konsumsi reguler
<br />- Tahun 2005, Susenas Panel (Februari)
<br />- Tahun 2006-2010, Susenas Panel (Maret)
<br />- Tahun 2011-2016, Susenas Modul Konsumsi (Maret dan September)
<br />- Angka Provinsi Papua Barat dan Papua sebelum tahun 2024 merupakan angka provinsi sebelum mengalami pemekaran Daerah Otonom Baru (DOB)",Kemiskinan dan Ketimpangan,38 Provinsi,3500,JAWA TIMUR,191,Perkotaan+Perdesaan,118,2018,62,Semester 2 (September),0.371,35009819111862
bps_webapi,0000,2026-08-19T02:01:19+00:00,2026-08-05 12:26:57,98,Gini Ratio Menurut Provinsi dan Daerah,,3,,"- Sumber  : BPS, Susenas  
<br />- Tahun 2002, Susenas Modul Konsumsi reguler
<br />- Tahun 2005, Susenas Panel (Februari)
<br />- Tahun 2006-2010, Susenas Panel (Maret)
<br />- Tahun 2011-2016, Susenas Modul Konsumsi (Maret dan September)
<br />- Angka Provinsi Papua Barat dan Papua sebelum tahun 2024 merupakan angka provinsi sebelum mengalami pemekaran Daerah Otonom Baru (DOB)",Kemiskinan dan Ketimpangan,38 Provinsi,3600,BANTEN,189,Perkotaan,118,2018,61,Semester 1 (Maret),0.386,36009818911861
bps_webapi,0000,2026-08-19T02:01:19+00:00,2026-08-05 12:26:57,98,Gini Ratio Menurut Provinsi dan Daerah,,3,,"- Sumber  : BPS, Susenas  
<br />- Tahun 2002, Susenas Modul Konsumsi reguler
<br />- Tahun 2005, Susenas Panel (Februari)
<br />- Tahun 2006-2010, Susenas Panel (Maret)
<br />- Tahun 2011-2016, Susenas Modul Konsumsi (Maret dan September)
<br />- Angka Provinsi Papua Barat dan Papua sebelum tahun 2024 merupakan angka provinsi sebelum mengalami pemekaran Daerah Otonom Baru (DOB)",Kemiskinan dan Ketimpangan,38 Provinsi,3600,BANTEN,189,Perkotaan,118,2018,62,Semester 2 (September),0.362,36009818911862
bps_webapi,0000,2026-08-19T02:01:19+00:00,2026-08-05 12:26:57,98,Gini Ratio Menurut Provinsi dan Daerah,,3,,"- Sumber  : BPS, Susenas  
<br />- Tahun 2002, Susenas Modul Konsumsi reguler
<br />- Tahun 2005, Susenas Panel (Februari)
<br />- Tahun 2006-2010, Susenas Panel (Maret)
<br />- Tahun 2011-2016, Susenas Modul Konsumsi (Maret dan September)
<br />- Angka Provinsi Papua Barat dan Papua sebelum tahun 2024 merupakan angka provinsi sebelum mengalami pemekaran Daerah Otonom Baru (DOB)",Kemiskinan dan Ketimpangan,38 Provinsi,3600,BANTEN,190,Perdesaan,118,2018,61,Semester 1 (Maret),0.283,36009819011861
bps_webapi,0000,2026-08-19T02:01:19+00:00,2026-08-05 12:26:57,98,Gini Ratio Menurut Provinsi dan Daerah,,3,,"- Sumber  : BPS, Susenas  
<br />- Tahun 2002, Susenas Modul Konsumsi reguler
<br />- Tahun 2005, Susenas Panel (Februari)
<br />- Tahun 2006-2010, Susenas Panel (Maret)
<br />- Tahun 2011-2016, Susenas Modul Konsumsi (Maret dan September)
<br />- Angka Provinsi Papua Barat dan Papua sebelum tahun 2024 merupakan angka provinsi sebelum mengalami pemekaran Daerah Otonom Baru (DOB)",Kemiskinan dan Ketimpangan,38 Provinsi,3600,BANTEN,190,Perdesaan,118,2018,62,Semester 2 (September),0.299,36009819011862
bps_webapi,0000,2026-08-19T02:01:19+00:00,2026-08-05 12:26:57,98,Gini Ratio Menurut Provinsi dan Daerah,,3,,"- Sumber  : BPS, Susenas  
<br />- Tahun 2002, Susenas Modul Konsumsi reguler
<br />- Tahun 2005, Susenas Panel (Februari)
<br />- Tahun 2006-2010, Susenas Panel (Maret)
<br />- Tahun 2011-2016, Susenas Modul Konsumsi (Maret dan September)
<br />- Angka Provinsi Papua Barat dan Papua sebelum tahun 2024 merupakan angka provinsi sebelum mengalami pemekaran Daerah Otonom Baru (DOB)",Kemiskinan dan Ketimpangan,38 Provinsi,3600,BANTEN,191,Perkotaan+Perdesaan,118,2018,61,Semester 1 (Maret),0.385,36009819111861
bps_webapi,0000,2026-08-19T02:01:19+00:00,2026-08-05 12:26:57,98,Gini Ratio Menurut Provinsi dan Daerah,,3,,"- Sumber  : BPS, Susenas  
<br />- Tahun 2002, Susenas Modul Konsumsi reguler
<br />- Tahun 2005, Susenas Panel (Februari)
<br />- Tahun 2006-2010, Susenas Panel (Maret)
<br />- Tahun 2011-2016, Susenas Modul Konsumsi (Maret dan September)
<br />- Angka Provinsi Papua Barat dan Papua sebelum tahun 2024 merupakan angka provinsi sebelum mengalami pemekaran Daerah Otonom Baru (DOB)",Kemiskinan dan Ketimpangan,38 Provinsi,3600,BANTEN,191,Perkotaan+Perdesaan,118,2018,62,Semester 2 (September),0.367,36009819111862
bps_webapi,0000,2026-08-19T02:01:19+00:00,2026-08-05 12:26:57,98,Gini Ratio Menurut Provinsi dan Daerah,,3,,"- Sumber  : BPS, Susenas  
<br />- Tahun 2002, Susenas Modul Konsumsi reguler
<br />- Tahun 2005, Susenas Panel (Februari)
<br />- Tahun 2006-2010, Susenas Panel (Maret)
<br />- Tahun 2011-2016, Susenas Modul Konsumsi (Maret dan September)
<br />- Angka Provinsi Papua Barat dan Papua sebelum tahun 2024 merupakan angka provinsi sebelum mengalami pemekaran Daerah Otonom Baru (DOB)",Kemiskinan dan Ketimpangan,38 Provinsi,5100,BALI,189,Perkotaan,118,2018,61,Semester 1 (Maret),0.381,51009818911861
bps_webapi,0000,2026-08-19T02:01:19+00:00,2026-08-05 12:26:57,98,Gini Ratio Menurut Provinsi dan Daerah,,3,,"- Sumber  : BPS, Susenas  
<br />- Tahun 2002, Susenas Modul Konsumsi reguler
<br />- Tahun 2005, Susenas Panel (Februari)
<br />- Tahun 2006-2010, Susenas Panel (Maret)
<br />- Tahun 2011-2016, Susenas Modul Konsumsi (Maret dan September)
<br />- Angka Provinsi Papua Barat dan Papua sebelum tahun 2024 merupakan angka provinsi sebelum mengalami pemekaran Daerah Otonom Baru (DOB)",Kemiskinan dan Ketimpangan,38 Provinsi,5100,BALI,189,Perkotaan,118,2018,62,Semester 2 (September),0.363,51009818911862
bps_webapi,0000,2026-08-19T02:01:19+00:00,2026-08-05 12:26:57,98,Gini Ratio Menurut Provinsi dan Daerah,,3,,"- Sumber  : BPS, Susenas  
<br />- Tahun 2002, Susenas Modul Konsumsi reguler
<br />- Tahun 2005, Susenas Panel (Februari)
<br />- Tahun 2006-2010, Susenas Panel (Maret)
<br />- Tahun 2011-2016, Susenas Modul Konsumsi (Maret dan September)
<br />- Angka Provinsi Papua Barat dan Papua sebelum tahun 2024 merupakan angka provinsi sebelum mengalami pemekaran Daerah Otonom Baru (DOB)",Kemiskinan dan Ketimpangan,38 Provinsi,5100,BALI,190,Perdesaan,118,2018,61,Semester 1 (Maret),0.317,51009819011861
bps_webapi,0000,2026-08-19T02:01:19+00:00,2026-08-05 12:26:57,98,Gini Ratio Menurut Provinsi dan Daerah,,3,,"- Sumber  : BPS, Susenas  
<br />- Tahun 2002, Susenas Modul Konsumsi reguler
<br />- Tahun 2005, Susenas Panel (Februari)
<br />- Tahun 2006-2010, Susenas Panel (Maret)
<br />- Tahun 2011-2016, Susenas Modul Konsumsi (Maret dan September)
<br />- Angka Provinsi Papua Barat dan Papua sebelum tahun 2024 merupakan angka provinsi sebelum mengalami pemekaran Daerah Otonom Baru (DOB)",Kemiskinan dan Ketimpangan,38 Provinsi,5100,BALI,190,Perdesaan,118,2018,62,Semester 2 (September),0.31,51009819011862
bps_webapi,0000,2026-08-19T02:01:19+00:00,2026-08-05 12:26:57,98,Gini Ratio Menurut Provinsi dan Daerah,,3,,"- Sumber  : BPS, Susenas  
<br />- Tahun 2002, Susenas Modul Konsumsi reguler
<br />- Tahun 2005, Susenas Panel (Februari)
<br />- Tahun 2006-2010, Susenas Panel (Maret)
<br />- Tahun 2011-2016, Susenas Modul Konsumsi (Maret dan September)
<br />- Angka Provinsi Papua Barat dan Papua sebelum tahun 2024 merupakan angka provinsi sebelum mengalami pemekaran Daerah Otonom Baru (DOB)",Kemiskinan dan Ketimpangan,38 Provinsi,5100,BALI,191,Perkotaan+Perdesaan,118,2018,61,Semester 1 (Maret),0.377,51009819111861
bps_webapi,0000,2026-08-19T02:01:19+00:00,2026-08-05 12:26:57,98,Gini Ratio Menurut Provinsi dan Daerah,,3,,"- Sumber  : BPS, Susenas  
<br />- Tahun 2002, Susenas Modul Konsumsi reguler
<br />- Tahun 2005, Susenas Panel (Februari)
<br />- Tahun 2006-2010, Susenas Panel (Maret)
<br />- Tahun 2011-2016, Susenas Modul Konsumsi (Maret dan September)
<br />- Angka Provinsi Papua Barat dan Papua sebelum tahun 2024 merupakan angka provinsi sebelum mengalami pemekaran Daerah Otonom Baru (DOB)",Kemiskinan dan Ketimpangan,38 Provinsi,5100,BALI,191,Perkotaan+Perdesaan,118,2018,62,Semester 2 (September),0.364,51009819111862
bps_webapi,0000,2026-08-19T02:01:19+00:00,2026-08-05 12:26:57,98,Gini Ratio Menurut Provinsi dan Daerah,,3,,"- Sumber  : BPS, Susenas  
<br />- Tahun 2002, Susenas Modul Konsumsi reguler
<br />- Tahun 2005, Susenas Panel (Februari)
<br />- Tahun 2006-2010, Susenas Panel (Maret)
<br />- Tahun 2011-2016, Susenas Modul Konsumsi (Maret dan September)
<br />- Angka Provinsi Papua Barat dan Papua sebelum tahun 2024 merupakan angka provinsi sebelum mengalami pemekaran Daerah Otonom Baru (DOB)",Kemiskinan dan Ketimpangan,38 Provinsi,5200,NUSA TENGGARA BARAT,189,Perkotaan,118,2018,61,Semester 1 (Maret),0.398,52009818911861
bps_webapi,0000,2026-08-19T02:01:19+00:00,2026-08-05 12:26:57,98,Gini Ratio Menurut Provinsi dan Daerah,,3,,"- Sumber  : BPS, Susenas  
<br />- Tahun 2002, Susenas Modul Konsumsi reguler
<br />- Tahun 2005, Susenas Panel (Februari)
<br />- Tahun 2006-2010, Susenas Panel (Maret)
<br />- Tahun 2011-2016, Susenas Modul Konsumsi (Maret dan September)
<br />- Angka Provinsi Papua Barat dan Papua sebelum tahun 2024 merupakan angka provinsi sebelum mengalami pemekaran Daerah Otonom Baru (DOB)",Kemiskinan dan Ketimpangan,38 Provinsi,5200,NUSA TENGGARA BARAT,189,Perkotaan,118,2018,62,Semester 2 (September),0.422,52009818911862
bps_webapi,0000,2026-08-19T02:01:19+00:00,2026-08-05 12:26:57,98,Gini Ratio Menurut Provinsi dan Daerah,,3,,"- Sumber  : BPS, Susenas  
<br />- Tahun 2002, Susenas Modul Konsumsi reguler
<br />- Tahun 2005, Susenas Panel (Februari)
<br />- Tahun 2006-2010, Susenas Panel (Maret)
<br />- Tahun 2011-2016, Susenas Modul Konsumsi (Maret dan September)
<br />- Angka Provinsi Papua Barat dan Papua sebelum tahun 2024 merupakan angka provinsi sebelum mengalami pemekaran Daerah Otonom Baru (DOB)",Kemiskinan dan Ketimpangan,38 Provinsi,5200,NUSA TENGGARA BARAT,190,Perdesaan,118,2018,61,Semester 1 (Maret),0.333,52009819011861
bps_webapi,0000,2026-08-19T02:01:19+00:00,2026-08-05 12:26:57,98,Gini Ratio Menurut Provinsi dan Daerah,,3,,"- Sumber  : BPS, Susenas  
<br />- Tahun 2002, Susenas Modul Konsumsi reguler
<br />- Tahun 2005, Susenas Panel (Februari)
<br />- Tahun 2006-2010, Susenas Panel (Maret)
<br />- Tahun 2011-2016, Susenas Modul Konsumsi (Maret dan September)
<br />- Angka Provinsi Papua Barat dan Papua sebelum tahun 2024 merupakan angka provinsi sebelum mengalami pemekaran Daerah Otonom Baru (DOB)",Kemiskinan dan Ketimpangan,38 Provinsi,5200,NUSA TENGGARA BARAT,190,Perdesaan,118,2018,62,Semester 2 (September),0.343,52009819011862
bps_webapi,0000,2026-08-19T02:01:19+00:00,2026-08-05 12:26:57,98,Gini Ratio Menurut Provinsi dan Daerah,,3,,"- Sumber  : BPS, Susenas  
<br />- Tahun 2002, Susenas Modul Konsumsi reguler
<br />- Tahun 2005, Susenas Panel (Februari)
<br />- Tahun 2006-2010, Susenas Panel (Maret)
<br />- Tahun 2011-2016, Susenas Modul Konsumsi (Maret dan September)
<br />- Angka Provinsi Papua Barat dan Papua sebelum tahun 2024 merupakan angka provinsi sebelum mengalami pemekaran Daerah Otonom Baru (DOB)",Kemiskinan dan Ketimpangan,38 Provinsi,5200,NUSA TENGGARA BARAT,191,Perkotaan+Perdesaan,118,2018,61,Semester 1 (Maret),0.372,52009819111861
bps_webapi,0000,2026-08-19T02:01:19+00:00,2026-08-05 12:26:57,98,Gini Ratio Menurut Provinsi dan Daerah,,3,,"- Sumber  : BPS, Susenas  
<br />- Tahun 2002, Susenas Modul Konsumsi reguler
<br />- Tahun 2005, Susenas Panel (Februari)
<br />- Tahun 2006-2010, Susenas Panel (Maret)
<br />- Tahun 2011-2016, Susenas Modul Konsumsi (Maret dan September)
<br />- Angka Provinsi Papua Barat dan Papua sebelum tahun 2024 merupakan angka provinsi sebelum mengalami pemekaran Daerah Otonom Baru (DOB)",Kemiskinan dan Ketimpangan,38 Provinsi,5200,NUSA TENGGARA BARAT,191,Perkotaan+Perdesaan,118,2018,62,Semester 2 (September),0.391,52009819111862
bps_webapi,0000,2026-08-19T02:01:19+00:00,2026-08-05 12:26:57,98,Gini Ratio Menurut Provinsi dan Daerah,,3,,"- Sumber  : BPS, Susenas  
<br />- Tahun 2002, Susenas Modul Konsumsi reguler
<br />- Tahun 2005, Susenas Panel (Februari)
<br />- Tahun 2006-2010, Susenas Panel (Maret)
<br />- Tahun 2011-2016, Susenas Modul Konsumsi (Maret dan September)
<br />- Angka Provinsi Papua Barat dan Papua sebelum tahun 2024 merupakan angka provinsi sebelum mengalami pemekaran Daerah Otonom Baru (DOB)",Kemiskinan dan Ketimpangan,38 Provinsi,5300,NUSA TENGGARA TIMUR,189,Perkotaan,118,2018,61,Semester 1 (Maret),0.358,53009818911861
bps_webapi,0000,2026-08-19T02:01:19+00:00,2026-08-05 12:26:57,98,Gini Ratio Menurut Provinsi dan Daerah,,3,,"- Sumber  : BPS, Susenas  
<br />- Tahun 2002, Susenas Modul Konsumsi reguler
<br />- Tahun 2005, Susenas Panel (Februari)
<br />- Tahun 2006-2010, Susenas Panel (Maret)
<br />- Tahun 2011-2016, Susenas Modul Konsumsi (Maret dan September)
<br />- Angka Provinsi Papua Barat dan Papua sebelum tahun 2024 merupakan angka provinsi sebelum mengalami pemekaran Daerah Otonom Baru (DOB)",Kemiskinan dan Ketimpangan,38 Provinsi,5300,NUSA TENGGARA TIMUR,189,Perkotaan,118,2018,62,Semester 2 (September),0.352,53009818911862
bps_webapi,0000,2026-08-19T02:01:19+00:00,2026-08-05 12:26:57,98,Gini Ratio Menurut Provinsi dan Daerah,,3,,"- Sumber  : BPS, Susenas  
<br />- Tahun 2002, Susenas Modul Konsumsi reguler
<br />- Tahun 2005, Susenas Panel (Februari)
<br />- Tahun 2006-2010, Susenas Panel (Maret)
<br />- Tahun 2011-2016, Susenas Modul Konsumsi (Maret dan September)
<br />- Angka Provinsi Papua Barat dan Papua sebelum tahun 2024 merupakan angka provinsi sebelum mengalami pemekaran Daerah Otonom Baru (DOB)",Kemiskinan dan Ketimpangan,38 Provinsi,5300,NUSA TENGGARA TIMUR,190,Perdesaan,118,2018,61,Semester 1 (Maret),0.297,53009819011861
bps_webapi,0000,2026-08-19T02:01:19+00:00,2026-08-05 12:26:57,98,Gini Ratio Menurut Provinsi dan Daerah,,3,,"- Sumber  : BPS, Susenas  
<br />- Tahun 2002, Susenas Modul Konsumsi reguler
<br />- Tahun 2005, Susenas Panel (Februari)
<br />- Tahun 2006-2010, Susenas Panel (Maret)
<br />- Tahun 2011-2016, Susenas Modul Konsumsi (Maret dan September)
<br />- Angka Provinsi Papua Barat dan Papua sebelum tahun 2024 merupakan angka provinsi sebelum mengalami pemekaran Daerah Otonom Baru (DOB)",Kemiskinan dan Ketimpangan,38 Provinsi,5300,NUSA TENGGARA TIMUR,190,Perdesaan,118,2018,62,Semester 2 (September),0.327,53009819011862
bps_webapi,0000,2026-08-19T02:01:19+00:00,2026-08-05 12:26:57,98,Gini Ratio Menurut Provinsi dan Daerah,,3,,"- Sumber  : BPS, Susenas  
<br />- Tahun 2002, Susenas Modul Konsumsi reguler
<br />- Tahun 2005, Susenas Panel (Februari)
<br />- Tahun 2006-2010, Susenas Panel (Maret)
<br />- Tahun 2011-2016, Susenas Modul Konsumsi (Maret dan September)
<br />- Angka Provinsi Papua Barat dan Papua sebelum tahun 2024 merupakan angka provinsi sebelum mengalami pemekaran Daerah Otonom Baru (DOB)",Kemiskinan dan Ketimpangan,38 Provinsi,5300,NUSA TENGGARA TIMUR,191,Perkotaan+Perdesaan,118,2018,61,Semester 1 (Maret),0.351,53009819111861
bps_webapi,0000,2026-08-19T02:01:19+00:00,2026-08-05 12:26:57,98,Gini Ratio Menurut Provinsi dan Daerah,,3,,"- Sumber  : BPS, Susenas  
<br />- Tahun 2002, Susenas Modul Konsumsi reguler
<br />- Tahun 2005, Susenas Panel (Februari)
<br />- Tahun 2006-2010, Susenas Panel (Maret)
<br />- Tahun 2011-2016, Susenas Modul Konsumsi (Maret dan September)
<br />- Angka Provinsi Papua Barat dan Papua sebelum tahun 2024 merupakan angka provinsi sebelum mengalami pemekaran Daerah Otonom Baru (DOB)",Kemiskinan dan Ketimpangan,38 Provinsi,5300,NUSA TENGGARA TIMUR,191,Perkotaan+Perdesaan,118,2018,62,Semester 2 (September),0.359,53009819111862
bps_webapi,0000,2026-08-19T02:01:19+00:00,2026-08-05 12:26:57,98,Gini Ratio Menurut Provinsi dan Daerah,,3,,"- Sumber  : BPS, Susenas  
<br />- Tahun 2002, Susenas Modul Konsumsi reguler
<br />- Tahun 2005, Susenas Panel (Februari)
<br />- Tahun 2006-2010, Susenas Panel (Maret)
<br />- Tahun 2011-2016, Susenas Modul Konsumsi (Maret dan September)
<br />- Angka Provinsi Papua Barat dan Papua sebelum tahun 2024 merupakan angka provinsi sebelum mengalami pemekaran Daerah Otonom Baru (DOB)",Kemiskinan dan Ketimpangan,38 Provinsi,6100,KALIMANTAN BARAT,189,Perkotaan,118,2018,61,Semester 1 (Maret),0.377,61009818911861
bps_webapi,0000,2026-08-19T02:01:19+00:00,2026-08-05 12:26:57,98,Gini Ratio Menurut Provinsi dan Daerah,,3,,"- Sumber  : BPS, Susenas  
<br />- Tahun 2002, Susenas Modul Konsumsi reguler
<br />- Tahun 2005, Susenas Panel (Februari)
<br />- Tahun 2006-2010, Susenas Panel (Maret)
<br />- Tahun 2011-2016, Susenas Modul Konsumsi (Maret dan September)
<br />- Angka Provinsi Papua Barat dan Papua sebelum tahun 2024 merupakan angka provinsi sebelum mengalami pemekaran Daerah Otonom Baru (DOB)",Kemiskinan dan Ketimpangan,38 Provinsi,6100,KALIMANTAN BARAT,189,Perkotaan,118,2018,62,Semester 2 (September),0.35,61009818911862
bps_webapi,0000,2026-08-19T02:01:19+00:00,2026-08-05 12:26:57,98,Gini Ratio Menurut Provinsi dan Daerah,,3,,"- Sumber  : BPS, Susenas  
<br />- Tahun 2002, Susenas Modul Konsumsi reguler
<br />- Tahun 2005, Susenas Panel (Februari)
<br />- Tahun 2006-2010, Susenas Panel (Maret)
<br />- Tahun 2011-2016, Susenas Modul Konsumsi (Maret dan September)
<br />- Angka Provinsi Papua Barat dan Papua sebelum tahun 2024 merupakan angka provinsi sebelum mengalami pemekaran Daerah Otonom Baru (DOB)",Kemiskinan dan Ketimpangan,38 Provinsi,6100,KALIMANTAN BARAT,190,Perdesaan,118,2018,61,Semester 1 (Maret),0.277,61009819011861
bps_webapi,0000,2026-08-19T02:01:19+00:00,2026-08-05 12:26:57,98,Gini Ratio Menurut Provinsi dan Daerah,,3,,"- Sumber  : BPS, Susenas  
<br />- Tahun 2002, Susenas Modul Konsumsi reguler
<br />- Tahun 2005, Susenas Panel (Februari)
<br />- Tahun 2006-2010, Susenas Panel (Maret)
<br />- Tahun 2011-2016, Susenas Modul Konsumsi (Maret dan September)
<br />- Angka Provinsi Papua Barat dan Papua sebelum tahun 2024 merupakan angka provinsi sebelum mengalami pemekaran Daerah Otonom Baru (DOB)",Kemiskinan dan Ketimpangan,38 Provinsi,6100,KALIMANTAN BARAT,190,Perdesaan,118,2018,62,Semester 2 (September),0.278,61009819011862
bps_webapi,0000,2026-08-19T02:01:19+00:00,2026-08-05 12:26:57,98,Gini Ratio Menurut Provinsi dan Daerah,,3,,"- Sumber  : BPS, Susenas  
<br />- Tahun 2002, Susenas Modul Konsumsi reguler
<br />- Tahun 2005, Susenas Panel (Februari)
<br />- Tahun 2006-2010, Susenas Panel (Maret)
<br />- Tahun 2011-2016, Susenas Modul Konsumsi (Maret dan September)
<br />- Angka Provinsi Papua Barat dan Papua sebelum tahun 2024 merupakan angka provinsi sebelum mengalami pemekaran Daerah Otonom Baru (DOB)",Kemiskinan dan Ketimpangan,38 Provinsi,6100,KALIMANTAN BARAT,191,Perkotaan+Perdesaan,118,2018,61,Semester 1 (Maret),0.339,61009819111861
bps_webapi,0000,2026-08-19T02:01:19+00:00,2026-08-05 12:26:57,98,Gini Ratio Menurut Provinsi dan Daerah,,3,,"- Sumber  : BPS, Susenas  
<br />- Tahun 2002, Susenas Modul Konsumsi reguler
<br />- Tahun 2005, Susenas Panel (Februari)
<br />- Tahun 2006-2010, Susenas Panel (Maret)
<br />- Tahun 2011-2016, Susenas Modul Konsumsi (Maret dan September)
<br />- Angka Provinsi Papua Barat dan Papua sebelum tahun 2024 merupakan angka provinsi sebelum mengalami pemekaran Daerah Otonom Baru (DOB)",Kemiskinan dan Ketimpangan,38 Provinsi,6100,KALIMANTAN BARAT,191,Perkotaan+Perdesaan,118,2018,62,Semester 2 (September),0.325,61009819111862
bps_webapi,0000,2026-08-19T02:01:19+00:00,2026-08-05 12:26:57,98,Gini Ratio Menurut Provinsi dan Daerah,,3,,"- Sumber  : BPS, Susenas  
<br />- Tahun 2002, Susenas Modul Konsumsi reguler
<br />- Tahun 2005, Susenas Panel (Februari)
<br />- Tahun 2006-2010, Susenas Panel (Maret)
<br />- Tahun 2011-2016, Susenas Modul Konsumsi (Maret dan September)
<br />- Angka Provinsi Papua Barat dan Papua sebelum tahun 2024 merupakan angka provinsi sebelum mengalami pemekaran Daerah Otonom Baru (DOB)",Kemiskinan dan Ketimpangan,38 Provinsi,6200,KALIMANTAN TENGAH,189,Perkotaan,118,2018,61,Semester 1 (Maret),0.387,62009818911861
bps_webapi,0000,2026-08-19T02:01:19+00:00,2026-08-05 12:26:57,98,Gini Ratio Menurut Provinsi dan Daerah,,3,,"- Sumber  : BPS, Susenas  
<br />- Tahun 2002, Susenas Modul Konsumsi reguler
<br />- Tahun 2005, Susenas Panel (Februari)
<br />- Tahun 2006-2010, Susenas Panel (Maret)
<br />- Tahun 2011-2016, Susenas Modul Konsumsi (Maret dan September)
<br />- Angka Provinsi Papua Barat dan Papua sebelum tahun 2024 merupakan angka provinsi sebelum mengalami pemekaran Daerah Otonom Baru (DOB)",Kemiskinan dan Ketimpangan,38 Provinsi,6200,KALIMANTAN TENGAH,189,Perkotaan,118,2018,62,Semester 2 (September),0.369,62009818911862
bps_webapi,0000,2026-08-19T02:01:19+00:00,2026-08-05 12:26:57,98,Gini Ratio Menurut Provinsi dan Daerah,,3,,"- Sumber  : BPS, Susenas  
<br />- Tahun 2002, Susenas Modul Konsumsi reguler
<br />- Tahun 2005, Susenas Panel (Februari)
<br />- Tahun 2006-2010, Susenas Panel (Maret)
<br />- Tahun 2011-2016, Susenas Modul Konsumsi (Maret dan September)
<br />- Angka Provinsi Papua Barat dan Papua sebelum tahun 2024 merupakan angka provinsi sebelum mengalami pemekaran Daerah Otonom Baru (DOB)",Kemiskinan dan Ketimpangan,38 Provinsi,6200,KALIMANTAN TENGAH,190,Perdesaan,118,2018,61,Semester 1 (Maret),0.295,62009819011861
bps_webapi,0000,2026-08-19T02:01:19+00:00,2026-08-05 12:26:57,98,Gini Ratio Menurut Provinsi dan Daerah,,3,,"- Sumber  : BPS, Susenas  
<br />- Tahun 2002, Susenas Modul Konsumsi reguler
<br />- Tahun 2005, Susenas Panel (Februari)
<br />- Tahun 2006-2010, Susenas Panel (Maret)
<br />- Tahun 2011-2016, Susenas Modul Konsumsi (Maret dan September)
<br />- Angka Provinsi Papua Barat dan Papua sebelum tahun 2024 merupakan angka provinsi sebelum mengalami pemekaran Daerah Otonom Baru (DOB)",Kemiskinan dan Ketimpangan,38 Provinsi,6200,KALIMANTAN TENGAH,190,Perdesaan,118,2018,62,Semester 2 (September),0.318,62009819011862
bps_webapi,0000,2026-08-19T02:01:19+00:00,2026-08-05 12:26:57,98,Gini Ratio Menurut Provinsi dan Daerah,,3,,"- Sumber  : BPS, Susenas  
<br />- Tahun 2002, Susenas Modul Konsumsi reguler
<br />- Tahun 2005, Susenas Panel (Februari)
<br />- Tahun 2006-2010, Susenas Panel (Maret)
<br />- Tahun 2011-2016, Susenas Modul Konsumsi (Maret dan September)
<br />- Angka Provinsi Papua Barat dan Papua sebelum tahun 2024 merupakan angka provinsi sebelum mengalami pemekaran Daerah Otonom Baru (DOB)",Kemiskinan dan Ketimpangan,38 Provinsi,6200,KALIMANTAN TENGAH,191,Perkotaan+Perdesaan,118,2018,61,Semester 1 (Maret),0.342,62009819111861
bps_webapi,0000,2026-08-19T02:01:19+00:00,2026-08-05 12:26:57,98,Gini Ratio Menurut Provinsi dan Daerah,,3,,"- Sumber  : BPS, Susenas  
<br />- Tahun 2002, Susenas Modul Konsumsi reguler
<br />- Tahun 2005, Susenas Panel (Februari)
<br />- Tahun 2006-2010, Susenas Panel (Maret)
<br />- Tahun 2011-2016, Susenas Modul Konsumsi (Maret dan September)
<br />- Angka Provinsi Papua Barat dan Papua sebelum tahun 2024 merupakan angka provinsi sebelum mengalami pemekaran Daerah Otonom Baru (DOB)",Kemiskinan dan Ketimpangan,38 Provinsi,6200,KALIMANTAN TENGAH,191,Perkotaan+Perdesaan,118,2018,62,Semester 2 (September),0.344,62009819111862
bps_webapi,0000,2026-08-19T02:01:19+00:00,2026-08-05 12:26:57,98,Gini Ratio Menurut Provinsi dan Daerah,,3,,"- Sumber  : BPS, Susenas  
<br />- Tahun 2002, Susenas Modul Konsumsi reguler
<br />- Tahun 2005, Susenas Panel (Februari)
<br />- Tahun 2006-2010, Susenas Panel (Maret)
<br />- Tahun 2011-2016, Susenas Modul Konsumsi (Maret dan September)
<br />- Angka Provinsi Papua Barat dan Papua sebelum tahun 2024 merupakan angka provinsi sebelum mengalami pemekaran Daerah Otonom Baru (DOB)",Kemiskinan dan Ketimpangan,38 Provinsi,6300,KALIMANTAN SELATAN,189,Perkotaan,118,2018,61,Semester 1 (Maret),0.365,63009818911861
bps_webapi,0000,2026-08-19T02:01:19+00:00,2026-08-05 12:26:57,98,Gini Ratio Menurut Provinsi dan Daerah,,3,,"- Sumber  : BPS, Susenas  
<br />- Tahun 2002, Susenas Modul Konsumsi reguler
<br />- Tahun 2005, Susenas Panel (Februari)
<br />- Tahun 2006-2010, Susenas Panel (Maret)
<br />- Tahun 2011-2016, Susenas Modul Konsumsi (Maret dan September)
<br />- Angka Provinsi Papua Barat dan Papua sebelum tahun 2024 merupakan angka provinsi sebelum mengalami pemekaran Daerah Otonom Baru (DOB)",Kemiskinan dan Ketimpangan,38 Provinsi,6300,KALIMANTAN SELATAN,189,Perkotaan,118,2018,62,Semester 2 (September),0.357,63009818911862
bps_webapi,0000,2026-08-19T02:01:19+00:00,2026-08-05 12:26:57,98,Gini Ratio Menurut Provinsi dan Daerah,,3,,"- Sumber  : BPS, Susenas  
<br />- Tahun 2002, Susenas Modul Konsumsi reguler
<br />- Tahun 2005, Susenas Panel (Februari)
<br />- Tahun 2006-2010, Susenas Panel (Maret)
<br />- Tahun 2011-2016, Susenas Modul Konsumsi (Maret dan September)
<br />- Angka Provinsi Papua Barat dan Papua sebelum tahun 2024 merupakan angka provinsi sebelum mengalami pemekaran Daerah Otonom Baru (DOB)",Kemiskinan dan Ketimpangan,38 Provinsi,6300,KALIMANTAN SELATAN,190,Perdesaan,118,2018,61,Semester 1 (Maret),0.285,63009819011861
bps_webapi,0000,2026-08-19T02:01:19+00:00,2026-08-05 12:26:57,98,Gini Ratio Menurut Provinsi dan Daerah,,3,,"- Sumber  : BPS, Susenas  
<br />- Tahun 2002, Susenas Modul Konsumsi reguler
<br />- Tahun 2005, Susenas Panel (Februari)
<br />- Tahun 2006-2010, Susenas Panel (Maret)
<br />- Tahun 2011-2016, Susenas Modul Konsumsi (Maret dan September)
<br />- Angka Provinsi Papua Barat dan Papua sebelum tahun 2024 merupakan angka provinsi sebelum mengalami pemekaran Daerah Otonom Baru (DOB)",Kemiskinan dan Ketimpangan,38 Provinsi,6300,KALIMANTAN SELATAN,190,Perdesaan,118,2018,62,Semester 2 (September),0.279,63009819011862
bps_webapi,0000,2026-08-19T02:01:19+00:00,2026-08-05 12:26:57,98,Gini Ratio Menurut Provinsi dan Daerah,,3,,"- Sumber  : BPS, Susenas  
<br />- Tahun 2002, Susenas Modul Konsumsi reguler
<br />- Tahun 2005, Susenas Panel (Februari)
<br />- Tahun 2006-2010, Susenas Panel (Maret)
<br />- Tahun 2011-2016, Susenas Modul Konsumsi (Maret dan September)
<br />- Angka Provinsi Papua Barat dan Papua sebelum tahun 2024 merupakan angka provinsi sebelum mengalami pemekaran Daerah Otonom Baru (DOB)",Kemiskinan dan Ketimpangan,38 Provinsi,6300,KALIMANTAN SELATAN,191,Perkotaan+Perdesaan,118,2018,61,Semester 1 (Maret),0.344,63009819111861
bps_webapi,0000,2026-08-19T02:01:19+00:00,2026-08-05 12:26:57,98,Gini Ratio Menurut Provinsi dan Daerah,,3,,"- Sumber  : BPS, Susenas  
<br />- Tahun 2002, Susenas Modul Konsumsi reguler
<br />- Tahun 2005, Susenas Panel (Februari)
<br />- Tahun 2006-2010, Susenas Panel (Maret)
<br />- Tahun 2011-2016, Susenas Modul Konsumsi (Maret dan September)
<br />- Angka Provinsi Papua Barat dan Papua sebelum tahun 2024 merupakan angka provinsi sebelum mengalami pemekaran Daerah Otonom Baru (DOB)",Kemiskinan dan Ketimpangan,38 Provinsi,6300,KALIMANTAN SELATAN,191,Perkotaan+Perdesaan,118,2018,62,Semester 2 (September),0.34,63009819111862
bps_webapi,0000,2026-08-19T02:01:19+00:00,2026-08-05 12:26:57,98,Gini Ratio Menurut Provinsi dan Daerah,,3,,"- Sumber  : BPS, Susenas  
<br />- Tahun 2002, Susenas Modul Konsumsi reguler
<br />- Tahun 2005, Susenas Panel (Februari)
<br />- Tahun 2006-2010, Susenas Panel (Maret)
<br />- Tahun 2011-2016, Susenas Modul Konsumsi (Maret dan September)
<br />- Angka Provinsi Papua Barat dan Papua sebelum tahun 2024 merupakan angka provinsi sebelum mengalami pemekaran Daerah Otonom Baru (DOB)",Kemiskinan dan Ketimpangan,38 Provinsi,6400,KALIMANTAN TIMUR,189,Perkotaan,118,2018,61,Semester 1 (Maret),0.35,64009818911861
bps_webapi,0000,2026-08-19T02:01:19+00:00,2026-08-05 12:26:57,98,Gini Ratio Menurut Provinsi dan Daerah,,3,,"- Sumber  : BPS, Susenas  
<br />- Tahun 2002, Susenas Modul Konsumsi reguler
<br />- Tahun 2005, Susenas Panel (Februari)
<br />- Tahun 2006-2010, Susenas Panel (Maret)
<br />- Tahun 2011-2016, Susenas Modul Konsumsi (Maret dan September)
<br />- Angka Provinsi Papua Barat dan Papua sebelum tahun 2024 merupakan angka provinsi sebelum mengalami pemekaran Daerah Otonom Baru (DOB)",Kemiskinan dan Ketimpangan,38 Provinsi,6400,KALIMANTAN TIMUR,189,Perkotaan,118,2018,62,Semester 2 (September),0.347,64009818911862
bps_webapi,0000,2026-08-19T02:01:19+00:00,2026-08-05 12:26:57,98,Gini Ratio Menurut Provinsi dan Daerah,,3,,"- Sumber  : BPS, Susenas  
<br />- Tahun 2002, Susenas Modul Konsumsi reguler
<br />- Tahun 2005, Susenas Panel (Februari)
<br />- Tahun 2006-2010, Susenas Panel (Maret)
<br />- Tahun 2011-2016, Susenas Modul Konsumsi (Maret dan September)
<br />- Angka Provinsi Papua Barat dan Papua sebelum tahun 2024 merupakan angka provinsi sebelum mengalami pemekaran Daerah Otonom Baru (DOB)",Kemiskinan dan Ketimpangan,38 Provinsi,6400,KALIMANTAN TIMUR,190,Perdesaan,118,2018,61,Semester 1 (Maret),0.287,64009819011861
bps_webapi,0000,2026-08-19T02:01:19+00:00,2026-08-05 12:26:57,98,Gini Ratio Menurut Provinsi dan Daerah,,3,,"- Sumber  : BPS, Susenas  
<br />- Tahun 2002, Susenas Modul Konsumsi reguler
<br />- Tahun 2005, Susenas Panel (Februari)
<br />- Tahun 2006-2010, Susenas Panel (Maret)
<br />- Tahun 2011-2016, Susenas Modul Konsumsi (Maret dan September)
<br />- Angka Provinsi Papua Barat dan Papua sebelum tahun 2024 merupakan angka provinsi sebelum mengalami pemekaran Daerah Otonom Baru (DOB)",Kemiskinan dan Ketimpangan,38 Provinsi,6400,KALIMANTAN TIMUR,190,Perdesaan,118,2018,62,Semester 2 (September),0.297,64009819011862
bps_webapi,0000,2026-08-19T02:01:19+00:00,2026-08-05 12:26:57,98,Gini Ratio Menurut Provinsi dan Daerah,,3,,"- Sumber  : BPS, Susenas  
<br />- Tahun 2002, Susenas Modul Konsumsi reguler
<br />- Tahun 2005, Susenas Panel (Februari)
<br />- Tahun 2006-2010, Susenas Panel (Maret)
<br />- Tahun 2011-2016, Susenas Modul Konsumsi (Maret dan September)
<br />- Angka Provinsi Papua Barat dan Papua sebelum tahun 2024 merupakan angka provinsi sebelum mengalami pemekaran Daerah Otonom Baru (DOB)",Kemiskinan dan Ketimpangan,38 Provinsi,6400,KALIMANTAN TIMUR,191,Perkotaan+Perdesaan,118,2018,61,Semester 1 (Maret),0.342,64009819111861
bps_webapi,0000,2026-08-19T02:01:19+00:00,2026-08-05 12:26:57,98,Gini Ratio Menurut Provinsi dan Daerah,,3,,"- Sumber  : BPS, Susenas  
<br />- Tahun 2002, Susenas Modul Konsumsi reguler
<br />- Tahun 2005, Susenas Panel (Februari)
<br />- Tahun 2006-2010, Susenas Panel (Maret)
<br />- Tahun 2011-2016, Susenas Modul Konsumsi (Maret dan September)
<br />- Angka Provinsi Papua Barat dan Papua sebelum tahun 2024 merupakan angka provinsi sebelum mengalami pemekaran Daerah Otonom Baru (DOB)",Kemiskinan dan Ketimpangan,38 Provinsi,6400,KALIMANTAN TIMUR,191,Perkotaan+Perdesaan,118,2018,62,Semester 2 (September),0.342,64009819111862
bps_webapi,0000,2026-08-19T02:01:19+00:00,2026-08-05 12:26:57,98,Gini Ratio Menurut Provinsi dan Daerah,,3,,"- Sumber  : BPS, Susenas  
<br />- Tahun 2002, Susenas Modul Konsumsi reguler
<br />- Tahun 2005, Susenas Panel (Februari)
<br />- Tahun 2006-2010, Susenas Panel (Maret)
<br />- Tahun 2011-2016, Susenas Modul Konsumsi (Maret dan September)
<br />- Angka Provinsi Papua Barat dan Papua sebelum tahun 2024 merupakan angka provinsi sebelum mengalami pemekaran Daerah Otonom Baru (DOB)",Kemiskinan dan Ketimpangan,38 Provinsi,6500,KALIMANTAN UTARA,189,Perkotaan,118,2018,61,Semester 1 (Maret),0.31,65009818911861
bps_webapi,0000,2026-08-19T02:01:19+00:00,2026-08-05 12:26:57,98,Gini Ratio Menurut Provinsi dan Daerah,,3,,"- Sumber  : BPS, Susenas  
<br />- Tahun 2002, Susenas Modul Konsumsi reguler
<br />- Tahun 2005, Susenas Panel (Februari)
<br />- Tahun 2006-2010, Susenas Panel (Maret)
<br />- Tahun 2011-2016, Susenas Modul Konsumsi (Maret dan September)
<br />- Angka Provinsi Papua Barat dan Papua sebelum tahun 2024 merupakan angka provinsi sebelum mengalami pemekaran Daerah Otonom Baru (DOB)",Kemiskinan dan Ketimpangan,38 Provinsi,6500,KALIMANTAN UTARA,189,Perkotaan,118,2018,62,Semester 2 (September),0.307,65009818911862
bps_webapi,0000,2026-08-19T02:01:19+00:00,2026-08-05 12:26:57,98,Gini Ratio Menurut Provinsi dan Daerah,,3,,"- Sumber  : BPS, Susenas  
<br />- Tahun 2002, Susenas Modul Konsumsi reguler
<br />- Tahun 2005, Susenas Panel (Februari)
<br />- Tahun 2006-2010, Susenas Panel (Maret)
<br />- Tahun 2011-2016, Susenas Modul Konsumsi (Maret dan September)
<br />- Angka Provinsi Papua Barat dan Papua sebelum tahun 2024 merupakan angka provinsi sebelum mengalami pemekaran Daerah Otonom Baru (DOB)",Kemiskinan dan Ketimpangan,38 Provinsi,6500,KALIMANTAN UTARA,190,Perdesaan,118,2018,61,Semester 1 (Maret),0.278,65009819011861
bps_webapi,0000,2026-08-19T02:01:19+00:00,2026-08-05 12:26:57,98,Gini Ratio Menurut Provinsi dan Daerah,,3,,"- Sumber  : BPS, Susenas  
<br />- Tahun 2002, Susenas Modul Konsumsi reguler
<br />- Tahun 2005, Susenas Panel (Februari)
<br />- Tahun 2006-2010, Susenas Panel (Maret)
<br />- Tahun 2011-2016, Susenas Modul Konsumsi (Maret dan September)
<br />- Angka Provinsi Papua Barat dan Papua sebelum tahun 2024 merupakan angka provinsi sebelum mengalami pemekaran Daerah Otonom Baru (DOB)",Kemiskinan dan Ketimpangan,38 Provinsi,6500,KALIMANTAN UTARA,190,Perdesaan,118,2018,62,Semester 2 (September),0.283,65009819011862
bps_webapi,0000,2026-08-19T02:01:19+00:00,2026-08-05 12:26:57,98,Gini Ratio Menurut Provinsi dan Daerah,,3,,"- Sumber  : BPS, Susenas  
<br />- Tahun 2002, Susenas Modul Konsumsi reguler
<br />- Tahun 2005, Susenas Panel (Februari)
<br />- Tahun 2006-2010, Susenas Panel (Maret)
<br />- Tahun 2011-2016, Susenas Modul Konsumsi (Maret dan September)
<br />- Angka Provinsi Papua Barat dan Papua sebelum tahun 2024 merupakan angka provinsi sebelum mengalami pemekaran Daerah Otonom Baru (DOB)",Kemiskinan dan Ketimpangan,38 Provinsi,6500,KALIMANTAN UTARA,191,Perkotaan+Perdesaan,118,2018,61,Semester 1 (Maret),0.303,65009819111861
bps_webapi,0000,2026-08-19T02:01:19+00:00,2026-08-05 12:26:57,98,Gini Ratio Menurut Provinsi dan Daerah,,3,,"- Sumber  : BPS, Susenas  
<br />- Tahun 2002, Susenas Modul Konsumsi reguler
<br />- Tahun 2005, Susenas Panel (Februari)
<br />- Tahun 2006-2010, Susenas Panel (Maret)
<br />- Tahun 2011-2016, Susenas Modul Konsumsi (Maret dan September)
<br />- Angka Provinsi Papua Barat dan Papua sebelum tahun 2024 merupakan angka provinsi sebelum mengalami pemekaran Daerah Otonom Baru (DOB)",Kemiskinan dan Ketimpangan,38 Provinsi,6500,KALIMANTAN UTARA,191,Perkotaan+Perdesaan,118,2018,62,Semester 2 (September),0.304,65009819111862
bps_webapi,0000,2026-08-19T02:01:19+00:00,2026-08-05 12:26:57,98,Gini Ratio Menurut Provinsi dan Daerah,,3,,"- Sumber  : BPS, Susenas  
<br />- Tahun 2002, Susenas Modul Konsumsi reguler
<br />- Tahun 2005, Susenas Panel (Februari)
<br />- Tahun 2006-2010, Susenas Panel (Maret)
<br />- Tahun 2011-2016, Susenas Modul Konsumsi (Maret dan September)
<br />- Angka Provinsi Papua Barat dan Papua sebelum tahun 2024 merupakan angka provinsi sebelum mengalami pemekaran Daerah Otonom Baru (DOB)",Kemiskinan dan Ketimpangan,38 Provinsi,7100,SULAWESI UTARA,189,Perkotaan,118,2018,61,Semester 1 (Maret),0.402,71009818911861
bps_webapi,0000,2026-08-19T02:01:19+00:00,2026-08-05 12:26:57,98,Gini Ratio Menurut Provinsi dan Daerah,,3,,"- Sumber  : BPS, Susenas  
<br />- Tahun 2002, Susenas Modul Konsumsi reguler
<br />- Tahun 2005, Susenas Panel (Februari)
<br />- Tahun 2006-2010, Susenas Panel (Maret)
<br />- Tahun 2011-2016, Susenas Modul Konsumsi (Maret dan September)
<br />- Angka Provinsi Papua Barat dan Papua sebelum tahun 2024 merupakan angka provinsi sebelum mengalami pemekaran Daerah Otonom Baru (DOB)",Kemiskinan dan Ketimpangan,38 Provinsi,7100,SULAWESI UTARA,189,Perkotaan,118,2018,62,Semester 2 (September),0.364,71009818911862
bps_webapi,0000,2026-08-19T02:01:19+00:00,2026-08-05 12:26:57,98,Gini Ratio Menurut Provinsi dan Daerah,,3,,"- Sumber  : BPS, Susenas  
<br />- Tahun 2002, Susenas Modul Konsumsi reguler
<br />- Tahun 2005, Susenas Panel (Februari)
<br />- Tahun 2006-2010, Susenas Panel (Maret)
<br />- Tahun 2011-2016, Susenas Modul Konsumsi (Maret dan September)
<br />- Angka Provinsi Papua Barat dan Papua sebelum tahun 2024 merupakan angka provinsi sebelum mengalami pemekaran Daerah Otonom Baru (DOB)",Kemiskinan dan Ketimpangan,38 Provinsi,7100,SULAWESI UTARA,190,Perdesaan,118,2018,61,Semester 1 (Maret),0.349,71009819011861
bps_webapi,0000,2026-08-19T02:01:19+00:00,2026-08-05 12:26:57,98,Gini Ratio Menurut Provinsi dan Daerah,,3,,"- Sumber  : BPS, Susenas  
<br />- Tahun 2002, Susenas Modul Konsumsi reguler
<br />- Tahun 2005, Susenas Panel (Februari)
<br />- Tahun 2006-2010, Susenas Panel (Maret)
<br />- Tahun 2011-2016, Susenas Modul Konsumsi (Maret dan September)
<br />- Angka Provinsi Papua Barat dan Papua sebelum tahun 2024 merupakan angka provinsi sebelum mengalami pemekaran Daerah Otonom Baru (DOB)",Kemiskinan dan Ketimpangan,38 Provinsi,7100,SULAWESI UTARA,190,Perdesaan,118,2018,62,Semester 2 (September),0.368,71009819011862
bps_webapi,0000,2026-08-19T02:01:19+00:00,2026-08-05 12:26:57,98,Gini Ratio Menurut Provinsi dan Daerah,,3,,"- Sumber  : BPS, Susenas  
<br />- Tahun 2002, Susenas Modul Konsumsi reguler
<br />- Tahun 2005, Susenas Panel (Februari)
<br />- Tahun 2006-2010, Susenas Panel (Maret)
<br />- Tahun 2011-2016, Susenas Modul Konsumsi (Maret dan September)
<br />- Angka Provinsi Papua Barat dan Papua sebelum tahun 2024 merupakan angka provinsi sebelum mengalami pemekaran Daerah Otonom Baru (DOB)",Kemiskinan dan Ketimpangan,38 Provinsi,7100,SULAWESI UTARA,191,Perkotaan+Perdesaan,118,2018,61,Semester 1 (Maret),0.394,71009819111861
bps_webapi,0000,2026-08-19T02:01:19+00:00,2026-08-05 12:26:57,98,Gini Ratio Menurut Provinsi dan Daerah,,3,,"- Sumber  : BPS, Susenas  
<br />- Tahun 2002, Susenas Modul Konsumsi reguler
<br />- Tahun 2005, Susenas Panel (Februari)
<br />- Tahun 2006-2010, Susenas Panel (Maret)
<br />- Tahun 2011-2016, Susenas Modul Konsumsi (Maret dan September)
<br />- Angka Provinsi Papua Barat dan Papua sebelum tahun 2024 merupakan angka provinsi sebelum mengalami pemekaran Daerah Otonom Baru (DOB)",Kemiskinan dan Ketimpangan,38 Provinsi,7100,SULAWESI UTARA,191,Perkotaan+Perdesaan,118,2018,62,Semester 2 (September),0.372,71009819111862
bps_webapi,0000,2026-08-19T02:01:19+00:00,2026-08-05 12:26:57,98,Gini Ratio Menurut Provinsi dan Daerah,,3,,"- Sumber  : BPS, Susenas  
<br />- Tahun 2002, Susenas Modul Konsumsi reguler
<br />- Tahun 2005, Susenas Panel (Februari)
<br />- Tahun 2006-2010, Susenas Panel (Maret)
<br />- Tahun 2011-2016, Susenas Modul Konsumsi (Maret dan September)
<br />- Angka Provinsi Papua Barat dan Papua sebelum tahun 2024 merupakan angka provinsi sebelum mengalami pemekaran Daerah Otonom Baru (DOB)",Kemiskinan dan Ketimpangan,38 Provinsi,7200,SULAWESI TENGAH,189,Perkotaan,118,2018,61,Semester 1 (Maret),0.37,72009818911861
bps_webapi,0000,2026-08-19T02:01:19+00:00,2026-08-05 12:26:57,98,Gini Ratio Menurut Provinsi dan Daerah,,3,,"- Sumber  : BPS, Susenas  
<br />- Tahun 2002, Susenas Modul Konsumsi reguler
<br />- Tahun 2005, Susenas Panel (Februari)
<br />- Tahun 2006-2010, Susenas Panel (Maret)
<br />- Tahun 2011-2016, Susenas Modul Konsumsi (Maret dan September)
<br />- Angka Provinsi Papua Barat dan Papua sebelum tahun 2024 merupakan angka provinsi sebelum mengalami pemekaran Daerah Otonom Baru (DOB)",Kemiskinan dan Ketimpangan,38 Provinsi,7200,SULAWESI TENGAH,189,Perkotaan,118,2018,62,Semester 2 (September),0.331,72009818911862
bps_webapi,0000,2026-08-19T02:01:19+00:00,2026-08-05 12:26:57,98,Gini Ratio Menurut Provinsi dan Daerah,,3,,"- Sumber  : BPS, Susenas  
<br />- Tahun 2002, Susenas Modul Konsumsi reguler
<br />- Tahun 2005, Susenas Panel (Februari)
<br />- Tahun 2006-2010, Susenas Panel (Maret)
<br />- Tahun 2011-2016, Susenas Modul Konsumsi (Maret dan September)
<br />- Angka Provinsi Papua Barat dan Papua sebelum tahun 2024 merupakan angka provinsi sebelum mengalami pemekaran Daerah Otonom Baru (DOB)",Kemiskinan dan Ketimpangan,38 Provinsi,7200,SULAWESI TENGAH,190,Perdesaan,118,2018,61,Semester 1 (Maret),0.307,72009819011861
bps_webapi,0000,2026-08-19T02:01:19+00:00,2026-08-05 12:26:57,98,Gini Ratio Menurut Provinsi dan Daerah,,3,,"- Sumber  : BPS, Susenas  
<br />- Tahun 2002, Susenas Modul Konsumsi reguler
<br />- Tahun 2005, Susenas Panel (Februari)
<br />- Tahun 2006-2010, Susenas Panel (Maret)
<br />- Tahun 2011-2016, Susenas Modul Konsumsi (Maret dan September)
<br />- Angka Provinsi Papua Barat dan Papua sebelum tahun 2024 merupakan angka provinsi sebelum mengalami pemekaran Daerah Otonom Baru (DOB)",Kemiskinan dan Ketimpangan,38 Provinsi,7200,SULAWESI TENGAH,190,Perdesaan,118,2018,62,Semester 2 (September),0.28,72009819011862
bps_webapi,0000,2026-08-19T02:01:19+00:00,2026-08-05 12:26:57,98,Gini Ratio Menurut Provinsi dan Daerah,,3,,"- Sumber  : BPS, Susenas  
<br />- Tahun 2002, Susenas Modul Konsumsi reguler
<br />- Tahun 2005, Susenas Panel (Februari)
<br />- Tahun 2006-2010, Susenas Panel (Maret)
<br />- Tahun 2011-2016, Susenas Modul Konsumsi (Maret dan September)
<br />- Angka Provinsi Papua Barat dan Papua sebelum tahun 2024 merupakan angka provinsi sebelum mengalami pemekaran Daerah Otonom Baru (DOB)",Kemiskinan dan Ketimpangan,38 Provinsi,7200,SULAWESI TENGAH,191,Perkotaan+Perdesaan,118,2018,61,Semester 1 (Maret),0.346,72009819111861
bps_webapi,0000,2026-08-19T02:01:19+00:00,2026-08-05 12:26:57,98,Gini Ratio Menurut Provinsi dan Daerah,,3,,"- Sumber  : BPS, Susenas  
<br />- Tahun 2002, Susenas Modul Konsumsi reguler
<br />- Tahun 2005, Susenas Panel (Februari)
<br />- Tahun 2006-2010, Susenas Panel (Maret)
<br />- Tahun 2011-2016, Susenas Modul Konsumsi (Maret dan September)
<br />- Angka Provinsi Papua Barat dan Papua sebelum tahun 2024 merupakan angka provinsi sebelum mengalami pemekaran Daerah Otonom Baru (DOB)",Kemiskinan dan Ketimpangan,38 Provinsi,7200,SULAWESI TENGAH,191,Perkotaan+Perdesaan,118,2018,62,Semester 2 (September),0.317,72009819111862
bps_webapi,0000,2026-08-19T02:01:19+00:00,2026-08-05 12:26:57,98,Gini Ratio Menurut Provinsi dan Daerah,,3,,"- Sumber  : BPS, Susenas  
<br />- Tahun 2002, Susenas Modul Konsumsi reguler
<br />- Tahun 2005, Susenas Panel (Februari)
<br />- Tahun 2006-2010, Susenas Panel (Maret)
<br />- Tahun 2011-2016, Susenas Modul Konsumsi (Maret dan September)
<br />- Angka Provinsi Papua Barat dan Papua sebelum tahun 2024 merupakan angka provinsi sebelum mengalami pemekaran Daerah Otonom Baru (DOB)",Kemiskinan dan Ketimpangan,38 Provinsi,7300,SULAWESI SELATAN,189,Perkotaan,118,2018,61,Semester 1 (Maret),0.392,73009818911861
bps_webapi,0000,2026-08-19T02:01:19+00:00,2026-08-05 12:26:57,98,Gini Ratio Menurut Provinsi dan Daerah,,3,,"- Sumber  : BPS, Susenas  
<br />- Tahun 2002, Susenas Modul Konsumsi reguler
<br />- Tahun 2005, Susenas Panel (Februari)
<br />- Tahun 2006-2010, Susenas Panel (Maret)
<br />- Tahun 2011-2016, Susenas Modul Konsumsi (Maret dan September)
<br />- Angka Provinsi Papua Barat dan Papua sebelum tahun 2024 merupakan angka provinsi sebelum mengalami pemekaran Daerah Otonom Baru (DOB)",Kemiskinan dan Ketimpangan,38 Provinsi,7300,SULAWESI SELATAN,189,Perkotaan,118,2018,62,Semester 2 (September),0.391,73009818911862
bps_webapi,0000,2026-08-19T02:01:19+00:00,2026-08-05 12:26:57,98,Gini Ratio Menurut Provinsi dan Daerah,,3,,"- Sumber  : BPS, Susenas  
<br />- Tahun 2002, Susenas Modul Konsumsi reguler
<br />- Tahun 2005, Susenas Panel (Februari)
<br />- Tahun 2006-2010, Susenas Panel (Maret)
<br />- Tahun 2011-2016, Susenas Modul Konsumsi (Maret dan September)
<br />- Angka Provinsi Papua Barat dan Papua sebelum tahun 2024 merupakan angka provinsi sebelum mengalami pemekaran Daerah Otonom Baru (DOB)",Kemiskinan dan Ketimpangan,38 Provinsi,7300,SULAWESI SELATAN,190,Perdesaan,118,2018,61,Semester 1 (Maret),0.361,73009819011861
bps_webapi,0000,2026-08-19T02:01:19+00:00,2026-08-05 12:26:57,98,Gini Ratio Menurut Provinsi dan Daerah,,3,,"- Sumber  : BPS, Susenas  
<br />- Tahun 2002, Susenas Modul Konsumsi reguler
<br />- Tahun 2005, Susenas Panel (Februari)
<br />- Tahun 2006-2010, Susenas Panel (Maret)
<br />- Tahun 2011-2016, Susenas Modul Konsumsi (Maret dan September)
<br />- Angka Provinsi Papua Barat dan Papua sebelum tahun 2024 merupakan angka provinsi sebelum mengalami pemekaran Daerah Otonom Baru (DOB)",Kemiskinan dan Ketimpangan,38 Provinsi,7300,SULAWESI SELATAN,190,Perdesaan,118,2018,62,Semester 2 (September),0.353,73009819011862
bps_webapi,0000,2026-08-19T02:01:19+00:00,2026-08-05 12:26:57,98,Gini Ratio Menurut Provinsi dan Daerah,,3,,"- Sumber  : BPS, Susenas  
<br />- Tahun 2002, Susenas Modul Konsumsi reguler
<br />- Tahun 2005, Susenas Panel (Februari)
<br />- Tahun 2006-2010, Susenas Panel (Maret)
<br />- Tahun 2011-2016, Susenas Modul Konsumsi (Maret dan September)
<br />- Angka Provinsi Papua Barat dan Papua sebelum tahun 2024 merupakan angka provinsi sebelum mengalami pemekaran Daerah Otonom Baru (DOB)",Kemiskinan dan Ketimpangan,38 Provinsi,7300,SULAWESI SELATAN,191,Perkotaan+Perdesaan,118,2018,61,Semester 1 (Maret),0.397,73009819111861
bps_webapi,0000,2026-08-19T02:01:19+00:00,2026-08-05 12:26:57,98,Gini Ratio Menurut Provinsi dan Daerah,,3,,"- Sumber  : BPS, Susenas  
<br />- Tahun 2002, Susenas Modul Konsumsi reguler
<br />- Tahun 2005, Susenas Panel (Februari)
<br />- Tahun 2006-2010, Susenas Panel (Maret)
<br />- Tahun 2011-2016, Susenas Modul Konsumsi (Maret dan September)
<br />- Angka Provinsi Papua Barat dan Papua sebelum tahun 2024 merupakan angka provinsi sebelum mengalami pemekaran Daerah Otonom Baru (DOB)",Kemiskinan dan Ketimpangan,38 Provinsi,7300,SULAWESI SELATAN,191,Perkotaan+Perdesaan,118,2018,62,Semester 2 (September),0.388,73009819111862
bps_webapi,0000,2026-08-19T02:01:19+00:00,2026-08-05 12:26:57,98,Gini Ratio Menurut Provinsi dan Daerah,,3,,"- Sumber  : BPS, Susenas  
<br />- Tahun 2002, Susenas Modul Konsumsi reguler
<br />- Tahun 2005, Susenas Panel (Februari)
<br />- Tahun 2006-2010, Susenas Panel (Maret)
<br />- Tahun 2011-2016, Susenas Modul Konsumsi (Maret dan September)
<br />- Angka Provinsi Papua Barat dan Papua sebelum tahun 2024 merupakan angka provinsi sebelum mengalami pemekaran Daerah Otonom Baru (DOB)",Kemiskinan dan Ketimpangan,38 Provinsi,7400,SULAWESI TENGGARA,189,Perkotaan,118,2018,61,Semester 1 (Maret),0.42,74009818911861
bps_webapi,0000,2026-08-19T02:01:19+00:00,2026-08-05 12:26:57,98,Gini Ratio Menurut Provinsi dan Daerah,,3,,"- Sumber  : BPS, Susenas  
<br />- Tahun 2002, Susenas Modul Konsumsi reguler
<br />- Tahun 2005, Susenas Panel (Februari)
<br />- Tahun 2006-2010, Susenas Panel (Maret)
<br />- Tahun 2011-2016, Susenas Modul Konsumsi (Maret dan September)
<br />- Angka Provinsi Papua Barat dan Papua sebelum tahun 2024 merupakan angka provinsi sebelum mengalami pemekaran Daerah Otonom Baru (DOB)",Kemiskinan dan Ketimpangan,38 Provinsi,7400,SULAWESI TENGGARA,189,Perkotaan,118,2018,62,Semester 2 (September),0.41,74009818911862
bps_webapi,0000,2026-08-19T02:01:19+00:00,2026-08-05 12:26:57,98,Gini Ratio Menurut Provinsi dan Daerah,,3,,"- Sumber  : BPS, Susenas  
<br />- Tahun 2002, Susenas Modul Konsumsi reguler
<br />- Tahun 2005, Susenas Panel (Februari)
<br />- Tahun 2006-2010, Susenas Panel (Maret)
<br />- Tahun 2011-2016, Susenas Modul Konsumsi (Maret dan September)
<br />- Angka Provinsi Papua Barat dan Papua sebelum tahun 2024 merupakan angka provinsi sebelum mengalami pemekaran Daerah Otonom Baru (DOB)",Kemiskinan dan Ketimpangan,38 Provinsi,7400,SULAWESI TENGGARA,190,Perdesaan,118,2018,61,Semester 1 (Maret),0.37,74009819011861
bps_webapi,0000,2026-08-19T02:01:19+00:00,2026-08-05 12:26:57,98,Gini Ratio Menurut Provinsi dan Daerah,,3,,"- Sumber  : BPS, Susenas  
<br />- Tahun 2002, Susenas Modul Konsumsi reguler
<br />- Tahun 2005, Susenas Panel (Februari)
<br />- Tahun 2006-2010, Susenas Panel (Maret)
<br />- Tahun 2011-2016, Susenas Modul Konsumsi (Maret dan September)
<br />- Angka Provinsi Papua Barat dan Papua sebelum tahun 2024 merupakan angka provinsi sebelum mengalami pemekaran Daerah Otonom Baru (DOB)",Kemiskinan dan Ketimpangan,38 Provinsi,7400,SULAWESI TENGGARA,190,Perdesaan,118,2018,62,Semester 2 (September),0.356,74009819011862
bps_webapi,0000,2026-08-19T02:01:19+00:00,2026-08-05 12:26:57,98,Gini Ratio Menurut Provinsi dan Daerah,,3,,"- Sumber  : BPS, Susenas  
<br />- Tahun 2002, Susenas Modul Konsumsi reguler
<br />- Tahun 2005, Susenas Panel (Februari)
<br />- Tahun 2006-2010, Susenas Panel (Maret)
<br />- Tahun 2011-2016, Susenas Modul Konsumsi (Maret dan September)
<br />- Angka Provinsi Papua Barat dan Papua sebelum tahun 2024 merupakan angka provinsi sebelum mengalami pemekaran Daerah Otonom Baru (DOB)",Kemiskinan dan Ketimpangan,38 Provinsi,7400,SULAWESI TENGGARA,191,Perkotaan+Perdesaan,118,2018,61,Semester 1 (Maret),0.409,74009819111861
bps_webapi,0000,2026-08-19T02:01:19+00:00,2026-08-05 12:26:57,98,Gini Ratio Menurut Provinsi dan Daerah,,3,,"- Sumber  : BPS, Susenas  
<br />- Tahun 2002, Susenas Modul Konsumsi reguler
<br />- Tahun 2005, Susenas Panel (Februari)
<br />- Tahun 2006-2010, Susenas Panel (Maret)
<br />- Tahun 2011-2016, Susenas Modul Konsumsi (Maret dan September)
<br />- Angka Provinsi Papua Barat dan Papua sebelum tahun 2024 merupakan angka provinsi sebelum mengalami pemekaran Daerah Otonom Baru (DOB)",Kemiskinan dan Ketimpangan,38 Provinsi,7400,SULAWESI TENGGARA,191,Perkotaan+Perdesaan,118,2018,62,Semester 2 (September),0.392,74009819111862
bps_webapi,0000,2026-08-19T02:01:19+00:00,2026-08-05 12:26:57,98,Gini Ratio Menurut Provinsi dan Daerah,,3,,"- Sumber  : BPS, Susenas  
<br />- Tahun 2002, Susenas Modul Konsumsi reguler
<br />- Tahun 2005, Susenas Panel (Februari)
<br />- Tahun 2006-2010, Susenas Panel (Maret)
<br />- Tahun 2011-2016, Susenas Modul Konsumsi (Maret dan September)
<br />- Angka Provinsi Papua Barat dan Papua sebelum tahun 2024 merupakan angka provinsi sebelum mengalami pemekaran Daerah Otonom Baru (DOB)",Kemiskinan dan Ketimpangan,38 Provinsi,7500,GORONTALO,189,Perkotaan,118,2018,61,Semester 1 (Maret),0.39,75009818911861
bps_webapi,0000,2026-08-19T02:01:19+00:00,2026-08-05 12:26:57,98,Gini Ratio Menurut Provinsi dan Daerah,,3,,"- Sumber  : BPS, Susenas  
<br />- Tahun 2002, Susenas Modul Konsumsi reguler
<br />- Tahun 2005, Susenas Panel (Februari)
<br />- Tahun 2006-2010, Susenas Panel (Maret)
<br />- Tahun 2011-2016, Susenas Modul Konsumsi (Maret dan September)
<br />- Angka Provinsi Papua Barat dan Papua sebelum tahun 2024 merupakan angka provinsi sebelum mengalami pemekaran Daerah Otonom Baru (DOB)",Kemiskinan dan Ketimpangan,38 Provinsi,7500,GORONTALO,189,Perkotaan,118,2018,62,Semester 2 (September),0.397,75009818911862
bps_webapi,0000,2026-08-19T02:01:19+00:00,2026-08-05 12:26:57,98,Gini Ratio Menurut Provinsi dan Daerah,,3,,"- Sumber  : BPS, Susenas  
<br />- Tahun 2002, Susenas Modul Konsumsi reguler
<br />- Tahun 2005, Susenas Panel (Februari)
<br />- Tahun 2006-2010, Susenas Panel (Maret)
<br />- Tahun 2011-2016, Susenas Modul Konsumsi (Maret dan September)
<br />- Angka Provinsi Papua Barat dan Papua sebelum tahun 2024 merupakan angka provinsi sebelum mengalami pemekaran Daerah Otonom Baru (DOB)",Kemiskinan dan Ketimpangan,38 Provinsi,7500,GORONTALO,190,Perdesaan,118,2018,61,Semester 1 (Maret),0.383,75009819011861
bps_webapi,0000,2026-08-19T02:01:19+00:00,2026-08-05 12:26:57,98,Gini Ratio Menurut Provinsi dan Daerah,,3,,"- Sumber  : BPS, Susenas  
<br />- Tahun 2002, Susenas Modul Konsumsi reguler
<br />- Tahun 2005, Susenas Panel (Februari)
<br />- Tahun 2006-2010, Susenas Panel (Maret)
<br />- Tahun 2011-2016, Susenas Modul Konsumsi (Maret dan September)
<br />- Angka Provinsi Papua Barat dan Papua sebelum tahun 2024 merupakan angka provinsi sebelum mengalami pemekaran Daerah Otonom Baru (DOB)",Kemiskinan dan Ketimpangan,38 Provinsi,7500,GORONTALO,190,Perdesaan,118,2018,62,Semester 2 (September),0.413,75009819011862
bps_webapi,0000,2026-08-19T02:01:19+00:00,2026-08-05 12:26:57,98,Gini Ratio Menurut Provinsi dan Daerah,,3,,"- Sumber  : BPS, Susenas  
<br />- Tahun 2002, Susenas Modul Konsumsi reguler
<br />- Tahun 2005, Susenas Panel (Februari)
<br />- Tahun 2006-2010, Susenas Panel (Maret)
<br />- Tahun 2011-2016, Susenas Modul Konsumsi (Maret dan September)
<br />- Angka Provinsi Papua Barat dan Papua sebelum tahun 2024 merupakan angka provinsi sebelum mengalami pemekaran Daerah Otonom Baru (DOB)",Kemiskinan dan Ketimpangan,38 Provinsi,7500,GORONTALO,191,Perkotaan+Perdesaan,118,2018,61,Semester 1 (Maret),0.403,75009819111861
bps_webapi,0000,2026-08-19T02:01:19+00:00,2026-08-05 12:26:57,98,Gini Ratio Menurut Provinsi dan Daerah,,3,,"- Sumber  : BPS, Susenas  
<br />- Tahun 2002, Susenas Modul Konsumsi reguler
<br />- Tahun 2005, Susenas Panel (Februari)
<br />- Tahun 2006-2010, Susenas Panel (Maret)
<br />- Tahun 2011-2016, Susenas Modul Konsumsi (Maret dan September)
<br />- Angka Provinsi Papua Barat dan Papua sebelum tahun 2024 merupakan angka provinsi sebelum mengalami pemekaran Daerah Otonom Baru (DOB)",Kemiskinan dan Ketimpangan,38 Provinsi,7500,GORONTALO,191,Perkotaan+Perdesaan,118,2018,62,Semester 2 (September),0.417,75009819111862
bps_webapi,0000,2026-08-19T02:01:19+00:00,2026-08-05 12:26:57,98,Gini Ratio Menurut Provinsi dan Daerah,,3,,"- Sumber  : BPS, Susenas  
<br />- Tahun 2002, Susenas Modul Konsumsi reguler
<br />- Tahun 2005, Susenas Panel (Februari)
<br />- Tahun 2006-2010, Susenas Panel (Maret)
<br />- Tahun 2011-2016, Susenas Modul Konsumsi (Maret dan September)
<br />- Angka Provinsi Papua Barat dan Papua sebelum tahun 2024 merupakan angka provinsi sebelum mengalami pemekaran Daerah Otonom Baru (DOB)",Kemiskinan dan Ketimpangan,38 Provinsi,7600,SULAWESI BARAT,189,Perkotaan,118,2018,61,Semester 1 (Maret),0.421,76009818911861
bps_webapi,0000,2026-08-19T02:01:19+00:00,2026-08-05 12:26:57,98,Gini Ratio Menurut Provinsi dan Daerah,,3,,"- Sumber  : BPS, Susenas  
<br />- Tahun 2002, Susenas Modul Konsumsi reguler
<br />- Tahun 2005, Susenas Panel (Februari)
<br />- Tahun 2006-2010, Susenas Panel (Maret)
<br />- Tahun 2011-2016, Susenas Modul Konsumsi (Maret dan September)
<br />- Angka Provinsi Papua Barat dan Papua sebelum tahun 2024 merupakan angka provinsi sebelum mengalami pemekaran Daerah Otonom Baru (DOB)",Kemiskinan dan Ketimpangan,38 Provinsi,7600,SULAWESI BARAT,189,Perkotaan,118,2018,62,Semester 2 (September),0.451,76009818911862
bps_webapi,0000,2026-08-19T02:01:19+00:00,2026-08-05 12:26:57,98,Gini Ratio Menurut Provinsi dan Daerah,,3,,"- Sumber  : BPS, Susenas  
<br />- Tahun 2002, Susenas Modul Konsumsi reguler
<br />- Tahun 2005, Susenas Panel (Februari)
<br />- Tahun 2006-2010, Susenas Panel (Maret)
<br />- Tahun 2011-2016, Susenas Modul Konsumsi (Maret dan September)
<br />- Angka Provinsi Papua Barat dan Papua sebelum tahun 2024 merupakan angka provinsi sebelum mengalami pemekaran Daerah Otonom Baru (DOB)",Kemiskinan dan Ketimpangan,38 Provinsi,7600,SULAWESI BARAT,190,Perdesaan,118,2018,61,Semester 1 (Maret),0.335,76009819011861
bps_webapi,0000,2026-08-19T02:01:19+00:00,2026-08-05 12:26:57,98,Gini Ratio Menurut Provinsi dan Daerah,,3,,"- Sumber  : BPS, Susenas  
<br />- Tahun 2002, Susenas Modul Konsumsi reguler
<br />- Tahun 2005, Susenas Panel (Februari)
<br />- Tahun 2006-2010, Susenas Panel (Maret)
<br />- Tahun 2011-2016, Susenas Modul Konsumsi (Maret dan September)
<br />- Angka Provinsi Papua Barat dan Papua sebelum tahun 2024 merupakan angka provinsi sebelum mengalami pemekaran Daerah Otonom Baru (DOB)",Kemiskinan dan Ketimpangan,38 Provinsi,7600,SULAWESI BARAT,190,Perdesaan,118,2018,62,Semester 2 (September),0.311,76009819011862
bps_webapi,0000,2026-08-19T02:01:19+00:00,2026-08-05 12:26:57,98,Gini Ratio Menurut Provinsi dan Daerah,,3,,"- Sumber  : BPS, Susenas  
<br />- Tahun 2002, Susenas Modul Konsumsi reguler
<br />- Tahun 2005, Susenas Panel (Februari)
<br />- Tahun 2006-2010, Susenas Panel (Maret)
<br />- Tahun 2011-2016, Susenas Modul Konsumsi (Maret dan September)
<br />- Angka Provinsi Papua Barat dan Papua sebelum tahun 2024 merupakan angka provinsi sebelum mengalami pemekaran Daerah Otonom Baru (DOB)",Kemiskinan dan Ketimpangan,38 Provinsi,7600,SULAWESI BARAT,191,Perkotaan+Perdesaan,118,2018,61,Semester 1 (Maret),0.37,76009819111861
bps_webapi,0000,2026-08-19T02:01:19+00:00,2026-08-05 12:26:57,98,Gini Ratio Menurut Provinsi dan Daerah,,3,,"- Sumber  : BPS, Susenas  
<br />- Tahun 2002, Susenas Modul Konsumsi reguler
<br />- Tahun 2005, Susenas Panel (Februari)
<br />- Tahun 2006-2010, Susenas Panel (Maret)
<br />- Tahun 2011-2016, Susenas Modul Konsumsi (Maret dan September)
<br />- Angka Provinsi Papua Barat dan Papua sebelum tahun 2024 merupakan angka provinsi sebelum mengalami pemekaran Daerah Otonom Baru (DOB)",Kemiskinan dan Ketimpangan,38 Provinsi,7600,SULAWESI BARAT,191,Perkotaan+Perdesaan,118,2018,62,Semester 2 (September),0.366,76009819111862
bps_webapi,0000,2026-08-19T02:01:19+00:00,2026-08-05 12:26:57,98,Gini Ratio Menurut Provinsi dan Daerah,,3,,"- Sumber  : BPS, Susenas  
<br />- Tahun 2002, Susenas Modul Konsumsi reguler
<br />- Tahun 2005, Susenas Panel (Februari)
<br />- Tahun 2006-2010, Susenas Panel (Maret)
<br />- Tahun 2011-2016, Susenas Modul Konsumsi (Maret dan September)
<br />- Angka Provinsi Papua Barat dan Papua sebelum tahun 2024 merupakan angka provinsi sebelum mengalami pemekaran Daerah Otonom Baru (DOB)",Kemiskinan dan Ketimpangan,38 Provinsi,8100,MALUKU,189,Perkotaan,118,2018,61,Semester 1 (Maret),0.314,81009818911861
bps_webapi,0000,2026-08-19T02:01:19+00:00,2026-08-05 12:26:57,98,Gini Ratio Menurut Provinsi dan Daerah,,3,,"- Sumber  : BPS, Susenas  
<br />- Tahun 2002, Susenas Modul Konsumsi reguler
<br />- Tahun 2005, Susenas Panel (Februari)
<br />- Tahun 2006-2010, Susenas Panel (Maret)
<br />- Tahun 2011-2016, Susenas Modul Konsumsi (Maret dan September)
<br />- Angka Provinsi Papua Barat dan Papua sebelum tahun 2024 merupakan angka provinsi sebelum mengalami pemekaran Daerah Otonom Baru (DOB)",Kemiskinan dan Ketimpangan,38 Provinsi,8100,MALUKU,189,Perkotaan,118,2018,62,Semester 2 (September),0.294,81009818911862
bps_webapi,0000,2026-08-19T02:01:19+00:00,2026-08-05 12:26:57,98,Gini Ratio Menurut Provinsi dan Daerah,,3,,"- Sumber  : BPS, Susenas  
<br />- Tahun 2002, Susenas Modul Konsumsi reguler
<br />- Tahun 2005, Susenas Panel (Februari)
<br />- Tahun 2006-2010, Susenas Panel (Maret)
<br />- Tahun 2011-2016, Susenas Modul Konsumsi (Maret dan September)
<br />- Angka Provinsi Papua Barat dan Papua sebelum tahun 2024 merupakan angka provinsi sebelum mengalami pemekaran Daerah Otonom Baru (DOB)",Kemiskinan dan Ketimpangan,38 Provinsi,8100,MALUKU,190,Perdesaan,118,2018,61,Semester 1 (Maret),0.291,81009819011861
bps_webapi,0000,2026-08-19T02:01:19+00:00,2026-08-05 12:26:57,98,Gini Ratio Menurut Provinsi dan Daerah,,3,,"- Sumber  : BPS, Susenas  
<br />- Tahun 2002, Susenas Modul Konsumsi reguler
<br />- Tahun 2005, Susenas Panel (Februari)
<br />- Tahun 2006-2010, Susenas Panel (Maret)
<br />- Tahun 2011-2016, Susenas Modul Konsumsi (Maret dan September)
<br />- Angka Provinsi Papua Barat dan Papua sebelum tahun 2024 merupakan angka provinsi sebelum mengalami pemekaran Daerah Otonom Baru (DOB)",Kemiskinan dan Ketimpangan,38 Provinsi,8100,MALUKU,190,Perdesaan,118,2018,62,Semester 2 (September),0.288,81009819011862
bps_webapi,0000,2026-08-19T02:01:19+00:00,2026-08-05 12:26:57,98,Gini Ratio Menurut Provinsi dan Daerah,,3,,"- Sumber  : BPS, Susenas  
<br />- Tahun 2002, Susenas Modul Konsumsi reguler
<br />- Tahun 2005, Susenas Panel (Februari)
<br />- Tahun 2006-2010, Susenas Panel (Maret)
<br />- Tahun 2011-2016, Susenas Modul Konsumsi (Maret dan September)
<br />- Angka Provinsi Papua Barat dan Papua sebelum tahun 2024 merupakan angka provinsi sebelum mengalami pemekaran Daerah Otonom Baru (DOB)",Kemiskinan dan Ketimpangan,38 Provinsi,8100,MALUKU,191,Perkotaan+Perdesaan,118,2018,61,Semester 1 (Maret),0.343,81009819111861
bps_webapi,0000,2026-08-19T02:01:19+00:00,2026-08-05 12:26:57,98,Gini Ratio Menurut Provinsi dan Daerah,,3,,"- Sumber  : BPS, Susenas  
<br />- Tahun 2002, Susenas Modul Konsumsi reguler
<br />- Tahun 2005, Susenas Panel (Februari)
<br />- Tahun 2006-2010, Susenas Panel (Maret)
<br />- Tahun 2011-2016, Susenas Modul Konsumsi (Maret dan September)
<br />- Angka Provinsi Papua Barat dan Papua sebelum tahun 2024 merupakan angka provinsi sebelum mengalami pemekaran Daerah Otonom Baru (DOB)",Kemiskinan dan Ketimpangan,38 Provinsi,8100,MALUKU,191,Perkotaan+Perdesaan,118,2018,62,Semester 2 (September),0.326,81009819111862
bps_webapi,0000,2026-08-19T02:01:19+00:00,2026-08-05 12:26:57,98,Gini Ratio Menurut Provinsi dan Daerah,,3,,"- Sumber  : BPS, Susenas  
<br />- Tahun 2002, Susenas Modul Konsumsi reguler
<br />- Tahun 2005, Susenas Panel (Februari)
<br />- Tahun 2006-2010, Susenas Panel (Maret)
<br />- Tahun 2011-2016, Susenas Modul Konsumsi (Maret dan September)
<br />- Angka Provinsi Papua Barat dan Papua sebelum tahun 2024 merupakan angka provinsi sebelum mengalami pemekaran Daerah Otonom Baru (DOB)",Kemiskinan dan Ketimpangan,38 Provinsi,8200,MALUKU UTARA,189,Perkotaan,118,2018,61,Semester 1 (Maret),0.345,82009818911861
bps_webapi,0000,2026-08-19T02:01:19+00:00,2026-08-05 12:26:57,98,Gini Ratio Menurut Provinsi dan Daerah,,3,,"- Sumber  : BPS, Susenas  
<br />- Tahun 2002, Susenas Modul Konsumsi reguler
<br />- Tahun 2005, Susenas Panel (Februari)
<br />- Tahun 2006-2010, Susenas Panel (Maret)
<br />- Tahun 2011-2016, Susenas Modul Konsumsi (Maret dan September)
<br />- Angka Provinsi Papua Barat dan Papua sebelum tahun 2024 merupakan angka provinsi sebelum mengalami pemekaran Daerah Otonom Baru (DOB)",Kemiskinan dan Ketimpangan,38 Provinsi,8200,MALUKU UTARA,189,Perkotaan,118,2018,62,Semester 2 (September),0.308,82009818911862
bps_webapi,0000,2026-08-19T02:01:19+00:00,2026-08-05 12:26:57,98,Gini Ratio Menurut Provinsi dan Daerah,,3,,"- Sumber  : BPS, Susenas  
<br />- Tahun 2002, Susenas Modul Konsumsi reguler
<br />- Tahun 2005, Susenas Panel (Februari)
<br />- Tahun 2006-2010, Susenas Panel (Maret)
<br />- Tahun 2011-2016, Susenas Modul Konsumsi (Maret dan September)
<br />- Angka Provinsi Papua Barat dan Papua sebelum tahun 2024 merupakan angka provinsi sebelum mengalami pemekaran Daerah Otonom Baru (DOB)",Kemiskinan dan Ketimpangan,38 Provinsi,8200,MALUKU UTARA,190,Perdesaan,118,2018,61,Semester 1 (Maret),0.266,82009819011861
bps_webapi,0000,2026-08-19T02:01:19+00:00,2026-08-05 12:26:57,98,Gini Ratio Menurut Provinsi dan Daerah,,3,,"- Sumber  : BPS, Susenas  
<br />- Tahun 2002, Susenas Modul Konsumsi reguler
<br />- Tahun 2005, Susenas Panel (Februari)
<br />- Tahun 2006-2010, Susenas Panel (Maret)
<br />- Tahun 2011-2016, Susenas Modul Konsumsi (Maret dan September)
<br />- Angka Provinsi Papua Barat dan Papua sebelum tahun 2024 merupakan angka provinsi sebelum mengalami pemekaran Daerah Otonom Baru (DOB)",Kemiskinan dan Ketimpangan,38 Provinsi,8200,MALUKU UTARA,190,Perdesaan,118,2018,62,Semester 2 (September),0.277,82009819011862
bps_webapi,0000,2026-08-19T02:01:19+00:00,2026-08-05 12:26:57,98,Gini Ratio Menurut Provinsi dan Daerah,,3,,"- Sumber  : BPS, Susenas  
<br />- Tahun 2002, Susenas Modul Konsumsi reguler
<br />- Tahun 2005, Susenas Panel (Februari)
<br />- Tahun 2006-2010, Susenas Panel (Maret)
<br />- Tahun 2011-2016, Susenas Modul Konsumsi (Maret dan September)
<br />- Angka Provinsi Papua Barat dan Papua sebelum tahun 2024 merupakan angka provinsi sebelum mengalami pemekaran Daerah Otonom Baru (DOB)",Kemiskinan dan Ketimpangan,38 Provinsi,8200,MALUKU UTARA,191,Perkotaan+Perdesaan,118,2018,61,Semester 1 (Maret),0.328,82009819111861
bps_webapi,0000,2026-08-19T02:01:19+00:00,2026-08-05 12:26:57,98,Gini Ratio Menurut Provinsi dan Daerah,,3,,"- Sumber  : BPS, Susenas  
<br />- Tahun 2002, Susenas Modul Konsumsi reguler
<br />- Tahun 2005, Susenas Panel (Februari)
<br />- Tahun 2006-2010, Susenas Panel (Maret)
<br />- Tahun 2011-2016, Susenas Modul Konsumsi (Maret dan September)
<br />- Angka Provinsi Papua Barat dan Papua sebelum tahun 2024 merupakan angka provinsi sebelum mengalami pemekaran Daerah Otonom Baru (DOB)",Kemiskinan dan Ketimpangan,38 Provinsi,8200,MALUKU UTARA,191,Perkotaan+Perdesaan,118,2018,62,Semester 2 (September),0.336,82009819111862
bps_webapi,0000,2026-08-19T02:01:19+00:00,2026-08-05 12:26:57,98,Gini Ratio Menurut Provinsi dan Daerah,,3,,"- Sumber  : BPS, Susenas  
<br />- Tahun 2002, Susenas Modul Konsumsi reguler
<br />- Tahun 2005, Susenas Panel (Februari)
<br />- Tahun 2006-2010, Susenas Panel (Maret)
<br />- Tahun 2011-2016, Susenas Modul Konsumsi (Maret dan September)
<br />- Angka Provinsi Papua Barat dan Papua sebelum tahun 2024 merupakan angka provinsi sebelum mengalami pemekaran Daerah Otonom Baru (DOB)",Kemiskinan dan Ketimpangan,38 Provinsi,9100,PAPUA BARAT,189,Perkotaan,118,2018,61,Semester 1 (Maret),0.331,91009818911861
bps_webapi,0000,2026-08-19T02:01:19+00:00,2026-08-05 12:26:57,98,Gini Ratio Menurut Provinsi dan Daerah,,3,,"- Sumber  : BPS, Susenas  
<br />- Tahun 2002, Susenas Modul Konsumsi reguler
<br />- Tahun 2005, Susenas Panel (Februari)
<br />- Tahun 2006-2010, Susenas Panel (Maret)
<br />- Tahun 2011-2016, Susenas Modul Konsumsi (Maret dan September)
<br />- Angka Provinsi Papua Barat dan Papua sebelum tahun 2024 merupakan angka provinsi sebelum mengalami pemekaran Daerah Otonom Baru (DOB)",Kemiskinan dan Ketimpangan,38 Provinsi,9100,PAPUA BARAT,189,Perkotaan,118,2018,62,Semester 2 (September),0.318,91009818911862
bps_webapi,0000,2026-08-19T02:01:19+00:00,2026-08-05 12:26:57,98,Gini Ratio Menurut Provinsi dan Daerah,,3,,"- Sumber  : BPS, Susenas  
<br />- Tahun 2002, Susenas Modul Konsumsi reguler
<br />- Tahun 2005, Susenas Panel (Februari)
<br />- Tahun 2006-2010, Susenas Panel (Maret)
<br />- Tahun 2011-2016, Susenas Modul Konsumsi (Maret dan September)
<br />- Angka Provinsi Papua Barat dan Papua sebelum tahun 2024 merupakan angka provinsi sebelum mengalami pemekaran Daerah Otonom Baru (DOB)",Kemiskinan dan Ketimpangan,38 Provinsi,9100,PAPUA BARAT,190,Perdesaan,118,2018,61,Semester 1 (Maret),0.424,91009819011861
bps_webapi,0000,2026-08-19T02:01:19+00:00,2026-08-05 12:26:57,98,Gini Ratio Menurut Provinsi dan Daerah,,3,,"- Sumber  : BPS, Susenas  
<br />- Tahun 2002, Susenas Modul Konsumsi reguler
<br />- Tahun 2005, Susenas Panel (Februari)
<br />- Tahun 2006-2010, Susenas Panel (Maret)
<br />- Tahun 2011-2016, Susenas Modul Konsumsi (Maret dan September)
<br />- Angka Provinsi Papua Barat dan Papua sebelum tahun 2024 merupakan angka provinsi sebelum mengalami pemekaran Daerah Otonom Baru (DOB)",Kemiskinan dan Ketimpangan,38 Provinsi,9100,PAPUA BARAT,190,Perdesaan,118,2018,62,Semester 2 (September),0.427,91009819011862
bps_webapi,0000,2026-08-19T02:01:19+00:00,2026-08-05 12:26:57,98,Gini Ratio Menurut Provinsi dan Daerah,,3,,"- Sumber  : BPS, Susenas  
<br />- Tahun 2002, Susenas Modul Konsumsi reguler
<br />- Tahun 2005, Susenas Panel (Februari)
<br />- Tahun 2006-2010, Susenas Panel (Maret)
<br />- Tahun 2011-2016, Susenas Modul Konsumsi (Maret dan September)
<br />- Angka Provinsi Papua Barat dan Papua sebelum tahun 2024 merupakan angka provinsi sebelum mengalami pemekaran Daerah Otonom Baru (DOB)",Kemiskinan dan Ketimpangan,38 Provinsi,9100,PAPUA BARAT,191,Perkotaan+Perdesaan,118,2018,61,Semester 1 (Maret),0.394,91009819111861
bps_webapi,0000,2026-08-19T02:01:19+00:00,2026-08-05 12:26:57,98,Gini Ratio Menurut Provinsi dan Daerah,,3,,"- Sumber  : BPS, Susenas  
<br />- Tahun 2002, Susenas Modul Konsumsi reguler
<br />- Tahun 2005, Susenas Panel (Februari)
<br />- Tahun 2006-2010, Susenas Panel (Maret)
<br />- Tahun 2011-2016, Susenas Modul Konsumsi (Maret dan September)
<br />- Angka Provinsi Papua Barat dan Papua sebelum tahun 2024 merupakan angka provinsi sebelum mengalami pemekaran Daerah Otonom Baru (DOB)",Kemiskinan dan Ketimpangan,38 Provinsi,9100,PAPUA BARAT,191,Perkotaan+Perdesaan,118,2018,62,Semester 2 (September),0.391,91009819111862
bps_webapi,0000,2026-08-19T02:01:19+00:00,2026-08-05 12:26:57,98,Gini Ratio Menurut Provinsi dan Daerah,,3,,"- Sumber  : BPS, Susenas  
<br />- Tahun 2002, Susenas Modul Konsumsi reguler
<br />- Tahun 2005, Susenas Panel (Februari)
<br />- Tahun 2006-2010, Susenas Panel (Maret)
<br />- Tahun 2011-2016, Susenas Modul Konsumsi (Maret dan September)
<br />- Angka Provinsi Papua Barat dan Papua sebelum tahun 2024 merupakan angka provinsi sebelum mengalami pemekaran Daerah Otonom Baru (DOB)",Kemiskinan dan Ketimpangan,38 Provinsi,9400,PAPUA,189,Perkotaan,118,2018,61,Semester 1 (Maret),0.312,94009818911861
bps_webapi,0000,2026-08-19T02:01:19+00:00,2026-08-05 12:26:57,98,Gini Ratio Menurut Provinsi dan Daerah,,3,,"- Sumber  : BPS, Susenas  
<br />- Tahun 2002, Susenas Modul Konsumsi reguler
<br />- Tahun 2005, Susenas Panel (Februari)
<br />- Tahun 2006-2010, Susenas Panel (Maret)
<br />- Tahun 2011-2016, Susenas Modul Konsumsi (Maret dan September)
<br />- Angka Provinsi Papua Barat dan Papua sebelum tahun 2024 merupakan angka provinsi sebelum mengalami pemekaran Daerah Otonom Baru (DOB)",Kemiskinan dan Ketimpangan,38 Provinsi,9400,PAPUA,189,Perkotaan,118,2018,62,Semester 2 (September),0.294,94009818911862
bps_webapi,0000,2026-08-19T02:01:19+00:00,2026-08-05 12:26:57,98,Gini Ratio Menurut Provinsi dan Daerah,,3,,"- Sumber  : BPS, Susenas  
<br />- Tahun 2002, Susenas Modul Konsumsi reguler
<br />- Tahun 2005, Susenas Panel (Februari)
<br />- Tahun 2006-2010, Susenas Panel (Maret)
<br />- Tahun 2011-2016, Susenas Modul Konsumsi (Maret dan September)
<br />- Angka Provinsi Papua Barat dan Papua sebelum tahun 2024 merupakan angka provinsi sebelum mengalami pemekaran Daerah Otonom Baru (DOB)",Kemiskinan dan Ketimpangan,38 Provinsi,9400,PAPUA,190,Perdesaan,118,2018,61,Semester 1 (Maret),0.384,94009819011861
bps_webapi,0000,2026-08-19T02:01:19+00:00,2026-08-05 12:26:57,98,Gini Ratio Menurut Provinsi dan Daerah,,3,,"- Sumber  : BPS, Susenas  
<br />- Tahun 2002, Susenas Modul Konsumsi reguler
<br />- Tahun 2005, Susenas Panel (Februari)
<br />- Tahun 2006-2010, Susenas Panel (Maret)
<br />- Tahun 2011-2016, Susenas Modul Konsumsi (Maret dan September)
<br />- Angka Provinsi Papua Barat dan Papua sebelum tahun 2024 merupakan angka provinsi sebelum mengalami pemekaran Daerah Otonom Baru (DOB)",Kemiskinan dan Ketimpangan,38 Provinsi,9400,PAPUA,190,Perdesaan,118,2018,62,Semester 2 (September),0.416,94009819011862
bps_webapi,0000,2026-08-19T02:01:19+00:00,2026-08-05 12:26:57,98,Gini Ratio Menurut Provinsi dan Daerah,,3,,"- Sumber  : BPS, Susenas  
<br />- Tahun 2002, Susenas Modul Konsumsi reguler
<br />- Tahun 2005, Susenas Panel (Februari)
<br />- Tahun 2006-2010, Susenas Panel (Maret)
<br />- Tahun 2011-2016, Susenas Modul Konsumsi (Maret dan September)
<br />- Angka Provinsi Papua Barat dan Papua sebelum tahun 2024 merupakan angka provinsi sebelum mengalami pemekaran Daerah Otonom Baru (DOB)",Kemiskinan dan Ketimpangan,38 Provinsi,9400,PAPUA,191,Perkotaan+Perdesaan,118,2018,61,Semester 1 (Maret),0.384,94009819111861
bps_webapi,0000,2026-08-19T02:01:19+00:00,2026-08-05 12:26:57,98,Gini Ratio Menurut Provinsi dan Daerah,,3,,"- Sumber  : BPS, Susenas  
<br />- Tahun 2002, Susenas Modul Konsumsi reguler
<br />- Tahun 2005, Susenas Panel (Februari)
<br />- Tahun 2006-2010, Susenas Panel (Maret)
<br />- Tahun 2011-2016, Susenas Modul Konsumsi (Maret dan September)
<br />- Angka Provinsi Papua Barat dan Papua sebelum tahun 2024 merupakan angka provinsi sebelum mengalami pemekaran Daerah Otonom Baru (DOB)",Kemiskinan dan Ketimpangan,38 Provinsi,9400,PAPUA,191,Perkotaan+Perdesaan,118,2018,62,Semester 2 (September),0.398,94009819111862
bps_webapi,0000,2026-08-19T02:01:19+00:00,2026-08-05 12:26:57,98,Gini Ratio Menurut Provinsi dan Daerah,,3,,"- Sumber  : BPS, Susenas  
<br />- Tahun 2002, Susenas Modul Konsumsi reguler
<br />- Tahun 2005, Susenas Panel (Februari)
<br />- Tahun 2006-2010, Susenas Panel (Maret)
<br />- Tahun 2011-2016, Susenas Modul Konsumsi (Maret dan September)
<br />- Angka Provinsi Papua Barat dan Papua sebelum tahun 2024 merupakan angka provinsi sebelum mengalami pemekaran Daerah Otonom Baru (DOB)",Kemiskinan dan Ketimpangan,38 Provinsi,9999,INDONESIA,189,Perkotaan,118,2018,61,Semester 1 (Maret),0.401,99999818911861
bps_webapi,0000,2026-08-19T02:01:19+00:00,2026-08-05 12:26:57,98,Gini Ratio Menurut Provinsi dan Daerah,,3,,"- Sumber  : BPS, Susenas  
<br />- Tahun 2002, Susenas Modul Konsumsi reguler
<br />- Tahun 2005, Susenas Panel (Februari)
<br />- Tahun 2006-2010, Susenas Panel (Maret)
<br />- Tahun 2011-2016, Susenas Modul Konsumsi (Maret dan September)
<br />- Angka Provinsi Papua Barat dan Papua sebelum tahun 2024 merupakan angka provinsi sebelum mengalami pemekaran Daerah Otonom Baru (DOB)",Kemiskinan dan Ketimpangan,38 Provinsi,9999,INDONESIA,189,Perkotaan,118,2018,62,Semester 2 (September),0.391,99999818911862
bps_webapi,0000,2026-08-19T02:01:19+00:00,2026-08-05 12:26:57,98,Gini Ratio Menurut Provinsi dan Daerah,,3,,"- Sumber  : BPS, Susenas  
<br />- Tahun 2002, Susenas Modul Konsumsi reguler
<br />- Tahun 2005, Susenas Panel (Februari)
<br />- Tahun 2006-2010, Susenas Panel (Maret)
<br />- Tahun 2011-2016, Susenas Modul Konsumsi (Maret dan September)
<br />- Angka Provinsi Papua Barat dan Papua sebelum tahun 2024 merupakan angka provinsi sebelum mengalami pemekaran Daerah Otonom Baru (DOB)",Kemiskinan dan Ketimpangan,38 Provinsi,9999,INDONESIA,190,Perdesaan,118,2018,61,Semester 1 (Maret),0.324,99999819011861
bps_webapi,0000,2026-08-19T02:01:19+00:00,2026-08-05 12:26:57,98,Gini Ratio Menurut Provinsi dan Daerah,,3,,"- Sumber  : BPS, Susenas  
<br />- Tahun 2002, Susenas Modul Konsumsi reguler
<br />- Tahun 2005, Susenas Panel (Februari)
<br />- Tahun 2006-2010, Susenas Panel (Maret)
<br />- Tahun 2011-2016, Susenas Modul Konsumsi (Maret dan September)
<br />- Angka Provinsi Papua Barat dan Papua sebelum tahun 2024 merupakan angka provinsi sebelum mengalami pemekaran Daerah Otonom Baru (DOB)",Kemiskinan dan Ketimpangan,38 Provinsi,9999,INDONESIA,190,Perdesaan,118,2018,62,Semester 2 (September),0.319,99999819011862
bps_webapi,0000,2026-08-19T02:01:19+00:00,2026-08-05 12:26:57,98,Gini Ratio Menurut Provinsi dan Daerah,,3,,"- Sumber  : BPS, Susenas  
<br />- Tahun 2002, Susenas Modul Konsumsi reguler
<br />- Tahun 2005, Susenas Panel (Februari)
<br />- Tahun 2006-2010, Susenas Panel (Maret)
<br />- Tahun 2011-2016, Susenas Modul Konsumsi (Maret dan September)
<br />- Angka Provinsi Papua Barat dan Papua sebelum tahun 2024 merupakan angka provinsi sebelum mengalami pemekaran Daerah Otonom Baru (DOB)",Kemiskinan dan Ketimpangan,38 Provinsi,9999,INDONESIA,191,Perkotaan+Perdesaan,118,2018,61,Semester 1 (Maret),0.389,99999819111861
bps_webapi,0000,2026-08-19T02:01:19+00:00,2026-08-05 12:26:57,98,Gini Ratio Menurut Provinsi dan Daerah,,3,,"- Sumber  : BPS, Susenas  
<br />- Tahun 2002, Susenas Modul Konsumsi reguler
<br />- Tahun 2005, Susenas Panel (Februari)
<br />- Tahun 2006-2010, Susenas Panel (Maret)
<br />- Tahun 2011-2016, Susenas Modul Konsumsi (Maret dan September)
<br />- Angka Provinsi Papua Barat dan Papua sebelum tahun 2024 merupakan angka provinsi sebelum mengalami pemekaran Daerah Otonom Baru (DOB)",Kemiskinan dan Ketimpangan,38 Provinsi,9999,INDONESIA,191,Perkotaan+Perdesaan,118,2018,62,Semester 2 (September),0.384,99999819111862
bps_webapi,0000,2026-08-19T02:01:19+00:00,2026-08-05 12:26:57,98,Gini Ratio Menurut Provinsi dan Daerah,,3,,"- Sumber  : BPS, Susenas  
<br />- Tahun 2002, Susenas Modul Konsumsi reguler
<br />- Tahun 2005, Susenas Panel (Februari)
<br />- Tahun 2006-2010, Susenas Panel (Maret)
<br />- Tahun 2011-2016, Susenas Modul Konsumsi (Maret dan September)
<br />- Angka Provinsi Papua Barat dan Papua sebelum tahun 2024 merupakan angka provinsi sebelum mengalami pemekaran Daerah Otonom Baru (DOB)",Kemiskinan dan Ketimpangan,38 Provinsi,1100,ACEH,189,Perkotaan,119,2019,61,Semester 1 (Maret),0.344,11009818911961
bps_webapi,0000,2026-08-19T02:01:19+00:00,2026-08-05 12:26:57,98,Gini Ratio Menurut Provinsi dan Daerah,,3,,"- Sumber  : BPS, Susenas  
<br />- Tahun 2002, Susenas Modul Konsumsi reguler
<br />- Tahun 2005, Susenas Panel (Februari)
<br />- Tahun 2006-2010, Susenas Panel (Maret)
<br />- Tahun 2011-2016, Susenas Modul Konsumsi (Maret dan September)
<br />- Angka Provinsi Papua Barat dan Papua sebelum tahun 2024 merupakan angka provinsi sebelum mengalami pemekaran Daerah Otonom Baru (DOB)",Kemiskinan dan Ketimpangan,38 Provinsi,1100,ACEH,189,Perkotaan,119,2019,62,Semester 2 (September),0.351,11009818911962
bps_webapi,0000,2026-08-19T02:01:19+00:00,2026-08-05 12:26:57,98,Gini Ratio Menurut Provinsi dan Daerah,,3,,"- Sumber  : BPS, Susenas  
<br />- Tahun 2002, Susenas Modul Konsumsi reguler
<br />- Tahun 2005, Susenas Panel (Februari)
<br />- Tahun 2006-2010, Susenas Panel (Maret)
<br />- Tahun 2011-2016, Susenas Modul Konsumsi (Maret dan September)
<br />- Angka Provinsi Papua Barat dan Papua sebelum tahun 2024 merupakan angka provinsi sebelum mengalami pemekaran Daerah Otonom Baru (DOB)",Kemiskinan dan Ketimpangan,38 Provinsi,1100,ACEH,190,Perdesaan,119,2019,61,Semester 1 (Maret),0.276,11009819011961
bps_webapi,0000,2026-08-19T02:01:19+00:00,2026-08-05 12:26:57,98,Gini Ratio Menurut Provinsi dan Daerah,,3,,"- Sumber  : BPS, Susenas  
<br />- Tahun 2002, Susenas Modul Konsumsi reguler
<br />- Tahun 2005, Susenas Panel (Februari)
<br />- Tahun 2006-2010, Susenas Panel (Maret)
<br />- Tahun 2011-2016, Susenas Modul Konsumsi (Maret dan September)
<br />- Angka Provinsi Papua Barat dan Papua sebelum tahun 2024 merupakan angka provinsi sebelum mengalami pemekaran Daerah Otonom Baru (DOB)",Kemiskinan dan Ketimpangan,38 Provinsi,1100,ACEH,190,Perdesaan,119,2019,62,Semester 2 (September),0.272,11009819011962
bps_webapi,0000,2026-08-19T02:01:19+00:00,2026-08-05 12:26:57,98,Gini Ratio Menurut Provinsi dan Daerah,,3,,"- Sumber  : BPS, Susenas  
<br />- Tahun 2002, Susenas Modul Konsumsi reguler
<br />- Tahun 2005, Susenas Panel (Februari)
<br />- Tahun 2006-2010, Susenas Panel (Maret)
<br />- Tahun 2011-2016, Susenas Modul Konsumsi (Maret dan September)
<br />- Angka Provinsi Papua Barat dan Papua sebelum tahun 2024 merupakan angka provinsi sebelum mengalami pemekaran Daerah Otonom Baru (DOB)",Kemiskinan dan Ketimpangan,38 Provinsi,1100,ACEH,191,Perkotaan+Perdesaan,119,2019,61,Semester 1 (Maret),0.319,11009819111961
bps_webapi,0000,2026-08-19T02:01:19+00:00,2026-08-05 12:26:57,98,Gini Ratio Menurut Provinsi dan Daerah,,3,,"- Sumber  : BPS, Susenas  
<br />- Tahun 2002, Susenas Modul Konsumsi reguler
<br />- Tahun 2005, Susenas Panel (Februari)
<br />- Tahun 2006-2010, Susenas Panel (Maret)
<br />- Tahun 2011-2016, Susenas Modul Konsumsi (Maret dan September)
<br />- Angka Provinsi Papua Barat dan Papua sebelum tahun 2024 merupakan angka provinsi sebelum mengalami pemekaran Daerah Otonom Baru (DOB)",Kemiskinan dan Ketimpangan,38 Provinsi,1100,ACEH,191,Perkotaan+Perdesaan,119,2019,62,Semester 2 (September),0.321,11009819111962
bps_webapi,0000,2026-08-19T02:01:19+00:00,2026-08-05 12:26:57,98,Gini Ratio Menurut Provinsi dan Daerah,,3,,"- Sumber  : BPS, Susenas  
<br />- Tahun 2002, Susenas Modul Konsumsi reguler
<br />- Tahun 2005, Susenas Panel (Februari)
<br />- Tahun 2006-2010, Susenas Panel (Maret)
<br />- Tahun 2011-2016, Susenas Modul Konsumsi (Maret dan September)
<br />- Angka Provinsi Papua Barat dan Papua sebelum tahun 2024 merupakan angka provinsi sebelum mengalami pemekaran Daerah Otonom Baru (DOB)",Kemiskinan dan Ketimpangan,38 Provinsi,1200,SUMATERA UTARA,189,Perkotaan,119,2019,61,Semester 1 (Maret),0.338,12009818911961
bps_webapi,0000,2026-08-19T02:01:19+00:00,2026-08-05 12:26:57,98,Gini Ratio Menurut Provinsi dan Daerah,,3,,"- Sumber  : BPS, Susenas  
<br />- Tahun 2002, Susenas Modul Konsumsi reguler
<br />- Tahun 2005, Susenas Panel (Februari)
<br />- Tahun 2006-2010, Susenas Panel (Maret)
<br />- Tahun 2011-2016, Susenas Modul Konsumsi (Maret dan September)
<br />- Angka Provinsi Papua Barat dan Papua sebelum tahun 2024 merupakan angka provinsi sebelum mengalami pemekaran Daerah Otonom Baru (DOB)",Kemiskinan dan Ketimpangan,38 Provinsi,1200,SUMATERA UTARA,189,Perkotaan,119,2019,62,Semester 2 (September),0.337,12009818911962
bps_webapi,0000,2026-08-19T02:01:19+00:00,2026-08-05 12:26:57,98,Gini Ratio Menurut Provinsi dan Daerah,,3,,"- Sumber  : BPS, Susenas  
<br />- Tahun 2002, Susenas Modul Konsumsi reguler
<br />- Tahun 2005, Susenas Panel (Februari)
<br />- Tahun 2006-2010, Susenas Panel (Maret)
<br />- Tahun 2011-2016, Susenas Modul Konsumsi (Maret dan September)
<br />- Angka Provinsi Papua Barat dan Papua sebelum tahun 2024 merupakan angka provinsi sebelum mengalami pemekaran Daerah Otonom Baru (DOB)",Kemiskinan dan Ketimpangan,38 Provinsi,1200,SUMATERA UTARA,190,Perdesaan,119,2019,61,Semester 1 (Maret),0.264,12009819011961
bps_webapi,0000,2026-08-19T02:01:19+00:00,2026-08-05 12:26:57,98,Gini Ratio Menurut Provinsi dan Daerah,,3,,"- Sumber  : BPS, Susenas  
<br />- Tahun 2002, Susenas Modul Konsumsi reguler
<br />- Tahun 2005, Susenas Panel (Februari)
<br />- Tahun 2006-2010, Susenas Panel (Maret)
<br />- Tahun 2011-2016, Susenas Modul Konsumsi (Maret dan September)
<br />- Angka Provinsi Papua Barat dan Papua sebelum tahun 2024 merupakan angka provinsi sebelum mengalami pemekaran Daerah Otonom Baru (DOB)",Kemiskinan dan Ketimpangan,38 Provinsi,1200,SUMATERA UTARA,190,Perdesaan,119,2019,62,Semester 2 (September),0.262,12009819011962
bps_webapi,0000,2026-08-19T02:01:19+00:00,2026-08-05 12:26:57,98,Gini Ratio Menurut Provinsi dan Daerah,,3,,"- Sumber  : BPS, Susenas  
<br />- Tahun 2002, Susenas Modul Konsumsi reguler
<br />- Tahun 2005, Susenas Panel (Februari)
<br />- Tahun 2006-2010, Susenas Panel (Maret)
<br />- Tahun 2011-2016, Susenas Modul Konsumsi (Maret dan September)
<br />- Angka Provinsi Papua Barat dan Papua sebelum tahun 2024 merupakan angka provinsi sebelum mengalami pemekaran Daerah Otonom Baru (DOB)",Kemiskinan dan Ketimpangan,38 Provinsi,1200,SUMATERA UTARA,191,Perkotaan+Perdesaan,119,2019,61,Semester 1 (Maret),0.317,12009819111961
bps_webapi,0000,2026-08-19T02:01:19+00:00,2026-08-05 12:26:57,98,Gini Ratio Menurut Provinsi dan Daerah,,3,,"- Sumber  : BPS, Susenas  
<br />- Tahun 2002, Susenas Modul Konsumsi reguler
<br />- Tahun 2005, Susenas Panel (Februari)
<br />- Tahun 2006-2010, Susenas Panel (Maret)
<br />- Tahun 2011-2016, Susenas Modul Konsumsi (Maret dan September)
<br />- Angka Provinsi Papua Barat dan Papua sebelum tahun 2024 merupakan angka provinsi sebelum mengalami pemekaran Daerah Otonom Baru (DOB)",Kemiskinan dan Ketimpangan,38 Provinsi,1200,SUMATERA UTARA,191,Perkotaan+Perdesaan,119,2019,62,Semester 2 (September),0.315,12009819111962
bps_webapi,0000,2026-08-19T02:01:19+00:00,2026-08-05 12:26:57,98,Gini Ratio Menurut Provinsi dan Daerah,,3,,"- Sumber  : BPS, Susenas  
<br />- Tahun 2002, Susenas Modul Konsumsi reguler
<br />- Tahun 2005, Susenas Panel (Februari)
<br />- Tahun 2006-2010, Susenas Panel (Maret)
<br />- Tahun 2011-2016, Susenas Modul Konsumsi (Maret dan September)
<br />- Angka Provinsi Papua Barat dan Papua sebelum tahun 2024 merupakan angka provinsi sebelum mengalami pemekaran Daerah Otonom Baru (DOB)",Kemiskinan dan Ketimpangan,38 Provinsi,1300,SUMATERA BARAT,189,Perkotaan,119,2019,61,Semester 1 (Maret),0.314,13009818911961
bps_webapi,0000,2026-08-19T02:01:19+00:00,2026-08-05 12:26:57,98,Gini Ratio Menurut Provinsi dan Daerah,,3,,"- Sumber  : BPS, Susenas  
<br />- Tahun 2002, Susenas Modul Konsumsi reguler
<br />- Tahun 2005, Susenas Panel (Februari)
<br />- Tahun 2006-2010, Susenas Panel (Maret)
<br />- Tahun 2011-2016, Susenas Modul Konsumsi (Maret dan September)
<br />- Angka Provinsi Papua Barat dan Papua sebelum tahun 2024 merupakan angka provinsi sebelum mengalami pemekaran Daerah Otonom Baru (DOB)",Kemiskinan dan Ketimpangan,38 Provinsi,1300,SUMATERA BARAT,189,Perkotaan,119,2019,62,Semester 2 (September),0.319,13009818911962
bps_webapi,0000,2026-08-19T02:01:19+00:00,2026-08-05 12:26:57,98,Gini Ratio Menurut Provinsi dan Daerah,,3,,"- Sumber  : BPS, Susenas  
<br />- Tahun 2002, Susenas Modul Konsumsi reguler
<br />- Tahun 2005, Susenas Panel (Februari)
<br />- Tahun 2006-2010, Susenas Panel (Maret)
<br />- Tahun 2011-2016, Susenas Modul Konsumsi (Maret dan September)
<br />- Angka Provinsi Papua Barat dan Papua sebelum tahun 2024 merupakan angka provinsi sebelum mengalami pemekaran Daerah Otonom Baru (DOB)",Kemiskinan dan Ketimpangan,38 Provinsi,1300,SUMATERA BARAT,190,Perdesaan,119,2019,61,Semester 1 (Maret),0.267,13009819011961
bps_webapi,0000,2026-08-19T02:01:19+00:00,2026-08-05 12:26:57,98,Gini Ratio Menurut Provinsi dan Daerah,,3,,"- Sumber  : BPS, Susenas  
<br />- Tahun 2002, Susenas Modul Konsumsi reguler
<br />- Tahun 2005, Susenas Panel (Februari)
<br />- Tahun 2006-2010, Susenas Panel (Maret)
<br />- Tahun 2011-2016, Susenas Modul Konsumsi (Maret dan September)
<br />- Angka Provinsi Papua Barat dan Papua sebelum tahun 2024 merupakan angka provinsi sebelum mengalami pemekaran Daerah Otonom Baru (DOB)",Kemiskinan dan Ketimpangan,38 Provinsi,1300,SUMATERA BARAT,190,Perdesaan,119,2019,62,Semester 2 (September),0.265,13009819011962
bps_webapi,0000,2026-08-19T02:01:19+00:00,2026-08-05 12:26:57,98,Gini Ratio Menurut Provinsi dan Daerah,,3,,"- Sumber  : BPS, Susenas  
<br />- Tahun 2002, Susenas Modul Konsumsi reguler
<br />- Tahun 2005, Susenas Panel (Februari)
<br />- Tahun 2006-2010, Susenas Panel (Maret)
<br />- Tahun 2011-2016, Susenas Modul Konsumsi (Maret dan September)
<br />- Angka Provinsi Papua Barat dan Papua sebelum tahun 2024 merupakan angka provinsi sebelum mengalami pemekaran Daerah Otonom Baru (DOB)",Kemiskinan dan Ketimpangan,38 Provinsi,1300,SUMATERA BARAT,191,Perkotaan+Perdesaan,119,2019,61,Semester 1 (Maret),0.306,13009819111961
bps_webapi,0000,2026-08-19T02:01:19+00:00,2026-08-05 12:26:57,98,Gini Ratio Menurut Provinsi dan Daerah,,3,,"- Sumber  : BPS, Susenas  
<br />- Tahun 2002, Susenas Modul Konsumsi reguler
<br />- Tahun 2005, Susenas Panel (Februari)
<br />- Tahun 2006-2010, Susenas Panel (Maret)
<br />- Tahun 2011-2016, Susenas Modul Konsumsi (Maret dan September)
<br />- Angka Provinsi Papua Barat dan Papua sebelum tahun 2024 merupakan angka provinsi sebelum mengalami pemekaran Daerah Otonom Baru (DOB)",Kemiskinan dan Ketimpangan,38 Provinsi,1300,SUMATERA BARAT,191,Perkotaan+Perdesaan,119,2019,62,Semester 2 (September),0.307,13009819111962
bps_webapi,0000,2026-08-19T02:01:19+00:00,2026-08-05 12:26:57,98,Gini Ratio Menurut Provinsi dan Daerah,,3,,"- Sumber  : BPS, Susenas  
<br />- Tahun 2002, Susenas Modul Konsumsi reguler
<br />- Tahun 2005, Susenas Panel (Februari)
<br />- Tahun 2006-2010, Susenas Panel (Maret)
<br />- Tahun 2011-2016, Susenas Modul Konsumsi (Maret dan September)
<br />- Angka Provinsi Papua Barat dan Papua sebelum tahun 2024 merupakan angka provinsi sebelum mengalami pemekaran Daerah Otonom Baru (DOB)",Kemiskinan dan Ketimpangan,38 Provinsi,1400,RIAU,189,Perkotaan,119,2019,61,Semester 1 (Maret),0.37,14009818911961
bps_webapi,0000,2026-08-19T02:01:19+00:00,2026-08-05 12:26:57,98,Gini Ratio Menurut Provinsi dan Daerah,,3,,"- Sumber  : BPS, Susenas  
<br />- Tahun 2002, Susenas Modul Konsumsi reguler
<br />- Tahun 2005, Susenas Panel (Februari)
<br />- Tahun 2006-2010, Susenas Panel (Maret)
<br />- Tahun 2011-2016, Susenas Modul Konsumsi (Maret dan September)
<br />- Angka Provinsi Papua Barat dan Papua sebelum tahun 2024 merupakan angka provinsi sebelum mengalami pemekaran Daerah Otonom Baru (DOB)",Kemiskinan dan Ketimpangan,38 Provinsi,1400,RIAU,189,Perkotaan,119,2019,62,Semester 2 (September),0.369,14009818911962
bps_webapi,0000,2026-08-19T02:01:19+00:00,2026-08-05 12:26:57,98,Gini Ratio Menurut Provinsi dan Daerah,,3,,"- Sumber  : BPS, Susenas  
<br />- Tahun 2002, Susenas Modul Konsumsi reguler
<br />- Tahun 2005, Susenas Panel (Februari)
<br />- Tahun 2006-2010, Susenas Panel (Maret)
<br />- Tahun 2011-2016, Susenas Modul Konsumsi (Maret dan September)
<br />- Angka Provinsi Papua Barat dan Papua sebelum tahun 2024 merupakan angka provinsi sebelum mengalami pemekaran Daerah Otonom Baru (DOB)",Kemiskinan dan Ketimpangan,38 Provinsi,1400,RIAU,190,Perdesaan,119,2019,61,Semester 1 (Maret),0.284,14009819011961
bps_webapi,0000,2026-08-19T02:01:19+00:00,2026-08-05 12:26:57,98,Gini Ratio Menurut Provinsi dan Daerah,,3,,"- Sumber  : BPS, Susenas  
<br />- Tahun 2002, Susenas Modul Konsumsi reguler
<br />- Tahun 2005, Susenas Panel (Februari)
<br />- Tahun 2006-2010, Susenas Panel (Maret)
<br />- Tahun 2011-2016, Susenas Modul Konsumsi (Maret dan September)
<br />- Angka Provinsi Papua Barat dan Papua sebelum tahun 2024 merupakan angka provinsi sebelum mengalami pemekaran Daerah Otonom Baru (DOB)",Kemiskinan dan Ketimpangan,38 Provinsi,1400,RIAU,190,Perdesaan,119,2019,62,Semester 2 (September),0.278,14009819011962
bps_webapi,0000,2026-08-19T02:01:19+00:00,2026-08-05 12:26:57,98,Gini Ratio Menurut Provinsi dan Daerah,,3,,"- Sumber  : BPS, Susenas  
<br />- Tahun 2002, Susenas Modul Konsumsi reguler
<br />- Tahun 2005, Susenas Panel (Februari)
<br />- Tahun 2006-2010, Susenas Panel (Maret)
<br />- Tahun 2011-2016, Susenas Modul Konsumsi (Maret dan September)
<br />- Angka Provinsi Papua Barat dan Papua sebelum tahun 2024 merupakan angka provinsi sebelum mengalami pemekaran Daerah Otonom Baru (DOB)",Kemiskinan dan Ketimpangan,38 Provinsi,1400,RIAU,191,Perkotaan+Perdesaan,119,2019,61,Semester 1 (Maret),0.334,14009819111961
bps_webapi,0000,2026-08-19T02:01:19+00:00,2026-08-05 12:26:57,98,Gini Ratio Menurut Provinsi dan Daerah,,3,,"- Sumber  : BPS, Susenas  
<br />- Tahun 2002, Susenas Modul Konsumsi reguler
<br />- Tahun 2005, Susenas Panel (Februari)
<br />- Tahun 2006-2010, Susenas Panel (Maret)
<br />- Tahun 2011-2016, Susenas Modul Konsumsi (Maret dan September)
<br />- Angka Provinsi Papua Barat dan Papua sebelum tahun 2024 merupakan angka provinsi sebelum mengalami pemekaran Daerah Otonom Baru (DOB)",Kemiskinan dan Ketimpangan,38 Provinsi,1400,RIAU,191,Perkotaan+Perdesaan,119,2019,62,Semester 2 (September),0.331,14009819111962
bps_webapi,0000,2026-08-19T02:01:19+00:00,2026-08-05 12:26:57,98,Gini Ratio Menurut Provinsi dan Daerah,,3,,"- Sumber  : BPS, Susenas  
<br />- Tahun 2002, Susenas Modul Konsumsi reguler
<br />- Tahun 2005, Susenas Panel (Februari)
<br />- Tahun 2006-2010, Susenas Panel (Maret)
<br />- Tahun 2011-2016, Susenas Modul Konsumsi (Maret dan September)
<br />- Angka Provinsi Papua Barat dan Papua sebelum tahun 2024 merupakan angka provinsi sebelum mengalami pemekaran Daerah Otonom Baru (DOB)",Kemiskinan dan Ketimpangan,38 Provinsi,1500,JAMBI,189,Perkotaan,119,2019,61,Semester 1 (Maret),0.351,15009818911961
bps_webapi,0000,2026-08-19T02:01:19+00:00,2026-08-05 12:26:57,98,Gini Ratio Menurut Provinsi dan Daerah,,3,,"- Sumber  : BPS, Susenas  
<br />- Tahun 2002, Susenas Modul Konsumsi reguler
<br />- Tahun 2005, Susenas Panel (Februari)
<br />- Tahun 2006-2010, Susenas Panel (Maret)
<br />- Tahun 2011-2016, Susenas Modul Konsumsi (Maret dan September)
<br />- Angka Provinsi Papua Barat dan Papua sebelum tahun 2024 merupakan angka provinsi sebelum mengalami pemekaran Daerah Otonom Baru (DOB)",Kemiskinan dan Ketimpangan,38 Provinsi,1500,JAMBI,189,Perkotaan,119,2019,62,Semester 2 (September),0.346,15009818911962
bps_webapi,0000,2026-08-19T02:01:19+00:00,2026-08-05 12:26:57,98,Gini Ratio Menurut Provinsi dan Daerah,,3,,"- Sumber  : BPS, Susenas  
<br />- Tahun 2002, Susenas Modul Konsumsi reguler
<br />- Tahun 2005, Susenas Panel (Februari)
<br />- Tahun 2006-2010, Susenas Panel (Maret)
<br />- Tahun 2011-2016, Susenas Modul Konsumsi (Maret dan September)
<br />- Angka Provinsi Papua Barat dan Papua sebelum tahun 2024 merupakan angka provinsi sebelum mengalami pemekaran Daerah Otonom Baru (DOB)",Kemiskinan dan Ketimpangan,38 Provinsi,1500,JAMBI,190,Perdesaan,119,2019,61,Semester 1 (Maret),0.287,15009819011961
bps_webapi,0000,2026-08-19T02:01:19+00:00,2026-08-05 12:26:57,98,Gini Ratio Menurut Provinsi dan Daerah,,3,,"- Sumber  : BPS, Susenas  
<br />- Tahun 2002, Susenas Modul Konsumsi reguler
<br />- Tahun 2005, Susenas Panel (Februari)
<br />- Tahun 2006-2010, Susenas Panel (Maret)
<br />- Tahun 2011-2016, Susenas Modul Konsumsi (Maret dan September)
<br />- Angka Provinsi Papua Barat dan Papua sebelum tahun 2024 merupakan angka provinsi sebelum mengalami pemekaran Daerah Otonom Baru (DOB)",Kemiskinan dan Ketimpangan,38 Provinsi,1500,JAMBI,190,Perdesaan,119,2019,62,Semester 2 (September),0.29,15009819011962
bps_webapi,0000,2026-08-19T02:01:19+00:00,2026-08-05 12:26:57,98,Gini Ratio Menurut Provinsi dan Daerah,,3,,"- Sumber  : BPS, Susenas  
<br />- Tahun 2002, Susenas Modul Konsumsi reguler
<br />- Tahun 2005, Susenas Panel (Februari)
<br />- Tahun 2006-2010, Susenas Panel (Maret)
<br />- Tahun 2011-2016, Susenas Modul Konsumsi (Maret dan September)
<br />- Angka Provinsi Papua Barat dan Papua sebelum tahun 2024 merupakan angka provinsi sebelum mengalami pemekaran Daerah Otonom Baru (DOB)",Kemiskinan dan Ketimpangan,38 Provinsi,1500,JAMBI,191,Perkotaan+Perdesaan,119,2019,61,Semester 1 (Maret),0.321,15009819111961
bps_webapi,0000,2026-08-19T02:01:19+00:00,2026-08-05 12:26:57,98,Gini Ratio Menurut Provinsi dan Daerah,,3,,"- Sumber  : BPS, Susenas  
<br />- Tahun 2002, Susenas Modul Konsumsi reguler
<br />- Tahun 2005, Susenas Panel (Februari)
<br />- Tahun 2006-2010, Susenas Panel (Maret)
<br />- Tahun 2011-2016, Susenas Modul Konsumsi (Maret dan September)
<br />- Angka Provinsi Papua Barat dan Papua sebelum tahun 2024 merupakan angka provinsi sebelum mengalami pemekaran Daerah Otonom Baru (DOB)",Kemiskinan dan Ketimpangan,38 Provinsi,1500,JAMBI,191,Perkotaan+Perdesaan,119,2019,62,Semester 2 (September),0.324,15009819111962
bps_webapi,0000,2026-08-19T02:01:19+00:00,2026-08-05 12:26:57,98,Gini Ratio Menurut Provinsi dan Daerah,,3,,"- Sumber  : BPS, Susenas  
<br />- Tahun 2002, Susenas Modul Konsumsi reguler
<br />- Tahun 2005, Susenas Panel (Februari)
<br />- Tahun 2006-2010, Susenas Panel (Maret)
<br />- Tahun 2011-2016, Susenas Modul Konsumsi (Maret dan September)
<br />- Angka Provinsi Papua Barat dan Papua sebelum tahun 2024 merupakan angka provinsi sebelum mengalami pemekaran Daerah Otonom Baru (DOB)",Kemiskinan dan Ketimpangan,38 Provinsi,1600,SUMATERA SELATAN,189,Perkotaan,119,2019,61,Semester 1 (Maret),0.348,16009818911961
bps_webapi,0000,2026-08-19T02:01:19+00:00,2026-08-05 12:26:57,98,Gini Ratio Menurut Provinsi dan Daerah,,3,,"- Sumber  : BPS, Susenas  
<br />- Tahun 2002, Susenas Modul Konsumsi reguler
<br />- Tahun 2005, Susenas Panel (Februari)
<br />- Tahun 2006-2010, Susenas Panel (Maret)
<br />- Tahun 2011-2016, Susenas Modul Konsumsi (Maret dan September)
<br />- Angka Provinsi Papua Barat dan Papua sebelum tahun 2024 merupakan angka provinsi sebelum mengalami pemekaran Daerah Otonom Baru (DOB)",Kemiskinan dan Ketimpangan,38 Provinsi,1600,SUMATERA SELATAN,189,Perkotaan,119,2019,62,Semester 2 (September),0.355,16009818911962
bps_webapi,0000,2026-08-19T02:01:19+00:00,2026-08-05 12:26:57,98,Gini Ratio Menurut Provinsi dan Daerah,,3,,"- Sumber  : BPS, Susenas  
<br />- Tahun 2002, Susenas Modul Konsumsi reguler
<br />- Tahun 2005, Susenas Panel (Februari)
<br />- Tahun 2006-2010, Susenas Panel (Maret)
<br />- Tahun 2011-2016, Susenas Modul Konsumsi (Maret dan September)
<br />- Angka Provinsi Papua Barat dan Papua sebelum tahun 2024 merupakan angka provinsi sebelum mengalami pemekaran Daerah Otonom Baru (DOB)",Kemiskinan dan Ketimpangan,38 Provinsi,1600,SUMATERA SELATAN,190,Perdesaan,119,2019,61,Semester 1 (Maret),0.302,16009819011961
bps_webapi,0000,2026-08-19T02:01:19+00:00,2026-08-05 12:26:57,98,Gini Ratio Menurut Provinsi dan Daerah,,3,,"- Sumber  : BPS, Susenas  
<br />- Tahun 2002, Susenas Modul Konsumsi reguler
<br />- Tahun 2005, Susenas Panel (Februari)
<br />- Tahun 2006-2010, Susenas Panel (Maret)
<br />- Tahun 2011-2016, Susenas Modul Konsumsi (Maret dan September)
<br />- Angka Provinsi Papua Barat dan Papua sebelum tahun 2024 merupakan angka provinsi sebelum mengalami pemekaran Daerah Otonom Baru (DOB)",Kemiskinan dan Ketimpangan,38 Provinsi,1600,SUMATERA SELATAN,190,Perdesaan,119,2019,62,Semester 2 (September),0.311,16009819011962
bps_webapi,0000,2026-08-19T02:01:19+00:00,2026-08-05 12:26:57,98,Gini Ratio Menurut Provinsi dan Daerah,,3,,"- Sumber  : BPS, Susenas  
<br />- Tahun 2002, Susenas Modul Konsumsi reguler
<br />- Tahun 2005, Susenas Panel (Februari)
<br />- Tahun 2006-2010, Susenas Panel (Maret)
<br />- Tahun 2011-2016, Susenas Modul Konsumsi (Maret dan September)
<br />- Angka Provinsi Papua Barat dan Papua sebelum tahun 2024 merupakan angka provinsi sebelum mengalami pemekaran Daerah Otonom Baru (DOB)",Kemiskinan dan Ketimpangan,38 Provinsi,1600,SUMATERA SELATAN,191,Perkotaan+Perdesaan,119,2019,61,Semester 1 (Maret),0.331,16009819111961
bps_webapi,0000,2026-08-19T02:01:19+00:00,2026-08-05 12:26:57,98,Gini Ratio Menurut Provinsi dan Daerah,,3,,"- Sumber  : BPS, Susenas  
<br />- Tahun 2002, Susenas Modul Konsumsi reguler
<br />- Tahun 2005, Susenas Panel (Februari)
<br />- Tahun 2006-2010, Susenas Panel (Maret)
<br />- Tahun 2011-2016, Susenas Modul Konsumsi (Maret dan September)
<br />- Angka Provinsi Papua Barat dan Papua sebelum tahun 2024 merupakan angka provinsi sebelum mengalami pemekaran Daerah Otonom Baru (DOB)",Kemiskinan dan Ketimpangan,38 Provinsi,1600,SUMATERA SELATAN,191,Perkotaan+Perdesaan,119,2019,62,Semester 2 (September),0.339,16009819111962
bps_webapi,0000,2026-08-19T02:01:19+00:00,2026-08-05 12:26:57,98,Gini Ratio Menurut Provinsi dan Daerah,,3,,"- Sumber  : BPS, Susenas  
<br />- Tahun 2002, Susenas Modul Konsumsi reguler
<br />- Tahun 2005, Susenas Panel (Februari)
<br />- Tahun 2006-2010, Susenas Panel (Maret)
<br />- Tahun 2011-2016, Susenas Modul Konsumsi (Maret dan September)
<br />- Angka Provinsi Papua Barat dan Papua sebelum tahun 2024 merupakan angka provinsi sebelum mengalami pemekaran Daerah Otonom Baru (DOB)",Kemiskinan dan Ketimpangan,38 Provinsi,1700,BENGKULU,189,Perkotaan,119,2019,61,Semester 1 (Maret),0.376,17009818911961
bps_webapi,0000,2026-08-19T02:01:19+00:00,2026-08-05 12:26:57,98,Gini Ratio Menurut Provinsi dan Daerah,,3,,"- Sumber  : BPS, Susenas  
<br />- Tahun 2002, Susenas Modul Konsumsi reguler
<br />- Tahun 2005, Susenas Panel (Februari)
<br />- Tahun 2006-2010, Susenas Panel (Maret)
<br />- Tahun 2011-2016, Susenas Modul Konsumsi (Maret dan September)
<br />- Angka Provinsi Papua Barat dan Papua sebelum tahun 2024 merupakan angka provinsi sebelum mengalami pemekaran Daerah Otonom Baru (DOB)",Kemiskinan dan Ketimpangan,38 Provinsi,1700,BENGKULU,189,Perkotaan,119,2019,62,Semester 2 (September),0.37,17009818911962
bps_webapi,0000,2026-08-19T02:01:19+00:00,2026-08-05 12:26:57,98,Gini Ratio Menurut Provinsi dan Daerah,,3,,"- Sumber  : BPS, Susenas  
<br />- Tahun 2002, Susenas Modul Konsumsi reguler
<br />- Tahun 2005, Susenas Panel (Februari)
<br />- Tahun 2006-2010, Susenas Panel (Maret)
<br />- Tahun 2011-2016, Susenas Modul Konsumsi (Maret dan September)
<br />- Angka Provinsi Papua Barat dan Papua sebelum tahun 2024 merupakan angka provinsi sebelum mengalami pemekaran Daerah Otonom Baru (DOB)",Kemiskinan dan Ketimpangan,38 Provinsi,1700,BENGKULU,190,Perdesaan,119,2019,61,Semester 1 (Maret),0.286,17009819011961
bps_webapi,0000,2026-08-19T02:01:19+00:00,2026-08-05 12:26:57,98,Gini Ratio Menurut Provinsi dan Daerah,,3,,"- Sumber  : BPS, Susenas  
<br />- Tahun 2002, Susenas Modul Konsumsi reguler
<br />- Tahun 2005, Susenas Panel (Februari)
<br />- Tahun 2006-2010, Susenas Panel (Maret)
<br />- Tahun 2011-2016, Susenas Modul Konsumsi (Maret dan September)
<br />- Angka Provinsi Papua Barat dan Papua sebelum tahun 2024 merupakan angka provinsi sebelum mengalami pemekaran Daerah Otonom Baru (DOB)",Kemiskinan dan Ketimpangan,38 Provinsi,1700,BENGKULU,190,Perdesaan,119,2019,62,Semester 2 (September),0.279,17009819011962
bps_webapi,0000,2026-08-19T02:01:19+00:00,2026-08-05 12:26:57,98,Gini Ratio Menurut Provinsi dan Daerah,,3,,"- Sumber  : BPS, Susenas  
<br />- Tahun 2002, Susenas Modul Konsumsi reguler
<br />- Tahun 2005, Susenas Panel (Februari)
<br />- Tahun 2006-2010, Susenas Panel (Maret)
<br />- Tahun 2011-2016, Susenas Modul Konsumsi (Maret dan September)
<br />- Angka Provinsi Papua Barat dan Papua sebelum tahun 2024 merupakan angka provinsi sebelum mengalami pemekaran Daerah Otonom Baru (DOB)",Kemiskinan dan Ketimpangan,38 Provinsi,1700,BENGKULU,191,Perkotaan+Perdesaan,119,2019,61,Semester 1 (Maret),0.34,17009819111961
bps_webapi,0000,2026-08-19T02:01:19+00:00,2026-08-05 12:26:57,98,Gini Ratio Menurut Provinsi dan Daerah,,3,,"- Sumber  : BPS, Susenas  
<br />- Tahun 2002, Susenas Modul Konsumsi reguler
<br />- Tahun 2005, Susenas Panel (Februari)
<br />- Tahun 2006-2010, Susenas Panel (Maret)
<br />- Tahun 2011-2016, Susenas Modul Konsumsi (Maret dan September)
<br />- Angka Provinsi Papua Barat dan Papua sebelum tahun 2024 merupakan angka provinsi sebelum mengalami pemekaran Daerah Otonom Baru (DOB)",Kemiskinan dan Ketimpangan,38 Provinsi,1700,BENGKULU,191,Perkotaan+Perdesaan,119,2019,62,Semester 2 (September),0.329,17009819111962
bps_webapi,0000,2026-08-19T02:01:19+00:00,2026-08-05 12:26:57,98,Gini Ratio Menurut Provinsi dan Daerah,,3,,"- Sumber  : BPS, Susenas  
<br />- Tahun 2002, Susenas Modul Konsumsi reguler
<br />- Tahun 2005, Susenas Panel (Februari)
<br />- Tahun 2006-2010, Susenas Panel (Maret)
<br />- Tahun 2011-2016, Susenas Modul Konsumsi (Maret dan September)
<br />- Angka Provinsi Papua Barat dan Papua sebelum tahun 2024 merupakan angka provinsi sebelum mengalami pemekaran Daerah Otonom Baru (DOB)",Kemiskinan dan Ketimpangan,38 Provinsi,1800,LAMPUNG,189,Perkotaan,119,2019,61,Semester 1 (Maret),0.346,18009818911961
bps_webapi,0000,2026-08-19T02:01:19+00:00,2026-08-05 12:26:57,98,Gini Ratio Menurut Provinsi dan Daerah,,3,,"- Sumber  : BPS, Susenas  
<br />- Tahun 2002, Susenas Modul Konsumsi reguler
<br />- Tahun 2005, Susenas Panel (Februari)
<br />- Tahun 2006-2010, Susenas Panel (Maret)
<br />- Tahun 2011-2016, Susenas Modul Konsumsi (Maret dan September)
<br />- Angka Provinsi Papua Barat dan Papua sebelum tahun 2024 merupakan angka provinsi sebelum mengalami pemekaran Daerah Otonom Baru (DOB)",Kemiskinan dan Ketimpangan,38 Provinsi,1800,LAMPUNG,189,Perkotaan,119,2019,62,Semester 2 (September),0.349,18009818911962
bps_webapi,0000,2026-08-19T02:01:19+00:00,2026-08-05 12:26:57,98,Gini Ratio Menurut Provinsi dan Daerah,,3,,"- Sumber  : BPS, Susenas  
<br />- Tahun 2002, Susenas Modul Konsumsi reguler
<br />- Tahun 2005, Susenas Panel (Februari)
<br />- Tahun 2006-2010, Susenas Panel (Maret)
<br />- Tahun 2011-2016, Susenas Modul Konsumsi (Maret dan September)
<br />- Angka Provinsi Papua Barat dan Papua sebelum tahun 2024 merupakan angka provinsi sebelum mengalami pemekaran Daerah Otonom Baru (DOB)",Kemiskinan dan Ketimpangan,38 Provinsi,1800,LAMPUNG,190,Perdesaan,119,2019,61,Semester 1 (Maret),0.299,18009819011961
bps_webapi,0000,2026-08-19T02:01:19+00:00,2026-08-05 12:26:57,98,Gini Ratio Menurut Provinsi dan Daerah,,3,,"- Sumber  : BPS, Susenas  
<br />- Tahun 2002, Susenas Modul Konsumsi reguler
<br />- Tahun 2005, Susenas Panel (Februari)
<br />- Tahun 2006-2010, Susenas Panel (Maret)
<br />- Tahun 2011-2016, Susenas Modul Konsumsi (Maret dan September)
<br />- Angka Provinsi Papua Barat dan Papua sebelum tahun 2024 merupakan angka provinsi sebelum mengalami pemekaran Daerah Otonom Baru (DOB)",Kemiskinan dan Ketimpangan,38 Provinsi,1800,LAMPUNG,190,Perdesaan,119,2019,62,Semester 2 (September),0.294,18009819011962
bps_webapi,0000,2026-08-19T02:01:19+00:00,2026-08-05 12:26:57,98,Gini Ratio Menurut Provinsi dan Daerah,,3,,"- Sumber  : BPS, Susenas  
<br />- Tahun 2002, Susenas Modul Konsumsi reguler
<br />- Tahun 2005, Susenas Panel (Februari)
<br />- Tahun 2006-2010, Susenas Panel (Maret)
<br />- Tahun 2011-2016, Susenas Modul Konsumsi (Maret dan September)
<br />- Angka Provinsi Papua Barat dan Papua sebelum tahun 2024 merupakan angka provinsi sebelum mengalami pemekaran Daerah Otonom Baru (DOB)",Kemiskinan dan Ketimpangan,38 Provinsi,1800,LAMPUNG,191,Perkotaan+Perdesaan,119,2019,61,Semester 1 (Maret),0.329,18009819111961
bps_webapi,0000,2026-08-19T02:01:19+00:00,2026-08-05 12:26:57,98,Gini Ratio Menurut Provinsi dan Daerah,,3,,"- Sumber  : BPS, Susenas  
<br />- Tahun 2002, Susenas Modul Konsumsi reguler
<br />- Tahun 2005, Susenas Panel (Februari)
<br />- Tahun 2006-2010, Susenas Panel (Maret)
<br />- Tahun 2011-2016, Susenas Modul Konsumsi (Maret dan September)
<br />- Angka Provinsi Papua Barat dan Papua sebelum tahun 2024 merupakan angka provinsi sebelum mengalami pemekaran Daerah Otonom Baru (DOB)",Kemiskinan dan Ketimpangan,38 Provinsi,1800,LAMPUNG,191,Perkotaan+Perdesaan,119,2019,62,Semester 2 (September),0.331,18009819111962
bps_webapi,0000,2026-08-19T02:01:19+00:00,2026-08-05 12:26:57,98,Gini Ratio Menurut Provinsi dan Daerah,,3,,"- Sumber  : BPS, Susenas  
<br />- Tahun 2002, Susenas Modul Konsumsi reguler
<br />- Tahun 2005, Susenas Panel (Februari)
<br />- Tahun 2006-2010, Susenas Panel (Maret)
<br />- Tahun 2011-2016, Susenas Modul Konsumsi (Maret dan September)
<br />- Angka Provinsi Papua Barat dan Papua sebelum tahun 2024 merupakan angka provinsi sebelum mengalami pemekaran Daerah Otonom Baru (DOB)",Kemiskinan dan Ketimpangan,38 Provinsi,1900,KEP. BANGKA BELITUNG,189,Perkotaan,119,2019,61,Semester 1 (Maret),0.278,19009818911961
bps_webapi,0000,2026-08-19T02:01:19+00:00,2026-08-05 12:26:57,98,Gini Ratio Menurut Provinsi dan Daerah,,3,,"- Sumber  : BPS, Susenas  
<br />- Tahun 2002, Susenas Modul Konsumsi reguler
<br />- Tahun 2005, Susenas Panel (Februari)
<br />- Tahun 2006-2010, Susenas Panel (Maret)
<br />- Tahun 2011-2016, Susenas Modul Konsumsi (Maret dan September)
<br />- Angka Provinsi Papua Barat dan Papua sebelum tahun 2024 merupakan angka provinsi sebelum mengalami pemekaran Daerah Otonom Baru (DOB)",Kemiskinan dan Ketimpangan,38 Provinsi,1900,KEP. BANGKA BELITUNG,189,Perkotaan,119,2019,62,Semester 2 (September),0.272,19009818911962
bps_webapi,0000,2026-08-19T02:01:19+00:00,2026-08-05 12:26:57,98,Gini Ratio Menurut Provinsi dan Daerah,,3,,"- Sumber  : BPS, Susenas  
<br />- Tahun 2002, Susenas Modul Konsumsi reguler
<br />- Tahun 2005, Susenas Panel (Februari)
<br />- Tahun 2006-2010, Susenas Panel (Maret)
<br />- Tahun 2011-2016, Susenas Modul Konsumsi (Maret dan September)
<br />- Angka Provinsi Papua Barat dan Papua sebelum tahun 2024 merupakan angka provinsi sebelum mengalami pemekaran Daerah Otonom Baru (DOB)",Kemiskinan dan Ketimpangan,38 Provinsi,1900,KEP. BANGKA BELITUNG,190,Perdesaan,119,2019,61,Semester 1 (Maret),0.23,19009819011961
bps_webapi,0000,2026-08-19T02:01:19+00:00,2026-08-05 12:26:57,98,Gini Ratio Menurut Provinsi dan Daerah,,3,,"- Sumber  : BPS, Susenas  
<br />- Tahun 2002, Susenas Modul Konsumsi reguler
<br />- Tahun 2005, Susenas Panel (Februari)
<br />- Tahun 2006-2010, Susenas Panel (Maret)
<br />- Tahun 2011-2016, Susenas Modul Konsumsi (Maret dan September)
<br />- Angka Provinsi Papua Barat dan Papua sebelum tahun 2024 merupakan angka provinsi sebelum mengalami pemekaran Daerah Otonom Baru (DOB)",Kemiskinan dan Ketimpangan,38 Provinsi,1900,KEP. BANGKA BELITUNG,190,Perdesaan,119,2019,62,Semester 2 (September),0.223,19009819011962
bps_webapi,0000,2026-08-19T02:01:19+00:00,2026-08-05 12:26:57,98,Gini Ratio Menurut Provinsi dan Daerah,,3,,"- Sumber  : BPS, Susenas  
<br />- Tahun 2002, Susenas Modul Konsumsi reguler
<br />- Tahun 2005, Susenas Panel (Februari)
<br />- Tahun 2006-2010, Susenas Panel (Maret)
<br />- Tahun 2011-2016, Susenas Modul Konsumsi (Maret dan September)
<br />- Angka Provinsi Papua Barat dan Papua sebelum tahun 2024 merupakan angka provinsi sebelum mengalami pemekaran Daerah Otonom Baru (DOB)",Kemiskinan dan Ketimpangan,38 Provinsi,1900,KEP. BANGKA BELITUNG,191,Perkotaan+Perdesaan,119,2019,61,Semester 1 (Maret),0.269,19009819111961
bps_webapi,0000,2026-08-19T02:01:19+00:00,2026-08-05 12:26:57,98,Gini Ratio Menurut Provinsi dan Daerah,,3,,"- Sumber  : BPS, Susenas  
<br />- Tahun 2002, Susenas Modul Konsumsi reguler
<br />- Tahun 2005, Susenas Panel (Februari)
<br />- Tahun 2006-2010, Susenas Panel (Maret)
<br />- Tahun 2011-2016, Susenas Modul Konsumsi (Maret dan September)
<br />- Angka Provinsi Papua Barat dan Papua sebelum tahun 2024 merupakan angka provinsi sebelum mengalami pemekaran Daerah Otonom Baru (DOB)",Kemiskinan dan Ketimpangan,38 Provinsi,1900,KEP. BANGKA BELITUNG,191,Perkotaan+Perdesaan,119,2019,62,Semester 2 (September),0.262,19009819111962
bps_webapi,0000,2026-08-19T02:01:19+00:00,2026-08-05 12:26:57,98,Gini Ratio Menurut Provinsi dan Daerah,,3,,"- Sumber  : BPS, Susenas  
<br />- Tahun 2002, Susenas Modul Konsumsi reguler
<br />- Tahun 2005, Susenas Panel (Februari)
<br />- Tahun 2006-2010, Susenas Panel (Maret)
<br />- Tahun 2011-2016, Susenas Modul Konsumsi (Maret dan September)
<br />- Angka Provinsi Papua Barat dan Papua sebelum tahun 2024 merupakan angka provinsi sebelum mengalami pemekaran Daerah Otonom Baru (DOB)",Kemiskinan dan Ketimpangan,38 Provinsi,2100,KEP. RIAU,189,Perkotaan,119,2019,61,Semester 1 (Maret),0.338,21009818911961
bps_webapi,0000,2026-08-19T02:01:19+00:00,2026-08-05 12:26:57,98,Gini Ratio Menurut Provinsi dan Daerah,,3,,"- Sumber  : BPS, Susenas  
<br />- Tahun 2002, Susenas Modul Konsumsi reguler
<br />- Tahun 2005, Susenas Panel (Februari)
<br />- Tahun 2006-2010, Susenas Panel (Maret)
<br />- Tahun 2011-2016, Susenas Modul Konsumsi (Maret dan September)
<br />- Angka Provinsi Papua Barat dan Papua sebelum tahun 2024 merupakan angka provinsi sebelum mengalami pemekaran Daerah Otonom Baru (DOB)",Kemiskinan dan Ketimpangan,38 Provinsi,2100,KEP. RIAU,189,Perkotaan,119,2019,62,Semester 2 (September),0.335,21009818911962
bps_webapi,0000,2026-08-19T02:01:19+00:00,2026-08-05 12:26:57,98,Gini Ratio Menurut Provinsi dan Daerah,,3,,"- Sumber  : BPS, Susenas  
<br />- Tahun 2002, Susenas Modul Konsumsi reguler
<br />- Tahun 2005, Susenas Panel (Februari)
<br />- Tahun 2006-2010, Susenas Panel (Maret)
<br />- Tahun 2011-2016, Susenas Modul Konsumsi (Maret dan September)
<br />- Angka Provinsi Papua Barat dan Papua sebelum tahun 2024 merupakan angka provinsi sebelum mengalami pemekaran Daerah Otonom Baru (DOB)",Kemiskinan dan Ketimpangan,38 Provinsi,2100,KEP. RIAU,190,Perdesaan,119,2019,61,Semester 1 (Maret),0.265,21009819011961
bps_webapi,0000,2026-08-19T02:01:19+00:00,2026-08-05 12:26:57,98,Gini Ratio Menurut Provinsi dan Daerah,,3,,"- Sumber  : BPS, Susenas  
<br />- Tahun 2002, Susenas Modul Konsumsi reguler
<br />- Tahun 2005, Susenas Panel (Februari)
<br />- Tahun 2006-2010, Susenas Panel (Maret)
<br />- Tahun 2011-2016, Susenas Modul Konsumsi (Maret dan September)
<br />- Angka Provinsi Papua Barat dan Papua sebelum tahun 2024 merupakan angka provinsi sebelum mengalami pemekaran Daerah Otonom Baru (DOB)",Kemiskinan dan Ketimpangan,38 Provinsi,2100,KEP. RIAU,190,Perdesaan,119,2019,62,Semester 2 (September),0.262,21009819011962
bps_webapi,0000,2026-08-19T02:01:19+00:00,2026-08-05 12:26:57,98,Gini Ratio Menurut Provinsi dan Daerah,,3,,"- Sumber  : BPS, Susenas  
<br />- Tahun 2002, Susenas Modul Konsumsi reguler
<br />- Tahun 2005, Susenas Panel (Februari)
<br />- Tahun 2006-2010, Susenas Panel (Maret)
<br />- Tahun 2011-2016, Susenas Modul Konsumsi (Maret dan September)
<br />- Angka Provinsi Papua Barat dan Papua sebelum tahun 2024 merupakan angka provinsi sebelum mengalami pemekaran Daerah Otonom Baru (DOB)",Kemiskinan dan Ketimpangan,38 Provinsi,2100,KEP. RIAU,191,Perkotaan+Perdesaan,119,2019,61,Semester 1 (Maret),0.341,21009819111961
bps_webapi,0000,2026-08-19T02:01:19+00:00,2026-08-05 12:26:57,98,Gini Ratio Menurut Provinsi dan Daerah,,3,,"- Sumber  : BPS, Susenas  
<br />- Tahun 2002, Susenas Modul Konsumsi reguler
<br />- Tahun 2005, Susenas Panel (Februari)
<br />- Tahun 2006-2010, Susenas Panel (Maret)
<br />- Tahun 2011-2016, Susenas Modul Konsumsi (Maret dan September)
<br />- Angka Provinsi Papua Barat dan Papua sebelum tahun 2024 merupakan angka provinsi sebelum mengalami pemekaran Daerah Otonom Baru (DOB)",Kemiskinan dan Ketimpangan,38 Provinsi,2100,KEP. RIAU,191,Perkotaan+Perdesaan,119,2019,62,Semester 2 (September),0.337,21009819111962
bps_webapi,0000,2026-08-19T02:01:19+00:00,2026-08-05 12:26:57,98,Gini Ratio Menurut Provinsi dan Daerah,,3,,"- Sumber  : BPS, Susenas  
<br />- Tahun 2002, Susenas Modul Konsumsi reguler
<br />- Tahun 2005, Susenas Panel (Februari)
<br />- Tahun 2006-2010, Susenas Panel (Maret)
<br />- Tahun 2011-2016, Susenas Modul Konsumsi (Maret dan September)
<br />- Angka Provinsi Papua Barat dan Papua sebelum tahun 2024 merupakan angka provinsi sebelum mengalami pemekaran Daerah Otonom Baru (DOB)",Kemiskinan dan Ketimpangan,38 Provinsi,3100,DKI JAKARTA,189,Perkotaan,119,2019,61,Semester 1 (Maret),0.394,31009818911961
bps_webapi,0000,2026-08-19T02:01:19+00:00,2026-08-05 12:26:57,98,Gini Ratio Menurut Provinsi dan Daerah,,3,,"- Sumber  : BPS, Susenas  
<br />- Tahun 2002, Susenas Modul Konsumsi reguler
<br />- Tahun 2005, Susenas Panel (Februari)
<br />- Tahun 2006-2010, Susenas Panel (Maret)
<br />- Tahun 2011-2016, Susenas Modul Konsumsi (Maret dan September)
<br />- Angka Provinsi Papua Barat dan Papua sebelum tahun 2024 merupakan angka provinsi sebelum mengalami pemekaran Daerah Otonom Baru (DOB)",Kemiskinan dan Ketimpangan,38 Provinsi,3100,DKI JAKARTA,189,Perkotaan,119,2019,62,Semester 2 (September),0.391,31009818911962
bps_webapi,0000,2026-08-19T02:01:19+00:00,2026-08-05 12:26:57,98,Gini Ratio Menurut Provinsi dan Daerah,,3,,"- Sumber  : BPS, Susenas  
<br />- Tahun 2002, Susenas Modul Konsumsi reguler
<br />- Tahun 2005, Susenas Panel (Februari)
<br />- Tahun 2006-2010, Susenas Panel (Maret)
<br />- Tahun 2011-2016, Susenas Modul Konsumsi (Maret dan September)
<br />- Angka Provinsi Papua Barat dan Papua sebelum tahun 2024 merupakan angka provinsi sebelum mengalami pemekaran Daerah Otonom Baru (DOB)",Kemiskinan dan Ketimpangan,38 Provinsi,3100,DKI JAKARTA,191,Perkotaan+Perdesaan,119,2019,61,Semester 1 (Maret),0.394,31009819111961
bps_webapi,0000,2026-08-19T02:01:19+00:00,2026-08-05 12:26:57,98,Gini Ratio Menurut Provinsi dan Daerah,,3,,"- Sumber  : BPS, Susenas  
<br />- Tahun 2002, Susenas Modul Konsumsi reguler
<br />- Tahun 2005, Susenas Panel (Februari)
<br />- Tahun 2006-2010, Susenas Panel (Maret)
<br />- Tahun 2011-2016, Susenas Modul Konsumsi (Maret dan September)
<br />- Angka Provinsi Papua Barat dan Papua sebelum tahun 2024 merupakan angka provinsi sebelum mengalami pemekaran Daerah Otonom Baru (DOB)",Kemiskinan dan Ketimpangan,38 Provinsi,3100,DKI JAKARTA,191,Perkotaan+Perdesaan,119,2019,62,Semester 2 (September),0.391,31009819111962
bps_webapi,0000,2026-08-19T02:01:19+00:00,2026-08-05 12:26:57,98,Gini Ratio Menurut Provinsi dan Daerah,,3,,"- Sumber  : BPS, Susenas  
<br />- Tahun 2002, Susenas Modul Konsumsi reguler
<br />- Tahun 2005, Susenas Panel (Februari)
<br />- Tahun 2006-2010, Susenas Panel (Maret)
<br />- Tahun 2011-2016, Susenas Modul Konsumsi (Maret dan September)
<br />- Angka Provinsi Papua Barat dan Papua sebelum tahun 2024 merupakan angka provinsi sebelum mengalami pemekaran Daerah Otonom Baru (DOB)",Kemiskinan dan Ketimpangan,38 Provinsi,3200,JAWA BARAT,189,Perkotaan,119,2019,61,Semester 1 (Maret),0.41,32009818911961
bps_webapi,0000,2026-08-19T02:01:19+00:00,2026-08-05 12:26:57,98,Gini Ratio Menurut Provinsi dan Daerah,,3,,"- Sumber  : BPS, Susenas  
<br />- Tahun 2002, Susenas Modul Konsumsi reguler
<br />- Tahun 2005, Susenas Panel (Februari)
<br />- Tahun 2006-2010, Susenas Panel (Maret)
<br />- Tahun 2011-2016, Susenas Modul Konsumsi (Maret dan September)
<br />- Angka Provinsi Papua Barat dan Papua sebelum tahun 2024 merupakan angka provinsi sebelum mengalami pemekaran Daerah Otonom Baru (DOB)",Kemiskinan dan Ketimpangan,38 Provinsi,3200,JAWA BARAT,189,Perkotaan,119,2019,62,Semester 2 (September),0.408,32009818911962
bps_webapi,0000,2026-08-19T02:01:19+00:00,2026-08-05 12:26:57,98,Gini Ratio Menurut Provinsi dan Daerah,,3,,"- Sumber  : BPS, Susenas  
<br />- Tahun 2002, Susenas Modul Konsumsi reguler
<br />- Tahun 2005, Susenas Panel (Februari)
<br />- Tahun 2006-2010, Susenas Panel (Maret)
<br />- Tahun 2011-2016, Susenas Modul Konsumsi (Maret dan September)
<br />- Angka Provinsi Papua Barat dan Papua sebelum tahun 2024 merupakan angka provinsi sebelum mengalami pemekaran Daerah Otonom Baru (DOB)",Kemiskinan dan Ketimpangan,38 Provinsi,3200,JAWA BARAT,190,Perdesaan,119,2019,61,Semester 1 (Maret),0.319,32009819011961
bps_webapi,0000,2026-08-19T02:01:19+00:00,2026-08-05 12:26:57,98,Gini Ratio Menurut Provinsi dan Daerah,,3,,"- Sumber  : BPS, Susenas  
<br />- Tahun 2002, Susenas Modul Konsumsi reguler
<br />- Tahun 2005, Susenas Panel (Februari)
<br />- Tahun 2006-2010, Susenas Panel (Maret)
<br />- Tahun 2011-2016, Susenas Modul Konsumsi (Maret dan September)
<br />- Angka Provinsi Papua Barat dan Papua sebelum tahun 2024 merupakan angka provinsi sebelum mengalami pemekaran Daerah Otonom Baru (DOB)",Kemiskinan dan Ketimpangan,38 Provinsi,3200,JAWA BARAT,190,Perdesaan,119,2019,62,Semester 2 (September),0.318,32009819011962
bps_webapi,0000,2026-08-19T02:01:19+00:00,2026-08-05 12:26:57,98,Gini Ratio Menurut Provinsi dan Daerah,,3,,"- Sumber  : BPS, Susenas  
<br />- Tahun 2002, Susenas Modul Konsumsi reguler
<br />- Tahun 2005, Susenas Panel (Februari)
<br />- Tahun 2006-2010, Susenas Panel (Maret)
<br />- Tahun 2011-2016, Susenas Modul Konsumsi (Maret dan September)
<br />- Angka Provinsi Papua Barat dan Papua sebelum tahun 2024 merupakan angka provinsi sebelum mengalami pemekaran Daerah Otonom Baru (DOB)",Kemiskinan dan Ketimpangan,38 Provinsi,3200,JAWA BARAT,191,Perkotaan+Perdesaan,119,2019,61,Semester 1 (Maret),0.402,32009819111961
bps_webapi,0000,2026-08-19T02:01:19+00:00,2026-08-05 12:26:57,98,Gini Ratio Menurut Provinsi dan Daerah,,3,,"- Sumber  : BPS, Susenas  
<br />- Tahun 2002, Susenas Modul Konsumsi reguler
<br />- Tahun 2005, Susenas Panel (Februari)
<br />- Tahun 2006-2010, Susenas Panel (Maret)
<br />- Tahun 2011-2016, Susenas Modul Konsumsi (Maret dan September)
<br />- Angka Provinsi Papua Barat dan Papua sebelum tahun 2024 merupakan angka provinsi sebelum mengalami pemekaran Daerah Otonom Baru (DOB)",Kemiskinan dan Ketimpangan,38 Provinsi,3200,JAWA BARAT,191,Perkotaan+Perdesaan,119,2019,62,Semester 2 (September),0.398,32009819111962
bps_webapi,0000,2026-08-19T02:01:19+00:00,2026-08-05 12:26:57,98,Gini Ratio Menurut Provinsi dan Daerah,,3,,"- Sumber  : BPS, Susenas  
<br />- Tahun 2002, Susenas Modul Konsumsi reguler
<br />- Tahun 2005, Susenas Panel (Februari)
<br />- Tahun 2006-2010, Susenas Panel (Maret)
<br />- Tahun 2011-2016, Susenas Modul Konsumsi (Maret dan September)
<br />- Angka Provinsi Papua Barat dan Papua sebelum tahun 2024 merupakan angka provinsi sebelum mengalami pemekaran Daerah Otonom Baru (DOB)",Kemiskinan dan Ketimpangan,38 Provinsi,3300,JAWA TENGAH,189,Perkotaan,119,2019,61,Semester 1 (Maret),0.383,33009818911961
bps_webapi,0000,2026-08-19T02:01:19+00:00,2026-08-05 12:26:57,98,Gini Ratio Menurut Provinsi dan Daerah,,3,,"- Sumber  : BPS, Susenas  
<br />- Tahun 2002, Susenas Modul Konsumsi reguler
<br />- Tahun 2005, Susenas Panel (Februari)
<br />- Tahun 2006-2010, Susenas Panel (Maret)
<br />- Tahun 2011-2016, Susenas Modul Konsumsi (Maret dan September)
<br />- Angka Provinsi Papua Barat dan Papua sebelum tahun 2024 merupakan angka provinsi sebelum mengalami pemekaran Daerah Otonom Baru (DOB)",Kemiskinan dan Ketimpangan,38 Provinsi,3300,JAWA TENGAH,189,Perkotaan,119,2019,62,Semester 2 (September),0.379,33009818911962
bps_webapi,0000,2026-08-19T02:01:19+00:00,2026-08-05 12:26:57,98,Gini Ratio Menurut Provinsi dan Daerah,,3,,"- Sumber  : BPS, Susenas  
<br />- Tahun 2002, Susenas Modul Konsumsi reguler
<br />- Tahun 2005, Susenas Panel (Februari)
<br />- Tahun 2006-2010, Susenas Panel (Maret)
<br />- Tahun 2011-2016, Susenas Modul Konsumsi (Maret dan September)
<br />- Angka Provinsi Papua Barat dan Papua sebelum tahun 2024 merupakan angka provinsi sebelum mengalami pemekaran Daerah Otonom Baru (DOB)",Kemiskinan dan Ketimpangan,38 Provinsi,3300,JAWA TENGAH,190,Perdesaan,119,2019,61,Semester 1 (Maret),0.318,33009819011961
bps_webapi,0000,2026-08-19T02:01:19+00:00,2026-08-05 12:26:57,98,Gini Ratio Menurut Provinsi dan Daerah,,3,,"- Sumber  : BPS, Susenas  
<br />- Tahun 2002, Susenas Modul Konsumsi reguler
<br />- Tahun 2005, Susenas Panel (Februari)
<br />- Tahun 2006-2010, Susenas Panel (Maret)
<br />- Tahun 2011-2016, Susenas Modul Konsumsi (Maret dan September)
<br />- Angka Provinsi Papua Barat dan Papua sebelum tahun 2024 merupakan angka provinsi sebelum mengalami pemekaran Daerah Otonom Baru (DOB)",Kemiskinan dan Ketimpangan,38 Provinsi,3300,JAWA TENGAH,190,Perdesaan,119,2019,62,Semester 2 (September),0.315,33009819011962
bps_webapi,0000,2026-08-19T02:01:19+00:00,2026-08-05 12:26:57,98,Gini Ratio Menurut Provinsi dan Daerah,,3,,"- Sumber  : BPS, Susenas  
<br />- Tahun 2002, Susenas Modul Konsumsi reguler
<br />- Tahun 2005, Susenas Panel (Februari)
<br />- Tahun 2006-2010, Susenas Panel (Maret)
<br />- Tahun 2011-2016, Susenas Modul Konsumsi (Maret dan September)
<br />- Angka Provinsi Papua Barat dan Papua sebelum tahun 2024 merupakan angka provinsi sebelum mengalami pemekaran Daerah Otonom Baru (DOB)",Kemiskinan dan Ketimpangan,38 Provinsi,3300,JAWA TENGAH,191,Perkotaan+Perdesaan,119,2019,61,Semester 1 (Maret),0.361,33009819111961
bps_webapi,0000,2026-08-19T02:01:19+00:00,2026-08-05 12:26:57,98,Gini Ratio Menurut Provinsi dan Daerah,,3,,"- Sumber  : BPS, Susenas  
<br />- Tahun 2002, Susenas Modul Konsumsi reguler
<br />- Tahun 2005, Susenas Panel (Februari)
<br />- Tahun 2006-2010, Susenas Panel (Maret)
<br />- Tahun 2011-2016, Susenas Modul Konsumsi (Maret dan September)
<br />- Angka Provinsi Papua Barat dan Papua sebelum tahun 2024 merupakan angka provinsi sebelum mengalami pemekaran Daerah Otonom Baru (DOB)",Kemiskinan dan Ketimpangan,38 Provinsi,3300,JAWA TENGAH,191,Perkotaan+Perdesaan,119,2019,62,Semester 2 (September),0.358,33009819111962
bps_webapi,0000,2026-08-19T02:01:19+00:00,2026-08-05 12:26:57,98,Gini Ratio Menurut Provinsi dan Daerah,,3,,"- Sumber  : BPS, Susenas  
<br />- Tahun 2002, Susenas Modul Konsumsi reguler
<br />- Tahun 2005, Susenas Panel (Februari)
<br />- Tahun 2006-2010, Susenas Panel (Maret)
<br />- Tahun 2011-2016, Susenas Modul Konsumsi (Maret dan September)
<br />- Angka Provinsi Papua Barat dan Papua sebelum tahun 2024 merupakan angka provinsi sebelum mengalami pemekaran Daerah Otonom Baru (DOB)",Kemiskinan dan Ketimpangan,38 Provinsi,3400,DI YOGYAKARTA,189,Perkotaan,119,2019,61,Semester 1 (Maret),0.424,34009818911961
bps_webapi,0000,2026-08-19T02:01:19+00:00,2026-08-05 12:26:57,98,Gini Ratio Menurut Provinsi dan Daerah,,3,,"- Sumber  : BPS, Susenas  
<br />- Tahun 2002, Susenas Modul Konsumsi reguler
<br />- Tahun 2005, Susenas Panel (Februari)
<br />- Tahun 2006-2010, Susenas Panel (Maret)
<br />- Tahun 2011-2016, Susenas Modul Konsumsi (Maret dan September)
<br />- Angka Provinsi Papua Barat dan Papua sebelum tahun 2024 merupakan angka provinsi sebelum mengalami pemekaran Daerah Otonom Baru (DOB)",Kemiskinan dan Ketimpangan,38 Provinsi,3400,DI YOGYAKARTA,189,Perkotaan,119,2019,62,Semester 2 (September),0.43,34009818911962
bps_webapi,0000,2026-08-19T02:01:19+00:00,2026-08-05 12:26:57,98,Gini Ratio Menurut Provinsi dan Daerah,,3,,"- Sumber  : BPS, Susenas  
<br />- Tahun 2002, Susenas Modul Konsumsi reguler
<br />- Tahun 2005, Susenas Panel (Februari)
<br />- Tahun 2006-2010, Susenas Panel (Maret)
<br />- Tahun 2011-2016, Susenas Modul Konsumsi (Maret dan September)
<br />- Angka Provinsi Papua Barat dan Papua sebelum tahun 2024 merupakan angka provinsi sebelum mengalami pemekaran Daerah Otonom Baru (DOB)",Kemiskinan dan Ketimpangan,38 Provinsi,3400,DI YOGYAKARTA,190,Perdesaan,119,2019,61,Semester 1 (Maret),0.328,34009819011961
bps_webapi,0000,2026-08-19T02:01:19+00:00,2026-08-05 12:26:57,98,Gini Ratio Menurut Provinsi dan Daerah,,3,,"- Sumber  : BPS, Susenas  
<br />- Tahun 2002, Susenas Modul Konsumsi reguler
<br />- Tahun 2005, Susenas Panel (Februari)
<br />- Tahun 2006-2010, Susenas Panel (Maret)
<br />- Tahun 2011-2016, Susenas Modul Konsumsi (Maret dan September)
<br />- Angka Provinsi Papua Barat dan Papua sebelum tahun 2024 merupakan angka provinsi sebelum mengalami pemekaran Daerah Otonom Baru (DOB)",Kemiskinan dan Ketimpangan,38 Provinsi,3400,DI YOGYAKARTA,190,Perdesaan,119,2019,62,Semester 2 (September),0.326,34009819011962
bps_webapi,0000,2026-08-19T02:01:19+00:00,2026-08-05 12:26:57,98,Gini Ratio Menurut Provinsi dan Daerah,,3,,"- Sumber  : BPS, Susenas  
<br />- Tahun 2002, Susenas Modul Konsumsi reguler
<br />- Tahun 2005, Susenas Panel (Februari)
<br />- Tahun 2006-2010, Susenas Panel (Maret)
<br />- Tahun 2011-2016, Susenas Modul Konsumsi (Maret dan September)
<br />- Angka Provinsi Papua Barat dan Papua sebelum tahun 2024 merupakan angka provinsi sebelum mengalami pemekaran Daerah Otonom Baru (DOB)",Kemiskinan dan Ketimpangan,38 Provinsi,3400,DI YOGYAKARTA,191,Perkotaan+Perdesaan,119,2019,61,Semester 1 (Maret),0.423,34009819111961
bps_webapi,0000,2026-08-19T02:01:19+00:00,2026-08-05 12:26:57,98,Gini Ratio Menurut Provinsi dan Daerah,,3,,"- Sumber  : BPS, Susenas  
<br />- Tahun 2002, Susenas Modul Konsumsi reguler
<br />- Tahun 2005, Susenas Panel (Februari)
<br />- Tahun 2006-2010, Susenas Panel (Maret)
<br />- Tahun 2011-2016, Susenas Modul Konsumsi (Maret dan September)
<br />- Angka Provinsi Papua Barat dan Papua sebelum tahun 2024 merupakan angka provinsi sebelum mengalami pemekaran Daerah Otonom Baru (DOB)",Kemiskinan dan Ketimpangan,38 Provinsi,3400,DI YOGYAKARTA,191,Perkotaan+Perdesaan,119,2019,62,Semester 2 (September),0.428,34009819111962
bps_webapi,0000,2026-08-19T02:01:19+00:00,2026-08-05 12:26:57,98,Gini Ratio Menurut Provinsi dan Daerah,,3,,"- Sumber  : BPS, Susenas  
<br />- Tahun 2002, Susenas Modul Konsumsi reguler
<br />- Tahun 2005, Susenas Panel (Februari)
<br />- Tahun 2006-2010, Susenas Panel (Maret)
<br />- Tahun 2011-2016, Susenas Modul Konsumsi (Maret dan September)
<br />- Angka Provinsi Papua Barat dan Papua sebelum tahun 2024 merupakan angka provinsi sebelum mengalami pemekaran Daerah Otonom Baru (DOB)",Kemiskinan dan Ketimpangan,38 Provinsi,3500,JAWA TIMUR,189,Perkotaan,119,2019,61,Semester 1 (Maret),0.379,35009818911961
bps_webapi,0000,2026-08-19T02:01:19+00:00,2026-08-05 12:26:57,98,Gini Ratio Menurut Provinsi dan Daerah,,3,,"- Sumber  : BPS, Susenas  
<br />- Tahun 2002, Susenas Modul Konsumsi reguler
<br />- Tahun 2005, Susenas Panel (Februari)
<br />- Tahun 2006-2010, Susenas Panel (Maret)
<br />- Tahun 2011-2016, Susenas Modul Konsumsi (Maret dan September)
<br />- Angka Provinsi Papua Barat dan Papua sebelum tahun 2024 merupakan angka provinsi sebelum mengalami pemekaran Daerah Otonom Baru (DOB)",Kemiskinan dan Ketimpangan,38 Provinsi,3500,JAWA TIMUR,189,Perkotaan,119,2019,62,Semester 2 (September),0.374,35009818911962
bps_webapi,0000,2026-08-19T02:01:19+00:00,2026-08-05 12:26:57,98,Gini Ratio Menurut Provinsi dan Daerah,,3,,"- Sumber  : BPS, Susenas  
<br />- Tahun 2002, Susenas Modul Konsumsi reguler
<br />- Tahun 2005, Susenas Panel (Februari)
<br />- Tahun 2006-2010, Susenas Panel (Maret)
<br />- Tahun 2011-2016, Susenas Modul Konsumsi (Maret dan September)
<br />- Angka Provinsi Papua Barat dan Papua sebelum tahun 2024 merupakan angka provinsi sebelum mengalami pemekaran Daerah Otonom Baru (DOB)",Kemiskinan dan Ketimpangan,38 Provinsi,3500,JAWA TIMUR,190,Perdesaan,119,2019,61,Semester 1 (Maret),0.318,35009819011961
bps_webapi,0000,2026-08-19T02:01:19+00:00,2026-08-05 12:26:57,98,Gini Ratio Menurut Provinsi dan Daerah,,3,,"- Sumber  : BPS, Susenas  
<br />- Tahun 2002, Susenas Modul Konsumsi reguler
<br />- Tahun 2005, Susenas Panel (Februari)
<br />- Tahun 2006-2010, Susenas Panel (Maret)
<br />- Tahun 2011-2016, Susenas Modul Konsumsi (Maret dan September)
<br />- Angka Provinsi Papua Barat dan Papua sebelum tahun 2024 merupakan angka provinsi sebelum mengalami pemekaran Daerah Otonom Baru (DOB)",Kemiskinan dan Ketimpangan,38 Provinsi,3500,JAWA TIMUR,190,Perdesaan,119,2019,62,Semester 2 (September),0.314,35009819011962
bps_webapi,0000,2026-08-19T02:01:19+00:00,2026-08-05 12:26:57,98,Gini Ratio Menurut Provinsi dan Daerah,,3,,"- Sumber  : BPS, Susenas  
<br />- Tahun 2002, Susenas Modul Konsumsi reguler
<br />- Tahun 2005, Susenas Panel (Februari)
<br />- Tahun 2006-2010, Susenas Panel (Maret)
<br />- Tahun 2011-2016, Susenas Modul Konsumsi (Maret dan September)
<br />- Angka Provinsi Papua Barat dan Papua sebelum tahun 2024 merupakan angka provinsi sebelum mengalami pemekaran Daerah Otonom Baru (DOB)",Kemiskinan dan Ketimpangan,38 Provinsi,3500,JAWA TIMUR,191,Perkotaan+Perdesaan,119,2019,61,Semester 1 (Maret),0.37,35009819111961
bps_webapi,0000,2026-08-19T02:01:19+00:00,2026-08-05 12:26:57,98,Gini Ratio Menurut Provinsi dan Daerah,,3,,"- Sumber  : BPS, Susenas  
<br />- Tahun 2002, Susenas Modul Konsumsi reguler
<br />- Tahun 2005, Susenas Panel (Februari)
<br />- Tahun 2006-2010, Susenas Panel (Maret)
<br />- Tahun 2011-2016, Susenas Modul Konsumsi (Maret dan September)
<br />- Angka Provinsi Papua Barat dan Papua sebelum tahun 2024 merupakan angka provinsi sebelum mengalami pemekaran Daerah Otonom Baru (DOB)",Kemiskinan dan Ketimpangan,38 Provinsi,3500,JAWA TIMUR,191,Perkotaan+Perdesaan,119,2019,62,Semester 2 (September),0.364,35009819111962
bps_webapi,0000,2026-08-19T02:01:19+00:00,2026-08-05 12:26:57,98,Gini Ratio Menurut Provinsi dan Daerah,,3,,"- Sumber  : BPS, Susenas  
<br />- Tahun 2002, Susenas Modul Konsumsi reguler
<br />- Tahun 2005, Susenas Panel (Februari)
<br />- Tahun 2006-2010, Susenas Panel (Maret)
<br />- Tahun 2011-2016, Susenas Modul Konsumsi (Maret dan September)
<br />- Angka Provinsi Papua Barat dan Papua sebelum tahun 2024 merupakan angka provinsi sebelum mengalami pemekaran Daerah Otonom Baru (DOB)",Kemiskinan dan Ketimpangan,38 Provinsi,3600,BANTEN,189,Perkotaan,119,2019,61,Semester 1 (Maret),0.36,36009818911961
bps_webapi,0000,2026-08-19T02:01:19+00:00,2026-08-05 12:26:57,98,Gini Ratio Menurut Provinsi dan Daerah,,3,,"- Sumber  : BPS, Susenas  
<br />- Tahun 2002, Susenas Modul Konsumsi reguler
<br />- Tahun 2005, Susenas Panel (Februari)
<br />- Tahun 2006-2010, Susenas Panel (Maret)
<br />- Tahun 2011-2016, Susenas Modul Konsumsi (Maret dan September)
<br />- Angka Provinsi Papua Barat dan Papua sebelum tahun 2024 merupakan angka provinsi sebelum mengalami pemekaran Daerah Otonom Baru (DOB)",Kemiskinan dan Ketimpangan,38 Provinsi,3600,BANTEN,189,Perkotaan,119,2019,62,Semester 2 (September),0.355,36009818911962
bps_webapi,0000,2026-08-19T02:01:19+00:00,2026-08-05 12:26:57,98,Gini Ratio Menurut Provinsi dan Daerah,,3,,"- Sumber  : BPS, Susenas  
<br />- Tahun 2002, Susenas Modul Konsumsi reguler
<br />- Tahun 2005, Susenas Panel (Februari)
<br />- Tahun 2006-2010, Susenas Panel (Maret)
<br />- Tahun 2011-2016, Susenas Modul Konsumsi (Maret dan September)
<br />- Angka Provinsi Papua Barat dan Papua sebelum tahun 2024 merupakan angka provinsi sebelum mengalami pemekaran Daerah Otonom Baru (DOB)",Kemiskinan dan Ketimpangan,38 Provinsi,3600,BANTEN,190,Perdesaan,119,2019,61,Semester 1 (Maret),0.294,36009819011961
bps_webapi,0000,2026-08-19T02:01:19+00:00,2026-08-05 12:26:57,98,Gini Ratio Menurut Provinsi dan Daerah,,3,,"- Sumber  : BPS, Susenas  
<br />- Tahun 2002, Susenas Modul Konsumsi reguler
<br />- Tahun 2005, Susenas Panel (Februari)
<br />- Tahun 2006-2010, Susenas Panel (Maret)
<br />- Tahun 2011-2016, Susenas Modul Konsumsi (Maret dan September)
<br />- Angka Provinsi Papua Barat dan Papua sebelum tahun 2024 merupakan angka provinsi sebelum mengalami pemekaran Daerah Otonom Baru (DOB)",Kemiskinan dan Ketimpangan,38 Provinsi,3600,BANTEN,190,Perdesaan,119,2019,62,Semester 2 (September),0.292,36009819011962
bps_webapi,0000,2026-08-19T02:01:19+00:00,2026-08-05 12:26:57,98,Gini Ratio Menurut Provinsi dan Daerah,,3,,"- Sumber  : BPS, Susenas  
<br />- Tahun 2002, Susenas Modul Konsumsi reguler
<br />- Tahun 2005, Susenas Panel (Februari)
<br />- Tahun 2006-2010, Susenas Panel (Maret)
<br />- Tahun 2011-2016, Susenas Modul Konsumsi (Maret dan September)
<br />- Angka Provinsi Papua Barat dan Papua sebelum tahun 2024 merupakan angka provinsi sebelum mengalami pemekaran Daerah Otonom Baru (DOB)",Kemiskinan dan Ketimpangan,38 Provinsi,3600,BANTEN,191,Perkotaan+Perdesaan,119,2019,61,Semester 1 (Maret),0.365,36009819111961
bps_webapi,0000,2026-08-19T02:01:19+00:00,2026-08-05 12:26:57,98,Gini Ratio Menurut Provinsi dan Daerah,,3,,"- Sumber  : BPS, Susenas  
<br />- Tahun 2002, Susenas Modul Konsumsi reguler
<br />- Tahun 2005, Susenas Panel (Februari)
<br />- Tahun 2006-2010, Susenas Panel (Maret)
<br />- Tahun 2011-2016, Susenas Modul Konsumsi (Maret dan September)
<br />- Angka Provinsi Papua Barat dan Papua sebelum tahun 2024 merupakan angka provinsi sebelum mengalami pemekaran Daerah Otonom Baru (DOB)",Kemiskinan dan Ketimpangan,38 Provinsi,3600,BANTEN,191,Perkotaan+Perdesaan,119,2019,62,Semester 2 (September),0.361,36009819111962
bps_webapi,0000,2026-08-19T02:01:19+00:00,2026-08-05 12:26:57,98,Gini Ratio Menurut Provinsi dan Daerah,,3,,"- Sumber  : BPS, Susenas  
<br />- Tahun 2002, Susenas Modul Konsumsi reguler
<br />- Tahun 2005, Susenas Panel (Februari)
<br />- Tahun 2006-2010, Susenas Panel (Maret)
<br />- Tahun 2011-2016, Susenas Modul Konsumsi (Maret dan September)
<br />- Angka Provinsi Papua Barat dan Papua sebelum tahun 2024 merupakan angka provinsi sebelum mengalami pemekaran Daerah Otonom Baru (DOB)",Kemiskinan dan Ketimpangan,38 Provinsi,5100,BALI,189,Perkotaan,119,2019,61,Semester 1 (Maret),0.37,51009818911961
bps_webapi,0000,2026-08-19T02:01:19+00:00,2026-08-05 12:26:57,98,Gini Ratio Menurut Provinsi dan Daerah,,3,,"- Sumber  : BPS, Susenas  
<br />- Tahun 2002, Susenas Modul Konsumsi reguler
<br />- Tahun 2005, Susenas Panel (Februari)
<br />- Tahun 2006-2010, Susenas Panel (Maret)
<br />- Tahun 2011-2016, Susenas Modul Konsumsi (Maret dan September)
<br />- Angka Provinsi Papua Barat dan Papua sebelum tahun 2024 merupakan angka provinsi sebelum mengalami pemekaran Daerah Otonom Baru (DOB)",Kemiskinan dan Ketimpangan,38 Provinsi,5100,BALI,189,Perkotaan,119,2019,62,Semester 2 (September),0.365,51009818911962
bps_webapi,0000,2026-08-19T02:01:19+00:00,2026-08-05 12:26:57,98,Gini Ratio Menurut Provinsi dan Daerah,,3,,"- Sumber  : BPS, Susenas  
<br />- Tahun 2002, Susenas Modul Konsumsi reguler
<br />- Tahun 2005, Susenas Panel (Februari)
<br />- Tahun 2006-2010, Susenas Panel (Maret)
<br />- Tahun 2011-2016, Susenas Modul Konsumsi (Maret dan September)
<br />- Angka Provinsi Papua Barat dan Papua sebelum tahun 2024 merupakan angka provinsi sebelum mengalami pemekaran Daerah Otonom Baru (DOB)",Kemiskinan dan Ketimpangan,38 Provinsi,5100,BALI,190,Perdesaan,119,2019,61,Semester 1 (Maret),0.313,51009819011961
bps_webapi,0000,2026-08-19T02:01:19+00:00,2026-08-05 12:26:57,98,Gini Ratio Menurut Provinsi dan Daerah,,3,,"- Sumber  : BPS, Susenas  
<br />- Tahun 2002, Susenas Modul Konsumsi reguler
<br />- Tahun 2005, Susenas Panel (Februari)
<br />- Tahun 2006-2010, Susenas Panel (Maret)
<br />- Tahun 2011-2016, Susenas Modul Konsumsi (Maret dan September)
<br />- Angka Provinsi Papua Barat dan Papua sebelum tahun 2024 merupakan angka provinsi sebelum mengalami pemekaran Daerah Otonom Baru (DOB)",Kemiskinan dan Ketimpangan,38 Provinsi,5100,BALI,190,Perdesaan,119,2019,62,Semester 2 (September),0.306,51009819011962
bps_webapi,0000,2026-08-19T02:01:19+00:00,2026-08-05 12:26:57,98,Gini Ratio Menurut Provinsi dan Daerah,,3,,"- Sumber  : BPS, Susenas  
<br />- Tahun 2002, Susenas Modul Konsumsi reguler
<br />- Tahun 2005, Susenas Panel (Februari)
<br />- Tahun 2006-2010, Susenas Panel (Maret)
<br />- Tahun 2011-2016, Susenas Modul Konsumsi (Maret dan September)
<br />- Angka Provinsi Papua Barat dan Papua sebelum tahun 2024 merupakan angka provinsi sebelum mengalami pemekaran Daerah Otonom Baru (DOB)",Kemiskinan dan Ketimpangan,38 Provinsi,5100,BALI,191,Perkotaan+Perdesaan,119,2019,61,Semester 1 (Maret),0.366,51009819111961
bps_webapi,0000,2026-08-19T02:01:19+00:00,2026-08-05 12:26:57,98,Gini Ratio Menurut Provinsi dan Daerah,,3,,"- Sumber  : BPS, Susenas  
<br />- Tahun 2002, Susenas Modul Konsumsi reguler
<br />- Tahun 2005, Susenas Panel (Februari)
<br />- Tahun 2006-2010, Susenas Panel (Maret)
<br />- Tahun 2011-2016, Susenas Modul Konsumsi (Maret dan September)
<br />- Angka Provinsi Papua Barat dan Papua sebelum tahun 2024 merupakan angka provinsi sebelum mengalami pemekaran Daerah Otonom Baru (DOB)",Kemiskinan dan Ketimpangan,38 Provinsi,5100,BALI,191,Perkotaan+Perdesaan,119,2019,62,Semester 2 (September),0.37,51009819111962
bps_webapi,0000,2026-08-19T02:01:19+00:00,2026-08-05 12:26:57,98,Gini Ratio Menurut Provinsi dan Daerah,,3,,"- Sumber  : BPS, Susenas  
<br />- Tahun 2002, Susenas Modul Konsumsi reguler
<br />- Tahun 2005, Susenas Panel (Februari)
<br />- Tahun 2006-2010, Susenas Panel (Maret)
<br />- Tahun 2011-2016, Susenas Modul Konsumsi (Maret dan September)
<br />- Angka Provinsi Papua Barat dan Papua sebelum tahun 2024 merupakan angka provinsi sebelum mengalami pemekaran Daerah Otonom Baru (DOB)",Kemiskinan dan Ketimpangan,38 Provinsi,5200,NUSA TENGGARA BARAT,189,Perkotaan,119,2019,61,Semester 1 (Maret),0.407,52009818911961
bps_webapi,0000,2026-08-19T02:01:19+00:00,2026-08-05 12:26:57,98,Gini Ratio Menurut Provinsi dan Daerah,,3,,"- Sumber  : BPS, Susenas  
<br />- Tahun 2002, Susenas Modul Konsumsi reguler
<br />- Tahun 2005, Susenas Panel (Februari)
<br />- Tahun 2006-2010, Susenas Panel (Maret)
<br />- Tahun 2011-2016, Susenas Modul Konsumsi (Maret dan September)
<br />- Angka Provinsi Papua Barat dan Papua sebelum tahun 2024 merupakan angka provinsi sebelum mengalami pemekaran Daerah Otonom Baru (DOB)",Kemiskinan dan Ketimpangan,38 Provinsi,5200,NUSA TENGGARA BARAT,189,Perkotaan,119,2019,62,Semester 2 (September),0.401,52009818911962
bps_webapi,0000,2026-08-19T02:01:19+00:00,2026-08-05 12:26:57,98,Gini Ratio Menurut Provinsi dan Daerah,,3,,"- Sumber  : BPS, Susenas  
<br />- Tahun 2002, Susenas Modul Konsumsi reguler
<br />- Tahun 2005, Susenas Panel (Februari)
<br />- Tahun 2006-2010, Susenas Panel (Maret)
<br />- Tahun 2011-2016, Susenas Modul Konsumsi (Maret dan September)
<br />- Angka Provinsi Papua Barat dan Papua sebelum tahun 2024 merupakan angka provinsi sebelum mengalami pemekaran Daerah Otonom Baru (DOB)",Kemiskinan dan Ketimpangan,38 Provinsi,5200,NUSA TENGGARA BARAT,190,Perdesaan,119,2019,61,Semester 1 (Maret),0.34,52009819011961
bps_webapi,0000,2026-08-19T02:01:19+00:00,2026-08-05 12:26:57,98,Gini Ratio Menurut Provinsi dan Daerah,,3,,"- Sumber  : BPS, Susenas  
<br />- Tahun 2002, Susenas Modul Konsumsi reguler
<br />- Tahun 2005, Susenas Panel (Februari)
<br />- Tahun 2006-2010, Susenas Panel (Maret)
<br />- Tahun 2011-2016, Susenas Modul Konsumsi (Maret dan September)
<br />- Angka Provinsi Papua Barat dan Papua sebelum tahun 2024 merupakan angka provinsi sebelum mengalami pemekaran Daerah Otonom Baru (DOB)",Kemiskinan dan Ketimpangan,38 Provinsi,5200,NUSA TENGGARA BARAT,190,Perdesaan,119,2019,62,Semester 2 (September),0.333,52009819011962
bps_webapi,0000,2026-08-19T02:01:19+00:00,2026-08-05 12:26:57,98,Gini Ratio Menurut Provinsi dan Daerah,,3,,"- Sumber  : BPS, Susenas  
<br />- Tahun 2002, Susenas Modul Konsumsi reguler
<br />- Tahun 2005, Susenas Panel (Februari)
<br />- Tahun 2006-2010, Susenas Panel (Maret)
<br />- Tahun 2011-2016, Susenas Modul Konsumsi (Maret dan September)
<br />- Angka Provinsi Papua Barat dan Papua sebelum tahun 2024 merupakan angka provinsi sebelum mengalami pemekaran Daerah Otonom Baru (DOB)",Kemiskinan dan Ketimpangan,38 Provinsi,5200,NUSA TENGGARA BARAT,191,Perkotaan+Perdesaan,119,2019,61,Semester 1 (Maret),0.379,52009819111961
bps_webapi,0000,2026-08-19T02:01:19+00:00,2026-08-05 12:26:57,98,Gini Ratio Menurut Provinsi dan Daerah,,3,,"- Sumber  : BPS, Susenas  
<br />- Tahun 2002, Susenas Modul Konsumsi reguler
<br />- Tahun 2005, Susenas Panel (Februari)
<br />- Tahun 2006-2010, Susenas Panel (Maret)
<br />- Tahun 2011-2016, Susenas Modul Konsumsi (Maret dan September)
<br />- Angka Provinsi Papua Barat dan Papua sebelum tahun 2024 merupakan angka provinsi sebelum mengalami pemekaran Daerah Otonom Baru (DOB)",Kemiskinan dan Ketimpangan,38 Provinsi,5200,NUSA TENGGARA BARAT,191,Perkotaan+Perdesaan,119,2019,62,Semester 2 (September),0.374,52009819111962
bps_webapi,0000,2026-08-19T02:01:19+00:00,2026-08-05 12:26:57,98,Gini Ratio Menurut Provinsi dan Daerah,,3,,"- Sumber  : BPS, Susenas  
<br />- Tahun 2002, Susenas Modul Konsumsi reguler
<br />- Tahun 2005, Susenas Panel (Februari)
<br />- Tahun 2006-2010, Susenas Panel (Maret)
<br />- Tahun 2011-2016, Susenas Modul Konsumsi (Maret dan September)
<br />- Angka Provinsi Papua Barat dan Papua sebelum tahun 2024 merupakan angka provinsi sebelum mengalami pemekaran Daerah Otonom Baru (DOB)",Kemiskinan dan Ketimpangan,38 Provinsi,5300,NUSA TENGGARA TIMUR,189,Perkotaan,119,2019,61,Semester 1 (Maret),0.343,53009818911961
bps_webapi,0000,2026-08-19T02:01:19+00:00,2026-08-05 12:26:57,98,Gini Ratio Menurut Provinsi dan Daerah,,3,,"- Sumber  : BPS, Susenas  
<br />- Tahun 2002, Susenas Modul Konsumsi reguler
<br />- Tahun 2005, Susenas Panel (Februari)
<br />- Tahun 2006-2010, Susenas Panel (Maret)
<br />- Tahun 2011-2016, Susenas Modul Konsumsi (Maret dan September)
<br />- Angka Provinsi Papua Barat dan Papua sebelum tahun 2024 merupakan angka provinsi sebelum mengalami pemekaran Daerah Otonom Baru (DOB)",Kemiskinan dan Ketimpangan,38 Provinsi,5300,NUSA TENGGARA TIMUR,189,Perkotaan,119,2019,62,Semester 2 (September),0.338,53009818911962
bps_webapi,0000,2026-08-19T02:01:19+00:00,2026-08-05 12:26:57,98,Gini Ratio Menurut Provinsi dan Daerah,,3,,"- Sumber  : BPS, Susenas  
<br />- Tahun 2002, Susenas Modul Konsumsi reguler
<br />- Tahun 2005, Susenas Panel (Februari)
<br />- Tahun 2006-2010, Susenas Panel (Maret)
<br />- Tahun 2011-2016, Susenas Modul Konsumsi (Maret dan September)
<br />- Angka Provinsi Papua Barat dan Papua sebelum tahun 2024 merupakan angka provinsi sebelum mengalami pemekaran Daerah Otonom Baru (DOB)",Kemiskinan dan Ketimpangan,38 Provinsi,5300,NUSA TENGGARA TIMUR,190,Perdesaan,119,2019,61,Semester 1 (Maret),0.316,53009819011961
bps_webapi,0000,2026-08-19T02:01:19+00:00,2026-08-05 12:26:57,98,Gini Ratio Menurut Provinsi dan Daerah,,3,,"- Sumber  : BPS, Susenas  
<br />- Tahun 2002, Susenas Modul Konsumsi reguler
<br />- Tahun 2005, Susenas Panel (Februari)
<br />- Tahun 2006-2010, Susenas Panel (Maret)
<br />- Tahun 2011-2016, Susenas Modul Konsumsi (Maret dan September)
<br />- Angka Provinsi Papua Barat dan Papua sebelum tahun 2024 merupakan angka provinsi sebelum mengalami pemekaran Daerah Otonom Baru (DOB)",Kemiskinan dan Ketimpangan,38 Provinsi,5300,NUSA TENGGARA TIMUR,190,Perdesaan,119,2019,62,Semester 2 (September),0.313,53009819011962
bps_webapi,0000,2026-08-19T02:01:19+00:00,2026-08-05 12:26:57,98,Gini Ratio Menurut Provinsi dan Daerah,,3,,"- Sumber  : BPS, Susenas  
<br />- Tahun 2002, Susenas Modul Konsumsi reguler
<br />- Tahun 2005, Susenas Panel (Februari)
<br />- Tahun 2006-2010, Susenas Panel (Maret)
<br />- Tahun 2011-2016, Susenas Modul Konsumsi (Maret dan September)
<br />- Angka Provinsi Papua Barat dan Papua sebelum tahun 2024 merupakan angka provinsi sebelum mengalami pemekaran Daerah Otonom Baru (DOB)",Kemiskinan dan Ketimpangan,38 Provinsi,5300,NUSA TENGGARA TIMUR,191,Perkotaan+Perdesaan,119,2019,61,Semester 1 (Maret),0.356,53009819111961
bps_webapi,0000,2026-08-19T02:01:19+00:00,2026-08-05 12:26:57,98,Gini Ratio Menurut Provinsi dan Daerah,,3,,"- Sumber  : BPS, Susenas  
<br />- Tahun 2002, Susenas Modul Konsumsi reguler
<br />- Tahun 2005, Susenas Panel (Februari)
<br />- Tahun 2006-2010, Susenas Panel (Maret)
<br />- Tahun 2011-2016, Susenas Modul Konsumsi (Maret dan September)
<br />- Angka Provinsi Papua Barat dan Papua sebelum tahun 2024 merupakan angka provinsi sebelum mengalami pemekaran Daerah Otonom Baru (DOB)",Kemiskinan dan Ketimpangan,38 Provinsi,5300,NUSA TENGGARA TIMUR,191,Perkotaan+Perdesaan,119,2019,62,Semester 2 (September),0.355,53009819111962
bps_webapi,0000,2026-08-19T02:01:19+00:00,2026-08-05 12:26:57,98,Gini Ratio Menurut Provinsi dan Daerah,,3,,"- Sumber  : BPS, Susenas  
<br />- Tahun 2002, Susenas Modul Konsumsi reguler
<br />- Tahun 2005, Susenas Panel (Februari)
<br />- Tahun 2006-2010, Susenas Panel (Maret)
<br />- Tahun 2011-2016, Susenas Modul Konsumsi (Maret dan September)
<br />- Angka Provinsi Papua Barat dan Papua sebelum tahun 2024 merupakan angka provinsi sebelum mengalami pemekaran Daerah Otonom Baru (DOB)",Kemiskinan dan Ketimpangan,38 Provinsi,6100,KALIMANTAN BARAT,189,Perkotaan,119,2019,61,Semester 1 (Maret),0.341,61009818911961
bps_webapi,0000,2026-08-19T02:01:19+00:00,2026-08-05 12:26:57,98,Gini Ratio Menurut Provinsi dan Daerah,,3,,"- Sumber  : BPS, Susenas  
<br />- Tahun 2002, Susenas Modul Konsumsi reguler
<br />- Tahun 2005, Susenas Panel (Februari)
<br />- Tahun 2006-2010, Susenas Panel (Maret)
<br />- Tahun 2011-2016, Susenas Modul Konsumsi (Maret dan September)
<br />- Angka Provinsi Papua Barat dan Papua sebelum tahun 2024 merupakan angka provinsi sebelum mengalami pemekaran Daerah Otonom Baru (DOB)",Kemiskinan dan Ketimpangan,38 Provinsi,6100,KALIMANTAN BARAT,189,Perkotaan,119,2019,62,Semester 2 (September),0.344,61009818911962
bps_webapi,0000,2026-08-19T02:01:19+00:00,2026-08-05 12:26:57,98,Gini Ratio Menurut Provinsi dan Daerah,,3,,"- Sumber  : BPS, Susenas  
<br />- Tahun 2002, Susenas Modul Konsumsi reguler
<br />- Tahun 2005, Susenas Panel (Februari)
<br />- Tahun 2006-2010, Susenas Panel (Maret)
<br />- Tahun 2011-2016, Susenas Modul Konsumsi (Maret dan September)
<br />- Angka Provinsi Papua Barat dan Papua sebelum tahun 2024 merupakan angka provinsi sebelum mengalami pemekaran Daerah Otonom Baru (DOB)",Kemiskinan dan Ketimpangan,38 Provinsi,6100,KALIMANTAN BARAT,190,Perdesaan,119,2019,61,Semester 1 (Maret),0.281,61009819011961
bps_webapi,0000,2026-08-19T02:01:19+00:00,2026-08-05 12:26:57,98,Gini Ratio Menurut Provinsi dan Daerah,,3,,"- Sumber  : BPS, Susenas  
<br />- Tahun 2002, Susenas Modul Konsumsi reguler
<br />- Tahun 2005, Susenas Panel (Februari)
<br />- Tahun 2006-2010, Susenas Panel (Maret)
<br />- Tahun 2011-2016, Susenas Modul Konsumsi (Maret dan September)
<br />- Angka Provinsi Papua Barat dan Papua sebelum tahun 2024 merupakan angka provinsi sebelum mengalami pemekaran Daerah Otonom Baru (DOB)",Kemiskinan dan Ketimpangan,38 Provinsi,6100,KALIMANTAN BARAT,190,Perdesaan,119,2019,62,Semester 2 (September),0.279,61009819011962
bps_webapi,0000,2026-08-19T02:01:19+00:00,2026-08-05 12:26:57,98,Gini Ratio Menurut Provinsi dan Daerah,,3,,"- Sumber  : BPS, Susenas  
<br />- Tahun 2002, Susenas Modul Konsumsi reguler
<br />- Tahun 2005, Susenas Panel (Februari)
<br />- Tahun 2006-2010, Susenas Panel (Maret)
<br />- Tahun 2011-2016, Susenas Modul Konsumsi (Maret dan September)
<br />- Angka Provinsi Papua Barat dan Papua sebelum tahun 2024 merupakan angka provinsi sebelum mengalami pemekaran Daerah Otonom Baru (DOB)",Kemiskinan dan Ketimpangan,38 Provinsi,6100,KALIMANTAN BARAT,191,Perkotaan+Perdesaan,119,2019,61,Semester 1 (Maret),0.327,61009819111961
bps_webapi,0000,2026-08-19T02:01:19+00:00,2026-08-05 12:26:57,98,Gini Ratio Menurut Provinsi dan Daerah,,3,,"- Sumber  : BPS, Susenas  
<br />- Tahun 2002, Susenas Modul Konsumsi reguler
<br />- Tahun 2005, Susenas Panel (Februari)
<br />- Tahun 2006-2010, Susenas Panel (Maret)
<br />- Tahun 2011-2016, Susenas Modul Konsumsi (Maret dan September)
<br />- Angka Provinsi Papua Barat dan Papua sebelum tahun 2024 merupakan angka provinsi sebelum mengalami pemekaran Daerah Otonom Baru (DOB)",Kemiskinan dan Ketimpangan,38 Provinsi,6100,KALIMANTAN BARAT,191,Perkotaan+Perdesaan,119,2019,62,Semester 2 (September),0.318,61009819111962
bps_webapi,0000,2026-08-19T02:01:19+00:00,2026-08-05 12:26:57,98,Gini Ratio Menurut Provinsi dan Daerah,,3,,"- Sumber  : BPS, Susenas  
<br />- Tahun 2002, Susenas Modul Konsumsi reguler
<br />- Tahun 2005, Susenas Panel (Februari)
<br />- Tahun 2006-2010, Susenas Panel (Maret)
<br />- Tahun 2011-2016, Susenas Modul Konsumsi (Maret dan September)
<br />- Angka Provinsi Papua Barat dan Papua sebelum tahun 2024 merupakan angka provinsi sebelum mengalami pemekaran Daerah Otonom Baru (DOB)",Kemiskinan dan Ketimpangan,38 Provinsi,6200,KALIMANTAN TENGAH,189,Perkotaan,119,2019,61,Semester 1 (Maret),0.372,62009818911961
bps_webapi,0000,2026-08-19T02:01:19+00:00,2026-08-05 12:26:57,98,Gini Ratio Menurut Provinsi dan Daerah,,3,,"- Sumber  : BPS, Susenas  
<br />- Tahun 2002, Susenas Modul Konsumsi reguler
<br />- Tahun 2005, Susenas Panel (Februari)
<br />- Tahun 2006-2010, Susenas Panel (Maret)
<br />- Tahun 2011-2016, Susenas Modul Konsumsi (Maret dan September)
<br />- Angka Provinsi Papua Barat dan Papua sebelum tahun 2024 merupakan angka provinsi sebelum mengalami pemekaran Daerah Otonom Baru (DOB)",Kemiskinan dan Ketimpangan,38 Provinsi,6200,KALIMANTAN TENGAH,189,Perkotaan,119,2019,62,Semester 2 (September),0.367,62009818911962
bps_webapi,0000,2026-08-19T02:01:19+00:00,2026-08-05 12:26:57,98,Gini Ratio Menurut Provinsi dan Daerah,,3,,"- Sumber  : BPS, Susenas  
<br />- Tahun 2002, Susenas Modul Konsumsi reguler
<br />- Tahun 2005, Susenas Panel (Februari)
<br />- Tahun 2006-2010, Susenas Panel (Maret)
<br />- Tahun 2011-2016, Susenas Modul Konsumsi (Maret dan September)
<br />- Angka Provinsi Papua Barat dan Papua sebelum tahun 2024 merupakan angka provinsi sebelum mengalami pemekaran Daerah Otonom Baru (DOB)",Kemiskinan dan Ketimpangan,38 Provinsi,6200,KALIMANTAN TENGAH,190,Perdesaan,119,2019,61,Semester 1 (Maret),0.297,62009819011961
bps_webapi,0000,2026-08-19T02:01:19+00:00,2026-08-05 12:26:57,98,Gini Ratio Menurut Provinsi dan Daerah,,3,,"- Sumber  : BPS, Susenas  
<br />- Tahun 2002, Susenas Modul Konsumsi reguler
<br />- Tahun 2005, Susenas Panel (Februari)
<br />- Tahun 2006-2010, Susenas Panel (Maret)
<br />- Tahun 2011-2016, Susenas Modul Konsumsi (Maret dan September)
<br />- Angka Provinsi Papua Barat dan Papua sebelum tahun 2024 merupakan angka provinsi sebelum mengalami pemekaran Daerah Otonom Baru (DOB)",Kemiskinan dan Ketimpangan,38 Provinsi,6200,KALIMANTAN TENGAH,190,Perdesaan,119,2019,62,Semester 2 (September),0.293,62009819011962
bps_webapi,0000,2026-08-19T02:01:19+00:00,2026-08-05 12:26:57,98,Gini Ratio Menurut Provinsi dan Daerah,,3,,"- Sumber  : BPS, Susenas  
<br />- Tahun 2002, Susenas Modul Konsumsi reguler
<br />- Tahun 2005, Susenas Panel (Februari)
<br />- Tahun 2006-2010, Susenas Panel (Maret)
<br />- Tahun 2011-2016, Susenas Modul Konsumsi (Maret dan September)
<br />- Angka Provinsi Papua Barat dan Papua sebelum tahun 2024 merupakan angka provinsi sebelum mengalami pemekaran Daerah Otonom Baru (DOB)",Kemiskinan dan Ketimpangan,38 Provinsi,6200,KALIMANTAN TENGAH,191,Perkotaan+Perdesaan,119,2019,61,Semester 1 (Maret),0.336,62009819111961
bps_webapi,0000,2026-08-19T02:01:19+00:00,2026-08-05 12:26:57,98,Gini Ratio Menurut Provinsi dan Daerah,,3,,"- Sumber  : BPS, Susenas  
<br />- Tahun 2002, Susenas Modul Konsumsi reguler
<br />- Tahun 2005, Susenas Panel (Februari)
<br />- Tahun 2006-2010, Susenas Panel (Maret)
<br />- Tahun 2011-2016, Susenas Modul Konsumsi (Maret dan September)
<br />- Angka Provinsi Papua Barat dan Papua sebelum tahun 2024 merupakan angka provinsi sebelum mengalami pemekaran Daerah Otonom Baru (DOB)",Kemiskinan dan Ketimpangan,38 Provinsi,6200,KALIMANTAN TENGAH,191,Perkotaan+Perdesaan,119,2019,62,Semester 2 (September),0.335,62009819111962
bps_webapi,0000,2026-08-19T02:01:19+00:00,2026-08-05 12:26:57,98,Gini Ratio Menurut Provinsi dan Daerah,,3,,"- Sumber  : BPS, Susenas  
<br />- Tahun 2002, Susenas Modul Konsumsi reguler
<br />- Tahun 2005, Susenas Panel (Februari)
<br />- Tahun 2006-2010, Susenas Panel (Maret)
<br />- Tahun 2011-2016, Susenas Modul Konsumsi (Maret dan September)
<br />- Angka Provinsi Papua Barat dan Papua sebelum tahun 2024 merupakan angka provinsi sebelum mengalami pemekaran Daerah Otonom Baru (DOB)",Kemiskinan dan Ketimpangan,38 Provinsi,6300,KALIMANTAN SELATAN,189,Perkotaan,119,2019,61,Semester 1 (Maret),0.353,63009818911961
bps_webapi,0000,2026-08-19T02:01:19+00:00,2026-08-05 12:26:57,98,Gini Ratio Menurut Provinsi dan Daerah,,3,,"- Sumber  : BPS, Susenas  
<br />- Tahun 2002, Susenas Modul Konsumsi reguler
<br />- Tahun 2005, Susenas Panel (Februari)
<br />- Tahun 2006-2010, Susenas Panel (Maret)
<br />- Tahun 2011-2016, Susenas Modul Konsumsi (Maret dan September)
<br />- Angka Provinsi Papua Barat dan Papua sebelum tahun 2024 merupakan angka provinsi sebelum mengalami pemekaran Daerah Otonom Baru (DOB)",Kemiskinan dan Ketimpangan,38 Provinsi,6300,KALIMANTAN SELATAN,189,Perkotaan,119,2019,62,Semester 2 (September),0.358,63009818911962
bps_webapi,0000,2026-08-19T02:01:19+00:00,2026-08-05 12:26:57,98,Gini Ratio Menurut Provinsi dan Daerah,,3,,"- Sumber  : BPS, Susenas  
<br />- Tahun 2002, Susenas Modul Konsumsi reguler
<br />- Tahun 2005, Susenas Panel (Februari)
<br />- Tahun 2006-2010, Susenas Panel (Maret)
<br />- Tahun 2011-2016, Susenas Modul Konsumsi (Maret dan September)
<br />- Angka Provinsi Papua Barat dan Papua sebelum tahun 2024 merupakan angka provinsi sebelum mengalami pemekaran Daerah Otonom Baru (DOB)",Kemiskinan dan Ketimpangan,38 Provinsi,6300,KALIMANTAN SELATAN,190,Perdesaan,119,2019,61,Semester 1 (Maret),0.282,63009819011961
bps_webapi,0000,2026-08-19T02:01:19+00:00,2026-08-05 12:26:57,98,Gini Ratio Menurut Provinsi dan Daerah,,3,,"- Sumber  : BPS, Susenas  
<br />- Tahun 2002, Susenas Modul Konsumsi reguler
<br />- Tahun 2005, Susenas Panel (Februari)
<br />- Tahun 2006-2010, Susenas Panel (Maret)
<br />- Tahun 2011-2016, Susenas Modul Konsumsi (Maret dan September)
<br />- Angka Provinsi Papua Barat dan Papua sebelum tahun 2024 merupakan angka provinsi sebelum mengalami pemekaran Daerah Otonom Baru (DOB)",Kemiskinan dan Ketimpangan,38 Provinsi,6300,KALIMANTAN SELATAN,190,Perdesaan,119,2019,62,Semester 2 (September),0.279,63009819011962
bps_webapi,0000,2026-08-19T02:01:19+00:00,2026-08-05 12:26:57,98,Gini Ratio Menurut Provinsi dan Daerah,,3,,"- Sumber  : BPS, Susenas  
<br />- Tahun 2002, Susenas Modul Konsumsi reguler
<br />- Tahun 2005, Susenas Panel (Februari)
<br />- Tahun 2006-2010, Susenas Panel (Maret)
<br />- Tahun 2011-2016, Susenas Modul Konsumsi (Maret dan September)
<br />- Angka Provinsi Papua Barat dan Papua sebelum tahun 2024 merupakan angka provinsi sebelum mengalami pemekaran Daerah Otonom Baru (DOB)",Kemiskinan dan Ketimpangan,38 Provinsi,6300,KALIMANTAN SELATAN,191,Perkotaan+Perdesaan,119,2019,61,Semester 1 (Maret),0.334,63009819111961
bps_webapi,0000,2026-08-19T02:01:19+00:00,2026-08-05 12:26:57,98,Gini Ratio Menurut Provinsi dan Daerah,,3,,"- Sumber  : BPS, Susenas  
<br />- Tahun 2002, Susenas Modul Konsumsi reguler
<br />- Tahun 2005, Susenas Panel (Februari)
<br />- Tahun 2006-2010, Susenas Panel (Maret)
<br />- Tahun 2011-2016, Susenas Modul Konsumsi (Maret dan September)
<br />- Angka Provinsi Papua Barat dan Papua sebelum tahun 2024 merupakan angka provinsi sebelum mengalami pemekaran Daerah Otonom Baru (DOB)",Kemiskinan dan Ketimpangan,38 Provinsi,6300,KALIMANTAN SELATAN,191,Perkotaan+Perdesaan,119,2019,62,Semester 2 (September),0.334,63009819111962
bps_webapi,0000,2026-08-19T02:01:19+00:00,2026-08-05 12:26:57,98,Gini Ratio Menurut Provinsi dan Daerah,,3,,"- Sumber  : BPS, Susenas  
<br />- Tahun 2002, Susenas Modul Konsumsi reguler
<br />- Tahun 2005, Susenas Panel (Februari)
<br />- Tahun 2006-2010, Susenas Panel (Maret)
<br />- Tahun 2011-2016, Susenas Modul Konsumsi (Maret dan September)
<br />- Angka Provinsi Papua Barat dan Papua sebelum tahun 2024 merupakan angka provinsi sebelum mengalami pemekaran Daerah Otonom Baru (DOB)",Kemiskinan dan Ketimpangan,38 Provinsi,6400,KALIMANTAN TIMUR,189,Perkotaan,119,2019,61,Semester 1 (Maret),0.338,64009818911961
bps_webapi,0000,2026-08-19T02:01:19+00:00,2026-08-05 12:26:57,98,Gini Ratio Menurut Provinsi dan Daerah,,3,,"- Sumber  : BPS, Susenas  
<br />- Tahun 2002, Susenas Modul Konsumsi reguler
<br />- Tahun 2005, Susenas Panel (Februari)
<br />- Tahun 2006-2010, Susenas Panel (Maret)
<br />- Tahun 2011-2016, Susenas Modul Konsumsi (Maret dan September)
<br />- Angka Provinsi Papua Barat dan Papua sebelum tahun 2024 merupakan angka provinsi sebelum mengalami pemekaran Daerah Otonom Baru (DOB)",Kemiskinan dan Ketimpangan,38 Provinsi,6400,KALIMANTAN TIMUR,189,Perkotaan,119,2019,62,Semester 2 (September),0.333,64009818911962
bps_webapi,0000,2026-08-19T02:01:19+00:00,2026-08-05 12:26:57,98,Gini Ratio Menurut Provinsi dan Daerah,,3,,"- Sumber  : BPS, Susenas  
<br />- Tahun 2002, Susenas Modul Konsumsi reguler
<br />- Tahun 2005, Susenas Panel (Februari)
<br />- Tahun 2006-2010, Susenas Panel (Maret)
<br />- Tahun 2011-2016, Susenas Modul Konsumsi (Maret dan September)
<br />- Angka Provinsi Papua Barat dan Papua sebelum tahun 2024 merupakan angka provinsi sebelum mengalami pemekaran Daerah Otonom Baru (DOB)",Kemiskinan dan Ketimpangan,38 Provinsi,6400,KALIMANTAN TIMUR,190,Perdesaan,119,2019,61,Semester 1 (Maret),0.283,64009819011961
bps_webapi,0000,2026-08-19T02:01:19+00:00,2026-08-05 12:26:57,98,Gini Ratio Menurut Provinsi dan Daerah,,3,,"- Sumber  : BPS, Susenas  
<br />- Tahun 2002, Susenas Modul Konsumsi reguler
<br />- Tahun 2005, Susenas Panel (Februari)
<br />- Tahun 2006-2010, Susenas Panel (Maret)
<br />- Tahun 2011-2016, Susenas Modul Konsumsi (Maret dan September)
<br />- Angka Provinsi Papua Barat dan Papua sebelum tahun 2024 merupakan angka provinsi sebelum mengalami pemekaran Daerah Otonom Baru (DOB)",Kemiskinan dan Ketimpangan,38 Provinsi,6400,KALIMANTAN TIMUR,190,Perdesaan,119,2019,62,Semester 2 (September),0.289,64009819011962
bps_webapi,0000,2026-08-19T02:01:19+00:00,2026-08-05 12:26:57,98,Gini Ratio Menurut Provinsi dan Daerah,,3,,"- Sumber  : BPS, Susenas  
<br />- Tahun 2002, Susenas Modul Konsumsi reguler
<br />- Tahun 2005, Susenas Panel (Februari)
<br />- Tahun 2006-2010, Susenas Panel (Maret)
<br />- Tahun 2011-2016, Susenas Modul Konsumsi (Maret dan September)
<br />- Angka Provinsi Papua Barat dan Papua sebelum tahun 2024 merupakan angka provinsi sebelum mengalami pemekaran Daerah Otonom Baru (DOB)",Kemiskinan dan Ketimpangan,38 Provinsi,6400,KALIMANTAN TIMUR,191,Perkotaan+Perdesaan,119,2019,61,Semester 1 (Maret),0.33,64009819111961
bps_webapi,0000,2026-08-19T02:01:19+00:00,2026-08-05 12:26:57,98,Gini Ratio Menurut Provinsi dan Daerah,,3,,"- Sumber  : BPS, Susenas  
<br />- Tahun 2002, Susenas Modul Konsumsi reguler
<br />- Tahun 2005, Susenas Panel (Februari)
<br />- Tahun 2006-2010, Susenas Panel (Maret)
<br />- Tahun 2011-2016, Susenas Modul Konsumsi (Maret dan September)
<br />- Angka Provinsi Papua Barat dan Papua sebelum tahun 2024 merupakan angka provinsi sebelum mengalami pemekaran Daerah Otonom Baru (DOB)",Kemiskinan dan Ketimpangan,38 Provinsi,6400,KALIMANTAN TIMUR,191,Perkotaan+Perdesaan,119,2019,62,Semester 2 (September),0.335,64009819111962
bps_webapi,0000,2026-08-19T02:01:19+00:00,2026-08-05 12:26:57,98,Gini Ratio Menurut Provinsi dan Daerah,,3,,"- Sumber  : BPS, Susenas  
<br />- Tahun 2002, Susenas Modul Konsumsi reguler
<br />- Tahun 2005, Susenas Panel (Februari)
<br />- Tahun 2006-2010, Susenas Panel (Maret)
<br />- Tahun 2011-2016, Susenas Modul Konsumsi (Maret dan September)
<br />- Angka Provinsi Papua Barat dan Papua sebelum tahun 2024 merupakan angka provinsi sebelum mengalami pemekaran Daerah Otonom Baru (DOB)",Kemiskinan dan Ketimpangan,38 Provinsi,6500,KALIMANTAN UTARA,189,Perkotaan,119,2019,61,Semester 1 (Maret),0.29,65009818911961
bps_webapi,0000,2026-08-19T02:01:19+00:00,2026-08-05 12:26:57,98,Gini Ratio Menurut Provinsi dan Daerah,,3,,"- Sumber  : BPS, Susenas  
<br />- Tahun 2002, Susenas Modul Konsumsi reguler
<br />- Tahun 2005, Susenas Panel (Februari)
<br />- Tahun 2006-2010, Susenas Panel (Maret)
<br />- Tahun 2011-2016, Susenas Modul Konsumsi (Maret dan September)
<br />- Angka Provinsi Papua Barat dan Papua sebelum tahun 2024 merupakan angka provinsi sebelum mengalami pemekaran Daerah Otonom Baru (DOB)",Kemiskinan dan Ketimpangan,38 Provinsi,6500,KALIMANTAN UTARA,189,Perkotaan,119,2019,62,Semester 2 (September),0.287,65009818911962
bps_webapi,0000,2026-08-19T02:01:19+00:00,2026-08-05 12:26:57,98,Gini Ratio Menurut Provinsi dan Daerah,,3,,"- Sumber  : BPS, Susenas  
<br />- Tahun 2002, Susenas Modul Konsumsi reguler
<br />- Tahun 2005, Susenas Panel (Februari)
<br />- Tahun 2006-2010, Susenas Panel (Maret)
<br />- Tahun 2011-2016, Susenas Modul Konsumsi (Maret dan September)
<br />- Angka Provinsi Papua Barat dan Papua sebelum tahun 2024 merupakan angka provinsi sebelum mengalami pemekaran Daerah Otonom Baru (DOB)",Kemiskinan dan Ketimpangan,38 Provinsi,6500,KALIMANTAN UTARA,190,Perdesaan,119,2019,61,Semester 1 (Maret),0.285,65009819011961
bps_webapi,0000,2026-08-19T02:01:19+00:00,2026-08-05 12:26:57,98,Gini Ratio Menurut Provinsi dan Daerah,,3,,"- Sumber  : BPS, Susenas  
<br />- Tahun 2002, Susenas Modul Konsumsi reguler
<br />- Tahun 2005, Susenas Panel (Februari)
<br />- Tahun 2006-2010, Susenas Panel (Maret)
<br />- Tahun 2011-2016, Susenas Modul Konsumsi (Maret dan September)
<br />- Angka Provinsi Papua Barat dan Papua sebelum tahun 2024 merupakan angka provinsi sebelum mengalami pemekaran Daerah Otonom Baru (DOB)",Kemiskinan dan Ketimpangan,38 Provinsi,6500,KALIMANTAN UTARA,190,Perdesaan,119,2019,62,Semester 2 (September),0.284,65009819011962
bps_webapi,0000,2026-08-19T02:01:19+00:00,2026-08-05 12:26:57,98,Gini Ratio Menurut Provinsi dan Daerah,,3,,"- Sumber  : BPS, Susenas  
<br />- Tahun 2002, Susenas Modul Konsumsi reguler
<br />- Tahun 2005, Susenas Panel (Februari)
<br />- Tahun 2006-2010, Susenas Panel (Maret)
<br />- Tahun 2011-2016, Susenas Modul Konsumsi (Maret dan September)
<br />- Angka Provinsi Papua Barat dan Papua sebelum tahun 2024 merupakan angka provinsi sebelum mengalami pemekaran Daerah Otonom Baru (DOB)",Kemiskinan dan Ketimpangan,38 Provinsi,6500,KALIMANTAN UTARA,191,Perkotaan+Perdesaan,119,2019,61,Semester 1 (Maret),0.295,65009819111961
bps_webapi,0000,2026-08-19T02:01:19+00:00,2026-08-05 12:26:57,98,Gini Ratio Menurut Provinsi dan Daerah,,3,,"- Sumber  : BPS, Susenas  
<br />- Tahun 2002, Susenas Modul Konsumsi reguler
<br />- Tahun 2005, Susenas Panel (Februari)
<br />- Tahun 2006-2010, Susenas Panel (Maret)
<br />- Tahun 2011-2016, Susenas Modul Konsumsi (Maret dan September)
<br />- Angka Provinsi Papua Barat dan Papua sebelum tahun 2024 merupakan angka provinsi sebelum mengalami pemekaran Daerah Otonom Baru (DOB)",Kemiskinan dan Ketimpangan,38 Provinsi,6500,KALIMANTAN UTARA,191,Perkotaan+Perdesaan,119,2019,62,Semester 2 (September),0.292,65009819111962
bps_webapi,0000,2026-08-19T02:01:19+00:00,2026-08-05 12:26:57,98,Gini Ratio Menurut Provinsi dan Daerah,,3,,"- Sumber  : BPS, Susenas  
<br />- Tahun 2002, Susenas Modul Konsumsi reguler
<br />- Tahun 2005, Susenas Panel (Februari)
<br />- Tahun 2006-2010, Susenas Panel (Maret)
<br />- Tahun 2011-2016, Susenas Modul Konsumsi (Maret dan September)
<br />- Angka Provinsi Papua Barat dan Papua sebelum tahun 2024 merupakan angka provinsi sebelum mengalami pemekaran Daerah Otonom Baru (DOB)",Kemiskinan dan Ketimpangan,38 Provinsi,7100,SULAWESI UTARA,189,Perkotaan,119,2019,61,Semester 1 (Maret),0.369,71009818911961
bps_webapi,0000,2026-08-19T02:01:19+00:00,2026-08-05 12:26:57,98,Gini Ratio Menurut Provinsi dan Daerah,,3,,"- Sumber  : BPS, Susenas  
<br />- Tahun 2002, Susenas Modul Konsumsi reguler
<br />- Tahun 2005, Susenas Panel (Februari)
<br />- Tahun 2006-2010, Susenas Panel (Maret)
<br />- Tahun 2011-2016, Susenas Modul Konsumsi (Maret dan September)
<br />- Angka Provinsi Papua Barat dan Papua sebelum tahun 2024 merupakan angka provinsi sebelum mengalami pemekaran Daerah Otonom Baru (DOB)",Kemiskinan dan Ketimpangan,38 Provinsi,7100,SULAWESI UTARA,189,Perkotaan,119,2019,62,Semester 2 (September),0.375,71009818911962
bps_webapi,0000,2026-08-19T02:01:19+00:00,2026-08-05 12:26:57,98,Gini Ratio Menurut Provinsi dan Daerah,,3,,"- Sumber  : BPS, Susenas  
<br />- Tahun 2002, Susenas Modul Konsumsi reguler
<br />- Tahun 2005, Susenas Panel (Februari)
<br />- Tahun 2006-2010, Susenas Panel (Maret)
<br />- Tahun 2011-2016, Susenas Modul Konsumsi (Maret dan September)
<br />- Angka Provinsi Papua Barat dan Papua sebelum tahun 2024 merupakan angka provinsi sebelum mengalami pemekaran Daerah Otonom Baru (DOB)",Kemiskinan dan Ketimpangan,38 Provinsi,7100,SULAWESI UTARA,190,Perdesaan,119,2019,61,Semester 1 (Maret),0.346,71009819011961
bps_webapi,0000,2026-08-19T02:01:19+00:00,2026-08-05 12:26:57,98,Gini Ratio Menurut Provinsi dan Daerah,,3,,"- Sumber  : BPS, Susenas  
<br />- Tahun 2002, Susenas Modul Konsumsi reguler
<br />- Tahun 2005, Susenas Panel (Februari)
<br />- Tahun 2006-2010, Susenas Panel (Maret)
<br />- Tahun 2011-2016, Susenas Modul Konsumsi (Maret dan September)
<br />- Angka Provinsi Papua Barat dan Papua sebelum tahun 2024 merupakan angka provinsi sebelum mengalami pemekaran Daerah Otonom Baru (DOB)",Kemiskinan dan Ketimpangan,38 Provinsi,7100,SULAWESI UTARA,190,Perdesaan,119,2019,62,Semester 2 (September),0.346,71009819011962
bps_webapi,0000,2026-08-19T02:01:19+00:00,2026-08-05 12:26:57,98,Gini Ratio Menurut Provinsi dan Daerah,,3,,"- Sumber  : BPS, Susenas  
<br />- Tahun 2002, Susenas Modul Konsumsi reguler
<br />- Tahun 2005, Susenas Panel (Februari)
<br />- Tahun 2006-2010, Susenas Panel (Maret)
<br />- Tahun 2011-2016, Susenas Modul Konsumsi (Maret dan September)
<br />- Angka Provinsi Papua Barat dan Papua sebelum tahun 2024 merupakan angka provinsi sebelum mengalami pemekaran Daerah Otonom Baru (DOB)",Kemiskinan dan Ketimpangan,38 Provinsi,7100,SULAWESI UTARA,191,Perkotaan+Perdesaan,119,2019,61,Semester 1 (Maret),0.367,71009819111961
bps_webapi,0000,2026-08-19T02:01:19+00:00,2026-08-05 12:26:57,98,Gini Ratio Menurut Provinsi dan Daerah,,3,,"- Sumber  : BPS, Susenas  
<br />- Tahun 2002, Susenas Modul Konsumsi reguler
<br />- Tahun 2005, Susenas Panel (Februari)
<br />- Tahun 2006-2010, Susenas Panel (Maret)
<br />- Tahun 2011-2016, Susenas Modul Konsumsi (Maret dan September)
<br />- Angka Provinsi Papua Barat dan Papua sebelum tahun 2024 merupakan angka provinsi sebelum mengalami pemekaran Daerah Otonom Baru (DOB)",Kemiskinan dan Ketimpangan,38 Provinsi,7100,SULAWESI UTARA,191,Perkotaan+Perdesaan,119,2019,62,Semester 2 (September),0.376,71009819111962
bps_webapi,0000,2026-08-19T02:01:19+00:00,2026-08-05 12:26:57,98,Gini Ratio Menurut Provinsi dan Daerah,,3,,"- Sumber  : BPS, Susenas  
<br />- Tahun 2002, Susenas Modul Konsumsi reguler
<br />- Tahun 2005, Susenas Panel (Februari)
<br />- Tahun 2006-2010, Susenas Panel (Maret)
<br />- Tahun 2011-2016, Susenas Modul Konsumsi (Maret dan September)
<br />- Angka Provinsi Papua Barat dan Papua sebelum tahun 2024 merupakan angka provinsi sebelum mengalami pemekaran Daerah Otonom Baru (DOB)",Kemiskinan dan Ketimpangan,38 Provinsi,7200,SULAWESI TENGAH,189,Perkotaan,119,2019,61,Semester 1 (Maret),0.335,72009818911961
bps_webapi,0000,2026-08-19T02:01:19+00:00,2026-08-05 12:26:57,98,Gini Ratio Menurut Provinsi dan Daerah,,3,,"- Sumber  : BPS, Susenas  
<br />- Tahun 2002, Susenas Modul Konsumsi reguler
<br />- Tahun 2005, Susenas Panel (Februari)
<br />- Tahun 2006-2010, Susenas Panel (Maret)
<br />- Tahun 2011-2016, Susenas Modul Konsumsi (Maret dan September)
<br />- Angka Provinsi Papua Barat dan Papua sebelum tahun 2024 merupakan angka provinsi sebelum mengalami pemekaran Daerah Otonom Baru (DOB)",Kemiskinan dan Ketimpangan,38 Provinsi,7200,SULAWESI TENGAH,189,Perkotaan,119,2019,62,Semester 2 (September),0.339,72009818911962
bps_webapi,0000,2026-08-19T02:01:19+00:00,2026-08-05 12:26:57,98,Gini Ratio Menurut Provinsi dan Daerah,,3,,"- Sumber  : BPS, Susenas  
<br />- Tahun 2002, Susenas Modul Konsumsi reguler
<br />- Tahun 2005, Susenas Panel (Februari)
<br />- Tahun 2006-2010, Susenas Panel (Maret)
<br />- Tahun 2011-2016, Susenas Modul Konsumsi (Maret dan September)
<br />- Angka Provinsi Papua Barat dan Papua sebelum tahun 2024 merupakan angka provinsi sebelum mengalami pemekaran Daerah Otonom Baru (DOB)",Kemiskinan dan Ketimpangan,38 Provinsi,7200,SULAWESI TENGAH,190,Perdesaan,119,2019,61,Semester 1 (Maret),0.287,72009819011961
bps_webapi,0000,2026-08-19T02:01:19+00:00,2026-08-05 12:26:57,98,Gini Ratio Menurut Provinsi dan Daerah,,3,,"- Sumber  : BPS, Susenas  
<br />- Tahun 2002, Susenas Modul Konsumsi reguler
<br />- Tahun 2005, Susenas Panel (Februari)
<br />- Tahun 2006-2010, Susenas Panel (Maret)
<br />- Tahun 2011-2016, Susenas Modul Konsumsi (Maret dan September)
<br />- Angka Provinsi Papua Barat dan Papua sebelum tahun 2024 merupakan angka provinsi sebelum mengalami pemekaran Daerah Otonom Baru (DOB)",Kemiskinan dan Ketimpangan,38 Provinsi,7200,SULAWESI TENGAH,190,Perdesaan,119,2019,62,Semester 2 (September),0.292,72009819011962
bps_webapi,0000,2026-08-19T02:01:19+00:00,2026-08-05 12:26:57,98,Gini Ratio Menurut Provinsi dan Daerah,,3,,"- Sumber  : BPS, Susenas  
<br />- Tahun 2002, Susenas Modul Konsumsi reguler
<br />- Tahun 2005, Susenas Panel (Februari)
<br />- Tahun 2006-2010, Susenas Panel (Maret)
<br />- Tahun 2011-2016, Susenas Modul Konsumsi (Maret dan September)
<br />- Angka Provinsi Papua Barat dan Papua sebelum tahun 2024 merupakan angka provinsi sebelum mengalami pemekaran Daerah Otonom Baru (DOB)",Kemiskinan dan Ketimpangan,38 Provinsi,7200,SULAWESI TENGAH,191,Perkotaan+Perdesaan,119,2019,61,Semester 1 (Maret),0.327,72009819111961
bps_webapi,0000,2026-08-19T02:01:19+00:00,2026-08-05 12:26:57,98,Gini Ratio Menurut Provinsi dan Daerah,,3,,"- Sumber  : BPS, Susenas  
<br />- Tahun 2002, Susenas Modul Konsumsi reguler
<br />- Tahun 2005, Susenas Panel (Februari)
<br />- Tahun 2006-2010, Susenas Panel (Maret)
<br />- Tahun 2011-2016, Susenas Modul Konsumsi (Maret dan September)
<br />- Angka Provinsi Papua Barat dan Papua sebelum tahun 2024 merupakan angka provinsi sebelum mengalami pemekaran Daerah Otonom Baru (DOB)",Kemiskinan dan Ketimpangan,38 Provinsi,7200,SULAWESI TENGAH,191,Perkotaan+Perdesaan,119,2019,62,Semester 2 (September),0.33,72009819111962
bps_webapi,0000,2026-08-19T02:01:19+00:00,2026-08-05 12:26:57,98,Gini Ratio Menurut Provinsi dan Daerah,,3,,"- Sumber  : BPS, Susenas  
<br />- Tahun 2002, Susenas Modul Konsumsi reguler
<br />- Tahun 2005, Susenas Panel (Februari)
<br />- Tahun 2006-2010, Susenas Panel (Maret)
<br />- Tahun 2011-2016, Susenas Modul Konsumsi (Maret dan September)
<br />- Angka Provinsi Papua Barat dan Papua sebelum tahun 2024 merupakan angka provinsi sebelum mengalami pemekaran Daerah Otonom Baru (DOB)",Kemiskinan dan Ketimpangan,38 Provinsi,7300,SULAWESI SELATAN,189,Perkotaan,119,2019,61,Semester 1 (Maret),0.394,73009818911961
bps_webapi,0000,2026-08-19T02:01:19+00:00,2026-08-05 12:26:57,98,Gini Ratio Menurut Provinsi dan Daerah,,3,,"- Sumber  : BPS, Susenas  
<br />- Tahun 2002, Susenas Modul Konsumsi reguler
<br />- Tahun 2005, Susenas Panel (Februari)
<br />- Tahun 2006-2010, Susenas Panel (Maret)
<br />- Tahun 2011-2016, Susenas Modul Konsumsi (Maret dan September)
<br />- Angka Provinsi Papua Barat dan Papua sebelum tahun 2024 merupakan angka provinsi sebelum mengalami pemekaran Daerah Otonom Baru (DOB)",Kemiskinan dan Ketimpangan,38 Provinsi,7300,SULAWESI SELATAN,189,Perkotaan,119,2019,62,Semester 2 (September),0.393,73009818911962
bps_webapi,0000,2026-08-19T02:01:19+00:00,2026-08-05 12:26:57,98,Gini Ratio Menurut Provinsi dan Daerah,,3,,"- Sumber  : BPS, Susenas  
<br />- Tahun 2002, Susenas Modul Konsumsi reguler
<br />- Tahun 2005, Susenas Panel (Februari)
<br />- Tahun 2006-2010, Susenas Panel (Maret)
<br />- Tahun 2011-2016, Susenas Modul Konsumsi (Maret dan September)
<br />- Angka Provinsi Papua Barat dan Papua sebelum tahun 2024 merupakan angka provinsi sebelum mengalami pemekaran Daerah Otonom Baru (DOB)",Kemiskinan dan Ketimpangan,38 Provinsi,7300,SULAWESI SELATAN,190,Perdesaan,119,2019,61,Semester 1 (Maret),0.345,73009819011961
bps_webapi,0000,2026-08-19T02:01:19+00:00,2026-08-05 12:26:57,98,Gini Ratio Menurut Provinsi dan Daerah,,3,,"- Sumber  : BPS, Susenas  
<br />- Tahun 2002, Susenas Modul Konsumsi reguler
<br />- Tahun 2005, Susenas Panel (Februari)
<br />- Tahun 2006-2010, Susenas Panel (Maret)
<br />- Tahun 2011-2016, Susenas Modul Konsumsi (Maret dan September)
<br />- Angka Provinsi Papua Barat dan Papua sebelum tahun 2024 merupakan angka provinsi sebelum mengalami pemekaran Daerah Otonom Baru (DOB)",Kemiskinan dan Ketimpangan,38 Provinsi,7300,SULAWESI SELATAN,190,Perdesaan,119,2019,62,Semester 2 (September),0.354,73009819011962
bps_webapi,0000,2026-08-19T02:01:19+00:00,2026-08-05 12:26:57,98,Gini Ratio Menurut Provinsi dan Daerah,,3,,"- Sumber  : BPS, Susenas  
<br />- Tahun 2002, Susenas Modul Konsumsi reguler
<br />- Tahun 2005, Susenas Panel (Februari)
<br />- Tahun 2006-2010, Susenas Panel (Maret)
<br />- Tahun 2011-2016, Susenas Modul Konsumsi (Maret dan September)
<br />- Angka Provinsi Papua Barat dan Papua sebelum tahun 2024 merupakan angka provinsi sebelum mengalami pemekaran Daerah Otonom Baru (DOB)",Kemiskinan dan Ketimpangan,38 Provinsi,7300,SULAWESI SELATAN,191,Perkotaan+Perdesaan,119,2019,61,Semester 1 (Maret),0.389,73009819111961
bps_webapi,0000,2026-08-19T02:01:19+00:00,2026-08-05 12:26:57,98,Gini Ratio Menurut Provinsi dan Daerah,,3,,"- Sumber  : BPS, Susenas  
<br />- Tahun 2002, Susenas Modul Konsumsi reguler
<br />- Tahun 2005, Susenas Panel (Februari)
<br />- Tahun 2006-2010, Susenas Panel (Maret)
<br />- Tahun 2011-2016, Susenas Modul Konsumsi (Maret dan September)
<br />- Angka Provinsi Papua Barat dan Papua sebelum tahun 2024 merupakan angka provinsi sebelum mengalami pemekaran Daerah Otonom Baru (DOB)",Kemiskinan dan Ketimpangan,38 Provinsi,7300,SULAWESI SELATAN,191,Perkotaan+Perdesaan,119,2019,62,Semester 2 (September),0.391,73009819111962
bps_webapi,0000,2026-08-19T02:01:19+00:00,2026-08-05 12:26:57,98,Gini Ratio Menurut Provinsi dan Daerah,,3,,"- Sumber  : BPS, Susenas  
<br />- Tahun 2002, Susenas Modul Konsumsi reguler
<br />- Tahun 2005, Susenas Panel (Februari)
<br />- Tahun 2006-2010, Susenas Panel (Maret)
<br />- Tahun 2011-2016, Susenas Modul Konsumsi (Maret dan September)
<br />- Angka Provinsi Papua Barat dan Papua sebelum tahun 2024 merupakan angka provinsi sebelum mengalami pemekaran Daerah Otonom Baru (DOB)",Kemiskinan dan Ketimpangan,38 Provinsi,7400,SULAWESI TENGGARA,189,Perkotaan,119,2019,61,Semester 1 (Maret),0.406,74009818911961
bps_webapi,0000,2026-08-19T02:01:19+00:00,2026-08-05 12:26:57,98,Gini Ratio Menurut Provinsi dan Daerah,,3,,"- Sumber  : BPS, Susenas  
<br />- Tahun 2002, Susenas Modul Konsumsi reguler
<br />- Tahun 2005, Susenas Panel (Februari)
<br />- Tahun 2006-2010, Susenas Panel (Maret)
<br />- Tahun 2011-2016, Susenas Modul Konsumsi (Maret dan September)
<br />- Angka Provinsi Papua Barat dan Papua sebelum tahun 2024 merupakan angka provinsi sebelum mengalami pemekaran Daerah Otonom Baru (DOB)",Kemiskinan dan Ketimpangan,38 Provinsi,7400,SULAWESI TENGGARA,189,Perkotaan,119,2019,62,Semester 2 (September),0.402,74009818911962
bps_webapi,0000,2026-08-19T02:01:19+00:00,2026-08-05 12:26:57,98,Gini Ratio Menurut Provinsi dan Daerah,,3,,"- Sumber  : BPS, Susenas  
<br />- Tahun 2002, Susenas Modul Konsumsi reguler
<br />- Tahun 2005, Susenas Panel (Februari)
<br />- Tahun 2006-2010, Susenas Panel (Maret)
<br />- Tahun 2011-2016, Susenas Modul Konsumsi (Maret dan September)
<br />- Angka Provinsi Papua Barat dan Papua sebelum tahun 2024 merupakan angka provinsi sebelum mengalami pemekaran Daerah Otonom Baru (DOB)",Kemiskinan dan Ketimpangan,38 Provinsi,7400,SULAWESI TENGGARA,190,Perdesaan,119,2019,61,Semester 1 (Maret),0.361,74009819011961
bps_webapi,0000,2026-08-19T02:01:19+00:00,2026-08-05 12:26:57,98,Gini Ratio Menurut Provinsi dan Daerah,,3,,"- Sumber  : BPS, Susenas  
<br />- Tahun 2002, Susenas Modul Konsumsi reguler
<br />- Tahun 2005, Susenas Panel (Februari)
<br />- Tahun 2006-2010, Susenas Panel (Maret)
<br />- Tahun 2011-2016, Susenas Modul Konsumsi (Maret dan September)
<br />- Angka Provinsi Papua Barat dan Papua sebelum tahun 2024 merupakan angka provinsi sebelum mengalami pemekaran Daerah Otonom Baru (DOB)",Kemiskinan dan Ketimpangan,38 Provinsi,7400,SULAWESI TENGGARA,190,Perdesaan,119,2019,62,Semester 2 (September),0.353,74009819011962
bps_webapi,0000,2026-08-19T02:01:19+00:00,2026-08-05 12:26:57,98,Gini Ratio Menurut Provinsi dan Daerah,,3,,"- Sumber  : BPS, Susenas  
<br />- Tahun 2002, Susenas Modul Konsumsi reguler
<br />- Tahun 2005, Susenas Panel (Februari)
<br />- Tahun 2006-2010, Susenas Panel (Maret)
<br />- Tahun 2011-2016, Susenas Modul Konsumsi (Maret dan September)
<br />- Angka Provinsi Papua Barat dan Papua sebelum tahun 2024 merupakan angka provinsi sebelum mengalami pemekaran Daerah Otonom Baru (DOB)",Kemiskinan dan Ketimpangan,38 Provinsi,7400,SULAWESI TENGGARA,191,Perkotaan+Perdesaan,119,2019,61,Semester 1 (Maret),0.399,74009819111961
bps_webapi,0000,2026-08-19T02:01:19+00:00,2026-08-05 12:26:57,98,Gini Ratio Menurut Provinsi dan Daerah,,3,,"- Sumber  : BPS, Susenas  
<br />- Tahun 2002, Susenas Modul Konsumsi reguler
<br />- Tahun 2005, Susenas Panel (Februari)
<br />- Tahun 2006-2010, Susenas Panel (Maret)
<br />- Tahun 2011-2016, Susenas Modul Konsumsi (Maret dan September)
<br />- Angka Provinsi Papua Barat dan Papua sebelum tahun 2024 merupakan angka provinsi sebelum mengalami pemekaran Daerah Otonom Baru (DOB)",Kemiskinan dan Ketimpangan,38 Provinsi,7400,SULAWESI TENGGARA,191,Perkotaan+Perdesaan,119,2019,62,Semester 2 (September),0.393,74009819111962
bps_webapi,0000,2026-08-19T02:01:19+00:00,2026-08-05 12:26:57,98,Gini Ratio Menurut Provinsi dan Daerah,,3,,"- Sumber  : BPS, Susenas  
<br />- Tahun 2002, Susenas Modul Konsumsi reguler
<br />- Tahun 2005, Susenas Panel (Februari)
<br />- Tahun 2006-2010, Susenas Panel (Maret)
<br />- Tahun 2011-2016, Susenas Modul Konsumsi (Maret dan September)
<br />- Angka Provinsi Papua Barat dan Papua sebelum tahun 2024 merupakan angka provinsi sebelum mengalami pemekaran Daerah Otonom Baru (DOB)",Kemiskinan dan Ketimpangan,38 Provinsi,7500,GORONTALO,189,Perkotaan,119,2019,61,Semester 1 (Maret),0.392,75009818911961
bps_webapi,0000,2026-08-19T02:01:19+00:00,2026-08-05 12:26:57,98,Gini Ratio Menurut Provinsi dan Daerah,,3,,"- Sumber  : BPS, Susenas  
<br />- Tahun 2002, Susenas Modul Konsumsi reguler
<br />- Tahun 2005, Susenas Panel (Februari)
<br />- Tahun 2006-2010, Susenas Panel (Maret)
<br />- Tahun 2011-2016, Susenas Modul Konsumsi (Maret dan September)
<br />- Angka Provinsi Papua Barat dan Papua sebelum tahun 2024 merupakan angka provinsi sebelum mengalami pemekaran Daerah Otonom Baru (DOB)",Kemiskinan dan Ketimpangan,38 Provinsi,7500,GORONTALO,189,Perkotaan,119,2019,62,Semester 2 (September),0.399,75009818911962
bps_webapi,0000,2026-08-19T02:01:19+00:00,2026-08-05 12:26:57,98,Gini Ratio Menurut Provinsi dan Daerah,,3,,"- Sumber  : BPS, Susenas  
<br />- Tahun 2002, Susenas Modul Konsumsi reguler
<br />- Tahun 2005, Susenas Panel (Februari)
<br />- Tahun 2006-2010, Susenas Panel (Maret)
<br />- Tahun 2011-2016, Susenas Modul Konsumsi (Maret dan September)
<br />- Angka Provinsi Papua Barat dan Papua sebelum tahun 2024 merupakan angka provinsi sebelum mengalami pemekaran Daerah Otonom Baru (DOB)",Kemiskinan dan Ketimpangan,38 Provinsi,7500,GORONTALO,190,Perdesaan,119,2019,61,Semester 1 (Maret),0.388,75009819011961
bps_webapi,0000,2026-08-19T02:01:19+00:00,2026-08-05 12:26:57,98,Gini Ratio Menurut Provinsi dan Daerah,,3,,"- Sumber  : BPS, Susenas  
<br />- Tahun 2002, Susenas Modul Konsumsi reguler
<br />- Tahun 2005, Susenas Panel (Februari)
<br />- Tahun 2006-2010, Susenas Panel (Maret)
<br />- Tahun 2011-2016, Susenas Modul Konsumsi (Maret dan September)
<br />- Angka Provinsi Papua Barat dan Papua sebelum tahun 2024 merupakan angka provinsi sebelum mengalami pemekaran Daerah Otonom Baru (DOB)",Kemiskinan dan Ketimpangan,38 Provinsi,7500,GORONTALO,190,Perdesaan,119,2019,62,Semester 2 (September),0.393,75009819011962
bps_webapi,0000,2026-08-19T02:01:19+00:00,2026-08-05 12:26:57,98,Gini Ratio Menurut Provinsi dan Daerah,,3,,"- Sumber  : BPS, Susenas  
<br />- Tahun 2002, Susenas Modul Konsumsi reguler
<br />- Tahun 2005, Susenas Panel (Februari)
<br />- Tahun 2006-2010, Susenas Panel (Maret)
<br />- Tahun 2011-2016, Susenas Modul Konsumsi (Maret dan September)
<br />- Angka Provinsi Papua Barat dan Papua sebelum tahun 2024 merupakan angka provinsi sebelum mengalami pemekaran Daerah Otonom Baru (DOB)",Kemiskinan dan Ketimpangan,38 Provinsi,7500,GORONTALO,191,Perkotaan+Perdesaan,119,2019,61,Semester 1 (Maret),0.407,75009819111961
bps_webapi,0000,2026-08-19T02:01:19+00:00,2026-08-05 12:26:57,98,Gini Ratio Menurut Provinsi dan Daerah,,3,,"- Sumber  : BPS, Susenas  
<br />- Tahun 2002, Susenas Modul Konsumsi reguler
<br />- Tahun 2005, Susenas Panel (Februari)
<br />- Tahun 2006-2010, Susenas Panel (Maret)
<br />- Tahun 2011-2016, Susenas Modul Konsumsi (Maret dan September)
<br />- Angka Provinsi Papua Barat dan Papua sebelum tahun 2024 merupakan angka provinsi sebelum mengalami pemekaran Daerah Otonom Baru (DOB)",Kemiskinan dan Ketimpangan,38 Provinsi,7500,GORONTALO,191,Perkotaan+Perdesaan,119,2019,62,Semester 2 (September),0.41,75009819111962
bps_webapi,0000,2026-08-19T02:01:19+00:00,2026-08-05 12:26:57,98,Gini Ratio Menurut Provinsi dan Daerah,,3,,"- Sumber  : BPS, Susenas  
<br />- Tahun 2002, Susenas Modul Konsumsi reguler
<br />- Tahun 2005, Susenas Panel (Februari)
<br />- Tahun 2006-2010, Susenas Panel (Maret)
<br />- Tahun 2011-2016, Susenas Modul Konsumsi (Maret dan September)
<br />- Angka Provinsi Papua Barat dan Papua sebelum tahun 2024 merupakan angka provinsi sebelum mengalami pemekaran Daerah Otonom Baru (DOB)",Kemiskinan dan Ketimpangan,38 Provinsi,7600,SULAWESI BARAT,189,Perkotaan,119,2019,61,Semester 1 (Maret),0.445,76009818911961
bps_webapi,0000,2026-08-19T02:01:19+00:00,2026-08-05 12:26:57,98,Gini Ratio Menurut Provinsi dan Daerah,,3,,"- Sumber  : BPS, Susenas  
<br />- Tahun 2002, Susenas Modul Konsumsi reguler
<br />- Tahun 2005, Susenas Panel (Februari)
<br />- Tahun 2006-2010, Susenas Panel (Maret)
<br />- Tahun 2011-2016, Susenas Modul Konsumsi (Maret dan September)
<br />- Angka Provinsi Papua Barat dan Papua sebelum tahun 2024 merupakan angka provinsi sebelum mengalami pemekaran Daerah Otonom Baru (DOB)",Kemiskinan dan Ketimpangan,38 Provinsi,7600,SULAWESI BARAT,189,Perkotaan,119,2019,62,Semester 2 (September),0.438,76009818911962
bps_webapi,0000,2026-08-19T02:01:19+00:00,2026-08-05 12:26:57,98,Gini Ratio Menurut Provinsi dan Daerah,,3,,"- Sumber  : BPS, Susenas  
<br />- Tahun 2002, Susenas Modul Konsumsi reguler
<br />- Tahun 2005, Susenas Panel (Februari)
<br />- Tahun 2006-2010, Susenas Panel (Maret)
<br />- Tahun 2011-2016, Susenas Modul Konsumsi (Maret dan September)
<br />- Angka Provinsi Papua Barat dan Papua sebelum tahun 2024 merupakan angka provinsi sebelum mengalami pemekaran Daerah Otonom Baru (DOB)",Kemiskinan dan Ketimpangan,38 Provinsi,7600,SULAWESI BARAT,190,Perdesaan,119,2019,61,Semester 1 (Maret),0.317,76009819011961
bps_webapi,0000,2026-08-19T02:01:19+00:00,2026-08-05 12:26:57,98,Gini Ratio Menurut Provinsi dan Daerah,,3,,"- Sumber  : BPS, Susenas  
<br />- Tahun 2002, Susenas Modul Konsumsi reguler
<br />- Tahun 2005, Susenas Panel (Februari)
<br />- Tahun 2006-2010, Susenas Panel (Maret)
<br />- Tahun 2011-2016, Susenas Modul Konsumsi (Maret dan September)
<br />- Angka Provinsi Papua Barat dan Papua sebelum tahun 2024 merupakan angka provinsi sebelum mengalami pemekaran Daerah Otonom Baru (DOB)",Kemiskinan dan Ketimpangan,38 Provinsi,7600,SULAWESI BARAT,190,Perdesaan,119,2019,62,Semester 2 (September),0.32,76009819011962
bps_webapi,0000,2026-08-19T02:01:19+00:00,2026-08-05 12:26:57,98,Gini Ratio Menurut Provinsi dan Daerah,,3,,"- Sumber  : BPS, Susenas  
<br />- Tahun 2002, Susenas Modul Konsumsi reguler
<br />- Tahun 2005, Susenas Panel (Februari)
<br />- Tahun 2006-2010, Susenas Panel (Maret)
<br />- Tahun 2011-2016, Susenas Modul Konsumsi (Maret dan September)
<br />- Angka Provinsi Papua Barat dan Papua sebelum tahun 2024 merupakan angka provinsi sebelum mengalami pemekaran Daerah Otonom Baru (DOB)",Kemiskinan dan Ketimpangan,38 Provinsi,7600,SULAWESI BARAT,191,Perkotaan+Perdesaan,119,2019,61,Semester 1 (Maret),0.365,76009819111961
bps_webapi,0000,2026-08-19T02:01:19+00:00,2026-08-05 12:26:57,98,Gini Ratio Menurut Provinsi dan Daerah,,3,,"- Sumber  : BPS, Susenas  
<br />- Tahun 2002, Susenas Modul Konsumsi reguler
<br />- Tahun 2005, Susenas Panel (Februari)
<br />- Tahun 2006-2010, Susenas Panel (Maret)
<br />- Tahun 2011-2016, Susenas Modul Konsumsi (Maret dan September)
<br />- Angka Provinsi Papua Barat dan Papua sebelum tahun 2024 merupakan angka provinsi sebelum mengalami pemekaran Daerah Otonom Baru (DOB)",Kemiskinan dan Ketimpangan,38 Provinsi,7600,SULAWESI BARAT,191,Perkotaan+Perdesaan,119,2019,62,Semester 2 (September),0.365,76009819111962
bps_webapi,0000,2026-08-19T02:01:19+00:00,2026-08-05 12:26:57,98,Gini Ratio Menurut Provinsi dan Daerah,,3,,"- Sumber  : BPS, Susenas  
<br />- Tahun 2002, Susenas Modul Konsumsi reguler
<br />- Tahun 2005, Susenas Panel (Februari)
<br />- Tahun 2006-2010, Susenas Panel (Maret)
<br />- Tahun 2011-2016, Susenas Modul Konsumsi (Maret dan September)
<br />- Angka Provinsi Papua Barat dan Papua sebelum tahun 2024 merupakan angka provinsi sebelum mengalami pemekaran Daerah Otonom Baru (DOB)",Kemiskinan dan Ketimpangan,38 Provinsi,8100,MALUKU,189,Perkotaan,119,2019,61,Semester 1 (Maret),0.3,81009818911961
bps_webapi,0000,2026-08-19T02:01:19+00:00,2026-08-05 12:26:57,98,Gini Ratio Menurut Provinsi dan Daerah,,3,,"- Sumber  : BPS, Susenas  
<br />- Tahun 2002, Susenas Modul Konsumsi reguler
<br />- Tahun 2005, Susenas Panel (Februari)
<br />- Tahun 2006-2010, Susenas Panel (Maret)
<br />- Tahun 2011-2016, Susenas Modul Konsumsi (Maret dan September)
<br />- Angka Provinsi Papua Barat dan Papua sebelum tahun 2024 merupakan angka provinsi sebelum mengalami pemekaran Daerah Otonom Baru (DOB)",Kemiskinan dan Ketimpangan,38 Provinsi,8100,MALUKU,189,Perkotaan,119,2019,62,Semester 2 (September),0.294,81009818911962
bps_webapi,0000,2026-08-19T02:01:19+00:00,2026-08-05 12:26:57,98,Gini Ratio Menurut Provinsi dan Daerah,,3,,"- Sumber  : BPS, Susenas  
<br />- Tahun 2002, Susenas Modul Konsumsi reguler
<br />- Tahun 2005, Susenas Panel (Februari)
<br />- Tahun 2006-2010, Susenas Panel (Maret)
<br />- Tahun 2011-2016, Susenas Modul Konsumsi (Maret dan September)
<br />- Angka Provinsi Papua Barat dan Papua sebelum tahun 2024 merupakan angka provinsi sebelum mengalami pemekaran Daerah Otonom Baru (DOB)",Kemiskinan dan Ketimpangan,38 Provinsi,8100,MALUKU,190,Perdesaan,119,2019,61,Semester 1 (Maret),0.286,81009819011961
bps_webapi,0000,2026-08-19T02:01:19+00:00,2026-08-05 12:26:57,98,Gini Ratio Menurut Provinsi dan Daerah,,3,,"- Sumber  : BPS, Susenas  
<br />- Tahun 2002, Susenas Modul Konsumsi reguler
<br />- Tahun 2005, Susenas Panel (Februari)
<br />- Tahun 2006-2010, Susenas Panel (Maret)
<br />- Tahun 2011-2016, Susenas Modul Konsumsi (Maret dan September)
<br />- Angka Provinsi Papua Barat dan Papua sebelum tahun 2024 merupakan angka provinsi sebelum mengalami pemekaran Daerah Otonom Baru (DOB)",Kemiskinan dan Ketimpangan,38 Provinsi,8100,MALUKU,190,Perdesaan,119,2019,62,Semester 2 (September),0.289,81009819011962
bps_webapi,0000,2026-08-19T02:01:19+00:00,2026-08-05 12:26:57,98,Gini Ratio Menurut Provinsi dan Daerah,,3,,"- Sumber  : BPS, Susenas  
<br />- Tahun 2002, Susenas Modul Konsumsi reguler
<br />- Tahun 2005, Susenas Panel (Februari)
<br />- Tahun 2006-2010, Susenas Panel (Maret)
<br />- Tahun 2011-2016, Susenas Modul Konsumsi (Maret dan September)
<br />- Angka Provinsi Papua Barat dan Papua sebelum tahun 2024 merupakan angka provinsi sebelum mengalami pemekaran Daerah Otonom Baru (DOB)",Kemiskinan dan Ketimpangan,38 Provinsi,8100,MALUKU,191,Perkotaan+Perdesaan,119,2019,61,Semester 1 (Maret),0.324,81009819111961
bps_webapi,0000,2026-08-19T02:01:19+00:00,2026-08-05 12:26:57,98,Gini Ratio Menurut Provinsi dan Daerah,,3,,"- Sumber  : BPS, Susenas  
<br />- Tahun 2002, Susenas Modul Konsumsi reguler
<br />- Tahun 2005, Susenas Panel (Februari)
<br />- Tahun 2006-2010, Susenas Panel (Maret)
<br />- Tahun 2011-2016, Susenas Modul Konsumsi (Maret dan September)
<br />- Angka Provinsi Papua Barat dan Papua sebelum tahun 2024 merupakan angka provinsi sebelum mengalami pemekaran Daerah Otonom Baru (DOB)",Kemiskinan dan Ketimpangan,38 Provinsi,8100,MALUKU,191,Perkotaan+Perdesaan,119,2019,62,Semester 2 (September),0.32,81009819111962
bps_webapi,0000,2026-08-19T02:01:19+00:00,2026-08-05 12:26:57,98,Gini Ratio Menurut Provinsi dan Daerah,,3,,"- Sumber  : BPS, Susenas  
<br />- Tahun 2002, Susenas Modul Konsumsi reguler
<br />- Tahun 2005, Susenas Panel (Februari)
<br />- Tahun 2006-2010, Susenas Panel (Maret)
<br />- Tahun 2011-2016, Susenas Modul Konsumsi (Maret dan September)
<br />- Angka Provinsi Papua Barat dan Papua sebelum tahun 2024 merupakan angka provinsi sebelum mengalami pemekaran Daerah Otonom Baru (DOB)",Kemiskinan dan Ketimpangan,38 Provinsi,8200,MALUKU UTARA,189,Perkotaan,119,2019,61,Semester 1 (Maret),0.31,82009818911961
bps_webapi,0000,2026-08-19T02:01:19+00:00,2026-08-05 12:26:57,98,Gini Ratio Menurut Provinsi dan Daerah,,3,,"- Sumber  : BPS, Susenas  
<br />- Tahun 2002, Susenas Modul Konsumsi reguler
<br />- Tahun 2005, Susenas Panel (Februari)
<br />- Tahun 2006-2010, Susenas Panel (Maret)
<br />- Tahun 2011-2016, Susenas Modul Konsumsi (Maret dan September)
<br />- Angka Provinsi Papua Barat dan Papua sebelum tahun 2024 merupakan angka provinsi sebelum mengalami pemekaran Daerah Otonom Baru (DOB)",Kemiskinan dan Ketimpangan,38 Provinsi,8200,MALUKU UTARA,189,Perkotaan,119,2019,62,Semester 2 (September),0.303,82009818911962
bps_webapi,0000,2026-08-19T02:01:19+00:00,2026-08-05 12:26:57,98,Gini Ratio Menurut Provinsi dan Daerah,,3,,"- Sumber  : BPS, Susenas  
<br />- Tahun 2002, Susenas Modul Konsumsi reguler
<br />- Tahun 2005, Susenas Panel (Februari)
<br />- Tahun 2006-2010, Susenas Panel (Maret)
<br />- Tahun 2011-2016, Susenas Modul Konsumsi (Maret dan September)
<br />- Angka Provinsi Papua Barat dan Papua sebelum tahun 2024 merupakan angka provinsi sebelum mengalami pemekaran Daerah Otonom Baru (DOB)",Kemiskinan dan Ketimpangan,38 Provinsi,8200,MALUKU UTARA,190,Perdesaan,119,2019,61,Semester 1 (Maret),0.256,82009819011961
bps_webapi,0000,2026-08-19T02:01:19+00:00,2026-08-05 12:26:57,98,Gini Ratio Menurut Provinsi dan Daerah,,3,,"- Sumber  : BPS, Susenas  
<br />- Tahun 2002, Susenas Modul Konsumsi reguler
<br />- Tahun 2005, Susenas Panel (Februari)
<br />- Tahun 2006-2010, Susenas Panel (Maret)
<br />- Tahun 2011-2016, Susenas Modul Konsumsi (Maret dan September)
<br />- Angka Provinsi Papua Barat dan Papua sebelum tahun 2024 merupakan angka provinsi sebelum mengalami pemekaran Daerah Otonom Baru (DOB)",Kemiskinan dan Ketimpangan,38 Provinsi,8200,MALUKU UTARA,190,Perdesaan,119,2019,62,Semester 2 (September),0.258,82009819011962
bps_webapi,0000,2026-08-19T02:01:19+00:00,2026-08-05 12:26:57,98,Gini Ratio Menurut Provinsi dan Daerah,,3,,"- Sumber  : BPS, Susenas  
<br />- Tahun 2002, Susenas Modul Konsumsi reguler
<br />- Tahun 2005, Susenas Panel (Februari)
<br />- Tahun 2006-2010, Susenas Panel (Maret)
<br />- Tahun 2011-2016, Susenas Modul Konsumsi (Maret dan September)
<br />- Angka Provinsi Papua Barat dan Papua sebelum tahun 2024 merupakan angka provinsi sebelum mengalami pemekaran Daerah Otonom Baru (DOB)",Kemiskinan dan Ketimpangan,38 Provinsi,8200,MALUKU UTARA,191,Perkotaan+Perdesaan,119,2019,61,Semester 1 (Maret),0.312,82009819111961
bps_webapi,0000,2026-08-19T02:01:19+00:00,2026-08-05 12:26:57,98,Gini Ratio Menurut Provinsi dan Daerah,,3,,"- Sumber  : BPS, Susenas  
<br />- Tahun 2002, Susenas Modul Konsumsi reguler
<br />- Tahun 2005, Susenas Panel (Februari)
<br />- Tahun 2006-2010, Susenas Panel (Maret)
<br />- Tahun 2011-2016, Susenas Modul Konsumsi (Maret dan September)
<br />- Angka Provinsi Papua Barat dan Papua sebelum tahun 2024 merupakan angka provinsi sebelum mengalami pemekaran Daerah Otonom Baru (DOB)",Kemiskinan dan Ketimpangan,38 Provinsi,8200,MALUKU UTARA,191,Perkotaan+Perdesaan,119,2019,62,Semester 2 (September),0.31,82009819111962
bps_webapi,0000,2026-08-19T02:01:19+00:00,2026-08-05 12:26:57,98,Gini Ratio Menurut Provinsi dan Daerah,,3,,"- Sumber  : BPS, Susenas  
<br />- Tahun 2002, Susenas Modul Konsumsi reguler
<br />- Tahun 2005, Susenas Panel (Februari)
<br />- Tahun 2006-2010, Susenas Panel (Maret)
<br />- Tahun 2011-2016, Susenas Modul Konsumsi (Maret dan September)
<br />- Angka Provinsi Papua Barat dan Papua sebelum tahun 2024 merupakan angka provinsi sebelum mengalami pemekaran Daerah Otonom Baru (DOB)",Kemiskinan dan Ketimpangan,38 Provinsi,9100,PAPUA BARAT,189,Perkotaan,119,2019,61,Semester 1 (Maret),0.325,91009818911961
bps_webapi,0000,2026-08-19T02:01:19+00:00,2026-08-05 12:26:57,98,Gini Ratio Menurut Provinsi dan Daerah,,3,,"- Sumber  : BPS, Susenas  
<br />- Tahun 2002, Susenas Modul Konsumsi reguler
<br />- Tahun 2005, Susenas Panel (Februari)
<br />- Tahun 2006-2010, Susenas Panel (Maret)
<br />- Tahun 2011-2016, Susenas Modul Konsumsi (Maret dan September)
<br />- Angka Provinsi Papua Barat dan Papua sebelum tahun 2024 merupakan angka provinsi sebelum mengalami pemekaran Daerah Otonom Baru (DOB)",Kemiskinan dan Ketimpangan,38 Provinsi,9100,PAPUA BARAT,189,Perkotaan,119,2019,62,Semester 2 (September),0.32,91009818911962
bps_webapi,0000,2026-08-19T02:01:19+00:00,2026-08-05 12:26:57,98,Gini Ratio Menurut Provinsi dan Daerah,,3,,"- Sumber  : BPS, Susenas  
<br />- Tahun 2002, Susenas Modul Konsumsi reguler
<br />- Tahun 2005, Susenas Panel (Februari)
<br />- Tahun 2006-2010, Susenas Panel (Maret)
<br />- Tahun 2011-2016, Susenas Modul Konsumsi (Maret dan September)
<br />- Angka Provinsi Papua Barat dan Papua sebelum tahun 2024 merupakan angka provinsi sebelum mengalami pemekaran Daerah Otonom Baru (DOB)",Kemiskinan dan Ketimpangan,38 Provinsi,9100,PAPUA BARAT,190,Perdesaan,119,2019,61,Semester 1 (Maret),0.419,91009819011961
bps_webapi,0000,2026-08-19T02:01:19+00:00,2026-08-05 12:26:57,98,Gini Ratio Menurut Provinsi dan Daerah,,3,,"- Sumber  : BPS, Susenas  
<br />- Tahun 2002, Susenas Modul Konsumsi reguler
<br />- Tahun 2005, Susenas Panel (Februari)
<br />- Tahun 2006-2010, Susenas Panel (Maret)
<br />- Tahun 2011-2016, Susenas Modul Konsumsi (Maret dan September)
<br />- Angka Provinsi Papua Barat dan Papua sebelum tahun 2024 merupakan angka provinsi sebelum mengalami pemekaran Daerah Otonom Baru (DOB)",Kemiskinan dan Ketimpangan,38 Provinsi,9100,PAPUA BARAT,190,Perdesaan,119,2019,62,Semester 2 (September),0.416,91009819011962
bps_webapi,0000,2026-08-19T02:01:19+00:00,2026-08-05 12:26:57,98,Gini Ratio Menurut Provinsi dan Daerah,,3,,"- Sumber  : BPS, Susenas  
<br />- Tahun 2002, Susenas Modul Konsumsi reguler
<br />- Tahun 2005, Susenas Panel (Februari)
<br />- Tahun 2006-2010, Susenas Panel (Maret)
<br />- Tahun 2011-2016, Susenas Modul Konsumsi (Maret dan September)
<br />- Angka Provinsi Papua Barat dan Papua sebelum tahun 2024 merupakan angka provinsi sebelum mengalami pemekaran Daerah Otonom Baru (DOB)",Kemiskinan dan Ketimpangan,38 Provinsi,9100,PAPUA BARAT,191,Perkotaan+Perdesaan,119,2019,61,Semester 1 (Maret),0.386,91009819111961
bps_webapi,0000,2026-08-19T02:01:19+00:00,2026-08-05 12:26:57,98,Gini Ratio Menurut Provinsi dan Daerah,,3,,"- Sumber  : BPS, Susenas  
<br />- Tahun 2002, Susenas Modul Konsumsi reguler
<br />- Tahun 2005, Susenas Panel (Februari)
<br />- Tahun 2006-2010, Susenas Panel (Maret)
<br />- Tahun 2011-2016, Susenas Modul Konsumsi (Maret dan September)
<br />- Angka Provinsi Papua Barat dan Papua sebelum tahun 2024 merupakan angka provinsi sebelum mengalami pemekaran Daerah Otonom Baru (DOB)",Kemiskinan dan Ketimpangan,38 Provinsi,9100,PAPUA BARAT,191,Perkotaan+Perdesaan,119,2019,62,Semester 2 (September),0.381,91009819111962
bps_webapi,0000,2026-08-19T02:01:19+00:00,2026-08-05 12:26:57,98,Gini Ratio Menurut Provinsi dan Daerah,,3,,"- Sumber  : BPS, Susenas  
<br />- Tahun 2002, Susenas Modul Konsumsi reguler
<br />- Tahun 2005, Susenas Panel (Februari)
<br />- Tahun 2006-2010, Susenas Panel (Maret)
<br />- Tahun 2011-2016, Susenas Modul Konsumsi (Maret dan September)
<br />- Angka Provinsi Papua Barat dan Papua sebelum tahun 2024 merupakan angka provinsi sebelum mengalami pemekaran Daerah Otonom Baru (DOB)",Kemiskinan dan Ketimpangan,38 Provinsi,9400,PAPUA,189,Perkotaan,119,2019,61,Semester 1 (Maret),0.297,94009818911961
bps_webapi,0000,2026-08-19T02:01:19+00:00,2026-08-05 12:26:57,98,Gini Ratio Menurut Provinsi dan Daerah,,3,,"- Sumber  : BPS, Susenas  
<br />- Tahun 2002, Susenas Modul Konsumsi reguler
<br />- Tahun 2005, Susenas Panel (Februari)
<br />- Tahun 2006-2010, Susenas Panel (Maret)
<br />- Tahun 2011-2016, Susenas Modul Konsumsi (Maret dan September)
<br />- Angka Provinsi Papua Barat dan Papua sebelum tahun 2024 merupakan angka provinsi sebelum mengalami pemekaran Daerah Otonom Baru (DOB)",Kemiskinan dan Ketimpangan,38 Provinsi,9400,PAPUA,189,Perkotaan,119,2019,62,Semester 2 (September),0.288,94009818911962
bps_webapi,0000,2026-08-19T02:01:19+00:00,2026-08-05 12:26:57,98,Gini Ratio Menurut Provinsi dan Daerah,,3,,"- Sumber  : BPS, Susenas  
<br />- Tahun 2002, Susenas Modul Konsumsi reguler
<br />- Tahun 2005, Susenas Panel (Februari)
<br />- Tahun 2006-2010, Susenas Panel (Maret)
<br />- Tahun 2011-2016, Susenas Modul Konsumsi (Maret dan September)
<br />- Angka Provinsi Papua Barat dan Papua sebelum tahun 2024 merupakan angka provinsi sebelum mengalami pemekaran Daerah Otonom Baru (DOB)",Kemiskinan dan Ketimpangan,38 Provinsi,9400,PAPUA,190,Perdesaan,119,2019,61,Semester 1 (Maret),0.409,94009819011961
bps_webapi,0000,2026-08-19T02:01:19+00:00,2026-08-05 12:26:57,98,Gini Ratio Menurut Provinsi dan Daerah,,3,,"- Sumber  : BPS, Susenas  
<br />- Tahun 2002, Susenas Modul Konsumsi reguler
<br />- Tahun 2005, Susenas Panel (Februari)
<br />- Tahun 2006-2010, Susenas Panel (Maret)
<br />- Tahun 2011-2016, Susenas Modul Konsumsi (Maret dan September)
<br />- Angka Provinsi Papua Barat dan Papua sebelum tahun 2024 merupakan angka provinsi sebelum mengalami pemekaran Daerah Otonom Baru (DOB)",Kemiskinan dan Ketimpangan,38 Provinsi,9400,PAPUA,190,Perdesaan,119,2019,62,Semester 2 (September),0.41,94009819011962
bps_webapi,0000,2026-08-19T02:01:19+00:00,2026-08-05 12:26:57,98,Gini Ratio Menurut Provinsi dan Daerah,,3,,"- Sumber  : BPS, Susenas  
<br />- Tahun 2002, Susenas Modul Konsumsi reguler
<br />- Tahun 2005, Susenas Panel (Februari)
<br />- Tahun 2006-2010, Susenas Panel (Maret)
<br />- Tahun 2011-2016, Susenas Modul Konsumsi (Maret dan September)
<br />- Angka Provinsi Papua Barat dan Papua sebelum tahun 2024 merupakan angka provinsi sebelum mengalami pemekaran Daerah Otonom Baru (DOB)",Kemiskinan dan Ketimpangan,38 Provinsi,9400,PAPUA,191,Perkotaan+Perdesaan,119,2019,61,Semester 1 (Maret),0.394,94009819111961
bps_webapi,0000,2026-08-19T02:01:19+00:00,2026-08-05 12:26:57,98,Gini Ratio Menurut Provinsi dan Daerah,,3,,"- Sumber  : BPS, Susenas  
<br />- Tahun 2002, Susenas Modul Konsumsi reguler
<br />- Tahun 2005, Susenas Panel (Februari)
<br />- Tahun 2006-2010, Susenas Panel (Maret)
<br />- Tahun 2011-2016, Susenas Modul Konsumsi (Maret dan September)
<br />- Angka Provinsi Papua Barat dan Papua sebelum tahun 2024 merupakan angka provinsi sebelum mengalami pemekaran Daerah Otonom Baru (DOB)",Kemiskinan dan Ketimpangan,38 Provinsi,9400,PAPUA,191,Perkotaan+Perdesaan,119,2019,62,Semester 2 (September),0.391,94009819111962
bps_webapi,0000,2026-08-19T02:01:19+00:00,2026-08-05 12:26:57,98,Gini Ratio Menurut Provinsi dan Daerah,,3,,"- Sumber  : BPS, Susenas  
<br />- Tahun 2002, Susenas Modul Konsumsi reguler
<br />- Tahun 2005, Susenas Panel (Februari)
<br />- Tahun 2006-2010, Susenas Panel (Maret)
<br />- Tahun 2011-2016, Susenas Modul Konsumsi (Maret dan September)
<br />- Angka Provinsi Papua Barat dan Papua sebelum tahun 2024 merupakan angka provinsi sebelum mengalami pemekaran Daerah Otonom Baru (DOB)",Kemiskinan dan Ketimpangan,38 Provinsi,9999,INDONESIA,189,Perkotaan,119,2019,61,Semester 1 (Maret),0.392,99999818911961
bps_webapi,0000,2026-08-19T02:01:19+00:00,2026-08-05 12:26:57,98,Gini Ratio Menurut Provinsi dan Daerah,,3,,"- Sumber  : BPS, Susenas  
<br />- Tahun 2002, Susenas Modul Konsumsi reguler
<br />- Tahun 2005, Susenas Panel (Februari)
<br />- Tahun 2006-2010, Susenas Panel (Maret)
<br />- Tahun 2011-2016, Susenas Modul Konsumsi (Maret dan September)
<br />- Angka Provinsi Papua Barat dan Papua sebelum tahun 2024 merupakan angka provinsi sebelum mengalami pemekaran Daerah Otonom Baru (DOB)",Kemiskinan dan Ketimpangan,38 Provinsi,9999,INDONESIA,189,Perkotaan,119,2019,62,Semester 2 (September),0.391,99999818911962
bps_webapi,0000,2026-08-19T02:01:19+00:00,2026-08-05 12:26:57,98,Gini Ratio Menurut Provinsi dan Daerah,,3,,"- Sumber  : BPS, Susenas  
<br />- Tahun 2002, Susenas Modul Konsumsi reguler
<br />- Tahun 2005, Susenas Panel (Februari)
<br />- Tahun 2006-2010, Susenas Panel (Maret)
<br />- Tahun 2011-2016, Susenas Modul Konsumsi (Maret dan September)
<br />- Angka Provinsi Papua Barat dan Papua sebelum tahun 2024 merupakan angka provinsi sebelum mengalami pemekaran Daerah Otonom Baru (DOB)",Kemiskinan dan Ketimpangan,38 Provinsi,9999,INDONESIA,190,Perdesaan,119,2019,61,Semester 1 (Maret),0.317,99999819011961
bps_webapi,0000,2026-08-19T02:01:19+00:00,2026-08-05 12:26:57,98,Gini Ratio Menurut Provinsi dan Daerah,,3,,"- Sumber  : BPS, Susenas  
<br />- Tahun 2002, Susenas Modul Konsumsi reguler
<br />- Tahun 2005, Susenas Panel (Februari)
<br />- Tahun 2006-2010, Susenas Panel (Maret)
<br />- Tahun 2011-2016, Susenas Modul Konsumsi (Maret dan September)
<br />- Angka Provinsi Papua Barat dan Papua sebelum tahun 2024 merupakan angka provinsi sebelum mengalami pemekaran Daerah Otonom Baru (DOB)",Kemiskinan dan Ketimpangan,38 Provinsi,9999,INDONESIA,190,Perdesaan,119,2019,62,Semester 2 (September),0.315,99999819011962
bps_webapi,0000,2026-08-19T02:01:19+00:00,2026-08-05 12:26:57,98,Gini Ratio Menurut Provinsi dan Daerah,,3,,"- Sumber  : BPS, Susenas  
<br />- Tahun 2002, Susenas Modul Konsumsi reguler
<br />- Tahun 2005, Susenas Panel (Februari)
<br />- Tahun 2006-2010, Susenas Panel (Maret)
<br />- Tahun 2011-2016, Susenas Modul Konsumsi (Maret dan September)
<br />- Angka Provinsi Papua Barat dan Papua sebelum tahun 2024 merupakan angka provinsi sebelum mengalami pemekaran Daerah Otonom Baru (DOB)",Kemiskinan dan Ketimpangan,38 Provinsi,9999,INDONESIA,191,Perkotaan+Perdesaan,119,2019,61,Semester 1 (Maret),0.382,99999819111961
bps_webapi,0000,2026-08-19T02:01:19+00:00,2026-08-05 12:26:57,98,Gini Ratio Menurut Provinsi dan Daerah,,3,,"- Sumber  : BPS, Susenas  
<br />- Tahun 2002, Susenas Modul Konsumsi reguler
<br />- Tahun 2005, Susenas Panel (Februari)
<br />- Tahun 2006-2010, Susenas Panel (Maret)
<br />- Tahun 2011-2016, Susenas Modul Konsumsi (Maret dan September)
<br />- Angka Provinsi Papua Barat dan Papua sebelum tahun 2024 merupakan angka provinsi sebelum mengalami pemekaran Daerah Otonom Baru (DOB)",Kemiskinan dan Ketimpangan,38 Provinsi,9999,INDONESIA,191,Perkotaan+Perdesaan,119,2019,62,Semester 2 (September),0.38,99999819111962
bps_webapi,0000,2026-08-19T02:01:19+00:00,2026-08-05 12:26:57,98,Gini Ratio Menurut Provinsi dan Daerah,,3,,"- Sumber  : BPS, Susenas  
<br />- Tahun 2002, Susenas Modul Konsumsi reguler
<br />- Tahun 2005, Susenas Panel (Februari)
<br />- Tahun 2006-2010, Susenas Panel (Maret)
<br />- Tahun 2011-2016, Susenas Modul Konsumsi (Maret dan September)
<br />- Angka Provinsi Papua Barat dan Papua sebelum tahun 2024 merupakan angka provinsi sebelum mengalami pemekaran Daerah Otonom Baru (DOB)",Kemiskinan dan Ketimpangan,38 Provinsi,1100,ACEH,189,Perkotaan,120,2020,61,Semester 1 (Maret),0.36,11009818912061
bps_webapi,0000,2026-08-19T02:01:19+00:00,2026-08-05 12:26:57,98,Gini Ratio Menurut Provinsi dan Daerah,,3,,"- Sumber  : BPS, Susenas  
<br />- Tahun 2002, Susenas Modul Konsumsi reguler
<br />- Tahun 2005, Susenas Panel (Februari)
<br />- Tahun 2006-2010, Susenas Panel (Maret)
<br />- Tahun 2011-2016, Susenas Modul Konsumsi (Maret dan September)
<br />- Angka Provinsi Papua Barat dan Papua sebelum tahun 2024 merupakan angka provinsi sebelum mengalami pemekaran Daerah Otonom Baru (DOB)",Kemiskinan dan Ketimpangan,38 Provinsi,1100,ACEH,189,Perkotaan,120,2020,62,Semester 2 (September),0.355,11009818912062
bps_webapi,0000,2026-08-19T02:01:19+00:00,2026-08-05 12:26:57,98,Gini Ratio Menurut Provinsi dan Daerah,,3,,"- Sumber  : BPS, Susenas  
<br />- Tahun 2002, Susenas Modul Konsumsi reguler
<br />- Tahun 2005, Susenas Panel (Februari)
<br />- Tahun 2006-2010, Susenas Panel (Maret)
<br />- Tahun 2011-2016, Susenas Modul Konsumsi (Maret dan September)
<br />- Angka Provinsi Papua Barat dan Papua sebelum tahun 2024 merupakan angka provinsi sebelum mengalami pemekaran Daerah Otonom Baru (DOB)",Kemiskinan dan Ketimpangan,38 Provinsi,1100,ACEH,190,Perdesaan,120,2020,61,Semester 1 (Maret),0.281,11009819012061
bps_webapi,0000,2026-08-19T02:01:19+00:00,2026-08-05 12:26:57,98,Gini Ratio Menurut Provinsi dan Daerah,,3,,"- Sumber  : BPS, Susenas  
<br />- Tahun 2002, Susenas Modul Konsumsi reguler
<br />- Tahun 2005, Susenas Panel (Februari)
<br />- Tahun 2006-2010, Susenas Panel (Maret)
<br />- Tahun 2011-2016, Susenas Modul Konsumsi (Maret dan September)
<br />- Angka Provinsi Papua Barat dan Papua sebelum tahun 2024 merupakan angka provinsi sebelum mengalami pemekaran Daerah Otonom Baru (DOB)",Kemiskinan dan Ketimpangan,38 Provinsi,1100,ACEH,190,Perdesaan,120,2020,62,Semester 2 (September),0.283,11009819012062
bps_webapi,0000,2026-08-19T02:01:19+00:00,2026-08-05 12:26:57,98,Gini Ratio Menurut Provinsi dan Daerah,,3,,"- Sumber  : BPS, Susenas  
<br />- Tahun 2002, Susenas Modul Konsumsi reguler
<br />- Tahun 2005, Susenas Panel (Februari)
<br />- Tahun 2006-2010, Susenas Panel (Maret)
<br />- Tahun 2011-2016, Susenas Modul Konsumsi (Maret dan September)
<br />- Angka Provinsi Papua Barat dan Papua sebelum tahun 2024 merupakan angka provinsi sebelum mengalami pemekaran Daerah Otonom Baru (DOB)",Kemiskinan dan Ketimpangan,38 Provinsi,1100,ACEH,191,Perkotaan+Perdesaan,120,2020,61,Semester 1 (Maret),0.323,11009819112061
bps_webapi,0000,2026-08-19T02:01:19+00:00,2026-08-05 12:26:57,98,Gini Ratio Menurut Provinsi dan Daerah,,3,,"- Sumber  : BPS, Susenas  
<br />- Tahun 2002, Susenas Modul Konsumsi reguler
<br />- Tahun 2005, Susenas Panel (Februari)
<br />- Tahun 2006-2010, Susenas Panel (Maret)
<br />- Tahun 2011-2016, Susenas Modul Konsumsi (Maret dan September)
<br />- Angka Provinsi Papua Barat dan Papua sebelum tahun 2024 merupakan angka provinsi sebelum mengalami pemekaran Daerah Otonom Baru (DOB)",Kemiskinan dan Ketimpangan,38 Provinsi,1100,ACEH,191,Perkotaan+Perdesaan,120,2020,62,Semester 2 (September),0.319,11009819112062
bps_webapi,0000,2026-08-19T02:01:19+00:00,2026-08-05 12:26:57,98,Gini Ratio Menurut Provinsi dan Daerah,,3,,"- Sumber  : BPS, Susenas  
<br />- Tahun 2002, Susenas Modul Konsumsi reguler
<br />- Tahun 2005, Susenas Panel (Februari)
<br />- Tahun 2006-2010, Susenas Panel (Maret)
<br />- Tahun 2011-2016, Susenas Modul Konsumsi (Maret dan September)
<br />- Angka Provinsi Papua Barat dan Papua sebelum tahun 2024 merupakan angka provinsi sebelum mengalami pemekaran Daerah Otonom Baru (DOB)",Kemiskinan dan Ketimpangan,38 Provinsi,1200,SUMATERA UTARA,189,Perkotaan,120,2020,61,Semester 1 (Maret),0.338,12009818912061
bps_webapi,0000,2026-08-19T02:01:19+00:00,2026-08-05 12:26:57,98,Gini Ratio Menurut Provinsi dan Daerah,,3,,"- Sumber  : BPS, Susenas  
<br />- Tahun 2002, Susenas Modul Konsumsi reguler
<br />- Tahun 2005, Susenas Panel (Februari)
<br />- Tahun 2006-2010, Susenas Panel (Maret)
<br />- Tahun 2011-2016, Susenas Modul Konsumsi (Maret dan September)
<br />- Angka Provinsi Papua Barat dan Papua sebelum tahun 2024 merupakan angka provinsi sebelum mengalami pemekaran Daerah Otonom Baru (DOB)",Kemiskinan dan Ketimpangan,38 Provinsi,1200,SUMATERA UTARA,189,Perkotaan,120,2020,62,Semester 2 (September),0.336,12009818912062
bps_webapi,0000,2026-08-19T02:01:19+00:00,2026-08-05 12:26:57,98,Gini Ratio Menurut Provinsi dan Daerah,,3,,"- Sumber  : BPS, Susenas  
<br />- Tahun 2002, Susenas Modul Konsumsi reguler
<br />- Tahun 2005, Susenas Panel (Februari)
<br />- Tahun 2006-2010, Susenas Panel (Maret)
<br />- Tahun 2011-2016, Susenas Modul Konsumsi (Maret dan September)
<br />- Angka Provinsi Papua Barat dan Papua sebelum tahun 2024 merupakan angka provinsi sebelum mengalami pemekaran Daerah Otonom Baru (DOB)",Kemiskinan dan Ketimpangan,38 Provinsi,1200,SUMATERA UTARA,190,Perdesaan,120,2020,61,Semester 1 (Maret),0.255,12009819012061
bps_webapi,0000,2026-08-19T02:01:19+00:00,2026-08-05 12:26:57,98,Gini Ratio Menurut Provinsi dan Daerah,,3,,"- Sumber  : BPS, Susenas  
<br />- Tahun 2002, Susenas Modul Konsumsi reguler
<br />- Tahun 2005, Susenas Panel (Februari)
<br />- Tahun 2006-2010, Susenas Panel (Maret)
<br />- Tahun 2011-2016, Susenas Modul Konsumsi (Maret dan September)
<br />- Angka Provinsi Papua Barat dan Papua sebelum tahun 2024 merupakan angka provinsi sebelum mengalami pemekaran Daerah Otonom Baru (DOB)",Kemiskinan dan Ketimpangan,38 Provinsi,1200,SUMATERA UTARA,190,Perdesaan,120,2020,62,Semester 2 (September),0.258,12009819012062
bps_webapi,0000,2026-08-19T02:01:19+00:00,2026-08-05 12:26:57,98,Gini Ratio Menurut Provinsi dan Daerah,,3,,"- Sumber  : BPS, Susenas  
<br />- Tahun 2002, Susenas Modul Konsumsi reguler
<br />- Tahun 2005, Susenas Panel (Februari)
<br />- Tahun 2006-2010, Susenas Panel (Maret)
<br />- Tahun 2011-2016, Susenas Modul Konsumsi (Maret dan September)
<br />- Angka Provinsi Papua Barat dan Papua sebelum tahun 2024 merupakan angka provinsi sebelum mengalami pemekaran Daerah Otonom Baru (DOB)",Kemiskinan dan Ketimpangan,38 Provinsi,1200,SUMATERA UTARA,191,Perkotaan+Perdesaan,120,2020,61,Semester 1 (Maret),0.316,12009819112061
bps_webapi,0000,2026-08-19T02:01:19+00:00,2026-08-05 12:26:57,98,Gini Ratio Menurut Provinsi dan Daerah,,3,,"- Sumber  : BPS, Susenas  
<br />- Tahun 2002, Susenas Modul Konsumsi reguler
<br />- Tahun 2005, Susenas Panel (Februari)
<br />- Tahun 2006-2010, Susenas Panel (Maret)
<br />- Tahun 2011-2016, Susenas Modul Konsumsi (Maret dan September)
<br />- Angka Provinsi Papua Barat dan Papua sebelum tahun 2024 merupakan angka provinsi sebelum mengalami pemekaran Daerah Otonom Baru (DOB)",Kemiskinan dan Ketimpangan,38 Provinsi,1200,SUMATERA UTARA,191,Perkotaan+Perdesaan,120,2020,62,Semester 2 (September),0.314,12009819112062
bps_webapi,0000,2026-08-19T02:01:19+00:00,2026-08-05 12:26:57,98,Gini Ratio Menurut Provinsi dan Daerah,,3,,"- Sumber  : BPS, Susenas  
<br />- Tahun 2002, Susenas Modul Konsumsi reguler
<br />- Tahun 2005, Susenas Panel (Februari)
<br />- Tahun 2006-2010, Susenas Panel (Maret)
<br />- Tahun 2011-2016, Susenas Modul Konsumsi (Maret dan September)
<br />- Angka Provinsi Papua Barat dan Papua sebelum tahun 2024 merupakan angka provinsi sebelum mengalami pemekaran Daerah Otonom Baru (DOB)",Kemiskinan dan Ketimpangan,38 Provinsi,1300,SUMATERA BARAT,189,Perkotaan,120,2020,61,Semester 1 (Maret),0.323,13009818912061
bps_webapi,0000,2026-08-19T02:01:19+00:00,2026-08-05 12:26:57,98,Gini Ratio Menurut Provinsi dan Daerah,,3,,"- Sumber  : BPS, Susenas  
<br />- Tahun 2002, Susenas Modul Konsumsi reguler
<br />- Tahun 2005, Susenas Panel (Februari)
<br />- Tahun 2006-2010, Susenas Panel (Maret)
<br />- Tahun 2011-2016, Susenas Modul Konsumsi (Maret dan September)
<br />- Angka Provinsi Papua Barat dan Papua sebelum tahun 2024 merupakan angka provinsi sebelum mengalami pemekaran Daerah Otonom Baru (DOB)",Kemiskinan dan Ketimpangan,38 Provinsi,1300,SUMATERA BARAT,189,Perkotaan,120,2020,62,Semester 2 (September),0.32,13009818912062
bps_webapi,0000,2026-08-19T02:01:19+00:00,2026-08-05 12:26:57,98,Gini Ratio Menurut Provinsi dan Daerah,,3,,"- Sumber  : BPS, Susenas  
<br />- Tahun 2002, Susenas Modul Konsumsi reguler
<br />- Tahun 2005, Susenas Panel (Februari)
<br />- Tahun 2006-2010, Susenas Panel (Maret)
<br />- Tahun 2011-2016, Susenas Modul Konsumsi (Maret dan September)
<br />- Angka Provinsi Papua Barat dan Papua sebelum tahun 2024 merupakan angka provinsi sebelum mengalami pemekaran Daerah Otonom Baru (DOB)",Kemiskinan dan Ketimpangan,38 Provinsi,1300,SUMATERA BARAT,190,Perdesaan,120,2020,61,Semester 1 (Maret),0.257,13009819012061
bps_webapi,0000,2026-08-19T02:01:19+00:00,2026-08-05 12:26:57,98,Gini Ratio Menurut Provinsi dan Daerah,,3,,"- Sumber  : BPS, Susenas  
<br />- Tahun 2002, Susenas Modul Konsumsi reguler
<br />- Tahun 2005, Susenas Panel (Februari)
<br />- Tahun 2006-2010, Susenas Panel (Maret)
<br />- Tahun 2011-2016, Susenas Modul Konsumsi (Maret dan September)
<br />- Angka Provinsi Papua Barat dan Papua sebelum tahun 2024 merupakan angka provinsi sebelum mengalami pemekaran Daerah Otonom Baru (DOB)",Kemiskinan dan Ketimpangan,38 Provinsi,1300,SUMATERA BARAT,190,Perdesaan,120,2020,62,Semester 2 (September),0.256,13009819012062
bps_webapi,0000,2026-08-19T02:01:19+00:00,2026-08-05 12:26:57,98,Gini Ratio Menurut Provinsi dan Daerah,,3,,"- Sumber  : BPS, Susenas  
<br />- Tahun 2002, Susenas Modul Konsumsi reguler
<br />- Tahun 2005, Susenas Panel (Februari)
<br />- Tahun 2006-2010, Susenas Panel (Maret)
<br />- Tahun 2011-2016, Susenas Modul Konsumsi (Maret dan September)
<br />- Angka Provinsi Papua Barat dan Papua sebelum tahun 2024 merupakan angka provinsi sebelum mengalami pemekaran Daerah Otonom Baru (DOB)",Kemiskinan dan Ketimpangan,38 Provinsi,1300,SUMATERA BARAT,191,Perkotaan+Perdesaan,120,2020,61,Semester 1 (Maret),0.305,13009819112061
bps_webapi,0000,2026-08-19T02:01:19+00:00,2026-08-05 12:26:57,98,Gini Ratio Menurut Provinsi dan Daerah,,3,,"- Sumber  : BPS, Susenas  
<br />- Tahun 2002, Susenas Modul Konsumsi reguler
<br />- Tahun 2005, Susenas Panel (Februari)
<br />- Tahun 2006-2010, Susenas Panel (Maret)
<br />- Tahun 2011-2016, Susenas Modul Konsumsi (Maret dan September)
<br />- Angka Provinsi Papua Barat dan Papua sebelum tahun 2024 merupakan angka provinsi sebelum mengalami pemekaran Daerah Otonom Baru (DOB)",Kemiskinan dan Ketimpangan,38 Provinsi,1300,SUMATERA BARAT,191,Perkotaan+Perdesaan,120,2020,62,Semester 2 (September),0.301,13009819112062
bps_webapi,0000,2026-08-19T02:01:19+00:00,2026-08-05 12:26:57,98,Gini Ratio Menurut Provinsi dan Daerah,,3,,"- Sumber  : BPS, Susenas  
<br />- Tahun 2002, Susenas Modul Konsumsi reguler
<br />- Tahun 2005, Susenas Panel (Februari)
<br />- Tahun 2006-2010, Susenas Panel (Maret)
<br />- Tahun 2011-2016, Susenas Modul Konsumsi (Maret dan September)
<br />- Angka Provinsi Papua Barat dan Papua sebelum tahun 2024 merupakan angka provinsi sebelum mengalami pemekaran Daerah Otonom Baru (DOB)",Kemiskinan dan Ketimpangan,38 Provinsi,1400,RIAU,189,Perkotaan,120,2020,61,Semester 1 (Maret),0.363,14009818912061
bps_webapi,0000,2026-08-19T02:01:19+00:00,2026-08-05 12:26:57,98,Gini Ratio Menurut Provinsi dan Daerah,,3,,"- Sumber  : BPS, Susenas  
<br />- Tahun 2002, Susenas Modul Konsumsi reguler
<br />- Tahun 2005, Susenas Panel (Februari)
<br />- Tahun 2006-2010, Susenas Panel (Maret)
<br />- Tahun 2011-2016, Susenas Modul Konsumsi (Maret dan September)
<br />- Angka Provinsi Papua Barat dan Papua sebelum tahun 2024 merupakan angka provinsi sebelum mengalami pemekaran Daerah Otonom Baru (DOB)",Kemiskinan dan Ketimpangan,38 Provinsi,1400,RIAU,189,Perkotaan,120,2020,62,Semester 2 (September),0.359,14009818912062
bps_webapi,0000,2026-08-19T02:01:19+00:00,2026-08-05 12:26:57,98,Gini Ratio Menurut Provinsi dan Daerah,,3,,"- Sumber  : BPS, Susenas  
<br />- Tahun 2002, Susenas Modul Konsumsi reguler
<br />- Tahun 2005, Susenas Panel (Februari)
<br />- Tahun 2006-2010, Susenas Panel (Maret)
<br />- Tahun 2011-2016, Susenas Modul Konsumsi (Maret dan September)
<br />- Angka Provinsi Papua Barat dan Papua sebelum tahun 2024 merupakan angka provinsi sebelum mengalami pemekaran Daerah Otonom Baru (DOB)",Kemiskinan dan Ketimpangan,38 Provinsi,1400,RIAU,190,Perdesaan,120,2020,61,Semester 1 (Maret),0.273,14009819012061
bps_webapi,0000,2026-08-19T02:01:19+00:00,2026-08-05 12:26:57,98,Gini Ratio Menurut Provinsi dan Daerah,,3,,"- Sumber  : BPS, Susenas  
<br />- Tahun 2002, Susenas Modul Konsumsi reguler
<br />- Tahun 2005, Susenas Panel (Februari)
<br />- Tahun 2006-2010, Susenas Panel (Maret)
<br />- Tahun 2011-2016, Susenas Modul Konsumsi (Maret dan September)
<br />- Angka Provinsi Papua Barat dan Papua sebelum tahun 2024 merupakan angka provinsi sebelum mengalami pemekaran Daerah Otonom Baru (DOB)",Kemiskinan dan Ketimpangan,38 Provinsi,1400,RIAU,190,Perdesaan,120,2020,62,Semester 2 (September),0.274,14009819012062
bps_webapi,0000,2026-08-19T02:01:19+00:00,2026-08-05 12:26:57,98,Gini Ratio Menurut Provinsi dan Daerah,,3,,"- Sumber  : BPS, Susenas  
<br />- Tahun 2002, Susenas Modul Konsumsi reguler
<br />- Tahun 2005, Susenas Panel (Februari)
<br />- Tahun 2006-2010, Susenas Panel (Maret)
<br />- Tahun 2011-2016, Susenas Modul Konsumsi (Maret dan September)
<br />- Angka Provinsi Papua Barat dan Papua sebelum tahun 2024 merupakan angka provinsi sebelum mengalami pemekaran Daerah Otonom Baru (DOB)",Kemiskinan dan Ketimpangan,38 Provinsi,1400,RIAU,191,Perkotaan+Perdesaan,120,2020,61,Semester 1 (Maret),0.329,14009819112061
bps_webapi,0000,2026-08-19T02:01:19+00:00,2026-08-05 12:26:57,98,Gini Ratio Menurut Provinsi dan Daerah,,3,,"- Sumber  : BPS, Susenas  
<br />- Tahun 2002, Susenas Modul Konsumsi reguler
<br />- Tahun 2005, Susenas Panel (Februari)
<br />- Tahun 2006-2010, Susenas Panel (Maret)
<br />- Tahun 2011-2016, Susenas Modul Konsumsi (Maret dan September)
<br />- Angka Provinsi Papua Barat dan Papua sebelum tahun 2024 merupakan angka provinsi sebelum mengalami pemekaran Daerah Otonom Baru (DOB)",Kemiskinan dan Ketimpangan,38 Provinsi,1400,RIAU,191,Perkotaan+Perdesaan,120,2020,62,Semester 2 (September),0.321,14009819112062
bps_webapi,0000,2026-08-19T02:01:19+00:00,2026-08-05 12:26:57,98,Gini Ratio Menurut Provinsi dan Daerah,,3,,"- Sumber  : BPS, Susenas  
<br />- Tahun 2002, Susenas Modul Konsumsi reguler
<br />- Tahun 2005, Susenas Panel (Februari)
<br />- Tahun 2006-2010, Susenas Panel (Maret)
<br />- Tahun 2011-2016, Susenas Modul Konsumsi (Maret dan September)
<br />- Angka Provinsi Papua Barat dan Papua sebelum tahun 2024 merupakan angka provinsi sebelum mengalami pemekaran Daerah Otonom Baru (DOB)",Kemiskinan dan Ketimpangan,38 Provinsi,1500,JAMBI,189,Perkotaan,120,2020,61,Semester 1 (Maret),0.351,15009818912061
bps_webapi,0000,2026-08-19T02:01:19+00:00,2026-08-05 12:26:57,98,Gini Ratio Menurut Provinsi dan Daerah,,3,,"- Sumber  : BPS, Susenas  
<br />- Tahun 2002, Susenas Modul Konsumsi reguler
<br />- Tahun 2005, Susenas Panel (Februari)
<br />- Tahun 2006-2010, Susenas Panel (Maret)
<br />- Tahun 2011-2016, Susenas Modul Konsumsi (Maret dan September)
<br />- Angka Provinsi Papua Barat dan Papua sebelum tahun 2024 merupakan angka provinsi sebelum mengalami pemekaran Daerah Otonom Baru (DOB)",Kemiskinan dan Ketimpangan,38 Provinsi,1500,JAMBI,189,Perkotaan,120,2020,62,Semester 2 (September),0.346,15009818912062
bps_webapi,0000,2026-08-19T02:01:19+00:00,2026-08-05 12:26:57,98,Gini Ratio Menurut Provinsi dan Daerah,,3,,"- Sumber  : BPS, Susenas  
<br />- Tahun 2002, Susenas Modul Konsumsi reguler
<br />- Tahun 2005, Susenas Panel (Februari)
<br />- Tahun 2006-2010, Susenas Panel (Maret)
<br />- Tahun 2011-2016, Susenas Modul Konsumsi (Maret dan September)
<br />- Angka Provinsi Papua Barat dan Papua sebelum tahun 2024 merupakan angka provinsi sebelum mengalami pemekaran Daerah Otonom Baru (DOB)",Kemiskinan dan Ketimpangan,38 Provinsi,1500,JAMBI,190,Perdesaan,120,2020,61,Semester 1 (Maret),0.287,15009819012061
bps_webapi,0000,2026-08-19T02:01:19+00:00,2026-08-05 12:26:57,98,Gini Ratio Menurut Provinsi dan Daerah,,3,,"- Sumber  : BPS, Susenas  
<br />- Tahun 2002, Susenas Modul Konsumsi reguler
<br />- Tahun 2005, Susenas Panel (Februari)
<br />- Tahun 2006-2010, Susenas Panel (Maret)
<br />- Tahun 2011-2016, Susenas Modul Konsumsi (Maret dan September)
<br />- Angka Provinsi Papua Barat dan Papua sebelum tahun 2024 merupakan angka provinsi sebelum mengalami pemekaran Daerah Otonom Baru (DOB)",Kemiskinan dan Ketimpangan,38 Provinsi,1500,JAMBI,190,Perdesaan,120,2020,62,Semester 2 (September),0.289,15009819012062
bps_webapi,0000,2026-08-19T02:01:19+00:00,2026-08-05 12:26:57,98,Gini Ratio Menurut Provinsi dan Daerah,,3,,"- Sumber  : BPS, Susenas  
<br />- Tahun 2002, Susenas Modul Konsumsi reguler
<br />- Tahun 2005, Susenas Panel (Februari)
<br />- Tahun 2006-2010, Susenas Panel (Maret)
<br />- Tahun 2011-2016, Susenas Modul Konsumsi (Maret dan September)
<br />- Angka Provinsi Papua Barat dan Papua sebelum tahun 2024 merupakan angka provinsi sebelum mengalami pemekaran Daerah Otonom Baru (DOB)",Kemiskinan dan Ketimpangan,38 Provinsi,1500,JAMBI,191,Perkotaan+Perdesaan,120,2020,61,Semester 1 (Maret),0.32,15009819112061
bps_webapi,0000,2026-08-19T02:01:19+00:00,2026-08-05 12:26:57,98,Gini Ratio Menurut Provinsi dan Daerah,,3,,"- Sumber  : BPS, Susenas  
<br />- Tahun 2002, Susenas Modul Konsumsi reguler
<br />- Tahun 2005, Susenas Panel (Februari)
<br />- Tahun 2006-2010, Susenas Panel (Maret)
<br />- Tahun 2011-2016, Susenas Modul Konsumsi (Maret dan September)
<br />- Angka Provinsi Papua Barat dan Papua sebelum tahun 2024 merupakan angka provinsi sebelum mengalami pemekaran Daerah Otonom Baru (DOB)",Kemiskinan dan Ketimpangan,38 Provinsi,1500,JAMBI,191,Perkotaan+Perdesaan,120,2020,62,Semester 2 (September),0.316,15009819112062
bps_webapi,0000,2026-08-19T02:01:19+00:00,2026-08-05 12:26:57,98,Gini Ratio Menurut Provinsi dan Daerah,,3,,"- Sumber  : BPS, Susenas  
<br />- Tahun 2002, Susenas Modul Konsumsi reguler
<br />- Tahun 2005, Susenas Panel (Februari)
<br />- Tahun 2006-2010, Susenas Panel (Maret)
<br />- Tahun 2011-2016, Susenas Modul Konsumsi (Maret dan September)
<br />- Angka Provinsi Papua Barat dan Papua sebelum tahun 2024 merupakan angka provinsi sebelum mengalami pemekaran Daerah Otonom Baru (DOB)",Kemiskinan dan Ketimpangan,38 Provinsi,1600,SUMATERA SELATAN,189,Perkotaan,120,2020,61,Semester 1 (Maret),0.358,16009818912061
bps_webapi,0000,2026-08-19T02:01:19+00:00,2026-08-05 12:26:57,98,Gini Ratio Menurut Provinsi dan Daerah,,3,,"- Sumber  : BPS, Susenas  
<br />- Tahun 2002, Susenas Modul Konsumsi reguler
<br />- Tahun 2005, Susenas Panel (Februari)
<br />- Tahun 2006-2010, Susenas Panel (Maret)
<br />- Tahun 2011-2016, Susenas Modul Konsumsi (Maret dan September)
<br />- Angka Provinsi Papua Barat dan Papua sebelum tahun 2024 merupakan angka provinsi sebelum mengalami pemekaran Daerah Otonom Baru (DOB)",Kemiskinan dan Ketimpangan,38 Provinsi,1600,SUMATERA SELATAN,189,Perkotaan,120,2020,62,Semester 2 (September),0.352,16009818912062
bps_webapi,0000,2026-08-19T02:01:19+00:00,2026-08-05 12:26:57,98,Gini Ratio Menurut Provinsi dan Daerah,,3,,"- Sumber  : BPS, Susenas  
<br />- Tahun 2002, Susenas Modul Konsumsi reguler
<br />- Tahun 2005, Susenas Panel (Februari)
<br />- Tahun 2006-2010, Susenas Panel (Maret)
<br />- Tahun 2011-2016, Susenas Modul Konsumsi (Maret dan September)
<br />- Angka Provinsi Papua Barat dan Papua sebelum tahun 2024 merupakan angka provinsi sebelum mengalami pemekaran Daerah Otonom Baru (DOB)",Kemiskinan dan Ketimpangan,38 Provinsi,1600,SUMATERA SELATAN,190,Perdesaan,120,2020,61,Semester 1 (Maret),0.308,16009819012061
bps_webapi,0000,2026-08-19T02:01:19+00:00,2026-08-05 12:26:57,98,Gini Ratio Menurut Provinsi dan Daerah,,3,,"- Sumber  : BPS, Susenas  
<br />- Tahun 2002, Susenas Modul Konsumsi reguler
<br />- Tahun 2005, Susenas Panel (Februari)
<br />- Tahun 2006-2010, Susenas Panel (Maret)
<br />- Tahun 2011-2016, Susenas Modul Konsumsi (Maret dan September)
<br />- Angka Provinsi Papua Barat dan Papua sebelum tahun 2024 merupakan angka provinsi sebelum mengalami pemekaran Daerah Otonom Baru (DOB)",Kemiskinan dan Ketimpangan,38 Provinsi,1600,SUMATERA SELATAN,190,Perdesaan,120,2020,62,Semester 2 (September),0.31,16009819012062
bps_webapi,0000,2026-08-19T02:01:19+00:00,2026-08-05 12:26:57,98,Gini Ratio Menurut Provinsi dan Daerah,,3,,"- Sumber  : BPS, Susenas  
<br />- Tahun 2002, Susenas Modul Konsumsi reguler
<br />- Tahun 2005, Susenas Panel (Februari)
<br />- Tahun 2006-2010, Susenas Panel (Maret)
<br />- Tahun 2011-2016, Susenas Modul Konsumsi (Maret dan September)
<br />- Angka Provinsi Papua Barat dan Papua sebelum tahun 2024 merupakan angka provinsi sebelum mengalami pemekaran Daerah Otonom Baru (DOB)",Kemiskinan dan Ketimpangan,38 Provinsi,1600,SUMATERA SELATAN,191,Perkotaan+Perdesaan,120,2020,61,Semester 1 (Maret),0.339,16009819112061
bps_webapi,0000,2026-08-19T02:01:19+00:00,2026-08-05 12:26:57,98,Gini Ratio Menurut Provinsi dan Daerah,,3,,"- Sumber  : BPS, Susenas  
<br />- Tahun 2002, Susenas Modul Konsumsi reguler
<br />- Tahun 2005, Susenas Panel (Februari)
<br />- Tahun 2006-2010, Susenas Panel (Maret)
<br />- Tahun 2011-2016, Susenas Modul Konsumsi (Maret dan September)
<br />- Angka Provinsi Papua Barat dan Papua sebelum tahun 2024 merupakan angka provinsi sebelum mengalami pemekaran Daerah Otonom Baru (DOB)",Kemiskinan dan Ketimpangan,38 Provinsi,1600,SUMATERA SELATAN,191,Perkotaan+Perdesaan,120,2020,62,Semester 2 (September),0.338,16009819112062
bps_webapi,0000,2026-08-19T02:01:19+00:00,2026-08-05 12:26:57,98,Gini Ratio Menurut Provinsi dan Daerah,,3,,"- Sumber  : BPS, Susenas  
<br />- Tahun 2002, Susenas Modul Konsumsi reguler
<br />- Tahun 2005, Susenas Panel (Februari)
<br />- Tahun 2006-2010, Susenas Panel (Maret)
<br />- Tahun 2011-2016, Susenas Modul Konsumsi (Maret dan September)
<br />- Angka Provinsi Papua Barat dan Papua sebelum tahun 2024 merupakan angka provinsi sebelum mengalami pemekaran Daerah Otonom Baru (DOB)",Kemiskinan dan Ketimpangan,38 Provinsi,1700,BENGKULU,189,Perkotaan,120,2020,61,Semester 1 (Maret),0.378,17009818912061
bps_webapi,0000,2026-08-19T02:01:19+00:00,2026-08-05 12:26:57,98,Gini Ratio Menurut Provinsi dan Daerah,,3,,"- Sumber  : BPS, Susenas  
<br />- Tahun 2002, Susenas Modul Konsumsi reguler
<br />- Tahun 2005, Susenas Panel (Februari)
<br />- Tahun 2006-2010, Susenas Panel (Maret)
<br />- Tahun 2011-2016, Susenas Modul Konsumsi (Maret dan September)
<br />- Angka Provinsi Papua Barat dan Papua sebelum tahun 2024 merupakan angka provinsi sebelum mengalami pemekaran Daerah Otonom Baru (DOB)",Kemiskinan dan Ketimpangan,38 Provinsi,1700,BENGKULU,189,Perkotaan,120,2020,62,Semester 2 (September),0.381,17009818912062
bps_webapi,0000,2026-08-19T02:01:19+00:00,2026-08-05 12:26:57,98,Gini Ratio Menurut Provinsi dan Daerah,,3,,"- Sumber  : BPS, Susenas  
<br />- Tahun 2002, Susenas Modul Konsumsi reguler
<br />- Tahun 2005, Susenas Panel (Februari)
<br />- Tahun 2006-2010, Susenas Panel (Maret)
<br />- Tahun 2011-2016, Susenas Modul Konsumsi (Maret dan September)
<br />- Angka Provinsi Papua Barat dan Papua sebelum tahun 2024 merupakan angka provinsi sebelum mengalami pemekaran Daerah Otonom Baru (DOB)",Kemiskinan dan Ketimpangan,38 Provinsi,1700,BENGKULU,190,Perdesaan,120,2020,61,Semester 1 (Maret),0.275,17009819012061
bps_webapi,0000,2026-08-19T02:01:19+00:00,2026-08-05 12:26:57,98,Gini Ratio Menurut Provinsi dan Daerah,,3,,"- Sumber  : BPS, Susenas  
<br />- Tahun 2002, Susenas Modul Konsumsi reguler
<br />- Tahun 2005, Susenas Panel (Februari)
<br />- Tahun 2006-2010, Susenas Panel (Maret)
<br />- Tahun 2011-2016, Susenas Modul Konsumsi (Maret dan September)
<br />- Angka Provinsi Papua Barat dan Papua sebelum tahun 2024 merupakan angka provinsi sebelum mengalami pemekaran Daerah Otonom Baru (DOB)",Kemiskinan dan Ketimpangan,38 Provinsi,1700,BENGKULU,190,Perdesaan,120,2020,62,Semester 2 (September),0.274,17009819012062
bps_webapi,0000,2026-08-19T02:01:19+00:00,2026-08-05 12:26:57,98,Gini Ratio Menurut Provinsi dan Daerah,,3,,"- Sumber  : BPS, Susenas  
<br />- Tahun 2002, Susenas Modul Konsumsi reguler
<br />- Tahun 2005, Susenas Panel (Februari)
<br />- Tahun 2006-2010, Susenas Panel (Maret)
<br />- Tahun 2011-2016, Susenas Modul Konsumsi (Maret dan September)
<br />- Angka Provinsi Papua Barat dan Papua sebelum tahun 2024 merupakan angka provinsi sebelum mengalami pemekaran Daerah Otonom Baru (DOB)",Kemiskinan dan Ketimpangan,38 Provinsi,1700,BENGKULU,191,Perkotaan+Perdesaan,120,2020,61,Semester 1 (Maret),0.334,17009819112061
bps_webapi,0000,2026-08-19T02:01:19+00:00,2026-08-05 12:26:57,98,Gini Ratio Menurut Provinsi dan Daerah,,3,,"- Sumber  : BPS, Susenas  
<br />- Tahun 2002, Susenas Modul Konsumsi reguler
<br />- Tahun 2005, Susenas Panel (Februari)
<br />- Tahun 2006-2010, Susenas Panel (Maret)
<br />- Tahun 2011-2016, Susenas Modul Konsumsi (Maret dan September)
<br />- Angka Provinsi Papua Barat dan Papua sebelum tahun 2024 merupakan angka provinsi sebelum mengalami pemekaran Daerah Otonom Baru (DOB)",Kemiskinan dan Ketimpangan,38 Provinsi,1700,BENGKULU,191,Perkotaan+Perdesaan,120,2020,62,Semester 2 (September),0.323,17009819112062
bps_webapi,0000,2026-08-19T02:01:19+00:00,2026-08-05 12:26:57,98,Gini Ratio Menurut Provinsi dan Daerah,,3,,"- Sumber  : BPS, Susenas  
<br />- Tahun 2002, Susenas Modul Konsumsi reguler
<br />- Tahun 2005, Susenas Panel (Februari)
<br />- Tahun 2006-2010, Susenas Panel (Maret)
<br />- Tahun 2011-2016, Susenas Modul Konsumsi (Maret dan September)
<br />- Angka Provinsi Papua Barat dan Papua sebelum tahun 2024 merupakan angka provinsi sebelum mengalami pemekaran Daerah Otonom Baru (DOB)",Kemiskinan dan Ketimpangan,38 Provinsi,1800,LAMPUNG,189,Perkotaan,120,2020,61,Semester 1 (Maret),0.345,18009818912061
bps_webapi,0000,2026-08-19T02:01:19+00:00,2026-08-05 12:26:57,98,Gini Ratio Menurut Provinsi dan Daerah,,3,,"- Sumber  : BPS, Susenas  
<br />- Tahun 2002, Susenas Modul Konsumsi reguler
<br />- Tahun 2005, Susenas Panel (Februari)
<br />- Tahun 2006-2010, Susenas Panel (Maret)
<br />- Tahun 2011-2016, Susenas Modul Konsumsi (Maret dan September)
<br />- Angka Provinsi Papua Barat dan Papua sebelum tahun 2024 merupakan angka provinsi sebelum mengalami pemekaran Daerah Otonom Baru (DOB)",Kemiskinan dan Ketimpangan,38 Provinsi,1800,LAMPUNG,189,Perkotaan,120,2020,62,Semester 2 (September),0.342,18009818912062
bps_webapi,0000,2026-08-19T02:01:19+00:00,2026-08-05 12:26:57,98,Gini Ratio Menurut Provinsi dan Daerah,,3,,"- Sumber  : BPS, Susenas  
<br />- Tahun 2002, Susenas Modul Konsumsi reguler
<br />- Tahun 2005, Susenas Panel (Februari)
<br />- Tahun 2006-2010, Susenas Panel (Maret)
<br />- Tahun 2011-2016, Susenas Modul Konsumsi (Maret dan September)
<br />- Angka Provinsi Papua Barat dan Papua sebelum tahun 2024 merupakan angka provinsi sebelum mengalami pemekaran Daerah Otonom Baru (DOB)",Kemiskinan dan Ketimpangan,38 Provinsi,1800,LAMPUNG,190,Perdesaan,120,2020,61,Semester 1 (Maret),0.298,18009819012061
bps_webapi,0000,2026-08-19T02:01:19+00:00,2026-08-05 12:26:57,98,Gini Ratio Menurut Provinsi dan Daerah,,3,,"- Sumber  : BPS, Susenas  
<br />- Tahun 2002, Susenas Modul Konsumsi reguler
<br />- Tahun 2005, Susenas Panel (Februari)
<br />- Tahun 2006-2010, Susenas Panel (Maret)
<br />- Tahun 2011-2016, Susenas Modul Konsumsi (Maret dan September)
<br />- Angka Provinsi Papua Barat dan Papua sebelum tahun 2024 merupakan angka provinsi sebelum mengalami pemekaran Daerah Otonom Baru (DOB)",Kemiskinan dan Ketimpangan,38 Provinsi,1800,LAMPUNG,190,Perdesaan,120,2020,62,Semester 2 (September),0.295,18009819012062
bps_webapi,0000,2026-08-19T02:01:19+00:00,2026-08-05 12:26:57,98,Gini Ratio Menurut Provinsi dan Daerah,,3,,"- Sumber  : BPS, Susenas  
<br />- Tahun 2002, Susenas Modul Konsumsi reguler
<br />- Tahun 2005, Susenas Panel (Februari)
<br />- Tahun 2006-2010, Susenas Panel (Maret)
<br />- Tahun 2011-2016, Susenas Modul Konsumsi (Maret dan September)
<br />- Angka Provinsi Papua Barat dan Papua sebelum tahun 2024 merupakan angka provinsi sebelum mengalami pemekaran Daerah Otonom Baru (DOB)",Kemiskinan dan Ketimpangan,38 Provinsi,1800,LAMPUNG,191,Perkotaan+Perdesaan,120,2020,61,Semester 1 (Maret),0.327,18009819112061
bps_webapi,0000,2026-08-19T02:01:19+00:00,2026-08-05 12:26:57,98,Gini Ratio Menurut Provinsi dan Daerah,,3,,"- Sumber  : BPS, Susenas  
<br />- Tahun 2002, Susenas Modul Konsumsi reguler
<br />- Tahun 2005, Susenas Panel (Februari)
<br />- Tahun 2006-2010, Susenas Panel (Maret)
<br />- Tahun 2011-2016, Susenas Modul Konsumsi (Maret dan September)
<br />- Angka Provinsi Papua Barat dan Papua sebelum tahun 2024 merupakan angka provinsi sebelum mengalami pemekaran Daerah Otonom Baru (DOB)",Kemiskinan dan Ketimpangan,38 Provinsi,1800,LAMPUNG,191,Perkotaan+Perdesaan,120,2020,62,Semester 2 (September),0.32,18009819112062
bps_webapi,0000,2026-08-19T02:01:19+00:00,2026-08-05 12:26:57,98,Gini Ratio Menurut Provinsi dan Daerah,,3,,"- Sumber  : BPS, Susenas  
<br />- Tahun 2002, Susenas Modul Konsumsi reguler
<br />- Tahun 2005, Susenas Panel (Februari)
<br />- Tahun 2006-2010, Susenas Panel (Maret)
<br />- Tahun 2011-2016, Susenas Modul Konsumsi (Maret dan September)
<br />- Angka Provinsi Papua Barat dan Papua sebelum tahun 2024 merupakan angka provinsi sebelum mengalami pemekaran Daerah Otonom Baru (DOB)",Kemiskinan dan Ketimpangan,38 Provinsi,1900,KEP. BANGKA BELITUNG,189,Perkotaan,120,2020,61,Semester 1 (Maret),0.276,19009818912061
bps_webapi,0000,2026-08-19T02:01:19+00:00,2026-08-05 12:26:57,98,Gini Ratio Menurut Provinsi dan Daerah,,3,,"- Sumber  : BPS, Susenas  
<br />- Tahun 2002, Susenas Modul Konsumsi reguler
<br />- Tahun 2005, Susenas Panel (Februari)
<br />- Tahun 2006-2010, Susenas Panel (Maret)
<br />- Tahun 2011-2016, Susenas Modul Konsumsi (Maret dan September)
<br />- Angka Provinsi Papua Barat dan Papua sebelum tahun 2024 merupakan angka provinsi sebelum mengalami pemekaran Daerah Otonom Baru (DOB)",Kemiskinan dan Ketimpangan,38 Provinsi,1900,KEP. BANGKA BELITUNG,189,Perkotaan,120,2020,62,Semester 2 (September),0.271,19009818912062
bps_webapi,0000,2026-08-19T02:01:19+00:00,2026-08-05 12:26:57,98,Gini Ratio Menurut Provinsi dan Daerah,,3,,"- Sumber  : BPS, Susenas  
<br />- Tahun 2002, Susenas Modul Konsumsi reguler
<br />- Tahun 2005, Susenas Panel (Februari)
<br />- Tahun 2006-2010, Susenas Panel (Maret)
<br />- Tahun 2011-2016, Susenas Modul Konsumsi (Maret dan September)
<br />- Angka Provinsi Papua Barat dan Papua sebelum tahun 2024 merupakan angka provinsi sebelum mengalami pemekaran Daerah Otonom Baru (DOB)",Kemiskinan dan Ketimpangan,38 Provinsi,1900,KEP. BANGKA BELITUNG,190,Perdesaan,120,2020,61,Semester 1 (Maret),0.22,19009819012061
bps_webapi,0000,2026-08-19T02:01:19+00:00,2026-08-05 12:26:57,98,Gini Ratio Menurut Provinsi dan Daerah,,3,,"- Sumber  : BPS, Susenas  
<br />- Tahun 2002, Susenas Modul Konsumsi reguler
<br />- Tahun 2005, Susenas Panel (Februari)
<br />- Tahun 2006-2010, Susenas Panel (Maret)
<br />- Tahun 2011-2016, Susenas Modul Konsumsi (Maret dan September)
<br />- Angka Provinsi Papua Barat dan Papua sebelum tahun 2024 merupakan angka provinsi sebelum mengalami pemekaran Daerah Otonom Baru (DOB)",Kemiskinan dan Ketimpangan,38 Provinsi,1900,KEP. BANGKA BELITUNG,190,Perdesaan,120,2020,62,Semester 2 (September),0.229,19009819012062
bps_webapi,0000,2026-08-19T02:01:19+00:00,2026-08-05 12:26:57,98,Gini Ratio Menurut Provinsi dan Daerah,,3,,"- Sumber  : BPS, Susenas  
<br />- Tahun 2002, Susenas Modul Konsumsi reguler
<br />- Tahun 2005, Susenas Panel (Februari)
<br />- Tahun 2006-2010, Susenas Panel (Maret)
<br />- Tahun 2011-2016, Susenas Modul Konsumsi (Maret dan September)
<br />- Angka Provinsi Papua Barat dan Papua sebelum tahun 2024 merupakan angka provinsi sebelum mengalami pemekaran Daerah Otonom Baru (DOB)",Kemiskinan dan Ketimpangan,38 Provinsi,1900,KEP. BANGKA BELITUNG,191,Perkotaan+Perdesaan,120,2020,61,Semester 1 (Maret),0.262,19009819112061
bps_webapi,0000,2026-08-19T02:01:19+00:00,2026-08-05 12:26:57,98,Gini Ratio Menurut Provinsi dan Daerah,,3,,"- Sumber  : BPS, Susenas  
<br />- Tahun 2002, Susenas Modul Konsumsi reguler
<br />- Tahun 2005, Susenas Panel (Februari)
<br />- Tahun 2006-2010, Susenas Panel (Maret)
<br />- Tahun 2011-2016, Susenas Modul Konsumsi (Maret dan September)
<br />- Angka Provinsi Papua Barat dan Papua sebelum tahun 2024 merupakan angka provinsi sebelum mengalami pemekaran Daerah Otonom Baru (DOB)",Kemiskinan dan Ketimpangan,38 Provinsi,1900,KEP. BANGKA BELITUNG,191,Perkotaan+Perdesaan,120,2020,62,Semester 2 (September),0.257,19009819112062
bps_webapi,0000,2026-08-19T02:01:19+00:00,2026-08-05 12:26:57,98,Gini Ratio Menurut Provinsi dan Daerah,,3,,"- Sumber  : BPS, Susenas  
<br />- Tahun 2002, Susenas Modul Konsumsi reguler
<br />- Tahun 2005, Susenas Panel (Februari)
<br />- Tahun 2006-2010, Susenas Panel (Maret)
<br />- Tahun 2011-2016, Susenas Modul Konsumsi (Maret dan September)
<br />- Angka Provinsi Papua Barat dan Papua sebelum tahun 2024 merupakan angka provinsi sebelum mengalami pemekaran Daerah Otonom Baru (DOB)",Kemiskinan dan Ketimpangan,38 Provinsi,2100,KEP. RIAU,189,Perkotaan,120,2020,61,Semester 1 (Maret),0.337,21009818912061
bps_webapi,0000,2026-08-19T02:01:19+00:00,2026-08-05 12:26:57,98,Gini Ratio Menurut Provinsi dan Daerah,,3,,"- Sumber  : BPS, Susenas  
<br />- Tahun 2002, Susenas Modul Konsumsi reguler
<br />- Tahun 2005, Susenas Panel (Februari)
<br />- Tahun 2006-2010, Susenas Panel (Maret)
<br />- Tahun 2011-2016, Susenas Modul Konsumsi (Maret dan September)
<br />- Angka Provinsi Papua Barat dan Papua sebelum tahun 2024 merupakan angka provinsi sebelum mengalami pemekaran Daerah Otonom Baru (DOB)",Kemiskinan dan Ketimpangan,38 Provinsi,2100,KEP. RIAU,189,Perkotaan,120,2020,62,Semester 2 (September),0.335,21009818912062
bps_webapi,0000,2026-08-19T02:01:19+00:00,2026-08-05 12:26:57,98,Gini Ratio Menurut Provinsi dan Daerah,,3,,"- Sumber  : BPS, Susenas  
<br />- Tahun 2002, Susenas Modul Konsumsi reguler
<br />- Tahun 2005, Susenas Panel (Februari)
<br />- Tahun 2006-2010, Susenas Panel (Maret)
<br />- Tahun 2011-2016, Susenas Modul Konsumsi (Maret dan September)
<br />- Angka Provinsi Papua Barat dan Papua sebelum tahun 2024 merupakan angka provinsi sebelum mengalami pemekaran Daerah Otonom Baru (DOB)",Kemiskinan dan Ketimpangan,38 Provinsi,2100,KEP. RIAU,190,Perdesaan,120,2020,61,Semester 1 (Maret),0.26,21009819012061
bps_webapi,0000,2026-08-19T02:01:19+00:00,2026-08-05 12:26:57,98,Gini Ratio Menurut Provinsi dan Daerah,,3,,"- Sumber  : BPS, Susenas  
<br />- Tahun 2002, Susenas Modul Konsumsi reguler
<br />- Tahun 2005, Susenas Panel (Februari)
<br />- Tahun 2006-2010, Susenas Panel (Maret)
<br />- Tahun 2011-2016, Susenas Modul Konsumsi (Maret dan September)
<br />- Angka Provinsi Papua Barat dan Papua sebelum tahun 2024 merupakan angka provinsi sebelum mengalami pemekaran Daerah Otonom Baru (DOB)",Kemiskinan dan Ketimpangan,38 Provinsi,2100,KEP. RIAU,190,Perdesaan,120,2020,62,Semester 2 (September),0.26,21009819012062
bps_webapi,0000,2026-08-19T02:01:19+00:00,2026-08-05 12:26:57,98,Gini Ratio Menurut Provinsi dan Daerah,,3,,"- Sumber  : BPS, Susenas  
<br />- Tahun 2002, Susenas Modul Konsumsi reguler
<br />- Tahun 2005, Susenas Panel (Februari)
<br />- Tahun 2006-2010, Susenas Panel (Maret)
<br />- Tahun 2011-2016, Susenas Modul Konsumsi (Maret dan September)
<br />- Angka Provinsi Papua Barat dan Papua sebelum tahun 2024 merupakan angka provinsi sebelum mengalami pemekaran Daerah Otonom Baru (DOB)",Kemiskinan dan Ketimpangan,38 Provinsi,2100,KEP. RIAU,191,Perkotaan+Perdesaan,120,2020,61,Semester 1 (Maret),0.339,21009819112061
bps_webapi,0000,2026-08-19T02:01:19+00:00,2026-08-05 12:26:57,98,Gini Ratio Menurut Provinsi dan Daerah,,3,,"- Sumber  : BPS, Susenas  
<br />- Tahun 2002, Susenas Modul Konsumsi reguler
<br />- Tahun 2005, Susenas Panel (Februari)
<br />- Tahun 2006-2010, Susenas Panel (Maret)
<br />- Tahun 2011-2016, Susenas Modul Konsumsi (Maret dan September)
<br />- Angka Provinsi Papua Barat dan Papua sebelum tahun 2024 merupakan angka provinsi sebelum mengalami pemekaran Daerah Otonom Baru (DOB)",Kemiskinan dan Ketimpangan,38 Provinsi,2100,KEP. RIAU,191,Perkotaan+Perdesaan,120,2020,62,Semester 2 (September),0.334,21009819112062
bps_webapi,0000,2026-08-19T02:01:19+00:00,2026-08-05 12:26:57,98,Gini Ratio Menurut Provinsi dan Daerah,,3,,"- Sumber  : BPS, Susenas  
<br />- Tahun 2002, Susenas Modul Konsumsi reguler
<br />- Tahun 2005, Susenas Panel (Februari)
<br />- Tahun 2006-2010, Susenas Panel (Maret)
<br />- Tahun 2011-2016, Susenas Modul Konsumsi (Maret dan September)
<br />- Angka Provinsi Papua Barat dan Papua sebelum tahun 2024 merupakan angka provinsi sebelum mengalami pemekaran Daerah Otonom Baru (DOB)",Kemiskinan dan Ketimpangan,38 Provinsi,3100,DKI JAKARTA,189,Perkotaan,120,2020,61,Semester 1 (Maret),0.399,31009818912061
bps_webapi,0000,2026-08-19T02:01:19+00:00,2026-08-05 12:26:57,98,Gini Ratio Menurut Provinsi dan Daerah,,3,,"- Sumber  : BPS, Susenas  
<br />- Tahun 2002, Susenas Modul Konsumsi reguler
<br />- Tahun 2005, Susenas Panel (Februari)
<br />- Tahun 2006-2010, Susenas Panel (Maret)
<br />- Tahun 2011-2016, Susenas Modul Konsumsi (Maret dan September)
<br />- Angka Provinsi Papua Barat dan Papua sebelum tahun 2024 merupakan angka provinsi sebelum mengalami pemekaran Daerah Otonom Baru (DOB)",Kemiskinan dan Ketimpangan,38 Provinsi,3100,DKI JAKARTA,189,Perkotaan,120,2020,62,Semester 2 (September),0.4,31009818912062
bps_webapi,0000,2026-08-19T02:01:19+00:00,2026-08-05 12:26:57,98,Gini Ratio Menurut Provinsi dan Daerah,,3,,"- Sumber  : BPS, Susenas  
<br />- Tahun 2002, Susenas Modul Konsumsi reguler
<br />- Tahun 2005, Susenas Panel (Februari)
<br />- Tahun 2006-2010, Susenas Panel (Maret)
<br />- Tahun 2011-2016, Susenas Modul Konsumsi (Maret dan September)
<br />- Angka Provinsi Papua Barat dan Papua sebelum tahun 2024 merupakan angka provinsi sebelum mengalami pemekaran Daerah Otonom Baru (DOB)",Kemiskinan dan Ketimpangan,38 Provinsi,3100,DKI JAKARTA,191,Perkotaan+Perdesaan,120,2020,61,Semester 1 (Maret),0.399,31009819112061
bps_webapi,0000,2026-08-19T02:01:19+00:00,2026-08-05 12:26:57,98,Gini Ratio Menurut Provinsi dan Daerah,,3,,"- Sumber  : BPS, Susenas  
<br />- Tahun 2002, Susenas Modul Konsumsi reguler
<br />- Tahun 2005, Susenas Panel (Februari)
<br />- Tahun 2006-2010, Susenas Panel (Maret)
<br />- Tahun 2011-2016, Susenas Modul Konsumsi (Maret dan September)
<br />- Angka Provinsi Papua Barat dan Papua sebelum tahun 2024 merupakan angka provinsi sebelum mengalami pemekaran Daerah Otonom Baru (DOB)",Kemiskinan dan Ketimpangan,38 Provinsi,3100,DKI JAKARTA,191,Perkotaan+Perdesaan,120,2020,62,Semester 2 (September),0.4,31009819112062
bps_webapi,0000,2026-08-19T02:01:19+00:00,2026-08-05 12:26:57,98,Gini Ratio Menurut Provinsi dan Daerah,,3,,"- Sumber  : BPS, Susenas  
<br />- Tahun 2002, Susenas Modul Konsumsi reguler
<br />- Tahun 2005, Susenas Panel (Februari)
<br />- Tahun 2006-2010, Susenas Panel (Maret)
<br />- Tahun 2011-2016, Susenas Modul Konsumsi (Maret dan September)
<br />- Angka Provinsi Papua Barat dan Papua sebelum tahun 2024 merupakan angka provinsi sebelum mengalami pemekaran Daerah Otonom Baru (DOB)",Kemiskinan dan Ketimpangan,38 Provinsi,3200,JAWA BARAT,189,Perkotaan,120,2020,61,Semester 1 (Maret),0.412,32009818912061
bps_webapi,0000,2026-08-19T02:01:19+00:00,2026-08-05 12:26:57,98,Gini Ratio Menurut Provinsi dan Daerah,,3,,"- Sumber  : BPS, Susenas  
<br />- Tahun 2002, Susenas Modul Konsumsi reguler
<br />- Tahun 2005, Susenas Panel (Februari)
<br />- Tahun 2006-2010, Susenas Panel (Maret)
<br />- Tahun 2011-2016, Susenas Modul Konsumsi (Maret dan September)
<br />- Angka Provinsi Papua Barat dan Papua sebelum tahun 2024 merupakan angka provinsi sebelum mengalami pemekaran Daerah Otonom Baru (DOB)",Kemiskinan dan Ketimpangan,38 Provinsi,3200,JAWA BARAT,189,Perkotaan,120,2020,62,Semester 2 (September),0.409,32009818912062
bps_webapi,0000,2026-08-19T02:01:19+00:00,2026-08-05 12:26:57,98,Gini Ratio Menurut Provinsi dan Daerah,,3,,"- Sumber  : BPS, Susenas  
<br />- Tahun 2002, Susenas Modul Konsumsi reguler
<br />- Tahun 2005, Susenas Panel (Februari)
<br />- Tahun 2006-2010, Susenas Panel (Maret)
<br />- Tahun 2011-2016, Susenas Modul Konsumsi (Maret dan September)
<br />- Angka Provinsi Papua Barat dan Papua sebelum tahun 2024 merupakan angka provinsi sebelum mengalami pemekaran Daerah Otonom Baru (DOB)",Kemiskinan dan Ketimpangan,38 Provinsi,3200,JAWA BARAT,190,Perdesaan,120,2020,61,Semester 1 (Maret),0.325,32009819012061
bps_webapi,0000,2026-08-19T02:01:19+00:00,2026-08-05 12:26:57,98,Gini Ratio Menurut Provinsi dan Daerah,,3,,"- Sumber  : BPS, Susenas  
<br />- Tahun 2002, Susenas Modul Konsumsi reguler
<br />- Tahun 2005, Susenas Panel (Februari)
<br />- Tahun 2006-2010, Susenas Panel (Maret)
<br />- Tahun 2011-2016, Susenas Modul Konsumsi (Maret dan September)
<br />- Angka Provinsi Papua Barat dan Papua sebelum tahun 2024 merupakan angka provinsi sebelum mengalami pemekaran Daerah Otonom Baru (DOB)",Kemiskinan dan Ketimpangan,38 Provinsi,3200,JAWA BARAT,190,Perdesaan,120,2020,62,Semester 2 (September),0.326,32009819012062
bps_webapi,0000,2026-08-19T02:01:19+00:00,2026-08-05 12:26:57,98,Gini Ratio Menurut Provinsi dan Daerah,,3,,"- Sumber  : BPS, Susenas  
<br />- Tahun 2002, Susenas Modul Konsumsi reguler
<br />- Tahun 2005, Susenas Panel (Februari)
<br />- Tahun 2006-2010, Susenas Panel (Maret)
<br />- Tahun 2011-2016, Susenas Modul Konsumsi (Maret dan September)
<br />- Angka Provinsi Papua Barat dan Papua sebelum tahun 2024 merupakan angka provinsi sebelum mengalami pemekaran Daerah Otonom Baru (DOB)",Kemiskinan dan Ketimpangan,38 Provinsi,3200,JAWA BARAT,191,Perkotaan+Perdesaan,120,2020,61,Semester 1 (Maret),0.403,32009819112061
bps_webapi,0000,2026-08-19T02:01:19+00:00,2026-08-05 12:26:57,98,Gini Ratio Menurut Provinsi dan Daerah,,3,,"- Sumber  : BPS, Susenas  
<br />- Tahun 2002, Susenas Modul Konsumsi reguler
<br />- Tahun 2005, Susenas Panel (Februari)
<br />- Tahun 2006-2010, Susenas Panel (Maret)
<br />- Tahun 2011-2016, Susenas Modul Konsumsi (Maret dan September)
<br />- Angka Provinsi Papua Barat dan Papua sebelum tahun 2024 merupakan angka provinsi sebelum mengalami pemekaran Daerah Otonom Baru (DOB)",Kemiskinan dan Ketimpangan,38 Provinsi,3200,JAWA BARAT,191,Perkotaan+Perdesaan,120,2020,62,Semester 2 (September),0.398,32009819112062
bps_webapi,0000,2026-08-19T02:01:19+00:00,2026-08-05 12:26:57,98,Gini Ratio Menurut Provinsi dan Daerah,,3,,"- Sumber  : BPS, Susenas  
<br />- Tahun 2002, Susenas Modul Konsumsi reguler
<br />- Tahun 2005, Susenas Panel (Februari)
<br />- Tahun 2006-2010, Susenas Panel (Maret)
<br />- Tahun 2011-2016, Susenas Modul Konsumsi (Maret dan September)
<br />- Angka Provinsi Papua Barat dan Papua sebelum tahun 2024 merupakan angka provinsi sebelum mengalami pemekaran Daerah Otonom Baru (DOB)",Kemiskinan dan Ketimpangan,38 Provinsi,3300,JAWA TENGAH,189,Perkotaan,120,2020,61,Semester 1 (Maret),0.385,33009818912061
bps_webapi,0000,2026-08-19T02:01:19+00:00,2026-08-05 12:26:57,98,Gini Ratio Menurut Provinsi dan Daerah,,3,,"- Sumber  : BPS, Susenas  
<br />- Tahun 2002, Susenas Modul Konsumsi reguler
<br />- Tahun 2005, Susenas Panel (Februari)
<br />- Tahun 2006-2010, Susenas Panel (Maret)
<br />- Tahun 2011-2016, Susenas Modul Konsumsi (Maret dan September)
<br />- Angka Provinsi Papua Barat dan Papua sebelum tahun 2024 merupakan angka provinsi sebelum mengalami pemekaran Daerah Otonom Baru (DOB)",Kemiskinan dan Ketimpangan,38 Provinsi,3300,JAWA TENGAH,189,Perkotaan,120,2020,62,Semester 2 (September),0.386,33009818912062
bps_webapi,0000,2026-08-19T02:01:19+00:00,2026-08-05 12:26:57,98,Gini Ratio Menurut Provinsi dan Daerah,,3,,"- Sumber  : BPS, Susenas  
<br />- Tahun 2002, Susenas Modul Konsumsi reguler
<br />- Tahun 2005, Susenas Panel (Februari)
<br />- Tahun 2006-2010, Susenas Panel (Maret)
<br />- Tahun 2011-2016, Susenas Modul Konsumsi (Maret dan September)
<br />- Angka Provinsi Papua Barat dan Papua sebelum tahun 2024 merupakan angka provinsi sebelum mengalami pemekaran Daerah Otonom Baru (DOB)",Kemiskinan dan Ketimpangan,38 Provinsi,3300,JAWA TENGAH,190,Perdesaan,120,2020,61,Semester 1 (Maret),0.319,33009819012061
bps_webapi,0000,2026-08-19T02:01:19+00:00,2026-08-05 12:26:57,98,Gini Ratio Menurut Provinsi dan Daerah,,3,,"- Sumber  : BPS, Susenas  
<br />- Tahun 2002, Susenas Modul Konsumsi reguler
<br />- Tahun 2005, Susenas Panel (Februari)
<br />- Tahun 2006-2010, Susenas Panel (Maret)
<br />- Tahun 2011-2016, Susenas Modul Konsumsi (Maret dan September)
<br />- Angka Provinsi Papua Barat dan Papua sebelum tahun 2024 merupakan angka provinsi sebelum mengalami pemekaran Daerah Otonom Baru (DOB)",Kemiskinan dan Ketimpangan,38 Provinsi,3300,JAWA TENGAH,190,Perdesaan,120,2020,62,Semester 2 (September),0.318,33009819012062
bps_webapi,0000,2026-08-19T02:01:19+00:00,2026-08-05 12:26:57,98,Gini Ratio Menurut Provinsi dan Daerah,,3,,"- Sumber  : BPS, Susenas  
<br />- Tahun 2002, Susenas Modul Konsumsi reguler
<br />- Tahun 2005, Susenas Panel (Februari)
<br />- Tahun 2006-2010, Susenas Panel (Maret)
<br />- Tahun 2011-2016, Susenas Modul Konsumsi (Maret dan September)
<br />- Angka Provinsi Papua Barat dan Papua sebelum tahun 2024 merupakan angka provinsi sebelum mengalami pemekaran Daerah Otonom Baru (DOB)",Kemiskinan dan Ketimpangan,38 Provinsi,3300,JAWA TENGAH,191,Perkotaan+Perdesaan,120,2020,61,Semester 1 (Maret),0.362,33009819112061
bps_webapi,0000,2026-08-19T02:01:19+00:00,2026-08-05 12:26:57,98,Gini Ratio Menurut Provinsi dan Daerah,,3,,"- Sumber  : BPS, Susenas  
<br />- Tahun 2002, Susenas Modul Konsumsi reguler
<br />- Tahun 2005, Susenas Panel (Februari)
<br />- Tahun 2006-2010, Susenas Panel (Maret)
<br />- Tahun 2011-2016, Susenas Modul Konsumsi (Maret dan September)
<br />- Angka Provinsi Papua Barat dan Papua sebelum tahun 2024 merupakan angka provinsi sebelum mengalami pemekaran Daerah Otonom Baru (DOB)",Kemiskinan dan Ketimpangan,38 Provinsi,3300,JAWA TENGAH,191,Perkotaan+Perdesaan,120,2020,62,Semester 2 (September),0.359,33009819112062
bps_webapi,0000,2026-08-19T02:01:19+00:00,2026-08-05 12:26:57,98,Gini Ratio Menurut Provinsi dan Daerah,,3,,"- Sumber  : BPS, Susenas  
<br />- Tahun 2002, Susenas Modul Konsumsi reguler
<br />- Tahun 2005, Susenas Panel (Februari)
<br />- Tahun 2006-2010, Susenas Panel (Maret)
<br />- Tahun 2011-2016, Susenas Modul Konsumsi (Maret dan September)
<br />- Angka Provinsi Papua Barat dan Papua sebelum tahun 2024 merupakan angka provinsi sebelum mengalami pemekaran Daerah Otonom Baru (DOB)",Kemiskinan dan Ketimpangan,38 Provinsi,3400,DI YOGYAKARTA,189,Perkotaan,120,2020,61,Semester 1 (Maret),0.436,34009818912061
bps_webapi,0000,2026-08-19T02:01:19+00:00,2026-08-05 12:26:57,98,Gini Ratio Menurut Provinsi dan Daerah,,3,,"- Sumber  : BPS, Susenas  
<br />- Tahun 2002, Susenas Modul Konsumsi reguler
<br />- Tahun 2005, Susenas Panel (Februari)
<br />- Tahun 2006-2010, Susenas Panel (Maret)
<br />- Tahun 2011-2016, Susenas Modul Konsumsi (Maret dan September)
<br />- Angka Provinsi Papua Barat dan Papua sebelum tahun 2024 merupakan angka provinsi sebelum mengalami pemekaran Daerah Otonom Baru (DOB)",Kemiskinan dan Ketimpangan,38 Provinsi,3400,DI YOGYAKARTA,189,Perkotaan,120,2020,62,Semester 2 (September),0.439,34009818912062
bps_webapi,0000,2026-08-19T02:01:19+00:00,2026-08-05 12:26:57,98,Gini Ratio Menurut Provinsi dan Daerah,,3,,"- Sumber  : BPS, Susenas  
<br />- Tahun 2002, Susenas Modul Konsumsi reguler
<br />- Tahun 2005, Susenas Panel (Februari)
<br />- Tahun 2006-2010, Susenas Panel (Maret)
<br />- Tahun 2011-2016, Susenas Modul Konsumsi (Maret dan September)
<br />- Angka Provinsi Papua Barat dan Papua sebelum tahun 2024 merupakan angka provinsi sebelum mengalami pemekaran Daerah Otonom Baru (DOB)",Kemiskinan dan Ketimpangan,38 Provinsi,3400,DI YOGYAKARTA,190,Perdesaan,120,2020,61,Semester 1 (Maret),0.328,34009819012061
bps_webapi,0000,2026-08-19T02:01:19+00:00,2026-08-05 12:26:57,98,Gini Ratio Menurut Provinsi dan Daerah,,3,,"- Sumber  : BPS, Susenas  
<br />- Tahun 2002, Susenas Modul Konsumsi reguler
<br />- Tahun 2005, Susenas Panel (Februari)
<br />- Tahun 2006-2010, Susenas Panel (Maret)
<br />- Tahun 2011-2016, Susenas Modul Konsumsi (Maret dan September)
<br />- Angka Provinsi Papua Barat dan Papua sebelum tahun 2024 merupakan angka provinsi sebelum mengalami pemekaran Daerah Otonom Baru (DOB)",Kemiskinan dan Ketimpangan,38 Provinsi,3400,DI YOGYAKARTA,190,Perdesaan,120,2020,62,Semester 2 (September),0.329,34009819012062
bps_webapi,0000,2026-08-19T02:01:19+00:00,2026-08-05 12:26:57,98,Gini Ratio Menurut Provinsi dan Daerah,,3,,"- Sumber  : BPS, Susenas  
<br />- Tahun 2002, Susenas Modul Konsumsi reguler
<br />- Tahun 2005, Susenas Panel (Februari)
<br />- Tahun 2006-2010, Susenas Panel (Maret)
<br />- Tahun 2011-2016, Susenas Modul Konsumsi (Maret dan September)
<br />- Angka Provinsi Papua Barat dan Papua sebelum tahun 2024 merupakan angka provinsi sebelum mengalami pemekaran Daerah Otonom Baru (DOB)",Kemiskinan dan Ketimpangan,38 Provinsi,3400,DI YOGYAKARTA,191,Perkotaan+Perdesaan,120,2020,61,Semester 1 (Maret),0.434,34009819112061
bps_webapi,0000,2026-08-19T02:01:19+00:00,2026-08-05 12:26:57,98,Gini Ratio Menurut Provinsi dan Daerah,,3,,"- Sumber  : BPS, Susenas  
<br />- Tahun 2002, Susenas Modul Konsumsi reguler
<br />- Tahun 2005, Susenas Panel (Februari)
<br />- Tahun 2006-2010, Susenas Panel (Maret)
<br />- Tahun 2011-2016, Susenas Modul Konsumsi (Maret dan September)
<br />- Angka Provinsi Papua Barat dan Papua sebelum tahun 2024 merupakan angka provinsi sebelum mengalami pemekaran Daerah Otonom Baru (DOB)",Kemiskinan dan Ketimpangan,38 Provinsi,3400,DI YOGYAKARTA,191,Perkotaan+Perdesaan,120,2020,62,Semester 2 (September),0.437,34009819112062
bps_webapi,0000,2026-08-19T02:01:19+00:00,2026-08-05 12:26:57,98,Gini Ratio Menurut Provinsi dan Daerah,,3,,"- Sumber  : BPS, Susenas  
<br />- Tahun 2002, Susenas Modul Konsumsi reguler
<br />- Tahun 2005, Susenas Panel (Februari)
<br />- Tahun 2006-2010, Susenas Panel (Maret)
<br />- Tahun 2011-2016, Susenas Modul Konsumsi (Maret dan September)
<br />- Angka Provinsi Papua Barat dan Papua sebelum tahun 2024 merupakan angka provinsi sebelum mengalami pemekaran Daerah Otonom Baru (DOB)",Kemiskinan dan Ketimpangan,38 Provinsi,3500,JAWA TIMUR,189,Perkotaan,120,2020,61,Semester 1 (Maret),0.377,35009818912061
bps_webapi,0000,2026-08-19T02:01:19+00:00,2026-08-05 12:26:57,98,Gini Ratio Menurut Provinsi dan Daerah,,3,,"- Sumber  : BPS, Susenas  
<br />- Tahun 2002, Susenas Modul Konsumsi reguler
<br />- Tahun 2005, Susenas Panel (Februari)
<br />- Tahun 2006-2010, Susenas Panel (Maret)
<br />- Tahun 2011-2016, Susenas Modul Konsumsi (Maret dan September)
<br />- Angka Provinsi Papua Barat dan Papua sebelum tahun 2024 merupakan angka provinsi sebelum mengalami pemekaran Daerah Otonom Baru (DOB)",Kemiskinan dan Ketimpangan,38 Provinsi,3500,JAWA TIMUR,189,Perkotaan,120,2020,62,Semester 2 (September),0.373,35009818912062
bps_webapi,0000,2026-08-19T02:01:19+00:00,2026-08-05 12:26:57,98,Gini Ratio Menurut Provinsi dan Daerah,,3,,"- Sumber  : BPS, Susenas  
<br />- Tahun 2002, Susenas Modul Konsumsi reguler
<br />- Tahun 2005, Susenas Panel (Februari)
<br />- Tahun 2006-2010, Susenas Panel (Maret)
<br />- Tahun 2011-2016, Susenas Modul Konsumsi (Maret dan September)
<br />- Angka Provinsi Papua Barat dan Papua sebelum tahun 2024 merupakan angka provinsi sebelum mengalami pemekaran Daerah Otonom Baru (DOB)",Kemiskinan dan Ketimpangan,38 Provinsi,3500,JAWA TIMUR,190,Perdesaan,120,2020,61,Semester 1 (Maret),0.316,35009819012061
bps_webapi,0000,2026-08-19T02:01:19+00:00,2026-08-05 12:26:57,98,Gini Ratio Menurut Provinsi dan Daerah,,3,,"- Sumber  : BPS, Susenas  
<br />- Tahun 2002, Susenas Modul Konsumsi reguler
<br />- Tahun 2005, Susenas Panel (Februari)
<br />- Tahun 2006-2010, Susenas Panel (Maret)
<br />- Tahun 2011-2016, Susenas Modul Konsumsi (Maret dan September)
<br />- Angka Provinsi Papua Barat dan Papua sebelum tahun 2024 merupakan angka provinsi sebelum mengalami pemekaran Daerah Otonom Baru (DOB)",Kemiskinan dan Ketimpangan,38 Provinsi,3500,JAWA TIMUR,190,Perdesaan,120,2020,62,Semester 2 (September),0.318,35009819012062
bps_webapi,0000,2026-08-19T02:01:19+00:00,2026-08-05 12:26:57,98,Gini Ratio Menurut Provinsi dan Daerah,,3,,"- Sumber  : BPS, Susenas  
<br />- Tahun 2002, Susenas Modul Konsumsi reguler
<br />- Tahun 2005, Susenas Panel (Februari)
<br />- Tahun 2006-2010, Susenas Panel (Maret)
<br />- Tahun 2011-2016, Susenas Modul Konsumsi (Maret dan September)
<br />- Angka Provinsi Papua Barat dan Papua sebelum tahun 2024 merupakan angka provinsi sebelum mengalami pemekaran Daerah Otonom Baru (DOB)",Kemiskinan dan Ketimpangan,38 Provinsi,3500,JAWA TIMUR,191,Perkotaan+Perdesaan,120,2020,61,Semester 1 (Maret),0.366,35009819112061
bps_webapi,0000,2026-08-19T02:01:19+00:00,2026-08-05 12:26:57,98,Gini Ratio Menurut Provinsi dan Daerah,,3,,"- Sumber  : BPS, Susenas  
<br />- Tahun 2002, Susenas Modul Konsumsi reguler
<br />- Tahun 2005, Susenas Panel (Februari)
<br />- Tahun 2006-2010, Susenas Panel (Maret)
<br />- Tahun 2011-2016, Susenas Modul Konsumsi (Maret dan September)
<br />- Angka Provinsi Papua Barat dan Papua sebelum tahun 2024 merupakan angka provinsi sebelum mengalami pemekaran Daerah Otonom Baru (DOB)",Kemiskinan dan Ketimpangan,38 Provinsi,3500,JAWA TIMUR,191,Perkotaan+Perdesaan,120,2020,62,Semester 2 (September),0.364,35009819112062
bps_webapi,0000,2026-08-19T02:01:19+00:00,2026-08-05 12:26:57,98,Gini Ratio Menurut Provinsi dan Daerah,,3,,"- Sumber  : BPS, Susenas  
<br />- Tahun 2002, Susenas Modul Konsumsi reguler
<br />- Tahun 2005, Susenas Panel (Februari)
<br />- Tahun 2006-2010, Susenas Panel (Maret)
<br />- Tahun 2011-2016, Susenas Modul Konsumsi (Maret dan September)
<br />- Angka Provinsi Papua Barat dan Papua sebelum tahun 2024 merupakan angka provinsi sebelum mengalami pemekaran Daerah Otonom Baru (DOB)",Kemiskinan dan Ketimpangan,38 Provinsi,3600,BANTEN,189,Perkotaan,120,2020,61,Semester 1 (Maret),0.36,36009818912061
bps_webapi,0000,2026-08-19T02:01:19+00:00,2026-08-05 12:26:57,98,Gini Ratio Menurut Provinsi dan Daerah,,3,,"- Sumber  : BPS, Susenas  
<br />- Tahun 2002, Susenas Modul Konsumsi reguler
<br />- Tahun 2005, Susenas Panel (Februari)
<br />- Tahun 2006-2010, Susenas Panel (Maret)
<br />- Tahun 2011-2016, Susenas Modul Konsumsi (Maret dan September)
<br />- Angka Provinsi Papua Barat dan Papua sebelum tahun 2024 merupakan angka provinsi sebelum mengalami pemekaran Daerah Otonom Baru (DOB)",Kemiskinan dan Ketimpangan,38 Provinsi,3600,BANTEN,189,Perkotaan,120,2020,62,Semester 2 (September),0.361,36009818912062
bps_webapi,0000,2026-08-19T02:01:19+00:00,2026-08-05 12:26:57,98,Gini Ratio Menurut Provinsi dan Daerah,,3,,"- Sumber  : BPS, Susenas  
<br />- Tahun 2002, Susenas Modul Konsumsi reguler
<br />- Tahun 2005, Susenas Panel (Februari)
<br />- Tahun 2006-2010, Susenas Panel (Maret)
<br />- Tahun 2011-2016, Susenas Modul Konsumsi (Maret dan September)
<br />- Angka Provinsi Papua Barat dan Papua sebelum tahun 2024 merupakan angka provinsi sebelum mengalami pemekaran Daerah Otonom Baru (DOB)",Kemiskinan dan Ketimpangan,38 Provinsi,3600,BANTEN,190,Perdesaan,120,2020,61,Semester 1 (Maret),0.296,36009819012061
bps_webapi,0000,2026-08-19T02:01:19+00:00,2026-08-05 12:26:57,98,Gini Ratio Menurut Provinsi dan Daerah,,3,,"- Sumber  : BPS, Susenas  
<br />- Tahun 2002, Susenas Modul Konsumsi reguler
<br />- Tahun 2005, Susenas Panel (Februari)
<br />- Tahun 2006-2010, Susenas Panel (Maret)
<br />- Tahun 2011-2016, Susenas Modul Konsumsi (Maret dan September)
<br />- Angka Provinsi Papua Barat dan Papua sebelum tahun 2024 merupakan angka provinsi sebelum mengalami pemekaran Daerah Otonom Baru (DOB)",Kemiskinan dan Ketimpangan,38 Provinsi,3600,BANTEN,190,Perdesaan,120,2020,62,Semester 2 (September),0.296,36009819012062
bps_webapi,0000,2026-08-19T02:01:19+00:00,2026-08-05 12:26:57,98,Gini Ratio Menurut Provinsi dan Daerah,,3,,"- Sumber  : BPS, Susenas  
<br />- Tahun 2002, Susenas Modul Konsumsi reguler
<br />- Tahun 2005, Susenas Panel (Februari)
<br />- Tahun 2006-2010, Susenas Panel (Maret)
<br />- Tahun 2011-2016, Susenas Modul Konsumsi (Maret dan September)
<br />- Angka Provinsi Papua Barat dan Papua sebelum tahun 2024 merupakan angka provinsi sebelum mengalami pemekaran Daerah Otonom Baru (DOB)",Kemiskinan dan Ketimpangan,38 Provinsi,3600,BANTEN,191,Perkotaan+Perdesaan,120,2020,61,Semester 1 (Maret),0.363,36009819112061
bps_webapi,0000,2026-08-19T02:01:19+00:00,2026-08-05 12:26:57,98,Gini Ratio Menurut Provinsi dan Daerah,,3,,"- Sumber  : BPS, Susenas  
<br />- Tahun 2002, Susenas Modul Konsumsi reguler
<br />- Tahun 2005, Susenas Panel (Februari)
<br />- Tahun 2006-2010, Susenas Panel (Maret)
<br />- Tahun 2011-2016, Susenas Modul Konsumsi (Maret dan September)
<br />- Angka Provinsi Papua Barat dan Papua sebelum tahun 2024 merupakan angka provinsi sebelum mengalami pemekaran Daerah Otonom Baru (DOB)",Kemiskinan dan Ketimpangan,38 Provinsi,3600,BANTEN,191,Perkotaan+Perdesaan,120,2020,62,Semester 2 (September),0.365,36009819112062
bps_webapi,0000,2026-08-19T02:01:19+00:00,2026-08-05 12:26:57,98,Gini Ratio Menurut Provinsi dan Daerah,,3,,"- Sumber  : BPS, Susenas  
<br />- Tahun 2002, Susenas Modul Konsumsi reguler
<br />- Tahun 2005, Susenas Panel (Februari)
<br />- Tahun 2006-2010, Susenas Panel (Maret)
<br />- Tahun 2011-2016, Susenas Modul Konsumsi (Maret dan September)
<br />- Angka Provinsi Papua Barat dan Papua sebelum tahun 2024 merupakan angka provinsi sebelum mengalami pemekaran Daerah Otonom Baru (DOB)",Kemiskinan dan Ketimpangan,38 Provinsi,5100,BALI,189,Perkotaan,120,2020,61,Semester 1 (Maret),0.372,51009818912061
bps_webapi,0000,2026-08-19T02:01:19+00:00,2026-08-05 12:26:57,98,Gini Ratio Menurut Provinsi dan Daerah,,3,,"- Sumber  : BPS, Susenas  
<br />- Tahun 2002, Susenas Modul Konsumsi reguler
<br />- Tahun 2005, Susenas Panel (Februari)
<br />- Tahun 2006-2010, Susenas Panel (Maret)
<br />- Tahun 2011-2016, Susenas Modul Konsumsi (Maret dan September)
<br />- Angka Provinsi Papua Barat dan Papua sebelum tahun 2024 merupakan angka provinsi sebelum mengalami pemekaran Daerah Otonom Baru (DOB)",Kemiskinan dan Ketimpangan,38 Provinsi,5100,BALI,189,Perkotaan,120,2020,62,Semester 2 (September),0.378,51009818912062
bps_webapi,0000,2026-08-19T02:01:19+00:00,2026-08-05 12:26:57,98,Gini Ratio Menurut Provinsi dan Daerah,,3,,"- Sumber  : BPS, Susenas  
<br />- Tahun 2002, Susenas Modul Konsumsi reguler
<br />- Tahun 2005, Susenas Panel (Februari)
<br />- Tahun 2006-2010, Susenas Panel (Maret)
<br />- Tahun 2011-2016, Susenas Modul Konsumsi (Maret dan September)
<br />- Angka Provinsi Papua Barat dan Papua sebelum tahun 2024 merupakan angka provinsi sebelum mengalami pemekaran Daerah Otonom Baru (DOB)",Kemiskinan dan Ketimpangan,38 Provinsi,5100,BALI,190,Perdesaan,120,2020,61,Semester 1 (Maret),0.298,51009819012061
bps_webapi,0000,2026-08-19T02:01:19+00:00,2026-08-05 12:26:57,98,Gini Ratio Menurut Provinsi dan Daerah,,3,,"- Sumber  : BPS, Susenas  
<br />- Tahun 2002, Susenas Modul Konsumsi reguler
<br />- Tahun 2005, Susenas Panel (Februari)
<br />- Tahun 2006-2010, Susenas Panel (Maret)
<br />- Tahun 2011-2016, Susenas Modul Konsumsi (Maret dan September)
<br />- Angka Provinsi Papua Barat dan Papua sebelum tahun 2024 merupakan angka provinsi sebelum mengalami pemekaran Daerah Otonom Baru (DOB)",Kemiskinan dan Ketimpangan,38 Provinsi,5100,BALI,190,Perdesaan,120,2020,62,Semester 2 (September),0.304,51009819012062
bps_webapi,0000,2026-08-19T02:01:19+00:00,2026-08-05 12:26:57,98,Gini Ratio Menurut Provinsi dan Daerah,,3,,"- Sumber  : BPS, Susenas  
<br />- Tahun 2002, Susenas Modul Konsumsi reguler
<br />- Tahun 2005, Susenas Panel (Februari)
<br />- Tahun 2006-2010, Susenas Panel (Maret)
<br />- Tahun 2011-2016, Susenas Modul Konsumsi (Maret dan September)
<br />- Angka Provinsi Papua Barat dan Papua sebelum tahun 2024 merupakan angka provinsi sebelum mengalami pemekaran Daerah Otonom Baru (DOB)",Kemiskinan dan Ketimpangan,38 Provinsi,5100,BALI,191,Perkotaan+Perdesaan,120,2020,61,Semester 1 (Maret),0.369,51009819112061
bps_webapi,0000,2026-08-19T02:01:19+00:00,2026-08-05 12:26:57,98,Gini Ratio Menurut Provinsi dan Daerah,,3,,"- Sumber  : BPS, Susenas  
<br />- Tahun 2002, Susenas Modul Konsumsi reguler
<br />- Tahun 2005, Susenas Panel (Februari)
<br />- Tahun 2006-2010, Susenas Panel (Maret)
<br />- Tahun 2011-2016, Susenas Modul Konsumsi (Maret dan September)
<br />- Angka Provinsi Papua Barat dan Papua sebelum tahun 2024 merupakan angka provinsi sebelum mengalami pemekaran Daerah Otonom Baru (DOB)",Kemiskinan dan Ketimpangan,38 Provinsi,5100,BALI,191,Perkotaan+Perdesaan,120,2020,62,Semester 2 (September),0.369,51009819112062
bps_webapi,0000,2026-08-19T02:01:19+00:00,2026-08-05 12:26:57,98,Gini Ratio Menurut Provinsi dan Daerah,,3,,"- Sumber  : BPS, Susenas  
<br />- Tahun 2002, Susenas Modul Konsumsi reguler
<br />- Tahun 2005, Susenas Panel (Februari)
<br />- Tahun 2006-2010, Susenas Panel (Maret)
<br />- Tahun 2011-2016, Susenas Modul Konsumsi (Maret dan September)
<br />- Angka Provinsi Papua Barat dan Papua sebelum tahun 2024 merupakan angka provinsi sebelum mengalami pemekaran Daerah Otonom Baru (DOB)",Kemiskinan dan Ketimpangan,38 Provinsi,5200,NUSA TENGGARA BARAT,189,Perkotaan,120,2020,61,Semester 1 (Maret),0.403,52009818912061
bps_webapi,0000,2026-08-19T02:01:19+00:00,2026-08-05 12:26:57,98,Gini Ratio Menurut Provinsi dan Daerah,,3,,"- Sumber  : BPS, Susenas  
<br />- Tahun 2002, Susenas Modul Konsumsi reguler
<br />- Tahun 2005, Susenas Panel (Februari)
<br />- Tahun 2006-2010, Susenas Panel (Maret)
<br />- Tahun 2011-2016, Susenas Modul Konsumsi (Maret dan September)
<br />- Angka Provinsi Papua Barat dan Papua sebelum tahun 2024 merupakan angka provinsi sebelum mengalami pemekaran Daerah Otonom Baru (DOB)",Kemiskinan dan Ketimpangan,38 Provinsi,5200,NUSA TENGGARA BARAT,189,Perkotaan,120,2020,62,Semester 2 (September),0.405,52009818912062
bps_webapi,0000,2026-08-19T02:01:19+00:00,2026-08-05 12:26:57,98,Gini Ratio Menurut Provinsi dan Daerah,,3,,"- Sumber  : BPS, Susenas  
<br />- Tahun 2002, Susenas Modul Konsumsi reguler
<br />- Tahun 2005, Susenas Panel (Februari)
<br />- Tahun 2006-2010, Susenas Panel (Maret)
<br />- Tahun 2011-2016, Susenas Modul Konsumsi (Maret dan September)
<br />- Angka Provinsi Papua Barat dan Papua sebelum tahun 2024 merupakan angka provinsi sebelum mengalami pemekaran Daerah Otonom Baru (DOB)",Kemiskinan dan Ketimpangan,38 Provinsi,5200,NUSA TENGGARA BARAT,190,Perdesaan,120,2020,61,Semester 1 (Maret),0.337,52009819012061
bps_webapi,0000,2026-08-19T02:01:19+00:00,2026-08-05 12:26:57,98,Gini Ratio Menurut Provinsi dan Daerah,,3,,"- Sumber  : BPS, Susenas  
<br />- Tahun 2002, Susenas Modul Konsumsi reguler
<br />- Tahun 2005, Susenas Panel (Februari)
<br />- Tahun 2006-2010, Susenas Panel (Maret)
<br />- Tahun 2011-2016, Susenas Modul Konsumsi (Maret dan September)
<br />- Angka Provinsi Papua Barat dan Papua sebelum tahun 2024 merupakan angka provinsi sebelum mengalami pemekaran Daerah Otonom Baru (DOB)",Kemiskinan dan Ketimpangan,38 Provinsi,5200,NUSA TENGGARA BARAT,190,Perdesaan,120,2020,62,Semester 2 (September),0.336,52009819012062
bps_webapi,0000,2026-08-19T02:01:19+00:00,2026-08-05 12:26:57,98,Gini Ratio Menurut Provinsi dan Daerah,,3,,"- Sumber  : BPS, Susenas  
<br />- Tahun 2002, Susenas Modul Konsumsi reguler
<br />- Tahun 2005, Susenas Panel (Februari)
<br />- Tahun 2006-2010, Susenas Panel (Maret)
<br />- Tahun 2011-2016, Susenas Modul Konsumsi (Maret dan September)
<br />- Angka Provinsi Papua Barat dan Papua sebelum tahun 2024 merupakan angka provinsi sebelum mengalami pemekaran Daerah Otonom Baru (DOB)",Kemiskinan dan Ketimpangan,38 Provinsi,5200,NUSA TENGGARA BARAT,191,Perkotaan+Perdesaan,120,2020,61,Semester 1 (Maret),0.376,52009819112061
bps_webapi,0000,2026-08-19T02:01:19+00:00,2026-08-05 12:26:57,98,Gini Ratio Menurut Provinsi dan Daerah,,3,,"- Sumber  : BPS, Susenas  
<br />- Tahun 2002, Susenas Modul Konsumsi reguler
<br />- Tahun 2005, Susenas Panel (Februari)
<br />- Tahun 2006-2010, Susenas Panel (Maret)
<br />- Tahun 2011-2016, Susenas Modul Konsumsi (Maret dan September)
<br />- Angka Provinsi Papua Barat dan Papua sebelum tahun 2024 merupakan angka provinsi sebelum mengalami pemekaran Daerah Otonom Baru (DOB)",Kemiskinan dan Ketimpangan,38 Provinsi,5200,NUSA TENGGARA BARAT,191,Perkotaan+Perdesaan,120,2020,62,Semester 2 (September),0.386,52009819112062
bps_webapi,0000,2026-08-19T02:01:19+00:00,2026-08-05 12:26:57,98,Gini Ratio Menurut Provinsi dan Daerah,,3,,"- Sumber  : BPS, Susenas  
<br />- Tahun 2002, Susenas Modul Konsumsi reguler
<br />- Tahun 2005, Susenas Panel (Februari)
<br />- Tahun 2006-2010, Susenas Panel (Maret)
<br />- Tahun 2011-2016, Susenas Modul Konsumsi (Maret dan September)
<br />- Angka Provinsi Papua Barat dan Papua sebelum tahun 2024 merupakan angka provinsi sebelum mengalami pemekaran Daerah Otonom Baru (DOB)",Kemiskinan dan Ketimpangan,38 Provinsi,5300,NUSA TENGGARA TIMUR,189,Perkotaan,120,2020,61,Semester 1 (Maret),0.334,53009818912061
bps_webapi,0000,2026-08-19T02:01:19+00:00,2026-08-05 12:26:57,98,Gini Ratio Menurut Provinsi dan Daerah,,3,,"- Sumber  : BPS, Susenas  
<br />- Tahun 2002, Susenas Modul Konsumsi reguler
<br />- Tahun 2005, Susenas Panel (Februari)
<br />- Tahun 2006-2010, Susenas Panel (Maret)
<br />- Tahun 2011-2016, Susenas Modul Konsumsi (Maret dan September)
<br />- Angka Provinsi Papua Barat dan Papua sebelum tahun 2024 merupakan angka provinsi sebelum mengalami pemekaran Daerah Otonom Baru (DOB)",Kemiskinan dan Ketimpangan,38 Provinsi,5300,NUSA TENGGARA TIMUR,189,Perkotaan,120,2020,62,Semester 2 (September),0.329,53009818912062
bps_webapi,0000,2026-08-19T02:01:19+00:00,2026-08-05 12:26:57,98,Gini Ratio Menurut Provinsi dan Daerah,,3,,"- Sumber  : BPS, Susenas  
<br />- Tahun 2002, Susenas Modul Konsumsi reguler
<br />- Tahun 2005, Susenas Panel (Februari)
<br />- Tahun 2006-2010, Susenas Panel (Maret)
<br />- Tahun 2011-2016, Susenas Modul Konsumsi (Maret dan September)
<br />- Angka Provinsi Papua Barat dan Papua sebelum tahun 2024 merupakan angka provinsi sebelum mengalami pemekaran Daerah Otonom Baru (DOB)",Kemiskinan dan Ketimpangan,38 Provinsi,5300,NUSA TENGGARA TIMUR,190,Perdesaan,120,2020,61,Semester 1 (Maret),0.31,53009819012061
bps_webapi,0000,2026-08-19T02:01:19+00:00,2026-08-05 12:26:57,98,Gini Ratio Menurut Provinsi dan Daerah,,3,,"- Sumber  : BPS, Susenas  
<br />- Tahun 2002, Susenas Modul Konsumsi reguler
<br />- Tahun 2005, Susenas Panel (Februari)
<br />- Tahun 2006-2010, Susenas Panel (Maret)
<br />- Tahun 2011-2016, Susenas Modul Konsumsi (Maret dan September)
<br />- Angka Provinsi Papua Barat dan Papua sebelum tahun 2024 merupakan angka provinsi sebelum mengalami pemekaran Daerah Otonom Baru (DOB)",Kemiskinan dan Ketimpangan,38 Provinsi,5300,NUSA TENGGARA TIMUR,190,Perdesaan,120,2020,62,Semester 2 (September),0.311,53009819012062
bps_webapi,0000,2026-08-19T02:01:19+00:00,2026-08-05 12:26:57,98,Gini Ratio Menurut Provinsi dan Daerah,,3,,"- Sumber  : BPS, Susenas  
<br />- Tahun 2002, Susenas Modul Konsumsi reguler
<br />- Tahun 2005, Susenas Panel (Februari)
<br />- Tahun 2006-2010, Susenas Panel (Maret)
<br />- Tahun 2011-2016, Susenas Modul Konsumsi (Maret dan September)
<br />- Angka Provinsi Papua Barat dan Papua sebelum tahun 2024 merupakan angka provinsi sebelum mengalami pemekaran Daerah Otonom Baru (DOB)",Kemiskinan dan Ketimpangan,38 Provinsi,5300,NUSA TENGGARA TIMUR,191,Perkotaan+Perdesaan,120,2020,61,Semester 1 (Maret),0.354,53009819112061
bps_webapi,0000,2026-08-19T02:01:19+00:00,2026-08-05 12:26:57,98,Gini Ratio Menurut Provinsi dan Daerah,,3,,"- Sumber  : BPS, Susenas  
<br />- Tahun 2002, Susenas Modul Konsumsi reguler
<br />- Tahun 2005, Susenas Panel (Februari)
<br />- Tahun 2006-2010, Susenas Panel (Maret)
<br />- Tahun 2011-2016, Susenas Modul Konsumsi (Maret dan September)
<br />- Angka Provinsi Papua Barat dan Papua sebelum tahun 2024 merupakan angka provinsi sebelum mengalami pemekaran Daerah Otonom Baru (DOB)",Kemiskinan dan Ketimpangan,38 Provinsi,5300,NUSA TENGGARA TIMUR,191,Perkotaan+Perdesaan,120,2020,62,Semester 2 (September),0.356,53009819112062
bps_webapi,0000,2026-08-19T02:01:19+00:00,2026-08-05 12:26:57,98,Gini Ratio Menurut Provinsi dan Daerah,,3,,"- Sumber  : BPS, Susenas  
<br />- Tahun 2002, Susenas Modul Konsumsi reguler
<br />- Tahun 2005, Susenas Panel (Februari)
<br />- Tahun 2006-2010, Susenas Panel (Maret)
<br />- Tahun 2011-2016, Susenas Modul Konsumsi (Maret dan September)
<br />- Angka Provinsi Papua Barat dan Papua sebelum tahun 2024 merupakan angka provinsi sebelum mengalami pemekaran Daerah Otonom Baru (DOB)",Kemiskinan dan Ketimpangan,38 Provinsi,6100,KALIMANTAN BARAT,189,Perkotaan,120,2020,61,Semester 1 (Maret),0.335,61009818912061
bps_webapi,0000,2026-08-19T02:01:19+00:00,2026-08-05 12:26:57,98,Gini Ratio Menurut Provinsi dan Daerah,,3,,"- Sumber  : BPS, Susenas  
<br />- Tahun 2002, Susenas Modul Konsumsi reguler
<br />- Tahun 2005, Susenas Panel (Februari)
<br />- Tahun 2006-2010, Susenas Panel (Maret)
<br />- Tahun 2011-2016, Susenas Modul Konsumsi (Maret dan September)
<br />- Angka Provinsi Papua Barat dan Papua sebelum tahun 2024 merupakan angka provinsi sebelum mengalami pemekaran Daerah Otonom Baru (DOB)",Kemiskinan dan Ketimpangan,38 Provinsi,6100,KALIMANTAN BARAT,189,Perkotaan,120,2020,62,Semester 2 (September),0.329,61009818912062
bps_webapi,0000,2026-08-19T02:01:19+00:00,2026-08-05 12:26:57,98,Gini Ratio Menurut Provinsi dan Daerah,,3,,"- Sumber  : BPS, Susenas  
<br />- Tahun 2002, Susenas Modul Konsumsi reguler
<br />- Tahun 2005, Susenas Panel (Februari)
<br />- Tahun 2006-2010, Susenas Panel (Maret)
<br />- Tahun 2011-2016, Susenas Modul Konsumsi (Maret dan September)
<br />- Angka Provinsi Papua Barat dan Papua sebelum tahun 2024 merupakan angka provinsi sebelum mengalami pemekaran Daerah Otonom Baru (DOB)",Kemiskinan dan Ketimpangan,38 Provinsi,6100,KALIMANTAN BARAT,190,Perdesaan,120,2020,61,Semester 1 (Maret),0.272,61009819012061
bps_webapi,0000,2026-08-19T02:01:19+00:00,2026-08-05 12:26:57,98,Gini Ratio Menurut Provinsi dan Daerah,,3,,"- Sumber  : BPS, Susenas  
<br />- Tahun 2002, Susenas Modul Konsumsi reguler
<br />- Tahun 2005, Susenas Panel (Februari)
<br />- Tahun 2006-2010, Susenas Panel (Maret)
<br />- Tahun 2011-2016, Susenas Modul Konsumsi (Maret dan September)
<br />- Angka Provinsi Papua Barat dan Papua sebelum tahun 2024 merupakan angka provinsi sebelum mengalami pemekaran Daerah Otonom Baru (DOB)",Kemiskinan dan Ketimpangan,38 Provinsi,6100,KALIMANTAN BARAT,190,Perdesaan,120,2020,62,Semester 2 (September),0.273,61009819012062
bps_webapi,0000,2026-08-19T02:01:19+00:00,2026-08-05 12:26:57,98,Gini Ratio Menurut Provinsi dan Daerah,,3,,"- Sumber  : BPS, Susenas  
<br />- Tahun 2002, Susenas Modul Konsumsi reguler
<br />- Tahun 2005, Susenas Panel (Februari)
<br />- Tahun 2006-2010, Susenas Panel (Maret)
<br />- Tahun 2011-2016, Susenas Modul Konsumsi (Maret dan September)
<br />- Angka Provinsi Papua Barat dan Papua sebelum tahun 2024 merupakan angka provinsi sebelum mengalami pemekaran Daerah Otonom Baru (DOB)",Kemiskinan dan Ketimpangan,38 Provinsi,6100,KALIMANTAN BARAT,191,Perkotaan+Perdesaan,120,2020,61,Semester 1 (Maret),0.317,61009819112061
bps_webapi,0000,2026-08-19T02:01:19+00:00,2026-08-05 12:26:57,98,Gini Ratio Menurut Provinsi dan Daerah,,3,,"- Sumber  : BPS, Susenas  
<br />- Tahun 2002, Susenas Modul Konsumsi reguler
<br />- Tahun 2005, Susenas Panel (Februari)
<br />- Tahun 2006-2010, Susenas Panel (Maret)
<br />- Tahun 2011-2016, Susenas Modul Konsumsi (Maret dan September)
<br />- Angka Provinsi Papua Barat dan Papua sebelum tahun 2024 merupakan angka provinsi sebelum mengalami pemekaran Daerah Otonom Baru (DOB)",Kemiskinan dan Ketimpangan,38 Provinsi,6100,KALIMANTAN BARAT,191,Perkotaan+Perdesaan,120,2020,62,Semester 2 (September),0.325,61009819112062
bps_webapi,0000,2026-08-19T02:01:19+00:00,2026-08-05 12:26:57,98,Gini Ratio Menurut Provinsi dan Daerah,,3,,"- Sumber  : BPS, Susenas  
<br />- Tahun 2002, Susenas Modul Konsumsi reguler
<br />- Tahun 2005, Susenas Panel (Februari)
<br />- Tahun 2006-2010, Susenas Panel (Maret)
<br />- Tahun 2011-2016, Susenas Modul Konsumsi (Maret dan September)
<br />- Angka Provinsi Papua Barat dan Papua sebelum tahun 2024 merupakan angka provinsi sebelum mengalami pemekaran Daerah Otonom Baru (DOB)",Kemiskinan dan Ketimpangan,38 Provinsi,6200,KALIMANTAN TENGAH,189,Perkotaan,120,2020,61,Semester 1 (Maret),0.361,62009818912061
bps_webapi,0000,2026-08-19T02:01:19+00:00,2026-08-05 12:26:57,98,Gini Ratio Menurut Provinsi dan Daerah,,3,,"- Sumber  : BPS, Susenas  
<br />- Tahun 2002, Susenas Modul Konsumsi reguler
<br />- Tahun 2005, Susenas Panel (Februari)
<br />- Tahun 2006-2010, Susenas Panel (Maret)
<br />- Tahun 2011-2016, Susenas Modul Konsumsi (Maret dan September)
<br />- Angka Provinsi Papua Barat dan Papua sebelum tahun 2024 merupakan angka provinsi sebelum mengalami pemekaran Daerah Otonom Baru (DOB)",Kemiskinan dan Ketimpangan,38 Provinsi,6200,KALIMANTAN TENGAH,189,Perkotaan,120,2020,62,Semester 2 (September),0.357,62009818912062
bps_webapi,0000,2026-08-19T02:01:19+00:00,2026-08-05 12:26:57,98,Gini Ratio Menurut Provinsi dan Daerah,,3,,"- Sumber  : BPS, Susenas  
<br />- Tahun 2002, Susenas Modul Konsumsi reguler
<br />- Tahun 2005, Susenas Panel (Februari)
<br />- Tahun 2006-2010, Susenas Panel (Maret)
<br />- Tahun 2011-2016, Susenas Modul Konsumsi (Maret dan September)
<br />- Angka Provinsi Papua Barat dan Papua sebelum tahun 2024 merupakan angka provinsi sebelum mengalami pemekaran Daerah Otonom Baru (DOB)",Kemiskinan dan Ketimpangan,38 Provinsi,6200,KALIMANTAN TENGAH,190,Perdesaan,120,2020,61,Semester 1 (Maret),0.289,62009819012061
bps_webapi,0000,2026-08-19T02:01:19+00:00,2026-08-05 12:26:57,98,Gini Ratio Menurut Provinsi dan Daerah,,3,,"- Sumber  : BPS, Susenas  
<br />- Tahun 2002, Susenas Modul Konsumsi reguler
<br />- Tahun 2005, Susenas Panel (Februari)
<br />- Tahun 2006-2010, Susenas Panel (Maret)
<br />- Tahun 2011-2016, Susenas Modul Konsumsi (Maret dan September)
<br />- Angka Provinsi Papua Barat dan Papua sebelum tahun 2024 merupakan angka provinsi sebelum mengalami pemekaran Daerah Otonom Baru (DOB)",Kemiskinan dan Ketimpangan,38 Provinsi,6200,KALIMANTAN TENGAH,190,Perdesaan,120,2020,62,Semester 2 (September),0.29,62009819012062
bps_webapi,0000,2026-08-19T02:01:19+00:00,2026-08-05 12:26:57,98,Gini Ratio Menurut Provinsi dan Daerah,,3,,"- Sumber  : BPS, Susenas  
<br />- Tahun 2002, Susenas Modul Konsumsi reguler
<br />- Tahun 2005, Susenas Panel (Februari)
<br />- Tahun 2006-2010, Susenas Panel (Maret)
<br />- Tahun 2011-2016, Susenas Modul Konsumsi (Maret dan September)
<br />- Angka Provinsi Papua Barat dan Papua sebelum tahun 2024 merupakan angka provinsi sebelum mengalami pemekaran Daerah Otonom Baru (DOB)",Kemiskinan dan Ketimpangan,38 Provinsi,6200,KALIMANTAN TENGAH,191,Perkotaan+Perdesaan,120,2020,61,Semester 1 (Maret),0.329,62009819112061
bps_webapi,0000,2026-08-19T02:01:19+00:00,2026-08-05 12:26:57,98,Gini Ratio Menurut Provinsi dan Daerah,,3,,"- Sumber  : BPS, Susenas  
<br />- Tahun 2002, Susenas Modul Konsumsi reguler
<br />- Tahun 2005, Susenas Panel (Februari)
<br />- Tahun 2006-2010, Susenas Panel (Maret)
<br />- Tahun 2011-2016, Susenas Modul Konsumsi (Maret dan September)
<br />- Angka Provinsi Papua Barat dan Papua sebelum tahun 2024 merupakan angka provinsi sebelum mengalami pemekaran Daerah Otonom Baru (DOB)",Kemiskinan dan Ketimpangan,38 Provinsi,6200,KALIMANTAN TENGAH,191,Perkotaan+Perdesaan,120,2020,62,Semester 2 (September),0.32,62009819112062
bps_webapi,0000,2026-08-19T02:01:19+00:00,2026-08-05 12:26:57,98,Gini Ratio Menurut Provinsi dan Daerah,,3,,"- Sumber  : BPS, Susenas  
<br />- Tahun 2002, Susenas Modul Konsumsi reguler
<br />- Tahun 2005, Susenas Panel (Februari)
<br />- Tahun 2006-2010, Susenas Panel (Maret)
<br />- Tahun 2011-2016, Susenas Modul Konsumsi (Maret dan September)
<br />- Angka Provinsi Papua Barat dan Papua sebelum tahun 2024 merupakan angka provinsi sebelum mengalami pemekaran Daerah Otonom Baru (DOB)",Kemiskinan dan Ketimpangan,38 Provinsi,6300,KALIMANTAN SELATAN,189,Perkotaan,120,2020,61,Semester 1 (Maret),0.355,63009818912061
bps_webapi,0000,2026-08-19T02:01:19+00:00,2026-08-05 12:26:57,98,Gini Ratio Menurut Provinsi dan Daerah,,3,,"- Sumber  : BPS, Susenas  
<br />- Tahun 2002, Susenas Modul Konsumsi reguler
<br />- Tahun 2005, Susenas Panel (Februari)
<br />- Tahun 2006-2010, Susenas Panel (Maret)
<br />- Tahun 2011-2016, Susenas Modul Konsumsi (Maret dan September)
<br />- Angka Provinsi Papua Barat dan Papua sebelum tahun 2024 merupakan angka provinsi sebelum mengalami pemekaran Daerah Otonom Baru (DOB)",Kemiskinan dan Ketimpangan,38 Provinsi,6300,KALIMANTAN SELATAN,189,Perkotaan,120,2020,62,Semester 2 (September),0.343,63009818912062
bps_webapi,0000,2026-08-19T02:01:19+00:00,2026-08-05 12:26:57,98,Gini Ratio Menurut Provinsi dan Daerah,,3,,"- Sumber  : BPS, Susenas  
<br />- Tahun 2002, Susenas Modul Konsumsi reguler
<br />- Tahun 2005, Susenas Panel (Februari)
<br />- Tahun 2006-2010, Susenas Panel (Maret)
<br />- Tahun 2011-2016, Susenas Modul Konsumsi (Maret dan September)
<br />- Angka Provinsi Papua Barat dan Papua sebelum tahun 2024 merupakan angka provinsi sebelum mengalami pemekaran Daerah Otonom Baru (DOB)",Kemiskinan dan Ketimpangan,38 Provinsi,6300,KALIMANTAN SELATAN,190,Perdesaan,120,2020,61,Semester 1 (Maret),0.276,63009819012061
bps_webapi,0000,2026-08-19T02:01:19+00:00,2026-08-05 12:26:57,98,Gini Ratio Menurut Provinsi dan Daerah,,3,,"- Sumber  : BPS, Susenas  
<br />- Tahun 2002, Susenas Modul Konsumsi reguler
<br />- Tahun 2005, Susenas Panel (Februari)
<br />- Tahun 2006-2010, Susenas Panel (Maret)
<br />- Tahun 2011-2016, Susenas Modul Konsumsi (Maret dan September)
<br />- Angka Provinsi Papua Barat dan Papua sebelum tahun 2024 merupakan angka provinsi sebelum mengalami pemekaran Daerah Otonom Baru (DOB)",Kemiskinan dan Ketimpangan,38 Provinsi,6300,KALIMANTAN SELATAN,190,Perdesaan,120,2020,62,Semester 2 (September),0.277,63009819012062
bps_webapi,0000,2026-08-19T02:01:19+00:00,2026-08-05 12:26:57,98,Gini Ratio Menurut Provinsi dan Daerah,,3,,"- Sumber  : BPS, Susenas  
<br />- Tahun 2002, Susenas Modul Konsumsi reguler
<br />- Tahun 2005, Susenas Panel (Februari)
<br />- Tahun 2006-2010, Susenas Panel (Maret)
<br />- Tahun 2011-2016, Susenas Modul Konsumsi (Maret dan September)
<br />- Angka Provinsi Papua Barat dan Papua sebelum tahun 2024 merupakan angka provinsi sebelum mengalami pemekaran Daerah Otonom Baru (DOB)",Kemiskinan dan Ketimpangan,38 Provinsi,6300,KALIMANTAN SELATAN,191,Perkotaan+Perdesaan,120,2020,61,Semester 1 (Maret),0.332,63009819112061
bps_webapi,0000,2026-08-19T02:01:19+00:00,2026-08-05 12:26:57,98,Gini Ratio Menurut Provinsi dan Daerah,,3,,"- Sumber  : BPS, Susenas  
<br />- Tahun 2002, Susenas Modul Konsumsi reguler
<br />- Tahun 2005, Susenas Panel (Februari)
<br />- Tahun 2006-2010, Susenas Panel (Maret)
<br />- Tahun 2011-2016, Susenas Modul Konsumsi (Maret dan September)
<br />- Angka Provinsi Papua Barat dan Papua sebelum tahun 2024 merupakan angka provinsi sebelum mengalami pemekaran Daerah Otonom Baru (DOB)",Kemiskinan dan Ketimpangan,38 Provinsi,6300,KALIMANTAN SELATAN,191,Perkotaan+Perdesaan,120,2020,62,Semester 2 (September),0.351,63009819112062
bps_webapi,0000,2026-08-19T02:01:19+00:00,2026-08-05 12:26:57,98,Gini Ratio Menurut Provinsi dan Daerah,,3,,"- Sumber  : BPS, Susenas  
<br />- Tahun 2002, Susenas Modul Konsumsi reguler
<br />- Tahun 2005, Susenas Panel (Februari)
<br />- Tahun 2006-2010, Susenas Panel (Maret)
<br />- Tahun 2011-2016, Susenas Modul Konsumsi (Maret dan September)
<br />- Angka Provinsi Papua Barat dan Papua sebelum tahun 2024 merupakan angka provinsi sebelum mengalami pemekaran Daerah Otonom Baru (DOB)",Kemiskinan dan Ketimpangan,38 Provinsi,6400,KALIMANTAN TIMUR,189,Perkotaan,120,2020,61,Semester 1 (Maret),0.333,64009818912061
bps_webapi,0000,2026-08-19T02:01:19+00:00,2026-08-05 12:26:57,98,Gini Ratio Menurut Provinsi dan Daerah,,3,,"- Sumber  : BPS, Susenas  
<br />- Tahun 2002, Susenas Modul Konsumsi reguler
<br />- Tahun 2005, Susenas Panel (Februari)
<br />- Tahun 2006-2010, Susenas Panel (Maret)
<br />- Tahun 2011-2016, Susenas Modul Konsumsi (Maret dan September)
<br />- Angka Provinsi Papua Barat dan Papua sebelum tahun 2024 merupakan angka provinsi sebelum mengalami pemekaran Daerah Otonom Baru (DOB)",Kemiskinan dan Ketimpangan,38 Provinsi,6400,KALIMANTAN TIMUR,189,Perkotaan,120,2020,62,Semester 2 (September),0.33,64009818912062
bps_webapi,0000,2026-08-19T02:01:19+00:00,2026-08-05 12:26:57,98,Gini Ratio Menurut Provinsi dan Daerah,,3,,"- Sumber  : BPS, Susenas  
<br />- Tahun 2002, Susenas Modul Konsumsi reguler
<br />- Tahun 2005, Susenas Panel (Februari)
<br />- Tahun 2006-2010, Susenas Panel (Maret)
<br />- Tahun 2011-2016, Susenas Modul Konsumsi (Maret dan September)
<br />- Angka Provinsi Papua Barat dan Papua sebelum tahun 2024 merupakan angka provinsi sebelum mengalami pemekaran Daerah Otonom Baru (DOB)",Kemiskinan dan Ketimpangan,38 Provinsi,6400,KALIMANTAN TIMUR,190,Perdesaan,120,2020,61,Semester 1 (Maret),0.286,64009819012061
bps_webapi,0000,2026-08-19T02:01:19+00:00,2026-08-05 12:26:57,98,Gini Ratio Menurut Provinsi dan Daerah,,3,,"- Sumber  : BPS, Susenas  
<br />- Tahun 2002, Susenas Modul Konsumsi reguler
<br />- Tahun 2005, Susenas Panel (Februari)
<br />- Tahun 2006-2010, Susenas Panel (Maret)
<br />- Tahun 2011-2016, Susenas Modul Konsumsi (Maret dan September)
<br />- Angka Provinsi Papua Barat dan Papua sebelum tahun 2024 merupakan angka provinsi sebelum mengalami pemekaran Daerah Otonom Baru (DOB)",Kemiskinan dan Ketimpangan,38 Provinsi,6400,KALIMANTAN TIMUR,190,Perdesaan,120,2020,62,Semester 2 (September),0.286,64009819012062
bps_webapi,0000,2026-08-19T02:01:19+00:00,2026-08-05 12:26:57,98,Gini Ratio Menurut Provinsi dan Daerah,,3,,"- Sumber  : BPS, Susenas  
<br />- Tahun 2002, Susenas Modul Konsumsi reguler
<br />- Tahun 2005, Susenas Panel (Februari)
<br />- Tahun 2006-2010, Susenas Panel (Maret)
<br />- Tahun 2011-2016, Susenas Modul Konsumsi (Maret dan September)
<br />- Angka Provinsi Papua Barat dan Papua sebelum tahun 2024 merupakan angka provinsi sebelum mengalami pemekaran Daerah Otonom Baru (DOB)",Kemiskinan dan Ketimpangan,38 Provinsi,6400,KALIMANTAN TIMUR,191,Perkotaan+Perdesaan,120,2020,61,Semester 1 (Maret),0.328,64009819112061
bps_webapi,0000,2026-08-19T02:01:19+00:00,2026-08-05 12:26:57,98,Gini Ratio Menurut Provinsi dan Daerah,,3,,"- Sumber  : BPS, Susenas  
<br />- Tahun 2002, Susenas Modul Konsumsi reguler
<br />- Tahun 2005, Susenas Panel (Februari)
<br />- Tahun 2006-2010, Susenas Panel (Maret)
<br />- Tahun 2011-2016, Susenas Modul Konsumsi (Maret dan September)
<br />- Angka Provinsi Papua Barat dan Papua sebelum tahun 2024 merupakan angka provinsi sebelum mengalami pemekaran Daerah Otonom Baru (DOB)",Kemiskinan dan Ketimpangan,38 Provinsi,6400,KALIMANTAN TIMUR,191,Perkotaan+Perdesaan,120,2020,62,Semester 2 (September),0.335,64009819112062
bps_webapi,0000,2026-08-19T02:01:19+00:00,2026-08-05 12:26:57,98,Gini Ratio Menurut Provinsi dan Daerah,,3,,"- Sumber  : BPS, Susenas  
<br />- Tahun 2002, Susenas Modul Konsumsi reguler
<br />- Tahun 2005, Susenas Panel (Februari)
<br />- Tahun 2006-2010, Susenas Panel (Maret)
<br />- Tahun 2011-2016, Susenas Modul Konsumsi (Maret dan September)
<br />- Angka Provinsi Papua Barat dan Papua sebelum tahun 2024 merupakan angka provinsi sebelum mengalami pemekaran Daerah Otonom Baru (DOB)",Kemiskinan dan Ketimpangan,38 Provinsi,6500,KALIMANTAN UTARA,189,Perkotaan,120,2020,61,Semester 1 (Maret),0.289,65009818912061
bps_webapi,0000,2026-08-19T02:01:19+00:00,2026-08-05 12:26:57,98,Gini Ratio Menurut Provinsi dan Daerah,,3,,"- Sumber  : BPS, Susenas  
<br />- Tahun 2002, Susenas Modul Konsumsi reguler
<br />- Tahun 2005, Susenas Panel (Februari)
<br />- Tahun 2006-2010, Susenas Panel (Maret)
<br />- Tahun 2011-2016, Susenas Modul Konsumsi (Maret dan September)
<br />- Angka Provinsi Papua Barat dan Papua sebelum tahun 2024 merupakan angka provinsi sebelum mengalami pemekaran Daerah Otonom Baru (DOB)",Kemiskinan dan Ketimpangan,38 Provinsi,6500,KALIMANTAN UTARA,189,Perkotaan,120,2020,62,Semester 2 (September),0.285,65009818912062
bps_webapi,0000,2026-08-19T02:01:19+00:00,2026-08-05 12:26:57,98,Gini Ratio Menurut Provinsi dan Daerah,,3,,"- Sumber  : BPS, Susenas  
<br />- Tahun 2002, Susenas Modul Konsumsi reguler
<br />- Tahun 2005, Susenas Panel (Februari)
<br />- Tahun 2006-2010, Susenas Panel (Maret)
<br />- Tahun 2011-2016, Susenas Modul Konsumsi (Maret dan September)
<br />- Angka Provinsi Papua Barat dan Papua sebelum tahun 2024 merupakan angka provinsi sebelum mengalami pemekaran Daerah Otonom Baru (DOB)",Kemiskinan dan Ketimpangan,38 Provinsi,6500,KALIMANTAN UTARA,190,Perdesaan,120,2020,61,Semester 1 (Maret),0.279,65009819012061
bps_webapi,0000,2026-08-19T02:01:19+00:00,2026-08-05 12:26:57,98,Gini Ratio Menurut Provinsi dan Daerah,,3,,"- Sumber  : BPS, Susenas  
<br />- Tahun 2002, Susenas Modul Konsumsi reguler
<br />- Tahun 2005, Susenas Panel (Februari)
<br />- Tahun 2006-2010, Susenas Panel (Maret)
<br />- Tahun 2011-2016, Susenas Modul Konsumsi (Maret dan September)
<br />- Angka Provinsi Papua Barat dan Papua sebelum tahun 2024 merupakan angka provinsi sebelum mengalami pemekaran Daerah Otonom Baru (DOB)",Kemiskinan dan Ketimpangan,38 Provinsi,6500,KALIMANTAN UTARA,190,Perdesaan,120,2020,62,Semester 2 (September),0.278,65009819012062
bps_webapi,0000,2026-08-19T02:01:19+00:00,2026-08-05 12:26:57,98,Gini Ratio Menurut Provinsi dan Daerah,,3,,"- Sumber  : BPS, Susenas  
<br />- Tahun 2002, Susenas Modul Konsumsi reguler
<br />- Tahun 2005, Susenas Panel (Februari)
<br />- Tahun 2006-2010, Susenas Panel (Maret)
<br />- Tahun 2011-2016, Susenas Modul Konsumsi (Maret dan September)
<br />- Angka Provinsi Papua Barat dan Papua sebelum tahun 2024 merupakan angka provinsi sebelum mengalami pemekaran Daerah Otonom Baru (DOB)",Kemiskinan dan Ketimpangan,38 Provinsi,6500,KALIMANTAN UTARA,191,Perkotaan+Perdesaan,120,2020,61,Semester 1 (Maret),0.292,65009819112061
bps_webapi,0000,2026-08-19T02:01:19+00:00,2026-08-05 12:26:57,98,Gini Ratio Menurut Provinsi dan Daerah,,3,,"- Sumber  : BPS, Susenas  
<br />- Tahun 2002, Susenas Modul Konsumsi reguler
<br />- Tahun 2005, Susenas Panel (Februari)
<br />- Tahun 2006-2010, Susenas Panel (Maret)
<br />- Tahun 2011-2016, Susenas Modul Konsumsi (Maret dan September)
<br />- Angka Provinsi Papua Barat dan Papua sebelum tahun 2024 merupakan angka provinsi sebelum mengalami pemekaran Daerah Otonom Baru (DOB)",Kemiskinan dan Ketimpangan,38 Provinsi,6500,KALIMANTAN UTARA,191,Perkotaan+Perdesaan,120,2020,62,Semester 2 (September),0.3,65009819112062
bps_webapi,0000,2026-08-19T02:01:19+00:00,2026-08-05 12:26:57,98,Gini Ratio Menurut Provinsi dan Daerah,,3,,"- Sumber  : BPS, Susenas  
<br />- Tahun 2002, Susenas Modul Konsumsi reguler
<br />- Tahun 2005, Susenas Panel (Februari)
<br />- Tahun 2006-2010, Susenas Panel (Maret)
<br />- Tahun 2011-2016, Susenas Modul Konsumsi (Maret dan September)
<br />- Angka Provinsi Papua Barat dan Papua sebelum tahun 2024 merupakan angka provinsi sebelum mengalami pemekaran Daerah Otonom Baru (DOB)",Kemiskinan dan Ketimpangan,38 Provinsi,7100,SULAWESI UTARA,189,Perkotaan,120,2020,61,Semester 1 (Maret),0.371,71009818912061
bps_webapi,0000,2026-08-19T02:01:19+00:00,2026-08-05 12:26:57,98,Gini Ratio Menurut Provinsi dan Daerah,,3,,"- Sumber  : BPS, Susenas  
<br />- Tahun 2002, Susenas Modul Konsumsi reguler
<br />- Tahun 2005, Susenas Panel (Februari)
<br />- Tahun 2006-2010, Susenas Panel (Maret)
<br />- Tahun 2011-2016, Susenas Modul Konsumsi (Maret dan September)
<br />- Angka Provinsi Papua Barat dan Papua sebelum tahun 2024 merupakan angka provinsi sebelum mengalami pemekaran Daerah Otonom Baru (DOB)",Kemiskinan dan Ketimpangan,38 Provinsi,7100,SULAWESI UTARA,189,Perkotaan,120,2020,62,Semester 2 (September),0.367,71009818912062
bps_webapi,0000,2026-08-19T02:01:19+00:00,2026-08-05 12:26:57,98,Gini Ratio Menurut Provinsi dan Daerah,,3,,"- Sumber  : BPS, Susenas  
<br />- Tahun 2002, Susenas Modul Konsumsi reguler
<br />- Tahun 2005, Susenas Panel (Februari)
<br />- Tahun 2006-2010, Susenas Panel (Maret)
<br />- Tahun 2011-2016, Susenas Modul Konsumsi (Maret dan September)
<br />- Angka Provinsi Papua Barat dan Papua sebelum tahun 2024 merupakan angka provinsi sebelum mengalami pemekaran Daerah Otonom Baru (DOB)",Kemiskinan dan Ketimpangan,38 Provinsi,7100,SULAWESI UTARA,190,Perdesaan,120,2020,61,Semester 1 (Maret),0.344,71009819012061
bps_webapi,0000,2026-08-19T02:01:19+00:00,2026-08-05 12:26:57,98,Gini Ratio Menurut Provinsi dan Daerah,,3,,"- Sumber  : BPS, Susenas  
<br />- Tahun 2002, Susenas Modul Konsumsi reguler
<br />- Tahun 2005, Susenas Panel (Februari)
<br />- Tahun 2006-2010, Susenas Panel (Maret)
<br />- Tahun 2011-2016, Susenas Modul Konsumsi (Maret dan September)
<br />- Angka Provinsi Papua Barat dan Papua sebelum tahun 2024 merupakan angka provinsi sebelum mengalami pemekaran Daerah Otonom Baru (DOB)",Kemiskinan dan Ketimpangan,38 Provinsi,7100,SULAWESI UTARA,190,Perdesaan,120,2020,62,Semester 2 (September),0.346,71009819012062
bps_webapi,0000,2026-08-19T02:01:19+00:00,2026-08-05 12:26:57,98,Gini Ratio Menurut Provinsi dan Daerah,,3,,"- Sumber  : BPS, Susenas  
<br />- Tahun 2002, Susenas Modul Konsumsi reguler
<br />- Tahun 2005, Susenas Panel (Februari)
<br />- Tahun 2006-2010, Susenas Panel (Maret)
<br />- Tahun 2011-2016, Susenas Modul Konsumsi (Maret dan September)
<br />- Angka Provinsi Papua Barat dan Papua sebelum tahun 2024 merupakan angka provinsi sebelum mengalami pemekaran Daerah Otonom Baru (DOB)",Kemiskinan dan Ketimpangan,38 Provinsi,7100,SULAWESI UTARA,191,Perkotaan+Perdesaan,120,2020,61,Semester 1 (Maret),0.37,71009819112061
bps_webapi,0000,2026-08-19T02:01:19+00:00,2026-08-05 12:26:57,98,Gini Ratio Menurut Provinsi dan Daerah,,3,,"- Sumber  : BPS, Susenas  
<br />- Tahun 2002, Susenas Modul Konsumsi reguler
<br />- Tahun 2005, Susenas Panel (Februari)
<br />- Tahun 2006-2010, Susenas Panel (Maret)
<br />- Tahun 2011-2016, Susenas Modul Konsumsi (Maret dan September)
<br />- Angka Provinsi Papua Barat dan Papua sebelum tahun 2024 merupakan angka provinsi sebelum mengalami pemekaran Daerah Otonom Baru (DOB)",Kemiskinan dan Ketimpangan,38 Provinsi,7100,SULAWESI UTARA,191,Perkotaan+Perdesaan,120,2020,62,Semester 2 (September),0.368,71009819112062
bps_webapi,0000,2026-08-19T02:01:19+00:00,2026-08-05 12:26:57,98,Gini Ratio Menurut Provinsi dan Daerah,,3,,"- Sumber  : BPS, Susenas  
<br />- Tahun 2002, Susenas Modul Konsumsi reguler
<br />- Tahun 2005, Susenas Panel (Februari)
<br />- Tahun 2006-2010, Susenas Panel (Maret)
<br />- Tahun 2011-2016, Susenas Modul Konsumsi (Maret dan September)
<br />- Angka Provinsi Papua Barat dan Papua sebelum tahun 2024 merupakan angka provinsi sebelum mengalami pemekaran Daerah Otonom Baru (DOB)",Kemiskinan dan Ketimpangan,38 Provinsi,7200,SULAWESI TENGAH,189,Perkotaan,120,2020,61,Semester 1 (Maret),0.334,72009818912061
bps_webapi,0000,2026-08-19T02:01:19+00:00,2026-08-05 12:26:57,98,Gini Ratio Menurut Provinsi dan Daerah,,3,,"- Sumber  : BPS, Susenas  
<br />- Tahun 2002, Susenas Modul Konsumsi reguler
<br />- Tahun 2005, Susenas Panel (Februari)
<br />- Tahun 2006-2010, Susenas Panel (Maret)
<br />- Tahun 2011-2016, Susenas Modul Konsumsi (Maret dan September)
<br />- Angka Provinsi Papua Barat dan Papua sebelum tahun 2024 merupakan angka provinsi sebelum mengalami pemekaran Daerah Otonom Baru (DOB)",Kemiskinan dan Ketimpangan,38 Provinsi,7200,SULAWESI TENGAH,189,Perkotaan,120,2020,62,Semester 2 (September),0.334,72009818912062
bps_webapi,0000,2026-08-19T02:01:19+00:00,2026-08-05 12:26:57,98,Gini Ratio Menurut Provinsi dan Daerah,,3,,"- Sumber  : BPS, Susenas  
<br />- Tahun 2002, Susenas Modul Konsumsi reguler
<br />- Tahun 2005, Susenas Panel (Februari)
<br />- Tahun 2006-2010, Susenas Panel (Maret)
<br />- Tahun 2011-2016, Susenas Modul Konsumsi (Maret dan September)
<br />- Angka Provinsi Papua Barat dan Papua sebelum tahun 2024 merupakan angka provinsi sebelum mengalami pemekaran Daerah Otonom Baru (DOB)",Kemiskinan dan Ketimpangan,38 Provinsi,7200,SULAWESI TENGAH,190,Perdesaan,120,2020,61,Semester 1 (Maret),0.295,72009819012061
bps_webapi,0000,2026-08-19T02:01:19+00:00,2026-08-05 12:26:57,98,Gini Ratio Menurut Provinsi dan Daerah,,3,,"- Sumber  : BPS, Susenas  
<br />- Tahun 2002, Susenas Modul Konsumsi reguler
<br />- Tahun 2005, Susenas Panel (Februari)
<br />- Tahun 2006-2010, Susenas Panel (Maret)
<br />- Tahun 2011-2016, Susenas Modul Konsumsi (Maret dan September)
<br />- Angka Provinsi Papua Barat dan Papua sebelum tahun 2024 merupakan angka provinsi sebelum mengalami pemekaran Daerah Otonom Baru (DOB)",Kemiskinan dan Ketimpangan,38 Provinsi,7200,SULAWESI TENGAH,190,Perdesaan,120,2020,62,Semester 2 (September),0.295,72009819012062
bps_webapi,0000,2026-08-19T02:01:19+00:00,2026-08-05 12:26:57,98,Gini Ratio Menurut Provinsi dan Daerah,,3,,"- Sumber  : BPS, Susenas  
<br />- Tahun 2002, Susenas Modul Konsumsi reguler
<br />- Tahun 2005, Susenas Panel (Februari)
<br />- Tahun 2006-2010, Susenas Panel (Maret)
<br />- Tahun 2011-2016, Susenas Modul Konsumsi (Maret dan September)
<br />- Angka Provinsi Papua Barat dan Papua sebelum tahun 2024 merupakan angka provinsi sebelum mengalami pemekaran Daerah Otonom Baru (DOB)",Kemiskinan dan Ketimpangan,38 Provinsi,7200,SULAWESI TENGAH,191,Perkotaan+Perdesaan,120,2020,61,Semester 1 (Maret),0.326,72009819112061
bps_webapi,0000,2026-08-19T02:01:19+00:00,2026-08-05 12:26:57,98,Gini Ratio Menurut Provinsi dan Daerah,,3,,"- Sumber  : BPS, Susenas  
<br />- Tahun 2002, Susenas Modul Konsumsi reguler
<br />- Tahun 2005, Susenas Panel (Februari)
<br />- Tahun 2006-2010, Susenas Panel (Maret)
<br />- Tahun 2011-2016, Susenas Modul Konsumsi (Maret dan September)
<br />- Angka Provinsi Papua Barat dan Papua sebelum tahun 2024 merupakan angka provinsi sebelum mengalami pemekaran Daerah Otonom Baru (DOB)",Kemiskinan dan Ketimpangan,38 Provinsi,7200,SULAWESI TENGAH,191,Perkotaan+Perdesaan,120,2020,62,Semester 2 (September),0.321,72009819112062
bps_webapi,0000,2026-08-19T02:01:19+00:00,2026-08-05 12:26:57,98,Gini Ratio Menurut Provinsi dan Daerah,,3,,"- Sumber  : BPS, Susenas  
<br />- Tahun 2002, Susenas Modul Konsumsi reguler
<br />- Tahun 2005, Susenas Panel (Februari)
<br />- Tahun 2006-2010, Susenas Panel (Maret)
<br />- Tahun 2011-2016, Susenas Modul Konsumsi (Maret dan September)
<br />- Angka Provinsi Papua Barat dan Papua sebelum tahun 2024 merupakan angka provinsi sebelum mengalami pemekaran Daerah Otonom Baru (DOB)",Kemiskinan dan Ketimpangan,38 Provinsi,7300,SULAWESI SELATAN,189,Perkotaan,120,2020,61,Semester 1 (Maret),0.384,73009818912061
bps_webapi,0000,2026-08-19T02:01:19+00:00,2026-08-05 12:26:57,98,Gini Ratio Menurut Provinsi dan Daerah,,3,,"- Sumber  : BPS, Susenas  
<br />- Tahun 2002, Susenas Modul Konsumsi reguler
<br />- Tahun 2005, Susenas Panel (Februari)
<br />- Tahun 2006-2010, Susenas Panel (Maret)
<br />- Tahun 2011-2016, Susenas Modul Konsumsi (Maret dan September)
<br />- Angka Provinsi Papua Barat dan Papua sebelum tahun 2024 merupakan angka provinsi sebelum mengalami pemekaran Daerah Otonom Baru (DOB)",Kemiskinan dan Ketimpangan,38 Provinsi,7300,SULAWESI SELATAN,189,Perkotaan,120,2020,62,Semester 2 (September),0.384,73009818912062
bps_webapi,0000,2026-08-19T02:01:19+00:00,2026-08-05 12:26:57,98,Gini Ratio Menurut Provinsi dan Daerah,,3,,"- Sumber  : BPS, Susenas  
<br />- Tahun 2002, Susenas Modul Konsumsi reguler
<br />- Tahun 2005, Susenas Panel (Februari)
<br />- Tahun 2006-2010, Susenas Panel (Maret)
<br />- Tahun 2011-2016, Susenas Modul Konsumsi (Maret dan September)
<br />- Angka Provinsi Papua Barat dan Papua sebelum tahun 2024 merupakan angka provinsi sebelum mengalami pemekaran Daerah Otonom Baru (DOB)",Kemiskinan dan Ketimpangan,38 Provinsi,7300,SULAWESI SELATAN,190,Perdesaan,120,2020,61,Semester 1 (Maret),0.356,73009819012061
bps_webapi,0000,2026-08-19T02:01:19+00:00,2026-08-05 12:26:57,98,Gini Ratio Menurut Provinsi dan Daerah,,3,,"- Sumber  : BPS, Susenas  
<br />- Tahun 2002, Susenas Modul Konsumsi reguler
<br />- Tahun 2005, Susenas Panel (Februari)
<br />- Tahun 2006-2010, Susenas Panel (Maret)
<br />- Tahun 2011-2016, Susenas Modul Konsumsi (Maret dan September)
<br />- Angka Provinsi Papua Barat dan Papua sebelum tahun 2024 merupakan angka provinsi sebelum mengalami pemekaran Daerah Otonom Baru (DOB)",Kemiskinan dan Ketimpangan,38 Provinsi,7300,SULAWESI SELATAN,190,Perdesaan,120,2020,62,Semester 2 (September),0.352,73009819012062
bps_webapi,0000,2026-08-19T02:01:19+00:00,2026-08-05 12:26:57,98,Gini Ratio Menurut Provinsi dan Daerah,,3,,"- Sumber  : BPS, Susenas  
<br />- Tahun 2002, Susenas Modul Konsumsi reguler
<br />- Tahun 2005, Susenas Panel (Februari)
<br />- Tahun 2006-2010, Susenas Panel (Maret)
<br />- Tahun 2011-2016, Susenas Modul Konsumsi (Maret dan September)
<br />- Angka Provinsi Papua Barat dan Papua sebelum tahun 2024 merupakan angka provinsi sebelum mengalami pemekaran Daerah Otonom Baru (DOB)",Kemiskinan dan Ketimpangan,38 Provinsi,7300,SULAWESI SELATAN,191,Perkotaan+Perdesaan,120,2020,61,Semester 1 (Maret),0.389,73009819112061
bps_webapi,0000,2026-08-19T02:01:19+00:00,2026-08-05 12:26:57,98,Gini Ratio Menurut Provinsi dan Daerah,,3,,"- Sumber  : BPS, Susenas  
<br />- Tahun 2002, Susenas Modul Konsumsi reguler
<br />- Tahun 2005, Susenas Panel (Februari)
<br />- Tahun 2006-2010, Susenas Panel (Maret)
<br />- Tahun 2011-2016, Susenas Modul Konsumsi (Maret dan September)
<br />- Angka Provinsi Papua Barat dan Papua sebelum tahun 2024 merupakan angka provinsi sebelum mengalami pemekaran Daerah Otonom Baru (DOB)",Kemiskinan dan Ketimpangan,38 Provinsi,7300,SULAWESI SELATAN,191,Perkotaan+Perdesaan,120,2020,62,Semester 2 (September),0.382,73009819112062
bps_webapi,0000,2026-08-19T02:01:19+00:00,2026-08-05 12:26:57,98,Gini Ratio Menurut Provinsi dan Daerah,,3,,"- Sumber  : BPS, Susenas  
<br />- Tahun 2002, Susenas Modul Konsumsi reguler
<br />- Tahun 2005, Susenas Panel (Februari)
<br />- Tahun 2006-2010, Susenas Panel (Maret)
<br />- Tahun 2011-2016, Susenas Modul Konsumsi (Maret dan September)
<br />- Angka Provinsi Papua Barat dan Papua sebelum tahun 2024 merupakan angka provinsi sebelum mengalami pemekaran Daerah Otonom Baru (DOB)",Kemiskinan dan Ketimpangan,38 Provinsi,7400,SULAWESI TENGGARA,189,Perkotaan,120,2020,61,Semester 1 (Maret),0.404,74009818912061
bps_webapi,0000,2026-08-19T02:01:19+00:00,2026-08-05 12:26:57,98,Gini Ratio Menurut Provinsi dan Daerah,,3,,"- Sumber  : BPS, Susenas  
<br />- Tahun 2002, Susenas Modul Konsumsi reguler
<br />- Tahun 2005, Susenas Panel (Februari)
<br />- Tahun 2006-2010, Susenas Panel (Maret)
<br />- Tahun 2011-2016, Susenas Modul Konsumsi (Maret dan September)
<br />- Angka Provinsi Papua Barat dan Papua sebelum tahun 2024 merupakan angka provinsi sebelum mengalami pemekaran Daerah Otonom Baru (DOB)",Kemiskinan dan Ketimpangan,38 Provinsi,7400,SULAWESI TENGGARA,189,Perkotaan,120,2020,62,Semester 2 (September),0.403,74009818912062
bps_webapi,0000,2026-08-19T02:01:19+00:00,2026-08-05 12:26:57,98,Gini Ratio Menurut Provinsi dan Daerah,,3,,"- Sumber  : BPS, Susenas  
<br />- Tahun 2002, Susenas Modul Konsumsi reguler
<br />- Tahun 2005, Susenas Panel (Februari)
<br />- Tahun 2006-2010, Susenas Panel (Maret)
<br />- Tahun 2011-2016, Susenas Modul Konsumsi (Maret dan September)
<br />- Angka Provinsi Papua Barat dan Papua sebelum tahun 2024 merupakan angka provinsi sebelum mengalami pemekaran Daerah Otonom Baru (DOB)",Kemiskinan dan Ketimpangan,38 Provinsi,7400,SULAWESI TENGGARA,190,Perdesaan,120,2020,61,Semester 1 (Maret),0.347,74009819012061
bps_webapi,0000,2026-08-19T02:01:19+00:00,2026-08-05 12:26:57,98,Gini Ratio Menurut Provinsi dan Daerah,,3,,"- Sumber  : BPS, Susenas  
<br />- Tahun 2002, Susenas Modul Konsumsi reguler
<br />- Tahun 2005, Susenas Panel (Februari)
<br />- Tahun 2006-2010, Susenas Panel (Maret)
<br />- Tahun 2011-2016, Susenas Modul Konsumsi (Maret dan September)
<br />- Angka Provinsi Papua Barat dan Papua sebelum tahun 2024 merupakan angka provinsi sebelum mengalami pemekaran Daerah Otonom Baru (DOB)",Kemiskinan dan Ketimpangan,38 Provinsi,7400,SULAWESI TENGGARA,190,Perdesaan,120,2020,62,Semester 2 (September),0.348,74009819012062
bps_webapi,0000,2026-08-19T02:01:19+00:00,2026-08-05 12:26:57,98,Gini Ratio Menurut Provinsi dan Daerah,,3,,"- Sumber  : BPS, Susenas  
<br />- Tahun 2002, Susenas Modul Konsumsi reguler
<br />- Tahun 2005, Susenas Panel (Februari)
<br />- Tahun 2006-2010, Susenas Panel (Maret)
<br />- Tahun 2011-2016, Susenas Modul Konsumsi (Maret dan September)
<br />- Angka Provinsi Papua Barat dan Papua sebelum tahun 2024 merupakan angka provinsi sebelum mengalami pemekaran Daerah Otonom Baru (DOB)",Kemiskinan dan Ketimpangan,38 Provinsi,7400,SULAWESI TENGGARA,191,Perkotaan+Perdesaan,120,2020,61,Semester 1 (Maret),0.389,74009819112061
bps_webapi,0000,2026-08-19T02:01:19+00:00,2026-08-05 12:26:57,98,Gini Ratio Menurut Provinsi dan Daerah,,3,,"- Sumber  : BPS, Susenas  
<br />- Tahun 2002, Susenas Modul Konsumsi reguler
<br />- Tahun 2005, Susenas Panel (Februari)
<br />- Tahun 2006-2010, Susenas Panel (Maret)
<br />- Tahun 2011-2016, Susenas Modul Konsumsi (Maret dan September)
<br />- Angka Provinsi Papua Barat dan Papua sebelum tahun 2024 merupakan angka provinsi sebelum mengalami pemekaran Daerah Otonom Baru (DOB)",Kemiskinan dan Ketimpangan,38 Provinsi,7400,SULAWESI TENGGARA,191,Perkotaan+Perdesaan,120,2020,62,Semester 2 (September),0.388,74009819112062
bps_webapi,0000,2026-08-19T02:01:19+00:00,2026-08-05 12:26:57,98,Gini Ratio Menurut Provinsi dan Daerah,,3,,"- Sumber  : BPS, Susenas  
<br />- Tahun 2002, Susenas Modul Konsumsi reguler
<br />- Tahun 2005, Susenas Panel (Februari)
<br />- Tahun 2006-2010, Susenas Panel (Maret)
<br />- Tahun 2011-2016, Susenas Modul Konsumsi (Maret dan September)
<br />- Angka Provinsi Papua Barat dan Papua sebelum tahun 2024 merupakan angka provinsi sebelum mengalami pemekaran Daerah Otonom Baru (DOB)",Kemiskinan dan Ketimpangan,38 Provinsi,7500,GORONTALO,189,Perkotaan,120,2020,61,Semester 1 (Maret),0.393,75009818912061
bps_webapi,0000,2026-08-19T02:01:19+00:00,2026-08-05 12:26:57,98,Gini Ratio Menurut Provinsi dan Daerah,,3,,"- Sumber  : BPS, Susenas  
<br />- Tahun 2002, Susenas Modul Konsumsi reguler
<br />- Tahun 2005, Susenas Panel (Februari)
<br />- Tahun 2006-2010, Susenas Panel (Maret)
<br />- Tahun 2011-2016, Susenas Modul Konsumsi (Maret dan September)
<br />- Angka Provinsi Papua Barat dan Papua sebelum tahun 2024 merupakan angka provinsi sebelum mengalami pemekaran Daerah Otonom Baru (DOB)",Kemiskinan dan Ketimpangan,38 Provinsi,7500,GORONTALO,189,Perkotaan,120,2020,62,Semester 2 (September),0.39,75009818912062
bps_webapi,0000,2026-08-19T02:01:19+00:00,2026-08-05 12:26:57,98,Gini Ratio Menurut Provinsi dan Daerah,,3,,"- Sumber  : BPS, Susenas  
<br />- Tahun 2002, Susenas Modul Konsumsi reguler
<br />- Tahun 2005, Susenas Panel (Februari)
<br />- Tahun 2006-2010, Susenas Panel (Maret)
<br />- Tahun 2011-2016, Susenas Modul Konsumsi (Maret dan September)
<br />- Angka Provinsi Papua Barat dan Papua sebelum tahun 2024 merupakan angka provinsi sebelum mengalami pemekaran Daerah Otonom Baru (DOB)",Kemiskinan dan Ketimpangan,38 Provinsi,7500,GORONTALO,190,Perdesaan,120,2020,61,Semester 1 (Maret),0.392,75009819012061
bps_webapi,0000,2026-08-19T02:01:19+00:00,2026-08-05 12:26:57,98,Gini Ratio Menurut Provinsi dan Daerah,,3,,"- Sumber  : BPS, Susenas  
<br />- Tahun 2002, Susenas Modul Konsumsi reguler
<br />- Tahun 2005, Susenas Panel (Februari)
<br />- Tahun 2006-2010, Susenas Panel (Maret)
<br />- Tahun 2011-2016, Susenas Modul Konsumsi (Maret dan September)
<br />- Angka Provinsi Papua Barat dan Papua sebelum tahun 2024 merupakan angka provinsi sebelum mengalami pemekaran Daerah Otonom Baru (DOB)",Kemiskinan dan Ketimpangan,38 Provinsi,7500,GORONTALO,190,Perdesaan,120,2020,62,Semester 2 (September),0.391,75009819012062
bps_webapi,0000,2026-08-19T02:01:19+00:00,2026-08-05 12:26:57,98,Gini Ratio Menurut Provinsi dan Daerah,,3,,"- Sumber  : BPS, Susenas  
<br />- Tahun 2002, Susenas Modul Konsumsi reguler
<br />- Tahun 2005, Susenas Panel (Februari)
<br />- Tahun 2006-2010, Susenas Panel (Maret)
<br />- Tahun 2011-2016, Susenas Modul Konsumsi (Maret dan September)
<br />- Angka Provinsi Papua Barat dan Papua sebelum tahun 2024 merupakan angka provinsi sebelum mengalami pemekaran Daerah Otonom Baru (DOB)",Kemiskinan dan Ketimpangan,38 Provinsi,7500,GORONTALO,191,Perkotaan+Perdesaan,120,2020,61,Semester 1 (Maret),0.408,75009819112061
bps_webapi,0000,2026-08-19T02:01:19+00:00,2026-08-05 12:26:57,98,Gini Ratio Menurut Provinsi dan Daerah,,3,,"- Sumber  : BPS, Susenas  
<br />- Tahun 2002, Susenas Modul Konsumsi reguler
<br />- Tahun 2005, Susenas Panel (Februari)
<br />- Tahun 2006-2010, Susenas Panel (Maret)
<br />- Tahun 2011-2016, Susenas Modul Konsumsi (Maret dan September)
<br />- Angka Provinsi Papua Barat dan Papua sebelum tahun 2024 merupakan angka provinsi sebelum mengalami pemekaran Daerah Otonom Baru (DOB)",Kemiskinan dan Ketimpangan,38 Provinsi,7500,GORONTALO,191,Perkotaan+Perdesaan,120,2020,62,Semester 2 (September),0.406,75009819112062
bps_webapi,0000,2026-08-19T02:01:19+00:00,2026-08-05 12:26:57,98,Gini Ratio Menurut Provinsi dan Daerah,,3,,"- Sumber  : BPS, Susenas  
<br />- Tahun 2002, Susenas Modul Konsumsi reguler
<br />- Tahun 2005, Susenas Panel (Februari)
<br />- Tahun 2006-2010, Susenas Panel (Maret)
<br />- Tahun 2011-2016, Susenas Modul Konsumsi (Maret dan September)
<br />- Angka Provinsi Papua Barat dan Papua sebelum tahun 2024 merupakan angka provinsi sebelum mengalami pemekaran Daerah Otonom Baru (DOB)",Kemiskinan dan Ketimpangan,38 Provinsi,7600,SULAWESI BARAT,189,Perkotaan,120,2020,61,Semester 1 (Maret),0.436,76009818912061
bps_webapi,0000,2026-08-19T02:01:19+00:00,2026-08-05 12:26:57,98,Gini Ratio Menurut Provinsi dan Daerah,,3,,"- Sumber  : BPS, Susenas  
<br />- Tahun 2002, Susenas Modul Konsumsi reguler
<br />- Tahun 2005, Susenas Panel (Februari)
<br />- Tahun 2006-2010, Susenas Panel (Maret)
<br />- Tahun 2011-2016, Susenas Modul Konsumsi (Maret dan September)
<br />- Angka Provinsi Papua Barat dan Papua sebelum tahun 2024 merupakan angka provinsi sebelum mengalami pemekaran Daerah Otonom Baru (DOB)",Kemiskinan dan Ketimpangan,38 Provinsi,7600,SULAWESI BARAT,189,Perkotaan,120,2020,62,Semester 2 (September),0.437,76009818912062
bps_webapi,0000,2026-08-19T02:01:19+00:00,2026-08-05 12:26:57,98,Gini Ratio Menurut Provinsi dan Daerah,,3,,"- Sumber  : BPS, Susenas  
<br />- Tahun 2002, Susenas Modul Konsumsi reguler
<br />- Tahun 2005, Susenas Panel (Februari)
<br />- Tahun 2006-2010, Susenas Panel (Maret)
<br />- Tahun 2011-2016, Susenas Modul Konsumsi (Maret dan September)
<br />- Angka Provinsi Papua Barat dan Papua sebelum tahun 2024 merupakan angka provinsi sebelum mengalami pemekaran Daerah Otonom Baru (DOB)",Kemiskinan dan Ketimpangan,38 Provinsi,7600,SULAWESI BARAT,190,Perdesaan,120,2020,61,Semester 1 (Maret),0.321,76009819012061
bps_webapi,0000,2026-08-19T02:01:19+00:00,2026-08-05 12:26:57,98,Gini Ratio Menurut Provinsi dan Daerah,,3,,"- Sumber  : BPS, Susenas  
<br />- Tahun 2002, Susenas Modul Konsumsi reguler
<br />- Tahun 2005, Susenas Panel (Februari)
<br />- Tahun 2006-2010, Susenas Panel (Maret)
<br />- Tahun 2011-2016, Susenas Modul Konsumsi (Maret dan September)
<br />- Angka Provinsi Papua Barat dan Papua sebelum tahun 2024 merupakan angka provinsi sebelum mengalami pemekaran Daerah Otonom Baru (DOB)",Kemiskinan dan Ketimpangan,38 Provinsi,7600,SULAWESI BARAT,190,Perdesaan,120,2020,62,Semester 2 (September),0.321,76009819012062
bps_webapi,0000,2026-08-19T02:01:19+00:00,2026-08-05 12:26:57,98,Gini Ratio Menurut Provinsi dan Daerah,,3,,"- Sumber  : BPS, Susenas  
<br />- Tahun 2002, Susenas Modul Konsumsi reguler
<br />- Tahun 2005, Susenas Panel (Februari)
<br />- Tahun 2006-2010, Susenas Panel (Maret)
<br />- Tahun 2011-2016, Susenas Modul Konsumsi (Maret dan September)
<br />- Angka Provinsi Papua Barat dan Papua sebelum tahun 2024 merupakan angka provinsi sebelum mengalami pemekaran Daerah Otonom Baru (DOB)",Kemiskinan dan Ketimpangan,38 Provinsi,7600,SULAWESI BARAT,191,Perkotaan+Perdesaan,120,2020,61,Semester 1 (Maret),0.364,76009819112061
bps_webapi,0000,2026-08-19T02:01:19+00:00,2026-08-05 12:26:57,98,Gini Ratio Menurut Provinsi dan Daerah,,3,,"- Sumber  : BPS, Susenas  
<br />- Tahun 2002, Susenas Modul Konsumsi reguler
<br />- Tahun 2005, Susenas Panel (Februari)
<br />- Tahun 2006-2010, Susenas Panel (Maret)
<br />- Tahun 2011-2016, Susenas Modul Konsumsi (Maret dan September)
<br />- Angka Provinsi Papua Barat dan Papua sebelum tahun 2024 merupakan angka provinsi sebelum mengalami pemekaran Daerah Otonom Baru (DOB)",Kemiskinan dan Ketimpangan,38 Provinsi,7600,SULAWESI BARAT,191,Perkotaan+Perdesaan,120,2020,62,Semester 2 (September),0.356,76009819112062
bps_webapi,0000,2026-08-19T02:01:19+00:00,2026-08-05 12:26:57,98,Gini Ratio Menurut Provinsi dan Daerah,,3,,"- Sumber  : BPS, Susenas  
<br />- Tahun 2002, Susenas Modul Konsumsi reguler
<br />- Tahun 2005, Susenas Panel (Februari)
<br />- Tahun 2006-2010, Susenas Panel (Maret)
<br />- Tahun 2011-2016, Susenas Modul Konsumsi (Maret dan September)
<br />- Angka Provinsi Papua Barat dan Papua sebelum tahun 2024 merupakan angka provinsi sebelum mengalami pemekaran Daerah Otonom Baru (DOB)",Kemiskinan dan Ketimpangan,38 Provinsi,8100,MALUKU,189,Perkotaan,120,2020,61,Semester 1 (Maret),0.295,81009818912061
bps_webapi,0000,2026-08-19T02:01:19+00:00,2026-08-05 12:26:57,98,Gini Ratio Menurut Provinsi dan Daerah,,3,,"- Sumber  : BPS, Susenas  
<br />- Tahun 2002, Susenas Modul Konsumsi reguler
<br />- Tahun 2005, Susenas Panel (Februari)
<br />- Tahun 2006-2010, Susenas Panel (Maret)
<br />- Tahun 2011-2016, Susenas Modul Konsumsi (Maret dan September)
<br />- Angka Provinsi Papua Barat dan Papua sebelum tahun 2024 merupakan angka provinsi sebelum mengalami pemekaran Daerah Otonom Baru (DOB)",Kemiskinan dan Ketimpangan,38 Provinsi,8100,MALUKU,189,Perkotaan,120,2020,62,Semester 2 (September),0.292,81009818912062
bps_webapi,0000,2026-08-19T02:01:19+00:00,2026-08-05 12:26:57,98,Gini Ratio Menurut Provinsi dan Daerah,,3,,"- Sumber  : BPS, Susenas  
<br />- Tahun 2002, Susenas Modul Konsumsi reguler
<br />- Tahun 2005, Susenas Panel (Februari)
<br />- Tahun 2006-2010, Susenas Panel (Maret)
<br />- Tahun 2011-2016, Susenas Modul Konsumsi (Maret dan September)
<br />- Angka Provinsi Papua Barat dan Papua sebelum tahun 2024 merupakan angka provinsi sebelum mengalami pemekaran Daerah Otonom Baru (DOB)",Kemiskinan dan Ketimpangan,38 Provinsi,8100,MALUKU,190,Perdesaan,120,2020,61,Semester 1 (Maret),0.284,81009819012061
bps_webapi,0000,2026-08-19T02:01:19+00:00,2026-08-05 12:26:57,98,Gini Ratio Menurut Provinsi dan Daerah,,3,,"- Sumber  : BPS, Susenas  
<br />- Tahun 2002, Susenas Modul Konsumsi reguler
<br />- Tahun 2005, Susenas Panel (Februari)
<br />- Tahun 2006-2010, Susenas Panel (Maret)
<br />- Tahun 2011-2016, Susenas Modul Konsumsi (Maret dan September)
<br />- Angka Provinsi Papua Barat dan Papua sebelum tahun 2024 merupakan angka provinsi sebelum mengalami pemekaran Daerah Otonom Baru (DOB)",Kemiskinan dan Ketimpangan,38 Provinsi,8100,MALUKU,190,Perdesaan,120,2020,62,Semester 2 (September),0.285,81009819012062
bps_webapi,0000,2026-08-19T02:01:19+00:00,2026-08-05 12:26:57,98,Gini Ratio Menurut Provinsi dan Daerah,,3,,"- Sumber  : BPS, Susenas  
<br />- Tahun 2002, Susenas Modul Konsumsi reguler
<br />- Tahun 2005, Susenas Panel (Februari)
<br />- Tahun 2006-2010, Susenas Panel (Maret)
<br />- Tahun 2011-2016, Susenas Modul Konsumsi (Maret dan September)
<br />- Angka Provinsi Papua Barat dan Papua sebelum tahun 2024 merupakan angka provinsi sebelum mengalami pemekaran Daerah Otonom Baru (DOB)",Kemiskinan dan Ketimpangan,38 Provinsi,8100,MALUKU,191,Perkotaan+Perdesaan,120,2020,61,Semester 1 (Maret),0.318,81009819112061
bps_webapi,0000,2026-08-19T02:01:19+00:00,2026-08-05 12:26:57,98,Gini Ratio Menurut Provinsi dan Daerah,,3,,"- Sumber  : BPS, Susenas  
<br />- Tahun 2002, Susenas Modul Konsumsi reguler
<br />- Tahun 2005, Susenas Panel (Februari)
<br />- Tahun 2006-2010, Susenas Panel (Maret)
<br />- Tahun 2011-2016, Susenas Modul Konsumsi (Maret dan September)
<br />- Angka Provinsi Papua Barat dan Papua sebelum tahun 2024 merupakan angka provinsi sebelum mengalami pemekaran Daerah Otonom Baru (DOB)",Kemiskinan dan Ketimpangan,38 Provinsi,8100,MALUKU,191,Perkotaan+Perdesaan,120,2020,62,Semester 2 (September),0.326,81009819112062
bps_webapi,0000,2026-08-19T02:01:19+00:00,2026-08-05 12:26:57,98,Gini Ratio Menurut Provinsi dan Daerah,,3,,"- Sumber  : BPS, Susenas  
<br />- Tahun 2002, Susenas Modul Konsumsi reguler
<br />- Tahun 2005, Susenas Panel (Februari)
<br />- Tahun 2006-2010, Susenas Panel (Maret)
<br />- Tahun 2011-2016, Susenas Modul Konsumsi (Maret dan September)
<br />- Angka Provinsi Papua Barat dan Papua sebelum tahun 2024 merupakan angka provinsi sebelum mengalami pemekaran Daerah Otonom Baru (DOB)",Kemiskinan dan Ketimpangan,38 Provinsi,8200,MALUKU UTARA,189,Perkotaan,120,2020,61,Semester 1 (Maret),0.297,82009818912061
bps_webapi,0000,2026-08-19T02:01:19+00:00,2026-08-05 12:26:57,98,Gini Ratio Menurut Provinsi dan Daerah,,3,,"- Sumber  : BPS, Susenas  
<br />- Tahun 2002, Susenas Modul Konsumsi reguler
<br />- Tahun 2005, Susenas Panel (Februari)
<br />- Tahun 2006-2010, Susenas Panel (Maret)
<br />- Tahun 2011-2016, Susenas Modul Konsumsi (Maret dan September)
<br />- Angka Provinsi Papua Barat dan Papua sebelum tahun 2024 merupakan angka provinsi sebelum mengalami pemekaran Daerah Otonom Baru (DOB)",Kemiskinan dan Ketimpangan,38 Provinsi,8200,MALUKU UTARA,189,Perkotaan,120,2020,62,Semester 2 (September),0.294,82009818912062
bps_webapi,0000,2026-08-19T02:01:19+00:00,2026-08-05 12:26:57,98,Gini Ratio Menurut Provinsi dan Daerah,,3,,"- Sumber  : BPS, Susenas  
<br />- Tahun 2002, Susenas Modul Konsumsi reguler
<br />- Tahun 2005, Susenas Panel (Februari)
<br />- Tahun 2006-2010, Susenas Panel (Maret)
<br />- Tahun 2011-2016, Susenas Modul Konsumsi (Maret dan September)
<br />- Angka Provinsi Papua Barat dan Papua sebelum tahun 2024 merupakan angka provinsi sebelum mengalami pemekaran Daerah Otonom Baru (DOB)",Kemiskinan dan Ketimpangan,38 Provinsi,8200,MALUKU UTARA,190,Perdesaan,120,2020,61,Semester 1 (Maret),0.266,82009819012061
bps_webapi,0000,2026-08-19T02:01:19+00:00,2026-08-05 12:26:57,98,Gini Ratio Menurut Provinsi dan Daerah,,3,,"- Sumber  : BPS, Susenas  
<br />- Tahun 2002, Susenas Modul Konsumsi reguler
<br />- Tahun 2005, Susenas Panel (Februari)
<br />- Tahun 2006-2010, Susenas Panel (Maret)
<br />- Tahun 2011-2016, Susenas Modul Konsumsi (Maret dan September)
<br />- Angka Provinsi Papua Barat dan Papua sebelum tahun 2024 merupakan angka provinsi sebelum mengalami pemekaran Daerah Otonom Baru (DOB)",Kemiskinan dan Ketimpangan,38 Provinsi,8200,MALUKU UTARA,190,Perdesaan,120,2020,62,Semester 2 (September),0.271,82009819012062
bps_webapi,0000,2026-08-19T02:01:19+00:00,2026-08-05 12:26:57,98,Gini Ratio Menurut Provinsi dan Daerah,,3,,"- Sumber  : BPS, Susenas  
<br />- Tahun 2002, Susenas Modul Konsumsi reguler
<br />- Tahun 2005, Susenas Panel (Februari)
<br />- Tahun 2006-2010, Susenas Panel (Maret)
<br />- Tahun 2011-2016, Susenas Modul Konsumsi (Maret dan September)
<br />- Angka Provinsi Papua Barat dan Papua sebelum tahun 2024 merupakan angka provinsi sebelum mengalami pemekaran Daerah Otonom Baru (DOB)",Kemiskinan dan Ketimpangan,38 Provinsi,8200,MALUKU UTARA,191,Perkotaan+Perdesaan,120,2020,61,Semester 1 (Maret),0.308,82009819112061
bps_webapi,0000,2026-08-19T02:01:19+00:00,2026-08-05 12:26:57,98,Gini Ratio Menurut Provinsi dan Daerah,,3,,"- Sumber  : BPS, Susenas  
<br />- Tahun 2002, Susenas Modul Konsumsi reguler
<br />- Tahun 2005, Susenas Panel (Februari)
<br />- Tahun 2006-2010, Susenas Panel (Maret)
<br />- Tahun 2011-2016, Susenas Modul Konsumsi (Maret dan September)
<br />- Angka Provinsi Papua Barat dan Papua sebelum tahun 2024 merupakan angka provinsi sebelum mengalami pemekaran Daerah Otonom Baru (DOB)",Kemiskinan dan Ketimpangan,38 Provinsi,8200,MALUKU UTARA,191,Perkotaan+Perdesaan,120,2020,62,Semester 2 (September),0.29,82009819112062
bps_webapi,0000,2026-08-19T02:01:19+00:00,2026-08-05 12:26:57,98,Gini Ratio Menurut Provinsi dan Daerah,,3,,"- Sumber  : BPS, Susenas  
<br />- Tahun 2002, Susenas Modul Konsumsi reguler
<br />- Tahun 2005, Susenas Panel (Februari)
<br />- Tahun 2006-2010, Susenas Panel (Maret)
<br />- Tahun 2011-2016, Susenas Modul Konsumsi (Maret dan September)
<br />- Angka Provinsi Papua Barat dan Papua sebelum tahun 2024 merupakan angka provinsi sebelum mengalami pemekaran Daerah Otonom Baru (DOB)",Kemiskinan dan Ketimpangan,38 Provinsi,9100,PAPUA BARAT,189,Perkotaan,120,2020,61,Semester 1 (Maret),0.32,91009818912061
bps_webapi,0000,2026-08-19T02:01:19+00:00,2026-08-05 12:26:57,98,Gini Ratio Menurut Provinsi dan Daerah,,3,,"- Sumber  : BPS, Susenas  
<br />- Tahun 2002, Susenas Modul Konsumsi reguler
<br />- Tahun 2005, Susenas Panel (Februari)
<br />- Tahun 2006-2010, Susenas Panel (Maret)
<br />- Tahun 2011-2016, Susenas Modul Konsumsi (Maret dan September)
<br />- Angka Provinsi Papua Barat dan Papua sebelum tahun 2024 merupakan angka provinsi sebelum mengalami pemekaran Daerah Otonom Baru (DOB)",Kemiskinan dan Ketimpangan,38 Provinsi,9100,PAPUA BARAT,189,Perkotaan,120,2020,62,Semester 2 (September),0.316,91009818912062
bps_webapi,0000,2026-08-19T02:01:19+00:00,2026-08-05 12:26:57,98,Gini Ratio Menurut Provinsi dan Daerah,,3,,"- Sumber  : BPS, Susenas  
<br />- Tahun 2002, Susenas Modul Konsumsi reguler
<br />- Tahun 2005, Susenas Panel (Februari)
<br />- Tahun 2006-2010, Susenas Panel (Maret)
<br />- Tahun 2011-2016, Susenas Modul Konsumsi (Maret dan September)
<br />- Angka Provinsi Papua Barat dan Papua sebelum tahun 2024 merupakan angka provinsi sebelum mengalami pemekaran Daerah Otonom Baru (DOB)",Kemiskinan dan Ketimpangan,38 Provinsi,9100,PAPUA BARAT,190,Perdesaan,120,2020,61,Semester 1 (Maret),0.414,91009819012061
bps_webapi,0000,2026-08-19T02:01:19+00:00,2026-08-05 12:26:57,98,Gini Ratio Menurut Provinsi dan Daerah,,3,,"- Sumber  : BPS, Susenas  
<br />- Tahun 2002, Susenas Modul Konsumsi reguler
<br />- Tahun 2005, Susenas Panel (Februari)
<br />- Tahun 2006-2010, Susenas Panel (Maret)
<br />- Tahun 2011-2016, Susenas Modul Konsumsi (Maret dan September)
<br />- Angka Provinsi Papua Barat dan Papua sebelum tahun 2024 merupakan angka provinsi sebelum mengalami pemekaran Daerah Otonom Baru (DOB)",Kemiskinan dan Ketimpangan,38 Provinsi,9100,PAPUA BARAT,190,Perdesaan,120,2020,62,Semester 2 (September),0.412,91009819012062
bps_webapi,0000,2026-08-19T02:01:19+00:00,2026-08-05 12:26:57,98,Gini Ratio Menurut Provinsi dan Daerah,,3,,"- Sumber  : BPS, Susenas  
<br />- Tahun 2002, Susenas Modul Konsumsi reguler
<br />- Tahun 2005, Susenas Panel (Februari)
<br />- Tahun 2006-2010, Susenas Panel (Maret)
<br />- Tahun 2011-2016, Susenas Modul Konsumsi (Maret dan September)
<br />- Angka Provinsi Papua Barat dan Papua sebelum tahun 2024 merupakan angka provinsi sebelum mengalami pemekaran Daerah Otonom Baru (DOB)",Kemiskinan dan Ketimpangan,38 Provinsi,9100,PAPUA BARAT,191,Perkotaan+Perdesaan,120,2020,61,Semester 1 (Maret),0.382,91009819112061
bps_webapi,0000,2026-08-19T02:01:19+00:00,2026-08-05 12:26:57,98,Gini Ratio Menurut Provinsi dan Daerah,,3,,"- Sumber  : BPS, Susenas  
<br />- Tahun 2002, Susenas Modul Konsumsi reguler
<br />- Tahun 2005, Susenas Panel (Februari)
<br />- Tahun 2006-2010, Susenas Panel (Maret)
<br />- Tahun 2011-2016, Susenas Modul Konsumsi (Maret dan September)
<br />- Angka Provinsi Papua Barat dan Papua sebelum tahun 2024 merupakan angka provinsi sebelum mengalami pemekaran Daerah Otonom Baru (DOB)",Kemiskinan dan Ketimpangan,38 Provinsi,9100,PAPUA BARAT,191,Perkotaan+Perdesaan,120,2020,62,Semester 2 (September),0.376,91009819112062
bps_webapi,0000,2026-08-19T02:01:19+00:00,2026-08-05 12:26:57,98,Gini Ratio Menurut Provinsi dan Daerah,,3,,"- Sumber  : BPS, Susenas  
<br />- Tahun 2002, Susenas Modul Konsumsi reguler
<br />- Tahun 2005, Susenas Panel (Februari)
<br />- Tahun 2006-2010, Susenas Panel (Maret)
<br />- Tahun 2011-2016, Susenas Modul Konsumsi (Maret dan September)
<br />- Angka Provinsi Papua Barat dan Papua sebelum tahun 2024 merupakan angka provinsi sebelum mengalami pemekaran Daerah Otonom Baru (DOB)",Kemiskinan dan Ketimpangan,38 Provinsi,9400,PAPUA,189,Perkotaan,120,2020,61,Semester 1 (Maret),0.296,94009818912061
bps_webapi,0000,2026-08-19T02:01:19+00:00,2026-08-05 12:26:57,98,Gini Ratio Menurut Provinsi dan Daerah,,3,,"- Sumber  : BPS, Susenas  
<br />- Tahun 2002, Susenas Modul Konsumsi reguler
<br />- Tahun 2005, Susenas Panel (Februari)
<br />- Tahun 2006-2010, Susenas Panel (Maret)
<br />- Tahun 2011-2016, Susenas Modul Konsumsi (Maret dan September)
<br />- Angka Provinsi Papua Barat dan Papua sebelum tahun 2024 merupakan angka provinsi sebelum mengalami pemekaran Daerah Otonom Baru (DOB)",Kemiskinan dan Ketimpangan,38 Provinsi,9400,PAPUA,189,Perkotaan,120,2020,62,Semester 2 (September),0.291,94009818912062
bps_webapi,0000,2026-08-19T02:01:19+00:00,2026-08-05 12:26:57,98,Gini Ratio Menurut Provinsi dan Daerah,,3,,"- Sumber  : BPS, Susenas  
<br />- Tahun 2002, Susenas Modul Konsumsi reguler
<br />- Tahun 2005, Susenas Panel (Februari)
<br />- Tahun 2006-2010, Susenas Panel (Maret)
<br />- Tahun 2011-2016, Susenas Modul Konsumsi (Maret dan September)
<br />- Angka Provinsi Papua Barat dan Papua sebelum tahun 2024 merupakan angka provinsi sebelum mengalami pemekaran Daerah Otonom Baru (DOB)",Kemiskinan dan Ketimpangan,38 Provinsi,9400,PAPUA,190,Perdesaan,120,2020,61,Semester 1 (Maret),0.414,94009819012061
bps_webapi,0000,2026-08-19T02:01:19+00:00,2026-08-05 12:26:57,98,Gini Ratio Menurut Provinsi dan Daerah,,3,,"- Sumber  : BPS, Susenas  
<br />- Tahun 2002, Susenas Modul Konsumsi reguler
<br />- Tahun 2005, Susenas Panel (Februari)
<br />- Tahun 2006-2010, Susenas Panel (Maret)
<br />- Tahun 2011-2016, Susenas Modul Konsumsi (Maret dan September)
<br />- Angka Provinsi Papua Barat dan Papua sebelum tahun 2024 merupakan angka provinsi sebelum mengalami pemekaran Daerah Otonom Baru (DOB)",Kemiskinan dan Ketimpangan,38 Provinsi,9400,PAPUA,190,Perdesaan,120,2020,62,Semester 2 (September),0.416,94009819012062
bps_webapi,0000,2026-08-19T02:01:19+00:00,2026-08-05 12:26:57,98,Gini Ratio Menurut Provinsi dan Daerah,,3,,"- Sumber  : BPS, Susenas  
<br />- Tahun 2002, Susenas Modul Konsumsi reguler
<br />- Tahun 2005, Susenas Panel (Februari)
<br />- Tahun 2006-2010, Susenas Panel (Maret)
<br />- Tahun 2011-2016, Susenas Modul Konsumsi (Maret dan September)
<br />- Angka Provinsi Papua Barat dan Papua sebelum tahun 2024 merupakan angka provinsi sebelum mengalami pemekaran Daerah Otonom Baru (DOB)",Kemiskinan dan Ketimpangan,38 Provinsi,9400,PAPUA,191,Perkotaan+Perdesaan,120,2020,61,Semester 1 (Maret),0.392,94009819112061
bps_webapi,0000,2026-08-19T02:01:19+00:00,2026-08-05 12:26:57,98,Gini Ratio Menurut Provinsi dan Daerah,,3,,"- Sumber  : BPS, Susenas  
<br />- Tahun 2002, Susenas Modul Konsumsi reguler
<br />- Tahun 2005, Susenas Panel (Februari)
<br />- Tahun 2006-2010, Susenas Panel (Maret)
<br />- Tahun 2011-2016, Susenas Modul Konsumsi (Maret dan September)
<br />- Angka Provinsi Papua Barat dan Papua sebelum tahun 2024 merupakan angka provinsi sebelum mengalami pemekaran Daerah Otonom Baru (DOB)",Kemiskinan dan Ketimpangan,38 Provinsi,9400,PAPUA,191,Perkotaan+Perdesaan,120,2020,62,Semester 2 (September),0.395,94009819112062
bps_webapi,0000,2026-08-19T02:01:19+00:00,2026-08-05 12:26:57,98,Gini Ratio Menurut Provinsi dan Daerah,,3,,"- Sumber  : BPS, Susenas  
<br />- Tahun 2002, Susenas Modul Konsumsi reguler
<br />- Tahun 2005, Susenas Panel (Februari)
<br />- Tahun 2006-2010, Susenas Panel (Maret)
<br />- Tahun 2011-2016, Susenas Modul Konsumsi (Maret dan September)
<br />- Angka Provinsi Papua Barat dan Papua sebelum tahun 2024 merupakan angka provinsi sebelum mengalami pemekaran Daerah Otonom Baru (DOB)",Kemiskinan dan Ketimpangan,38 Provinsi,9999,INDONESIA,189,Perkotaan,120,2020,61,Semester 1 (Maret),0.393,99999818912061
bps_webapi,0000,2026-08-19T02:01:19+00:00,2026-08-05 12:26:57,98,Gini Ratio Menurut Provinsi dan Daerah,,3,,"- Sumber  : BPS, Susenas  
<br />- Tahun 2002, Susenas Modul Konsumsi reguler
<br />- Tahun 2005, Susenas Panel (Februari)
<br />- Tahun 2006-2010, Susenas Panel (Maret)
<br />- Tahun 2011-2016, Susenas Modul Konsumsi (Maret dan September)
<br />- Angka Provinsi Papua Barat dan Papua sebelum tahun 2024 merupakan angka provinsi sebelum mengalami pemekaran Daerah Otonom Baru (DOB)",Kemiskinan dan Ketimpangan,38 Provinsi,9999,INDONESIA,189,Perkotaan,120,2020,62,Semester 2 (September),0.399,99999818912062
bps_webapi,0000,2026-08-19T02:01:19+00:00,2026-08-05 12:26:57,98,Gini Ratio Menurut Provinsi dan Daerah,,3,,"- Sumber  : BPS, Susenas  
<br />- Tahun 2002, Susenas Modul Konsumsi reguler
<br />- Tahun 2005, Susenas Panel (Februari)
<br />- Tahun 2006-2010, Susenas Panel (Maret)
<br />- Tahun 2011-2016, Susenas Modul Konsumsi (Maret dan September)
<br />- Angka Provinsi Papua Barat dan Papua sebelum tahun 2024 merupakan angka provinsi sebelum mengalami pemekaran Daerah Otonom Baru (DOB)",Kemiskinan dan Ketimpangan,38 Provinsi,9999,INDONESIA,190,Perdesaan,120,2020,61,Semester 1 (Maret),0.317,99999819012061
bps_webapi,0000,2026-08-19T02:01:19+00:00,2026-08-05 12:26:57,98,Gini Ratio Menurut Provinsi dan Daerah,,3,,"- Sumber  : BPS, Susenas  
<br />- Tahun 2002, Susenas Modul Konsumsi reguler
<br />- Tahun 2005, Susenas Panel (Februari)
<br />- Tahun 2006-2010, Susenas Panel (Maret)
<br />- Tahun 2011-2016, Susenas Modul Konsumsi (Maret dan September)
<br />- Angka Provinsi Papua Barat dan Papua sebelum tahun 2024 merupakan angka provinsi sebelum mengalami pemekaran Daerah Otonom Baru (DOB)",Kemiskinan dan Ketimpangan,38 Provinsi,9999,INDONESIA,190,Perdesaan,120,2020,62,Semester 2 (September),0.319,99999819012062
bps_webapi,0000,2026-08-19T02:01:19+00:00,2026-08-05 12:26:57,98,Gini Ratio Menurut Provinsi dan Daerah,,3,,"- Sumber  : BPS, Susenas  
<br />- Tahun 2002, Susenas Modul Konsumsi reguler
<br />- Tahun 2005, Susenas Panel (Februari)
<br />- Tahun 2006-2010, Susenas Panel (Maret)
<br />- Tahun 2011-2016, Susenas Modul Konsumsi (Maret dan September)
<br />- Angka Provinsi Papua Barat dan Papua sebelum tahun 2024 merupakan angka provinsi sebelum mengalami pemekaran Daerah Otonom Baru (DOB)",Kemiskinan dan Ketimpangan,38 Provinsi,9999,INDONESIA,191,Perkotaan+Perdesaan,120,2020,61,Semester 1 (Maret),0.381,99999819112061
bps_webapi,0000,2026-08-19T02:01:19+00:00,2026-08-05 12:26:57,98,Gini Ratio Menurut Provinsi dan Daerah,,3,,"- Sumber  : BPS, Susenas  
<br />- Tahun 2002, Susenas Modul Konsumsi reguler
<br />- Tahun 2005, Susenas Panel (Februari)
<br />- Tahun 2006-2010, Susenas Panel (Maret)
<br />- Tahun 2011-2016, Susenas Modul Konsumsi (Maret dan September)
<br />- Angka Provinsi Papua Barat dan Papua sebelum tahun 2024 merupakan angka provinsi sebelum mengalami pemekaran Daerah Otonom Baru (DOB)",Kemiskinan dan Ketimpangan,38 Provinsi,9999,INDONESIA,191,Perkotaan+Perdesaan,120,2020,62,Semester 2 (September),0.385,99999819112062
bps_webapi,0000,2026-08-19T02:01:19+00:00,2026-08-05 12:26:57,98,Gini Ratio Menurut Provinsi dan Daerah,,3,,"- Sumber  : BPS, Susenas  
<br />- Tahun 2002, Susenas Modul Konsumsi reguler
<br />- Tahun 2005, Susenas Panel (Februari)
<br />- Tahun 2006-2010, Susenas Panel (Maret)
<br />- Tahun 2011-2016, Susenas Modul Konsumsi (Maret dan September)
<br />- Angka Provinsi Papua Barat dan Papua sebelum tahun 2024 merupakan angka provinsi sebelum mengalami pemekaran Daerah Otonom Baru (DOB)",Kemiskinan dan Ketimpangan,38 Provinsi,1100,ACEH,189,Perkotaan,121,2021,61,Semester 1 (Maret),0.362,11009818912161
bps_webapi,0000,2026-08-19T02:01:19+00:00,2026-08-05 12:26:57,98,Gini Ratio Menurut Provinsi dan Daerah,,3,,"- Sumber  : BPS, Susenas  
<br />- Tahun 2002, Susenas Modul Konsumsi reguler
<br />- Tahun 2005, Susenas Panel (Februari)
<br />- Tahun 2006-2010, Susenas Panel (Maret)
<br />- Tahun 2011-2016, Susenas Modul Konsumsi (Maret dan September)
<br />- Angka Provinsi Papua Barat dan Papua sebelum tahun 2024 merupakan angka provinsi sebelum mengalami pemekaran Daerah Otonom Baru (DOB)",Kemiskinan dan Ketimpangan,38 Provinsi,1100,ACEH,189,Perkotaan,121,2021,62,Semester 2 (September),0.357,11009818912162
bps_webapi,0000,2026-08-19T02:01:19+00:00,2026-08-05 12:26:57,98,Gini Ratio Menurut Provinsi dan Daerah,,3,,"- Sumber  : BPS, Susenas  
<br />- Tahun 2002, Susenas Modul Konsumsi reguler
<br />- Tahun 2005, Susenas Panel (Februari)
<br />- Tahun 2006-2010, Susenas Panel (Maret)
<br />- Tahun 2011-2016, Susenas Modul Konsumsi (Maret dan September)
<br />- Angka Provinsi Papua Barat dan Papua sebelum tahun 2024 merupakan angka provinsi sebelum mengalami pemekaran Daerah Otonom Baru (DOB)",Kemiskinan dan Ketimpangan,38 Provinsi,1100,ACEH,190,Perdesaan,121,2021,61,Semester 1 (Maret),0.275,11009819012161
bps_webapi,0000,2026-08-19T02:01:19+00:00,2026-08-05 12:26:57,98,Gini Ratio Menurut Provinsi dan Daerah,,3,,"- Sumber  : BPS, Susenas  
<br />- Tahun 2002, Susenas Modul Konsumsi reguler
<br />- Tahun 2005, Susenas Panel (Februari)
<br />- Tahun 2006-2010, Susenas Panel (Maret)
<br />- Tahun 2011-2016, Susenas Modul Konsumsi (Maret dan September)
<br />- Angka Provinsi Papua Barat dan Papua sebelum tahun 2024 merupakan angka provinsi sebelum mengalami pemekaran Daerah Otonom Baru (DOB)",Kemiskinan dan Ketimpangan,38 Provinsi,1100,ACEH,190,Perdesaan,121,2021,62,Semester 2 (September),0.282,11009819012162
bps_webapi,0000,2026-08-19T02:01:19+00:00,2026-08-05 12:26:57,98,Gini Ratio Menurut Provinsi dan Daerah,,3,,"- Sumber  : BPS, Susenas  
<br />- Tahun 2002, Susenas Modul Konsumsi reguler
<br />- Tahun 2005, Susenas Panel (Februari)
<br />- Tahun 2006-2010, Susenas Panel (Maret)
<br />- Tahun 2011-2016, Susenas Modul Konsumsi (Maret dan September)
<br />- Angka Provinsi Papua Barat dan Papua sebelum tahun 2024 merupakan angka provinsi sebelum mengalami pemekaran Daerah Otonom Baru (DOB)",Kemiskinan dan Ketimpangan,38 Provinsi,1100,ACEH,191,Perkotaan+Perdesaan,121,2021,61,Semester 1 (Maret),0.324,11009819112161
bps_webapi,0000,2026-08-19T02:01:19+00:00,2026-08-05 12:26:57,98,Gini Ratio Menurut Provinsi dan Daerah,,3,,"- Sumber  : BPS, Susenas  
<br />- Tahun 2002, Susenas Modul Konsumsi reguler
<br />- Tahun 2005, Susenas Panel (Februari)
<br />- Tahun 2006-2010, Susenas Panel (Maret)
<br />- Tahun 2011-2016, Susenas Modul Konsumsi (Maret dan September)
<br />- Angka Provinsi Papua Barat dan Papua sebelum tahun 2024 merupakan angka provinsi sebelum mengalami pemekaran Daerah Otonom Baru (DOB)",Kemiskinan dan Ketimpangan,38 Provinsi,1100,ACEH,191,Perkotaan+Perdesaan,121,2021,62,Semester 2 (September),0.323,11009819112162
bps_webapi,0000,2026-08-19T02:01:19+00:00,2026-08-05 12:26:57,98,Gini Ratio Menurut Provinsi dan Daerah,,3,,"- Sumber  : BPS, Susenas  
<br />- Tahun 2002, Susenas Modul Konsumsi reguler
<br />- Tahun 2005, Susenas Panel (Februari)
<br />- Tahun 2006-2010, Susenas Panel (Maret)
<br />- Tahun 2011-2016, Susenas Modul Konsumsi (Maret dan September)
<br />- Angka Provinsi Papua Barat dan Papua sebelum tahun 2024 merupakan angka provinsi sebelum mengalami pemekaran Daerah Otonom Baru (DOB)",Kemiskinan dan Ketimpangan,38 Provinsi,1200,SUMATERA UTARA,189,Perkotaan,121,2021,61,Semester 1 (Maret),0.344,12009818912161
bps_webapi,0000,2026-08-19T02:01:19+00:00,2026-08-05 12:26:57,98,Gini Ratio Menurut Provinsi dan Daerah,,3,,"- Sumber  : BPS, Susenas  
<br />- Tahun 2002, Susenas Modul Konsumsi reguler
<br />- Tahun 2005, Susenas Panel (Februari)
<br />- Tahun 2006-2010, Susenas Panel (Maret)
<br />- Tahun 2011-2016, Susenas Modul Konsumsi (Maret dan September)
<br />- Angka Provinsi Papua Barat dan Papua sebelum tahun 2024 merupakan angka provinsi sebelum mengalami pemekaran Daerah Otonom Baru (DOB)",Kemiskinan dan Ketimpangan,38 Provinsi,1200,SUMATERA UTARA,189,Perkotaan,121,2021,62,Semester 2 (September),0.339,12009818912162
bps_webapi,0000,2026-08-19T02:01:19+00:00,2026-08-05 12:26:57,98,Gini Ratio Menurut Provinsi dan Daerah,,3,,"- Sumber  : BPS, Susenas  
<br />- Tahun 2002, Susenas Modul Konsumsi reguler
<br />- Tahun 2005, Susenas Panel (Februari)
<br />- Tahun 2006-2010, Susenas Panel (Maret)
<br />- Tahun 2011-2016, Susenas Modul Konsumsi (Maret dan September)
<br />- Angka Provinsi Papua Barat dan Papua sebelum tahun 2024 merupakan angka provinsi sebelum mengalami pemekaran Daerah Otonom Baru (DOB)",Kemiskinan dan Ketimpangan,38 Provinsi,1200,SUMATERA UTARA,190,Perdesaan,121,2021,61,Semester 1 (Maret),0.25,12009819012161
bps_webapi,0000,2026-08-19T02:01:19+00:00,2026-08-05 12:26:57,98,Gini Ratio Menurut Provinsi dan Daerah,,3,,"- Sumber  : BPS, Susenas  
<br />- Tahun 2002, Susenas Modul Konsumsi reguler
<br />- Tahun 2005, Susenas Panel (Februari)
<br />- Tahun 2006-2010, Susenas Panel (Maret)
<br />- Tahun 2011-2016, Susenas Modul Konsumsi (Maret dan September)
<br />- Angka Provinsi Papua Barat dan Papua sebelum tahun 2024 merupakan angka provinsi sebelum mengalami pemekaran Daerah Otonom Baru (DOB)",Kemiskinan dan Ketimpangan,38 Provinsi,1200,SUMATERA UTARA,190,Perdesaan,121,2021,62,Semester 2 (September),0.257,12009819012162
bps_webapi,0000,2026-08-19T02:01:19+00:00,2026-08-05 12:26:57,98,Gini Ratio Menurut Provinsi dan Daerah,,3,,"- Sumber  : BPS, Susenas  
<br />- Tahun 2002, Susenas Modul Konsumsi reguler
<br />- Tahun 2005, Susenas Panel (Februari)
<br />- Tahun 2006-2010, Susenas Panel (Maret)
<br />- Tahun 2011-2016, Susenas Modul Konsumsi (Maret dan September)
<br />- Angka Provinsi Papua Barat dan Papua sebelum tahun 2024 merupakan angka provinsi sebelum mengalami pemekaran Daerah Otonom Baru (DOB)",Kemiskinan dan Ketimpangan,38 Provinsi,1200,SUMATERA UTARA,191,Perkotaan+Perdesaan,121,2021,61,Semester 1 (Maret),0.314,12009819112161
bps_webapi,0000,2026-08-19T02:01:19+00:00,2026-08-05 12:26:57,98,Gini Ratio Menurut Provinsi dan Daerah,,3,,"- Sumber  : BPS, Susenas  
<br />- Tahun 2002, Susenas Modul Konsumsi reguler
<br />- Tahun 2005, Susenas Panel (Februari)
<br />- Tahun 2006-2010, Susenas Panel (Maret)
<br />- Tahun 2011-2016, Susenas Modul Konsumsi (Maret dan September)
<br />- Angka Provinsi Papua Barat dan Papua sebelum tahun 2024 merupakan angka provinsi sebelum mengalami pemekaran Daerah Otonom Baru (DOB)",Kemiskinan dan Ketimpangan,38 Provinsi,1200,SUMATERA UTARA,191,Perkotaan+Perdesaan,121,2021,62,Semester 2 (September),0.313,12009819112162
bps_webapi,0000,2026-08-19T02:01:19+00:00,2026-08-05 12:26:57,98,Gini Ratio Menurut Provinsi dan Daerah,,3,,"- Sumber  : BPS, Susenas  
<br />- Tahun 2002, Susenas Modul Konsumsi reguler
<br />- Tahun 2005, Susenas Panel (Februari)
<br />- Tahun 2006-2010, Susenas Panel (Maret)
<br />- Tahun 2011-2016, Susenas Modul Konsumsi (Maret dan September)
<br />- Angka Provinsi Papua Barat dan Papua sebelum tahun 2024 merupakan angka provinsi sebelum mengalami pemekaran Daerah Otonom Baru (DOB)",Kemiskinan dan Ketimpangan,38 Provinsi,1300,SUMATERA BARAT,189,Perkotaan,121,2021,61,Semester 1 (Maret),0.329,13009818912161
bps_webapi,0000,2026-08-19T02:01:19+00:00,2026-08-05 12:26:57,98,Gini Ratio Menurut Provinsi dan Daerah,,3,,"- Sumber  : BPS, Susenas  
<br />- Tahun 2002, Susenas Modul Konsumsi reguler
<br />- Tahun 2005, Susenas Panel (Februari)
<br />- Tahun 2006-2010, Susenas Panel (Maret)
<br />- Tahun 2011-2016, Susenas Modul Konsumsi (Maret dan September)
<br />- Angka Provinsi Papua Barat dan Papua sebelum tahun 2024 merupakan angka provinsi sebelum mengalami pemekaran Daerah Otonom Baru (DOB)",Kemiskinan dan Ketimpangan,38 Provinsi,1300,SUMATERA BARAT,189,Perkotaan,121,2021,62,Semester 2 (September),0.327,13009818912162
bps_webapi,0000,2026-08-19T02:01:19+00:00,2026-08-05 12:26:57,98,Gini Ratio Menurut Provinsi dan Daerah,,3,,"- Sumber  : BPS, Susenas  
<br />- Tahun 2002, Susenas Modul Konsumsi reguler
<br />- Tahun 2005, Susenas Panel (Februari)
<br />- Tahun 2006-2010, Susenas Panel (Maret)
<br />- Tahun 2011-2016, Susenas Modul Konsumsi (Maret dan September)
<br />- Angka Provinsi Papua Barat dan Papua sebelum tahun 2024 merupakan angka provinsi sebelum mengalami pemekaran Daerah Otonom Baru (DOB)",Kemiskinan dan Ketimpangan,38 Provinsi,1300,SUMATERA BARAT,190,Perdesaan,121,2021,61,Semester 1 (Maret),0.254,13009819012161
bps_webapi,0000,2026-08-19T02:01:19+00:00,2026-08-05 12:26:57,98,Gini Ratio Menurut Provinsi dan Daerah,,3,,"- Sumber  : BPS, Susenas  
<br />- Tahun 2002, Susenas Modul Konsumsi reguler
<br />- Tahun 2005, Susenas Panel (Februari)
<br />- Tahun 2006-2010, Susenas Panel (Maret)
<br />- Tahun 2011-2016, Susenas Modul Konsumsi (Maret dan September)
<br />- Angka Provinsi Papua Barat dan Papua sebelum tahun 2024 merupakan angka provinsi sebelum mengalami pemekaran Daerah Otonom Baru (DOB)",Kemiskinan dan Ketimpangan,38 Provinsi,1300,SUMATERA BARAT,190,Perdesaan,121,2021,62,Semester 2 (September),0.252,13009819012162
bps_webapi,0000,2026-08-19T02:01:19+00:00,2026-08-05 12:26:57,98,Gini Ratio Menurut Provinsi dan Daerah,,3,,"- Sumber  : BPS, Susenas  
<br />- Tahun 2002, Susenas Modul Konsumsi reguler
<br />- Tahun 2005, Susenas Panel (Februari)
<br />- Tahun 2006-2010, Susenas Panel (Maret)
<br />- Tahun 2011-2016, Susenas Modul Konsumsi (Maret dan September)
<br />- Angka Provinsi Papua Barat dan Papua sebelum tahun 2024 merupakan angka provinsi sebelum mengalami pemekaran Daerah Otonom Baru (DOB)",Kemiskinan dan Ketimpangan,38 Provinsi,1300,SUMATERA BARAT,191,Perkotaan+Perdesaan,121,2021,61,Semester 1 (Maret),0.306,13009819112161
bps_webapi,0000,2026-08-19T02:01:19+00:00,2026-08-05 12:26:57,98,Gini Ratio Menurut Provinsi dan Daerah,,3,,"- Sumber  : BPS, Susenas  
<br />- Tahun 2002, Susenas Modul Konsumsi reguler
<br />- Tahun 2005, Susenas Panel (Februari)
<br />- Tahun 2006-2010, Susenas Panel (Maret)
<br />- Tahun 2011-2016, Susenas Modul Konsumsi (Maret dan September)
<br />- Angka Provinsi Papua Barat dan Papua sebelum tahun 2024 merupakan angka provinsi sebelum mengalami pemekaran Daerah Otonom Baru (DOB)",Kemiskinan dan Ketimpangan,38 Provinsi,1300,SUMATERA BARAT,191,Perkotaan+Perdesaan,121,2021,62,Semester 2 (September),0.3,13009819112162
bps_webapi,0000,2026-08-19T02:01:19+00:00,2026-08-05 12:26:57,98,Gini Ratio Menurut Provinsi dan Daerah,,3,,"- Sumber  : BPS, Susenas  
<br />- Tahun 2002, Susenas Modul Konsumsi reguler
<br />- Tahun 2005, Susenas Panel (Februari)
<br />- Tahun 2006-2010, Susenas Panel (Maret)
<br />- Tahun 2011-2016, Susenas Modul Konsumsi (Maret dan September)
<br />- Angka Provinsi Papua Barat dan Papua sebelum tahun 2024 merupakan angka provinsi sebelum mengalami pemekaran Daerah Otonom Baru (DOB)",Kemiskinan dan Ketimpangan,38 Provinsi,1400,RIAU,189,Perkotaan,121,2021,61,Semester 1 (Maret),0.367,14009818912161
bps_webapi,0000,2026-08-19T02:01:19+00:00,2026-08-05 12:26:57,98,Gini Ratio Menurut Provinsi dan Daerah,,3,,"- Sumber  : BPS, Susenas  
<br />- Tahun 2002, Susenas Modul Konsumsi reguler
<br />- Tahun 2005, Susenas Panel (Februari)
<br />- Tahun 2006-2010, Susenas Panel (Maret)
<br />- Tahun 2011-2016, Susenas Modul Konsumsi (Maret dan September)
<br />- Angka Provinsi Papua Barat dan Papua sebelum tahun 2024 merupakan angka provinsi sebelum mengalami pemekaran Daerah Otonom Baru (DOB)",Kemiskinan dan Ketimpangan,38 Provinsi,1400,RIAU,189,Perkotaan,121,2021,62,Semester 2 (September),0.369,14009818912162
bps_webapi,0000,2026-08-19T02:01:19+00:00,2026-08-05 12:26:57,98,Gini Ratio Menurut Provinsi dan Daerah,,3,,"- Sumber  : BPS, Susenas  
<br />- Tahun 2002, Susenas Modul Konsumsi reguler
<br />- Tahun 2005, Susenas Panel (Februari)
<br />- Tahun 2006-2010, Susenas Panel (Maret)
<br />- Tahun 2011-2016, Susenas Modul Konsumsi (Maret dan September)
<br />- Angka Provinsi Papua Barat dan Papua sebelum tahun 2024 merupakan angka provinsi sebelum mengalami pemekaran Daerah Otonom Baru (DOB)",Kemiskinan dan Ketimpangan,38 Provinsi,1400,RIAU,190,Perdesaan,121,2021,61,Semester 1 (Maret),0.279,14009819012161
bps_webapi,0000,2026-08-19T02:01:19+00:00,2026-08-05 12:26:57,98,Gini Ratio Menurut Provinsi dan Daerah,,3,,"- Sumber  : BPS, Susenas  
<br />- Tahun 2002, Susenas Modul Konsumsi reguler
<br />- Tahun 2005, Susenas Panel (Februari)
<br />- Tahun 2006-2010, Susenas Panel (Maret)
<br />- Tahun 2011-2016, Susenas Modul Konsumsi (Maret dan September)
<br />- Angka Provinsi Papua Barat dan Papua sebelum tahun 2024 merupakan angka provinsi sebelum mengalami pemekaran Daerah Otonom Baru (DOB)",Kemiskinan dan Ketimpangan,38 Provinsi,1400,RIAU,190,Perdesaan,121,2021,62,Semester 2 (September),0.276,14009819012162
bps_webapi,0000,2026-08-19T02:01:19+00:00,2026-08-05 12:26:57,98,Gini Ratio Menurut Provinsi dan Daerah,,3,,"- Sumber  : BPS, Susenas  
<br />- Tahun 2002, Susenas Modul Konsumsi reguler
<br />- Tahun 2005, Susenas Panel (Februari)
<br />- Tahun 2006-2010, Susenas Panel (Maret)
<br />- Tahun 2011-2016, Susenas Modul Konsumsi (Maret dan September)
<br />- Angka Provinsi Papua Barat dan Papua sebelum tahun 2024 merupakan angka provinsi sebelum mengalami pemekaran Daerah Otonom Baru (DOB)",Kemiskinan dan Ketimpangan,38 Provinsi,1400,RIAU,191,Perkotaan+Perdesaan,121,2021,61,Semester 1 (Maret),0.326,14009819112161
bps_webapi,0000,2026-08-19T02:01:19+00:00,2026-08-05 12:26:57,98,Gini Ratio Menurut Provinsi dan Daerah,,3,,"- Sumber  : BPS, Susenas  
<br />- Tahun 2002, Susenas Modul Konsumsi reguler
<br />- Tahun 2005, Susenas Panel (Februari)
<br />- Tahun 2006-2010, Susenas Panel (Maret)
<br />- Tahun 2011-2016, Susenas Modul Konsumsi (Maret dan September)
<br />- Angka Provinsi Papua Barat dan Papua sebelum tahun 2024 merupakan angka provinsi sebelum mengalami pemekaran Daerah Otonom Baru (DOB)",Kemiskinan dan Ketimpangan,38 Provinsi,1400,RIAU,191,Perkotaan+Perdesaan,121,2021,62,Semester 2 (September),0.327,14009819112162
bps_webapi,0000,2026-08-19T02:01:19+00:00,2026-08-05 12:26:57,98,Gini Ratio Menurut Provinsi dan Daerah,,3,,"- Sumber  : BPS, Susenas  
<br />- Tahun 2002, Susenas Modul Konsumsi reguler
<br />- Tahun 2005, Susenas Panel (Februari)
<br />- Tahun 2006-2010, Susenas Panel (Maret)
<br />- Tahun 2011-2016, Susenas Modul Konsumsi (Maret dan September)
<br />- Angka Provinsi Papua Barat dan Papua sebelum tahun 2024 merupakan angka provinsi sebelum mengalami pemekaran Daerah Otonom Baru (DOB)",Kemiskinan dan Ketimpangan,38 Provinsi,1500,JAMBI,189,Perkotaan,121,2021,61,Semester 1 (Maret),0.354,15009818912161
bps_webapi,0000,2026-08-19T02:01:19+00:00,2026-08-05 12:26:57,98,Gini Ratio Menurut Provinsi dan Daerah,,3,,"- Sumber  : BPS, Susenas  
<br />- Tahun 2002, Susenas Modul Konsumsi reguler
<br />- Tahun 2005, Susenas Panel (Februari)
<br />- Tahun 2006-2010, Susenas Panel (Maret)
<br />- Tahun 2011-2016, Susenas Modul Konsumsi (Maret dan September)
<br />- Angka Provinsi Papua Barat dan Papua sebelum tahun 2024 merupakan angka provinsi sebelum mengalami pemekaran Daerah Otonom Baru (DOB)",Kemiskinan dan Ketimpangan,38 Provinsi,1500,JAMBI,189,Perkotaan,121,2021,62,Semester 2 (September),0.347,15009818912162
bps_webapi,0000,2026-08-19T02:01:19+00:00,2026-08-05 12:26:57,98,Gini Ratio Menurut Provinsi dan Daerah,,3,,"- Sumber  : BPS, Susenas  
<br />- Tahun 2002, Susenas Modul Konsumsi reguler
<br />- Tahun 2005, Susenas Panel (Februari)
<br />- Tahun 2006-2010, Susenas Panel (Maret)
<br />- Tahun 2011-2016, Susenas Modul Konsumsi (Maret dan September)
<br />- Angka Provinsi Papua Barat dan Papua sebelum tahun 2024 merupakan angka provinsi sebelum mengalami pemekaran Daerah Otonom Baru (DOB)",Kemiskinan dan Ketimpangan,38 Provinsi,1500,JAMBI,190,Perdesaan,121,2021,61,Semester 1 (Maret),0.288,15009819012161
bps_webapi,0000,2026-08-19T02:01:19+00:00,2026-08-05 12:26:57,98,Gini Ratio Menurut Provinsi dan Daerah,,3,,"- Sumber  : BPS, Susenas  
<br />- Tahun 2002, Susenas Modul Konsumsi reguler
<br />- Tahun 2005, Susenas Panel (Februari)
<br />- Tahun 2006-2010, Susenas Panel (Maret)
<br />- Tahun 2011-2016, Susenas Modul Konsumsi (Maret dan September)
<br />- Angka Provinsi Papua Barat dan Papua sebelum tahun 2024 merupakan angka provinsi sebelum mengalami pemekaran Daerah Otonom Baru (DOB)",Kemiskinan dan Ketimpangan,38 Provinsi,1500,JAMBI,190,Perdesaan,121,2021,62,Semester 2 (September),0.284,15009819012162
bps_webapi,0000,2026-08-19T02:01:19+00:00,2026-08-05 12:26:57,98,Gini Ratio Menurut Provinsi dan Daerah,,3,,"- Sumber  : BPS, Susenas  
<br />- Tahun 2002, Susenas Modul Konsumsi reguler
<br />- Tahun 2005, Susenas Panel (Februari)
<br />- Tahun 2006-2010, Susenas Panel (Maret)
<br />- Tahun 2011-2016, Susenas Modul Konsumsi (Maret dan September)
<br />- Angka Provinsi Papua Barat dan Papua sebelum tahun 2024 merupakan angka provinsi sebelum mengalami pemekaran Daerah Otonom Baru (DOB)",Kemiskinan dan Ketimpangan,38 Provinsi,1500,JAMBI,191,Perkotaan+Perdesaan,121,2021,61,Semester 1 (Maret),0.321,15009819112161
bps_webapi,0000,2026-08-19T02:01:19+00:00,2026-08-05 12:26:57,98,Gini Ratio Menurut Provinsi dan Daerah,,3,,"- Sumber  : BPS, Susenas  
<br />- Tahun 2002, Susenas Modul Konsumsi reguler
<br />- Tahun 2005, Susenas Panel (Februari)
<br />- Tahun 2006-2010, Susenas Panel (Maret)
<br />- Tahun 2011-2016, Susenas Modul Konsumsi (Maret dan September)
<br />- Angka Provinsi Papua Barat dan Papua sebelum tahun 2024 merupakan angka provinsi sebelum mengalami pemekaran Daerah Otonom Baru (DOB)",Kemiskinan dan Ketimpangan,38 Provinsi,1500,JAMBI,191,Perkotaan+Perdesaan,121,2021,62,Semester 2 (September),0.315,15009819112162
bps_webapi,0000,2026-08-19T02:01:19+00:00,2026-08-05 12:26:57,98,Gini Ratio Menurut Provinsi dan Daerah,,3,,"- Sumber  : BPS, Susenas  
<br />- Tahun 2002, Susenas Modul Konsumsi reguler
<br />- Tahun 2005, Susenas Panel (Februari)
<br />- Tahun 2006-2010, Susenas Panel (Maret)
<br />- Tahun 2011-2016, Susenas Modul Konsumsi (Maret dan September)
<br />- Angka Provinsi Papua Barat dan Papua sebelum tahun 2024 merupakan angka provinsi sebelum mengalami pemekaran Daerah Otonom Baru (DOB)",Kemiskinan dan Ketimpangan,38 Provinsi,1600,SUMATERA SELATAN,189,Perkotaan,121,2021,61,Semester 1 (Maret),0.36,16009818912161
bps_webapi,0000,2026-08-19T02:01:19+00:00,2026-08-05 12:26:57,98,Gini Ratio Menurut Provinsi dan Daerah,,3,,"- Sumber  : BPS, Susenas  
<br />- Tahun 2002, Susenas Modul Konsumsi reguler
<br />- Tahun 2005, Susenas Panel (Februari)
<br />- Tahun 2006-2010, Susenas Panel (Maret)
<br />- Tahun 2011-2016, Susenas Modul Konsumsi (Maret dan September)
<br />- Angka Provinsi Papua Barat dan Papua sebelum tahun 2024 merupakan angka provinsi sebelum mengalami pemekaran Daerah Otonom Baru (DOB)",Kemiskinan dan Ketimpangan,38 Provinsi,1600,SUMATERA SELATAN,189,Perkotaan,121,2021,62,Semester 2 (September),0.363,16009818912162
bps_webapi,0000,2026-08-19T02:01:19+00:00,2026-08-05 12:26:57,98,Gini Ratio Menurut Provinsi dan Daerah,,3,,"- Sumber  : BPS, Susenas  
<br />- Tahun 2002, Susenas Modul Konsumsi reguler
<br />- Tahun 2005, Susenas Panel (Februari)
<br />- Tahun 2006-2010, Susenas Panel (Maret)
<br />- Tahun 2011-2016, Susenas Modul Konsumsi (Maret dan September)
<br />- Angka Provinsi Papua Barat dan Papua sebelum tahun 2024 merupakan angka provinsi sebelum mengalami pemekaran Daerah Otonom Baru (DOB)",Kemiskinan dan Ketimpangan,38 Provinsi,1600,SUMATERA SELATAN,190,Perdesaan,121,2021,61,Semester 1 (Maret),0.315,16009819012161
bps_webapi,0000,2026-08-19T02:01:19+00:00,2026-08-05 12:26:57,98,Gini Ratio Menurut Provinsi dan Daerah,,3,,"- Sumber  : BPS, Susenas  
<br />- Tahun 2002, Susenas Modul Konsumsi reguler
<br />- Tahun 2005, Susenas Panel (Februari)
<br />- Tahun 2006-2010, Susenas Panel (Maret)
<br />- Tahun 2011-2016, Susenas Modul Konsumsi (Maret dan September)
<br />- Angka Provinsi Papua Barat dan Papua sebelum tahun 2024 merupakan angka provinsi sebelum mengalami pemekaran Daerah Otonom Baru (DOB)",Kemiskinan dan Ketimpangan,38 Provinsi,1600,SUMATERA SELATAN,190,Perdesaan,121,2021,62,Semester 2 (September),0.314,16009819012162
bps_webapi,0000,2026-08-19T02:01:19+00:00,2026-08-05 12:26:57,98,Gini Ratio Menurut Provinsi dan Daerah,,3,,"- Sumber  : BPS, Susenas  
<br />- Tahun 2002, Susenas Modul Konsumsi reguler
<br />- Tahun 2005, Susenas Panel (Februari)
<br />- Tahun 2006-2010, Susenas Panel (Maret)
<br />- Tahun 2011-2016, Susenas Modul Konsumsi (Maret dan September)
<br />- Angka Provinsi Papua Barat dan Papua sebelum tahun 2024 merupakan angka provinsi sebelum mengalami pemekaran Daerah Otonom Baru (DOB)",Kemiskinan dan Ketimpangan,38 Provinsi,1600,SUMATERA SELATAN,191,Perkotaan+Perdesaan,121,2021,61,Semester 1 (Maret),0.341,16009819112161
bps_webapi,0000,2026-08-19T02:01:19+00:00,2026-08-05 12:26:57,98,Gini Ratio Menurut Provinsi dan Daerah,,3,,"- Sumber  : BPS, Susenas  
<br />- Tahun 2002, Susenas Modul Konsumsi reguler
<br />- Tahun 2005, Susenas Panel (Februari)
<br />- Tahun 2006-2010, Susenas Panel (Maret)
<br />- Tahun 2011-2016, Susenas Modul Konsumsi (Maret dan September)
<br />- Angka Provinsi Papua Barat dan Papua sebelum tahun 2024 merupakan angka provinsi sebelum mengalami pemekaran Daerah Otonom Baru (DOB)",Kemiskinan dan Ketimpangan,38 Provinsi,1600,SUMATERA SELATAN,191,Perkotaan+Perdesaan,121,2021,62,Semester 2 (September),0.34,16009819112162
bps_webapi,0000,2026-08-19T02:01:19+00:00,2026-08-05 12:26:57,98,Gini Ratio Menurut Provinsi dan Daerah,,3,,"- Sumber  : BPS, Susenas  
<br />- Tahun 2002, Susenas Modul Konsumsi reguler
<br />- Tahun 2005, Susenas Panel (Februari)
<br />- Tahun 2006-2010, Susenas Panel (Maret)
<br />- Tahun 2011-2016, Susenas Modul Konsumsi (Maret dan September)
<br />- Angka Provinsi Papua Barat dan Papua sebelum tahun 2024 merupakan angka provinsi sebelum mengalami pemekaran Daerah Otonom Baru (DOB)",Kemiskinan dan Ketimpangan,38 Provinsi,1700,BENGKULU,189,Perkotaan,121,2021,61,Semester 1 (Maret),0.384,17009818912161
bps_webapi,0000,2026-08-19T02:01:19+00:00,2026-08-05 12:26:57,98,Gini Ratio Menurut Provinsi dan Daerah,,3,,"- Sumber  : BPS, Susenas  
<br />- Tahun 2002, Susenas Modul Konsumsi reguler
<br />- Tahun 2005, Susenas Panel (Februari)
<br />- Tahun 2006-2010, Susenas Panel (Maret)
<br />- Tahun 2011-2016, Susenas Modul Konsumsi (Maret dan September)
<br />- Angka Provinsi Papua Barat dan Papua sebelum tahun 2024 merupakan angka provinsi sebelum mengalami pemekaran Daerah Otonom Baru (DOB)",Kemiskinan dan Ketimpangan,38 Provinsi,1700,BENGKULU,189,Perkotaan,121,2021,62,Semester 2 (September),0.381,17009818912162
bps_webapi,0000,2026-08-19T02:01:19+00:00,2026-08-05 12:26:57,98,Gini Ratio Menurut Provinsi dan Daerah,,3,,"- Sumber  : BPS, Susenas  
<br />- Tahun 2002, Susenas Modul Konsumsi reguler
<br />- Tahun 2005, Susenas Panel (Februari)
<br />- Tahun 2006-2010, Susenas Panel (Maret)
<br />- Tahun 2011-2016, Susenas Modul Konsumsi (Maret dan September)
<br />- Angka Provinsi Papua Barat dan Papua sebelum tahun 2024 merupakan angka provinsi sebelum mengalami pemekaran Daerah Otonom Baru (DOB)",Kemiskinan dan Ketimpangan,38 Provinsi,1700,BENGKULU,190,Perdesaan,121,2021,61,Semester 1 (Maret),0.264,17009819012161
bps_webapi,0000,2026-08-19T02:01:19+00:00,2026-08-05 12:26:57,98,Gini Ratio Menurut Provinsi dan Daerah,,3,,"- Sumber  : BPS, Susenas  
<br />- Tahun 2002, Susenas Modul Konsumsi reguler
<br />- Tahun 2005, Susenas Panel (Februari)
<br />- Tahun 2006-2010, Susenas Panel (Maret)
<br />- Tahun 2011-2016, Susenas Modul Konsumsi (Maret dan September)
<br />- Angka Provinsi Papua Barat dan Papua sebelum tahun 2024 merupakan angka provinsi sebelum mengalami pemekaran Daerah Otonom Baru (DOB)",Kemiskinan dan Ketimpangan,38 Provinsi,1700,BENGKULU,190,Perdesaan,121,2021,62,Semester 2 (September),0.258,17009819012162
bps_webapi,0000,2026-08-19T02:01:19+00:00,2026-08-05 12:26:57,98,Gini Ratio Menurut Provinsi dan Daerah,,3,,"- Sumber  : BPS, Susenas  
<br />- Tahun 2002, Susenas Modul Konsumsi reguler
<br />- Tahun 2005, Susenas Panel (Februari)
<br />- Tahun 2006-2010, Susenas Panel (Maret)
<br />- Tahun 2011-2016, Susenas Modul Konsumsi (Maret dan September)
<br />- Angka Provinsi Papua Barat dan Papua sebelum tahun 2024 merupakan angka provinsi sebelum mengalami pemekaran Daerah Otonom Baru (DOB)",Kemiskinan dan Ketimpangan,38 Provinsi,1700,BENGKULU,191,Perkotaan+Perdesaan,121,2021,61,Semester 1 (Maret),0.326,17009819112161
bps_webapi,0000,2026-08-19T02:01:19+00:00,2026-08-05 12:26:57,98,Gini Ratio Menurut Provinsi dan Daerah,,3,,"- Sumber  : BPS, Susenas  
<br />- Tahun 2002, Susenas Modul Konsumsi reguler
<br />- Tahun 2005, Susenas Panel (Februari)
<br />- Tahun 2006-2010, Susenas Panel (Maret)
<br />- Tahun 2011-2016, Susenas Modul Konsumsi (Maret dan September)
<br />- Angka Provinsi Papua Barat dan Papua sebelum tahun 2024 merupakan angka provinsi sebelum mengalami pemekaran Daerah Otonom Baru (DOB)",Kemiskinan dan Ketimpangan,38 Provinsi,1700,BENGKULU,191,Perkotaan+Perdesaan,121,2021,62,Semester 2 (September),0.321,17009819112162
bps_webapi,0000,2026-08-19T02:01:19+00:00,2026-08-05 12:26:57,98,Gini Ratio Menurut Provinsi dan Daerah,,3,,"- Sumber  : BPS, Susenas  
<br />- Tahun 2002, Susenas Modul Konsumsi reguler
<br />- Tahun 2005, Susenas Panel (Februari)
<br />- Tahun 2006-2010, Susenas Panel (Maret)
<br />- Tahun 2011-2016, Susenas Modul Konsumsi (Maret dan September)
<br />- Angka Provinsi Papua Barat dan Papua sebelum tahun 2024 merupakan angka provinsi sebelum mengalami pemekaran Daerah Otonom Baru (DOB)",Kemiskinan dan Ketimpangan,38 Provinsi,1800,LAMPUNG,189,Perkotaan,121,2021,61,Semester 1 (Maret),0.346,18009818912161
bps_webapi,0000,2026-08-19T02:01:19+00:00,2026-08-05 12:26:57,98,Gini Ratio Menurut Provinsi dan Daerah,,3,,"- Sumber  : BPS, Susenas  
<br />- Tahun 2002, Susenas Modul Konsumsi reguler
<br />- Tahun 2005, Susenas Panel (Februari)
<br />- Tahun 2006-2010, Susenas Panel (Maret)
<br />- Tahun 2011-2016, Susenas Modul Konsumsi (Maret dan September)
<br />- Angka Provinsi Papua Barat dan Papua sebelum tahun 2024 merupakan angka provinsi sebelum mengalami pemekaran Daerah Otonom Baru (DOB)",Kemiskinan dan Ketimpangan,38 Provinsi,1800,LAMPUNG,189,Perkotaan,121,2021,62,Semester 2 (September),0.342,18009818912162
bps_webapi,0000,2026-08-19T02:01:19+00:00,2026-08-05 12:26:57,98,Gini Ratio Menurut Provinsi dan Daerah,,3,,"- Sumber  : BPS, Susenas  
<br />- Tahun 2002, Susenas Modul Konsumsi reguler
<br />- Tahun 2005, Susenas Panel (Februari)
<br />- Tahun 2006-2010, Susenas Panel (Maret)
<br />- Tahun 2011-2016, Susenas Modul Konsumsi (Maret dan September)
<br />- Angka Provinsi Papua Barat dan Papua sebelum tahun 2024 merupakan angka provinsi sebelum mengalami pemekaran Daerah Otonom Baru (DOB)",Kemiskinan dan Ketimpangan,38 Provinsi,1800,LAMPUNG,190,Perdesaan,121,2021,61,Semester 1 (Maret),0.288,18009819012161
bps_webapi,0000,2026-08-19T02:01:19+00:00,2026-08-05 12:26:57,98,Gini Ratio Menurut Provinsi dan Daerah,,3,,"- Sumber  : BPS, Susenas  
<br />- Tahun 2002, Susenas Modul Konsumsi reguler
<br />- Tahun 2005, Susenas Panel (Februari)
<br />- Tahun 2006-2010, Susenas Panel (Maret)
<br />- Tahun 2011-2016, Susenas Modul Konsumsi (Maret dan September)
<br />- Angka Provinsi Papua Barat dan Papua sebelum tahun 2024 merupakan angka provinsi sebelum mengalami pemekaran Daerah Otonom Baru (DOB)",Kemiskinan dan Ketimpangan,38 Provinsi,1800,LAMPUNG,190,Perdesaan,121,2021,62,Semester 2 (September),0.288,18009819012162
bps_webapi,0000,2026-08-19T02:01:19+00:00,2026-08-05 12:26:57,98,Gini Ratio Menurut Provinsi dan Daerah,,3,,"- Sumber  : BPS, Susenas  
<br />- Tahun 2002, Susenas Modul Konsumsi reguler
<br />- Tahun 2005, Susenas Panel (Februari)
<br />- Tahun 2006-2010, Susenas Panel (Maret)
<br />- Tahun 2011-2016, Susenas Modul Konsumsi (Maret dan September)
<br />- Angka Provinsi Papua Barat dan Papua sebelum tahun 2024 merupakan angka provinsi sebelum mengalami pemekaran Daerah Otonom Baru (DOB)",Kemiskinan dan Ketimpangan,38 Provinsi,1800,LAMPUNG,191,Perkotaan+Perdesaan,121,2021,61,Semester 1 (Maret),0.323,18009819112161
bps_webapi,0000,2026-08-19T02:01:19+00:00,2026-08-05 12:26:57,98,Gini Ratio Menurut Provinsi dan Daerah,,3,,"- Sumber  : BPS, Susenas  
<br />- Tahun 2002, Susenas Modul Konsumsi reguler
<br />- Tahun 2005, Susenas Panel (Februari)
<br />- Tahun 2006-2010, Susenas Panel (Maret)
<br />- Tahun 2011-2016, Susenas Modul Konsumsi (Maret dan September)
<br />- Angka Provinsi Papua Barat dan Papua sebelum tahun 2024 merupakan angka provinsi sebelum mengalami pemekaran Daerah Otonom Baru (DOB)",Kemiskinan dan Ketimpangan,38 Provinsi,1800,LAMPUNG,191,Perkotaan+Perdesaan,121,2021,62,Semester 2 (September),0.314,18009819112162
bps_webapi,0000,2026-08-19T02:01:19+00:00,2026-08-05 12:26:57,98,Gini Ratio Menurut Provinsi dan Daerah,,3,,"- Sumber  : BPS, Susenas  
<br />- Tahun 2002, Susenas Modul Konsumsi reguler
<br />- Tahun 2005, Susenas Panel (Februari)
<br />- Tahun 2006-2010, Susenas Panel (Maret)
<br />- Tahun 2011-2016, Susenas Modul Konsumsi (Maret dan September)
<br />- Angka Provinsi Papua Barat dan Papua sebelum tahun 2024 merupakan angka provinsi sebelum mengalami pemekaran Daerah Otonom Baru (DOB)",Kemiskinan dan Ketimpangan,38 Provinsi,1900,KEP. BANGKA BELITUNG,189,Perkotaan,121,2021,61,Semester 1 (Maret),0.265,19009818912161
bps_webapi,0000,2026-08-19T02:01:19+00:00,2026-08-05 12:26:57,98,Gini Ratio Menurut Provinsi dan Daerah,,3,,"- Sumber  : BPS, Susenas  
<br />- Tahun 2002, Susenas Modul Konsumsi reguler
<br />- Tahun 2005, Susenas Panel (Februari)
<br />- Tahun 2006-2010, Susenas Panel (Maret)
<br />- Tahun 2011-2016, Susenas Modul Konsumsi (Maret dan September)
<br />- Angka Provinsi Papua Barat dan Papua sebelum tahun 2024 merupakan angka provinsi sebelum mengalami pemekaran Daerah Otonom Baru (DOB)",Kemiskinan dan Ketimpangan,38 Provinsi,1900,KEP. BANGKA BELITUNG,189,Perkotaan,121,2021,62,Semester 2 (September),0.259,19009818912162
bps_webapi,0000,2026-08-19T02:01:19+00:00,2026-08-05 12:26:57,98,Gini Ratio Menurut Provinsi dan Daerah,,3,,"- Sumber  : BPS, Susenas  
<br />- Tahun 2002, Susenas Modul Konsumsi reguler
<br />- Tahun 2005, Susenas Panel (Februari)
<br />- Tahun 2006-2010, Susenas Panel (Maret)
<br />- Tahun 2011-2016, Susenas Modul Konsumsi (Maret dan September)
<br />- Angka Provinsi Papua Barat dan Papua sebelum tahun 2024 merupakan angka provinsi sebelum mengalami pemekaran Daerah Otonom Baru (DOB)",Kemiskinan dan Ketimpangan,38 Provinsi,1900,KEP. BANGKA BELITUNG,190,Perdesaan,121,2021,61,Semester 1 (Maret),0.221,19009819012161
bps_webapi,0000,2026-08-19T02:01:19+00:00,2026-08-05 12:26:57,98,Gini Ratio Menurut Provinsi dan Daerah,,3,,"- Sumber  : BPS, Susenas  
<br />- Tahun 2002, Susenas Modul Konsumsi reguler
<br />- Tahun 2005, Susenas Panel (Februari)
<br />- Tahun 2006-2010, Susenas Panel (Maret)
<br />- Tahun 2011-2016, Susenas Modul Konsumsi (Maret dan September)
<br />- Angka Provinsi Papua Barat dan Papua sebelum tahun 2024 merupakan angka provinsi sebelum mengalami pemekaran Daerah Otonom Baru (DOB)",Kemiskinan dan Ketimpangan,38 Provinsi,1900,KEP. BANGKA BELITUNG,190,Perdesaan,121,2021,62,Semester 2 (September),0.215,19009819012162
bps_webapi,0000,2026-08-19T02:01:19+00:00,2026-08-05 12:26:57,98,Gini Ratio Menurut Provinsi dan Daerah,,3,,"- Sumber  : BPS, Susenas  
<br />- Tahun 2002, Susenas Modul Konsumsi reguler
<br />- Tahun 2005, Susenas Panel (Februari)
<br />- Tahun 2006-2010, Susenas Panel (Maret)
<br />- Tahun 2011-2016, Susenas Modul Konsumsi (Maret dan September)
<br />- Angka Provinsi Papua Barat dan Papua sebelum tahun 2024 merupakan angka provinsi sebelum mengalami pemekaran Daerah Otonom Baru (DOB)",Kemiskinan dan Ketimpangan,38 Provinsi,1900,KEP. BANGKA BELITUNG,191,Perkotaan+Perdesaan,121,2021,61,Semester 1 (Maret),0.256,19009819112161
bps_webapi,0000,2026-08-19T02:01:19+00:00,2026-08-05 12:26:57,98,Gini Ratio Menurut Provinsi dan Daerah,,3,,"- Sumber  : BPS, Susenas  
<br />- Tahun 2002, Susenas Modul Konsumsi reguler
<br />- Tahun 2005, Susenas Panel (Februari)
<br />- Tahun 2006-2010, Susenas Panel (Maret)
<br />- Tahun 2011-2016, Susenas Modul Konsumsi (Maret dan September)
<br />- Angka Provinsi Papua Barat dan Papua sebelum tahun 2024 merupakan angka provinsi sebelum mengalami pemekaran Daerah Otonom Baru (DOB)",Kemiskinan dan Ketimpangan,38 Provinsi,1900,KEP. BANGKA BELITUNG,191,Perkotaan+Perdesaan,121,2021,62,Semester 2 (September),0.247,19009819112162
bps_webapi,0000,2026-08-19T02:01:19+00:00,2026-08-05 12:26:57,98,Gini Ratio Menurut Provinsi dan Daerah,,3,,"- Sumber  : BPS, Susenas  
<br />- Tahun 2002, Susenas Modul Konsumsi reguler
<br />- Tahun 2005, Susenas Panel (Februari)
<br />- Tahun 2006-2010, Susenas Panel (Maret)
<br />- Tahun 2011-2016, Susenas Modul Konsumsi (Maret dan September)
<br />- Angka Provinsi Papua Barat dan Papua sebelum tahun 2024 merupakan angka provinsi sebelum mengalami pemekaran Daerah Otonom Baru (DOB)",Kemiskinan dan Ketimpangan,38 Provinsi,2100,KEP. RIAU,189,Perkotaan,121,2021,61,Semester 1 (Maret),0.341,21009818912161
bps_webapi,0000,2026-08-19T02:01:19+00:00,2026-08-05 12:26:57,98,Gini Ratio Menurut Provinsi dan Daerah,,3,,"- Sumber  : BPS, Susenas  
<br />- Tahun 2002, Susenas Modul Konsumsi reguler
<br />- Tahun 2005, Susenas Panel (Februari)
<br />- Tahun 2006-2010, Susenas Panel (Maret)
<br />- Tahun 2011-2016, Susenas Modul Konsumsi (Maret dan September)
<br />- Angka Provinsi Papua Barat dan Papua sebelum tahun 2024 merupakan angka provinsi sebelum mengalami pemekaran Daerah Otonom Baru (DOB)",Kemiskinan dan Ketimpangan,38 Provinsi,2100,KEP. RIAU,189,Perkotaan,121,2021,62,Semester 2 (September),0.337,21009818912162
bps_webapi,0000,2026-08-19T02:01:19+00:00,2026-08-05 12:26:57,98,Gini Ratio Menurut Provinsi dan Daerah,,3,,"- Sumber  : BPS, Susenas  
<br />- Tahun 2002, Susenas Modul Konsumsi reguler
<br />- Tahun 2005, Susenas Panel (Februari)
<br />- Tahun 2006-2010, Susenas Panel (Maret)
<br />- Tahun 2011-2016, Susenas Modul Konsumsi (Maret dan September)
<br />- Angka Provinsi Papua Barat dan Papua sebelum tahun 2024 merupakan angka provinsi sebelum mengalami pemekaran Daerah Otonom Baru (DOB)",Kemiskinan dan Ketimpangan,38 Provinsi,2100,KEP. RIAU,190,Perdesaan,121,2021,61,Semester 1 (Maret),0.256,21009819012161
bps_webapi,0000,2026-08-19T02:01:19+00:00,2026-08-05 12:26:57,98,Gini Ratio Menurut Provinsi dan Daerah,,3,,"- Sumber  : BPS, Susenas  
<br />- Tahun 2002, Susenas Modul Konsumsi reguler
<br />- Tahun 2005, Susenas Panel (Februari)
<br />- Tahun 2006-2010, Susenas Panel (Maret)
<br />- Tahun 2011-2016, Susenas Modul Konsumsi (Maret dan September)
<br />- Angka Provinsi Papua Barat dan Papua sebelum tahun 2024 merupakan angka provinsi sebelum mengalami pemekaran Daerah Otonom Baru (DOB)",Kemiskinan dan Ketimpangan,38 Provinsi,2100,KEP. RIAU,190,Perdesaan,121,2021,62,Semester 2 (September),0.253,21009819012162
bps_webapi,0000,2026-08-19T02:01:19+00:00,2026-08-05 12:26:57,98,Gini Ratio Menurut Provinsi dan Daerah,,3,,"- Sumber  : BPS, Susenas  
<br />- Tahun 2002, Susenas Modul Konsumsi reguler
<br />- Tahun 2005, Susenas Panel (Februari)
<br />- Tahun 2006-2010, Susenas Panel (Maret)
<br />- Tahun 2011-2016, Susenas Modul Konsumsi (Maret dan September)
<br />- Angka Provinsi Papua Barat dan Papua sebelum tahun 2024 merupakan angka provinsi sebelum mengalami pemekaran Daerah Otonom Baru (DOB)",Kemiskinan dan Ketimpangan,38 Provinsi,2100,KEP. RIAU,191,Perkotaan+Perdesaan,121,2021,61,Semester 1 (Maret),0.343,21009819112161
bps_webapi,0000,2026-08-19T02:01:19+00:00,2026-08-05 12:26:57,98,Gini Ratio Menurut Provinsi dan Daerah,,3,,"- Sumber  : BPS, Susenas  
<br />- Tahun 2002, Susenas Modul Konsumsi reguler
<br />- Tahun 2005, Susenas Panel (Februari)
<br />- Tahun 2006-2010, Susenas Panel (Maret)
<br />- Tahun 2011-2016, Susenas Modul Konsumsi (Maret dan September)
<br />- Angka Provinsi Papua Barat dan Papua sebelum tahun 2024 merupakan angka provinsi sebelum mengalami pemekaran Daerah Otonom Baru (DOB)",Kemiskinan dan Ketimpangan,38 Provinsi,2100,KEP. RIAU,191,Perkotaan+Perdesaan,121,2021,62,Semester 2 (September),0.339,21009819112162
bps_webapi,0000,2026-08-19T02:01:19+00:00,2026-08-05 12:26:57,98,Gini Ratio Menurut Provinsi dan Daerah,,3,,"- Sumber  : BPS, Susenas  
<br />- Tahun 2002, Susenas Modul Konsumsi reguler
<br />- Tahun 2005, Susenas Panel (Februari)
<br />- Tahun 2006-2010, Susenas Panel (Maret)
<br />- Tahun 2011-2016, Susenas Modul Konsumsi (Maret dan September)
<br />- Angka Provinsi Papua Barat dan Papua sebelum tahun 2024 merupakan angka provinsi sebelum mengalami pemekaran Daerah Otonom Baru (DOB)",Kemiskinan dan Ketimpangan,38 Provinsi,3100,DKI JAKARTA,189,Perkotaan,121,2021,61,Semester 1 (Maret),0.409,31009818912161
bps_webapi,0000,2026-08-19T02:01:19+00:00,2026-08-05 12:26:57,98,Gini Ratio Menurut Provinsi dan Daerah,,3,,"- Sumber  : BPS, Susenas  
<br />- Tahun 2002, Susenas Modul Konsumsi reguler
<br />- Tahun 2005, Susenas Panel (Februari)
<br />- Tahun 2006-2010, Susenas Panel (Maret)
<br />- Tahun 2011-2016, Susenas Modul Konsumsi (Maret dan September)
<br />- Angka Provinsi Papua Barat dan Papua sebelum tahun 2024 merupakan angka provinsi sebelum mengalami pemekaran Daerah Otonom Baru (DOB)",Kemiskinan dan Ketimpangan,38 Provinsi,3100,DKI JAKARTA,189,Perkotaan,121,2021,62,Semester 2 (September),0.411,31009818912162
bps_webapi,0000,2026-08-19T02:01:19+00:00,2026-08-05 12:26:57,98,Gini Ratio Menurut Provinsi dan Daerah,,3,,"- Sumber  : BPS, Susenas  
<br />- Tahun 2002, Susenas Modul Konsumsi reguler
<br />- Tahun 2005, Susenas Panel (Februari)
<br />- Tahun 2006-2010, Susenas Panel (Maret)
<br />- Tahun 2011-2016, Susenas Modul Konsumsi (Maret dan September)
<br />- Angka Provinsi Papua Barat dan Papua sebelum tahun 2024 merupakan angka provinsi sebelum mengalami pemekaran Daerah Otonom Baru (DOB)",Kemiskinan dan Ketimpangan,38 Provinsi,3100,DKI JAKARTA,191,Perkotaan+Perdesaan,121,2021,61,Semester 1 (Maret),0.409,31009819112161
bps_webapi,0000,2026-08-19T02:01:19+00:00,2026-08-05 12:26:57,98,Gini Ratio Menurut Provinsi dan Daerah,,3,,"- Sumber  : BPS, Susenas  
<br />- Tahun 2002, Susenas Modul Konsumsi reguler
<br />- Tahun 2005, Susenas Panel (Februari)
<br />- Tahun 2006-2010, Susenas Panel (Maret)
<br />- Tahun 2011-2016, Susenas Modul Konsumsi (Maret dan September)
<br />- Angka Provinsi Papua Barat dan Papua sebelum tahun 2024 merupakan angka provinsi sebelum mengalami pemekaran Daerah Otonom Baru (DOB)",Kemiskinan dan Ketimpangan,38 Provinsi,3100,DKI JAKARTA,191,Perkotaan+Perdesaan,121,2021,62,Semester 2 (September),0.411,31009819112162
bps_webapi,0000,2026-08-19T02:01:19+00:00,2026-08-05 12:26:57,98,Gini Ratio Menurut Provinsi dan Daerah,,3,,"- Sumber  : BPS, Susenas  
<br />- Tahun 2002, Susenas Modul Konsumsi reguler
<br />- Tahun 2005, Susenas Panel (Februari)
<br />- Tahun 2006-2010, Susenas Panel (Maret)
<br />- Tahun 2011-2016, Susenas Modul Konsumsi (Maret dan September)
<br />- Angka Provinsi Papua Barat dan Papua sebelum tahun 2024 merupakan angka provinsi sebelum mengalami pemekaran Daerah Otonom Baru (DOB)",Kemiskinan dan Ketimpangan,38 Provinsi,3200,JAWA BARAT,189,Perkotaan,121,2021,61,Semester 1 (Maret),0.423,32009818912161
bps_webapi,0000,2026-08-19T02:01:19+00:00,2026-08-05 12:26:57,98,Gini Ratio Menurut Provinsi dan Daerah,,3,,"- Sumber  : BPS, Susenas  
<br />- Tahun 2002, Susenas Modul Konsumsi reguler
<br />- Tahun 2005, Susenas Panel (Februari)
<br />- Tahun 2006-2010, Susenas Panel (Maret)
<br />- Tahun 2011-2016, Susenas Modul Konsumsi (Maret dan September)
<br />- Angka Provinsi Papua Barat dan Papua sebelum tahun 2024 merupakan angka provinsi sebelum mengalami pemekaran Daerah Otonom Baru (DOB)",Kemiskinan dan Ketimpangan,38 Provinsi,3200,JAWA BARAT,189,Perkotaan,121,2021,62,Semester 2 (September),0.417,32009818912162
bps_webapi,0000,2026-08-19T02:01:19+00:00,2026-08-05 12:26:57,98,Gini Ratio Menurut Provinsi dan Daerah,,3,,"- Sumber  : BPS, Susenas  
<br />- Tahun 2002, Susenas Modul Konsumsi reguler
<br />- Tahun 2005, Susenas Panel (Februari)
<br />- Tahun 2006-2010, Susenas Panel (Maret)
<br />- Tahun 2011-2016, Susenas Modul Konsumsi (Maret dan September)
<br />- Angka Provinsi Papua Barat dan Papua sebelum tahun 2024 merupakan angka provinsi sebelum mengalami pemekaran Daerah Otonom Baru (DOB)",Kemiskinan dan Ketimpangan,38 Provinsi,3200,JAWA BARAT,190,Perdesaan,121,2021,61,Semester 1 (Maret),0.321,32009819012161
bps_webapi,0000,2026-08-19T02:01:19+00:00,2026-08-05 12:26:57,98,Gini Ratio Menurut Provinsi dan Daerah,,3,,"- Sumber  : BPS, Susenas  
<br />- Tahun 2002, Susenas Modul Konsumsi reguler
<br />- Tahun 2005, Susenas Panel (Februari)
<br />- Tahun 2006-2010, Susenas Panel (Maret)
<br />- Tahun 2011-2016, Susenas Modul Konsumsi (Maret dan September)
<br />- Angka Provinsi Papua Barat dan Papua sebelum tahun 2024 merupakan angka provinsi sebelum mengalami pemekaran Daerah Otonom Baru (DOB)",Kemiskinan dan Ketimpangan,38 Provinsi,3200,JAWA BARAT,190,Perdesaan,121,2021,62,Semester 2 (September),0.324,32009819012162
bps_webapi,0000,2026-08-19T02:01:19+00:00,2026-08-05 12:26:57,98,Gini Ratio Menurut Provinsi dan Daerah,,3,,"- Sumber  : BPS, Susenas  
<br />- Tahun 2002, Susenas Modul Konsumsi reguler
<br />- Tahun 2005, Susenas Panel (Februari)
<br />- Tahun 2006-2010, Susenas Panel (Maret)
<br />- Tahun 2011-2016, Susenas Modul Konsumsi (Maret dan September)
<br />- Angka Provinsi Papua Barat dan Papua sebelum tahun 2024 merupakan angka provinsi sebelum mengalami pemekaran Daerah Otonom Baru (DOB)",Kemiskinan dan Ketimpangan,38 Provinsi,3200,JAWA BARAT,191,Perkotaan+Perdesaan,121,2021,61,Semester 1 (Maret),0.412,32009819112161
bps_webapi,0000,2026-08-19T02:01:19+00:00,2026-08-05 12:26:57,98,Gini Ratio Menurut Provinsi dan Daerah,,3,,"- Sumber  : BPS, Susenas  
<br />- Tahun 2002, Susenas Modul Konsumsi reguler
<br />- Tahun 2005, Susenas Panel (Februari)
<br />- Tahun 2006-2010, Susenas Panel (Maret)
<br />- Tahun 2011-2016, Susenas Modul Konsumsi (Maret dan September)
<br />- Angka Provinsi Papua Barat dan Papua sebelum tahun 2024 merupakan angka provinsi sebelum mengalami pemekaran Daerah Otonom Baru (DOB)",Kemiskinan dan Ketimpangan,38 Provinsi,3200,JAWA BARAT,191,Perkotaan+Perdesaan,121,2021,62,Semester 2 (September),0.406,32009819112162
bps_webapi,0000,2026-08-19T02:01:19+00:00,2026-08-05 12:26:57,98,Gini Ratio Menurut Provinsi dan Daerah,,3,,"- Sumber  : BPS, Susenas  
<br />- Tahun 2002, Susenas Modul Konsumsi reguler
<br />- Tahun 2005, Susenas Panel (Februari)
<br />- Tahun 2006-2010, Susenas Panel (Maret)
<br />- Tahun 2011-2016, Susenas Modul Konsumsi (Maret dan September)
<br />- Angka Provinsi Papua Barat dan Papua sebelum tahun 2024 merupakan angka provinsi sebelum mengalami pemekaran Daerah Otonom Baru (DOB)",Kemiskinan dan Ketimpangan,38 Provinsi,3300,JAWA TENGAH,189,Perkotaan,121,2021,61,Semester 1 (Maret),0.398,33009818912161
bps_webapi,0000,2026-08-19T02:01:19+00:00,2026-08-05 12:26:57,98,Gini Ratio Menurut Provinsi dan Daerah,,3,,"- Sumber  : BPS, Susenas  
<br />- Tahun 2002, Susenas Modul Konsumsi reguler
<br />- Tahun 2005, Susenas Panel (Februari)
<br />- Tahun 2006-2010, Susenas Panel (Maret)
<br />- Tahun 2011-2016, Susenas Modul Konsumsi (Maret dan September)
<br />- Angka Provinsi Papua Barat dan Papua sebelum tahun 2024 merupakan angka provinsi sebelum mengalami pemekaran Daerah Otonom Baru (DOB)",Kemiskinan dan Ketimpangan,38 Provinsi,3300,JAWA TENGAH,189,Perkotaan,121,2021,62,Semester 2 (September),0.393,33009818912162
bps_webapi,0000,2026-08-19T02:01:19+00:00,2026-08-05 12:26:57,98,Gini Ratio Menurut Provinsi dan Daerah,,3,,"- Sumber  : BPS, Susenas  
<br />- Tahun 2002, Susenas Modul Konsumsi reguler
<br />- Tahun 2005, Susenas Panel (Februari)
<br />- Tahun 2006-2010, Susenas Panel (Maret)
<br />- Tahun 2011-2016, Susenas Modul Konsumsi (Maret dan September)
<br />- Angka Provinsi Papua Barat dan Papua sebelum tahun 2024 merupakan angka provinsi sebelum mengalami pemekaran Daerah Otonom Baru (DOB)",Kemiskinan dan Ketimpangan,38 Provinsi,3300,JAWA TENGAH,190,Perdesaan,121,2021,61,Semester 1 (Maret),0.325,33009819012161
bps_webapi,0000,2026-08-19T02:01:19+00:00,2026-08-05 12:26:57,98,Gini Ratio Menurut Provinsi dan Daerah,,3,,"- Sumber  : BPS, Susenas  
<br />- Tahun 2002, Susenas Modul Konsumsi reguler
<br />- Tahun 2005, Susenas Panel (Februari)
<br />- Tahun 2006-2010, Susenas Panel (Maret)
<br />- Tahun 2011-2016, Susenas Modul Konsumsi (Maret dan September)
<br />- Angka Provinsi Papua Barat dan Papua sebelum tahun 2024 merupakan angka provinsi sebelum mengalami pemekaran Daerah Otonom Baru (DOB)",Kemiskinan dan Ketimpangan,38 Provinsi,3300,JAWA TENGAH,190,Perdesaan,121,2021,62,Semester 2 (September),0.324,33009819012162
bps_webapi,0000,2026-08-19T02:01:19+00:00,2026-08-05 12:26:57,98,Gini Ratio Menurut Provinsi dan Daerah,,3,,"- Sumber  : BPS, Susenas  
<br />- Tahun 2002, Susenas Modul Konsumsi reguler
<br />- Tahun 2005, Susenas Panel (Februari)
<br />- Tahun 2006-2010, Susenas Panel (Maret)
<br />- Tahun 2011-2016, Susenas Modul Konsumsi (Maret dan September)
<br />- Angka Provinsi Papua Barat dan Papua sebelum tahun 2024 merupakan angka provinsi sebelum mengalami pemekaran Daerah Otonom Baru (DOB)",Kemiskinan dan Ketimpangan,38 Provinsi,3300,JAWA TENGAH,191,Perkotaan+Perdesaan,121,2021,61,Semester 1 (Maret),0.372,33009819112161
bps_webapi,0000,2026-08-19T02:01:19+00:00,2026-08-05 12:26:57,98,Gini Ratio Menurut Provinsi dan Daerah,,3,,"- Sumber  : BPS, Susenas  
<br />- Tahun 2002, Susenas Modul Konsumsi reguler
<br />- Tahun 2005, Susenas Panel (Februari)
<br />- Tahun 2006-2010, Susenas Panel (Maret)
<br />- Tahun 2011-2016, Susenas Modul Konsumsi (Maret dan September)
<br />- Angka Provinsi Papua Barat dan Papua sebelum tahun 2024 merupakan angka provinsi sebelum mengalami pemekaran Daerah Otonom Baru (DOB)",Kemiskinan dan Ketimpangan,38 Provinsi,3300,JAWA TENGAH,191,Perkotaan+Perdesaan,121,2021,62,Semester 2 (September),0.368,33009819112162
bps_webapi,0000,2026-08-19T02:01:19+00:00,2026-08-05 12:26:57,98,Gini Ratio Menurut Provinsi dan Daerah,,3,,"- Sumber  : BPS, Susenas  
<br />- Tahun 2002, Susenas Modul Konsumsi reguler
<br />- Tahun 2005, Susenas Panel (Februari)
<br />- Tahun 2006-2010, Susenas Panel (Maret)
<br />- Tahun 2011-2016, Susenas Modul Konsumsi (Maret dan September)
<br />- Angka Provinsi Papua Barat dan Papua sebelum tahun 2024 merupakan angka provinsi sebelum mengalami pemekaran Daerah Otonom Baru (DOB)",Kemiskinan dan Ketimpangan,38 Provinsi,3400,DI YOGYAKARTA,189,Perkotaan,121,2021,61,Semester 1 (Maret),0.448,34009818912161
bps_webapi,0000,2026-08-19T02:01:19+00:00,2026-08-05 12:26:57,98,Gini Ratio Menurut Provinsi dan Daerah,,3,,"- Sumber  : BPS, Susenas  
<br />- Tahun 2002, Susenas Modul Konsumsi reguler
<br />- Tahun 2005, Susenas Panel (Februari)
<br />- Tahun 2006-2010, Susenas Panel (Maret)
<br />- Tahun 2011-2016, Susenas Modul Konsumsi (Maret dan September)
<br />- Angka Provinsi Papua Barat dan Papua sebelum tahun 2024 merupakan angka provinsi sebelum mengalami pemekaran Daerah Otonom Baru (DOB)",Kemiskinan dan Ketimpangan,38 Provinsi,3400,DI YOGYAKARTA,189,Perkotaan,121,2021,62,Semester 2 (September),0.443,34009818912162
bps_webapi,0000,2026-08-19T02:01:19+00:00,2026-08-05 12:26:57,98,Gini Ratio Menurut Provinsi dan Daerah,,3,,"- Sumber  : BPS, Susenas  
<br />- Tahun 2002, Susenas Modul Konsumsi reguler
<br />- Tahun 2005, Susenas Panel (Februari)
<br />- Tahun 2006-2010, Susenas Panel (Maret)
<br />- Tahun 2011-2016, Susenas Modul Konsumsi (Maret dan September)
<br />- Angka Provinsi Papua Barat dan Papua sebelum tahun 2024 merupakan angka provinsi sebelum mengalami pemekaran Daerah Otonom Baru (DOB)",Kemiskinan dan Ketimpangan,38 Provinsi,3400,DI YOGYAKARTA,190,Perdesaan,121,2021,61,Semester 1 (Maret),0.334,34009819012161
bps_webapi,0000,2026-08-19T02:01:19+00:00,2026-08-05 12:26:57,98,Gini Ratio Menurut Provinsi dan Daerah,,3,,"- Sumber  : BPS, Susenas  
<br />- Tahun 2002, Susenas Modul Konsumsi reguler
<br />- Tahun 2005, Susenas Panel (Februari)
<br />- Tahun 2006-2010, Susenas Panel (Maret)
<br />- Tahun 2011-2016, Susenas Modul Konsumsi (Maret dan September)
<br />- Angka Provinsi Papua Barat dan Papua sebelum tahun 2024 merupakan angka provinsi sebelum mengalami pemekaran Daerah Otonom Baru (DOB)",Kemiskinan dan Ketimpangan,38 Provinsi,3400,DI YOGYAKARTA,190,Perdesaan,121,2021,62,Semester 2 (September),0.325,34009819012162
bps_webapi,0000,2026-08-19T02:01:19+00:00,2026-08-05 12:26:57,98,Gini Ratio Menurut Provinsi dan Daerah,,3,,"- Sumber  : BPS, Susenas  
<br />- Tahun 2002, Susenas Modul Konsumsi reguler
<br />- Tahun 2005, Susenas Panel (Februari)
<br />- Tahun 2006-2010, Susenas Panel (Maret)
<br />- Tahun 2011-2016, Susenas Modul Konsumsi (Maret dan September)
<br />- Angka Provinsi Papua Barat dan Papua sebelum tahun 2024 merupakan angka provinsi sebelum mengalami pemekaran Daerah Otonom Baru (DOB)",Kemiskinan dan Ketimpangan,38 Provinsi,3400,DI YOGYAKARTA,191,Perkotaan+Perdesaan,121,2021,61,Semester 1 (Maret),0.441,34009819112161
bps_webapi,0000,2026-08-19T02:01:19+00:00,2026-08-05 12:26:57,98,Gini Ratio Menurut Provinsi dan Daerah,,3,,"- Sumber  : BPS, Susenas  
<br />- Tahun 2002, Susenas Modul Konsumsi reguler
<br />- Tahun 2005, Susenas Panel (Februari)
<br />- Tahun 2006-2010, Susenas Panel (Maret)
<br />- Tahun 2011-2016, Susenas Modul Konsumsi (Maret dan September)
<br />- Angka Provinsi Papua Barat dan Papua sebelum tahun 2024 merupakan angka provinsi sebelum mengalami pemekaran Daerah Otonom Baru (DOB)",Kemiskinan dan Ketimpangan,38 Provinsi,3400,DI YOGYAKARTA,191,Perkotaan+Perdesaan,121,2021,62,Semester 2 (September),0.436,34009819112162
bps_webapi,0000,2026-08-19T02:01:19+00:00,2026-08-05 12:26:57,98,Gini Ratio Menurut Provinsi dan Daerah,,3,,"- Sumber  : BPS, Susenas  
<br />- Tahun 2002, Susenas Modul Konsumsi reguler
<br />- Tahun 2005, Susenas Panel (Februari)
<br />- Tahun 2006-2010, Susenas Panel (Maret)
<br />- Tahun 2011-2016, Susenas Modul Konsumsi (Maret dan September)
<br />- Angka Provinsi Papua Barat dan Papua sebelum tahun 2024 merupakan angka provinsi sebelum mengalami pemekaran Daerah Otonom Baru (DOB)",Kemiskinan dan Ketimpangan,38 Provinsi,3500,JAWA TIMUR,189,Perkotaan,121,2021,61,Semester 1 (Maret),0.387,35009818912161
bps_webapi,0000,2026-08-19T02:01:19+00:00,2026-08-05 12:26:57,98,Gini Ratio Menurut Provinsi dan Daerah,,3,,"- Sumber  : BPS, Susenas  
<br />- Tahun 2002, Susenas Modul Konsumsi reguler
<br />- Tahun 2005, Susenas Panel (Februari)
<br />- Tahun 2006-2010, Susenas Panel (Maret)
<br />- Tahun 2011-2016, Susenas Modul Konsumsi (Maret dan September)
<br />- Angka Provinsi Papua Barat dan Papua sebelum tahun 2024 merupakan angka provinsi sebelum mengalami pemekaran Daerah Otonom Baru (DOB)",Kemiskinan dan Ketimpangan,38 Provinsi,3500,JAWA TIMUR,189,Perkotaan,121,2021,62,Semester 2 (September),0.379,35009818912162
bps_webapi,0000,2026-08-19T02:01:19+00:00,2026-08-05 12:26:57,98,Gini Ratio Menurut Provinsi dan Daerah,,3,,"- Sumber  : BPS, Susenas  
<br />- Tahun 2002, Susenas Modul Konsumsi reguler
<br />- Tahun 2005, Susenas Panel (Februari)
<br />- Tahun 2006-2010, Susenas Panel (Maret)
<br />- Tahun 2011-2016, Susenas Modul Konsumsi (Maret dan September)
<br />- Angka Provinsi Papua Barat dan Papua sebelum tahun 2024 merupakan angka provinsi sebelum mengalami pemekaran Daerah Otonom Baru (DOB)",Kemiskinan dan Ketimpangan,38 Provinsi,3500,JAWA TIMUR,190,Perdesaan,121,2021,61,Semester 1 (Maret),0.324,35009819012161
bps_webapi,0000,2026-08-19T02:01:19+00:00,2026-08-05 12:26:57,98,Gini Ratio Menurut Provinsi dan Daerah,,3,,"- Sumber  : BPS, Susenas  
<br />- Tahun 2002, Susenas Modul Konsumsi reguler
<br />- Tahun 2005, Susenas Panel (Februari)
<br />- Tahun 2006-2010, Susenas Panel (Maret)
<br />- Tahun 2011-2016, Susenas Modul Konsumsi (Maret dan September)
<br />- Angka Provinsi Papua Barat dan Papua sebelum tahun 2024 merupakan angka provinsi sebelum mengalami pemekaran Daerah Otonom Baru (DOB)",Kemiskinan dan Ketimpangan,38 Provinsi,3500,JAWA TIMUR,190,Perdesaan,121,2021,62,Semester 2 (September),0.319,35009819012162
bps_webapi,0000,2026-08-19T02:01:19+00:00,2026-08-05 12:26:57,98,Gini Ratio Menurut Provinsi dan Daerah,,3,,"- Sumber  : BPS, Susenas  
<br />- Tahun 2002, Susenas Modul Konsumsi reguler
<br />- Tahun 2005, Susenas Panel (Februari)
<br />- Tahun 2006-2010, Susenas Panel (Maret)
<br />- Tahun 2011-2016, Susenas Modul Konsumsi (Maret dan September)
<br />- Angka Provinsi Papua Barat dan Papua sebelum tahun 2024 merupakan angka provinsi sebelum mengalami pemekaran Daerah Otonom Baru (DOB)",Kemiskinan dan Ketimpangan,38 Provinsi,3500,JAWA TIMUR,191,Perkotaan+Perdesaan,121,2021,61,Semester 1 (Maret),0.374,35009819112161
bps_webapi,0000,2026-08-19T02:01:19+00:00,2026-08-05 12:26:57,98,Gini Ratio Menurut Provinsi dan Daerah,,3,,"- Sumber  : BPS, Susenas  
<br />- Tahun 2002, Susenas Modul Konsumsi reguler
<br />- Tahun 2005, Susenas Panel (Februari)
<br />- Tahun 2006-2010, Susenas Panel (Maret)
<br />- Tahun 2011-2016, Susenas Modul Konsumsi (Maret dan September)
<br />- Angka Provinsi Papua Barat dan Papua sebelum tahun 2024 merupakan angka provinsi sebelum mengalami pemekaran Daerah Otonom Baru (DOB)",Kemiskinan dan Ketimpangan,38 Provinsi,3500,JAWA TIMUR,191,Perkotaan+Perdesaan,121,2021,62,Semester 2 (September),0.364,35009819112162
bps_webapi,0000,2026-08-19T02:01:19+00:00,2026-08-05 12:26:57,98,Gini Ratio Menurut Provinsi dan Daerah,,3,,"- Sumber  : BPS, Susenas  
<br />- Tahun 2002, Susenas Modul Konsumsi reguler
<br />- Tahun 2005, Susenas Panel (Februari)
<br />- Tahun 2006-2010, Susenas Panel (Maret)
<br />- Tahun 2011-2016, Susenas Modul Konsumsi (Maret dan September)
<br />- Angka Provinsi Papua Barat dan Papua sebelum tahun 2024 merupakan angka provinsi sebelum mengalami pemekaran Daerah Otonom Baru (DOB)",Kemiskinan dan Ketimpangan,38 Provinsi,3600,BANTEN,189,Perkotaan,121,2021,61,Semester 1 (Maret),0.369,36009818912161
bps_webapi,0000,2026-08-19T02:01:19+00:00,2026-08-05 12:26:57,98,Gini Ratio Menurut Provinsi dan Daerah,,3,,"- Sumber  : BPS, Susenas  
<br />- Tahun 2002, Susenas Modul Konsumsi reguler
<br />- Tahun 2005, Susenas Panel (Februari)
<br />- Tahun 2006-2010, Susenas Panel (Maret)
<br />- Tahun 2011-2016, Susenas Modul Konsumsi (Maret dan September)
<br />- Angka Provinsi Papua Barat dan Papua sebelum tahun 2024 merupakan angka provinsi sebelum mengalami pemekaran Daerah Otonom Baru (DOB)",Kemiskinan dan Ketimpangan,38 Provinsi,3600,BANTEN,189,Perkotaan,121,2021,62,Semester 2 (September),0.365,36009818912162
bps_webapi,0000,2026-08-19T02:01:19+00:00,2026-08-05 12:26:57,98,Gini Ratio Menurut Provinsi dan Daerah,,3,,"- Sumber  : BPS, Susenas  
<br />- Tahun 2002, Susenas Modul Konsumsi reguler
<br />- Tahun 2005, Susenas Panel (Februari)
<br />- Tahun 2006-2010, Susenas Panel (Maret)
<br />- Tahun 2011-2016, Susenas Modul Konsumsi (Maret dan September)
<br />- Angka Provinsi Papua Barat dan Papua sebelum tahun 2024 merupakan angka provinsi sebelum mengalami pemekaran Daerah Otonom Baru (DOB)",Kemiskinan dan Ketimpangan,38 Provinsi,3600,BANTEN,190,Perdesaan,121,2021,61,Semester 1 (Maret),0.28,36009819012161
bps_webapi,0000,2026-08-19T02:01:19+00:00,2026-08-05 12:26:57,98,Gini Ratio Menurut Provinsi dan Daerah,,3,,"- Sumber  : BPS, Susenas  
<br />- Tahun 2002, Susenas Modul Konsumsi reguler
<br />- Tahun 2005, Susenas Panel (Februari)
<br />- Tahun 2006-2010, Susenas Panel (Maret)
<br />- Tahun 2011-2016, Susenas Modul Konsumsi (Maret dan September)
<br />- Angka Provinsi Papua Barat dan Papua sebelum tahun 2024 merupakan angka provinsi sebelum mengalami pemekaran Daerah Otonom Baru (DOB)",Kemiskinan dan Ketimpangan,38 Provinsi,3600,BANTEN,190,Perdesaan,121,2021,62,Semester 2 (September),0.278,36009819012162
bps_webapi,0000,2026-08-19T02:01:19+00:00,2026-08-05 12:26:57,98,Gini Ratio Menurut Provinsi dan Daerah,,3,,"- Sumber  : BPS, Susenas  
<br />- Tahun 2002, Susenas Modul Konsumsi reguler
<br />- Tahun 2005, Susenas Panel (Februari)
<br />- Tahun 2006-2010, Susenas Panel (Maret)
<br />- Tahun 2011-2016, Susenas Modul Konsumsi (Maret dan September)
<br />- Angka Provinsi Papua Barat dan Papua sebelum tahun 2024 merupakan angka provinsi sebelum mengalami pemekaran Daerah Otonom Baru (DOB)",Kemiskinan dan Ketimpangan,38 Provinsi,3600,BANTEN,191,Perkotaan+Perdesaan,121,2021,61,Semester 1 (Maret),0.365,36009819112161
bps_webapi,0000,2026-08-19T02:01:19+00:00,2026-08-05 12:26:57,98,Gini Ratio Menurut Provinsi dan Daerah,,3,,"- Sumber  : BPS, Susenas  
<br />- Tahun 2002, Susenas Modul Konsumsi reguler
<br />- Tahun 2005, Susenas Panel (Februari)
<br />- Tahun 2006-2010, Susenas Panel (Maret)
<br />- Tahun 2011-2016, Susenas Modul Konsumsi (Maret dan September)
<br />- Angka Provinsi Papua Barat dan Papua sebelum tahun 2024 merupakan angka provinsi sebelum mengalami pemekaran Daerah Otonom Baru (DOB)",Kemiskinan dan Ketimpangan,38 Provinsi,3600,BANTEN,191,Perkotaan+Perdesaan,121,2021,62,Semester 2 (September),0.363,36009819112162
bps_webapi,0000,2026-08-19T02:01:19+00:00,2026-08-05 12:26:57,98,Gini Ratio Menurut Provinsi dan Daerah,,3,,"- Sumber  : BPS, Susenas  
<br />- Tahun 2002, Susenas Modul Konsumsi reguler
<br />- Tahun 2005, Susenas Panel (Februari)
<br />- Tahun 2006-2010, Susenas Panel (Maret)
<br />- Tahun 2011-2016, Susenas Modul Konsumsi (Maret dan September)
<br />- Angka Provinsi Papua Barat dan Papua sebelum tahun 2024 merupakan angka provinsi sebelum mengalami pemekaran Daerah Otonom Baru (DOB)",Kemiskinan dan Ketimpangan,38 Provinsi,5100,BALI,189,Perkotaan,121,2021,61,Semester 1 (Maret),0.387,51009818912161
bps_webapi,0000,2026-08-19T02:01:19+00:00,2026-08-05 12:26:57,98,Gini Ratio Menurut Provinsi dan Daerah,,3,,"- Sumber  : BPS, Susenas  
<br />- Tahun 2002, Susenas Modul Konsumsi reguler
<br />- Tahun 2005, Susenas Panel (Februari)
<br />- Tahun 2006-2010, Susenas Panel (Maret)
<br />- Tahun 2011-2016, Susenas Modul Konsumsi (Maret dan September)
<br />- Angka Provinsi Papua Barat dan Papua sebelum tahun 2024 merupakan angka provinsi sebelum mengalami pemekaran Daerah Otonom Baru (DOB)",Kemiskinan dan Ketimpangan,38 Provinsi,5100,BALI,189,Perkotaan,121,2021,62,Semester 2 (September),0.379,51009818912162
bps_webapi,0000,2026-08-19T02:01:19+00:00,2026-08-05 12:26:57,98,Gini Ratio Menurut Provinsi dan Daerah,,3,,"- Sumber  : BPS, Susenas  
<br />- Tahun 2002, Susenas Modul Konsumsi reguler
<br />- Tahun 2005, Susenas Panel (Februari)
<br />- Tahun 2006-2010, Susenas Panel (Maret)
<br />- Tahun 2011-2016, Susenas Modul Konsumsi (Maret dan September)
<br />- Angka Provinsi Papua Barat dan Papua sebelum tahun 2024 merupakan angka provinsi sebelum mengalami pemekaran Daerah Otonom Baru (DOB)",Kemiskinan dan Ketimpangan,38 Provinsi,5100,BALI,190,Perdesaan,121,2021,61,Semester 1 (Maret),0.301,51009819012161
bps_webapi,0000,2026-08-19T02:01:19+00:00,2026-08-05 12:26:57,98,Gini Ratio Menurut Provinsi dan Daerah,,3,,"- Sumber  : BPS, Susenas  
<br />- Tahun 2002, Susenas Modul Konsumsi reguler
<br />- Tahun 2005, Susenas Panel (Februari)
<br />- Tahun 2006-2010, Susenas Panel (Maret)
<br />- Tahun 2011-2016, Susenas Modul Konsumsi (Maret dan September)
<br />- Angka Provinsi Papua Barat dan Papua sebelum tahun 2024 merupakan angka provinsi sebelum mengalami pemekaran Daerah Otonom Baru (DOB)",Kemiskinan dan Ketimpangan,38 Provinsi,5100,BALI,190,Perdesaan,121,2021,62,Semester 2 (September),0.302,51009819012162
bps_webapi,0000,2026-08-19T02:01:19+00:00,2026-08-05 12:26:57,98,Gini Ratio Menurut Provinsi dan Daerah,,3,,"- Sumber  : BPS, Susenas  
<br />- Tahun 2002, Susenas Modul Konsumsi reguler
<br />- Tahun 2005, Susenas Panel (Februari)
<br />- Tahun 2006-2010, Susenas Panel (Maret)
<br />- Tahun 2011-2016, Susenas Modul Konsumsi (Maret dan September)
<br />- Angka Provinsi Papua Barat dan Papua sebelum tahun 2024 merupakan angka provinsi sebelum mengalami pemekaran Daerah Otonom Baru (DOB)",Kemiskinan dan Ketimpangan,38 Provinsi,5100,BALI,191,Perkotaan+Perdesaan,121,2021,61,Semester 1 (Maret),0.378,51009819112161
bps_webapi,0000,2026-08-19T02:01:19+00:00,2026-08-05 12:26:57,98,Gini Ratio Menurut Provinsi dan Daerah,,3,,"- Sumber  : BPS, Susenas  
<br />- Tahun 2002, Susenas Modul Konsumsi reguler
<br />- Tahun 2005, Susenas Panel (Februari)
<br />- Tahun 2006-2010, Susenas Panel (Maret)
<br />- Tahun 2011-2016, Susenas Modul Konsumsi (Maret dan September)
<br />- Angka Provinsi Papua Barat dan Papua sebelum tahun 2024 merupakan angka provinsi sebelum mengalami pemekaran Daerah Otonom Baru (DOB)",Kemiskinan dan Ketimpangan,38 Provinsi,5100,BALI,191,Perkotaan+Perdesaan,121,2021,62,Semester 2 (September),0.375,51009819112162
bps_webapi,0000,2026-08-19T02:01:19+00:00,2026-08-05 12:26:57,98,Gini Ratio Menurut Provinsi dan Daerah,,3,,"- Sumber  : BPS, Susenas  
<br />- Tahun 2002, Susenas Modul Konsumsi reguler
<br />- Tahun 2005, Susenas Panel (Februari)
<br />- Tahun 2006-2010, Susenas Panel (Maret)
<br />- Tahun 2011-2016, Susenas Modul Konsumsi (Maret dan September)
<br />- Angka Provinsi Papua Barat dan Papua sebelum tahun 2024 merupakan angka provinsi sebelum mengalami pemekaran Daerah Otonom Baru (DOB)",Kemiskinan dan Ketimpangan,38 Provinsi,5200,NUSA TENGGARA BARAT,189,Perkotaan,121,2021,61,Semester 1 (Maret),0.413,52009818912161
bps_webapi,0000,2026-08-19T02:01:19+00:00,2026-08-05 12:26:57,98,Gini Ratio Menurut Provinsi dan Daerah,,3,,"- Sumber  : BPS, Susenas  
<br />- Tahun 2002, Susenas Modul Konsumsi reguler
<br />- Tahun 2005, Susenas Panel (Februari)
<br />- Tahun 2006-2010, Susenas Panel (Maret)
<br />- Tahun 2011-2016, Susenas Modul Konsumsi (Maret dan September)
<br />- Angka Provinsi Papua Barat dan Papua sebelum tahun 2024 merupakan angka provinsi sebelum mengalami pemekaran Daerah Otonom Baru (DOB)",Kemiskinan dan Ketimpangan,38 Provinsi,5200,NUSA TENGGARA BARAT,189,Perkotaan,121,2021,62,Semester 2 (September),0.42,52009818912162
bps_webapi,0000,2026-08-19T02:01:19+00:00,2026-08-05 12:26:57,98,Gini Ratio Menurut Provinsi dan Daerah,,3,,"- Sumber  : BPS, Susenas  
<br />- Tahun 2002, Susenas Modul Konsumsi reguler
<br />- Tahun 2005, Susenas Panel (Februari)
<br />- Tahun 2006-2010, Susenas Panel (Maret)
<br />- Tahun 2011-2016, Susenas Modul Konsumsi (Maret dan September)
<br />- Angka Provinsi Papua Barat dan Papua sebelum tahun 2024 merupakan angka provinsi sebelum mengalami pemekaran Daerah Otonom Baru (DOB)",Kemiskinan dan Ketimpangan,38 Provinsi,5200,NUSA TENGGARA BARAT,190,Perdesaan,121,2021,61,Semester 1 (Maret),0.332,52009819012161
bps_webapi,0000,2026-08-19T02:01:19+00:00,2026-08-05 12:26:57,98,Gini Ratio Menurut Provinsi dan Daerah,,3,,"- Sumber  : BPS, Susenas  
<br />- Tahun 2002, Susenas Modul Konsumsi reguler
<br />- Tahun 2005, Susenas Panel (Februari)
<br />- Tahun 2006-2010, Susenas Panel (Maret)
<br />- Tahun 2011-2016, Susenas Modul Konsumsi (Maret dan September)
<br />- Angka Provinsi Papua Barat dan Papua sebelum tahun 2024 merupakan angka provinsi sebelum mengalami pemekaran Daerah Otonom Baru (DOB)",Kemiskinan dan Ketimpangan,38 Provinsi,5200,NUSA TENGGARA BARAT,190,Perdesaan,121,2021,62,Semester 2 (September),0.331,52009819012162
bps_webapi,0000,2026-08-19T02:01:19+00:00,2026-08-05 12:26:57,98,Gini Ratio Menurut Provinsi dan Daerah,,3,,"- Sumber  : BPS, Susenas  
<br />- Tahun 2002, Susenas Modul Konsumsi reguler
<br />- Tahun 2005, Susenas Panel (Februari)
<br />- Tahun 2006-2010, Susenas Panel (Maret)
<br />- Tahun 2011-2016, Susenas Modul Konsumsi (Maret dan September)
<br />- Angka Provinsi Papua Barat dan Papua sebelum tahun 2024 merupakan angka provinsi sebelum mengalami pemekaran Daerah Otonom Baru (DOB)",Kemiskinan dan Ketimpangan,38 Provinsi,5200,NUSA TENGGARA BARAT,191,Perkotaan+Perdesaan,121,2021,61,Semester 1 (Maret),0.381,52009819112161
bps_webapi,0000,2026-08-19T02:01:19+00:00,2026-08-05 12:26:57,98,Gini Ratio Menurut Provinsi dan Daerah,,3,,"- Sumber  : BPS, Susenas  
<br />- Tahun 2002, Susenas Modul Konsumsi reguler
<br />- Tahun 2005, Susenas Panel (Februari)
<br />- Tahun 2006-2010, Susenas Panel (Maret)
<br />- Tahun 2011-2016, Susenas Modul Konsumsi (Maret dan September)
<br />- Angka Provinsi Papua Barat dan Papua sebelum tahun 2024 merupakan angka provinsi sebelum mengalami pemekaran Daerah Otonom Baru (DOB)",Kemiskinan dan Ketimpangan,38 Provinsi,5200,NUSA TENGGARA BARAT,191,Perkotaan+Perdesaan,121,2021,62,Semester 2 (September),0.384,52009819112162
bps_webapi,0000,2026-08-19T02:01:19+00:00,2026-08-05 12:26:57,98,Gini Ratio Menurut Provinsi dan Daerah,,3,,"- Sumber  : BPS, Susenas  
<br />- Tahun 2002, Susenas Modul Konsumsi reguler
<br />- Tahun 2005, Susenas Panel (Februari)
<br />- Tahun 2006-2010, Susenas Panel (Maret)
<br />- Tahun 2011-2016, Susenas Modul Konsumsi (Maret dan September)
<br />- Angka Provinsi Papua Barat dan Papua sebelum tahun 2024 merupakan angka provinsi sebelum mengalami pemekaran Daerah Otonom Baru (DOB)",Kemiskinan dan Ketimpangan,38 Provinsi,5300,NUSA TENGGARA TIMUR,189,Perkotaan,121,2021,61,Semester 1 (Maret),0.327,53009818912161
bps_webapi,0000,2026-08-19T02:01:19+00:00,2026-08-05 12:26:57,98,Gini Ratio Menurut Provinsi dan Daerah,,3,,"- Sumber  : BPS, Susenas  
<br />- Tahun 2002, Susenas Modul Konsumsi reguler
<br />- Tahun 2005, Susenas Panel (Februari)
<br />- Tahun 2006-2010, Susenas Panel (Maret)
<br />- Tahun 2011-2016, Susenas Modul Konsumsi (Maret dan September)
<br />- Angka Provinsi Papua Barat dan Papua sebelum tahun 2024 merupakan angka provinsi sebelum mengalami pemekaran Daerah Otonom Baru (DOB)",Kemiskinan dan Ketimpangan,38 Provinsi,5300,NUSA TENGGARA TIMUR,189,Perkotaan,121,2021,62,Semester 2 (September),0.322,53009818912162
bps_webapi,0000,2026-08-19T02:01:19+00:00,2026-08-05 12:26:57,98,Gini Ratio Menurut Provinsi dan Daerah,,3,,"- Sumber  : BPS, Susenas  
<br />- Tahun 2002, Susenas Modul Konsumsi reguler
<br />- Tahun 2005, Susenas Panel (Februari)
<br />- Tahun 2006-2010, Susenas Panel (Maret)
<br />- Tahun 2011-2016, Susenas Modul Konsumsi (Maret dan September)
<br />- Angka Provinsi Papua Barat dan Papua sebelum tahun 2024 merupakan angka provinsi sebelum mengalami pemekaran Daerah Otonom Baru (DOB)",Kemiskinan dan Ketimpangan,38 Provinsi,5300,NUSA TENGGARA TIMUR,190,Perdesaan,121,2021,61,Semester 1 (Maret),0.311,53009819012161
bps_webapi,0000,2026-08-19T02:01:19+00:00,2026-08-05 12:26:57,98,Gini Ratio Menurut Provinsi dan Daerah,,3,,"- Sumber  : BPS, Susenas  
<br />- Tahun 2002, Susenas Modul Konsumsi reguler
<br />- Tahun 2005, Susenas Panel (Februari)
<br />- Tahun 2006-2010, Susenas Panel (Maret)
<br />- Tahun 2011-2016, Susenas Modul Konsumsi (Maret dan September)
<br />- Angka Provinsi Papua Barat dan Papua sebelum tahun 2024 merupakan angka provinsi sebelum mengalami pemekaran Daerah Otonom Baru (DOB)",Kemiskinan dan Ketimpangan,38 Provinsi,5300,NUSA TENGGARA TIMUR,190,Perdesaan,121,2021,62,Semester 2 (September),0.306,53009819012162
bps_webapi,0000,2026-08-19T02:01:19+00:00,2026-08-05 12:26:57,98,Gini Ratio Menurut Provinsi dan Daerah,,3,,"- Sumber  : BPS, Susenas  
<br />- Tahun 2002, Susenas Modul Konsumsi reguler
<br />- Tahun 2005, Susenas Panel (Februari)
<br />- Tahun 2006-2010, Susenas Panel (Maret)
<br />- Tahun 2011-2016, Susenas Modul Konsumsi (Maret dan September)
<br />- Angka Provinsi Papua Barat dan Papua sebelum tahun 2024 merupakan angka provinsi sebelum mengalami pemekaran Daerah Otonom Baru (DOB)",Kemiskinan dan Ketimpangan,38 Provinsi,5300,NUSA TENGGARA TIMUR,191,Perkotaan+Perdesaan,121,2021,61,Semester 1 (Maret),0.346,53009819112161
bps_webapi,0000,2026-08-19T02:01:19+00:00,2026-08-05 12:26:57,98,Gini Ratio Menurut Provinsi dan Daerah,,3,,"- Sumber  : BPS, Susenas  
<br />- Tahun 2002, Susenas Modul Konsumsi reguler
<br />- Tahun 2005, Susenas Panel (Februari)
<br />- Tahun 2006-2010, Susenas Panel (Maret)
<br />- Tahun 2011-2016, Susenas Modul Konsumsi (Maret dan September)
<br />- Angka Provinsi Papua Barat dan Papua sebelum tahun 2024 merupakan angka provinsi sebelum mengalami pemekaran Daerah Otonom Baru (DOB)",Kemiskinan dan Ketimpangan,38 Provinsi,5300,NUSA TENGGARA TIMUR,191,Perkotaan+Perdesaan,121,2021,62,Semester 2 (September),0.339,53009819112162
bps_webapi,0000,2026-08-19T02:01:19+00:00,2026-08-05 12:26:57,98,Gini Ratio Menurut Provinsi dan Daerah,,3,,"- Sumber  : BPS, Susenas  
<br />- Tahun 2002, Susenas Modul Konsumsi reguler
<br />- Tahun 2005, Susenas Panel (Februari)
<br />- Tahun 2006-2010, Susenas Panel (Maret)
<br />- Tahun 2011-2016, Susenas Modul Konsumsi (Maret dan September)
<br />- Angka Provinsi Papua Barat dan Papua sebelum tahun 2024 merupakan angka provinsi sebelum mengalami pemekaran Daerah Otonom Baru (DOB)",Kemiskinan dan Ketimpangan,38 Provinsi,6100,KALIMANTAN BARAT,189,Perkotaan,121,2021,61,Semester 1 (Maret),0.341,61009818912161
bps_webapi,0000,2026-08-19T02:01:19+00:00,2026-08-05 12:26:57,98,Gini Ratio Menurut Provinsi dan Daerah,,3,,"- Sumber  : BPS, Susenas  
<br />- Tahun 2002, Susenas Modul Konsumsi reguler
<br />- Tahun 2005, Susenas Panel (Februari)
<br />- Tahun 2006-2010, Susenas Panel (Maret)
<br />- Tahun 2011-2016, Susenas Modul Konsumsi (Maret dan September)
<br />- Angka Provinsi Papua Barat dan Papua sebelum tahun 2024 merupakan angka provinsi sebelum mengalami pemekaran Daerah Otonom Baru (DOB)",Kemiskinan dan Ketimpangan,38 Provinsi,6100,KALIMANTAN BARAT,189,Perkotaan,121,2021,62,Semester 2 (September),0.337,61009818912162
bps_webapi,0000,2026-08-19T02:01:19+00:00,2026-08-05 12:26:57,98,Gini Ratio Menurut Provinsi dan Daerah,,3,,"- Sumber  : BPS, Susenas  
<br />- Tahun 2002, Susenas Modul Konsumsi reguler
<br />- Tahun 2005, Susenas Panel (Februari)
<br />- Tahun 2006-2010, Susenas Panel (Maret)
<br />- Tahun 2011-2016, Susenas Modul Konsumsi (Maret dan September)
<br />- Angka Provinsi Papua Barat dan Papua sebelum tahun 2024 merupakan angka provinsi sebelum mengalami pemekaran Daerah Otonom Baru (DOB)",Kemiskinan dan Ketimpangan,38 Provinsi,6100,KALIMANTAN BARAT,190,Perdesaan,121,2021,61,Semester 1 (Maret),0.267,61009819012161
bps_webapi,0000,2026-08-19T02:01:19+00:00,2026-08-05 12:26:57,98,Gini Ratio Menurut Provinsi dan Daerah,,3,,"- Sumber  : BPS, Susenas  
<br />- Tahun 2002, Susenas Modul Konsumsi reguler
<br />- Tahun 2005, Susenas Panel (Februari)
<br />- Tahun 2006-2010, Susenas Panel (Maret)
<br />- Tahun 2011-2016, Susenas Modul Konsumsi (Maret dan September)
<br />- Angka Provinsi Papua Barat dan Papua sebelum tahun 2024 merupakan angka provinsi sebelum mengalami pemekaran Daerah Otonom Baru (DOB)",Kemiskinan dan Ketimpangan,38 Provinsi,6100,KALIMANTAN BARAT,190,Perdesaan,121,2021,62,Semester 2 (September),0.268,61009819012162
bps_webapi,0000,2026-08-19T02:01:19+00:00,2026-08-05 12:26:57,98,Gini Ratio Menurut Provinsi dan Daerah,,3,,"- Sumber  : BPS, Susenas  
<br />- Tahun 2002, Susenas Modul Konsumsi reguler
<br />- Tahun 2005, Susenas Panel (Februari)
<br />- Tahun 2006-2010, Susenas Panel (Maret)
<br />- Tahun 2011-2016, Susenas Modul Konsumsi (Maret dan September)
<br />- Angka Provinsi Papua Barat dan Papua sebelum tahun 2024 merupakan angka provinsi sebelum mengalami pemekaran Daerah Otonom Baru (DOB)",Kemiskinan dan Ketimpangan,38 Provinsi,6100,KALIMANTAN BARAT,191,Perkotaan+Perdesaan,121,2021,61,Semester 1 (Maret),0.313,61009819112161
bps_webapi,0000,2026-08-19T02:01:19+00:00,2026-08-05 12:26:57,98,Gini Ratio Menurut Provinsi dan Daerah,,3,,"- Sumber  : BPS, Susenas  
<br />- Tahun 2002, Susenas Modul Konsumsi reguler
<br />- Tahun 2005, Susenas Panel (Februari)
<br />- Tahun 2006-2010, Susenas Panel (Maret)
<br />- Tahun 2011-2016, Susenas Modul Konsumsi (Maret dan September)
<br />- Angka Provinsi Papua Barat dan Papua sebelum tahun 2024 merupakan angka provinsi sebelum mengalami pemekaran Daerah Otonom Baru (DOB)",Kemiskinan dan Ketimpangan,38 Provinsi,6100,KALIMANTAN BARAT,191,Perkotaan+Perdesaan,121,2021,62,Semester 2 (September),0.315,61009819112162
bps_webapi,0000,2026-08-19T02:01:19+00:00,2026-08-05 12:26:57,98,Gini Ratio Menurut Provinsi dan Daerah,,3,,"- Sumber  : BPS, Susenas  
<br />- Tahun 2002, Susenas Modul Konsumsi reguler
<br />- Tahun 2005, Susenas Panel (Februari)
<br />- Tahun 2006-2010, Susenas Panel (Maret)
<br />- Tahun 2011-2016, Susenas Modul Konsumsi (Maret dan September)
<br />- Angka Provinsi Papua Barat dan Papua sebelum tahun 2024 merupakan angka provinsi sebelum mengalami pemekaran Daerah Otonom Baru (DOB)",Kemiskinan dan Ketimpangan,38 Provinsi,6200,KALIMANTAN TENGAH,189,Perkotaan,121,2021,61,Semester 1 (Maret),0.353,62009818912161
bps_webapi,0000,2026-08-19T02:01:19+00:00,2026-08-05 12:26:57,98,Gini Ratio Menurut Provinsi dan Daerah,,3,,"- Sumber  : BPS, Susenas  
<br />- Tahun 2002, Susenas Modul Konsumsi reguler
<br />- Tahun 2005, Susenas Panel (Februari)
<br />- Tahun 2006-2010, Susenas Panel (Maret)
<br />- Tahun 2011-2016, Susenas Modul Konsumsi (Maret dan September)
<br />- Angka Provinsi Papua Barat dan Papua sebelum tahun 2024 merupakan angka provinsi sebelum mengalami pemekaran Daerah Otonom Baru (DOB)",Kemiskinan dan Ketimpangan,38 Provinsi,6200,KALIMANTAN TENGAH,189,Perkotaan,121,2021,62,Semester 2 (September),0.356,62009818912162
bps_webapi,0000,2026-08-19T02:01:19+00:00,2026-08-05 12:26:57,98,Gini Ratio Menurut Provinsi dan Daerah,,3,,"- Sumber  : BPS, Susenas  
<br />- Tahun 2002, Susenas Modul Konsumsi reguler
<br />- Tahun 2005, Susenas Panel (Februari)
<br />- Tahun 2006-2010, Susenas Panel (Maret)
<br />- Tahun 2011-2016, Susenas Modul Konsumsi (Maret dan September)
<br />- Angka Provinsi Papua Barat dan Papua sebelum tahun 2024 merupakan angka provinsi sebelum mengalami pemekaran Daerah Otonom Baru (DOB)",Kemiskinan dan Ketimpangan,38 Provinsi,6200,KALIMANTAN TENGAH,190,Perdesaan,121,2021,61,Semester 1 (Maret),0.292,62009819012161
bps_webapi,0000,2026-08-19T02:01:19+00:00,2026-08-05 12:26:57,98,Gini Ratio Menurut Provinsi dan Daerah,,3,,"- Sumber  : BPS, Susenas  
<br />- Tahun 2002, Susenas Modul Konsumsi reguler
<br />- Tahun 2005, Susenas Panel (Februari)
<br />- Tahun 2006-2010, Susenas Panel (Maret)
<br />- Tahun 2011-2016, Susenas Modul Konsumsi (Maret dan September)
<br />- Angka Provinsi Papua Barat dan Papua sebelum tahun 2024 merupakan angka provinsi sebelum mengalami pemekaran Daerah Otonom Baru (DOB)",Kemiskinan dan Ketimpangan,38 Provinsi,6200,KALIMANTAN TENGAH,190,Perdesaan,121,2021,62,Semester 2 (September),0.284,62009819012162
bps_webapi,0000,2026-08-19T02:01:19+00:00,2026-08-05 12:26:57,98,Gini Ratio Menurut Provinsi dan Daerah,,3,,"- Sumber  : BPS, Susenas  
<br />- Tahun 2002, Susenas Modul Konsumsi reguler
<br />- Tahun 2005, Susenas Panel (Februari)
<br />- Tahun 2006-2010, Susenas Panel (Maret)
<br />- Tahun 2011-2016, Susenas Modul Konsumsi (Maret dan September)
<br />- Angka Provinsi Papua Barat dan Papua sebelum tahun 2024 merupakan angka provinsi sebelum mengalami pemekaran Daerah Otonom Baru (DOB)",Kemiskinan dan Ketimpangan,38 Provinsi,6200,KALIMANTAN TENGAH,191,Perkotaan+Perdesaan,121,2021,61,Semester 1 (Maret),0.323,62009819112161
bps_webapi,0000,2026-08-19T02:01:19+00:00,2026-08-05 12:26:57,98,Gini Ratio Menurut Provinsi dan Daerah,,3,,"- Sumber  : BPS, Susenas  
<br />- Tahun 2002, Susenas Modul Konsumsi reguler
<br />- Tahun 2005, Susenas Panel (Februari)
<br />- Tahun 2006-2010, Susenas Panel (Maret)
<br />- Tahun 2011-2016, Susenas Modul Konsumsi (Maret dan September)
<br />- Angka Provinsi Papua Barat dan Papua sebelum tahun 2024 merupakan angka provinsi sebelum mengalami pemekaran Daerah Otonom Baru (DOB)",Kemiskinan dan Ketimpangan,38 Provinsi,6200,KALIMANTAN TENGAH,191,Perkotaan+Perdesaan,121,2021,62,Semester 2 (September),0.32,62009819112162
bps_webapi,0000,2026-08-19T02:01:19+00:00,2026-08-05 12:26:57,98,Gini Ratio Menurut Provinsi dan Daerah,,3,,"- Sumber  : BPS, Susenas  
<br />- Tahun 2002, Susenas Modul Konsumsi reguler
<br />- Tahun 2005, Susenas Panel (Februari)
<br />- Tahun 2006-2010, Susenas Panel (Maret)
<br />- Tahun 2011-2016, Susenas Modul Konsumsi (Maret dan September)
<br />- Angka Provinsi Papua Barat dan Papua sebelum tahun 2024 merupakan angka provinsi sebelum mengalami pemekaran Daerah Otonom Baru (DOB)",Kemiskinan dan Ketimpangan,38 Provinsi,6300,KALIMANTAN SELATAN,189,Perkotaan,121,2021,61,Semester 1 (Maret),0.359,63009818912161
bps_webapi,0000,2026-08-19T02:01:19+00:00,2026-08-05 12:26:57,98,Gini Ratio Menurut Provinsi dan Daerah,,3,,"- Sumber  : BPS, Susenas  
<br />- Tahun 2002, Susenas Modul Konsumsi reguler
<br />- Tahun 2005, Susenas Panel (Februari)
<br />- Tahun 2006-2010, Susenas Panel (Maret)
<br />- Tahun 2011-2016, Susenas Modul Konsumsi (Maret dan September)
<br />- Angka Provinsi Papua Barat dan Papua sebelum tahun 2024 merupakan angka provinsi sebelum mengalami pemekaran Daerah Otonom Baru (DOB)",Kemiskinan dan Ketimpangan,38 Provinsi,6300,KALIMANTAN SELATAN,189,Perkotaan,121,2021,62,Semester 2 (September),0.352,63009818912162
bps_webapi,0000,2026-08-19T02:01:19+00:00,2026-08-05 12:26:57,98,Gini Ratio Menurut Provinsi dan Daerah,,3,,"- Sumber  : BPS, Susenas  
<br />- Tahun 2002, Susenas Modul Konsumsi reguler
<br />- Tahun 2005, Susenas Panel (Februari)
<br />- Tahun 2006-2010, Susenas Panel (Maret)
<br />- Tahun 2011-2016, Susenas Modul Konsumsi (Maret dan September)
<br />- Angka Provinsi Papua Barat dan Papua sebelum tahun 2024 merupakan angka provinsi sebelum mengalami pemekaran Daerah Otonom Baru (DOB)",Kemiskinan dan Ketimpangan,38 Provinsi,6300,KALIMANTAN SELATAN,190,Perdesaan,121,2021,61,Semester 1 (Maret),0.265,63009819012161
bps_webapi,0000,2026-08-19T02:01:19+00:00,2026-08-05 12:26:57,98,Gini Ratio Menurut Provinsi dan Daerah,,3,,"- Sumber  : BPS, Susenas  
<br />- Tahun 2002, Susenas Modul Konsumsi reguler
<br />- Tahun 2005, Susenas Panel (Februari)
<br />- Tahun 2006-2010, Susenas Panel (Maret)
<br />- Tahun 2011-2016, Susenas Modul Konsumsi (Maret dan September)
<br />- Angka Provinsi Papua Barat dan Papua sebelum tahun 2024 merupakan angka provinsi sebelum mengalami pemekaran Daerah Otonom Baru (DOB)",Kemiskinan dan Ketimpangan,38 Provinsi,6300,KALIMANTAN SELATAN,190,Perdesaan,121,2021,62,Semester 2 (September),0.257,63009819012162
bps_webapi,0000,2026-08-19T02:01:19+00:00,2026-08-05 12:26:57,98,Gini Ratio Menurut Provinsi dan Daerah,,3,,"- Sumber  : BPS, Susenas  
<br />- Tahun 2002, Susenas Modul Konsumsi reguler
<br />- Tahun 2005, Susenas Panel (Februari)
<br />- Tahun 2006-2010, Susenas Panel (Maret)
<br />- Tahun 2011-2016, Susenas Modul Konsumsi (Maret dan September)
<br />- Angka Provinsi Papua Barat dan Papua sebelum tahun 2024 merupakan angka provinsi sebelum mengalami pemekaran Daerah Otonom Baru (DOB)",Kemiskinan dan Ketimpangan,38 Provinsi,6300,KALIMANTAN SELATAN,191,Perkotaan+Perdesaan,121,2021,61,Semester 1 (Maret),0.33,63009819112161
bps_webapi,0000,2026-08-19T02:01:19+00:00,2026-08-05 12:26:57,98,Gini Ratio Menurut Provinsi dan Daerah,,3,,"- Sumber  : BPS, Susenas  
<br />- Tahun 2002, Susenas Modul Konsumsi reguler
<br />- Tahun 2005, Susenas Panel (Februari)
<br />- Tahun 2006-2010, Susenas Panel (Maret)
<br />- Tahun 2011-2016, Susenas Modul Konsumsi (Maret dan September)
<br />- Angka Provinsi Papua Barat dan Papua sebelum tahun 2024 merupakan angka provinsi sebelum mengalami pemekaran Daerah Otonom Baru (DOB)",Kemiskinan dan Ketimpangan,38 Provinsi,6300,KALIMANTAN SELATAN,191,Perkotaan+Perdesaan,121,2021,62,Semester 2 (September),0.325,63009819112162
bps_webapi,0000,2026-08-19T02:01:19+00:00,2026-08-05 12:26:57,98,Gini Ratio Menurut Provinsi dan Daerah,,3,,"- Sumber  : BPS, Susenas  
<br />- Tahun 2002, Susenas Modul Konsumsi reguler
<br />- Tahun 2005, Susenas Panel (Februari)
<br />- Tahun 2006-2010, Susenas Panel (Maret)
<br />- Tahun 2011-2016, Susenas Modul Konsumsi (Maret dan September)
<br />- Angka Provinsi Papua Barat dan Papua sebelum tahun 2024 merupakan angka provinsi sebelum mengalami pemekaran Daerah Otonom Baru (DOB)",Kemiskinan dan Ketimpangan,38 Provinsi,6400,KALIMANTAN TIMUR,189,Perkotaan,121,2021,61,Semester 1 (Maret),0.339,64009818912161
bps_webapi,0000,2026-08-19T02:01:19+00:00,2026-08-05 12:26:57,98,Gini Ratio Menurut Provinsi dan Daerah,,3,,"- Sumber  : BPS, Susenas  
<br />- Tahun 2002, Susenas Modul Konsumsi reguler
<br />- Tahun 2005, Susenas Panel (Februari)
<br />- Tahun 2006-2010, Susenas Panel (Maret)
<br />- Tahun 2011-2016, Susenas Modul Konsumsi (Maret dan September)
<br />- Angka Provinsi Papua Barat dan Papua sebelum tahun 2024 merupakan angka provinsi sebelum mengalami pemekaran Daerah Otonom Baru (DOB)",Kemiskinan dan Ketimpangan,38 Provinsi,6400,KALIMANTAN TIMUR,189,Perkotaan,121,2021,62,Semester 2 (September),0.337,64009818912162
bps_webapi,0000,2026-08-19T02:01:19+00:00,2026-08-05 12:26:57,98,Gini Ratio Menurut Provinsi dan Daerah,,3,,"- Sumber  : BPS, Susenas  
<br />- Tahun 2002, Susenas Modul Konsumsi reguler
<br />- Tahun 2005, Susenas Panel (Februari)
<br />- Tahun 2006-2010, Susenas Panel (Maret)
<br />- Tahun 2011-2016, Susenas Modul Konsumsi (Maret dan September)
<br />- Angka Provinsi Papua Barat dan Papua sebelum tahun 2024 merupakan angka provinsi sebelum mengalami pemekaran Daerah Otonom Baru (DOB)",Kemiskinan dan Ketimpangan,38 Provinsi,6400,KALIMANTAN TIMUR,190,Perdesaan,121,2021,61,Semester 1 (Maret),0.288,64009819012161
bps_webapi,0000,2026-08-19T02:01:19+00:00,2026-08-05 12:26:57,98,Gini Ratio Menurut Provinsi dan Daerah,,3,,"- Sumber  : BPS, Susenas  
<br />- Tahun 2002, Susenas Modul Konsumsi reguler
<br />- Tahun 2005, Susenas Panel (Februari)
<br />- Tahun 2006-2010, Susenas Panel (Maret)
<br />- Tahun 2011-2016, Susenas Modul Konsumsi (Maret dan September)
<br />- Angka Provinsi Papua Barat dan Papua sebelum tahun 2024 merupakan angka provinsi sebelum mengalami pemekaran Daerah Otonom Baru (DOB)",Kemiskinan dan Ketimpangan,38 Provinsi,6400,KALIMANTAN TIMUR,190,Perdesaan,121,2021,62,Semester 2 (September),0.281,64009819012162
bps_webapi,0000,2026-08-19T02:01:19+00:00,2026-08-05 12:26:57,98,Gini Ratio Menurut Provinsi dan Daerah,,3,,"- Sumber  : BPS, Susenas  
<br />- Tahun 2002, Susenas Modul Konsumsi reguler
<br />- Tahun 2005, Susenas Panel (Februari)
<br />- Tahun 2006-2010, Susenas Panel (Maret)
<br />- Tahun 2011-2016, Susenas Modul Konsumsi (Maret dan September)
<br />- Angka Provinsi Papua Barat dan Papua sebelum tahun 2024 merupakan angka provinsi sebelum mengalami pemekaran Daerah Otonom Baru (DOB)",Kemiskinan dan Ketimpangan,38 Provinsi,6400,KALIMANTAN TIMUR,191,Perkotaan+Perdesaan,121,2021,61,Semester 1 (Maret),0.334,64009819112161
bps_webapi,0000,2026-08-19T02:01:19+00:00,2026-08-05 12:26:57,98,Gini Ratio Menurut Provinsi dan Daerah,,3,,"- Sumber  : BPS, Susenas  
<br />- Tahun 2002, Susenas Modul Konsumsi reguler
<br />- Tahun 2005, Susenas Panel (Februari)
<br />- Tahun 2006-2010, Susenas Panel (Maret)
<br />- Tahun 2011-2016, Susenas Modul Konsumsi (Maret dan September)
<br />- Angka Provinsi Papua Barat dan Papua sebelum tahun 2024 merupakan angka provinsi sebelum mengalami pemekaran Daerah Otonom Baru (DOB)",Kemiskinan dan Ketimpangan,38 Provinsi,6400,KALIMANTAN TIMUR,191,Perkotaan+Perdesaan,121,2021,62,Semester 2 (September),0.331,64009819112162
bps_webapi,0000,2026-08-19T02:01:19+00:00,2026-08-05 12:26:57,98,Gini Ratio Menurut Provinsi dan Daerah,,3,,"- Sumber  : BPS, Susenas  
<br />- Tahun 2002, Susenas Modul Konsumsi reguler
<br />- Tahun 2005, Susenas Panel (Februari)
<br />- Tahun 2006-2010, Susenas Panel (Maret)
<br />- Tahun 2011-2016, Susenas Modul Konsumsi (Maret dan September)
<br />- Angka Provinsi Papua Barat dan Papua sebelum tahun 2024 merupakan angka provinsi sebelum mengalami pemekaran Daerah Otonom Baru (DOB)",Kemiskinan dan Ketimpangan,38 Provinsi,6500,KALIMANTAN UTARA,189,Perkotaan,121,2021,61,Semester 1 (Maret),0.289,65009818912161
bps_webapi,0000,2026-08-19T02:01:19+00:00,2026-08-05 12:26:57,98,Gini Ratio Menurut Provinsi dan Daerah,,3,,"- Sumber  : BPS, Susenas  
<br />- Tahun 2002, Susenas Modul Konsumsi reguler
<br />- Tahun 2005, Susenas Panel (Februari)
<br />- Tahun 2006-2010, Susenas Panel (Maret)
<br />- Tahun 2011-2016, Susenas Modul Konsumsi (Maret dan September)
<br />- Angka Provinsi Papua Barat dan Papua sebelum tahun 2024 merupakan angka provinsi sebelum mengalami pemekaran Daerah Otonom Baru (DOB)",Kemiskinan dan Ketimpangan,38 Provinsi,6500,KALIMANTAN UTARA,189,Perkotaan,121,2021,62,Semester 2 (September),0.284,65009818912162
bps_webapi,0000,2026-08-19T02:01:19+00:00,2026-08-05 12:26:57,98,Gini Ratio Menurut Provinsi dan Daerah,,3,,"- Sumber  : BPS, Susenas  
<br />- Tahun 2002, Susenas Modul Konsumsi reguler
<br />- Tahun 2005, Susenas Panel (Februari)
<br />- Tahun 2006-2010, Susenas Panel (Maret)
<br />- Tahun 2011-2016, Susenas Modul Konsumsi (Maret dan September)
<br />- Angka Provinsi Papua Barat dan Papua sebelum tahun 2024 merupakan angka provinsi sebelum mengalami pemekaran Daerah Otonom Baru (DOB)",Kemiskinan dan Ketimpangan,38 Provinsi,6500,KALIMANTAN UTARA,190,Perdesaan,121,2021,61,Semester 1 (Maret),0.272,65009819012161
bps_webapi,0000,2026-08-19T02:01:19+00:00,2026-08-05 12:26:57,98,Gini Ratio Menurut Provinsi dan Daerah,,3,,"- Sumber  : BPS, Susenas  
<br />- Tahun 2002, Susenas Modul Konsumsi reguler
<br />- Tahun 2005, Susenas Panel (Februari)
<br />- Tahun 2006-2010, Susenas Panel (Maret)
<br />- Tahun 2011-2016, Susenas Modul Konsumsi (Maret dan September)
<br />- Angka Provinsi Papua Barat dan Papua sebelum tahun 2024 merupakan angka provinsi sebelum mengalami pemekaran Daerah Otonom Baru (DOB)",Kemiskinan dan Ketimpangan,38 Provinsi,6500,KALIMANTAN UTARA,190,Perdesaan,121,2021,62,Semester 2 (September),0.264,65009819012162
bps_webapi,0000,2026-08-19T02:01:19+00:00,2026-08-05 12:26:57,98,Gini Ratio Menurut Provinsi dan Daerah,,3,,"- Sumber  : BPS, Susenas  
<br />- Tahun 2002, Susenas Modul Konsumsi reguler
<br />- Tahun 2005, Susenas Panel (Februari)
<br />- Tahun 2006-2010, Susenas Panel (Maret)
<br />- Tahun 2011-2016, Susenas Modul Konsumsi (Maret dan September)
<br />- Angka Provinsi Papua Barat dan Papua sebelum tahun 2024 merupakan angka provinsi sebelum mengalami pemekaran Daerah Otonom Baru (DOB)",Kemiskinan dan Ketimpangan,38 Provinsi,6500,KALIMANTAN UTARA,191,Perkotaan+Perdesaan,121,2021,61,Semester 1 (Maret),0.292,65009819112161
bps_webapi,0000,2026-08-19T02:01:19+00:00,2026-08-05 12:26:57,98,Gini Ratio Menurut Provinsi dan Daerah,,3,,"- Sumber  : BPS, Susenas  
<br />- Tahun 2002, Susenas Modul Konsumsi reguler
<br />- Tahun 2005, Susenas Panel (Februari)
<br />- Tahun 2006-2010, Susenas Panel (Maret)
<br />- Tahun 2011-2016, Susenas Modul Konsumsi (Maret dan September)
<br />- Angka Provinsi Papua Barat dan Papua sebelum tahun 2024 merupakan angka provinsi sebelum mengalami pemekaran Daerah Otonom Baru (DOB)",Kemiskinan dan Ketimpangan,38 Provinsi,6500,KALIMANTAN UTARA,191,Perkotaan+Perdesaan,121,2021,62,Semester 2 (September),0.285,65009819112162
bps_webapi,0000,2026-08-19T02:01:19+00:00,2026-08-05 12:26:57,98,Gini Ratio Menurut Provinsi dan Daerah,,3,,"- Sumber  : BPS, Susenas  
<br />- Tahun 2002, Susenas Modul Konsumsi reguler
<br />- Tahun 2005, Susenas Panel (Februari)
<br />- Tahun 2006-2010, Susenas Panel (Maret)
<br />- Tahun 2011-2016, Susenas Modul Konsumsi (Maret dan September)
<br />- Angka Provinsi Papua Barat dan Papua sebelum tahun 2024 merupakan angka provinsi sebelum mengalami pemekaran Daerah Otonom Baru (DOB)",Kemiskinan dan Ketimpangan,38 Provinsi,7100,SULAWESI UTARA,189,Perkotaan,121,2021,61,Semester 1 (Maret),0.365,71009818912161
bps_webapi,0000,2026-08-19T02:01:19+00:00,2026-08-05 12:26:57,98,Gini Ratio Menurut Provinsi dan Daerah,,3,,"- Sumber  : BPS, Susenas  
<br />- Tahun 2002, Susenas Modul Konsumsi reguler
<br />- Tahun 2005, Susenas Panel (Februari)
<br />- Tahun 2006-2010, Susenas Panel (Maret)
<br />- Tahun 2011-2016, Susenas Modul Konsumsi (Maret dan September)
<br />- Angka Provinsi Papua Barat dan Papua sebelum tahun 2024 merupakan angka provinsi sebelum mengalami pemekaran Daerah Otonom Baru (DOB)",Kemiskinan dan Ketimpangan,38 Provinsi,7100,SULAWESI UTARA,189,Perkotaan,121,2021,62,Semester 2 (September),0.359,71009818912162
bps_webapi,0000,2026-08-19T02:01:19+00:00,2026-08-05 12:26:57,98,Gini Ratio Menurut Provinsi dan Daerah,,3,,"- Sumber  : BPS, Susenas  
<br />- Tahun 2002, Susenas Modul Konsumsi reguler
<br />- Tahun 2005, Susenas Panel (Februari)
<br />- Tahun 2006-2010, Susenas Panel (Maret)
<br />- Tahun 2011-2016, Susenas Modul Konsumsi (Maret dan September)
<br />- Angka Provinsi Papua Barat dan Papua sebelum tahun 2024 merupakan angka provinsi sebelum mengalami pemekaran Daerah Otonom Baru (DOB)",Kemiskinan dan Ketimpangan,38 Provinsi,7100,SULAWESI UTARA,190,Perdesaan,121,2021,61,Semester 1 (Maret),0.352,71009819012161
bps_webapi,0000,2026-08-19T02:01:19+00:00,2026-08-05 12:26:57,98,Gini Ratio Menurut Provinsi dan Daerah,,3,,"- Sumber  : BPS, Susenas  
<br />- Tahun 2002, Susenas Modul Konsumsi reguler
<br />- Tahun 2005, Susenas Panel (Februari)
<br />- Tahun 2006-2010, Susenas Panel (Maret)
<br />- Tahun 2011-2016, Susenas Modul Konsumsi (Maret dan September)
<br />- Angka Provinsi Papua Barat dan Papua sebelum tahun 2024 merupakan angka provinsi sebelum mengalami pemekaran Daerah Otonom Baru (DOB)",Kemiskinan dan Ketimpangan,38 Provinsi,7100,SULAWESI UTARA,190,Perdesaan,121,2021,62,Semester 2 (September),0.347,71009819012162
bps_webapi,0000,2026-08-19T02:01:19+00:00,2026-08-05 12:26:57,98,Gini Ratio Menurut Provinsi dan Daerah,,3,,"- Sumber  : BPS, Susenas  
<br />- Tahun 2002, Susenas Modul Konsumsi reguler
<br />- Tahun 2005, Susenas Panel (Februari)
<br />- Tahun 2006-2010, Susenas Panel (Maret)
<br />- Tahun 2011-2016, Susenas Modul Konsumsi (Maret dan September)
<br />- Angka Provinsi Papua Barat dan Papua sebelum tahun 2024 merupakan angka provinsi sebelum mengalami pemekaran Daerah Otonom Baru (DOB)",Kemiskinan dan Ketimpangan,38 Provinsi,7100,SULAWESI UTARA,191,Perkotaan+Perdesaan,121,2021,61,Semester 1 (Maret),0.365,71009819112161
bps_webapi,0000,2026-08-19T02:01:19+00:00,2026-08-05 12:26:57,98,Gini Ratio Menurut Provinsi dan Daerah,,3,,"- Sumber  : BPS, Susenas  
<br />- Tahun 2002, Susenas Modul Konsumsi reguler
<br />- Tahun 2005, Susenas Panel (Februari)
<br />- Tahun 2006-2010, Susenas Panel (Maret)
<br />- Tahun 2011-2016, Susenas Modul Konsumsi (Maret dan September)
<br />- Angka Provinsi Papua Barat dan Papua sebelum tahun 2024 merupakan angka provinsi sebelum mengalami pemekaran Daerah Otonom Baru (DOB)",Kemiskinan dan Ketimpangan,38 Provinsi,7100,SULAWESI UTARA,191,Perkotaan+Perdesaan,121,2021,62,Semester 2 (September),0.359,71009819112162
bps_webapi,0000,2026-08-19T02:01:19+00:00,2026-08-05 12:26:57,98,Gini Ratio Menurut Provinsi dan Daerah,,3,,"- Sumber  : BPS, Susenas  
<br />- Tahun 2002, Susenas Modul Konsumsi reguler
<br />- Tahun 2005, Susenas Panel (Februari)
<br />- Tahun 2006-2010, Susenas Panel (Maret)
<br />- Tahun 2011-2016, Susenas Modul Konsumsi (Maret dan September)
<br />- Angka Provinsi Papua Barat dan Papua sebelum tahun 2024 merupakan angka provinsi sebelum mengalami pemekaran Daerah Otonom Baru (DOB)",Kemiskinan dan Ketimpangan,38 Provinsi,7200,SULAWESI TENGAH,189,Perkotaan,121,2021,61,Semester 1 (Maret),0.343,72009818912161
bps_webapi,0000,2026-08-19T02:01:19+00:00,2026-08-05 12:26:57,98,Gini Ratio Menurut Provinsi dan Daerah,,3,,"- Sumber  : BPS, Susenas  
<br />- Tahun 2002, Susenas Modul Konsumsi reguler
<br />- Tahun 2005, Susenas Panel (Februari)
<br />- Tahun 2006-2010, Susenas Panel (Maret)
<br />- Tahun 2011-2016, Susenas Modul Konsumsi (Maret dan September)
<br />- Angka Provinsi Papua Barat dan Papua sebelum tahun 2024 merupakan angka provinsi sebelum mengalami pemekaran Daerah Otonom Baru (DOB)",Kemiskinan dan Ketimpangan,38 Provinsi,7200,SULAWESI TENGAH,189,Perkotaan,121,2021,62,Semester 2 (September),0.351,72009818912162
bps_webapi,0000,2026-08-19T02:01:19+00:00,2026-08-05 12:26:57,98,Gini Ratio Menurut Provinsi dan Daerah,,3,,"- Sumber  : BPS, Susenas  
<br />- Tahun 2002, Susenas Modul Konsumsi reguler
<br />- Tahun 2005, Susenas Panel (Februari)
<br />- Tahun 2006-2010, Susenas Panel (Maret)
<br />- Tahun 2011-2016, Susenas Modul Konsumsi (Maret dan September)
<br />- Angka Provinsi Papua Barat dan Papua sebelum tahun 2024 merupakan angka provinsi sebelum mengalami pemekaran Daerah Otonom Baru (DOB)",Kemiskinan dan Ketimpangan,38 Provinsi,7200,SULAWESI TENGAH,190,Perdesaan,121,2021,61,Semester 1 (Maret),0.279,72009819012161
bps_webapi,0000,2026-08-19T02:01:19+00:00,2026-08-05 12:26:57,98,Gini Ratio Menurut Provinsi dan Daerah,,3,,"- Sumber  : BPS, Susenas  
<br />- Tahun 2002, Susenas Modul Konsumsi reguler
<br />- Tahun 2005, Susenas Panel (Februari)
<br />- Tahun 2006-2010, Susenas Panel (Maret)
<br />- Tahun 2011-2016, Susenas Modul Konsumsi (Maret dan September)
<br />- Angka Provinsi Papua Barat dan Papua sebelum tahun 2024 merupakan angka provinsi sebelum mengalami pemekaran Daerah Otonom Baru (DOB)",Kemiskinan dan Ketimpangan,38 Provinsi,7200,SULAWESI TENGAH,190,Perdesaan,121,2021,62,Semester 2 (September),0.278,72009819012162
bps_webapi,0000,2026-08-19T02:01:19+00:00,2026-08-05 12:26:57,98,Gini Ratio Menurut Provinsi dan Daerah,,3,,"- Sumber  : BPS, Susenas  
<br />- Tahun 2002, Susenas Modul Konsumsi reguler
<br />- Tahun 2005, Susenas Panel (Februari)
<br />- Tahun 2006-2010, Susenas Panel (Maret)
<br />- Tahun 2011-2016, Susenas Modul Konsumsi (Maret dan September)
<br />- Angka Provinsi Papua Barat dan Papua sebelum tahun 2024 merupakan angka provinsi sebelum mengalami pemekaran Daerah Otonom Baru (DOB)",Kemiskinan dan Ketimpangan,38 Provinsi,7200,SULAWESI TENGAH,191,Perkotaan+Perdesaan,121,2021,61,Semester 1 (Maret),0.316,72009819112161
bps_webapi,0000,2026-08-19T02:01:19+00:00,2026-08-05 12:26:57,98,Gini Ratio Menurut Provinsi dan Daerah,,3,,"- Sumber  : BPS, Susenas  
<br />- Tahun 2002, Susenas Modul Konsumsi reguler
<br />- Tahun 2005, Susenas Panel (Februari)
<br />- Tahun 2006-2010, Susenas Panel (Maret)
<br />- Tahun 2011-2016, Susenas Modul Konsumsi (Maret dan September)
<br />- Angka Provinsi Papua Barat dan Papua sebelum tahun 2024 merupakan angka provinsi sebelum mengalami pemekaran Daerah Otonom Baru (DOB)",Kemiskinan dan Ketimpangan,38 Provinsi,7200,SULAWESI TENGAH,191,Perkotaan+Perdesaan,121,2021,62,Semester 2 (September),0.326,72009819112162
bps_webapi,0000,2026-08-19T02:01:19+00:00,2026-08-05 12:26:57,98,Gini Ratio Menurut Provinsi dan Daerah,,3,,"- Sumber  : BPS, Susenas  
<br />- Tahun 2002, Susenas Modul Konsumsi reguler
<br />- Tahun 2005, Susenas Panel (Februari)
<br />- Tahun 2006-2010, Susenas Panel (Maret)
<br />- Tahun 2011-2016, Susenas Modul Konsumsi (Maret dan September)
<br />- Angka Provinsi Papua Barat dan Papua sebelum tahun 2024 merupakan angka provinsi sebelum mengalami pemekaran Daerah Otonom Baru (DOB)",Kemiskinan dan Ketimpangan,38 Provinsi,7300,SULAWESI SELATAN,189,Perkotaan,121,2021,61,Semester 1 (Maret),0.392,73009818912161
bps_webapi,0000,2026-08-19T02:01:19+00:00,2026-08-05 12:26:57,98,Gini Ratio Menurut Provinsi dan Daerah,,3,,"- Sumber  : BPS, Susenas  
<br />- Tahun 2002, Susenas Modul Konsumsi reguler
<br />- Tahun 2005, Susenas Panel (Februari)
<br />- Tahun 2006-2010, Susenas Panel (Maret)
<br />- Tahun 2011-2016, Susenas Modul Konsumsi (Maret dan September)
<br />- Angka Provinsi Papua Barat dan Papua sebelum tahun 2024 merupakan angka provinsi sebelum mengalami pemekaran Daerah Otonom Baru (DOB)",Kemiskinan dan Ketimpangan,38 Provinsi,7300,SULAWESI SELATAN,189,Perkotaan,121,2021,62,Semester 2 (September),0.387,73009818912162
bps_webapi,0000,2026-08-19T02:01:19+00:00,2026-08-05 12:26:57,98,Gini Ratio Menurut Provinsi dan Daerah,,3,,"- Sumber  : BPS, Susenas  
<br />- Tahun 2002, Susenas Modul Konsumsi reguler
<br />- Tahun 2005, Susenas Panel (Februari)
<br />- Tahun 2006-2010, Susenas Panel (Maret)
<br />- Tahun 2011-2016, Susenas Modul Konsumsi (Maret dan September)
<br />- Angka Provinsi Papua Barat dan Papua sebelum tahun 2024 merupakan angka provinsi sebelum mengalami pemekaran Daerah Otonom Baru (DOB)",Kemiskinan dan Ketimpangan,38 Provinsi,7300,SULAWESI SELATAN,190,Perdesaan,121,2021,61,Semester 1 (Maret),0.338,73009819012161
bps_webapi,0000,2026-08-19T02:01:19+00:00,2026-08-05 12:26:57,98,Gini Ratio Menurut Provinsi dan Daerah,,3,,"- Sumber  : BPS, Susenas  
<br />- Tahun 2002, Susenas Modul Konsumsi reguler
<br />- Tahun 2005, Susenas Panel (Februari)
<br />- Tahun 2006-2010, Susenas Panel (Maret)
<br />- Tahun 2011-2016, Susenas Modul Konsumsi (Maret dan September)
<br />- Angka Provinsi Papua Barat dan Papua sebelum tahun 2024 merupakan angka provinsi sebelum mengalami pemekaran Daerah Otonom Baru (DOB)",Kemiskinan dan Ketimpangan,38 Provinsi,7300,SULAWESI SELATAN,190,Perdesaan,121,2021,62,Semester 2 (September),0.334,73009819012162
bps_webapi,0000,2026-08-19T02:01:19+00:00,2026-08-05 12:26:57,98,Gini Ratio Menurut Provinsi dan Daerah,,3,,"- Sumber  : BPS, Susenas  
<br />- Tahun 2002, Susenas Modul Konsumsi reguler
<br />- Tahun 2005, Susenas Panel (Februari)
<br />- Tahun 2006-2010, Susenas Panel (Maret)
<br />- Tahun 2011-2016, Susenas Modul Konsumsi (Maret dan September)
<br />- Angka Provinsi Papua Barat dan Papua sebelum tahun 2024 merupakan angka provinsi sebelum mengalami pemekaran Daerah Otonom Baru (DOB)",Kemiskinan dan Ketimpangan,38 Provinsi,7300,SULAWESI SELATAN,191,Perkotaan+Perdesaan,121,2021,61,Semester 1 (Maret),0.382,73009819112161
bps_webapi,0000,2026-08-19T02:01:19+00:00,2026-08-05 12:26:57,98,Gini Ratio Menurut Provinsi dan Daerah,,3,,"- Sumber  : BPS, Susenas  
<br />- Tahun 2002, Susenas Modul Konsumsi reguler
<br />- Tahun 2005, Susenas Panel (Februari)
<br />- Tahun 2006-2010, Susenas Panel (Maret)
<br />- Tahun 2011-2016, Susenas Modul Konsumsi (Maret dan September)
<br />- Angka Provinsi Papua Barat dan Papua sebelum tahun 2024 merupakan angka provinsi sebelum mengalami pemekaran Daerah Otonom Baru (DOB)",Kemiskinan dan Ketimpangan,38 Provinsi,7300,SULAWESI SELATAN,191,Perkotaan+Perdesaan,121,2021,62,Semester 2 (September),0.377,73009819112162
bps_webapi,0000,2026-08-19T02:01:19+00:00,2026-08-05 12:26:57,98,Gini Ratio Menurut Provinsi dan Daerah,,3,,"- Sumber  : BPS, Susenas  
<br />- Tahun 2002, Susenas Modul Konsumsi reguler
<br />- Tahun 2005, Susenas Panel (Februari)
<br />- Tahun 2006-2010, Susenas Panel (Maret)
<br />- Tahun 2011-2016, Susenas Modul Konsumsi (Maret dan September)
<br />- Angka Provinsi Papua Barat dan Papua sebelum tahun 2024 merupakan angka provinsi sebelum mengalami pemekaran Daerah Otonom Baru (DOB)",Kemiskinan dan Ketimpangan,38 Provinsi,7400,SULAWESI TENGGARA,189,Perkotaan,121,2021,61,Semester 1 (Maret),0.411,74009818912161
bps_webapi,0000,2026-08-19T02:01:19+00:00,2026-08-05 12:26:57,98,Gini Ratio Menurut Provinsi dan Daerah,,3,,"- Sumber  : BPS, Susenas  
<br />- Tahun 2002, Susenas Modul Konsumsi reguler
<br />- Tahun 2005, Susenas Panel (Februari)
<br />- Tahun 2006-2010, Susenas Panel (Maret)
<br />- Tahun 2011-2016, Susenas Modul Konsumsi (Maret dan September)
<br />- Angka Provinsi Papua Barat dan Papua sebelum tahun 2024 merupakan angka provinsi sebelum mengalami pemekaran Daerah Otonom Baru (DOB)",Kemiskinan dan Ketimpangan,38 Provinsi,7400,SULAWESI TENGGARA,189,Perkotaan,121,2021,62,Semester 2 (September),0.402,74009818912162
bps_webapi,0000,2026-08-19T02:01:19+00:00,2026-08-05 12:26:57,98,Gini Ratio Menurut Provinsi dan Daerah,,3,,"- Sumber  : BPS, Susenas  
<br />- Tahun 2002, Susenas Modul Konsumsi reguler
<br />- Tahun 2005, Susenas Panel (Februari)
<br />- Tahun 2006-2010, Susenas Panel (Maret)
<br />- Tahun 2011-2016, Susenas Modul Konsumsi (Maret dan September)
<br />- Angka Provinsi Papua Barat dan Papua sebelum tahun 2024 merupakan angka provinsi sebelum mengalami pemekaran Daerah Otonom Baru (DOB)",Kemiskinan dan Ketimpangan,38 Provinsi,7400,SULAWESI TENGGARA,190,Perdesaan,121,2021,61,Semester 1 (Maret),0.347,74009819012161
bps_webapi,0000,2026-08-19T02:01:19+00:00,2026-08-05 12:26:57,98,Gini Ratio Menurut Provinsi dan Daerah,,3,,"- Sumber  : BPS, Susenas  
<br />- Tahun 2002, Susenas Modul Konsumsi reguler
<br />- Tahun 2005, Susenas Panel (Februari)
<br />- Tahun 2006-2010, Susenas Panel (Maret)
<br />- Tahun 2011-2016, Susenas Modul Konsumsi (Maret dan September)
<br />- Angka Provinsi Papua Barat dan Papua sebelum tahun 2024 merupakan angka provinsi sebelum mengalami pemekaran Daerah Otonom Baru (DOB)",Kemiskinan dan Ketimpangan,38 Provinsi,7400,SULAWESI TENGGARA,190,Perdesaan,121,2021,62,Semester 2 (September),0.353,74009819012162
bps_webapi,0000,2026-08-19T02:01:19+00:00,2026-08-05 12:26:57,98,Gini Ratio Menurut Provinsi dan Daerah,,3,,"- Sumber  : BPS, Susenas  
<br />- Tahun 2002, Susenas Modul Konsumsi reguler
<br />- Tahun 2005, Susenas Panel (Februari)
<br />- Tahun 2006-2010, Susenas Panel (Maret)
<br />- Tahun 2011-2016, Susenas Modul Konsumsi (Maret dan September)
<br />- Angka Provinsi Papua Barat dan Papua sebelum tahun 2024 merupakan angka provinsi sebelum mengalami pemekaran Daerah Otonom Baru (DOB)",Kemiskinan dan Ketimpangan,38 Provinsi,7400,SULAWESI TENGGARA,191,Perkotaan+Perdesaan,121,2021,61,Semester 1 (Maret),0.39,74009819112161
bps_webapi,0000,2026-08-19T02:01:19+00:00,2026-08-05 12:26:57,98,Gini Ratio Menurut Provinsi dan Daerah,,3,,"- Sumber  : BPS, Susenas  
<br />- Tahun 2002, Susenas Modul Konsumsi reguler
<br />- Tahun 2005, Susenas Panel (Februari)
<br />- Tahun 2006-2010, Susenas Panel (Maret)
<br />- Tahun 2011-2016, Susenas Modul Konsumsi (Maret dan September)
<br />- Angka Provinsi Papua Barat dan Papua sebelum tahun 2024 merupakan angka provinsi sebelum mengalami pemekaran Daerah Otonom Baru (DOB)",Kemiskinan dan Ketimpangan,38 Provinsi,7400,SULAWESI TENGGARA,191,Perkotaan+Perdesaan,121,2021,62,Semester 2 (September),0.394,74009819112162
bps_webapi,0000,2026-08-19T02:01:19+00:00,2026-08-05 12:26:57,98,Gini Ratio Menurut Provinsi dan Daerah,,3,,"- Sumber  : BPS, Susenas  
<br />- Tahun 2002, Susenas Modul Konsumsi reguler
<br />- Tahun 2005, Susenas Panel (Februari)
<br />- Tahun 2006-2010, Susenas Panel (Maret)
<br />- Tahun 2011-2016, Susenas Modul Konsumsi (Maret dan September)
<br />- Angka Provinsi Papua Barat dan Papua sebelum tahun 2024 merupakan angka provinsi sebelum mengalami pemekaran Daerah Otonom Baru (DOB)",Kemiskinan dan Ketimpangan,38 Provinsi,7500,GORONTALO,189,Perkotaan,121,2021,61,Semester 1 (Maret),0.398,75009818912161
bps_webapi,0000,2026-08-19T02:01:19+00:00,2026-08-05 12:26:57,98,Gini Ratio Menurut Provinsi dan Daerah,,3,,"- Sumber  : BPS, Susenas  
<br />- Tahun 2002, Susenas Modul Konsumsi reguler
<br />- Tahun 2005, Susenas Panel (Februari)
<br />- Tahun 2006-2010, Susenas Panel (Maret)
<br />- Tahun 2011-2016, Susenas Modul Konsumsi (Maret dan September)
<br />- Angka Provinsi Papua Barat dan Papua sebelum tahun 2024 merupakan angka provinsi sebelum mengalami pemekaran Daerah Otonom Baru (DOB)",Kemiskinan dan Ketimpangan,38 Provinsi,7500,GORONTALO,189,Perkotaan,121,2021,62,Semester 2 (September),0.407,75009818912162
bps_webapi,0000,2026-08-19T02:01:19+00:00,2026-08-05 12:26:57,98,Gini Ratio Menurut Provinsi dan Daerah,,3,,"- Sumber  : BPS, Susenas  
<br />- Tahun 2002, Susenas Modul Konsumsi reguler
<br />- Tahun 2005, Susenas Panel (Februari)
<br />- Tahun 2006-2010, Susenas Panel (Maret)
<br />- Tahun 2011-2016, Susenas Modul Konsumsi (Maret dan September)
<br />- Angka Provinsi Papua Barat dan Papua sebelum tahun 2024 merupakan angka provinsi sebelum mengalami pemekaran Daerah Otonom Baru (DOB)",Kemiskinan dan Ketimpangan,38 Provinsi,7500,GORONTALO,190,Perdesaan,121,2021,61,Semester 1 (Maret),0.397,75009819012161
bps_webapi,0000,2026-08-19T02:01:19+00:00,2026-08-05 12:26:57,98,Gini Ratio Menurut Provinsi dan Daerah,,3,,"- Sumber  : BPS, Susenas  
<br />- Tahun 2002, Susenas Modul Konsumsi reguler
<br />- Tahun 2005, Susenas Panel (Februari)
<br />- Tahun 2006-2010, Susenas Panel (Maret)
<br />- Tahun 2011-2016, Susenas Modul Konsumsi (Maret dan September)
<br />- Angka Provinsi Papua Barat dan Papua sebelum tahun 2024 merupakan angka provinsi sebelum mengalami pemekaran Daerah Otonom Baru (DOB)",Kemiskinan dan Ketimpangan,38 Provinsi,7500,GORONTALO,190,Perdesaan,121,2021,62,Semester 2 (September),0.39,75009819012162
bps_webapi,0000,2026-08-19T02:01:19+00:00,2026-08-05 12:26:57,98,Gini Ratio Menurut Provinsi dan Daerah,,3,,"- Sumber  : BPS, Susenas  
<br />- Tahun 2002, Susenas Modul Konsumsi reguler
<br />- Tahun 2005, Susenas Panel (Februari)
<br />- Tahun 2006-2010, Susenas Panel (Maret)
<br />- Tahun 2011-2016, Susenas Modul Konsumsi (Maret dan September)
<br />- Angka Provinsi Papua Barat dan Papua sebelum tahun 2024 merupakan angka provinsi sebelum mengalami pemekaran Daerah Otonom Baru (DOB)",Kemiskinan dan Ketimpangan,38 Provinsi,7500,GORONTALO,191,Perkotaan+Perdesaan,121,2021,61,Semester 1 (Maret),0.408,75009819112161
bps_webapi,0000,2026-08-19T02:01:19+00:00,2026-08-05 12:26:57,98,Gini Ratio Menurut Provinsi dan Daerah,,3,,"- Sumber  : BPS, Susenas  
<br />- Tahun 2002, Susenas Modul Konsumsi reguler
<br />- Tahun 2005, Susenas Panel (Februari)
<br />- Tahun 2006-2010, Susenas Panel (Maret)
<br />- Tahun 2011-2016, Susenas Modul Konsumsi (Maret dan September)
<br />- Angka Provinsi Papua Barat dan Papua sebelum tahun 2024 merupakan angka provinsi sebelum mengalami pemekaran Daerah Otonom Baru (DOB)",Kemiskinan dan Ketimpangan,38 Provinsi,7500,GORONTALO,191,Perkotaan+Perdesaan,121,2021,62,Semester 2 (September),0.409,75009819112162
bps_webapi,0000,2026-08-19T02:01:19+00:00,2026-08-05 12:26:57,98,Gini Ratio Menurut Provinsi dan Daerah,,3,,"- Sumber  : BPS, Susenas  
<br />- Tahun 2002, Susenas Modul Konsumsi reguler
<br />- Tahun 2005, Susenas Panel (Februari)
<br />- Tahun 2006-2010, Susenas Panel (Maret)
<br />- Tahun 2011-2016, Susenas Modul Konsumsi (Maret dan September)
<br />- Angka Provinsi Papua Barat dan Papua sebelum tahun 2024 merupakan angka provinsi sebelum mengalami pemekaran Daerah Otonom Baru (DOB)",Kemiskinan dan Ketimpangan,38 Provinsi,7600,SULAWESI BARAT,189,Perkotaan,121,2021,61,Semester 1 (Maret),0.446,76009818912161
bps_webapi,0000,2026-08-19T02:01:19+00:00,2026-08-05 12:26:57,98,Gini Ratio Menurut Provinsi dan Daerah,,3,,"- Sumber  : BPS, Susenas  
<br />- Tahun 2002, Susenas Modul Konsumsi reguler
<br />- Tahun 2005, Susenas Panel (Februari)
<br />- Tahun 2006-2010, Susenas Panel (Maret)
<br />- Tahun 2011-2016, Susenas Modul Konsumsi (Maret dan September)
<br />- Angka Provinsi Papua Barat dan Papua sebelum tahun 2024 merupakan angka provinsi sebelum mengalami pemekaran Daerah Otonom Baru (DOB)",Kemiskinan dan Ketimpangan,38 Provinsi,7600,SULAWESI BARAT,189,Perkotaan,121,2021,62,Semester 2 (September),0.451,76009818912162
bps_webapi,0000,2026-08-19T02:01:19+00:00,2026-08-05 12:26:57,98,Gini Ratio Menurut Provinsi dan Daerah,,3,,"- Sumber  : BPS, Susenas  
<br />- Tahun 2002, Susenas Modul Konsumsi reguler
<br />- Tahun 2005, Susenas Panel (Februari)
<br />- Tahun 2006-2010, Susenas Panel (Maret)
<br />- Tahun 2011-2016, Susenas Modul Konsumsi (Maret dan September)
<br />- Angka Provinsi Papua Barat dan Papua sebelum tahun 2024 merupakan angka provinsi sebelum mengalami pemekaran Daerah Otonom Baru (DOB)",Kemiskinan dan Ketimpangan,38 Provinsi,7600,SULAWESI BARAT,190,Perdesaan,121,2021,61,Semester 1 (Maret),0.321,76009819012161
bps_webapi,0000,2026-08-19T02:01:19+00:00,2026-08-05 12:26:57,98,Gini Ratio Menurut Provinsi dan Daerah,,3,,"- Sumber  : BPS, Susenas  
<br />- Tahun 2002, Susenas Modul Konsumsi reguler
<br />- Tahun 2005, Susenas Panel (Februari)
<br />- Tahun 2006-2010, Susenas Panel (Maret)
<br />- Tahun 2011-2016, Susenas Modul Konsumsi (Maret dan September)
<br />- Angka Provinsi Papua Barat dan Papua sebelum tahun 2024 merupakan angka provinsi sebelum mengalami pemekaran Daerah Otonom Baru (DOB)",Kemiskinan dan Ketimpangan,38 Provinsi,7600,SULAWESI BARAT,190,Perdesaan,121,2021,62,Semester 2 (September),0.326,76009819012162
bps_webapi,0000,2026-08-19T02:01:19+00:00,2026-08-05 12:26:57,98,Gini Ratio Menurut Provinsi dan Daerah,,3,,"- Sumber  : BPS, Susenas  
<br />- Tahun 2002, Susenas Modul Konsumsi reguler
<br />- Tahun 2005, Susenas Panel (Februari)
<br />- Tahun 2006-2010, Susenas Panel (Maret)
<br />- Tahun 2011-2016, Susenas Modul Konsumsi (Maret dan September)
<br />- Angka Provinsi Papua Barat dan Papua sebelum tahun 2024 merupakan angka provinsi sebelum mengalami pemekaran Daerah Otonom Baru (DOB)",Kemiskinan dan Ketimpangan,38 Provinsi,7600,SULAWESI BARAT,191,Perkotaan+Perdesaan,121,2021,61,Semester 1 (Maret),0.356,76009819112161
bps_webapi,0000,2026-08-19T02:01:19+00:00,2026-08-05 12:26:57,98,Gini Ratio Menurut Provinsi dan Daerah,,3,,"- Sumber  : BPS, Susenas  
<br />- Tahun 2002, Susenas Modul Konsumsi reguler
<br />- Tahun 2005, Susenas Panel (Februari)
<br />- Tahun 2006-2010, Susenas Panel (Maret)
<br />- Tahun 2011-2016, Susenas Modul Konsumsi (Maret dan September)
<br />- Angka Provinsi Papua Barat dan Papua sebelum tahun 2024 merupakan angka provinsi sebelum mengalami pemekaran Daerah Otonom Baru (DOB)",Kemiskinan dan Ketimpangan,38 Provinsi,7600,SULAWESI BARAT,191,Perkotaan+Perdesaan,121,2021,62,Semester 2 (September),0.366,76009819112162
bps_webapi,0000,2026-08-19T02:01:19+00:00,2026-08-05 12:26:57,98,Gini Ratio Menurut Provinsi dan Daerah,,3,,"- Sumber  : BPS, Susenas  
<br />- Tahun 2002, Susenas Modul Konsumsi reguler
<br />- Tahun 2005, Susenas Panel (Februari)
<br />- Tahun 2006-2010, Susenas Panel (Maret)
<br />- Tahun 2011-2016, Susenas Modul Konsumsi (Maret dan September)
<br />- Angka Provinsi Papua Barat dan Papua sebelum tahun 2024 merupakan angka provinsi sebelum mengalami pemekaran Daerah Otonom Baru (DOB)",Kemiskinan dan Ketimpangan,38 Provinsi,8100,MALUKU,189,Perkotaan,121,2021,61,Semester 1 (Maret),0.301,81009818912161
bps_webapi,0000,2026-08-19T02:01:19+00:00,2026-08-05 12:26:57,98,Gini Ratio Menurut Provinsi dan Daerah,,3,,"- Sumber  : BPS, Susenas  
<br />- Tahun 2002, Susenas Modul Konsumsi reguler
<br />- Tahun 2005, Susenas Panel (Februari)
<br />- Tahun 2006-2010, Susenas Panel (Maret)
<br />- Tahun 2011-2016, Susenas Modul Konsumsi (Maret dan September)
<br />- Angka Provinsi Papua Barat dan Papua sebelum tahun 2024 merupakan angka provinsi sebelum mengalami pemekaran Daerah Otonom Baru (DOB)",Kemiskinan dan Ketimpangan,38 Provinsi,8100,MALUKU,189,Perkotaan,121,2021,62,Semester 2 (September),0.302,81009818912162
bps_webapi,0000,2026-08-19T02:01:19+00:00,2026-08-05 12:26:57,98,Gini Ratio Menurut Provinsi dan Daerah,,3,,"- Sumber  : BPS, Susenas  
<br />- Tahun 2002, Susenas Modul Konsumsi reguler
<br />- Tahun 2005, Susenas Panel (Februari)
<br />- Tahun 2006-2010, Susenas Panel (Maret)
<br />- Tahun 2011-2016, Susenas Modul Konsumsi (Maret dan September)
<br />- Angka Provinsi Papua Barat dan Papua sebelum tahun 2024 merupakan angka provinsi sebelum mengalami pemekaran Daerah Otonom Baru (DOB)",Kemiskinan dan Ketimpangan,38 Provinsi,8100,MALUKU,190,Perdesaan,121,2021,61,Semester 1 (Maret),0.258,81009819012161
bps_webapi,0000,2026-08-19T02:01:19+00:00,2026-08-05 12:26:57,98,Gini Ratio Menurut Provinsi dan Daerah,,3,,"- Sumber  : BPS, Susenas  
<br />- Tahun 2002, Susenas Modul Konsumsi reguler
<br />- Tahun 2005, Susenas Panel (Februari)
<br />- Tahun 2006-2010, Susenas Panel (Maret)
<br />- Tahun 2011-2016, Susenas Modul Konsumsi (Maret dan September)
<br />- Angka Provinsi Papua Barat dan Papua sebelum tahun 2024 merupakan angka provinsi sebelum mengalami pemekaran Daerah Otonom Baru (DOB)",Kemiskinan dan Ketimpangan,38 Provinsi,8100,MALUKU,190,Perdesaan,121,2021,62,Semester 2 (September),0.25,81009819012162
bps_webapi,0000,2026-08-19T02:01:19+00:00,2026-08-05 12:26:57,98,Gini Ratio Menurut Provinsi dan Daerah,,3,,"- Sumber  : BPS, Susenas  
<br />- Tahun 2002, Susenas Modul Konsumsi reguler
<br />- Tahun 2005, Susenas Panel (Februari)
<br />- Tahun 2006-2010, Susenas Panel (Maret)
<br />- Tahun 2011-2016, Susenas Modul Konsumsi (Maret dan September)
<br />- Angka Provinsi Papua Barat dan Papua sebelum tahun 2024 merupakan angka provinsi sebelum mengalami pemekaran Daerah Otonom Baru (DOB)",Kemiskinan dan Ketimpangan,38 Provinsi,8100,MALUKU,191,Perkotaan+Perdesaan,121,2021,61,Semester 1 (Maret),0.314,81009819112161
bps_webapi,0000,2026-08-19T02:01:19+00:00,2026-08-05 12:26:57,98,Gini Ratio Menurut Provinsi dan Daerah,,3,,"- Sumber  : BPS, Susenas  
<br />- Tahun 2002, Susenas Modul Konsumsi reguler
<br />- Tahun 2005, Susenas Panel (Februari)
<br />- Tahun 2006-2010, Susenas Panel (Maret)
<br />- Tahun 2011-2016, Susenas Modul Konsumsi (Maret dan September)
<br />- Angka Provinsi Papua Barat dan Papua sebelum tahun 2024 merupakan angka provinsi sebelum mengalami pemekaran Daerah Otonom Baru (DOB)",Kemiskinan dan Ketimpangan,38 Provinsi,8100,MALUKU,191,Perkotaan+Perdesaan,121,2021,62,Semester 2 (September),0.316,81009819112162
bps_webapi,0000,2026-08-19T02:01:19+00:00,2026-08-05 12:26:57,98,Gini Ratio Menurut Provinsi dan Daerah,,3,,"- Sumber  : BPS, Susenas  
<br />- Tahun 2002, Susenas Modul Konsumsi reguler
<br />- Tahun 2005, Susenas Panel (Februari)
<br />- Tahun 2006-2010, Susenas Panel (Maret)
<br />- Tahun 2011-2016, Susenas Modul Konsumsi (Maret dan September)
<br />- Angka Provinsi Papua Barat dan Papua sebelum tahun 2024 merupakan angka provinsi sebelum mengalami pemekaran Daerah Otonom Baru (DOB)",Kemiskinan dan Ketimpangan,38 Provinsi,8200,MALUKU UTARA,189,Perkotaan,121,2021,61,Semester 1 (Maret),0.298,82009818912161
bps_webapi,0000,2026-08-19T02:01:19+00:00,2026-08-05 12:26:57,98,Gini Ratio Menurut Provinsi dan Daerah,,3,,"- Sumber  : BPS, Susenas  
<br />- Tahun 2002, Susenas Modul Konsumsi reguler
<br />- Tahun 2005, Susenas Panel (Februari)
<br />- Tahun 2006-2010, Susenas Panel (Maret)
<br />- Tahun 2011-2016, Susenas Modul Konsumsi (Maret dan September)
<br />- Angka Provinsi Papua Barat dan Papua sebelum tahun 2024 merupakan angka provinsi sebelum mengalami pemekaran Daerah Otonom Baru (DOB)",Kemiskinan dan Ketimpangan,38 Provinsi,8200,MALUKU UTARA,189,Perkotaan,121,2021,62,Semester 2 (September),0.295,82009818912162
bps_webapi,0000,2026-08-19T02:01:19+00:00,2026-08-05 12:26:57,98,Gini Ratio Menurut Provinsi dan Daerah,,3,,"- Sumber  : BPS, Susenas  
<br />- Tahun 2002, Susenas Modul Konsumsi reguler
<br />- Tahun 2005, Susenas Panel (Februari)
<br />- Tahun 2006-2010, Susenas Panel (Maret)
<br />- Tahun 2011-2016, Susenas Modul Konsumsi (Maret dan September)
<br />- Angka Provinsi Papua Barat dan Papua sebelum tahun 2024 merupakan angka provinsi sebelum mengalami pemekaran Daerah Otonom Baru (DOB)",Kemiskinan dan Ketimpangan,38 Provinsi,8200,MALUKU UTARA,190,Perdesaan,121,2021,61,Semester 1 (Maret),0.265,82009819012161
bps_webapi,0000,2026-08-19T02:01:19+00:00,2026-08-05 12:26:57,98,Gini Ratio Menurut Provinsi dan Daerah,,3,,"- Sumber  : BPS, Susenas  
<br />- Tahun 2002, Susenas Modul Konsumsi reguler
<br />- Tahun 2005, Susenas Panel (Februari)
<br />- Tahun 2006-2010, Susenas Panel (Maret)
<br />- Tahun 2011-2016, Susenas Modul Konsumsi (Maret dan September)
<br />- Angka Provinsi Papua Barat dan Papua sebelum tahun 2024 merupakan angka provinsi sebelum mengalami pemekaran Daerah Otonom Baru (DOB)",Kemiskinan dan Ketimpangan,38 Provinsi,8200,MALUKU UTARA,190,Perdesaan,121,2021,62,Semester 2 (September),0.256,82009819012162
bps_webapi,0000,2026-08-19T02:01:19+00:00,2026-08-05 12:26:57,98,Gini Ratio Menurut Provinsi dan Daerah,,3,,"- Sumber  : BPS, Susenas  
<br />- Tahun 2002, Susenas Modul Konsumsi reguler
<br />- Tahun 2005, Susenas Panel (Februari)
<br />- Tahun 2006-2010, Susenas Panel (Maret)
<br />- Tahun 2011-2016, Susenas Modul Konsumsi (Maret dan September)
<br />- Angka Provinsi Papua Barat dan Papua sebelum tahun 2024 merupakan angka provinsi sebelum mengalami pemekaran Daerah Otonom Baru (DOB)",Kemiskinan dan Ketimpangan,38 Provinsi,8200,MALUKU UTARA,191,Perkotaan+Perdesaan,121,2021,61,Semester 1 (Maret),0.3,82009819112161
bps_webapi,0000,2026-08-19T02:01:19+00:00,2026-08-05 12:26:57,98,Gini Ratio Menurut Provinsi dan Daerah,,3,,"- Sumber  : BPS, Susenas  
<br />- Tahun 2002, Susenas Modul Konsumsi reguler
<br />- Tahun 2005, Susenas Panel (Februari)
<br />- Tahun 2006-2010, Susenas Panel (Maret)
<br />- Tahun 2011-2016, Susenas Modul Konsumsi (Maret dan September)
<br />- Angka Provinsi Papua Barat dan Papua sebelum tahun 2024 merupakan angka provinsi sebelum mengalami pemekaran Daerah Otonom Baru (DOB)",Kemiskinan dan Ketimpangan,38 Provinsi,8200,MALUKU UTARA,191,Perkotaan+Perdesaan,121,2021,62,Semester 2 (September),0.278,82009819112162
bps_webapi,0000,2026-08-19T02:01:19+00:00,2026-08-05 12:26:57,98,Gini Ratio Menurut Provinsi dan Daerah,,3,,"- Sumber  : BPS, Susenas  
<br />- Tahun 2002, Susenas Modul Konsumsi reguler
<br />- Tahun 2005, Susenas Panel (Februari)
<br />- Tahun 2006-2010, Susenas Panel (Maret)
<br />- Tahun 2011-2016, Susenas Modul Konsumsi (Maret dan September)
<br />- Angka Provinsi Papua Barat dan Papua sebelum tahun 2024 merupakan angka provinsi sebelum mengalami pemekaran Daerah Otonom Baru (DOB)",Kemiskinan dan Ketimpangan,38 Provinsi,9100,PAPUA BARAT,189,Perkotaan,121,2021,61,Semester 1 (Maret),0.322,91009818912161
bps_webapi,0000,2026-08-19T02:01:19+00:00,2026-08-05 12:26:57,98,Gini Ratio Menurut Provinsi dan Daerah,,3,,"- Sumber  : BPS, Susenas  
<br />- Tahun 2002, Susenas Modul Konsumsi reguler
<br />- Tahun 2005, Susenas Panel (Februari)
<br />- Tahun 2006-2010, Susenas Panel (Maret)
<br />- Tahun 2011-2016, Susenas Modul Konsumsi (Maret dan September)
<br />- Angka Provinsi Papua Barat dan Papua sebelum tahun 2024 merupakan angka provinsi sebelum mengalami pemekaran Daerah Otonom Baru (DOB)",Kemiskinan dan Ketimpangan,38 Provinsi,9100,PAPUA BARAT,189,Perkotaan,121,2021,62,Semester 2 (September),0.313,91009818912162
bps_webapi,0000,2026-08-19T02:01:19+00:00,2026-08-05 12:26:57,98,Gini Ratio Menurut Provinsi dan Daerah,,3,,"- Sumber  : BPS, Susenas  
<br />- Tahun 2002, Susenas Modul Konsumsi reguler
<br />- Tahun 2005, Susenas Panel (Februari)
<br />- Tahun 2006-2010, Susenas Panel (Maret)
<br />- Tahun 2011-2016, Susenas Modul Konsumsi (Maret dan September)
<br />- Angka Provinsi Papua Barat dan Papua sebelum tahun 2024 merupakan angka provinsi sebelum mengalami pemekaran Daerah Otonom Baru (DOB)",Kemiskinan dan Ketimpangan,38 Provinsi,9100,PAPUA BARAT,190,Perdesaan,121,2021,61,Semester 1 (Maret),0.407,91009819012161
bps_webapi,0000,2026-08-19T02:01:19+00:00,2026-08-05 12:26:57,98,Gini Ratio Menurut Provinsi dan Daerah,,3,,"- Sumber  : BPS, Susenas  
<br />- Tahun 2002, Susenas Modul Konsumsi reguler
<br />- Tahun 2005, Susenas Panel (Februari)
<br />- Tahun 2006-2010, Susenas Panel (Maret)
<br />- Tahun 2011-2016, Susenas Modul Konsumsi (Maret dan September)
<br />- Angka Provinsi Papua Barat dan Papua sebelum tahun 2024 merupakan angka provinsi sebelum mengalami pemekaran Daerah Otonom Baru (DOB)",Kemiskinan dan Ketimpangan,38 Provinsi,9100,PAPUA BARAT,190,Perdesaan,121,2021,62,Semester 2 (September),0.399,91009819012162
bps_webapi,0000,2026-08-19T02:01:19+00:00,2026-08-05 12:26:57,98,Gini Ratio Menurut Provinsi dan Daerah,,3,,"- Sumber  : BPS, Susenas  
<br />- Tahun 2002, Susenas Modul Konsumsi reguler
<br />- Tahun 2005, Susenas Panel (Februari)
<br />- Tahun 2006-2010, Susenas Panel (Maret)
<br />- Tahun 2011-2016, Susenas Modul Konsumsi (Maret dan September)
<br />- Angka Provinsi Papua Barat dan Papua sebelum tahun 2024 merupakan angka provinsi sebelum mengalami pemekaran Daerah Otonom Baru (DOB)",Kemiskinan dan Ketimpangan,38 Provinsi,9100,PAPUA BARAT,191,Perkotaan+Perdesaan,121,2021,61,Semester 1 (Maret),0.38,91009819112161
bps_webapi,0000,2026-08-19T02:01:19+00:00,2026-08-05 12:26:57,98,Gini Ratio Menurut Provinsi dan Daerah,,3,,"- Sumber  : BPS, Susenas  
<br />- Tahun 2002, Susenas Modul Konsumsi reguler
<br />- Tahun 2005, Susenas Panel (Februari)
<br />- Tahun 2006-2010, Susenas Panel (Maret)
<br />- Tahun 2011-2016, Susenas Modul Konsumsi (Maret dan September)
<br />- Angka Provinsi Papua Barat dan Papua sebelum tahun 2024 merupakan angka provinsi sebelum mengalami pemekaran Daerah Otonom Baru (DOB)",Kemiskinan dan Ketimpangan,38 Provinsi,9100,PAPUA BARAT,191,Perkotaan+Perdesaan,121,2021,62,Semester 2 (September),0.374,91009819112162
bps_webapi,0000,2026-08-19T02:01:19+00:00,2026-08-05 12:26:57,98,Gini Ratio Menurut Provinsi dan Daerah,,3,,"- Sumber  : BPS, Susenas  
<br />- Tahun 2002, Susenas Modul Konsumsi reguler
<br />- Tahun 2005, Susenas Panel (Februari)
<br />- Tahun 2006-2010, Susenas Panel (Maret)
<br />- Tahun 2011-2016, Susenas Modul Konsumsi (Maret dan September)
<br />- Angka Provinsi Papua Barat dan Papua sebelum tahun 2024 merupakan angka provinsi sebelum mengalami pemekaran Daerah Otonom Baru (DOB)",Kemiskinan dan Ketimpangan,38 Provinsi,9400,PAPUA,189,Perkotaan,121,2021,61,Semester 1 (Maret),0.301,94009818912161
bps_webapi,0000,2026-08-19T02:01:19+00:00,2026-08-05 12:26:57,98,Gini Ratio Menurut Provinsi dan Daerah,,3,,"- Sumber  : BPS, Susenas  
<br />- Tahun 2002, Susenas Modul Konsumsi reguler
<br />- Tahun 2005, Susenas Panel (Februari)
<br />- Tahun 2006-2010, Susenas Panel (Maret)
<br />- Tahun 2011-2016, Susenas Modul Konsumsi (Maret dan September)
<br />- Angka Provinsi Papua Barat dan Papua sebelum tahun 2024 merupakan angka provinsi sebelum mengalami pemekaran Daerah Otonom Baru (DOB)",Kemiskinan dan Ketimpangan,38 Provinsi,9400,PAPUA,189,Perkotaan,121,2021,62,Semester 2 (September),0.307,94009818912162
bps_webapi,0000,2026-08-19T02:01:19+00:00,2026-08-05 12:26:57,98,Gini Ratio Menurut Provinsi dan Daerah,,3,,"- Sumber  : BPS, Susenas  
<br />- Tahun 2002, Susenas Modul Konsumsi reguler
<br />- Tahun 2005, Susenas Panel (Februari)
<br />- Tahun 2006-2010, Susenas Panel (Maret)
<br />- Tahun 2011-2016, Susenas Modul Konsumsi (Maret dan September)
<br />- Angka Provinsi Papua Barat dan Papua sebelum tahun 2024 merupakan angka provinsi sebelum mengalami pemekaran Daerah Otonom Baru (DOB)",Kemiskinan dan Ketimpangan,38 Provinsi,9400,PAPUA,190,Perdesaan,121,2021,61,Semester 1 (Maret),0.422,94009819012161
bps_webapi,0000,2026-08-19T02:01:19+00:00,2026-08-05 12:26:57,98,Gini Ratio Menurut Provinsi dan Daerah,,3,,"- Sumber  : BPS, Susenas  
<br />- Tahun 2002, Susenas Modul Konsumsi reguler
<br />- Tahun 2005, Susenas Panel (Februari)
<br />- Tahun 2006-2010, Susenas Panel (Maret)
<br />- Tahun 2011-2016, Susenas Modul Konsumsi (Maret dan September)
<br />- Angka Provinsi Papua Barat dan Papua sebelum tahun 2024 merupakan angka provinsi sebelum mengalami pemekaran Daerah Otonom Baru (DOB)",Kemiskinan dan Ketimpangan,38 Provinsi,9400,PAPUA,190,Perdesaan,121,2021,62,Semester 2 (September),0.419,94009819012162
bps_webapi,0000,2026-08-19T02:01:19+00:00,2026-08-05 12:26:57,98,Gini Ratio Menurut Provinsi dan Daerah,,3,,"- Sumber  : BPS, Susenas  
<br />- Tahun 2002, Susenas Modul Konsumsi reguler
<br />- Tahun 2005, Susenas Panel (Februari)
<br />- Tahun 2006-2010, Susenas Panel (Maret)
<br />- Tahun 2011-2016, Susenas Modul Konsumsi (Maret dan September)
<br />- Angka Provinsi Papua Barat dan Papua sebelum tahun 2024 merupakan angka provinsi sebelum mengalami pemekaran Daerah Otonom Baru (DOB)",Kemiskinan dan Ketimpangan,38 Provinsi,9400,PAPUA,191,Perkotaan+Perdesaan,121,2021,61,Semester 1 (Maret),0.397,94009819112161
bps_webapi,0000,2026-08-19T02:01:19+00:00,2026-08-05 12:26:57,98,Gini Ratio Menurut Provinsi dan Daerah,,3,,"- Sumber  : BPS, Susenas  
<br />- Tahun 2002, Susenas Modul Konsumsi reguler
<br />- Tahun 2005, Susenas Panel (Februari)
<br />- Tahun 2006-2010, Susenas Panel (Maret)
<br />- Tahun 2011-2016, Susenas Modul Konsumsi (Maret dan September)
<br />- Angka Provinsi Papua Barat dan Papua sebelum tahun 2024 merupakan angka provinsi sebelum mengalami pemekaran Daerah Otonom Baru (DOB)",Kemiskinan dan Ketimpangan,38 Provinsi,9400,PAPUA,191,Perkotaan+Perdesaan,121,2021,62,Semester 2 (September),0.396,94009819112162
bps_webapi,0000,2026-08-19T02:01:19+00:00,2026-08-05 12:26:57,98,Gini Ratio Menurut Provinsi dan Daerah,,3,,"- Sumber  : BPS, Susenas  
<br />- Tahun 2002, Susenas Modul Konsumsi reguler
<br />- Tahun 2005, Susenas Panel (Februari)
<br />- Tahun 2006-2010, Susenas Panel (Maret)
<br />- Tahun 2011-2016, Susenas Modul Konsumsi (Maret dan September)
<br />- Angka Provinsi Papua Barat dan Papua sebelum tahun 2024 merupakan angka provinsi sebelum mengalami pemekaran Daerah Otonom Baru (DOB)",Kemiskinan dan Ketimpangan,38 Provinsi,9999,INDONESIA,189,Perkotaan,121,2021,61,Semester 1 (Maret),0.401,99999818912161
bps_webapi,0000,2026-08-19T02:01:19+00:00,2026-08-05 12:26:57,98,Gini Ratio Menurut Provinsi dan Daerah,,3,,"- Sumber  : BPS, Susenas  
<br />- Tahun 2002, Susenas Modul Konsumsi reguler
<br />- Tahun 2005, Susenas Panel (Februari)
<br />- Tahun 2006-2010, Susenas Panel (Maret)
<br />- Tahun 2011-2016, Susenas Modul Konsumsi (Maret dan September)
<br />- Angka Provinsi Papua Barat dan Papua sebelum tahun 2024 merupakan angka provinsi sebelum mengalami pemekaran Daerah Otonom Baru (DOB)",Kemiskinan dan Ketimpangan,38 Provinsi,9999,INDONESIA,189,Perkotaan,121,2021,62,Semester 2 (September),0.398,99999818912162
bps_webapi,0000,2026-08-19T02:01:19+00:00,2026-08-05 12:26:57,98,Gini Ratio Menurut Provinsi dan Daerah,,3,,"- Sumber  : BPS, Susenas  
<br />- Tahun 2002, Susenas Modul Konsumsi reguler
<br />- Tahun 2005, Susenas Panel (Februari)
<br />- Tahun 2006-2010, Susenas Panel (Maret)
<br />- Tahun 2011-2016, Susenas Modul Konsumsi (Maret dan September)
<br />- Angka Provinsi Papua Barat dan Papua sebelum tahun 2024 merupakan angka provinsi sebelum mengalami pemekaran Daerah Otonom Baru (DOB)",Kemiskinan dan Ketimpangan,38 Provinsi,9999,INDONESIA,190,Perdesaan,121,2021,61,Semester 1 (Maret),0.315,99999819012161
bps_webapi,0000,2026-08-19T02:01:19+00:00,2026-08-05 12:26:57,98,Gini Ratio Menurut Provinsi dan Daerah,,3,,"- Sumber  : BPS, Susenas  
<br />- Tahun 2002, Susenas Modul Konsumsi reguler
<br />- Tahun 2005, Susenas Panel (Februari)
<br />- Tahun 2006-2010, Susenas Panel (Maret)
<br />- Tahun 2011-2016, Susenas Modul Konsumsi (Maret dan September)
<br />- Angka Provinsi Papua Barat dan Papua sebelum tahun 2024 merupakan angka provinsi sebelum mengalami pemekaran Daerah Otonom Baru (DOB)",Kemiskinan dan Ketimpangan,38 Provinsi,9999,INDONESIA,190,Perdesaan,121,2021,62,Semester 2 (September),0.314,99999819012162
bps_webapi,0000,2026-08-19T02:01:19+00:00,2026-08-05 12:26:57,98,Gini Ratio Menurut Provinsi dan Daerah,,3,,"- Sumber  : BPS, Susenas  
<br />- Tahun 2002, Susenas Modul Konsumsi reguler
<br />- Tahun 2005, Susenas Panel (Februari)
<br />- Tahun 2006-2010, Susenas Panel (Maret)
<br />- Tahun 2011-2016, Susenas Modul Konsumsi (Maret dan September)
<br />- Angka Provinsi Papua Barat dan Papua sebelum tahun 2024 merupakan angka provinsi sebelum mengalami pemekaran Daerah Otonom Baru (DOB)",Kemiskinan dan Ketimpangan,38 Provinsi,9999,INDONESIA,191,Perkotaan+Perdesaan,121,2021,61,Semester 1 (Maret),0.384,99999819112161
bps_webapi,0000,2026-08-19T02:01:19+00:00,2026-08-05 12:26:57,98,Gini Ratio Menurut Provinsi dan Daerah,,3,,"- Sumber  : BPS, Susenas  
<br />- Tahun 2002, Susenas Modul Konsumsi reguler
<br />- Tahun 2005, Susenas Panel (Februari)
<br />- Tahun 2006-2010, Susenas Panel (Maret)
<br />- Tahun 2011-2016, Susenas Modul Konsumsi (Maret dan September)
<br />- Angka Provinsi Papua Barat dan Papua sebelum tahun 2024 merupakan angka provinsi sebelum mengalami pemekaran Daerah Otonom Baru (DOB)",Kemiskinan dan Ketimpangan,38 Provinsi,9999,INDONESIA,191,Perkotaan+Perdesaan,121,2021,62,Semester 2 (September),0.381,99999819112162
bps_webapi,0000,2026-08-19T02:01:19+00:00,2026-08-05 12:26:57,98,Gini Ratio Menurut Provinsi dan Daerah,,3,,"- Sumber  : BPS, Susenas  
<br />- Tahun 2002, Susenas Modul Konsumsi reguler
<br />- Tahun 2005, Susenas Panel (Februari)
<br />- Tahun 2006-2010, Susenas Panel (Maret)
<br />- Tahun 2011-2016, Susenas Modul Konsumsi (Maret dan September)
<br />- Angka Provinsi Papua Barat dan Papua sebelum tahun 2024 merupakan angka provinsi sebelum mengalami pemekaran Daerah Otonom Baru (DOB)",Kemiskinan dan Ketimpangan,38 Provinsi,1100,ACEH,189,Perkotaan,122,2022,61,Semester 1 (Maret),0.348,11009818912261
bps_webapi,0000,2026-08-19T02:01:19+00:00,2026-08-05 12:26:57,98,Gini Ratio Menurut Provinsi dan Daerah,,3,,"- Sumber  : BPS, Susenas  
<br />- Tahun 2002, Susenas Modul Konsumsi reguler
<br />- Tahun 2005, Susenas Panel (Februari)
<br />- Tahun 2006-2010, Susenas Panel (Maret)
<br />- Tahun 2011-2016, Susenas Modul Konsumsi (Maret dan September)
<br />- Angka Provinsi Papua Barat dan Papua sebelum tahun 2024 merupakan angka provinsi sebelum mengalami pemekaran Daerah Otonom Baru (DOB)",Kemiskinan dan Ketimpangan,38 Provinsi,1100,ACEH,189,Perkotaan,122,2022,62,Semester 2 (September),0.327,11009818912262
bps_webapi,0000,2026-08-19T02:01:19+00:00,2026-08-05 12:26:57,98,Gini Ratio Menurut Provinsi dan Daerah,,3,,"- Sumber  : BPS, Susenas  
<br />- Tahun 2002, Susenas Modul Konsumsi reguler
<br />- Tahun 2005, Susenas Panel (Februari)
<br />- Tahun 2006-2010, Susenas Panel (Maret)
<br />- Tahun 2011-2016, Susenas Modul Konsumsi (Maret dan September)
<br />- Angka Provinsi Papua Barat dan Papua sebelum tahun 2024 merupakan angka provinsi sebelum mengalami pemekaran Daerah Otonom Baru (DOB)",Kemiskinan dan Ketimpangan,38 Provinsi,1100,ACEH,190,Perdesaan,122,2022,61,Semester 1 (Maret),0.272,11009819012261
bps_webapi,0000,2026-08-19T02:01:19+00:00,2026-08-05 12:26:57,98,Gini Ratio Menurut Provinsi dan Daerah,,3,,"- Sumber  : BPS, Susenas  
<br />- Tahun 2002, Susenas Modul Konsumsi reguler
<br />- Tahun 2005, Susenas Panel (Februari)
<br />- Tahun 2006-2010, Susenas Panel (Maret)
<br />- Tahun 2011-2016, Susenas Modul Konsumsi (Maret dan September)
<br />- Angka Provinsi Papua Barat dan Papua sebelum tahun 2024 merupakan angka provinsi sebelum mengalami pemekaran Daerah Otonom Baru (DOB)",Kemiskinan dan Ketimpangan,38 Provinsi,1100,ACEH,190,Perdesaan,122,2022,62,Semester 2 (September),0.252,11009819012262
bps_webapi,0000,2026-08-19T02:01:19+00:00,2026-08-05 12:26:57,98,Gini Ratio Menurut Provinsi dan Daerah,,3,,"- Sumber  : BPS, Susenas  
<br />- Tahun 2002, Susenas Modul Konsumsi reguler
<br />- Tahun 2005, Susenas Panel (Februari)
<br />- Tahun 2006-2010, Susenas Panel (Maret)
<br />- Tahun 2011-2016, Susenas Modul Konsumsi (Maret dan September)
<br />- Angka Provinsi Papua Barat dan Papua sebelum tahun 2024 merupakan angka provinsi sebelum mengalami pemekaran Daerah Otonom Baru (DOB)",Kemiskinan dan Ketimpangan,38 Provinsi,1100,ACEH,191,Perkotaan+Perdesaan,122,2022,61,Semester 1 (Maret),0.311,11009819112261
bps_webapi,0000,2026-08-19T02:01:19+00:00,2026-08-05 12:26:57,98,Gini Ratio Menurut Provinsi dan Daerah,,3,,"- Sumber  : BPS, Susenas  
<br />- Tahun 2002, Susenas Modul Konsumsi reguler
<br />- Tahun 2005, Susenas Panel (Februari)
<br />- Tahun 2006-2010, Susenas Panel (Maret)
<br />- Tahun 2011-2016, Susenas Modul Konsumsi (Maret dan September)
<br />- Angka Provinsi Papua Barat dan Papua sebelum tahun 2024 merupakan angka provinsi sebelum mengalami pemekaran Daerah Otonom Baru (DOB)",Kemiskinan dan Ketimpangan,38 Provinsi,1100,ACEH,191,Perkotaan+Perdesaan,122,2022,62,Semester 2 (September),0.291,11009819112262
bps_webapi,0000,2026-08-19T02:01:19+00:00,2026-08-05 12:26:57,98,Gini Ratio Menurut Provinsi dan Daerah,,3,,"- Sumber  : BPS, Susenas  
<br />- Tahun 2002, Susenas Modul Konsumsi reguler
<br />- Tahun 2005, Susenas Panel (Februari)
<br />- Tahun 2006-2010, Susenas Panel (Maret)
<br />- Tahun 2011-2016, Susenas Modul Konsumsi (Maret dan September)
<br />- Angka Provinsi Papua Barat dan Papua sebelum tahun 2024 merupakan angka provinsi sebelum mengalami pemekaran Daerah Otonom Baru (DOB)",Kemiskinan dan Ketimpangan,38 Provinsi,1200,SUMATERA UTARA,189,Perkotaan,122,2022,61,Semester 1 (Maret),0.343,12009818912261
bps_webapi,0000,2026-08-19T02:01:19+00:00,2026-08-05 12:26:57,98,Gini Ratio Menurut Provinsi dan Daerah,,3,,"- Sumber  : BPS, Susenas  
<br />- Tahun 2002, Susenas Modul Konsumsi reguler
<br />- Tahun 2005, Susenas Panel (Februari)
<br />- Tahun 2006-2010, Susenas Panel (Maret)
<br />- Tahun 2011-2016, Susenas Modul Konsumsi (Maret dan September)
<br />- Angka Provinsi Papua Barat dan Papua sebelum tahun 2024 merupakan angka provinsi sebelum mengalami pemekaran Daerah Otonom Baru (DOB)",Kemiskinan dan Ketimpangan,38 Provinsi,1200,SUMATERA UTARA,189,Perkotaan,122,2022,62,Semester 2 (September),0.358,12009818912262
bps_webapi,0000,2026-08-19T02:01:19+00:00,2026-08-05 12:26:57,98,Gini Ratio Menurut Provinsi dan Daerah,,3,,"- Sumber  : BPS, Susenas  
<br />- Tahun 2002, Susenas Modul Konsumsi reguler
<br />- Tahun 2005, Susenas Panel (Februari)
<br />- Tahun 2006-2010, Susenas Panel (Maret)
<br />- Tahun 2011-2016, Susenas Modul Konsumsi (Maret dan September)
<br />- Angka Provinsi Papua Barat dan Papua sebelum tahun 2024 merupakan angka provinsi sebelum mengalami pemekaran Daerah Otonom Baru (DOB)",Kemiskinan dan Ketimpangan,38 Provinsi,1200,SUMATERA UTARA,190,Perdesaan,122,2022,61,Semester 1 (Maret),0.249,12009819012261
bps_webapi,0000,2026-08-19T02:01:19+00:00,2026-08-05 12:26:57,98,Gini Ratio Menurut Provinsi dan Daerah,,3,,"- Sumber  : BPS, Susenas  
<br />- Tahun 2002, Susenas Modul Konsumsi reguler
<br />- Tahun 2005, Susenas Panel (Februari)
<br />- Tahun 2006-2010, Susenas Panel (Maret)
<br />- Tahun 2011-2016, Susenas Modul Konsumsi (Maret dan September)
<br />- Angka Provinsi Papua Barat dan Papua sebelum tahun 2024 merupakan angka provinsi sebelum mengalami pemekaran Daerah Otonom Baru (DOB)",Kemiskinan dan Ketimpangan,38 Provinsi,1200,SUMATERA UTARA,190,Perdesaan,122,2022,62,Semester 2 (September),0.259,12009819012262
bps_webapi,0000,2026-08-19T02:01:19+00:00,2026-08-05 12:26:57,98,Gini Ratio Menurut Provinsi dan Daerah,,3,,"- Sumber  : BPS, Susenas  
<br />- Tahun 2002, Susenas Modul Konsumsi reguler
<br />- Tahun 2005, Susenas Panel (Februari)
<br />- Tahun 2006-2010, Susenas Panel (Maret)
<br />- Tahun 2011-2016, Susenas Modul Konsumsi (Maret dan September)
<br />- Angka Provinsi Papua Barat dan Papua sebelum tahun 2024 merupakan angka provinsi sebelum mengalami pemekaran Daerah Otonom Baru (DOB)",Kemiskinan dan Ketimpangan,38 Provinsi,1200,SUMATERA UTARA,191,Perkotaan+Perdesaan,122,2022,61,Semester 1 (Maret),0.312,12009819112261
bps_webapi,0000,2026-08-19T02:01:19+00:00,2026-08-05 12:26:57,98,Gini Ratio Menurut Provinsi dan Daerah,,3,,"- Sumber  : BPS, Susenas  
<br />- Tahun 2002, Susenas Modul Konsumsi reguler
<br />- Tahun 2005, Susenas Panel (Februari)
<br />- Tahun 2006-2010, Susenas Panel (Maret)
<br />- Tahun 2011-2016, Susenas Modul Konsumsi (Maret dan September)
<br />- Angka Provinsi Papua Barat dan Papua sebelum tahun 2024 merupakan angka provinsi sebelum mengalami pemekaran Daerah Otonom Baru (DOB)",Kemiskinan dan Ketimpangan,38 Provinsi,1200,SUMATERA UTARA,191,Perkotaan+Perdesaan,122,2022,62,Semester 2 (September),0.326,12009819112262
bps_webapi,0000,2026-08-19T02:01:19+00:00,2026-08-05 12:26:57,98,Gini Ratio Menurut Provinsi dan Daerah,,3,,"- Sumber  : BPS, Susenas  
<br />- Tahun 2002, Susenas Modul Konsumsi reguler
<br />- Tahun 2005, Susenas Panel (Februari)
<br />- Tahun 2006-2010, Susenas Panel (Maret)
<br />- Tahun 2011-2016, Susenas Modul Konsumsi (Maret dan September)
<br />- Angka Provinsi Papua Barat dan Papua sebelum tahun 2024 merupakan angka provinsi sebelum mengalami pemekaran Daerah Otonom Baru (DOB)",Kemiskinan dan Ketimpangan,38 Provinsi,1300,SUMATERA BARAT,189,Perkotaan,122,2022,61,Semester 1 (Maret),0.329,13009818912261
bps_webapi,0000,2026-08-19T02:01:19+00:00,2026-08-05 12:26:57,98,Gini Ratio Menurut Provinsi dan Daerah,,3,,"- Sumber  : BPS, Susenas  
<br />- Tahun 2002, Susenas Modul Konsumsi reguler
<br />- Tahun 2005, Susenas Panel (Februari)
<br />- Tahun 2006-2010, Susenas Panel (Maret)
<br />- Tahun 2011-2016, Susenas Modul Konsumsi (Maret dan September)
<br />- Angka Provinsi Papua Barat dan Papua sebelum tahun 2024 merupakan angka provinsi sebelum mengalami pemekaran Daerah Otonom Baru (DOB)",Kemiskinan dan Ketimpangan,38 Provinsi,1300,SUMATERA BARAT,189,Perkotaan,122,2022,62,Semester 2 (September),0.316,13009818912262
bps_webapi,0000,2026-08-19T02:01:19+00:00,2026-08-05 12:26:57,98,Gini Ratio Menurut Provinsi dan Daerah,,3,,"- Sumber  : BPS, Susenas  
<br />- Tahun 2002, Susenas Modul Konsumsi reguler
<br />- Tahun 2005, Susenas Panel (Februari)
<br />- Tahun 2006-2010, Susenas Panel (Maret)
<br />- Tahun 2011-2016, Susenas Modul Konsumsi (Maret dan September)
<br />- Angka Provinsi Papua Barat dan Papua sebelum tahun 2024 merupakan angka provinsi sebelum mengalami pemekaran Daerah Otonom Baru (DOB)",Kemiskinan dan Ketimpangan,38 Provinsi,1300,SUMATERA BARAT,190,Perdesaan,122,2022,61,Semester 1 (Maret),0.247,13009819012261
bps_webapi,0000,2026-08-19T02:01:19+00:00,2026-08-05 12:26:57,98,Gini Ratio Menurut Provinsi dan Daerah,,3,,"- Sumber  : BPS, Susenas  
<br />- Tahun 2002, Susenas Modul Konsumsi reguler
<br />- Tahun 2005, Susenas Panel (Februari)
<br />- Tahun 2006-2010, Susenas Panel (Maret)
<br />- Tahun 2011-2016, Susenas Modul Konsumsi (Maret dan September)
<br />- Angka Provinsi Papua Barat dan Papua sebelum tahun 2024 merupakan angka provinsi sebelum mengalami pemekaran Daerah Otonom Baru (DOB)",Kemiskinan dan Ketimpangan,38 Provinsi,1300,SUMATERA BARAT,190,Perdesaan,122,2022,62,Semester 2 (September),0.243,13009819012262
bps_webapi,0000,2026-08-19T02:01:19+00:00,2026-08-05 12:26:57,98,Gini Ratio Menurut Provinsi dan Daerah,,3,,"- Sumber  : BPS, Susenas  
<br />- Tahun 2002, Susenas Modul Konsumsi reguler
<br />- Tahun 2005, Susenas Panel (Februari)
<br />- Tahun 2006-2010, Susenas Panel (Maret)
<br />- Tahun 2011-2016, Susenas Modul Konsumsi (Maret dan September)
<br />- Angka Provinsi Papua Barat dan Papua sebelum tahun 2024 merupakan angka provinsi sebelum mengalami pemekaran Daerah Otonom Baru (DOB)",Kemiskinan dan Ketimpangan,38 Provinsi,1300,SUMATERA BARAT,191,Perkotaan+Perdesaan,122,2022,61,Semester 1 (Maret),0.3,13009819112261
bps_webapi,0000,2026-08-19T02:01:19+00:00,2026-08-05 12:26:57,98,Gini Ratio Menurut Provinsi dan Daerah,,3,,"- Sumber  : BPS, Susenas  
<br />- Tahun 2002, Susenas Modul Konsumsi reguler
<br />- Tahun 2005, Susenas Panel (Februari)
<br />- Tahun 2006-2010, Susenas Panel (Maret)
<br />- Tahun 2011-2016, Susenas Modul Konsumsi (Maret dan September)
<br />- Angka Provinsi Papua Barat dan Papua sebelum tahun 2024 merupakan angka provinsi sebelum mengalami pemekaran Daerah Otonom Baru (DOB)",Kemiskinan dan Ketimpangan,38 Provinsi,1300,SUMATERA BARAT,191,Perkotaan+Perdesaan,122,2022,62,Semester 2 (September),0.292,13009819112262
bps_webapi,0000,2026-08-19T02:01:19+00:00,2026-08-05 12:26:57,98,Gini Ratio Menurut Provinsi dan Daerah,,3,,"- Sumber  : BPS, Susenas  
<br />- Tahun 2002, Susenas Modul Konsumsi reguler
<br />- Tahun 2005, Susenas Panel (Februari)
<br />- Tahun 2006-2010, Susenas Panel (Maret)
<br />- Tahun 2011-2016, Susenas Modul Konsumsi (Maret dan September)
<br />- Angka Provinsi Papua Barat dan Papua sebelum tahun 2024 merupakan angka provinsi sebelum mengalami pemekaran Daerah Otonom Baru (DOB)",Kemiskinan dan Ketimpangan,38 Provinsi,1400,RIAU,189,Perkotaan,122,2022,61,Semester 1 (Maret),0.363,14009818912261
bps_webapi,0000,2026-08-19T02:01:19+00:00,2026-08-05 12:26:57,98,Gini Ratio Menurut Provinsi dan Daerah,,3,,"- Sumber  : BPS, Susenas  
<br />- Tahun 2002, Susenas Modul Konsumsi reguler
<br />- Tahun 2005, Susenas Panel (Februari)
<br />- Tahun 2006-2010, Susenas Panel (Maret)
<br />- Tahun 2011-2016, Susenas Modul Konsumsi (Maret dan September)
<br />- Angka Provinsi Papua Barat dan Papua sebelum tahun 2024 merupakan angka provinsi sebelum mengalami pemekaran Daerah Otonom Baru (DOB)",Kemiskinan dan Ketimpangan,38 Provinsi,1400,RIAU,189,Perkotaan,122,2022,62,Semester 2 (September),0.35,14009818912262
bps_webapi,0000,2026-08-19T02:01:19+00:00,2026-08-05 12:26:57,98,Gini Ratio Menurut Provinsi dan Daerah,,3,,"- Sumber  : BPS, Susenas  
<br />- Tahun 2002, Susenas Modul Konsumsi reguler
<br />- Tahun 2005, Susenas Panel (Februari)
<br />- Tahun 2006-2010, Susenas Panel (Maret)
<br />- Tahun 2011-2016, Susenas Modul Konsumsi (Maret dan September)
<br />- Angka Provinsi Papua Barat dan Papua sebelum tahun 2024 merupakan angka provinsi sebelum mengalami pemekaran Daerah Otonom Baru (DOB)",Kemiskinan dan Ketimpangan,38 Provinsi,1400,RIAU,190,Perdesaan,122,2022,61,Semester 1 (Maret),0.282,14009819012261
bps_webapi,0000,2026-08-19T02:01:19+00:00,2026-08-05 12:26:57,98,Gini Ratio Menurut Provinsi dan Daerah,,3,,"- Sumber  : BPS, Susenas  
<br />- Tahun 2002, Susenas Modul Konsumsi reguler
<br />- Tahun 2005, Susenas Panel (Februari)
<br />- Tahun 2006-2010, Susenas Panel (Maret)
<br />- Tahun 2011-2016, Susenas Modul Konsumsi (Maret dan September)
<br />- Angka Provinsi Papua Barat dan Papua sebelum tahun 2024 merupakan angka provinsi sebelum mengalami pemekaran Daerah Otonom Baru (DOB)",Kemiskinan dan Ketimpangan,38 Provinsi,1400,RIAU,190,Perdesaan,122,2022,62,Semester 2 (September),0.293,14009819012262
bps_webapi,0000,2026-08-19T02:01:19+00:00,2026-08-05 12:26:57,98,Gini Ratio Menurut Provinsi dan Daerah,,3,,"- Sumber  : BPS, Susenas  
<br />- Tahun 2002, Susenas Modul Konsumsi reguler
<br />- Tahun 2005, Susenas Panel (Februari)
<br />- Tahun 2006-2010, Susenas Panel (Maret)
<br />- Tahun 2011-2016, Susenas Modul Konsumsi (Maret dan September)
<br />- Angka Provinsi Papua Barat dan Papua sebelum tahun 2024 merupakan angka provinsi sebelum mengalami pemekaran Daerah Otonom Baru (DOB)",Kemiskinan dan Ketimpangan,38 Provinsi,1400,RIAU,191,Perkotaan+Perdesaan,122,2022,61,Semester 1 (Maret),0.326,14009819112261
bps_webapi,0000,2026-08-19T02:01:19+00:00,2026-08-05 12:26:57,98,Gini Ratio Menurut Provinsi dan Daerah,,3,,"- Sumber  : BPS, Susenas  
<br />- Tahun 2002, Susenas Modul Konsumsi reguler
<br />- Tahun 2005, Susenas Panel (Februari)
<br />- Tahun 2006-2010, Susenas Panel (Maret)
<br />- Tahun 2011-2016, Susenas Modul Konsumsi (Maret dan September)
<br />- Angka Provinsi Papua Barat dan Papua sebelum tahun 2024 merupakan angka provinsi sebelum mengalami pemekaran Daerah Otonom Baru (DOB)",Kemiskinan dan Ketimpangan,38 Provinsi,1400,RIAU,191,Perkotaan+Perdesaan,122,2022,62,Semester 2 (September),0.323,14009819112262
bps_webapi,0000,2026-08-19T02:01:19+00:00,2026-08-05 12:26:57,98,Gini Ratio Menurut Provinsi dan Daerah,,3,,"- Sumber  : BPS, Susenas  
<br />- Tahun 2002, Susenas Modul Konsumsi reguler
<br />- Tahun 2005, Susenas Panel (Februari)
<br />- Tahun 2006-2010, Susenas Panel (Maret)
<br />- Tahun 2011-2016, Susenas Modul Konsumsi (Maret dan September)
<br />- Angka Provinsi Papua Barat dan Papua sebelum tahun 2024 merupakan angka provinsi sebelum mengalami pemekaran Daerah Otonom Baru (DOB)",Kemiskinan dan Ketimpangan,38 Provinsi,1500,JAMBI,189,Perkotaan,122,2022,61,Semester 1 (Maret),0.351,15009818912261
bps_webapi,0000,2026-08-19T02:01:19+00:00,2026-08-05 12:26:57,98,Gini Ratio Menurut Provinsi dan Daerah,,3,,"- Sumber  : BPS, Susenas  
<br />- Tahun 2002, Susenas Modul Konsumsi reguler
<br />- Tahun 2005, Susenas Panel (Februari)
<br />- Tahun 2006-2010, Susenas Panel (Maret)
<br />- Tahun 2011-2016, Susenas Modul Konsumsi (Maret dan September)
<br />- Angka Provinsi Papua Barat dan Papua sebelum tahun 2024 merupakan angka provinsi sebelum mengalami pemekaran Daerah Otonom Baru (DOB)",Kemiskinan dan Ketimpangan,38 Provinsi,1500,JAMBI,189,Perkotaan,122,2022,62,Semester 2 (September),0.376,15009818912262
bps_webapi,0000,2026-08-19T02:01:19+00:00,2026-08-05 12:26:57,98,Gini Ratio Menurut Provinsi dan Daerah,,3,,"- Sumber  : BPS, Susenas  
<br />- Tahun 2002, Susenas Modul Konsumsi reguler
<br />- Tahun 2005, Susenas Panel (Februari)
<br />- Tahun 2006-2010, Susenas Panel (Maret)
<br />- Tahun 2011-2016, Susenas Modul Konsumsi (Maret dan September)
<br />- Angka Provinsi Papua Barat dan Papua sebelum tahun 2024 merupakan angka provinsi sebelum mengalami pemekaran Daerah Otonom Baru (DOB)",Kemiskinan dan Ketimpangan,38 Provinsi,1500,JAMBI,190,Perdesaan,122,2022,61,Semester 1 (Maret),0.292,15009819012261
bps_webapi,0000,2026-08-19T02:01:19+00:00,2026-08-05 12:26:57,98,Gini Ratio Menurut Provinsi dan Daerah,,3,,"- Sumber  : BPS, Susenas  
<br />- Tahun 2002, Susenas Modul Konsumsi reguler
<br />- Tahun 2005, Susenas Panel (Februari)
<br />- Tahun 2006-2010, Susenas Panel (Maret)
<br />- Tahun 2011-2016, Susenas Modul Konsumsi (Maret dan September)
<br />- Angka Provinsi Papua Barat dan Papua sebelum tahun 2024 merupakan angka provinsi sebelum mengalami pemekaran Daerah Otonom Baru (DOB)",Kemiskinan dan Ketimpangan,38 Provinsi,1500,JAMBI,190,Perdesaan,122,2022,62,Semester 2 (September),0.302,15009819012262
bps_webapi,0000,2026-08-19T02:01:19+00:00,2026-08-05 12:26:57,98,Gini Ratio Menurut Provinsi dan Daerah,,3,,"- Sumber  : BPS, Susenas  
<br />- Tahun 2002, Susenas Modul Konsumsi reguler
<br />- Tahun 2005, Susenas Panel (Februari)
<br />- Tahun 2006-2010, Susenas Panel (Maret)
<br />- Tahun 2011-2016, Susenas Modul Konsumsi (Maret dan September)
<br />- Angka Provinsi Papua Barat dan Papua sebelum tahun 2024 merupakan angka provinsi sebelum mengalami pemekaran Daerah Otonom Baru (DOB)",Kemiskinan dan Ketimpangan,38 Provinsi,1500,JAMBI,191,Perkotaan+Perdesaan,122,2022,61,Semester 1 (Maret),0.32,15009819112261
bps_webapi,0000,2026-08-19T02:01:19+00:00,2026-08-05 12:26:57,98,Gini Ratio Menurut Provinsi dan Daerah,,3,,"- Sumber  : BPS, Susenas  
<br />- Tahun 2002, Susenas Modul Konsumsi reguler
<br />- Tahun 2005, Susenas Panel (Februari)
<br />- Tahun 2006-2010, Susenas Panel (Maret)
<br />- Tahun 2011-2016, Susenas Modul Konsumsi (Maret dan September)
<br />- Angka Provinsi Papua Barat dan Papua sebelum tahun 2024 merupakan angka provinsi sebelum mengalami pemekaran Daerah Otonom Baru (DOB)",Kemiskinan dan Ketimpangan,38 Provinsi,1500,JAMBI,191,Perkotaan+Perdesaan,122,2022,62,Semester 2 (September),0.335,15009819112262
bps_webapi,0000,2026-08-19T02:01:19+00:00,2026-08-05 12:26:57,98,Gini Ratio Menurut Provinsi dan Daerah,,3,,"- Sumber  : BPS, Susenas  
<br />- Tahun 2002, Susenas Modul Konsumsi reguler
<br />- Tahun 2005, Susenas Panel (Februari)
<br />- Tahun 2006-2010, Susenas Panel (Maret)
<br />- Tahun 2011-2016, Susenas Modul Konsumsi (Maret dan September)
<br />- Angka Provinsi Papua Barat dan Papua sebelum tahun 2024 merupakan angka provinsi sebelum mengalami pemekaran Daerah Otonom Baru (DOB)",Kemiskinan dan Ketimpangan,38 Provinsi,1600,SUMATERA SELATAN,189,Perkotaan,122,2022,61,Semester 1 (Maret),0.358,16009818912261
bps_webapi,0000,2026-08-19T02:01:19+00:00,2026-08-05 12:26:57,98,Gini Ratio Menurut Provinsi dan Daerah,,3,,"- Sumber  : BPS, Susenas  
<br />- Tahun 2002, Susenas Modul Konsumsi reguler
<br />- Tahun 2005, Susenas Panel (Februari)
<br />- Tahun 2006-2010, Susenas Panel (Maret)
<br />- Tahun 2011-2016, Susenas Modul Konsumsi (Maret dan September)
<br />- Angka Provinsi Papua Barat dan Papua sebelum tahun 2024 merupakan angka provinsi sebelum mengalami pemekaran Daerah Otonom Baru (DOB)",Kemiskinan dan Ketimpangan,38 Provinsi,1600,SUMATERA SELATAN,189,Perkotaan,122,2022,62,Semester 2 (September),0.348,16009818912262
bps_webapi,0000,2026-08-19T02:01:19+00:00,2026-08-05 12:26:57,98,Gini Ratio Menurut Provinsi dan Daerah,,3,,"- Sumber  : BPS, Susenas  
<br />- Tahun 2002, Susenas Modul Konsumsi reguler
<br />- Tahun 2005, Susenas Panel (Februari)
<br />- Tahun 2006-2010, Susenas Panel (Maret)
<br />- Tahun 2011-2016, Susenas Modul Konsumsi (Maret dan September)
<br />- Angka Provinsi Papua Barat dan Papua sebelum tahun 2024 merupakan angka provinsi sebelum mengalami pemekaran Daerah Otonom Baru (DOB)",Kemiskinan dan Ketimpangan,38 Provinsi,1600,SUMATERA SELATAN,190,Perdesaan,122,2022,61,Semester 1 (Maret),0.311,16009819012261
bps_webapi,0000,2026-08-19T02:01:19+00:00,2026-08-05 12:26:57,98,Gini Ratio Menurut Provinsi dan Daerah,,3,,"- Sumber  : BPS, Susenas  
<br />- Tahun 2002, Susenas Modul Konsumsi reguler
<br />- Tahun 2005, Susenas Panel (Februari)
<br />- Tahun 2006-2010, Susenas Panel (Maret)
<br />- Tahun 2011-2016, Susenas Modul Konsumsi (Maret dan September)
<br />- Angka Provinsi Papua Barat dan Papua sebelum tahun 2024 merupakan angka provinsi sebelum mengalami pemekaran Daerah Otonom Baru (DOB)",Kemiskinan dan Ketimpangan,38 Provinsi,1600,SUMATERA SELATAN,190,Perdesaan,122,2022,62,Semester 2 (September),0.311,16009819012262
bps_webapi,0000,2026-08-19T02:01:19+00:00,2026-08-05 12:26:57,98,Gini Ratio Menurut Provinsi dan Daerah,,3,,"- Sumber  : BPS, Susenas  
<br />- Tahun 2002, Susenas Modul Konsumsi reguler
<br />- Tahun 2005, Susenas Panel (Februari)
<br />- Tahun 2006-2010, Susenas Panel (Maret)
<br />- Tahun 2011-2016, Susenas Modul Konsumsi (Maret dan September)
<br />- Angka Provinsi Papua Barat dan Papua sebelum tahun 2024 merupakan angka provinsi sebelum mengalami pemekaran Daerah Otonom Baru (DOB)",Kemiskinan dan Ketimpangan,38 Provinsi,1600,SUMATERA SELATAN,191,Perkotaan+Perdesaan,122,2022,61,Semester 1 (Maret),0.339,16009819112261
bps_webapi,0000,2026-08-19T02:01:19+00:00,2026-08-05 12:26:57,98,Gini Ratio Menurut Provinsi dan Daerah,,3,,"- Sumber  : BPS, Susenas  
<br />- Tahun 2002, Susenas Modul Konsumsi reguler
<br />- Tahun 2005, Susenas Panel (Februari)
<br />- Tahun 2006-2010, Susenas Panel (Maret)
<br />- Tahun 2011-2016, Susenas Modul Konsumsi (Maret dan September)
<br />- Angka Provinsi Papua Barat dan Papua sebelum tahun 2024 merupakan angka provinsi sebelum mengalami pemekaran Daerah Otonom Baru (DOB)",Kemiskinan dan Ketimpangan,38 Provinsi,1600,SUMATERA SELATAN,191,Perkotaan+Perdesaan,122,2022,62,Semester 2 (September),0.33,16009819112262
bps_webapi,0000,2026-08-19T02:01:19+00:00,2026-08-05 12:26:57,98,Gini Ratio Menurut Provinsi dan Daerah,,3,,"- Sumber  : BPS, Susenas  
<br />- Tahun 2002, Susenas Modul Konsumsi reguler
<br />- Tahun 2005, Susenas Panel (Februari)
<br />- Tahun 2006-2010, Susenas Panel (Maret)
<br />- Tahun 2011-2016, Susenas Modul Konsumsi (Maret dan September)
<br />- Angka Provinsi Papua Barat dan Papua sebelum tahun 2024 merupakan angka provinsi sebelum mengalami pemekaran Daerah Otonom Baru (DOB)",Kemiskinan dan Ketimpangan,38 Provinsi,1700,BENGKULU,189,Perkotaan,122,2022,61,Semester 1 (Maret),0.37,17009818912261
bps_webapi,0000,2026-08-19T02:01:19+00:00,2026-08-05 12:26:57,98,Gini Ratio Menurut Provinsi dan Daerah,,3,,"- Sumber  : BPS, Susenas  
<br />- Tahun 2002, Susenas Modul Konsumsi reguler
<br />- Tahun 2005, Susenas Panel (Februari)
<br />- Tahun 2006-2010, Susenas Panel (Maret)
<br />- Tahun 2011-2016, Susenas Modul Konsumsi (Maret dan September)
<br />- Angka Provinsi Papua Barat dan Papua sebelum tahun 2024 merupakan angka provinsi sebelum mengalami pemekaran Daerah Otonom Baru (DOB)",Kemiskinan dan Ketimpangan,38 Provinsi,1700,BENGKULU,189,Perkotaan,122,2022,62,Semester 2 (September),0.371,17009818912262
bps_webapi,0000,2026-08-19T02:01:19+00:00,2026-08-05 12:26:57,98,Gini Ratio Menurut Provinsi dan Daerah,,3,,"- Sumber  : BPS, Susenas  
<br />- Tahun 2002, Susenas Modul Konsumsi reguler
<br />- Tahun 2005, Susenas Panel (Februari)
<br />- Tahun 2006-2010, Susenas Panel (Maret)
<br />- Tahun 2011-2016, Susenas Modul Konsumsi (Maret dan September)
<br />- Angka Provinsi Papua Barat dan Papua sebelum tahun 2024 merupakan angka provinsi sebelum mengalami pemekaran Daerah Otonom Baru (DOB)",Kemiskinan dan Ketimpangan,38 Provinsi,1700,BENGKULU,190,Perdesaan,122,2022,61,Semester 1 (Maret),0.262,17009819012261
bps_webapi,0000,2026-08-19T02:01:19+00:00,2026-08-05 12:26:57,98,Gini Ratio Menurut Provinsi dan Daerah,,3,,"- Sumber  : BPS, Susenas  
<br />- Tahun 2002, Susenas Modul Konsumsi reguler
<br />- Tahun 2005, Susenas Panel (Februari)
<br />- Tahun 2006-2010, Susenas Panel (Maret)
<br />- Tahun 2011-2016, Susenas Modul Konsumsi (Maret dan September)
<br />- Angka Provinsi Papua Barat dan Papua sebelum tahun 2024 merupakan angka provinsi sebelum mengalami pemekaran Daerah Otonom Baru (DOB)",Kemiskinan dan Ketimpangan,38 Provinsi,1700,BENGKULU,190,Perdesaan,122,2022,62,Semester 2 (September),0.264,17009819012262
bps_webapi,0000,2026-08-19T02:01:19+00:00,2026-08-05 12:26:57,98,Gini Ratio Menurut Provinsi dan Daerah,,3,,"- Sumber  : BPS, Susenas  
<br />- Tahun 2002, Susenas Modul Konsumsi reguler
<br />- Tahun 2005, Susenas Panel (Februari)
<br />- Tahun 2006-2010, Susenas Panel (Maret)
<br />- Tahun 2011-2016, Susenas Modul Konsumsi (Maret dan September)
<br />- Angka Provinsi Papua Barat dan Papua sebelum tahun 2024 merupakan angka provinsi sebelum mengalami pemekaran Daerah Otonom Baru (DOB)",Kemiskinan dan Ketimpangan,38 Provinsi,1700,BENGKULU,191,Perkotaan+Perdesaan,122,2022,61,Semester 1 (Maret),0.315,17009819112261
bps_webapi,0000,2026-08-19T02:01:19+00:00,2026-08-05 12:26:57,98,Gini Ratio Menurut Provinsi dan Daerah,,3,,"- Sumber  : BPS, Susenas  
<br />- Tahun 2002, Susenas Modul Konsumsi reguler
<br />- Tahun 2005, Susenas Panel (Februari)
<br />- Tahun 2006-2010, Susenas Panel (Maret)
<br />- Tahun 2011-2016, Susenas Modul Konsumsi (Maret dan September)
<br />- Angka Provinsi Papua Barat dan Papua sebelum tahun 2024 merupakan angka provinsi sebelum mengalami pemekaran Daerah Otonom Baru (DOB)",Kemiskinan dan Ketimpangan,38 Provinsi,1700,BENGKULU,191,Perkotaan+Perdesaan,122,2022,62,Semester 2 (September),0.315,17009819112262
bps_webapi,0000,2026-08-19T02:01:19+00:00,2026-08-05 12:26:57,98,Gini Ratio Menurut Provinsi dan Daerah,,3,,"- Sumber  : BPS, Susenas  
<br />- Tahun 2002, Susenas Modul Konsumsi reguler
<br />- Tahun 2005, Susenas Panel (Februari)
<br />- Tahun 2006-2010, Susenas Panel (Maret)
<br />- Tahun 2011-2016, Susenas Modul Konsumsi (Maret dan September)
<br />- Angka Provinsi Papua Barat dan Papua sebelum tahun 2024 merupakan angka provinsi sebelum mengalami pemekaran Daerah Otonom Baru (DOB)",Kemiskinan dan Ketimpangan,38 Provinsi,1800,LAMPUNG,189,Perkotaan,122,2022,61,Semester 1 (Maret),0.341,18009818912261
bps_webapi,0000,2026-08-19T02:01:19+00:00,2026-08-05 12:26:57,98,Gini Ratio Menurut Provinsi dan Daerah,,3,,"- Sumber  : BPS, Susenas  
<br />- Tahun 2002, Susenas Modul Konsumsi reguler
<br />- Tahun 2005, Susenas Panel (Februari)
<br />- Tahun 2006-2010, Susenas Panel (Maret)
<br />- Tahun 2011-2016, Susenas Modul Konsumsi (Maret dan September)
<br />- Angka Provinsi Papua Barat dan Papua sebelum tahun 2024 merupakan angka provinsi sebelum mengalami pemekaran Daerah Otonom Baru (DOB)",Kemiskinan dan Ketimpangan,38 Provinsi,1800,LAMPUNG,189,Perkotaan,122,2022,62,Semester 2 (September),0.352,18009818912262
bps_webapi,0000,2026-08-19T02:01:19+00:00,2026-08-05 12:26:57,98,Gini Ratio Menurut Provinsi dan Daerah,,3,,"- Sumber  : BPS, Susenas  
<br />- Tahun 2002, Susenas Modul Konsumsi reguler
<br />- Tahun 2005, Susenas Panel (Februari)
<br />- Tahun 2006-2010, Susenas Panel (Maret)
<br />- Tahun 2011-2016, Susenas Modul Konsumsi (Maret dan September)
<br />- Angka Provinsi Papua Barat dan Papua sebelum tahun 2024 merupakan angka provinsi sebelum mengalami pemekaran Daerah Otonom Baru (DOB)",Kemiskinan dan Ketimpangan,38 Provinsi,1800,LAMPUNG,190,Perdesaan,122,2022,61,Semester 1 (Maret),0.284,18009819012261
bps_webapi,0000,2026-08-19T02:01:19+00:00,2026-08-05 12:26:57,98,Gini Ratio Menurut Provinsi dan Daerah,,3,,"- Sumber  : BPS, Susenas  
<br />- Tahun 2002, Susenas Modul Konsumsi reguler
<br />- Tahun 2005, Susenas Panel (Februari)
<br />- Tahun 2006-2010, Susenas Panel (Maret)
<br />- Tahun 2011-2016, Susenas Modul Konsumsi (Maret dan September)
<br />- Angka Provinsi Papua Barat dan Papua sebelum tahun 2024 merupakan angka provinsi sebelum mengalami pemekaran Daerah Otonom Baru (DOB)",Kemiskinan dan Ketimpangan,38 Provinsi,1800,LAMPUNG,190,Perdesaan,122,2022,62,Semester 2 (September),0.275,18009819012262
bps_webapi,0000,2026-08-19T02:01:19+00:00,2026-08-05 12:26:57,98,Gini Ratio Menurut Provinsi dan Daerah,,3,,"- Sumber  : BPS, Susenas  
<br />- Tahun 2002, Susenas Modul Konsumsi reguler
<br />- Tahun 2005, Susenas Panel (Februari)
<br />- Tahun 2006-2010, Susenas Panel (Maret)
<br />- Tahun 2011-2016, Susenas Modul Konsumsi (Maret dan September)
<br />- Angka Provinsi Papua Barat dan Papua sebelum tahun 2024 merupakan angka provinsi sebelum mengalami pemekaran Daerah Otonom Baru (DOB)",Kemiskinan dan Ketimpangan,38 Provinsi,1800,LAMPUNG,191,Perkotaan+Perdesaan,122,2022,61,Semester 1 (Maret),0.314,18009819112261
bps_webapi,0000,2026-08-19T02:01:19+00:00,2026-08-05 12:26:57,98,Gini Ratio Menurut Provinsi dan Daerah,,3,,"- Sumber  : BPS, Susenas  
<br />- Tahun 2002, Susenas Modul Konsumsi reguler
<br />- Tahun 2005, Susenas Panel (Februari)
<br />- Tahun 2006-2010, Susenas Panel (Maret)
<br />- Tahun 2011-2016, Susenas Modul Konsumsi (Maret dan September)
<br />- Angka Provinsi Papua Barat dan Papua sebelum tahun 2024 merupakan angka provinsi sebelum mengalami pemekaran Daerah Otonom Baru (DOB)",Kemiskinan dan Ketimpangan,38 Provinsi,1800,LAMPUNG,191,Perkotaan+Perdesaan,122,2022,62,Semester 2 (September),0.313,18009819112262
bps_webapi,0000,2026-08-19T02:01:19+00:00,2026-08-05 12:26:57,98,Gini Ratio Menurut Provinsi dan Daerah,,3,,"- Sumber  : BPS, Susenas  
<br />- Tahun 2002, Susenas Modul Konsumsi reguler
<br />- Tahun 2005, Susenas Panel (Februari)
<br />- Tahun 2006-2010, Susenas Panel (Maret)
<br />- Tahun 2011-2016, Susenas Modul Konsumsi (Maret dan September)
<br />- Angka Provinsi Papua Barat dan Papua sebelum tahun 2024 merupakan angka provinsi sebelum mengalami pemekaran Daerah Otonom Baru (DOB)",Kemiskinan dan Ketimpangan,38 Provinsi,1900,KEP. BANGKA BELITUNG,189,Perkotaan,122,2022,61,Semester 1 (Maret),0.248,19009818912261
bps_webapi,0000,2026-08-19T02:01:19+00:00,2026-08-05 12:26:57,98,Gini Ratio Menurut Provinsi dan Daerah,,3,,"- Sumber  : BPS, Susenas  
<br />- Tahun 2002, Susenas Modul Konsumsi reguler
<br />- Tahun 2005, Susenas Panel (Februari)
<br />- Tahun 2006-2010, Susenas Panel (Maret)
<br />- Tahun 2011-2016, Susenas Modul Konsumsi (Maret dan September)
<br />- Angka Provinsi Papua Barat dan Papua sebelum tahun 2024 merupakan angka provinsi sebelum mengalami pemekaran Daerah Otonom Baru (DOB)",Kemiskinan dan Ketimpangan,38 Provinsi,1900,KEP. BANGKA BELITUNG,189,Perkotaan,122,2022,62,Semester 2 (September),0.263,19009818912262
bps_webapi,0000,2026-08-19T02:01:19+00:00,2026-08-05 12:26:57,98,Gini Ratio Menurut Provinsi dan Daerah,,3,,"- Sumber  : BPS, Susenas  
<br />- Tahun 2002, Susenas Modul Konsumsi reguler
<br />- Tahun 2005, Susenas Panel (Februari)
<br />- Tahun 2006-2010, Susenas Panel (Maret)
<br />- Tahun 2011-2016, Susenas Modul Konsumsi (Maret dan September)
<br />- Angka Provinsi Papua Barat dan Papua sebelum tahun 2024 merupakan angka provinsi sebelum mengalami pemekaran Daerah Otonom Baru (DOB)",Kemiskinan dan Ketimpangan,38 Provinsi,1900,KEP. BANGKA BELITUNG,190,Perdesaan,122,2022,61,Semester 1 (Maret),0.206,19009819012261
bps_webapi,0000,2026-08-19T02:01:19+00:00,2026-08-05 12:26:57,98,Gini Ratio Menurut Provinsi dan Daerah,,3,,"- Sumber  : BPS, Susenas  
<br />- Tahun 2002, Susenas Modul Konsumsi reguler
<br />- Tahun 2005, Susenas Panel (Februari)
<br />- Tahun 2006-2010, Susenas Panel (Maret)
<br />- Tahun 2011-2016, Susenas Modul Konsumsi (Maret dan September)
<br />- Angka Provinsi Papua Barat dan Papua sebelum tahun 2024 merupakan angka provinsi sebelum mengalami pemekaran Daerah Otonom Baru (DOB)",Kemiskinan dan Ketimpangan,38 Provinsi,1900,KEP. BANGKA BELITUNG,190,Perdesaan,122,2022,62,Semester 2 (September),0.222,19009819012262
bps_webapi,0000,2026-08-19T02:01:19+00:00,2026-08-05 12:26:57,98,Gini Ratio Menurut Provinsi dan Daerah,,3,,"- Sumber  : BPS, Susenas  
<br />- Tahun 2002, Susenas Modul Konsumsi reguler
<br />- Tahun 2005, Susenas Panel (Februari)
<br />- Tahun 2006-2010, Susenas Panel (Maret)
<br />- Tahun 2011-2016, Susenas Modul Konsumsi (Maret dan September)
<br />- Angka Provinsi Papua Barat dan Papua sebelum tahun 2024 merupakan angka provinsi sebelum mengalami pemekaran Daerah Otonom Baru (DOB)",Kemiskinan dan Ketimpangan,38 Provinsi,1900,KEP. BANGKA BELITUNG,191,Perkotaan+Perdesaan,122,2022,61,Semester 1 (Maret),0.236,19009819112261
bps_webapi,0000,2026-08-19T02:01:19+00:00,2026-08-05 12:26:57,98,Gini Ratio Menurut Provinsi dan Daerah,,3,,"- Sumber  : BPS, Susenas  
<br />- Tahun 2002, Susenas Modul Konsumsi reguler
<br />- Tahun 2005, Susenas Panel (Februari)
<br />- Tahun 2006-2010, Susenas Panel (Maret)
<br />- Tahun 2011-2016, Susenas Modul Konsumsi (Maret dan September)
<br />- Angka Provinsi Papua Barat dan Papua sebelum tahun 2024 merupakan angka provinsi sebelum mengalami pemekaran Daerah Otonom Baru (DOB)",Kemiskinan dan Ketimpangan,38 Provinsi,1900,KEP. BANGKA BELITUNG,191,Perkotaan+Perdesaan,122,2022,62,Semester 2 (September),0.255,19009819112262
bps_webapi,0000,2026-08-19T02:01:19+00:00,2026-08-05 12:26:57,98,Gini Ratio Menurut Provinsi dan Daerah,,3,,"- Sumber  : BPS, Susenas  
<br />- Tahun 2002, Susenas Modul Konsumsi reguler
<br />- Tahun 2005, Susenas Panel (Februari)
<br />- Tahun 2006-2010, Susenas Panel (Maret)
<br />- Tahun 2011-2016, Susenas Modul Konsumsi (Maret dan September)
<br />- Angka Provinsi Papua Barat dan Papua sebelum tahun 2024 merupakan angka provinsi sebelum mengalami pemekaran Daerah Otonom Baru (DOB)",Kemiskinan dan Ketimpangan,38 Provinsi,2100,KEP. RIAU,189,Perkotaan,122,2022,61,Semester 1 (Maret),0.342,21009818912261
bps_webapi,0000,2026-08-19T02:01:19+00:00,2026-08-05 12:26:57,98,Gini Ratio Menurut Provinsi dan Daerah,,3,,"- Sumber  : BPS, Susenas  
<br />- Tahun 2002, Susenas Modul Konsumsi reguler
<br />- Tahun 2005, Susenas Panel (Februari)
<br />- Tahun 2006-2010, Susenas Panel (Maret)
<br />- Tahun 2011-2016, Susenas Modul Konsumsi (Maret dan September)
<br />- Angka Provinsi Papua Barat dan Papua sebelum tahun 2024 merupakan angka provinsi sebelum mengalami pemekaran Daerah Otonom Baru (DOB)",Kemiskinan dan Ketimpangan,38 Provinsi,2100,KEP. RIAU,189,Perkotaan,122,2022,62,Semester 2 (September),0.328,21009818912262
bps_webapi,0000,2026-08-19T02:01:19+00:00,2026-08-05 12:26:57,98,Gini Ratio Menurut Provinsi dan Daerah,,3,,"- Sumber  : BPS, Susenas  
<br />- Tahun 2002, Susenas Modul Konsumsi reguler
<br />- Tahun 2005, Susenas Panel (Februari)
<br />- Tahun 2006-2010, Susenas Panel (Maret)
<br />- Tahun 2011-2016, Susenas Modul Konsumsi (Maret dan September)
<br />- Angka Provinsi Papua Barat dan Papua sebelum tahun 2024 merupakan angka provinsi sebelum mengalami pemekaran Daerah Otonom Baru (DOB)",Kemiskinan dan Ketimpangan,38 Provinsi,2100,KEP. RIAU,190,Perdesaan,122,2022,61,Semester 1 (Maret),0.247,21009819012261
bps_webapi,0000,2026-08-19T02:01:19+00:00,2026-08-05 12:26:57,98,Gini Ratio Menurut Provinsi dan Daerah,,3,,"- Sumber  : BPS, Susenas  
<br />- Tahun 2002, Susenas Modul Konsumsi reguler
<br />- Tahun 2005, Susenas Panel (Februari)
<br />- Tahun 2006-2010, Susenas Panel (Maret)
<br />- Tahun 2011-2016, Susenas Modul Konsumsi (Maret dan September)
<br />- Angka Provinsi Papua Barat dan Papua sebelum tahun 2024 merupakan angka provinsi sebelum mengalami pemekaran Daerah Otonom Baru (DOB)",Kemiskinan dan Ketimpangan,38 Provinsi,2100,KEP. RIAU,190,Perdesaan,122,2022,62,Semester 2 (September),0.264,21009819012262
bps_webapi,0000,2026-08-19T02:01:19+00:00,2026-08-05 12:26:57,98,Gini Ratio Menurut Provinsi dan Daerah,,3,,"- Sumber  : BPS, Susenas  
<br />- Tahun 2002, Susenas Modul Konsumsi reguler
<br />- Tahun 2005, Susenas Panel (Februari)
<br />- Tahun 2006-2010, Susenas Panel (Maret)
<br />- Tahun 2011-2016, Susenas Modul Konsumsi (Maret dan September)
<br />- Angka Provinsi Papua Barat dan Papua sebelum tahun 2024 merupakan angka provinsi sebelum mengalami pemekaran Daerah Otonom Baru (DOB)",Kemiskinan dan Ketimpangan,38 Provinsi,2100,KEP. RIAU,191,Perkotaan+Perdesaan,122,2022,61,Semester 1 (Maret),0.342,21009819112261
bps_webapi,0000,2026-08-19T02:01:19+00:00,2026-08-05 12:26:57,98,Gini Ratio Menurut Provinsi dan Daerah,,3,,"- Sumber  : BPS, Susenas  
<br />- Tahun 2002, Susenas Modul Konsumsi reguler
<br />- Tahun 2005, Susenas Panel (Februari)
<br />- Tahun 2006-2010, Susenas Panel (Maret)
<br />- Tahun 2011-2016, Susenas Modul Konsumsi (Maret dan September)
<br />- Angka Provinsi Papua Barat dan Papua sebelum tahun 2024 merupakan angka provinsi sebelum mengalami pemekaran Daerah Otonom Baru (DOB)",Kemiskinan dan Ketimpangan,38 Provinsi,2100,KEP. RIAU,191,Perkotaan+Perdesaan,122,2022,62,Semester 2 (September),0.325,21009819112262
bps_webapi,0000,2026-08-19T02:01:19+00:00,2026-08-05 12:26:57,98,Gini Ratio Menurut Provinsi dan Daerah,,3,,"- Sumber  : BPS, Susenas  
<br />- Tahun 2002, Susenas Modul Konsumsi reguler
<br />- Tahun 2005, Susenas Panel (Februari)
<br />- Tahun 2006-2010, Susenas Panel (Maret)
<br />- Tahun 2011-2016, Susenas Modul Konsumsi (Maret dan September)
<br />- Angka Provinsi Papua Barat dan Papua sebelum tahun 2024 merupakan angka provinsi sebelum mengalami pemekaran Daerah Otonom Baru (DOB)",Kemiskinan dan Ketimpangan,38 Provinsi,3100,DKI JAKARTA,189,Perkotaan,122,2022,61,Semester 1 (Maret),0.423,31009818912261
bps_webapi,0000,2026-08-19T02:01:19+00:00,2026-08-05 12:26:57,98,Gini Ratio Menurut Provinsi dan Daerah,,3,,"- Sumber  : BPS, Susenas  
<br />- Tahun 2002, Susenas Modul Konsumsi reguler
<br />- Tahun 2005, Susenas Panel (Februari)
<br />- Tahun 2006-2010, Susenas Panel (Maret)
<br />- Tahun 2011-2016, Susenas Modul Konsumsi (Maret dan September)
<br />- Angka Provinsi Papua Barat dan Papua sebelum tahun 2024 merupakan angka provinsi sebelum mengalami pemekaran Daerah Otonom Baru (DOB)",Kemiskinan dan Ketimpangan,38 Provinsi,3100,DKI JAKARTA,189,Perkotaan,122,2022,62,Semester 2 (September),0.412,31009818912262
bps_webapi,0000,2026-08-19T02:01:19+00:00,2026-08-05 12:26:57,98,Gini Ratio Menurut Provinsi dan Daerah,,3,,"- Sumber  : BPS, Susenas  
<br />- Tahun 2002, Susenas Modul Konsumsi reguler
<br />- Tahun 2005, Susenas Panel (Februari)
<br />- Tahun 2006-2010, Susenas Panel (Maret)
<br />- Tahun 2011-2016, Susenas Modul Konsumsi (Maret dan September)
<br />- Angka Provinsi Papua Barat dan Papua sebelum tahun 2024 merupakan angka provinsi sebelum mengalami pemekaran Daerah Otonom Baru (DOB)",Kemiskinan dan Ketimpangan,38 Provinsi,3100,DKI JAKARTA,191,Perkotaan+Perdesaan,122,2022,61,Semester 1 (Maret),0.423,31009819112261
bps_webapi,0000,2026-08-19T02:01:19+00:00,2026-08-05 12:26:57,98,Gini Ratio Menurut Provinsi dan Daerah,,3,,"- Sumber  : BPS, Susenas  
<br />- Tahun 2002, Susenas Modul Konsumsi reguler
<br />- Tahun 2005, Susenas Panel (Februari)
<br />- Tahun 2006-2010, Susenas Panel (Maret)
<br />- Tahun 2011-2016, Susenas Modul Konsumsi (Maret dan September)
<br />- Angka Provinsi Papua Barat dan Papua sebelum tahun 2024 merupakan angka provinsi sebelum mengalami pemekaran Daerah Otonom Baru (DOB)",Kemiskinan dan Ketimpangan,38 Provinsi,3100,DKI JAKARTA,191,Perkotaan+Perdesaan,122,2022,62,Semester 2 (September),0.412,31009819112262
bps_webapi,0000,2026-08-19T02:01:19+00:00,2026-08-05 12:26:57,98,Gini Ratio Menurut Provinsi dan Daerah,,3,,"- Sumber  : BPS, Susenas  
<br />- Tahun 2002, Susenas Modul Konsumsi reguler
<br />- Tahun 2005, Susenas Panel (Februari)
<br />- Tahun 2006-2010, Susenas Panel (Maret)
<br />- Tahun 2011-2016, Susenas Modul Konsumsi (Maret dan September)
<br />- Angka Provinsi Papua Barat dan Papua sebelum tahun 2024 merupakan angka provinsi sebelum mengalami pemekaran Daerah Otonom Baru (DOB)",Kemiskinan dan Ketimpangan,38 Provinsi,3200,JAWA BARAT,189,Perkotaan,122,2022,61,Semester 1 (Maret),0.428,32009818912261
bps_webapi,0000,2026-08-19T02:01:19+00:00,2026-08-05 12:26:57,98,Gini Ratio Menurut Provinsi dan Daerah,,3,,"- Sumber  : BPS, Susenas  
<br />- Tahun 2002, Susenas Modul Konsumsi reguler
<br />- Tahun 2005, Susenas Panel (Februari)
<br />- Tahun 2006-2010, Susenas Panel (Maret)
<br />- Tahun 2011-2016, Susenas Modul Konsumsi (Maret dan September)
<br />- Angka Provinsi Papua Barat dan Papua sebelum tahun 2024 merupakan angka provinsi sebelum mengalami pemekaran Daerah Otonom Baru (DOB)",Kemiskinan dan Ketimpangan,38 Provinsi,3200,JAWA BARAT,189,Perkotaan,122,2022,62,Semester 2 (September),0.427,32009818912262
bps_webapi,0000,2026-08-19T02:01:19+00:00,2026-08-05 12:26:57,98,Gini Ratio Menurut Provinsi dan Daerah,,3,,"- Sumber  : BPS, Susenas  
<br />- Tahun 2002, Susenas Modul Konsumsi reguler
<br />- Tahun 2005, Susenas Panel (Februari)
<br />- Tahun 2006-2010, Susenas Panel (Maret)
<br />- Tahun 2011-2016, Susenas Modul Konsumsi (Maret dan September)
<br />- Angka Provinsi Papua Barat dan Papua sebelum tahun 2024 merupakan angka provinsi sebelum mengalami pemekaran Daerah Otonom Baru (DOB)",Kemiskinan dan Ketimpangan,38 Provinsi,3200,JAWA BARAT,190,Perdesaan,122,2022,61,Semester 1 (Maret),0.322,32009819012261
bps_webapi,0000,2026-08-19T02:01:19+00:00,2026-08-05 12:26:57,98,Gini Ratio Menurut Provinsi dan Daerah,,3,,"- Sumber  : BPS, Susenas  
<br />- Tahun 2002, Susenas Modul Konsumsi reguler
<br />- Tahun 2005, Susenas Panel (Februari)
<br />- Tahun 2006-2010, Susenas Panel (Maret)
<br />- Tahun 2011-2016, Susenas Modul Konsumsi (Maret dan September)
<br />- Angka Provinsi Papua Barat dan Papua sebelum tahun 2024 merupakan angka provinsi sebelum mengalami pemekaran Daerah Otonom Baru (DOB)",Kemiskinan dan Ketimpangan,38 Provinsi,3200,JAWA BARAT,190,Perdesaan,122,2022,62,Semester 2 (September),0.306,32009819012262
bps_webapi,0000,2026-08-19T02:01:19+00:00,2026-08-05 12:26:57,98,Gini Ratio Menurut Provinsi dan Daerah,,3,,"- Sumber  : BPS, Susenas  
<br />- Tahun 2002, Susenas Modul Konsumsi reguler
<br />- Tahun 2005, Susenas Panel (Februari)
<br />- Tahun 2006-2010, Susenas Panel (Maret)
<br />- Tahun 2011-2016, Susenas Modul Konsumsi (Maret dan September)
<br />- Angka Provinsi Papua Barat dan Papua sebelum tahun 2024 merupakan angka provinsi sebelum mengalami pemekaran Daerah Otonom Baru (DOB)",Kemiskinan dan Ketimpangan,38 Provinsi,3200,JAWA BARAT,191,Perkotaan+Perdesaan,122,2022,61,Semester 1 (Maret),0.417,32009819112261
bps_webapi,0000,2026-08-19T02:01:19+00:00,2026-08-05 12:26:57,98,Gini Ratio Menurut Provinsi dan Daerah,,3,,"- Sumber  : BPS, Susenas  
<br />- Tahun 2002, Susenas Modul Konsumsi reguler
<br />- Tahun 2005, Susenas Panel (Februari)
<br />- Tahun 2006-2010, Susenas Panel (Maret)
<br />- Tahun 2011-2016, Susenas Modul Konsumsi (Maret dan September)
<br />- Angka Provinsi Papua Barat dan Papua sebelum tahun 2024 merupakan angka provinsi sebelum mengalami pemekaran Daerah Otonom Baru (DOB)",Kemiskinan dan Ketimpangan,38 Provinsi,3200,JAWA BARAT,191,Perkotaan+Perdesaan,122,2022,62,Semester 2 (September),0.412,32009819112262
bps_webapi,0000,2026-08-19T02:01:19+00:00,2026-08-05 12:26:57,98,Gini Ratio Menurut Provinsi dan Daerah,,3,,"- Sumber  : BPS, Susenas  
<br />- Tahun 2002, Susenas Modul Konsumsi reguler
<br />- Tahun 2005, Susenas Panel (Februari)
<br />- Tahun 2006-2010, Susenas Panel (Maret)
<br />- Tahun 2011-2016, Susenas Modul Konsumsi (Maret dan September)
<br />- Angka Provinsi Papua Barat dan Papua sebelum tahun 2024 merupakan angka provinsi sebelum mengalami pemekaran Daerah Otonom Baru (DOB)",Kemiskinan dan Ketimpangan,38 Provinsi,3300,JAWA TENGAH,189,Perkotaan,122,2022,61,Semester 1 (Maret),0.404,33009818912261
bps_webapi,0000,2026-08-19T02:01:19+00:00,2026-08-05 12:26:57,98,Gini Ratio Menurut Provinsi dan Daerah,,3,,"- Sumber  : BPS, Susenas  
<br />- Tahun 2002, Susenas Modul Konsumsi reguler
<br />- Tahun 2005, Susenas Panel (Februari)
<br />- Tahun 2006-2010, Susenas Panel (Maret)
<br />- Tahun 2011-2016, Susenas Modul Konsumsi (Maret dan September)
<br />- Angka Provinsi Papua Barat dan Papua sebelum tahun 2024 merupakan angka provinsi sebelum mengalami pemekaran Daerah Otonom Baru (DOB)",Kemiskinan dan Ketimpangan,38 Provinsi,3300,JAWA TENGAH,189,Perkotaan,122,2022,62,Semester 2 (September),0.392,33009818912262
bps_webapi,0000,2026-08-19T02:01:19+00:00,2026-08-05 12:26:57,98,Gini Ratio Menurut Provinsi dan Daerah,,3,,"- Sumber  : BPS, Susenas  
<br />- Tahun 2002, Susenas Modul Konsumsi reguler
<br />- Tahun 2005, Susenas Panel (Februari)
<br />- Tahun 2006-2010, Susenas Panel (Maret)
<br />- Tahun 2011-2016, Susenas Modul Konsumsi (Maret dan September)
<br />- Angka Provinsi Papua Barat dan Papua sebelum tahun 2024 merupakan angka provinsi sebelum mengalami pemekaran Daerah Otonom Baru (DOB)",Kemiskinan dan Ketimpangan,38 Provinsi,3300,JAWA TENGAH,190,Perdesaan,122,2022,61,Semester 1 (Maret),0.322,33009819012261
bps_webapi,0000,2026-08-19T02:01:19+00:00,2026-08-05 12:26:57,98,Gini Ratio Menurut Provinsi dan Daerah,,3,,"- Sumber  : BPS, Susenas  
<br />- Tahun 2002, Susenas Modul Konsumsi reguler
<br />- Tahun 2005, Susenas Panel (Februari)
<br />- Tahun 2006-2010, Susenas Panel (Maret)
<br />- Tahun 2011-2016, Susenas Modul Konsumsi (Maret dan September)
<br />- Angka Provinsi Papua Barat dan Papua sebelum tahun 2024 merupakan angka provinsi sebelum mengalami pemekaran Daerah Otonom Baru (DOB)",Kemiskinan dan Ketimpangan,38 Provinsi,3300,JAWA TENGAH,190,Perdesaan,122,2022,62,Semester 2 (September),0.326,33009819012262
bps_webapi,0000,2026-08-19T02:01:19+00:00,2026-08-05 12:26:57,98,Gini Ratio Menurut Provinsi dan Daerah,,3,,"- Sumber  : BPS, Susenas  
<br />- Tahun 2002, Susenas Modul Konsumsi reguler
<br />- Tahun 2005, Susenas Panel (Februari)
<br />- Tahun 2006-2010, Susenas Panel (Maret)
<br />- Tahun 2011-2016, Susenas Modul Konsumsi (Maret dan September)
<br />- Angka Provinsi Papua Barat dan Papua sebelum tahun 2024 merupakan angka provinsi sebelum mengalami pemekaran Daerah Otonom Baru (DOB)",Kemiskinan dan Ketimpangan,38 Provinsi,3300,JAWA TENGAH,191,Perkotaan+Perdesaan,122,2022,61,Semester 1 (Maret),0.374,33009819112261
bps_webapi,0000,2026-08-19T02:01:19+00:00,2026-08-05 12:26:57,98,Gini Ratio Menurut Provinsi dan Daerah,,3,,"- Sumber  : BPS, Susenas  
<br />- Tahun 2002, Susenas Modul Konsumsi reguler
<br />- Tahun 2005, Susenas Panel (Februari)
<br />- Tahun 2006-2010, Susenas Panel (Maret)
<br />- Tahun 2011-2016, Susenas Modul Konsumsi (Maret dan September)
<br />- Angka Provinsi Papua Barat dan Papua sebelum tahun 2024 merupakan angka provinsi sebelum mengalami pemekaran Daerah Otonom Baru (DOB)",Kemiskinan dan Ketimpangan,38 Provinsi,3300,JAWA TENGAH,191,Perkotaan+Perdesaan,122,2022,62,Semester 2 (September),0.366,33009819112262
bps_webapi,0000,2026-08-19T02:01:19+00:00,2026-08-05 12:26:57,98,Gini Ratio Menurut Provinsi dan Daerah,,3,,"- Sumber  : BPS, Susenas  
<br />- Tahun 2002, Susenas Modul Konsumsi reguler
<br />- Tahun 2005, Susenas Panel (Februari)
<br />- Tahun 2006-2010, Susenas Panel (Maret)
<br />- Tahun 2011-2016, Susenas Modul Konsumsi (Maret dan September)
<br />- Angka Provinsi Papua Barat dan Papua sebelum tahun 2024 merupakan angka provinsi sebelum mengalami pemekaran Daerah Otonom Baru (DOB)",Kemiskinan dan Ketimpangan,38 Provinsi,3400,DI YOGYAKARTA,189,Perkotaan,122,2022,61,Semester 1 (Maret),0.446,34009818912261
bps_webapi,0000,2026-08-19T02:01:19+00:00,2026-08-05 12:26:57,98,Gini Ratio Menurut Provinsi dan Daerah,,3,,"- Sumber  : BPS, Susenas  
<br />- Tahun 2002, Susenas Modul Konsumsi reguler
<br />- Tahun 2005, Susenas Panel (Februari)
<br />- Tahun 2006-2010, Susenas Panel (Maret)
<br />- Tahun 2011-2016, Susenas Modul Konsumsi (Maret dan September)
<br />- Angka Provinsi Papua Barat dan Papua sebelum tahun 2024 merupakan angka provinsi sebelum mengalami pemekaran Daerah Otonom Baru (DOB)",Kemiskinan dan Ketimpangan,38 Provinsi,3400,DI YOGYAKARTA,189,Perkotaan,122,2022,62,Semester 2 (September),0.468,34009818912262
bps_webapi,0000,2026-08-19T02:01:19+00:00,2026-08-05 12:26:57,98,Gini Ratio Menurut Provinsi dan Daerah,,3,,"- Sumber  : BPS, Susenas  
<br />- Tahun 2002, Susenas Modul Konsumsi reguler
<br />- Tahun 2005, Susenas Panel (Februari)
<br />- Tahun 2006-2010, Susenas Panel (Maret)
<br />- Tahun 2011-2016, Susenas Modul Konsumsi (Maret dan September)
<br />- Angka Provinsi Papua Barat dan Papua sebelum tahun 2024 merupakan angka provinsi sebelum mengalami pemekaran Daerah Otonom Baru (DOB)",Kemiskinan dan Ketimpangan,38 Provinsi,3400,DI YOGYAKARTA,190,Perdesaan,122,2022,61,Semester 1 (Maret),0.332,34009819012261
bps_webapi,0000,2026-08-19T02:01:19+00:00,2026-08-05 12:26:57,98,Gini Ratio Menurut Provinsi dan Daerah,,3,,"- Sumber  : BPS, Susenas  
<br />- Tahun 2002, Susenas Modul Konsumsi reguler
<br />- Tahun 2005, Susenas Panel (Februari)
<br />- Tahun 2006-2010, Susenas Panel (Maret)
<br />- Tahun 2011-2016, Susenas Modul Konsumsi (Maret dan September)
<br />- Angka Provinsi Papua Barat dan Papua sebelum tahun 2024 merupakan angka provinsi sebelum mengalami pemekaran Daerah Otonom Baru (DOB)",Kemiskinan dan Ketimpangan,38 Provinsi,3400,DI YOGYAKARTA,190,Perdesaan,122,2022,62,Semester 2 (September),0.342,34009819012262
bps_webapi,0000,2026-08-19T02:01:19+00:00,2026-08-05 12:26:57,98,Gini Ratio Menurut Provinsi dan Daerah,,3,,"- Sumber  : BPS, Susenas  
<br />- Tahun 2002, Susenas Modul Konsumsi reguler
<br />- Tahun 2005, Susenas Panel (Februari)
<br />- Tahun 2006-2010, Susenas Panel (Maret)
<br />- Tahun 2011-2016, Susenas Modul Konsumsi (Maret dan September)
<br />- Angka Provinsi Papua Barat dan Papua sebelum tahun 2024 merupakan angka provinsi sebelum mengalami pemekaran Daerah Otonom Baru (DOB)",Kemiskinan dan Ketimpangan,38 Provinsi,3400,DI YOGYAKARTA,191,Perkotaan+Perdesaan,122,2022,61,Semester 1 (Maret),0.439,34009819112261
bps_webapi,0000,2026-08-19T02:01:19+00:00,2026-08-05 12:26:57,98,Gini Ratio Menurut Provinsi dan Daerah,,3,,"- Sumber  : BPS, Susenas  
<br />- Tahun 2002, Susenas Modul Konsumsi reguler
<br />- Tahun 2005, Susenas Panel (Februari)
<br />- Tahun 2006-2010, Susenas Panel (Maret)
<br />- Tahun 2011-2016, Susenas Modul Konsumsi (Maret dan September)
<br />- Angka Provinsi Papua Barat dan Papua sebelum tahun 2024 merupakan angka provinsi sebelum mengalami pemekaran Daerah Otonom Baru (DOB)",Kemiskinan dan Ketimpangan,38 Provinsi,3400,DI YOGYAKARTA,191,Perkotaan+Perdesaan,122,2022,62,Semester 2 (September),0.459,34009819112262
bps_webapi,0000,2026-08-19T02:01:19+00:00,2026-08-05 12:26:57,98,Gini Ratio Menurut Provinsi dan Daerah,,3,,"- Sumber  : BPS, Susenas  
<br />- Tahun 2002, Susenas Modul Konsumsi reguler
<br />- Tahun 2005, Susenas Panel (Februari)
<br />- Tahun 2006-2010, Susenas Panel (Maret)
<br />- Tahun 2011-2016, Susenas Modul Konsumsi (Maret dan September)
<br />- Angka Provinsi Papua Barat dan Papua sebelum tahun 2024 merupakan angka provinsi sebelum mengalami pemekaran Daerah Otonom Baru (DOB)",Kemiskinan dan Ketimpangan,38 Provinsi,3500,JAWA TIMUR,189,Perkotaan,122,2022,61,Semester 1 (Maret),0.388,35009818912261
bps_webapi,0000,2026-08-19T02:01:19+00:00,2026-08-05 12:26:57,98,Gini Ratio Menurut Provinsi dan Daerah,,3,,"- Sumber  : BPS, Susenas  
<br />- Tahun 2002, Susenas Modul Konsumsi reguler
<br />- Tahun 2005, Susenas Panel (Februari)
<br />- Tahun 2006-2010, Susenas Panel (Maret)
<br />- Tahun 2011-2016, Susenas Modul Konsumsi (Maret dan September)
<br />- Angka Provinsi Papua Barat dan Papua sebelum tahun 2024 merupakan angka provinsi sebelum mengalami pemekaran Daerah Otonom Baru (DOB)",Kemiskinan dan Ketimpangan,38 Provinsi,3500,JAWA TIMUR,189,Perkotaan,122,2022,62,Semester 2 (September),0.381,35009818912262
bps_webapi,0000,2026-08-19T02:01:19+00:00,2026-08-05 12:26:57,98,Gini Ratio Menurut Provinsi dan Daerah,,3,,"- Sumber  : BPS, Susenas  
<br />- Tahun 2002, Susenas Modul Konsumsi reguler
<br />- Tahun 2005, Susenas Panel (Februari)
<br />- Tahun 2006-2010, Susenas Panel (Maret)
<br />- Tahun 2011-2016, Susenas Modul Konsumsi (Maret dan September)
<br />- Angka Provinsi Papua Barat dan Papua sebelum tahun 2024 merupakan angka provinsi sebelum mengalami pemekaran Daerah Otonom Baru (DOB)",Kemiskinan dan Ketimpangan,38 Provinsi,3500,JAWA TIMUR,190,Perdesaan,122,2022,61,Semester 1 (Maret),0.323,35009819012261
bps_webapi,0000,2026-08-19T02:01:19+00:00,2026-08-05 12:26:57,98,Gini Ratio Menurut Provinsi dan Daerah,,3,,"- Sumber  : BPS, Susenas  
<br />- Tahun 2002, Susenas Modul Konsumsi reguler
<br />- Tahun 2005, Susenas Panel (Februari)
<br />- Tahun 2006-2010, Susenas Panel (Maret)
<br />- Tahun 2011-2016, Susenas Modul Konsumsi (Maret dan September)
<br />- Angka Provinsi Papua Barat dan Papua sebelum tahun 2024 merupakan angka provinsi sebelum mengalami pemekaran Daerah Otonom Baru (DOB)",Kemiskinan dan Ketimpangan,38 Provinsi,3500,JAWA TIMUR,190,Perdesaan,122,2022,62,Semester 2 (September),0.322,35009819012262
bps_webapi,0000,2026-08-19T02:01:19+00:00,2026-08-05 12:26:57,98,Gini Ratio Menurut Provinsi dan Daerah,,3,,"- Sumber  : BPS, Susenas  
<br />- Tahun 2002, Susenas Modul Konsumsi reguler
<br />- Tahun 2005, Susenas Panel (Februari)
<br />- Tahun 2006-2010, Susenas Panel (Maret)
<br />- Tahun 2011-2016, Susenas Modul Konsumsi (Maret dan September)
<br />- Angka Provinsi Papua Barat dan Papua sebelum tahun 2024 merupakan angka provinsi sebelum mengalami pemekaran Daerah Otonom Baru (DOB)",Kemiskinan dan Ketimpangan,38 Provinsi,3500,JAWA TIMUR,191,Perkotaan+Perdesaan,122,2022,61,Semester 1 (Maret),0.371,35009819112261
bps_webapi,0000,2026-08-19T02:01:19+00:00,2026-08-05 12:26:57,98,Gini Ratio Menurut Provinsi dan Daerah,,3,,"- Sumber  : BPS, Susenas  
<br />- Tahun 2002, Susenas Modul Konsumsi reguler
<br />- Tahun 2005, Susenas Panel (Februari)
<br />- Tahun 2006-2010, Susenas Panel (Maret)
<br />- Tahun 2011-2016, Susenas Modul Konsumsi (Maret dan September)
<br />- Angka Provinsi Papua Barat dan Papua sebelum tahun 2024 merupakan angka provinsi sebelum mengalami pemekaran Daerah Otonom Baru (DOB)",Kemiskinan dan Ketimpangan,38 Provinsi,3500,JAWA TIMUR,191,Perkotaan+Perdesaan,122,2022,62,Semester 2 (September),0.365,35009819112262
bps_webapi,0000,2026-08-19T02:01:19+00:00,2026-08-05 12:26:57,98,Gini Ratio Menurut Provinsi dan Daerah,,3,,"- Sumber  : BPS, Susenas  
<br />- Tahun 2002, Susenas Modul Konsumsi reguler
<br />- Tahun 2005, Susenas Panel (Februari)
<br />- Tahun 2006-2010, Susenas Panel (Maret)
<br />- Tahun 2011-2016, Susenas Modul Konsumsi (Maret dan September)
<br />- Angka Provinsi Papua Barat dan Papua sebelum tahun 2024 merupakan angka provinsi sebelum mengalami pemekaran Daerah Otonom Baru (DOB)",Kemiskinan dan Ketimpangan,38 Provinsi,3600,BANTEN,189,Perkotaan,122,2022,61,Semester 1 (Maret),0.367,36009818912261
bps_webapi,0000,2026-08-19T02:01:19+00:00,2026-08-05 12:26:57,98,Gini Ratio Menurut Provinsi dan Daerah,,3,,"- Sumber  : BPS, Susenas  
<br />- Tahun 2002, Susenas Modul Konsumsi reguler
<br />- Tahun 2005, Susenas Panel (Februari)
<br />- Tahun 2006-2010, Susenas Panel (Maret)
<br />- Tahun 2011-2016, Susenas Modul Konsumsi (Maret dan September)
<br />- Angka Provinsi Papua Barat dan Papua sebelum tahun 2024 merupakan angka provinsi sebelum mengalami pemekaran Daerah Otonom Baru (DOB)",Kemiskinan dan Ketimpangan,38 Provinsi,3600,BANTEN,189,Perkotaan,122,2022,62,Semester 2 (September),0.384,36009818912262
bps_webapi,0000,2026-08-19T02:01:19+00:00,2026-08-05 12:26:57,98,Gini Ratio Menurut Provinsi dan Daerah,,3,,"- Sumber  : BPS, Susenas  
<br />- Tahun 2002, Susenas Modul Konsumsi reguler
<br />- Tahun 2005, Susenas Panel (Februari)
<br />- Tahun 2006-2010, Susenas Panel (Maret)
<br />- Tahun 2011-2016, Susenas Modul Konsumsi (Maret dan September)
<br />- Angka Provinsi Papua Barat dan Papua sebelum tahun 2024 merupakan angka provinsi sebelum mengalami pemekaran Daerah Otonom Baru (DOB)",Kemiskinan dan Ketimpangan,38 Provinsi,3600,BANTEN,190,Perdesaan,122,2022,61,Semester 1 (Maret),0.287,36009819012261
bps_webapi,0000,2026-08-19T02:01:19+00:00,2026-08-05 12:26:57,98,Gini Ratio Menurut Provinsi dan Daerah,,3,,"- Sumber  : BPS, Susenas  
<br />- Tahun 2002, Susenas Modul Konsumsi reguler
<br />- Tahun 2005, Susenas Panel (Februari)
<br />- Tahun 2006-2010, Susenas Panel (Maret)
<br />- Tahun 2011-2016, Susenas Modul Konsumsi (Maret dan September)
<br />- Angka Provinsi Papua Barat dan Papua sebelum tahun 2024 merupakan angka provinsi sebelum mengalami pemekaran Daerah Otonom Baru (DOB)",Kemiskinan dan Ketimpangan,38 Provinsi,3600,BANTEN,190,Perdesaan,122,2022,62,Semester 2 (September),0.266,36009819012262
bps_webapi,0000,2026-08-19T02:01:19+00:00,2026-08-05 12:26:57,98,Gini Ratio Menurut Provinsi dan Daerah,,3,,"- Sumber  : BPS, Susenas  
<br />- Tahun 2002, Susenas Modul Konsumsi reguler
<br />- Tahun 2005, Susenas Panel (Februari)
<br />- Tahun 2006-2010, Susenas Panel (Maret)
<br />- Tahun 2011-2016, Susenas Modul Konsumsi (Maret dan September)
<br />- Angka Provinsi Papua Barat dan Papua sebelum tahun 2024 merupakan angka provinsi sebelum mengalami pemekaran Daerah Otonom Baru (DOB)",Kemiskinan dan Ketimpangan,38 Provinsi,3600,BANTEN,191,Perkotaan+Perdesaan,122,2022,61,Semester 1 (Maret),0.363,36009819112261
bps_webapi,0000,2026-08-19T02:01:19+00:00,2026-08-05 12:26:57,98,Gini Ratio Menurut Provinsi dan Daerah,,3,,"- Sumber  : BPS, Susenas  
<br />- Tahun 2002, Susenas Modul Konsumsi reguler
<br />- Tahun 2005, Susenas Panel (Februari)
<br />- Tahun 2006-2010, Susenas Panel (Maret)
<br />- Tahun 2011-2016, Susenas Modul Konsumsi (Maret dan September)
<br />- Angka Provinsi Papua Barat dan Papua sebelum tahun 2024 merupakan angka provinsi sebelum mengalami pemekaran Daerah Otonom Baru (DOB)",Kemiskinan dan Ketimpangan,38 Provinsi,3600,BANTEN,191,Perkotaan+Perdesaan,122,2022,62,Semester 2 (September),0.377,36009819112262
bps_webapi,0000,2026-08-19T02:01:19+00:00,2026-08-05 12:26:57,98,Gini Ratio Menurut Provinsi dan Daerah,,3,,"- Sumber  : BPS, Susenas  
<br />- Tahun 2002, Susenas Modul Konsumsi reguler
<br />- Tahun 2005, Susenas Panel (Februari)
<br />- Tahun 2006-2010, Susenas Panel (Maret)
<br />- Tahun 2011-2016, Susenas Modul Konsumsi (Maret dan September)
<br />- Angka Provinsi Papua Barat dan Papua sebelum tahun 2024 merupakan angka provinsi sebelum mengalami pemekaran Daerah Otonom Baru (DOB)",Kemiskinan dan Ketimpangan,38 Provinsi,5100,BALI,189,Perkotaan,122,2022,61,Semester 1 (Maret),0.371,51009818912261
bps_webapi,0000,2026-08-19T02:01:19+00:00,2026-08-05 12:26:57,98,Gini Ratio Menurut Provinsi dan Daerah,,3,,"- Sumber  : BPS, Susenas  
<br />- Tahun 2002, Susenas Modul Konsumsi reguler
<br />- Tahun 2005, Susenas Panel (Februari)
<br />- Tahun 2006-2010, Susenas Panel (Maret)
<br />- Tahun 2011-2016, Susenas Modul Konsumsi (Maret dan September)
<br />- Angka Provinsi Papua Barat dan Papua sebelum tahun 2024 merupakan angka provinsi sebelum mengalami pemekaran Daerah Otonom Baru (DOB)",Kemiskinan dan Ketimpangan,38 Provinsi,5100,BALI,189,Perkotaan,122,2022,62,Semester 2 (September),0.371,51009818912262
bps_webapi,0000,2026-08-19T02:01:19+00:00,2026-08-05 12:26:57,98,Gini Ratio Menurut Provinsi dan Daerah,,3,,"- Sumber  : BPS, Susenas  
<br />- Tahun 2002, Susenas Modul Konsumsi reguler
<br />- Tahun 2005, Susenas Panel (Februari)
<br />- Tahun 2006-2010, Susenas Panel (Maret)
<br />- Tahun 2011-2016, Susenas Modul Konsumsi (Maret dan September)
<br />- Angka Provinsi Papua Barat dan Papua sebelum tahun 2024 merupakan angka provinsi sebelum mengalami pemekaran Daerah Otonom Baru (DOB)",Kemiskinan dan Ketimpangan,38 Provinsi,5100,BALI,190,Perdesaan,122,2022,61,Semester 1 (Maret),0.294,51009819012261
bps_webapi,0000,2026-08-19T02:01:19+00:00,2026-08-05 12:26:57,98,Gini Ratio Menurut Provinsi dan Daerah,,3,,"- Sumber  : BPS, Susenas  
<br />- Tahun 2002, Susenas Modul Konsumsi reguler
<br />- Tahun 2005, Susenas Panel (Februari)
<br />- Tahun 2006-2010, Susenas Panel (Maret)
<br />- Tahun 2011-2016, Susenas Modul Konsumsi (Maret dan September)
<br />- Angka Provinsi Papua Barat dan Papua sebelum tahun 2024 merupakan angka provinsi sebelum mengalami pemekaran Daerah Otonom Baru (DOB)",Kemiskinan dan Ketimpangan,38 Provinsi,5100,BALI,190,Perdesaan,122,2022,62,Semester 2 (September),0.282,51009819012262
bps_webapi,0000,2026-08-19T02:01:19+00:00,2026-08-05 12:26:57,98,Gini Ratio Menurut Provinsi dan Daerah,,3,,"- Sumber  : BPS, Susenas  
<br />- Tahun 2002, Susenas Modul Konsumsi reguler
<br />- Tahun 2005, Susenas Panel (Februari)
<br />- Tahun 2006-2010, Susenas Panel (Maret)
<br />- Tahun 2011-2016, Susenas Modul Konsumsi (Maret dan September)
<br />- Angka Provinsi Papua Barat dan Papua sebelum tahun 2024 merupakan angka provinsi sebelum mengalami pemekaran Daerah Otonom Baru (DOB)",Kemiskinan dan Ketimpangan,38 Provinsi,5100,BALI,191,Perkotaan+Perdesaan,122,2022,61,Semester 1 (Maret),0.363,51009819112261
bps_webapi,0000,2026-08-19T02:01:19+00:00,2026-08-05 12:26:57,98,Gini Ratio Menurut Provinsi dan Daerah,,3,,"- Sumber  : BPS, Susenas  
<br />- Tahun 2002, Susenas Modul Konsumsi reguler
<br />- Tahun 2005, Susenas Panel (Februari)
<br />- Tahun 2006-2010, Susenas Panel (Maret)
<br />- Tahun 2011-2016, Susenas Modul Konsumsi (Maret dan September)
<br />- Angka Provinsi Papua Barat dan Papua sebelum tahun 2024 merupakan angka provinsi sebelum mengalami pemekaran Daerah Otonom Baru (DOB)",Kemiskinan dan Ketimpangan,38 Provinsi,5100,BALI,191,Perkotaan+Perdesaan,122,2022,62,Semester 2 (September),0.362,51009819112262
bps_webapi,0000,2026-08-19T02:01:19+00:00,2026-08-05 12:26:57,98,Gini Ratio Menurut Provinsi dan Daerah,,3,,"- Sumber  : BPS, Susenas  
<br />- Tahun 2002, Susenas Modul Konsumsi reguler
<br />- Tahun 2005, Susenas Panel (Februari)
<br />- Tahun 2006-2010, Susenas Panel (Maret)
<br />- Tahun 2011-2016, Susenas Modul Konsumsi (Maret dan September)
<br />- Angka Provinsi Papua Barat dan Papua sebelum tahun 2024 merupakan angka provinsi sebelum mengalami pemekaran Daerah Otonom Baru (DOB)",Kemiskinan dan Ketimpangan,38 Provinsi,5200,NUSA TENGGARA BARAT,189,Perkotaan,122,2022,61,Semester 1 (Maret),0.406,52009818912261
bps_webapi,0000,2026-08-19T02:01:19+00:00,2026-08-05 12:26:57,98,Gini Ratio Menurut Provinsi dan Daerah,,3,,"- Sumber  : BPS, Susenas  
<br />- Tahun 2002, Susenas Modul Konsumsi reguler
<br />- Tahun 2005, Susenas Panel (Februari)
<br />- Tahun 2006-2010, Susenas Panel (Maret)
<br />- Tahun 2011-2016, Susenas Modul Konsumsi (Maret dan September)
<br />- Angka Provinsi Papua Barat dan Papua sebelum tahun 2024 merupakan angka provinsi sebelum mengalami pemekaran Daerah Otonom Baru (DOB)",Kemiskinan dan Ketimpangan,38 Provinsi,5200,NUSA TENGGARA BARAT,189,Perkotaan,122,2022,62,Semester 2 (September),0.392,52009818912262
bps_webapi,0000,2026-08-19T02:01:19+00:00,2026-08-05 12:26:57,98,Gini Ratio Menurut Provinsi dan Daerah,,3,,"- Sumber  : BPS, Susenas  
<br />- Tahun 2002, Susenas Modul Konsumsi reguler
<br />- Tahun 2005, Susenas Panel (Februari)
<br />- Tahun 2006-2010, Susenas Panel (Maret)
<br />- Tahun 2011-2016, Susenas Modul Konsumsi (Maret dan September)
<br />- Angka Provinsi Papua Barat dan Papua sebelum tahun 2024 merupakan angka provinsi sebelum mengalami pemekaran Daerah Otonom Baru (DOB)",Kemiskinan dan Ketimpangan,38 Provinsi,5200,NUSA TENGGARA BARAT,190,Perdesaan,122,2022,61,Semester 1 (Maret),0.325,52009819012261
bps_webapi,0000,2026-08-19T02:01:19+00:00,2026-08-05 12:26:57,98,Gini Ratio Menurut Provinsi dan Daerah,,3,,"- Sumber  : BPS, Susenas  
<br />- Tahun 2002, Susenas Modul Konsumsi reguler
<br />- Tahun 2005, Susenas Panel (Februari)
<br />- Tahun 2006-2010, Susenas Panel (Maret)
<br />- Tahun 2011-2016, Susenas Modul Konsumsi (Maret dan September)
<br />- Angka Provinsi Papua Barat dan Papua sebelum tahun 2024 merupakan angka provinsi sebelum mengalami pemekaran Daerah Otonom Baru (DOB)",Kemiskinan dan Ketimpangan,38 Provinsi,5200,NUSA TENGGARA BARAT,190,Perdesaan,122,2022,62,Semester 2 (September),0.341,52009819012262
bps_webapi,0000,2026-08-19T02:01:19+00:00,2026-08-05 12:26:57,98,Gini Ratio Menurut Provinsi dan Daerah,,3,,"- Sumber  : BPS, Susenas  
<br />- Tahun 2002, Susenas Modul Konsumsi reguler
<br />- Tahun 2005, Susenas Panel (Februari)
<br />- Tahun 2006-2010, Susenas Panel (Maret)
<br />- Tahun 2011-2016, Susenas Modul Konsumsi (Maret dan September)
<br />- Angka Provinsi Papua Barat dan Papua sebelum tahun 2024 merupakan angka provinsi sebelum mengalami pemekaran Daerah Otonom Baru (DOB)",Kemiskinan dan Ketimpangan,38 Provinsi,5200,NUSA TENGGARA BARAT,191,Perkotaan+Perdesaan,122,2022,61,Semester 1 (Maret),0.373,52009819112261
bps_webapi,0000,2026-08-19T02:01:19+00:00,2026-08-05 12:26:57,98,Gini Ratio Menurut Provinsi dan Daerah,,3,,"- Sumber  : BPS, Susenas  
<br />- Tahun 2002, Susenas Modul Konsumsi reguler
<br />- Tahun 2005, Susenas Panel (Februari)
<br />- Tahun 2006-2010, Susenas Panel (Maret)
<br />- Tahun 2011-2016, Susenas Modul Konsumsi (Maret dan September)
<br />- Angka Provinsi Papua Barat dan Papua sebelum tahun 2024 merupakan angka provinsi sebelum mengalami pemekaran Daerah Otonom Baru (DOB)",Kemiskinan dan Ketimpangan,38 Provinsi,5200,NUSA TENGGARA BARAT,191,Perkotaan+Perdesaan,122,2022,62,Semester 2 (September),0.374,52009819112262
bps_webapi,0000,2026-08-19T02:01:19+00:00,2026-08-05 12:26:57,98,Gini Ratio Menurut Provinsi dan Daerah,,3,,"- Sumber  : BPS, Susenas  
<br />- Tahun 2002, Susenas Modul Konsumsi reguler
<br />- Tahun 2005, Susenas Panel (Februari)
<br />- Tahun 2006-2010, Susenas Panel (Maret)
<br />- Tahun 2011-2016, Susenas Modul Konsumsi (Maret dan September)
<br />- Angka Provinsi Papua Barat dan Papua sebelum tahun 2024 merupakan angka provinsi sebelum mengalami pemekaran Daerah Otonom Baru (DOB)",Kemiskinan dan Ketimpangan,38 Provinsi,5300,NUSA TENGGARA TIMUR,189,Perkotaan,122,2022,61,Semester 1 (Maret),0.324,53009818912261
bps_webapi,0000,2026-08-19T02:01:19+00:00,2026-08-05 12:26:57,98,Gini Ratio Menurut Provinsi dan Daerah,,3,,"- Sumber  : BPS, Susenas  
<br />- Tahun 2002, Susenas Modul Konsumsi reguler
<br />- Tahun 2005, Susenas Panel (Februari)
<br />- Tahun 2006-2010, Susenas Panel (Maret)
<br />- Tahun 2011-2016, Susenas Modul Konsumsi (Maret dan September)
<br />- Angka Provinsi Papua Barat dan Papua sebelum tahun 2024 merupakan angka provinsi sebelum mengalami pemekaran Daerah Otonom Baru (DOB)",Kemiskinan dan Ketimpangan,38 Provinsi,5300,NUSA TENGGARA TIMUR,189,Perkotaan,122,2022,62,Semester 2 (September),0.308,53009818912262
bps_webapi,0000,2026-08-19T02:01:19+00:00,2026-08-05 12:26:57,98,Gini Ratio Menurut Provinsi dan Daerah,,3,,"- Sumber  : BPS, Susenas  
<br />- Tahun 2002, Susenas Modul Konsumsi reguler
<br />- Tahun 2005, Susenas Panel (Februari)
<br />- Tahun 2006-2010, Susenas Panel (Maret)
<br />- Tahun 2011-2016, Susenas Modul Konsumsi (Maret dan September)
<br />- Angka Provinsi Papua Barat dan Papua sebelum tahun 2024 merupakan angka provinsi sebelum mengalami pemekaran Daerah Otonom Baru (DOB)",Kemiskinan dan Ketimpangan,38 Provinsi,5300,NUSA TENGGARA TIMUR,190,Perdesaan,122,2022,61,Semester 1 (Maret),0.304,53009819012261
bps_webapi,0000,2026-08-19T02:01:19+00:00,2026-08-05 12:26:57,98,Gini Ratio Menurut Provinsi dan Daerah,,3,,"- Sumber  : BPS, Susenas  
<br />- Tahun 2002, Susenas Modul Konsumsi reguler
<br />- Tahun 2005, Susenas Panel (Februari)
<br />- Tahun 2006-2010, Susenas Panel (Maret)
<br />- Tahun 2011-2016, Susenas Modul Konsumsi (Maret dan September)
<br />- Angka Provinsi Papua Barat dan Papua sebelum tahun 2024 merupakan angka provinsi sebelum mengalami pemekaran Daerah Otonom Baru (DOB)",Kemiskinan dan Ketimpangan,38 Provinsi,5300,NUSA TENGGARA TIMUR,190,Perdesaan,122,2022,62,Semester 2 (September),0.326,53009819012262
bps_webapi,0000,2026-08-19T02:01:19+00:00,2026-08-05 12:26:57,98,Gini Ratio Menurut Provinsi dan Daerah,,3,,"- Sumber  : BPS, Susenas  
<br />- Tahun 2002, Susenas Modul Konsumsi reguler
<br />- Tahun 2005, Susenas Panel (Februari)
<br />- Tahun 2006-2010, Susenas Panel (Maret)
<br />- Tahun 2011-2016, Susenas Modul Konsumsi (Maret dan September)
<br />- Angka Provinsi Papua Barat dan Papua sebelum tahun 2024 merupakan angka provinsi sebelum mengalami pemekaran Daerah Otonom Baru (DOB)",Kemiskinan dan Ketimpangan,38 Provinsi,5300,NUSA TENGGARA TIMUR,191,Perkotaan+Perdesaan,122,2022,61,Semester 1 (Maret),0.334,53009819112261
bps_webapi,0000,2026-08-19T02:01:19+00:00,2026-08-05 12:26:57,98,Gini Ratio Menurut Provinsi dan Daerah,,3,,"- Sumber  : BPS, Susenas  
<br />- Tahun 2002, Susenas Modul Konsumsi reguler
<br />- Tahun 2005, Susenas Panel (Februari)
<br />- Tahun 2006-2010, Susenas Panel (Maret)
<br />- Tahun 2011-2016, Susenas Modul Konsumsi (Maret dan September)
<br />- Angka Provinsi Papua Barat dan Papua sebelum tahun 2024 merupakan angka provinsi sebelum mengalami pemekaran Daerah Otonom Baru (DOB)",Kemiskinan dan Ketimpangan,38 Provinsi,5300,NUSA TENGGARA TIMUR,191,Perkotaan+Perdesaan,122,2022,62,Semester 2 (September),0.34,53009819112262
bps_webapi,0000,2026-08-19T02:01:19+00:00,2026-08-05 12:26:57,98,Gini Ratio Menurut Provinsi dan Daerah,,3,,"- Sumber  : BPS, Susenas  
<br />- Tahun 2002, Susenas Modul Konsumsi reguler
<br />- Tahun 2005, Susenas Panel (Februari)
<br />- Tahun 2006-2010, Susenas Panel (Maret)
<br />- Tahun 2011-2016, Susenas Modul Konsumsi (Maret dan September)
<br />- Angka Provinsi Papua Barat dan Papua sebelum tahun 2024 merupakan angka provinsi sebelum mengalami pemekaran Daerah Otonom Baru (DOB)",Kemiskinan dan Ketimpangan,38 Provinsi,6100,KALIMANTAN BARAT,189,Perkotaan,122,2022,61,Semester 1 (Maret),0.342,61009818912261
bps_webapi,0000,2026-08-19T02:01:19+00:00,2026-08-05 12:26:57,98,Gini Ratio Menurut Provinsi dan Daerah,,3,,"- Sumber  : BPS, Susenas  
<br />- Tahun 2002, Susenas Modul Konsumsi reguler
<br />- Tahun 2005, Susenas Panel (Februari)
<br />- Tahun 2006-2010, Susenas Panel (Maret)
<br />- Tahun 2011-2016, Susenas Modul Konsumsi (Maret dan September)
<br />- Angka Provinsi Papua Barat dan Papua sebelum tahun 2024 merupakan angka provinsi sebelum mengalami pemekaran Daerah Otonom Baru (DOB)",Kemiskinan dan Ketimpangan,38 Provinsi,6100,KALIMANTAN BARAT,189,Perkotaan,122,2022,62,Semester 2 (September),0.334,61009818912262
bps_webapi,0000,2026-08-19T02:01:19+00:00,2026-08-05 12:26:57,98,Gini Ratio Menurut Provinsi dan Daerah,,3,,"- Sumber  : BPS, Susenas  
<br />- Tahun 2002, Susenas Modul Konsumsi reguler
<br />- Tahun 2005, Susenas Panel (Februari)
<br />- Tahun 2006-2010, Susenas Panel (Maret)
<br />- Tahun 2011-2016, Susenas Modul Konsumsi (Maret dan September)
<br />- Angka Provinsi Papua Barat dan Papua sebelum tahun 2024 merupakan angka provinsi sebelum mengalami pemekaran Daerah Otonom Baru (DOB)",Kemiskinan dan Ketimpangan,38 Provinsi,6100,KALIMANTAN BARAT,190,Perdesaan,122,2022,61,Semester 1 (Maret),0.265,61009819012261
bps_webapi,0000,2026-08-19T02:01:19+00:00,2026-08-05 12:26:57,98,Gini Ratio Menurut Provinsi dan Daerah,,3,,"- Sumber  : BPS, Susenas  
<br />- Tahun 2002, Susenas Modul Konsumsi reguler
<br />- Tahun 2005, Susenas Panel (Februari)
<br />- Tahun 2006-2010, Susenas Panel (Maret)
<br />- Tahun 2011-2016, Susenas Modul Konsumsi (Maret dan September)
<br />- Angka Provinsi Papua Barat dan Papua sebelum tahun 2024 merupakan angka provinsi sebelum mengalami pemekaran Daerah Otonom Baru (DOB)",Kemiskinan dan Ketimpangan,38 Provinsi,6100,KALIMANTAN BARAT,190,Perdesaan,122,2022,62,Semester 2 (September),0.264,61009819012262
bps_webapi,0000,2026-08-19T02:01:19+00:00,2026-08-05 12:26:57,98,Gini Ratio Menurut Provinsi dan Daerah,,3,,"- Sumber  : BPS, Susenas  
<br />- Tahun 2002, Susenas Modul Konsumsi reguler
<br />- Tahun 2005, Susenas Panel (Februari)
<br />- Tahun 2006-2010, Susenas Panel (Maret)
<br />- Tahun 2011-2016, Susenas Modul Konsumsi (Maret dan September)
<br />- Angka Provinsi Papua Barat dan Papua sebelum tahun 2024 merupakan angka provinsi sebelum mengalami pemekaran Daerah Otonom Baru (DOB)",Kemiskinan dan Ketimpangan,38 Provinsi,6100,KALIMANTAN BARAT,191,Perkotaan+Perdesaan,122,2022,61,Semester 1 (Maret),0.314,61009819112261
bps_webapi,0000,2026-08-19T02:01:19+00:00,2026-08-05 12:26:57,98,Gini Ratio Menurut Provinsi dan Daerah,,3,,"- Sumber  : BPS, Susenas  
<br />- Tahun 2002, Susenas Modul Konsumsi reguler
<br />- Tahun 2005, Susenas Panel (Februari)
<br />- Tahun 2006-2010, Susenas Panel (Maret)
<br />- Tahun 2011-2016, Susenas Modul Konsumsi (Maret dan September)
<br />- Angka Provinsi Papua Barat dan Papua sebelum tahun 2024 merupakan angka provinsi sebelum mengalami pemekaran Daerah Otonom Baru (DOB)",Kemiskinan dan Ketimpangan,38 Provinsi,6100,KALIMANTAN BARAT,191,Perkotaan+Perdesaan,122,2022,62,Semester 2 (September),0.311,61009819112262
bps_webapi,0000,2026-08-19T02:01:19+00:00,2026-08-05 12:26:57,98,Gini Ratio Menurut Provinsi dan Daerah,,3,,"- Sumber  : BPS, Susenas  
<br />- Tahun 2002, Susenas Modul Konsumsi reguler
<br />- Tahun 2005, Susenas Panel (Februari)
<br />- Tahun 2006-2010, Susenas Panel (Maret)
<br />- Tahun 2011-2016, Susenas Modul Konsumsi (Maret dan September)
<br />- Angka Provinsi Papua Barat dan Papua sebelum tahun 2024 merupakan angka provinsi sebelum mengalami pemekaran Daerah Otonom Baru (DOB)",Kemiskinan dan Ketimpangan,38 Provinsi,6200,KALIMANTAN TENGAH,189,Perkotaan,122,2022,61,Semester 1 (Maret),0.348,62009818912261
bps_webapi,0000,2026-08-19T02:01:19+00:00,2026-08-05 12:26:57,98,Gini Ratio Menurut Provinsi dan Daerah,,3,,"- Sumber  : BPS, Susenas  
<br />- Tahun 2002, Susenas Modul Konsumsi reguler
<br />- Tahun 2005, Susenas Panel (Februari)
<br />- Tahun 2006-2010, Susenas Panel (Maret)
<br />- Tahun 2011-2016, Susenas Modul Konsumsi (Maret dan September)
<br />- Angka Provinsi Papua Barat dan Papua sebelum tahun 2024 merupakan angka provinsi sebelum mengalami pemekaran Daerah Otonom Baru (DOB)",Kemiskinan dan Ketimpangan,38 Provinsi,6200,KALIMANTAN TENGAH,189,Perkotaan,122,2022,62,Semester 2 (September),0.332,62009818912262
bps_webapi,0000,2026-08-19T02:01:19+00:00,2026-08-05 12:26:57,98,Gini Ratio Menurut Provinsi dan Daerah,,3,,"- Sumber  : BPS, Susenas  
<br />- Tahun 2002, Susenas Modul Konsumsi reguler
<br />- Tahun 2005, Susenas Panel (Februari)
<br />- Tahun 2006-2010, Susenas Panel (Maret)
<br />- Tahun 2011-2016, Susenas Modul Konsumsi (Maret dan September)
<br />- Angka Provinsi Papua Barat dan Papua sebelum tahun 2024 merupakan angka provinsi sebelum mengalami pemekaran Daerah Otonom Baru (DOB)",Kemiskinan dan Ketimpangan,38 Provinsi,6200,KALIMANTAN TENGAH,190,Perdesaan,122,2022,61,Semester 1 (Maret),0.292,62009819012261
bps_webapi,0000,2026-08-19T02:01:19+00:00,2026-08-05 12:26:57,98,Gini Ratio Menurut Provinsi dan Daerah,,3,,"- Sumber  : BPS, Susenas  
<br />- Tahun 2002, Susenas Modul Konsumsi reguler
<br />- Tahun 2005, Susenas Panel (Februari)
<br />- Tahun 2006-2010, Susenas Panel (Maret)
<br />- Tahun 2011-2016, Susenas Modul Konsumsi (Maret dan September)
<br />- Angka Provinsi Papua Barat dan Papua sebelum tahun 2024 merupakan angka provinsi sebelum mengalami pemekaran Daerah Otonom Baru (DOB)",Kemiskinan dan Ketimpangan,38 Provinsi,6200,KALIMANTAN TENGAH,190,Perdesaan,122,2022,62,Semester 2 (September),0.285,62009819012262
bps_webapi,0000,2026-08-19T02:01:19+00:00,2026-08-05 12:26:57,98,Gini Ratio Menurut Provinsi dan Daerah,,3,,"- Sumber  : BPS, Susenas  
<br />- Tahun 2002, Susenas Modul Konsumsi reguler
<br />- Tahun 2005, Susenas Panel (Februari)
<br />- Tahun 2006-2010, Susenas Panel (Maret)
<br />- Tahun 2011-2016, Susenas Modul Konsumsi (Maret dan September)
<br />- Angka Provinsi Papua Barat dan Papua sebelum tahun 2024 merupakan angka provinsi sebelum mengalami pemekaran Daerah Otonom Baru (DOB)",Kemiskinan dan Ketimpangan,38 Provinsi,6200,KALIMANTAN TENGAH,191,Perkotaan+Perdesaan,122,2022,61,Semester 1 (Maret),0.319,62009819112261
bps_webapi,0000,2026-08-19T02:01:19+00:00,2026-08-05 12:26:57,98,Gini Ratio Menurut Provinsi dan Daerah,,3,,"- Sumber  : BPS, Susenas  
<br />- Tahun 2002, Susenas Modul Konsumsi reguler
<br />- Tahun 2005, Susenas Panel (Februari)
<br />- Tahun 2006-2010, Susenas Panel (Maret)
<br />- Tahun 2011-2016, Susenas Modul Konsumsi (Maret dan September)
<br />- Angka Provinsi Papua Barat dan Papua sebelum tahun 2024 merupakan angka provinsi sebelum mengalami pemekaran Daerah Otonom Baru (DOB)",Kemiskinan dan Ketimpangan,38 Provinsi,6200,KALIMANTAN TENGAH,191,Perkotaan+Perdesaan,122,2022,62,Semester 2 (September),0.309,62009819112262
bps_webapi,0000,2026-08-19T02:01:19+00:00,2026-08-05 12:26:57,98,Gini Ratio Menurut Provinsi dan Daerah,,3,,"- Sumber  : BPS, Susenas  
<br />- Tahun 2002, Susenas Modul Konsumsi reguler
<br />- Tahun 2005, Susenas Panel (Februari)
<br />- Tahun 2006-2010, Susenas Panel (Maret)
<br />- Tahun 2011-2016, Susenas Modul Konsumsi (Maret dan September)
<br />- Angka Provinsi Papua Barat dan Papua sebelum tahun 2024 merupakan angka provinsi sebelum mengalami pemekaran Daerah Otonom Baru (DOB)",Kemiskinan dan Ketimpangan,38 Provinsi,6300,KALIMANTAN SELATAN,189,Perkotaan,122,2022,61,Semester 1 (Maret),0.345,63009818912261
bps_webapi,0000,2026-08-19T02:01:19+00:00,2026-08-05 12:26:57,98,Gini Ratio Menurut Provinsi dan Daerah,,3,,"- Sumber  : BPS, Susenas  
<br />- Tahun 2002, Susenas Modul Konsumsi reguler
<br />- Tahun 2005, Susenas Panel (Februari)
<br />- Tahun 2006-2010, Susenas Panel (Maret)
<br />- Tahun 2011-2016, Susenas Modul Konsumsi (Maret dan September)
<br />- Angka Provinsi Papua Barat dan Papua sebelum tahun 2024 merupakan angka provinsi sebelum mengalami pemekaran Daerah Otonom Baru (DOB)",Kemiskinan dan Ketimpangan,38 Provinsi,6300,KALIMANTAN SELATAN,189,Perkotaan,122,2022,62,Semester 2 (September),0.329,63009818912262
bps_webapi,0000,2026-08-19T02:01:19+00:00,2026-08-05 12:26:57,98,Gini Ratio Menurut Provinsi dan Daerah,,3,,"- Sumber  : BPS, Susenas  
<br />- Tahun 2002, Susenas Modul Konsumsi reguler
<br />- Tahun 2005, Susenas Panel (Februari)
<br />- Tahun 2006-2010, Susenas Panel (Maret)
<br />- Tahun 2011-2016, Susenas Modul Konsumsi (Maret dan September)
<br />- Angka Provinsi Papua Barat dan Papua sebelum tahun 2024 merupakan angka provinsi sebelum mengalami pemekaran Daerah Otonom Baru (DOB)",Kemiskinan dan Ketimpangan,38 Provinsi,6300,KALIMANTAN SELATAN,190,Perdesaan,122,2022,61,Semester 1 (Maret),0.263,63009819012261
bps_webapi,0000,2026-08-19T02:01:19+00:00,2026-08-05 12:26:57,98,Gini Ratio Menurut Provinsi dan Daerah,,3,,"- Sumber  : BPS, Susenas  
<br />- Tahun 2002, Susenas Modul Konsumsi reguler
<br />- Tahun 2005, Susenas Panel (Februari)
<br />- Tahun 2006-2010, Susenas Panel (Maret)
<br />- Tahun 2011-2016, Susenas Modul Konsumsi (Maret dan September)
<br />- Angka Provinsi Papua Barat dan Papua sebelum tahun 2024 merupakan angka provinsi sebelum mengalami pemekaran Daerah Otonom Baru (DOB)",Kemiskinan dan Ketimpangan,38 Provinsi,6300,KALIMANTAN SELATAN,190,Perdesaan,122,2022,62,Semester 2 (September),0.273,63009819012262
bps_webapi,0000,2026-08-19T02:01:19+00:00,2026-08-05 12:26:57,98,Gini Ratio Menurut Provinsi dan Daerah,,3,,"- Sumber  : BPS, Susenas  
<br />- Tahun 2002, Susenas Modul Konsumsi reguler
<br />- Tahun 2005, Susenas Panel (Februari)
<br />- Tahun 2006-2010, Susenas Panel (Maret)
<br />- Tahun 2011-2016, Susenas Modul Konsumsi (Maret dan September)
<br />- Angka Provinsi Papua Barat dan Papua sebelum tahun 2024 merupakan angka provinsi sebelum mengalami pemekaran Daerah Otonom Baru (DOB)",Kemiskinan dan Ketimpangan,38 Provinsi,6300,KALIMANTAN SELATAN,191,Perkotaan+Perdesaan,122,2022,61,Semester 1 (Maret),0.317,63009819112261
bps_webapi,0000,2026-08-19T02:01:19+00:00,2026-08-05 12:26:57,98,Gini Ratio Menurut Provinsi dan Daerah,,3,,"- Sumber  : BPS, Susenas  
<br />- Tahun 2002, Susenas Modul Konsumsi reguler
<br />- Tahun 2005, Susenas Panel (Februari)
<br />- Tahun 2006-2010, Susenas Panel (Maret)
<br />- Tahun 2011-2016, Susenas Modul Konsumsi (Maret dan September)
<br />- Angka Provinsi Papua Barat dan Papua sebelum tahun 2024 merupakan angka provinsi sebelum mengalami pemekaran Daerah Otonom Baru (DOB)",Kemiskinan dan Ketimpangan,38 Provinsi,6300,KALIMANTAN SELATAN,191,Perkotaan+Perdesaan,122,2022,62,Semester 2 (September),0.309,63009819112262
bps_webapi,0000,2026-08-19T02:01:19+00:00,2026-08-05 12:26:57,98,Gini Ratio Menurut Provinsi dan Daerah,,3,,"- Sumber  : BPS, Susenas  
<br />- Tahun 2002, Susenas Modul Konsumsi reguler
<br />- Tahun 2005, Susenas Panel (Februari)
<br />- Tahun 2006-2010, Susenas Panel (Maret)
<br />- Tahun 2011-2016, Susenas Modul Konsumsi (Maret dan September)
<br />- Angka Provinsi Papua Barat dan Papua sebelum tahun 2024 merupakan angka provinsi sebelum mengalami pemekaran Daerah Otonom Baru (DOB)",Kemiskinan dan Ketimpangan,38 Provinsi,6400,KALIMANTAN TIMUR,189,Perkotaan,122,2022,61,Semester 1 (Maret),0.334,64009818912261
bps_webapi,0000,2026-08-19T02:01:19+00:00,2026-08-05 12:26:57,98,Gini Ratio Menurut Provinsi dan Daerah,,3,,"- Sumber  : BPS, Susenas  
<br />- Tahun 2002, Susenas Modul Konsumsi reguler
<br />- Tahun 2005, Susenas Panel (Februari)
<br />- Tahun 2006-2010, Susenas Panel (Maret)
<br />- Tahun 2011-2016, Susenas Modul Konsumsi (Maret dan September)
<br />- Angka Provinsi Papua Barat dan Papua sebelum tahun 2024 merupakan angka provinsi sebelum mengalami pemekaran Daerah Otonom Baru (DOB)",Kemiskinan dan Ketimpangan,38 Provinsi,6400,KALIMANTAN TIMUR,189,Perkotaan,122,2022,62,Semester 2 (September),0.32,64009818912262
bps_webapi,0000,2026-08-19T02:01:19+00:00,2026-08-05 12:26:57,98,Gini Ratio Menurut Provinsi dan Daerah,,3,,"- Sumber  : BPS, Susenas  
<br />- Tahun 2002, Susenas Modul Konsumsi reguler
<br />- Tahun 2005, Susenas Panel (Februari)
<br />- Tahun 2006-2010, Susenas Panel (Maret)
<br />- Tahun 2011-2016, Susenas Modul Konsumsi (Maret dan September)
<br />- Angka Provinsi Papua Barat dan Papua sebelum tahun 2024 merupakan angka provinsi sebelum mengalami pemekaran Daerah Otonom Baru (DOB)",Kemiskinan dan Ketimpangan,38 Provinsi,6400,KALIMANTAN TIMUR,190,Perdesaan,122,2022,61,Semester 1 (Maret),0.283,64009819012261
bps_webapi,0000,2026-08-19T02:01:19+00:00,2026-08-05 12:26:57,98,Gini Ratio Menurut Provinsi dan Daerah,,3,,"- Sumber  : BPS, Susenas  
<br />- Tahun 2002, Susenas Modul Konsumsi reguler
<br />- Tahun 2005, Susenas Panel (Februari)
<br />- Tahun 2006-2010, Susenas Panel (Maret)
<br />- Tahun 2011-2016, Susenas Modul Konsumsi (Maret dan September)
<br />- Angka Provinsi Papua Barat dan Papua sebelum tahun 2024 merupakan angka provinsi sebelum mengalami pemekaran Daerah Otonom Baru (DOB)",Kemiskinan dan Ketimpangan,38 Provinsi,6400,KALIMANTAN TIMUR,190,Perdesaan,122,2022,62,Semester 2 (September),0.301,64009819012262
bps_webapi,0000,2026-08-19T02:01:19+00:00,2026-08-05 12:26:57,98,Gini Ratio Menurut Provinsi dan Daerah,,3,,"- Sumber  : BPS, Susenas  
<br />- Tahun 2002, Susenas Modul Konsumsi reguler
<br />- Tahun 2005, Susenas Panel (Februari)
<br />- Tahun 2006-2010, Susenas Panel (Maret)
<br />- Tahun 2011-2016, Susenas Modul Konsumsi (Maret dan September)
<br />- Angka Provinsi Papua Barat dan Papua sebelum tahun 2024 merupakan angka provinsi sebelum mengalami pemekaran Daerah Otonom Baru (DOB)",Kemiskinan dan Ketimpangan,38 Provinsi,6400,KALIMANTAN TIMUR,191,Perkotaan+Perdesaan,122,2022,61,Semester 1 (Maret),0.327,64009819112261
bps_webapi,0000,2026-08-19T02:01:19+00:00,2026-08-05 12:26:57,98,Gini Ratio Menurut Provinsi dan Daerah,,3,,"- Sumber  : BPS, Susenas  
<br />- Tahun 2002, Susenas Modul Konsumsi reguler
<br />- Tahun 2005, Susenas Panel (Februari)
<br />- Tahun 2006-2010, Susenas Panel (Maret)
<br />- Tahun 2011-2016, Susenas Modul Konsumsi (Maret dan September)
<br />- Angka Provinsi Papua Barat dan Papua sebelum tahun 2024 merupakan angka provinsi sebelum mengalami pemekaran Daerah Otonom Baru (DOB)",Kemiskinan dan Ketimpangan,38 Provinsi,6400,KALIMANTAN TIMUR,191,Perkotaan+Perdesaan,122,2022,62,Semester 2 (September),0.317,64009819112262
bps_webapi,0000,2026-08-19T02:01:19+00:00,2026-08-05 12:26:57,98,Gini Ratio Menurut Provinsi dan Daerah,,3,,"- Sumber  : BPS, Susenas  
<br />- Tahun 2002, Susenas Modul Konsumsi reguler
<br />- Tahun 2005, Susenas Panel (Februari)
<br />- Tahun 2006-2010, Susenas Panel (Maret)
<br />- Tahun 2011-2016, Susenas Modul Konsumsi (Maret dan September)
<br />- Angka Provinsi Papua Barat dan Papua sebelum tahun 2024 merupakan angka provinsi sebelum mengalami pemekaran Daerah Otonom Baru (DOB)",Kemiskinan dan Ketimpangan,38 Provinsi,6500,KALIMANTAN UTARA,189,Perkotaan,122,2022,61,Semester 1 (Maret),0.269,65009818912261
bps_webapi,0000,2026-08-19T02:01:19+00:00,2026-08-05 12:26:57,98,Gini Ratio Menurut Provinsi dan Daerah,,3,,"- Sumber  : BPS, Susenas  
<br />- Tahun 2002, Susenas Modul Konsumsi reguler
<br />- Tahun 2005, Susenas Panel (Februari)
<br />- Tahun 2006-2010, Susenas Panel (Maret)
<br />- Tahun 2011-2016, Susenas Modul Konsumsi (Maret dan September)
<br />- Angka Provinsi Papua Barat dan Papua sebelum tahun 2024 merupakan angka provinsi sebelum mengalami pemekaran Daerah Otonom Baru (DOB)",Kemiskinan dan Ketimpangan,38 Provinsi,6500,KALIMANTAN UTARA,189,Perkotaan,122,2022,62,Semester 2 (September),0.256,65009818912262
bps_webapi,0000,2026-08-19T02:01:19+00:00,2026-08-05 12:26:57,98,Gini Ratio Menurut Provinsi dan Daerah,,3,,"- Sumber  : BPS, Susenas  
<br />- Tahun 2002, Susenas Modul Konsumsi reguler
<br />- Tahun 2005, Susenas Panel (Februari)
<br />- Tahun 2006-2010, Susenas Panel (Maret)
<br />- Tahun 2011-2016, Susenas Modul Konsumsi (Maret dan September)
<br />- Angka Provinsi Papua Barat dan Papua sebelum tahun 2024 merupakan angka provinsi sebelum mengalami pemekaran Daerah Otonom Baru (DOB)",Kemiskinan dan Ketimpangan,38 Provinsi,6500,KALIMANTAN UTARA,190,Perdesaan,122,2022,61,Semester 1 (Maret),0.269,65009819012261
bps_webapi,0000,2026-08-19T02:01:19+00:00,2026-08-05 12:26:57,98,Gini Ratio Menurut Provinsi dan Daerah,,3,,"- Sumber  : BPS, Susenas  
<br />- Tahun 2002, Susenas Modul Konsumsi reguler
<br />- Tahun 2005, Susenas Panel (Februari)
<br />- Tahun 2006-2010, Susenas Panel (Maret)
<br />- Tahun 2011-2016, Susenas Modul Konsumsi (Maret dan September)
<br />- Angka Provinsi Papua Barat dan Papua sebelum tahun 2024 merupakan angka provinsi sebelum mengalami pemekaran Daerah Otonom Baru (DOB)",Kemiskinan dan Ketimpangan,38 Provinsi,6500,KALIMANTAN UTARA,190,Perdesaan,122,2022,62,Semester 2 (September),0.287,65009819012262
bps_webapi,0000,2026-08-19T02:01:19+00:00,2026-08-05 12:26:57,98,Gini Ratio Menurut Provinsi dan Daerah,,3,,"- Sumber  : BPS, Susenas  
<br />- Tahun 2002, Susenas Modul Konsumsi reguler
<br />- Tahun 2005, Susenas Panel (Februari)
<br />- Tahun 2006-2010, Susenas Panel (Maret)
<br />- Tahun 2011-2016, Susenas Modul Konsumsi (Maret dan September)
<br />- Angka Provinsi Papua Barat dan Papua sebelum tahun 2024 merupakan angka provinsi sebelum mengalami pemekaran Daerah Otonom Baru (DOB)",Kemiskinan dan Ketimpangan,38 Provinsi,6500,KALIMANTAN UTARA,191,Perkotaan+Perdesaan,122,2022,61,Semester 1 (Maret),0.272,65009819112261
bps_webapi,0000,2026-08-19T02:01:19+00:00,2026-08-05 12:26:57,98,Gini Ratio Menurut Provinsi dan Daerah,,3,,"- Sumber  : BPS, Susenas  
<br />- Tahun 2002, Susenas Modul Konsumsi reguler
<br />- Tahun 2005, Susenas Panel (Februari)
<br />- Tahun 2006-2010, Susenas Panel (Maret)
<br />- Tahun 2011-2016, Susenas Modul Konsumsi (Maret dan September)
<br />- Angka Provinsi Papua Barat dan Papua sebelum tahun 2024 merupakan angka provinsi sebelum mengalami pemekaran Daerah Otonom Baru (DOB)",Kemiskinan dan Ketimpangan,38 Provinsi,6500,KALIMANTAN UTARA,191,Perkotaan+Perdesaan,122,2022,62,Semester 2 (September),0.27,65009819112262
bps_webapi,0000,2026-08-19T02:01:19+00:00,2026-08-05 12:26:57,98,Gini Ratio Menurut Provinsi dan Daerah,,3,,"- Sumber  : BPS, Susenas  
<br />- Tahun 2002, Susenas Modul Konsumsi reguler
<br />- Tahun 2005, Susenas Panel (Februari)
<br />- Tahun 2006-2010, Susenas Panel (Maret)
<br />- Tahun 2011-2016, Susenas Modul Konsumsi (Maret dan September)
<br />- Angka Provinsi Papua Barat dan Papua sebelum tahun 2024 merupakan angka provinsi sebelum mengalami pemekaran Daerah Otonom Baru (DOB)",Kemiskinan dan Ketimpangan,38 Provinsi,7100,SULAWESI UTARA,189,Perkotaan,122,2022,61,Semester 1 (Maret),0.362,71009818912261
bps_webapi,0000,2026-08-19T02:01:19+00:00,2026-08-05 12:26:57,98,Gini Ratio Menurut Provinsi dan Daerah,,3,,"- Sumber  : BPS, Susenas  
<br />- Tahun 2002, Susenas Modul Konsumsi reguler
<br />- Tahun 2005, Susenas Panel (Februari)
<br />- Tahun 2006-2010, Susenas Panel (Maret)
<br />- Tahun 2011-2016, Susenas Modul Konsumsi (Maret dan September)
<br />- Angka Provinsi Papua Barat dan Papua sebelum tahun 2024 merupakan angka provinsi sebelum mengalami pemekaran Daerah Otonom Baru (DOB)",Kemiskinan dan Ketimpangan,38 Provinsi,7100,SULAWESI UTARA,189,Perkotaan,122,2022,62,Semester 2 (September),0.355,71009818912262
bps_webapi,0000,2026-08-19T02:01:19+00:00,2026-08-05 12:26:57,98,Gini Ratio Menurut Provinsi dan Daerah,,3,,"- Sumber  : BPS, Susenas  
<br />- Tahun 2002, Susenas Modul Konsumsi reguler
<br />- Tahun 2005, Susenas Panel (Februari)
<br />- Tahun 2006-2010, Susenas Panel (Maret)
<br />- Tahun 2011-2016, Susenas Modul Konsumsi (Maret dan September)
<br />- Angka Provinsi Papua Barat dan Papua sebelum tahun 2024 merupakan angka provinsi sebelum mengalami pemekaran Daerah Otonom Baru (DOB)",Kemiskinan dan Ketimpangan,38 Provinsi,7100,SULAWESI UTARA,190,Perdesaan,122,2022,61,Semester 1 (Maret),0.354,71009819012261
bps_webapi,0000,2026-08-19T02:01:19+00:00,2026-08-05 12:26:57,98,Gini Ratio Menurut Provinsi dan Daerah,,3,,"- Sumber  : BPS, Susenas  
<br />- Tahun 2002, Susenas Modul Konsumsi reguler
<br />- Tahun 2005, Susenas Panel (Februari)
<br />- Tahun 2006-2010, Susenas Panel (Maret)
<br />- Tahun 2011-2016, Susenas Modul Konsumsi (Maret dan September)
<br />- Angka Provinsi Papua Barat dan Papua sebelum tahun 2024 merupakan angka provinsi sebelum mengalami pemekaran Daerah Otonom Baru (DOB)",Kemiskinan dan Ketimpangan,38 Provinsi,7100,SULAWESI UTARA,190,Perdesaan,122,2022,62,Semester 2 (September),0.352,71009819012262
bps_webapi,0000,2026-08-19T02:01:19+00:00,2026-08-05 12:26:57,98,Gini Ratio Menurut Provinsi dan Daerah,,3,,"- Sumber  : BPS, Susenas  
<br />- Tahun 2002, Susenas Modul Konsumsi reguler
<br />- Tahun 2005, Susenas Panel (Februari)
<br />- Tahun 2006-2010, Susenas Panel (Maret)
<br />- Tahun 2011-2016, Susenas Modul Konsumsi (Maret dan September)
<br />- Angka Provinsi Papua Barat dan Papua sebelum tahun 2024 merupakan angka provinsi sebelum mengalami pemekaran Daerah Otonom Baru (DOB)",Kemiskinan dan Ketimpangan,38 Provinsi,7100,SULAWESI UTARA,191,Perkotaan+Perdesaan,122,2022,61,Semester 1 (Maret),0.365,71009819112261
bps_webapi,0000,2026-08-19T02:01:19+00:00,2026-08-05 12:26:57,98,Gini Ratio Menurut Provinsi dan Daerah,,3,,"- Sumber  : BPS, Susenas  
<br />- Tahun 2002, Susenas Modul Konsumsi reguler
<br />- Tahun 2005, Susenas Panel (Februari)
<br />- Tahun 2006-2010, Susenas Panel (Maret)
<br />- Tahun 2011-2016, Susenas Modul Konsumsi (Maret dan September)
<br />- Angka Provinsi Papua Barat dan Papua sebelum tahun 2024 merupakan angka provinsi sebelum mengalami pemekaran Daerah Otonom Baru (DOB)",Kemiskinan dan Ketimpangan,38 Provinsi,7100,SULAWESI UTARA,191,Perkotaan+Perdesaan,122,2022,62,Semester 2 (September),0.359,71009819112262
bps_webapi,0000,2026-08-19T02:01:19+00:00,2026-08-05 12:26:57,98,Gini Ratio Menurut Provinsi dan Daerah,,3,,"- Sumber  : BPS, Susenas  
<br />- Tahun 2002, Susenas Modul Konsumsi reguler
<br />- Tahun 2005, Susenas Panel (Februari)
<br />- Tahun 2006-2010, Susenas Panel (Maret)
<br />- Tahun 2011-2016, Susenas Modul Konsumsi (Maret dan September)
<br />- Angka Provinsi Papua Barat dan Papua sebelum tahun 2024 merupakan angka provinsi sebelum mengalami pemekaran Daerah Otonom Baru (DOB)",Kemiskinan dan Ketimpangan,38 Provinsi,7200,SULAWESI TENGAH,189,Perkotaan,122,2022,61,Semester 1 (Maret),0.343,72009818912261
bps_webapi,0000,2026-08-19T02:01:19+00:00,2026-08-05 12:26:57,98,Gini Ratio Menurut Provinsi dan Daerah,,3,,"- Sumber  : BPS, Susenas  
<br />- Tahun 2002, Susenas Modul Konsumsi reguler
<br />- Tahun 2005, Susenas Panel (Februari)
<br />- Tahun 2006-2010, Susenas Panel (Maret)
<br />- Tahun 2011-2016, Susenas Modul Konsumsi (Maret dan September)
<br />- Angka Provinsi Papua Barat dan Papua sebelum tahun 2024 merupakan angka provinsi sebelum mengalami pemekaran Daerah Otonom Baru (DOB)",Kemiskinan dan Ketimpangan,38 Provinsi,7200,SULAWESI TENGAH,189,Perkotaan,122,2022,62,Semester 2 (September),0.337,72009818912262
bps_webapi,0000,2026-08-19T02:01:19+00:00,2026-08-05 12:26:57,98,Gini Ratio Menurut Provinsi dan Daerah,,3,,"- Sumber  : BPS, Susenas  
<br />- Tahun 2002, Susenas Modul Konsumsi reguler
<br />- Tahun 2005, Susenas Panel (Februari)
<br />- Tahun 2006-2010, Susenas Panel (Maret)
<br />- Tahun 2011-2016, Susenas Modul Konsumsi (Maret dan September)
<br />- Angka Provinsi Papua Barat dan Papua sebelum tahun 2024 merupakan angka provinsi sebelum mengalami pemekaran Daerah Otonom Baru (DOB)",Kemiskinan dan Ketimpangan,38 Provinsi,7200,SULAWESI TENGAH,190,Perdesaan,122,2022,61,Semester 1 (Maret),0.272,72009819012261
bps_webapi,0000,2026-08-19T02:01:19+00:00,2026-08-05 12:26:57,98,Gini Ratio Menurut Provinsi dan Daerah,,3,,"- Sumber  : BPS, Susenas  
<br />- Tahun 2002, Susenas Modul Konsumsi reguler
<br />- Tahun 2005, Susenas Panel (Februari)
<br />- Tahun 2006-2010, Susenas Panel (Maret)
<br />- Tahun 2011-2016, Susenas Modul Konsumsi (Maret dan September)
<br />- Angka Provinsi Papua Barat dan Papua sebelum tahun 2024 merupakan angka provinsi sebelum mengalami pemekaran Daerah Otonom Baru (DOB)",Kemiskinan dan Ketimpangan,38 Provinsi,7200,SULAWESI TENGAH,190,Perdesaan,122,2022,62,Semester 2 (September),0.28,72009819012262
bps_webapi,0000,2026-08-19T02:01:19+00:00,2026-08-05 12:26:57,98,Gini Ratio Menurut Provinsi dan Daerah,,3,,"- Sumber  : BPS, Susenas  
<br />- Tahun 2002, Susenas Modul Konsumsi reguler
<br />- Tahun 2005, Susenas Panel (Februari)
<br />- Tahun 2006-2010, Susenas Panel (Maret)
<br />- Tahun 2011-2016, Susenas Modul Konsumsi (Maret dan September)
<br />- Angka Provinsi Papua Barat dan Papua sebelum tahun 2024 merupakan angka provinsi sebelum mengalami pemekaran Daerah Otonom Baru (DOB)",Kemiskinan dan Ketimpangan,38 Provinsi,7200,SULAWESI TENGAH,191,Perkotaan+Perdesaan,122,2022,61,Semester 1 (Maret),0.308,72009819112261
bps_webapi,0000,2026-08-19T02:01:19+00:00,2026-08-05 12:26:57,98,Gini Ratio Menurut Provinsi dan Daerah,,3,,"- Sumber  : BPS, Susenas  
<br />- Tahun 2002, Susenas Modul Konsumsi reguler
<br />- Tahun 2005, Susenas Panel (Februari)
<br />- Tahun 2006-2010, Susenas Panel (Maret)
<br />- Tahun 2011-2016, Susenas Modul Konsumsi (Maret dan September)
<br />- Angka Provinsi Papua Barat dan Papua sebelum tahun 2024 merupakan angka provinsi sebelum mengalami pemekaran Daerah Otonom Baru (DOB)",Kemiskinan dan Ketimpangan,38 Provinsi,7200,SULAWESI TENGAH,191,Perkotaan+Perdesaan,122,2022,62,Semester 2 (September),0.305,72009819112262
bps_webapi,0000,2026-08-19T02:01:19+00:00,2026-08-05 12:26:57,98,Gini Ratio Menurut Provinsi dan Daerah,,3,,"- Sumber  : BPS, Susenas  
<br />- Tahun 2002, Susenas Modul Konsumsi reguler
<br />- Tahun 2005, Susenas Panel (Februari)
<br />- Tahun 2006-2010, Susenas Panel (Maret)
<br />- Tahun 2011-2016, Susenas Modul Konsumsi (Maret dan September)
<br />- Angka Provinsi Papua Barat dan Papua sebelum tahun 2024 merupakan angka provinsi sebelum mengalami pemekaran Daerah Otonom Baru (DOB)",Kemiskinan dan Ketimpangan,38 Provinsi,7300,SULAWESI SELATAN,189,Perkotaan,122,2022,61,Semester 1 (Maret),0.388,73009818912261
bps_webapi,0000,2026-08-19T02:01:19+00:00,2026-08-05 12:26:57,98,Gini Ratio Menurut Provinsi dan Daerah,,3,,"- Sumber  : BPS, Susenas  
<br />- Tahun 2002, Susenas Modul Konsumsi reguler
<br />- Tahun 2005, Susenas Panel (Februari)
<br />- Tahun 2006-2010, Susenas Panel (Maret)
<br />- Tahun 2011-2016, Susenas Modul Konsumsi (Maret dan September)
<br />- Angka Provinsi Papua Barat dan Papua sebelum tahun 2024 merupakan angka provinsi sebelum mengalami pemekaran Daerah Otonom Baru (DOB)",Kemiskinan dan Ketimpangan,38 Provinsi,7300,SULAWESI SELATAN,189,Perkotaan,122,2022,62,Semester 2 (September),0.378,73009818912262
bps_webapi,0000,2026-08-19T02:01:19+00:00,2026-08-05 12:26:57,98,Gini Ratio Menurut Provinsi dan Daerah,,3,,"- Sumber  : BPS, Susenas  
<br />- Tahun 2002, Susenas Modul Konsumsi reguler
<br />- Tahun 2005, Susenas Panel (Februari)
<br />- Tahun 2006-2010, Susenas Panel (Maret)
<br />- Tahun 2011-2016, Susenas Modul Konsumsi (Maret dan September)
<br />- Angka Provinsi Papua Barat dan Papua sebelum tahun 2024 merupakan angka provinsi sebelum mengalami pemekaran Daerah Otonom Baru (DOB)",Kemiskinan dan Ketimpangan,38 Provinsi,7300,SULAWESI SELATAN,190,Perdesaan,122,2022,61,Semester 1 (Maret),0.336,73009819012261
bps_webapi,0000,2026-08-19T02:01:19+00:00,2026-08-05 12:26:57,98,Gini Ratio Menurut Provinsi dan Daerah,,3,,"- Sumber  : BPS, Susenas  
<br />- Tahun 2002, Susenas Modul Konsumsi reguler
<br />- Tahun 2005, Susenas Panel (Februari)
<br />- Tahun 2006-2010, Susenas Panel (Maret)
<br />- Tahun 2011-2016, Susenas Modul Konsumsi (Maret dan September)
<br />- Angka Provinsi Papua Barat dan Papua sebelum tahun 2024 merupakan angka provinsi sebelum mengalami pemekaran Daerah Otonom Baru (DOB)",Kemiskinan dan Ketimpangan,38 Provinsi,7300,SULAWESI SELATAN,190,Perdesaan,122,2022,62,Semester 2 (September),0.324,73009819012262
bps_webapi,0000,2026-08-19T02:01:19+00:00,2026-08-05 12:26:57,98,Gini Ratio Menurut Provinsi dan Daerah,,3,,"- Sumber  : BPS, Susenas  
<br />- Tahun 2002, Susenas Modul Konsumsi reguler
<br />- Tahun 2005, Susenas Panel (Februari)
<br />- Tahun 2006-2010, Susenas Panel (Maret)
<br />- Tahun 2011-2016, Susenas Modul Konsumsi (Maret dan September)
<br />- Angka Provinsi Papua Barat dan Papua sebelum tahun 2024 merupakan angka provinsi sebelum mengalami pemekaran Daerah Otonom Baru (DOB)",Kemiskinan dan Ketimpangan,38 Provinsi,7300,SULAWESI SELATAN,191,Perkotaan+Perdesaan,122,2022,61,Semester 1 (Maret),0.377,73009819112261
bps_webapi,0000,2026-08-19T02:01:19+00:00,2026-08-05 12:26:57,98,Gini Ratio Menurut Provinsi dan Daerah,,3,,"- Sumber  : BPS, Susenas  
<br />- Tahun 2002, Susenas Modul Konsumsi reguler
<br />- Tahun 2005, Susenas Panel (Februari)
<br />- Tahun 2006-2010, Susenas Panel (Maret)
<br />- Tahun 2011-2016, Susenas Modul Konsumsi (Maret dan September)
<br />- Angka Provinsi Papua Barat dan Papua sebelum tahun 2024 merupakan angka provinsi sebelum mengalami pemekaran Daerah Otonom Baru (DOB)",Kemiskinan dan Ketimpangan,38 Provinsi,7300,SULAWESI SELATAN,191,Perkotaan+Perdesaan,122,2022,62,Semester 2 (September),0.365,73009819112262
bps_webapi,0000,2026-08-19T02:01:19+00:00,2026-08-05 12:26:57,98,Gini Ratio Menurut Provinsi dan Daerah,,3,,"- Sumber  : BPS, Susenas  
<br />- Tahun 2002, Susenas Modul Konsumsi reguler
<br />- Tahun 2005, Susenas Panel (Februari)
<br />- Tahun 2006-2010, Susenas Panel (Maret)
<br />- Tahun 2011-2016, Susenas Modul Konsumsi (Maret dan September)
<br />- Angka Provinsi Papua Barat dan Papua sebelum tahun 2024 merupakan angka provinsi sebelum mengalami pemekaran Daerah Otonom Baru (DOB)",Kemiskinan dan Ketimpangan,38 Provinsi,7400,SULAWESI TENGGARA,189,Perkotaan,122,2022,61,Semester 1 (Maret),0.404,74009818912261
bps_webapi,0000,2026-08-19T02:01:19+00:00,2026-08-05 12:26:57,98,Gini Ratio Menurut Provinsi dan Daerah,,3,,"- Sumber  : BPS, Susenas  
<br />- Tahun 2002, Susenas Modul Konsumsi reguler
<br />- Tahun 2005, Susenas Panel (Februari)
<br />- Tahun 2006-2010, Susenas Panel (Maret)
<br />- Tahun 2011-2016, Susenas Modul Konsumsi (Maret dan September)
<br />- Angka Provinsi Papua Barat dan Papua sebelum tahun 2024 merupakan angka provinsi sebelum mengalami pemekaran Daerah Otonom Baru (DOB)",Kemiskinan dan Ketimpangan,38 Provinsi,7400,SULAWESI TENGGARA,189,Perkotaan,122,2022,62,Semester 2 (September),0.382,74009818912262
bps_webapi,0000,2026-08-19T02:01:19+00:00,2026-08-05 12:26:57,98,Gini Ratio Menurut Provinsi dan Daerah,,3,,"- Sumber  : BPS, Susenas  
<br />- Tahun 2002, Susenas Modul Konsumsi reguler
<br />- Tahun 2005, Susenas Panel (Februari)
<br />- Tahun 2006-2010, Susenas Panel (Maret)
<br />- Tahun 2011-2016, Susenas Modul Konsumsi (Maret dan September)
<br />- Angka Provinsi Papua Barat dan Papua sebelum tahun 2024 merupakan angka provinsi sebelum mengalami pemekaran Daerah Otonom Baru (DOB)",Kemiskinan dan Ketimpangan,38 Provinsi,7400,SULAWESI TENGGARA,190,Perdesaan,122,2022,61,Semester 1 (Maret),0.352,74009819012261
bps_webapi,0000,2026-08-19T02:01:19+00:00,2026-08-05 12:26:57,98,Gini Ratio Menurut Provinsi dan Daerah,,3,,"- Sumber  : BPS, Susenas  
<br />- Tahun 2002, Susenas Modul Konsumsi reguler
<br />- Tahun 2005, Susenas Panel (Februari)
<br />- Tahun 2006-2010, Susenas Panel (Maret)
<br />- Tahun 2011-2016, Susenas Modul Konsumsi (Maret dan September)
<br />- Angka Provinsi Papua Barat dan Papua sebelum tahun 2024 merupakan angka provinsi sebelum mengalami pemekaran Daerah Otonom Baru (DOB)",Kemiskinan dan Ketimpangan,38 Provinsi,7400,SULAWESI TENGGARA,190,Perdesaan,122,2022,62,Semester 2 (September),0.341,74009819012262
bps_webapi,0000,2026-08-19T02:01:19+00:00,2026-08-05 12:26:57,98,Gini Ratio Menurut Provinsi dan Daerah,,3,,"- Sumber  : BPS, Susenas  
<br />- Tahun 2002, Susenas Modul Konsumsi reguler
<br />- Tahun 2005, Susenas Panel (Februari)
<br />- Tahun 2006-2010, Susenas Panel (Maret)
<br />- Tahun 2011-2016, Susenas Modul Konsumsi (Maret dan September)
<br />- Angka Provinsi Papua Barat dan Papua sebelum tahun 2024 merupakan angka provinsi sebelum mengalami pemekaran Daerah Otonom Baru (DOB)",Kemiskinan dan Ketimpangan,38 Provinsi,7400,SULAWESI TENGGARA,191,Perkotaan+Perdesaan,122,2022,61,Semester 1 (Maret),0.387,74009819112261
bps_webapi,0000,2026-08-19T02:01:19+00:00,2026-08-05 12:26:57,98,Gini Ratio Menurut Provinsi dan Daerah,,3,,"- Sumber  : BPS, Susenas  
<br />- Tahun 2002, Susenas Modul Konsumsi reguler
<br />- Tahun 2005, Susenas Panel (Februari)
<br />- Tahun 2006-2010, Susenas Panel (Maret)
<br />- Tahun 2011-2016, Susenas Modul Konsumsi (Maret dan September)
<br />- Angka Provinsi Papua Barat dan Papua sebelum tahun 2024 merupakan angka provinsi sebelum mengalami pemekaran Daerah Otonom Baru (DOB)",Kemiskinan dan Ketimpangan,38 Provinsi,7400,SULAWESI TENGGARA,191,Perkotaan+Perdesaan,122,2022,62,Semester 2 (September),0.366,74009819112262
bps_webapi,0000,2026-08-19T02:01:19+00:00,2026-08-05 12:26:57,98,Gini Ratio Menurut Provinsi dan Daerah,,3,,"- Sumber  : BPS, Susenas  
<br />- Tahun 2002, Susenas Modul Konsumsi reguler
<br />- Tahun 2005, Susenas Panel (Februari)
<br />- Tahun 2006-2010, Susenas Panel (Maret)
<br />- Tahun 2011-2016, Susenas Modul Konsumsi (Maret dan September)
<br />- Angka Provinsi Papua Barat dan Papua sebelum tahun 2024 merupakan angka provinsi sebelum mengalami pemekaran Daerah Otonom Baru (DOB)",Kemiskinan dan Ketimpangan,38 Provinsi,7500,GORONTALO,189,Perkotaan,122,2022,61,Semester 1 (Maret),0.409,75009818912261
bps_webapi,0000,2026-08-19T02:01:19+00:00,2026-08-05 12:26:57,98,Gini Ratio Menurut Provinsi dan Daerah,,3,,"- Sumber  : BPS, Susenas  
<br />- Tahun 2002, Susenas Modul Konsumsi reguler
<br />- Tahun 2005, Susenas Panel (Februari)
<br />- Tahun 2006-2010, Susenas Panel (Maret)
<br />- Tahun 2011-2016, Susenas Modul Konsumsi (Maret dan September)
<br />- Angka Provinsi Papua Barat dan Papua sebelum tahun 2024 merupakan angka provinsi sebelum mengalami pemekaran Daerah Otonom Baru (DOB)",Kemiskinan dan Ketimpangan,38 Provinsi,7500,GORONTALO,189,Perkotaan,122,2022,62,Semester 2 (September),0.406,75009818912262
bps_webapi,0000,2026-08-19T02:01:19+00:00,2026-08-05 12:26:57,98,Gini Ratio Menurut Provinsi dan Daerah,,3,,"- Sumber  : BPS, Susenas  
<br />- Tahun 2002, Susenas Modul Konsumsi reguler
<br />- Tahun 2005, Susenas Panel (Februari)
<br />- Tahun 2006-2010, Susenas Panel (Maret)
<br />- Tahun 2011-2016, Susenas Modul Konsumsi (Maret dan September)
<br />- Angka Provinsi Papua Barat dan Papua sebelum tahun 2024 merupakan angka provinsi sebelum mengalami pemekaran Daerah Otonom Baru (DOB)",Kemiskinan dan Ketimpangan,38 Provinsi,7500,GORONTALO,190,Perdesaan,122,2022,61,Semester 1 (Maret),0.395,75009819012261
bps_webapi,0000,2026-08-19T02:01:19+00:00,2026-08-05 12:26:57,98,Gini Ratio Menurut Provinsi dan Daerah,,3,,"- Sumber  : BPS, Susenas  
<br />- Tahun 2002, Susenas Modul Konsumsi reguler
<br />- Tahun 2005, Susenas Panel (Februari)
<br />- Tahun 2006-2010, Susenas Panel (Maret)
<br />- Tahun 2011-2016, Susenas Modul Konsumsi (Maret dan September)
<br />- Angka Provinsi Papua Barat dan Papua sebelum tahun 2024 merupakan angka provinsi sebelum mengalami pemekaran Daerah Otonom Baru (DOB)",Kemiskinan dan Ketimpangan,38 Provinsi,7500,GORONTALO,190,Perdesaan,122,2022,62,Semester 2 (September),0.395,75009819012262
bps_webapi,0000,2026-08-19T02:01:19+00:00,2026-08-05 12:26:57,98,Gini Ratio Menurut Provinsi dan Daerah,,3,,"- Sumber  : BPS, Susenas  
<br />- Tahun 2002, Susenas Modul Konsumsi reguler
<br />- Tahun 2005, Susenas Panel (Februari)
<br />- Tahun 2006-2010, Susenas Panel (Maret)
<br />- Tahun 2011-2016, Susenas Modul Konsumsi (Maret dan September)
<br />- Angka Provinsi Papua Barat dan Papua sebelum tahun 2024 merupakan angka provinsi sebelum mengalami pemekaran Daerah Otonom Baru (DOB)",Kemiskinan dan Ketimpangan,38 Provinsi,7500,GORONTALO,191,Perkotaan+Perdesaan,122,2022,61,Semester 1 (Maret),0.418,75009819112261
bps_webapi,0000,2026-08-19T02:01:19+00:00,2026-08-05 12:26:57,98,Gini Ratio Menurut Provinsi dan Daerah,,3,,"- Sumber  : BPS, Susenas  
<br />- Tahun 2002, Susenas Modul Konsumsi reguler
<br />- Tahun 2005, Susenas Panel (Februari)
<br />- Tahun 2006-2010, Susenas Panel (Maret)
<br />- Tahun 2011-2016, Susenas Modul Konsumsi (Maret dan September)
<br />- Angka Provinsi Papua Barat dan Papua sebelum tahun 2024 merupakan angka provinsi sebelum mengalami pemekaran Daerah Otonom Baru (DOB)",Kemiskinan dan Ketimpangan,38 Provinsi,7500,GORONTALO,191,Perkotaan+Perdesaan,122,2022,62,Semester 2 (September),0.423,75009819112262
bps_webapi,0000,2026-08-19T02:01:19+00:00,2026-08-05 12:26:57,98,Gini Ratio Menurut Provinsi dan Daerah,,3,,"- Sumber  : BPS, Susenas  
<br />- Tahun 2002, Susenas Modul Konsumsi reguler
<br />- Tahun 2005, Susenas Panel (Februari)
<br />- Tahun 2006-2010, Susenas Panel (Maret)
<br />- Tahun 2011-2016, Susenas Modul Konsumsi (Maret dan September)
<br />- Angka Provinsi Papua Barat dan Papua sebelum tahun 2024 merupakan angka provinsi sebelum mengalami pemekaran Daerah Otonom Baru (DOB)",Kemiskinan dan Ketimpangan,38 Provinsi,7600,SULAWESI BARAT,189,Perkotaan,122,2022,61,Semester 1 (Maret),0.448,76009818912261
bps_webapi,0000,2026-08-19T02:01:19+00:00,2026-08-05 12:26:57,98,Gini Ratio Menurut Provinsi dan Daerah,,3,,"- Sumber  : BPS, Susenas  
<br />- Tahun 2002, Susenas Modul Konsumsi reguler
<br />- Tahun 2005, Susenas Panel (Februari)
<br />- Tahun 2006-2010, Susenas Panel (Maret)
<br />- Tahun 2011-2016, Susenas Modul Konsumsi (Maret dan September)
<br />- Angka Provinsi Papua Barat dan Papua sebelum tahun 2024 merupakan angka provinsi sebelum mengalami pemekaran Daerah Otonom Baru (DOB)",Kemiskinan dan Ketimpangan,38 Provinsi,7600,SULAWESI BARAT,189,Perkotaan,122,2022,62,Semester 2 (September),0.472,76009818912262
bps_webapi,0000,2026-08-19T02:01:19+00:00,2026-08-05 12:26:57,98,Gini Ratio Menurut Provinsi dan Daerah,,3,,"- Sumber  : BPS, Susenas  
<br />- Tahun 2002, Susenas Modul Konsumsi reguler
<br />- Tahun 2005, Susenas Panel (Februari)
<br />- Tahun 2006-2010, Susenas Panel (Maret)
<br />- Tahun 2011-2016, Susenas Modul Konsumsi (Maret dan September)
<br />- Angka Provinsi Papua Barat dan Papua sebelum tahun 2024 merupakan angka provinsi sebelum mengalami pemekaran Daerah Otonom Baru (DOB)",Kemiskinan dan Ketimpangan,38 Provinsi,7600,SULAWESI BARAT,190,Perdesaan,122,2022,61,Semester 1 (Maret),0.322,76009819012261
bps_webapi,0000,2026-08-19T02:01:19+00:00,2026-08-05 12:26:57,98,Gini Ratio Menurut Provinsi dan Daerah,,3,,"- Sumber  : BPS, Susenas  
<br />- Tahun 2002, Susenas Modul Konsumsi reguler
<br />- Tahun 2005, Susenas Panel (Februari)
<br />- Tahun 2006-2010, Susenas Panel (Maret)
<br />- Tahun 2011-2016, Susenas Modul Konsumsi (Maret dan September)
<br />- Angka Provinsi Papua Barat dan Papua sebelum tahun 2024 merupakan angka provinsi sebelum mengalami pemekaran Daerah Otonom Baru (DOB)",Kemiskinan dan Ketimpangan,38 Provinsi,7600,SULAWESI BARAT,190,Perdesaan,122,2022,62,Semester 2 (September),0.315,76009819012262
bps_webapi,0000,2026-08-19T02:01:19+00:00,2026-08-05 12:26:57,98,Gini Ratio Menurut Provinsi dan Daerah,,3,,"- Sumber  : BPS, Susenas  
<br />- Tahun 2002, Susenas Modul Konsumsi reguler
<br />- Tahun 2005, Susenas Panel (Februari)
<br />- Tahun 2006-2010, Susenas Panel (Maret)
<br />- Tahun 2011-2016, Susenas Modul Konsumsi (Maret dan September)
<br />- Angka Provinsi Papua Barat dan Papua sebelum tahun 2024 merupakan angka provinsi sebelum mengalami pemekaran Daerah Otonom Baru (DOB)",Kemiskinan dan Ketimpangan,38 Provinsi,7600,SULAWESI BARAT,191,Perkotaan+Perdesaan,122,2022,61,Semester 1 (Maret),0.362,76009819112261
bps_webapi,0000,2026-08-19T02:01:19+00:00,2026-08-05 12:26:57,98,Gini Ratio Menurut Provinsi dan Daerah,,3,,"- Sumber  : BPS, Susenas  
<br />- Tahun 2002, Susenas Modul Konsumsi reguler
<br />- Tahun 2005, Susenas Panel (Februari)
<br />- Tahun 2006-2010, Susenas Panel (Maret)
<br />- Tahun 2011-2016, Susenas Modul Konsumsi (Maret dan September)
<br />- Angka Provinsi Papua Barat dan Papua sebelum tahun 2024 merupakan angka provinsi sebelum mengalami pemekaran Daerah Otonom Baru (DOB)",Kemiskinan dan Ketimpangan,38 Provinsi,7600,SULAWESI BARAT,191,Perkotaan+Perdesaan,122,2022,62,Semester 2 (September),0.371,76009819112262
bps_webapi,0000,2026-08-19T02:01:19+00:00,2026-08-05 12:26:57,98,Gini Ratio Menurut Provinsi dan Daerah,,3,,"- Sumber  : BPS, Susenas  
<br />- Tahun 2002, Susenas Modul Konsumsi reguler
<br />- Tahun 2005, Susenas Panel (Februari)
<br />- Tahun 2006-2010, Susenas Panel (Maret)
<br />- Tahun 2011-2016, Susenas Modul Konsumsi (Maret dan September)
<br />- Angka Provinsi Papua Barat dan Papua sebelum tahun 2024 merupakan angka provinsi sebelum mengalami pemekaran Daerah Otonom Baru (DOB)",Kemiskinan dan Ketimpangan,38 Provinsi,8100,MALUKU,189,Perkotaan,122,2022,61,Semester 1 (Maret),0.297,81009818912261
bps_webapi,0000,2026-08-19T02:01:19+00:00,2026-08-05 12:26:57,98,Gini Ratio Menurut Provinsi dan Daerah,,3,,"- Sumber  : BPS, Susenas  
<br />- Tahun 2002, Susenas Modul Konsumsi reguler
<br />- Tahun 2005, Susenas Panel (Februari)
<br />- Tahun 2006-2010, Susenas Panel (Maret)
<br />- Tahun 2011-2016, Susenas Modul Konsumsi (Maret dan September)
<br />- Angka Provinsi Papua Barat dan Papua sebelum tahun 2024 merupakan angka provinsi sebelum mengalami pemekaran Daerah Otonom Baru (DOB)",Kemiskinan dan Ketimpangan,38 Provinsi,8100,MALUKU,189,Perkotaan,122,2022,62,Semester 2 (September),0.309,81009818912262
bps_webapi,0000,2026-08-19T02:01:19+00:00,2026-08-05 12:26:57,98,Gini Ratio Menurut Provinsi dan Daerah,,3,,"- Sumber  : BPS, Susenas  
<br />- Tahun 2002, Susenas Modul Konsumsi reguler
<br />- Tahun 2005, Susenas Panel (Februari)
<br />- Tahun 2006-2010, Susenas Panel (Maret)
<br />- Tahun 2011-2016, Susenas Modul Konsumsi (Maret dan September)
<br />- Angka Provinsi Papua Barat dan Papua sebelum tahun 2024 merupakan angka provinsi sebelum mengalami pemekaran Daerah Otonom Baru (DOB)",Kemiskinan dan Ketimpangan,38 Provinsi,8100,MALUKU,190,Perdesaan,122,2022,61,Semester 1 (Maret),0.259,81009819012261
bps_webapi,0000,2026-08-19T02:01:19+00:00,2026-08-05 12:26:57,98,Gini Ratio Menurut Provinsi dan Daerah,,3,,"- Sumber  : BPS, Susenas  
<br />- Tahun 2002, Susenas Modul Konsumsi reguler
<br />- Tahun 2005, Susenas Panel (Februari)
<br />- Tahun 2006-2010, Susenas Panel (Maret)
<br />- Tahun 2011-2016, Susenas Modul Konsumsi (Maret dan September)
<br />- Angka Provinsi Papua Barat dan Papua sebelum tahun 2024 merupakan angka provinsi sebelum mengalami pemekaran Daerah Otonom Baru (DOB)",Kemiskinan dan Ketimpangan,38 Provinsi,8100,MALUKU,190,Perdesaan,122,2022,62,Semester 2 (September),0.261,81009819012262
bps_webapi,0000,2026-08-19T02:01:19+00:00,2026-08-05 12:26:57,98,Gini Ratio Menurut Provinsi dan Daerah,,3,,"- Sumber  : BPS, Susenas  
<br />- Tahun 2002, Susenas Modul Konsumsi reguler
<br />- Tahun 2005, Susenas Panel (Februari)
<br />- Tahun 2006-2010, Susenas Panel (Maret)
<br />- Tahun 2011-2016, Susenas Modul Konsumsi (Maret dan September)
<br />- Angka Provinsi Papua Barat dan Papua sebelum tahun 2024 merupakan angka provinsi sebelum mengalami pemekaran Daerah Otonom Baru (DOB)",Kemiskinan dan Ketimpangan,38 Provinsi,8100,MALUKU,191,Perkotaan+Perdesaan,122,2022,61,Semester 1 (Maret),0.301,81009819112261
bps_webapi,0000,2026-08-19T02:01:19+00:00,2026-08-05 12:26:57,98,Gini Ratio Menurut Provinsi dan Daerah,,3,,"- Sumber  : BPS, Susenas  
<br />- Tahun 2002, Susenas Modul Konsumsi reguler
<br />- Tahun 2005, Susenas Panel (Februari)
<br />- Tahun 2006-2010, Susenas Panel (Maret)
<br />- Tahun 2011-2016, Susenas Modul Konsumsi (Maret dan September)
<br />- Angka Provinsi Papua Barat dan Papua sebelum tahun 2024 merupakan angka provinsi sebelum mengalami pemekaran Daerah Otonom Baru (DOB)",Kemiskinan dan Ketimpangan,38 Provinsi,8100,MALUKU,191,Perkotaan+Perdesaan,122,2022,62,Semester 2 (September),0.306,81009819112262
bps_webapi,0000,2026-08-19T02:01:19+00:00,2026-08-05 12:26:57,98,Gini Ratio Menurut Provinsi dan Daerah,,3,,"- Sumber  : BPS, Susenas  
<br />- Tahun 2002, Susenas Modul Konsumsi reguler
<br />- Tahun 2005, Susenas Panel (Februari)
<br />- Tahun 2006-2010, Susenas Panel (Maret)
<br />- Tahun 2011-2016, Susenas Modul Konsumsi (Maret dan September)
<br />- Angka Provinsi Papua Barat dan Papua sebelum tahun 2024 merupakan angka provinsi sebelum mengalami pemekaran Daerah Otonom Baru (DOB)",Kemiskinan dan Ketimpangan,38 Provinsi,8200,MALUKU UTARA,189,Perkotaan,122,2022,61,Semester 1 (Maret),0.3,82009818912261
bps_webapi,0000,2026-08-19T02:01:19+00:00,2026-08-05 12:26:57,98,Gini Ratio Menurut Provinsi dan Daerah,,3,,"- Sumber  : BPS, Susenas  
<br />- Tahun 2002, Susenas Modul Konsumsi reguler
<br />- Tahun 2005, Susenas Panel (Februari)
<br />- Tahun 2006-2010, Susenas Panel (Maret)
<br />- Tahun 2011-2016, Susenas Modul Konsumsi (Maret dan September)
<br />- Angka Provinsi Papua Barat dan Papua sebelum tahun 2024 merupakan angka provinsi sebelum mengalami pemekaran Daerah Otonom Baru (DOB)",Kemiskinan dan Ketimpangan,38 Provinsi,8200,MALUKU UTARA,189,Perkotaan,122,2022,62,Semester 2 (September),0.33,82009818912262
bps_webapi,0000,2026-08-19T02:01:19+00:00,2026-08-05 12:26:57,98,Gini Ratio Menurut Provinsi dan Daerah,,3,,"- Sumber  : BPS, Susenas  
<br />- Tahun 2002, Susenas Modul Konsumsi reguler
<br />- Tahun 2005, Susenas Panel (Februari)
<br />- Tahun 2006-2010, Susenas Panel (Maret)
<br />- Tahun 2011-2016, Susenas Modul Konsumsi (Maret dan September)
<br />- Angka Provinsi Papua Barat dan Papua sebelum tahun 2024 merupakan angka provinsi sebelum mengalami pemekaran Daerah Otonom Baru (DOB)",Kemiskinan dan Ketimpangan,38 Provinsi,8200,MALUKU UTARA,190,Perdesaan,122,2022,61,Semester 1 (Maret),0.247,82009819012261
bps_webapi,0000,2026-08-19T02:01:19+00:00,2026-08-05 12:26:57,98,Gini Ratio Menurut Provinsi dan Daerah,,3,,"- Sumber  : BPS, Susenas  
<br />- Tahun 2002, Susenas Modul Konsumsi reguler
<br />- Tahun 2005, Susenas Panel (Februari)
<br />- Tahun 2006-2010, Susenas Panel (Maret)
<br />- Tahun 2011-2016, Susenas Modul Konsumsi (Maret dan September)
<br />- Angka Provinsi Papua Barat dan Papua sebelum tahun 2024 merupakan angka provinsi sebelum mengalami pemekaran Daerah Otonom Baru (DOB)",Kemiskinan dan Ketimpangan,38 Provinsi,8200,MALUKU UTARA,190,Perdesaan,122,2022,62,Semester 2 (September),0.269,82009819012262
bps_webapi,0000,2026-08-19T02:01:19+00:00,2026-08-05 12:26:57,98,Gini Ratio Menurut Provinsi dan Daerah,,3,,"- Sumber  : BPS, Susenas  
<br />- Tahun 2002, Susenas Modul Konsumsi reguler
<br />- Tahun 2005, Susenas Panel (Februari)
<br />- Tahun 2006-2010, Susenas Panel (Maret)
<br />- Tahun 2011-2016, Susenas Modul Konsumsi (Maret dan September)
<br />- Angka Provinsi Papua Barat dan Papua sebelum tahun 2024 merupakan angka provinsi sebelum mengalami pemekaran Daerah Otonom Baru (DOB)",Kemiskinan dan Ketimpangan,38 Provinsi,8200,MALUKU UTARA,191,Perkotaan+Perdesaan,122,2022,61,Semester 1 (Maret),0.279,82009819112261
bps_webapi,0000,2026-08-19T02:01:19+00:00,2026-08-05 12:26:57,98,Gini Ratio Menurut Provinsi dan Daerah,,3,,"- Sumber  : BPS, Susenas  
<br />- Tahun 2002, Susenas Modul Konsumsi reguler
<br />- Tahun 2005, Susenas Panel (Februari)
<br />- Tahun 2006-2010, Susenas Panel (Maret)
<br />- Tahun 2011-2016, Susenas Modul Konsumsi (Maret dan September)
<br />- Angka Provinsi Papua Barat dan Papua sebelum tahun 2024 merupakan angka provinsi sebelum mengalami pemekaran Daerah Otonom Baru (DOB)",Kemiskinan dan Ketimpangan,38 Provinsi,8200,MALUKU UTARA,191,Perkotaan+Perdesaan,122,2022,62,Semester 2 (September),0.309,82009819112262
bps_webapi,0000,2026-08-19T02:01:19+00:00,2026-08-05 12:26:57,98,Gini Ratio Menurut Provinsi dan Daerah,,3,,"- Sumber  : BPS, Susenas  
<br />- Tahun 2002, Susenas Modul Konsumsi reguler
<br />- Tahun 2005, Susenas Panel (Februari)
<br />- Tahun 2006-2010, Susenas Panel (Maret)
<br />- Tahun 2011-2016, Susenas Modul Konsumsi (Maret dan September)
<br />- Angka Provinsi Papua Barat dan Papua sebelum tahun 2024 merupakan angka provinsi sebelum mengalami pemekaran Daerah Otonom Baru (DOB)",Kemiskinan dan Ketimpangan,38 Provinsi,9100,PAPUA BARAT,189,Perkotaan,122,2022,61,Semester 1 (Maret),0.294,91009818912261
bps_webapi,0000,2026-08-19T02:01:19+00:00,2026-08-05 12:26:57,98,Gini Ratio Menurut Provinsi dan Daerah,,3,,"- Sumber  : BPS, Susenas  
<br />- Tahun 2002, Susenas Modul Konsumsi reguler
<br />- Tahun 2005, Susenas Panel (Februari)
<br />- Tahun 2006-2010, Susenas Panel (Maret)
<br />- Tahun 2011-2016, Susenas Modul Konsumsi (Maret dan September)
<br />- Angka Provinsi Papua Barat dan Papua sebelum tahun 2024 merupakan angka provinsi sebelum mengalami pemekaran Daerah Otonom Baru (DOB)",Kemiskinan dan Ketimpangan,38 Provinsi,9100,PAPUA BARAT,189,Perkotaan,122,2022,62,Semester 2 (September),0.302,91009818912262
bps_webapi,0000,2026-08-19T02:01:19+00:00,2026-08-05 12:26:57,98,Gini Ratio Menurut Provinsi dan Daerah,,3,,"- Sumber  : BPS, Susenas  
<br />- Tahun 2002, Susenas Modul Konsumsi reguler
<br />- Tahun 2005, Susenas Panel (Februari)
<br />- Tahun 2006-2010, Susenas Panel (Maret)
<br />- Tahun 2011-2016, Susenas Modul Konsumsi (Maret dan September)
<br />- Angka Provinsi Papua Barat dan Papua sebelum tahun 2024 merupakan angka provinsi sebelum mengalami pemekaran Daerah Otonom Baru (DOB)",Kemiskinan dan Ketimpangan,38 Provinsi,9100,PAPUA BARAT,190,Perdesaan,122,2022,61,Semester 1 (Maret),0.411,91009819012261
bps_webapi,0000,2026-08-19T02:01:19+00:00,2026-08-05 12:26:57,98,Gini Ratio Menurut Provinsi dan Daerah,,3,,"- Sumber  : BPS, Susenas  
<br />- Tahun 2002, Susenas Modul Konsumsi reguler
<br />- Tahun 2005, Susenas Panel (Februari)
<br />- Tahun 2006-2010, Susenas Panel (Maret)
<br />- Tahun 2011-2016, Susenas Modul Konsumsi (Maret dan September)
<br />- Angka Provinsi Papua Barat dan Papua sebelum tahun 2024 merupakan angka provinsi sebelum mengalami pemekaran Daerah Otonom Baru (DOB)",Kemiskinan dan Ketimpangan,38 Provinsi,9100,PAPUA BARAT,190,Perdesaan,122,2022,62,Semester 2 (September),0.436,91009819012262
bps_webapi,0000,2026-08-19T02:01:19+00:00,2026-08-05 12:26:57,98,Gini Ratio Menurut Provinsi dan Daerah,,3,,"- Sumber  : BPS, Susenas  
<br />- Tahun 2002, Susenas Modul Konsumsi reguler
<br />- Tahun 2005, Susenas Panel (Februari)
<br />- Tahun 2006-2010, Susenas Panel (Maret)
<br />- Tahun 2011-2016, Susenas Modul Konsumsi (Maret dan September)
<br />- Angka Provinsi Papua Barat dan Papua sebelum tahun 2024 merupakan angka provinsi sebelum mengalami pemekaran Daerah Otonom Baru (DOB)",Kemiskinan dan Ketimpangan,38 Provinsi,9100,PAPUA BARAT,191,Perkotaan+Perdesaan,122,2022,61,Semester 1 (Maret),0.37,91009819112261
bps_webapi,0000,2026-08-19T02:01:19+00:00,2026-08-05 12:26:57,98,Gini Ratio Menurut Provinsi dan Daerah,,3,,"- Sumber  : BPS, Susenas  
<br />- Tahun 2002, Susenas Modul Konsumsi reguler
<br />- Tahun 2005, Susenas Panel (Februari)
<br />- Tahun 2006-2010, Susenas Panel (Maret)
<br />- Tahun 2011-2016, Susenas Modul Konsumsi (Maret dan September)
<br />- Angka Provinsi Papua Barat dan Papua sebelum tahun 2024 merupakan angka provinsi sebelum mengalami pemekaran Daerah Otonom Baru (DOB)",Kemiskinan dan Ketimpangan,38 Provinsi,9100,PAPUA BARAT,191,Perkotaan+Perdesaan,122,2022,62,Semester 2 (September),0.384,91009819112262
bps_webapi,0000,2026-08-19T02:01:19+00:00,2026-08-05 12:26:57,98,Gini Ratio Menurut Provinsi dan Daerah,,3,,"- Sumber  : BPS, Susenas  
<br />- Tahun 2002, Susenas Modul Konsumsi reguler
<br />- Tahun 2005, Susenas Panel (Februari)
<br />- Tahun 2006-2010, Susenas Panel (Maret)
<br />- Tahun 2011-2016, Susenas Modul Konsumsi (Maret dan September)
<br />- Angka Provinsi Papua Barat dan Papua sebelum tahun 2024 merupakan angka provinsi sebelum mengalami pemekaran Daerah Otonom Baru (DOB)",Kemiskinan dan Ketimpangan,38 Provinsi,9400,PAPUA,189,Perkotaan,122,2022,61,Semester 1 (Maret),0.315,94009818912261
bps_webapi,0000,2026-08-19T02:01:19+00:00,2026-08-05 12:26:57,98,Gini Ratio Menurut Provinsi dan Daerah,,3,,"- Sumber  : BPS, Susenas  
<br />- Tahun 2002, Susenas Modul Konsumsi reguler
<br />- Tahun 2005, Susenas Panel (Februari)
<br />- Tahun 2006-2010, Susenas Panel (Maret)
<br />- Tahun 2011-2016, Susenas Modul Konsumsi (Maret dan September)
<br />- Angka Provinsi Papua Barat dan Papua sebelum tahun 2024 merupakan angka provinsi sebelum mengalami pemekaran Daerah Otonom Baru (DOB)",Kemiskinan dan Ketimpangan,38 Provinsi,9400,PAPUA,189,Perkotaan,122,2022,62,Semester 2 (September),0.294,94009818912262
bps_webapi,0000,2026-08-19T02:01:19+00:00,2026-08-05 12:26:57,98,Gini Ratio Menurut Provinsi dan Daerah,,3,,"- Sumber  : BPS, Susenas  
<br />- Tahun 2002, Susenas Modul Konsumsi reguler
<br />- Tahun 2005, Susenas Panel (Februari)
<br />- Tahun 2006-2010, Susenas Panel (Maret)
<br />- Tahun 2011-2016, Susenas Modul Konsumsi (Maret dan September)
<br />- Angka Provinsi Papua Barat dan Papua sebelum tahun 2024 merupakan angka provinsi sebelum mengalami pemekaran Daerah Otonom Baru (DOB)",Kemiskinan dan Ketimpangan,38 Provinsi,9400,PAPUA,190,Perdesaan,122,2022,61,Semester 1 (Maret),0.427,94009819012261
bps_webapi,0000,2026-08-19T02:01:19+00:00,2026-08-05 12:26:57,98,Gini Ratio Menurut Provinsi dan Daerah,,3,,"- Sumber  : BPS, Susenas  
<br />- Tahun 2002, Susenas Modul Konsumsi reguler
<br />- Tahun 2005, Susenas Panel (Februari)
<br />- Tahun 2006-2010, Susenas Panel (Maret)
<br />- Tahun 2011-2016, Susenas Modul Konsumsi (Maret dan September)
<br />- Angka Provinsi Papua Barat dan Papua sebelum tahun 2024 merupakan angka provinsi sebelum mengalami pemekaran Daerah Otonom Baru (DOB)",Kemiskinan dan Ketimpangan,38 Provinsi,9400,PAPUA,190,Perdesaan,122,2022,62,Semester 2 (September),0.419,94009819012262
bps_webapi,0000,2026-08-19T02:01:19+00:00,2026-08-05 12:26:57,98,Gini Ratio Menurut Provinsi dan Daerah,,3,,"- Sumber  : BPS, Susenas  
<br />- Tahun 2002, Susenas Modul Konsumsi reguler
<br />- Tahun 2005, Susenas Panel (Februari)
<br />- Tahun 2006-2010, Susenas Panel (Maret)
<br />- Tahun 2011-2016, Susenas Modul Konsumsi (Maret dan September)
<br />- Angka Provinsi Papua Barat dan Papua sebelum tahun 2024 merupakan angka provinsi sebelum mengalami pemekaran Daerah Otonom Baru (DOB)",Kemiskinan dan Ketimpangan,38 Provinsi,9400,PAPUA,191,Perkotaan+Perdesaan,122,2022,61,Semester 1 (Maret),0.406,94009819112261
bps_webapi,0000,2026-08-19T02:01:19+00:00,2026-08-05 12:26:57,98,Gini Ratio Menurut Provinsi dan Daerah,,3,,"- Sumber  : BPS, Susenas  
<br />- Tahun 2002, Susenas Modul Konsumsi reguler
<br />- Tahun 2005, Susenas Panel (Februari)
<br />- Tahun 2006-2010, Susenas Panel (Maret)
<br />- Tahun 2011-2016, Susenas Modul Konsumsi (Maret dan September)
<br />- Angka Provinsi Papua Barat dan Papua sebelum tahun 2024 merupakan angka provinsi sebelum mengalami pemekaran Daerah Otonom Baru (DOB)",Kemiskinan dan Ketimpangan,38 Provinsi,9400,PAPUA,191,Perkotaan+Perdesaan,122,2022,62,Semester 2 (September),0.393,94009819112262
bps_webapi,0000,2026-08-19T02:01:19+00:00,2026-08-05 12:26:57,98,Gini Ratio Menurut Provinsi dan Daerah,,3,,"- Sumber  : BPS, Susenas  
<br />- Tahun 2002, Susenas Modul Konsumsi reguler
<br />- Tahun 2005, Susenas Panel (Februari)
<br />- Tahun 2006-2010, Susenas Panel (Maret)
<br />- Tahun 2011-2016, Susenas Modul Konsumsi (Maret dan September)
<br />- Angka Provinsi Papua Barat dan Papua sebelum tahun 2024 merupakan angka provinsi sebelum mengalami pemekaran Daerah Otonom Baru (DOB)",Kemiskinan dan Ketimpangan,38 Provinsi,9999,INDONESIA,189,Perkotaan,122,2022,61,Semester 1 (Maret),0.403,99999818912261
bps_webapi,0000,2026-08-19T02:01:19+00:00,2026-08-05 12:26:57,98,Gini Ratio Menurut Provinsi dan Daerah,,3,,"- Sumber  : BPS, Susenas  
<br />- Tahun 2002, Susenas Modul Konsumsi reguler
<br />- Tahun 2005, Susenas Panel (Februari)
<br />- Tahun 2006-2010, Susenas Panel (Maret)
<br />- Tahun 2011-2016, Susenas Modul Konsumsi (Maret dan September)
<br />- Angka Provinsi Papua Barat dan Papua sebelum tahun 2024 merupakan angka provinsi sebelum mengalami pemekaran Daerah Otonom Baru (DOB)",Kemiskinan dan Ketimpangan,38 Provinsi,9999,INDONESIA,189,Perkotaan,122,2022,62,Semester 2 (September),0.402,99999818912262
bps_webapi,0000,2026-08-19T02:01:19+00:00,2026-08-05 12:26:57,98,Gini Ratio Menurut Provinsi dan Daerah,,3,,"- Sumber  : BPS, Susenas  
<br />- Tahun 2002, Susenas Modul Konsumsi reguler
<br />- Tahun 2005, Susenas Panel (Februari)
<br />- Tahun 2006-2010, Susenas Panel (Maret)
<br />- Tahun 2011-2016, Susenas Modul Konsumsi (Maret dan September)
<br />- Angka Provinsi Papua Barat dan Papua sebelum tahun 2024 merupakan angka provinsi sebelum mengalami pemekaran Daerah Otonom Baru (DOB)",Kemiskinan dan Ketimpangan,38 Provinsi,9999,INDONESIA,190,Perdesaan,122,2022,61,Semester 1 (Maret),0.314,99999819012261
bps_webapi,0000,2026-08-19T02:01:19+00:00,2026-08-05 12:26:57,98,Gini Ratio Menurut Provinsi dan Daerah,,3,,"- Sumber  : BPS, Susenas  
<br />- Tahun 2002, Susenas Modul Konsumsi reguler
<br />- Tahun 2005, Susenas Panel (Februari)
<br />- Tahun 2006-2010, Susenas Panel (Maret)
<br />- Tahun 2011-2016, Susenas Modul Konsumsi (Maret dan September)
<br />- Angka Provinsi Papua Barat dan Papua sebelum tahun 2024 merupakan angka provinsi sebelum mengalami pemekaran Daerah Otonom Baru (DOB)",Kemiskinan dan Ketimpangan,38 Provinsi,9999,INDONESIA,190,Perdesaan,122,2022,62,Semester 2 (September),0.313,99999819012262
bps_webapi,0000,2026-08-19T02:01:19+00:00,2026-08-05 12:26:57,98,Gini Ratio Menurut Provinsi dan Daerah,,3,,"- Sumber  : BPS, Susenas  
<br />- Tahun 2002, Susenas Modul Konsumsi reguler
<br />- Tahun 2005, Susenas Panel (Februari)
<br />- Tahun 2006-2010, Susenas Panel (Maret)
<br />- Tahun 2011-2016, Susenas Modul Konsumsi (Maret dan September)
<br />- Angka Provinsi Papua Barat dan Papua sebelum tahun 2024 merupakan angka provinsi sebelum mengalami pemekaran Daerah Otonom Baru (DOB)",Kemiskinan dan Ketimpangan,38 Provinsi,9999,INDONESIA,191,Perkotaan+Perdesaan,122,2022,61,Semester 1 (Maret),0.384,99999819112261
bps_webapi,0000,2026-08-19T02:01:19+00:00,2026-08-05 12:26:57,98,Gini Ratio Menurut Provinsi dan Daerah,,3,,"- Sumber  : BPS, Susenas  
<br />- Tahun 2002, Susenas Modul Konsumsi reguler
<br />- Tahun 2005, Susenas Panel (Februari)
<br />- Tahun 2006-2010, Susenas Panel (Maret)
<br />- Tahun 2011-2016, Susenas Modul Konsumsi (Maret dan September)
<br />- Angka Provinsi Papua Barat dan Papua sebelum tahun 2024 merupakan angka provinsi sebelum mengalami pemekaran Daerah Otonom Baru (DOB)",Kemiskinan dan Ketimpangan,38 Provinsi,9999,INDONESIA,191,Perkotaan+Perdesaan,122,2022,62,Semester 2 (September),0.381,99999819112262
bps_webapi,0000,2026-08-19T02:01:19+00:00,2026-08-05 12:26:57,98,Gini Ratio Menurut Provinsi dan Daerah,,3,,"- Sumber  : BPS, Susenas  
<br />- Tahun 2002, Susenas Modul Konsumsi reguler
<br />- Tahun 2005, Susenas Panel (Februari)
<br />- Tahun 2006-2010, Susenas Panel (Maret)
<br />- Tahun 2011-2016, Susenas Modul Konsumsi (Maret dan September)
<br />- Angka Provinsi Papua Barat dan Papua sebelum tahun 2024 merupakan angka provinsi sebelum mengalami pemekaran Daerah Otonom Baru (DOB)",Kemiskinan dan Ketimpangan,38 Provinsi,1100,ACEH,189,Perkotaan,123,2023,61,Semester 1 (Maret),0.318,11009818912361
bps_webapi,0000,2026-08-19T02:01:19+00:00,2026-08-05 12:26:57,98,Gini Ratio Menurut Provinsi dan Daerah,,3,,"- Sumber  : BPS, Susenas  
<br />- Tahun 2002, Susenas Modul Konsumsi reguler
<br />- Tahun 2005, Susenas Panel (Februari)
<br />- Tahun 2006-2010, Susenas Panel (Maret)
<br />- Tahun 2011-2016, Susenas Modul Konsumsi (Maret dan September)
<br />- Angka Provinsi Papua Barat dan Papua sebelum tahun 2024 merupakan angka provinsi sebelum mengalami pemekaran Daerah Otonom Baru (DOB)",Kemiskinan dan Ketimpangan,38 Provinsi,1100,ACEH,190,Perdesaan,123,2023,61,Semester 1 (Maret),0.265,11009819012361
bps_webapi,0000,2026-08-19T02:01:19+00:00,2026-08-05 12:26:57,98,Gini Ratio Menurut Provinsi dan Daerah,,3,,"- Sumber  : BPS, Susenas  
<br />- Tahun 2002, Susenas Modul Konsumsi reguler
<br />- Tahun 2005, Susenas Panel (Februari)
<br />- Tahun 2006-2010, Susenas Panel (Maret)
<br />- Tahun 2011-2016, Susenas Modul Konsumsi (Maret dan September)
<br />- Angka Provinsi Papua Barat dan Papua sebelum tahun 2024 merupakan angka provinsi sebelum mengalami pemekaran Daerah Otonom Baru (DOB)",Kemiskinan dan Ketimpangan,38 Provinsi,1100,ACEH,191,Perkotaan+Perdesaan,123,2023,61,Semester 1 (Maret),0.296,11009819112361
bps_webapi,0000,2026-08-19T02:01:19+00:00,2026-08-05 12:26:57,98,Gini Ratio Menurut Provinsi dan Daerah,,3,,"- Sumber  : BPS, Susenas  
<br />- Tahun 2002, Susenas Modul Konsumsi reguler
<br />- Tahun 2005, Susenas Panel (Februari)
<br />- Tahun 2006-2010, Susenas Panel (Maret)
<br />- Tahun 2011-2016, Susenas Modul Konsumsi (Maret dan September)
<br />- Angka Provinsi Papua Barat dan Papua sebelum tahun 2024 merupakan angka provinsi sebelum mengalami pemekaran Daerah Otonom Baru (DOB)",Kemiskinan dan Ketimpangan,38 Provinsi,1200,SUMATERA UTARA,189,Perkotaan,123,2023,61,Semester 1 (Maret),0.34,12009818912361
bps_webapi,0000,2026-08-19T02:01:19+00:00,2026-08-05 12:26:57,98,Gini Ratio Menurut Provinsi dan Daerah,,3,,"- Sumber  : BPS, Susenas  
<br />- Tahun 2002, Susenas Modul Konsumsi reguler
<br />- Tahun 2005, Susenas Panel (Februari)
<br />- Tahun 2006-2010, Susenas Panel (Maret)
<br />- Tahun 2011-2016, Susenas Modul Konsumsi (Maret dan September)
<br />- Angka Provinsi Papua Barat dan Papua sebelum tahun 2024 merupakan angka provinsi sebelum mengalami pemekaran Daerah Otonom Baru (DOB)",Kemiskinan dan Ketimpangan,38 Provinsi,1200,SUMATERA UTARA,190,Perdesaan,123,2023,61,Semester 1 (Maret),0.242,12009819012361
bps_webapi,0000,2026-08-19T02:01:19+00:00,2026-08-05 12:26:57,98,Gini Ratio Menurut Provinsi dan Daerah,,3,,"- Sumber  : BPS, Susenas  
<br />- Tahun 2002, Susenas Modul Konsumsi reguler
<br />- Tahun 2005, Susenas Panel (Februari)
<br />- Tahun 2006-2010, Susenas Panel (Maret)
<br />- Tahun 2011-2016, Susenas Modul Konsumsi (Maret dan September)
<br />- Angka Provinsi Papua Barat dan Papua sebelum tahun 2024 merupakan angka provinsi sebelum mengalami pemekaran Daerah Otonom Baru (DOB)",Kemiskinan dan Ketimpangan,38 Provinsi,1200,SUMATERA UTARA,191,Perkotaan+Perdesaan,123,2023,61,Semester 1 (Maret),0.309,12009819112361
bps_webapi,0000,2026-08-19T02:01:19+00:00,2026-08-05 12:26:57,98,Gini Ratio Menurut Provinsi dan Daerah,,3,,"- Sumber  : BPS, Susenas  
<br />- Tahun 2002, Susenas Modul Konsumsi reguler
<br />- Tahun 2005, Susenas Panel (Februari)
<br />- Tahun 2006-2010, Susenas Panel (Maret)
<br />- Tahun 2011-2016, Susenas Modul Konsumsi (Maret dan September)
<br />- Angka Provinsi Papua Barat dan Papua sebelum tahun 2024 merupakan angka provinsi sebelum mengalami pemekaran Daerah Otonom Baru (DOB)",Kemiskinan dan Ketimpangan,38 Provinsi,1300,SUMATERA BARAT,189,Perkotaan,123,2023,61,Semester 1 (Maret),0.305,13009818912361
bps_webapi,0000,2026-08-19T02:01:19+00:00,2026-08-05 12:26:57,98,Gini Ratio Menurut Provinsi dan Daerah,,3,,"- Sumber  : BPS, Susenas  
<br />- Tahun 2002, Susenas Modul Konsumsi reguler
<br />- Tahun 2005, Susenas Panel (Februari)
<br />- Tahun 2006-2010, Susenas Panel (Maret)
<br />- Tahun 2011-2016, Susenas Modul Konsumsi (Maret dan September)
<br />- Angka Provinsi Papua Barat dan Papua sebelum tahun 2024 merupakan angka provinsi sebelum mengalami pemekaran Daerah Otonom Baru (DOB)",Kemiskinan dan Ketimpangan,38 Provinsi,1300,SUMATERA BARAT,190,Perdesaan,123,2023,61,Semester 1 (Maret),0.232,13009819012361
bps_webapi,0000,2026-08-19T02:01:19+00:00,2026-08-05 12:26:57,98,Gini Ratio Menurut Provinsi dan Daerah,,3,,"- Sumber  : BPS, Susenas  
<br />- Tahun 2002, Susenas Modul Konsumsi reguler
<br />- Tahun 2005, Susenas Panel (Februari)
<br />- Tahun 2006-2010, Susenas Panel (Maret)
<br />- Tahun 2011-2016, Susenas Modul Konsumsi (Maret dan September)
<br />- Angka Provinsi Papua Barat dan Papua sebelum tahun 2024 merupakan angka provinsi sebelum mengalami pemekaran Daerah Otonom Baru (DOB)",Kemiskinan dan Ketimpangan,38 Provinsi,1300,SUMATERA BARAT,191,Perkotaan+Perdesaan,123,2023,61,Semester 1 (Maret),0.28,13009819112361
bps_webapi,0000,2026-08-19T02:01:19+00:00,2026-08-05 12:26:57,98,Gini Ratio Menurut Provinsi dan Daerah,,3,,"- Sumber  : BPS, Susenas  
<br />- Tahun 2002, Susenas Modul Konsumsi reguler
<br />- Tahun 2005, Susenas Panel (Februari)
<br />- Tahun 2006-2010, Susenas Panel (Maret)
<br />- Tahun 2011-2016, Susenas Modul Konsumsi (Maret dan September)
<br />- Angka Provinsi Papua Barat dan Papua sebelum tahun 2024 merupakan angka provinsi sebelum mengalami pemekaran Daerah Otonom Baru (DOB)",Kemiskinan dan Ketimpangan,38 Provinsi,1400,RIAU,189,Perkotaan,123,2023,61,Semester 1 (Maret),0.369,14009818912361
bps_webapi,0000,2026-08-19T02:01:19+00:00,2026-08-05 12:26:57,98,Gini Ratio Menurut Provinsi dan Daerah,,3,,"- Sumber  : BPS, Susenas  
<br />- Tahun 2002, Susenas Modul Konsumsi reguler
<br />- Tahun 2005, Susenas Panel (Februari)
<br />- Tahun 2006-2010, Susenas Panel (Maret)
<br />- Tahun 2011-2016, Susenas Modul Konsumsi (Maret dan September)
<br />- Angka Provinsi Papua Barat dan Papua sebelum tahun 2024 merupakan angka provinsi sebelum mengalami pemekaran Daerah Otonom Baru (DOB)",Kemiskinan dan Ketimpangan,38 Provinsi,1400,RIAU,190,Perdesaan,123,2023,61,Semester 1 (Maret),0.274,14009819012361
bps_webapi,0000,2026-08-19T02:01:19+00:00,2026-08-05 12:26:57,98,Gini Ratio Menurut Provinsi dan Daerah,,3,,"- Sumber  : BPS, Susenas  
<br />- Tahun 2002, Susenas Modul Konsumsi reguler
<br />- Tahun 2005, Susenas Panel (Februari)
<br />- Tahun 2006-2010, Susenas Panel (Maret)
<br />- Tahun 2011-2016, Susenas Modul Konsumsi (Maret dan September)
<br />- Angka Provinsi Papua Barat dan Papua sebelum tahun 2024 merupakan angka provinsi sebelum mengalami pemekaran Daerah Otonom Baru (DOB)",Kemiskinan dan Ketimpangan,38 Provinsi,1400,RIAU,191,Perkotaan+Perdesaan,123,2023,61,Semester 1 (Maret),0.324,14009819112361
bps_webapi,0000,2026-08-19T02:01:19+00:00,2026-08-05 12:26:57,98,Gini Ratio Menurut Provinsi dan Daerah,,3,,"- Sumber  : BPS, Susenas  
<br />- Tahun 2002, Susenas Modul Konsumsi reguler
<br />- Tahun 2005, Susenas Panel (Februari)
<br />- Tahun 2006-2010, Susenas Panel (Maret)
<br />- Tahun 2011-2016, Susenas Modul Konsumsi (Maret dan September)
<br />- Angka Provinsi Papua Barat dan Papua sebelum tahun 2024 merupakan angka provinsi sebelum mengalami pemekaran Daerah Otonom Baru (DOB)",Kemiskinan dan Ketimpangan,38 Provinsi,1500,JAMBI,189,Perkotaan,123,2023,61,Semester 1 (Maret),0.365,15009818912361
bps_webapi,0000,2026-08-19T02:01:19+00:00,2026-08-05 12:26:57,98,Gini Ratio Menurut Provinsi dan Daerah,,3,,"- Sumber  : BPS, Susenas  
<br />- Tahun 2002, Susenas Modul Konsumsi reguler
<br />- Tahun 2005, Susenas Panel (Februari)
<br />- Tahun 2006-2010, Susenas Panel (Maret)
<br />- Tahun 2011-2016, Susenas Modul Konsumsi (Maret dan September)
<br />- Angka Provinsi Papua Barat dan Papua sebelum tahun 2024 merupakan angka provinsi sebelum mengalami pemekaran Daerah Otonom Baru (DOB)",Kemiskinan dan Ketimpangan,38 Provinsi,1500,JAMBI,190,Perdesaan,123,2023,61,Semester 1 (Maret),0.32,15009819012361
bps_webapi,0000,2026-08-19T02:01:19+00:00,2026-08-05 12:26:57,98,Gini Ratio Menurut Provinsi dan Daerah,,3,,"- Sumber  : BPS, Susenas  
<br />- Tahun 2002, Susenas Modul Konsumsi reguler
<br />- Tahun 2005, Susenas Panel (Februari)
<br />- Tahun 2006-2010, Susenas Panel (Maret)
<br />- Tahun 2011-2016, Susenas Modul Konsumsi (Maret dan September)
<br />- Angka Provinsi Papua Barat dan Papua sebelum tahun 2024 merupakan angka provinsi sebelum mengalami pemekaran Daerah Otonom Baru (DOB)",Kemiskinan dan Ketimpangan,38 Provinsi,1500,JAMBI,191,Perkotaan+Perdesaan,123,2023,61,Semester 1 (Maret),0.343,15009819112361
bps_webapi,0000,2026-08-19T02:01:19+00:00,2026-08-05 12:26:57,98,Gini Ratio Menurut Provinsi dan Daerah,,3,,"- Sumber  : BPS, Susenas  
<br />- Tahun 2002, Susenas Modul Konsumsi reguler
<br />- Tahun 2005, Susenas Panel (Februari)
<br />- Tahun 2006-2010, Susenas Panel (Maret)
<br />- Tahun 2011-2016, Susenas Modul Konsumsi (Maret dan September)
<br />- Angka Provinsi Papua Barat dan Papua sebelum tahun 2024 merupakan angka provinsi sebelum mengalami pemekaran Daerah Otonom Baru (DOB)",Kemiskinan dan Ketimpangan,38 Provinsi,1600,SUMATERA SELATAN,189,Perkotaan,123,2023,61,Semester 1 (Maret),0.36,16009818912361
bps_webapi,0000,2026-08-19T02:01:19+00:00,2026-08-05 12:26:57,98,Gini Ratio Menurut Provinsi dan Daerah,,3,,"- Sumber  : BPS, Susenas  
<br />- Tahun 2002, Susenas Modul Konsumsi reguler
<br />- Tahun 2005, Susenas Panel (Februari)
<br />- Tahun 2006-2010, Susenas Panel (Maret)
<br />- Tahun 2011-2016, Susenas Modul Konsumsi (Maret dan September)
<br />- Angka Provinsi Papua Barat dan Papua sebelum tahun 2024 merupakan angka provinsi sebelum mengalami pemekaran Daerah Otonom Baru (DOB)",Kemiskinan dan Ketimpangan,38 Provinsi,1600,SUMATERA SELATAN,190,Perdesaan,123,2023,61,Semester 1 (Maret),0.305,16009819012361
bps_webapi,0000,2026-08-19T02:01:19+00:00,2026-08-05 12:26:57,98,Gini Ratio Menurut Provinsi dan Daerah,,3,,"- Sumber  : BPS, Susenas  
<br />- Tahun 2002, Susenas Modul Konsumsi reguler
<br />- Tahun 2005, Susenas Panel (Februari)
<br />- Tahun 2006-2010, Susenas Panel (Maret)
<br />- Tahun 2011-2016, Susenas Modul Konsumsi (Maret dan September)
<br />- Angka Provinsi Papua Barat dan Papua sebelum tahun 2024 merupakan angka provinsi sebelum mengalami pemekaran Daerah Otonom Baru (DOB)",Kemiskinan dan Ketimpangan,38 Provinsi,1600,SUMATERA SELATAN,191,Perkotaan+Perdesaan,123,2023,61,Semester 1 (Maret),0.338,16009819112361
bps_webapi,0000,2026-08-19T02:01:19+00:00,2026-08-05 12:26:57,98,Gini Ratio Menurut Provinsi dan Daerah,,3,,"- Sumber  : BPS, Susenas  
<br />- Tahun 2002, Susenas Modul Konsumsi reguler
<br />- Tahun 2005, Susenas Panel (Februari)
<br />- Tahun 2006-2010, Susenas Panel (Maret)
<br />- Tahun 2011-2016, Susenas Modul Konsumsi (Maret dan September)
<br />- Angka Provinsi Papua Barat dan Papua sebelum tahun 2024 merupakan angka provinsi sebelum mengalami pemekaran Daerah Otonom Baru (DOB)",Kemiskinan dan Ketimpangan,38 Provinsi,1700,BENGKULU,189,Perkotaan,123,2023,61,Semester 1 (Maret),0.386,17009818912361
bps_webapi,0000,2026-08-19T02:01:19+00:00,2026-08-05 12:26:57,98,Gini Ratio Menurut Provinsi dan Daerah,,3,,"- Sumber  : BPS, Susenas  
<br />- Tahun 2002, Susenas Modul Konsumsi reguler
<br />- Tahun 2005, Susenas Panel (Februari)
<br />- Tahun 2006-2010, Susenas Panel (Maret)
<br />- Tahun 2011-2016, Susenas Modul Konsumsi (Maret dan September)
<br />- Angka Provinsi Papua Barat dan Papua sebelum tahun 2024 merupakan angka provinsi sebelum mengalami pemekaran Daerah Otonom Baru (DOB)",Kemiskinan dan Ketimpangan,38 Provinsi,1700,BENGKULU,190,Perdesaan,123,2023,61,Semester 1 (Maret),0.283,17009819012361
bps_webapi,0000,2026-08-19T02:01:19+00:00,2026-08-05 12:26:57,98,Gini Ratio Menurut Provinsi dan Daerah,,3,,"- Sumber  : BPS, Susenas  
<br />- Tahun 2002, Susenas Modul Konsumsi reguler
<br />- Tahun 2005, Susenas Panel (Februari)
<br />- Tahun 2006-2010, Susenas Panel (Maret)
<br />- Tahun 2011-2016, Susenas Modul Konsumsi (Maret dan September)
<br />- Angka Provinsi Papua Barat dan Papua sebelum tahun 2024 merupakan angka provinsi sebelum mengalami pemekaran Daerah Otonom Baru (DOB)",Kemiskinan dan Ketimpangan,38 Provinsi,1700,BENGKULU,191,Perkotaan+Perdesaan,123,2023,61,Semester 1 (Maret),0.333,17009819112361
bps_webapi,0000,2026-08-19T02:01:19+00:00,2026-08-05 12:26:57,98,Gini Ratio Menurut Provinsi dan Daerah,,3,,"- Sumber  : BPS, Susenas  
<br />- Tahun 2002, Susenas Modul Konsumsi reguler
<br />- Tahun 2005, Susenas Panel (Februari)
<br />- Tahun 2006-2010, Susenas Panel (Maret)
<br />- Tahun 2011-2016, Susenas Modul Konsumsi (Maret dan September)
<br />- Angka Provinsi Papua Barat dan Papua sebelum tahun 2024 merupakan angka provinsi sebelum mengalami pemekaran Daerah Otonom Baru (DOB)",Kemiskinan dan Ketimpangan,38 Provinsi,1800,LAMPUNG,189,Perkotaan,123,2023,61,Semester 1 (Maret),0.359,18009818912361
bps_webapi,0000,2026-08-19T02:01:19+00:00,2026-08-05 12:26:57,98,Gini Ratio Menurut Provinsi dan Daerah,,3,,"- Sumber  : BPS, Susenas  
<br />- Tahun 2002, Susenas Modul Konsumsi reguler
<br />- Tahun 2005, Susenas Panel (Februari)
<br />- Tahun 2006-2010, Susenas Panel (Maret)
<br />- Tahun 2011-2016, Susenas Modul Konsumsi (Maret dan September)
<br />- Angka Provinsi Papua Barat dan Papua sebelum tahun 2024 merupakan angka provinsi sebelum mengalami pemekaran Daerah Otonom Baru (DOB)",Kemiskinan dan Ketimpangan,38 Provinsi,1800,LAMPUNG,190,Perdesaan,123,2023,61,Semester 1 (Maret),0.287,18009819012361
bps_webapi,0000,2026-08-19T02:01:19+00:00,2026-08-05 12:26:57,98,Gini Ratio Menurut Provinsi dan Daerah,,3,,"- Sumber  : BPS, Susenas  
<br />- Tahun 2002, Susenas Modul Konsumsi reguler
<br />- Tahun 2005, Susenas Panel (Februari)
<br />- Tahun 2006-2010, Susenas Panel (Maret)
<br />- Tahun 2011-2016, Susenas Modul Konsumsi (Maret dan September)
<br />- Angka Provinsi Papua Barat dan Papua sebelum tahun 2024 merupakan angka provinsi sebelum mengalami pemekaran Daerah Otonom Baru (DOB)",Kemiskinan dan Ketimpangan,38 Provinsi,1800,LAMPUNG,191,Perkotaan+Perdesaan,123,2023,61,Semester 1 (Maret),0.324,18009819112361
bps_webapi,0000,2026-08-19T02:01:19+00:00,2026-08-05 12:26:57,98,Gini Ratio Menurut Provinsi dan Daerah,,3,,"- Sumber  : BPS, Susenas  
<br />- Tahun 2002, Susenas Modul Konsumsi reguler
<br />- Tahun 2005, Susenas Panel (Februari)
<br />- Tahun 2006-2010, Susenas Panel (Maret)
<br />- Tahun 2011-2016, Susenas Modul Konsumsi (Maret dan September)
<br />- Angka Provinsi Papua Barat dan Papua sebelum tahun 2024 merupakan angka provinsi sebelum mengalami pemekaran Daerah Otonom Baru (DOB)",Kemiskinan dan Ketimpangan,38 Provinsi,1900,KEP. BANGKA BELITUNG,189,Perkotaan,123,2023,61,Semester 1 (Maret),0.265,19009818912361
bps_webapi,0000,2026-08-19T02:01:19+00:00,2026-08-05 12:26:57,98,Gini Ratio Menurut Provinsi dan Daerah,,3,,"- Sumber  : BPS, Susenas  
<br />- Tahun 2002, Susenas Modul Konsumsi reguler
<br />- Tahun 2005, Susenas Panel (Februari)
<br />- Tahun 2006-2010, Susenas Panel (Maret)
<br />- Tahun 2011-2016, Susenas Modul Konsumsi (Maret dan September)
<br />- Angka Provinsi Papua Barat dan Papua sebelum tahun 2024 merupakan angka provinsi sebelum mengalami pemekaran Daerah Otonom Baru (DOB)",Kemiskinan dan Ketimpangan,38 Provinsi,1900,KEP. BANGKA BELITUNG,190,Perdesaan,123,2023,61,Semester 1 (Maret),0.202,19009819012361
bps_webapi,0000,2026-08-19T02:01:19+00:00,2026-08-05 12:26:57,98,Gini Ratio Menurut Provinsi dan Daerah,,3,,"- Sumber  : BPS, Susenas  
<br />- Tahun 2002, Susenas Modul Konsumsi reguler
<br />- Tahun 2005, Susenas Panel (Februari)
<br />- Tahun 2006-2010, Susenas Panel (Maret)
<br />- Tahun 2011-2016, Susenas Modul Konsumsi (Maret dan September)
<br />- Angka Provinsi Papua Barat dan Papua sebelum tahun 2024 merupakan angka provinsi sebelum mengalami pemekaran Daerah Otonom Baru (DOB)",Kemiskinan dan Ketimpangan,38 Provinsi,1900,KEP. BANGKA BELITUNG,191,Perkotaan+Perdesaan,123,2023,61,Semester 1 (Maret),0.245,19009819112361
bps_webapi,0000,2026-08-19T02:01:19+00:00,2026-08-05 12:26:57,98,Gini Ratio Menurut Provinsi dan Daerah,,3,,"- Sumber  : BPS, Susenas  
<br />- Tahun 2002, Susenas Modul Konsumsi reguler
<br />- Tahun 2005, Susenas Panel (Februari)
<br />- Tahun 2006-2010, Susenas Panel (Maret)
<br />- Tahun 2011-2016, Susenas Modul Konsumsi (Maret dan September)
<br />- Angka Provinsi Papua Barat dan Papua sebelum tahun 2024 merupakan angka provinsi sebelum mengalami pemekaran Daerah Otonom Baru (DOB)",Kemiskinan dan Ketimpangan,38 Provinsi,2100,KEP. RIAU,189,Perkotaan,123,2023,61,Semester 1 (Maret),0.339,21009818912361
bps_webapi,0000,2026-08-19T02:01:19+00:00,2026-08-05 12:26:57,98,Gini Ratio Menurut Provinsi dan Daerah,,3,,"- Sumber  : BPS, Susenas  
<br />- Tahun 2002, Susenas Modul Konsumsi reguler
<br />- Tahun 2005, Susenas Panel (Februari)
<br />- Tahun 2006-2010, Susenas Panel (Maret)
<br />- Tahun 2011-2016, Susenas Modul Konsumsi (Maret dan September)
<br />- Angka Provinsi Papua Barat dan Papua sebelum tahun 2024 merupakan angka provinsi sebelum mengalami pemekaran Daerah Otonom Baru (DOB)",Kemiskinan dan Ketimpangan,38 Provinsi,2100,KEP. RIAU,190,Perdesaan,123,2023,61,Semester 1 (Maret),0.248,21009819012361
bps_webapi,0000,2026-08-19T02:01:19+00:00,2026-08-05 12:26:57,98,Gini Ratio Menurut Provinsi dan Daerah,,3,,"- Sumber  : BPS, Susenas  
<br />- Tahun 2002, Susenas Modul Konsumsi reguler
<br />- Tahun 2005, Susenas Panel (Februari)
<br />- Tahun 2006-2010, Susenas Panel (Maret)
<br />- Tahun 2011-2016, Susenas Modul Konsumsi (Maret dan September)
<br />- Angka Provinsi Papua Barat dan Papua sebelum tahun 2024 merupakan angka provinsi sebelum mengalami pemekaran Daerah Otonom Baru (DOB)",Kemiskinan dan Ketimpangan,38 Provinsi,2100,KEP. RIAU,191,Perkotaan+Perdesaan,123,2023,61,Semester 1 (Maret),0.34,21009819112361
bps_webapi,0000,2026-08-19T02:01:19+00:00,2026-08-05 12:26:57,98,Gini Ratio Menurut Provinsi dan Daerah,,3,,"- Sumber  : BPS, Susenas  
<br />- Tahun 2002, Susenas Modul Konsumsi reguler
<br />- Tahun 2005, Susenas Panel (Februari)
<br />- Tahun 2006-2010, Susenas Panel (Maret)
<br />- Tahun 2011-2016, Susenas Modul Konsumsi (Maret dan September)
<br />- Angka Provinsi Papua Barat dan Papua sebelum tahun 2024 merupakan angka provinsi sebelum mengalami pemekaran Daerah Otonom Baru (DOB)",Kemiskinan dan Ketimpangan,38 Provinsi,3100,DKI JAKARTA,189,Perkotaan,123,2023,61,Semester 1 (Maret),0.431,31009818912361
bps_webapi,0000,2026-08-19T02:01:19+00:00,2026-08-05 12:26:57,98,Gini Ratio Menurut Provinsi dan Daerah,,3,,"- Sumber  : BPS, Susenas  
<br />- Tahun 2002, Susenas Modul Konsumsi reguler
<br />- Tahun 2005, Susenas Panel (Februari)
<br />- Tahun 2006-2010, Susenas Panel (Maret)
<br />- Tahun 2011-2016, Susenas Modul Konsumsi (Maret dan September)
<br />- Angka Provinsi Papua Barat dan Papua sebelum tahun 2024 merupakan angka provinsi sebelum mengalami pemekaran Daerah Otonom Baru (DOB)",Kemiskinan dan Ketimpangan,38 Provinsi,3100,DKI JAKARTA,191,Perkotaan+Perdesaan,123,2023,61,Semester 1 (Maret),0.431,31009819112361
bps_webapi,0000,2026-08-19T02:01:19+00:00,2026-08-05 12:26:57,98,Gini Ratio Menurut Provinsi dan Daerah,,3,,"- Sumber  : BPS, Susenas  
<br />- Tahun 2002, Susenas Modul Konsumsi reguler
<br />- Tahun 2005, Susenas Panel (Februari)
<br />- Tahun 2006-2010, Susenas Panel (Maret)
<br />- Tahun 2011-2016, Susenas Modul Konsumsi (Maret dan September)
<br />- Angka Provinsi Papua Barat dan Papua sebelum tahun 2024 merupakan angka provinsi sebelum mengalami pemekaran Daerah Otonom Baru (DOB)",Kemiskinan dan Ketimpangan,38 Provinsi,3200,JAWA BARAT,189,Perkotaan,123,2023,61,Semester 1 (Maret),0.439,32009818912361
bps_webapi,0000,2026-08-19T02:01:19+00:00,2026-08-05 12:26:57,98,Gini Ratio Menurut Provinsi dan Daerah,,3,,"- Sumber  : BPS, Susenas  
<br />- Tahun 2002, Susenas Modul Konsumsi reguler
<br />- Tahun 2005, Susenas Panel (Februari)
<br />- Tahun 2006-2010, Susenas Panel (Maret)
<br />- Tahun 2011-2016, Susenas Modul Konsumsi (Maret dan September)
<br />- Angka Provinsi Papua Barat dan Papua sebelum tahun 2024 merupakan angka provinsi sebelum mengalami pemekaran Daerah Otonom Baru (DOB)",Kemiskinan dan Ketimpangan,38 Provinsi,3200,JAWA BARAT,190,Perdesaan,123,2023,61,Semester 1 (Maret),0.321,32009819012361
bps_webapi,0000,2026-08-19T02:01:19+00:00,2026-08-05 12:26:57,98,Gini Ratio Menurut Provinsi dan Daerah,,3,,"- Sumber  : BPS, Susenas  
<br />- Tahun 2002, Susenas Modul Konsumsi reguler
<br />- Tahun 2005, Susenas Panel (Februari)
<br />- Tahun 2006-2010, Susenas Panel (Maret)
<br />- Tahun 2011-2016, Susenas Modul Konsumsi (Maret dan September)
<br />- Angka Provinsi Papua Barat dan Papua sebelum tahun 2024 merupakan angka provinsi sebelum mengalami pemekaran Daerah Otonom Baru (DOB)",Kemiskinan dan Ketimpangan,38 Provinsi,3200,JAWA BARAT,191,Perkotaan+Perdesaan,123,2023,61,Semester 1 (Maret),0.425,32009819112361
bps_webapi,0000,2026-08-19T02:01:19+00:00,2026-08-05 12:26:57,98,Gini Ratio Menurut Provinsi dan Daerah,,3,,"- Sumber  : BPS, Susenas  
<br />- Tahun 2002, Susenas Modul Konsumsi reguler
<br />- Tahun 2005, Susenas Panel (Februari)
<br />- Tahun 2006-2010, Susenas Panel (Maret)
<br />- Tahun 2011-2016, Susenas Modul Konsumsi (Maret dan September)
<br />- Angka Provinsi Papua Barat dan Papua sebelum tahun 2024 merupakan angka provinsi sebelum mengalami pemekaran Daerah Otonom Baru (DOB)",Kemiskinan dan Ketimpangan,38 Provinsi,3300,JAWA TENGAH,189,Perkotaan,123,2023,61,Semester 1 (Maret),0.399,33009818912361
bps_webapi,0000,2026-08-19T02:01:19+00:00,2026-08-05 12:26:57,98,Gini Ratio Menurut Provinsi dan Daerah,,3,,"- Sumber  : BPS, Susenas  
<br />- Tahun 2002, Susenas Modul Konsumsi reguler
<br />- Tahun 2005, Susenas Panel (Februari)
<br />- Tahun 2006-2010, Susenas Panel (Maret)
<br />- Tahun 2011-2016, Susenas Modul Konsumsi (Maret dan September)
<br />- Angka Provinsi Papua Barat dan Papua sebelum tahun 2024 merupakan angka provinsi sebelum mengalami pemekaran Daerah Otonom Baru (DOB)",Kemiskinan dan Ketimpangan,38 Provinsi,3300,JAWA TENGAH,190,Perdesaan,123,2023,61,Semester 1 (Maret),0.318,33009819012361
bps_webapi,0000,2026-08-19T02:01:19+00:00,2026-08-05 12:26:57,98,Gini Ratio Menurut Provinsi dan Daerah,,3,,"- Sumber  : BPS, Susenas  
<br />- Tahun 2002, Susenas Modul Konsumsi reguler
<br />- Tahun 2005, Susenas Panel (Februari)
<br />- Tahun 2006-2010, Susenas Panel (Maret)
<br />- Tahun 2011-2016, Susenas Modul Konsumsi (Maret dan September)
<br />- Angka Provinsi Papua Barat dan Papua sebelum tahun 2024 merupakan angka provinsi sebelum mengalami pemekaran Daerah Otonom Baru (DOB)",Kemiskinan dan Ketimpangan,38 Provinsi,3300,JAWA TENGAH,191,Perkotaan+Perdesaan,123,2023,61,Semester 1 (Maret),0.369,33009819112361
bps_webapi,0000,2026-08-19T02:01:19+00:00,2026-08-05 12:26:57,98,Gini Ratio Menurut Provinsi dan Daerah,,3,,"- Sumber  : BPS, Susenas  
<br />- Tahun 2002, Susenas Modul Konsumsi reguler
<br />- Tahun 2005, Susenas Panel (Februari)
<br />- Tahun 2006-2010, Susenas Panel (Maret)
<br />- Tahun 2011-2016, Susenas Modul Konsumsi (Maret dan September)
<br />- Angka Provinsi Papua Barat dan Papua sebelum tahun 2024 merupakan angka provinsi sebelum mengalami pemekaran Daerah Otonom Baru (DOB)",Kemiskinan dan Ketimpangan,38 Provinsi,3400,DI YOGYAKARTA,189,Perkotaan,123,2023,61,Semester 1 (Maret),0.453,34009818912361
bps_webapi,0000,2026-08-19T02:01:19+00:00,2026-08-05 12:26:57,98,Gini Ratio Menurut Provinsi dan Daerah,,3,,"- Sumber  : BPS, Susenas  
<br />- Tahun 2002, Susenas Modul Konsumsi reguler
<br />- Tahun 2005, Susenas Panel (Februari)
<br />- Tahun 2006-2010, Susenas Panel (Maret)
<br />- Tahun 2011-2016, Susenas Modul Konsumsi (Maret dan September)
<br />- Angka Provinsi Papua Barat dan Papua sebelum tahun 2024 merupakan angka provinsi sebelum mengalami pemekaran Daerah Otonom Baru (DOB)",Kemiskinan dan Ketimpangan,38 Provinsi,3400,DI YOGYAKARTA,190,Perdesaan,123,2023,61,Semester 1 (Maret),0.362,34009819012361
bps_webapi,0000,2026-08-19T02:01:19+00:00,2026-08-05 12:26:57,98,Gini Ratio Menurut Provinsi dan Daerah,,3,,"- Sumber  : BPS, Susenas  
<br />- Tahun 2002, Susenas Modul Konsumsi reguler
<br />- Tahun 2005, Susenas Panel (Februari)
<br />- Tahun 2006-2010, Susenas Panel (Maret)
<br />- Tahun 2011-2016, Susenas Modul Konsumsi (Maret dan September)
<br />- Angka Provinsi Papua Barat dan Papua sebelum tahun 2024 merupakan angka provinsi sebelum mengalami pemekaran Daerah Otonom Baru (DOB)",Kemiskinan dan Ketimpangan,38 Provinsi,3400,DI YOGYAKARTA,191,Perkotaan+Perdesaan,123,2023,61,Semester 1 (Maret),0.449,34009819112361
bps_webapi,0000,2026-08-19T02:01:19+00:00,2026-08-05 12:26:57,98,Gini Ratio Menurut Provinsi dan Daerah,,3,,"- Sumber  : BPS, Susenas  
<br />- Tahun 2002, Susenas Modul Konsumsi reguler
<br />- Tahun 2005, Susenas Panel (Februari)
<br />- Tahun 2006-2010, Susenas Panel (Maret)
<br />- Tahun 2011-2016, Susenas Modul Konsumsi (Maret dan September)
<br />- Angka Provinsi Papua Barat dan Papua sebelum tahun 2024 merupakan angka provinsi sebelum mengalami pemekaran Daerah Otonom Baru (DOB)",Kemiskinan dan Ketimpangan,38 Provinsi,3500,JAWA TIMUR,189,Perkotaan,123,2023,61,Semester 1 (Maret),0.404,35009818912361
bps_webapi,0000,2026-08-19T02:01:19+00:00,2026-08-05 12:26:57,98,Gini Ratio Menurut Provinsi dan Daerah,,3,,"- Sumber  : BPS, Susenas  
<br />- Tahun 2002, Susenas Modul Konsumsi reguler
<br />- Tahun 2005, Susenas Panel (Februari)
<br />- Tahun 2006-2010, Susenas Panel (Maret)
<br />- Tahun 2011-2016, Susenas Modul Konsumsi (Maret dan September)
<br />- Angka Provinsi Papua Barat dan Papua sebelum tahun 2024 merupakan angka provinsi sebelum mengalami pemekaran Daerah Otonom Baru (DOB)",Kemiskinan dan Ketimpangan,38 Provinsi,3500,JAWA TIMUR,190,Perdesaan,123,2023,61,Semester 1 (Maret),0.337,35009819012361
bps_webapi,0000,2026-08-19T02:01:19+00:00,2026-08-05 12:26:57,98,Gini Ratio Menurut Provinsi dan Daerah,,3,,"- Sumber  : BPS, Susenas  
<br />- Tahun 2002, Susenas Modul Konsumsi reguler
<br />- Tahun 2005, Susenas Panel (Februari)
<br />- Tahun 2006-2010, Susenas Panel (Maret)
<br />- Tahun 2011-2016, Susenas Modul Konsumsi (Maret dan September)
<br />- Angka Provinsi Papua Barat dan Papua sebelum tahun 2024 merupakan angka provinsi sebelum mengalami pemekaran Daerah Otonom Baru (DOB)",Kemiskinan dan Ketimpangan,38 Provinsi,3500,JAWA TIMUR,191,Perkotaan+Perdesaan,123,2023,61,Semester 1 (Maret),0.387,35009819112361
bps_webapi,0000,2026-08-19T02:01:19+00:00,2026-08-05 12:26:57,98,Gini Ratio Menurut Provinsi dan Daerah,,3,,"- Sumber  : BPS, Susenas  
<br />- Tahun 2002, Susenas Modul Konsumsi reguler
<br />- Tahun 2005, Susenas Panel (Februari)
<br />- Tahun 2006-2010, Susenas Panel (Maret)
<br />- Tahun 2011-2016, Susenas Modul Konsumsi (Maret dan September)
<br />- Angka Provinsi Papua Barat dan Papua sebelum tahun 2024 merupakan angka provinsi sebelum mengalami pemekaran Daerah Otonom Baru (DOB)",Kemiskinan dan Ketimpangan,38 Provinsi,3600,BANTEN,189,Perkotaan,123,2023,61,Semester 1 (Maret),0.372,36009818912361
bps_webapi,0000,2026-08-19T02:01:19+00:00,2026-08-05 12:26:57,98,Gini Ratio Menurut Provinsi dan Daerah,,3,,"- Sumber  : BPS, Susenas  
<br />- Tahun 2002, Susenas Modul Konsumsi reguler
<br />- Tahun 2005, Susenas Panel (Februari)
<br />- Tahun 2006-2010, Susenas Panel (Maret)
<br />- Tahun 2011-2016, Susenas Modul Konsumsi (Maret dan September)
<br />- Angka Provinsi Papua Barat dan Papua sebelum tahun 2024 merupakan angka provinsi sebelum mengalami pemekaran Daerah Otonom Baru (DOB)",Kemiskinan dan Ketimpangan,38 Provinsi,3600,BANTEN,190,Perdesaan,123,2023,61,Semester 1 (Maret),0.256,36009819012361
bps_webapi,0000,2026-08-19T02:01:19+00:00,2026-08-05 12:26:57,98,Gini Ratio Menurut Provinsi dan Daerah,,3,,"- Sumber  : BPS, Susenas  
<br />- Tahun 2002, Susenas Modul Konsumsi reguler
<br />- Tahun 2005, Susenas Panel (Februari)
<br />- Tahun 2006-2010, Susenas Panel (Maret)
<br />- Tahun 2011-2016, Susenas Modul Konsumsi (Maret dan September)
<br />- Angka Provinsi Papua Barat dan Papua sebelum tahun 2024 merupakan angka provinsi sebelum mengalami pemekaran Daerah Otonom Baru (DOB)",Kemiskinan dan Ketimpangan,38 Provinsi,3600,BANTEN,191,Perkotaan+Perdesaan,123,2023,61,Semester 1 (Maret),0.368,36009819112361
bps_webapi,0000,2026-08-19T02:01:19+00:00,2026-08-05 12:26:57,98,Gini Ratio Menurut Provinsi dan Daerah,,3,,"- Sumber  : BPS, Susenas  
<br />- Tahun 2002, Susenas Modul Konsumsi reguler
<br />- Tahun 2005, Susenas Panel (Februari)
<br />- Tahun 2006-2010, Susenas Panel (Maret)
<br />- Tahun 2011-2016, Susenas Modul Konsumsi (Maret dan September)
<br />- Angka Provinsi Papua Barat dan Papua sebelum tahun 2024 merupakan angka provinsi sebelum mengalami pemekaran Daerah Otonom Baru (DOB)",Kemiskinan dan Ketimpangan,38 Provinsi,5100,BALI,189,Perkotaan,123,2023,61,Semester 1 (Maret),0.367,51009818912361
bps_webapi,0000,2026-08-19T02:01:19+00:00,2026-08-05 12:26:57,98,Gini Ratio Menurut Provinsi dan Daerah,,3,,"- Sumber  : BPS, Susenas  
<br />- Tahun 2002, Susenas Modul Konsumsi reguler
<br />- Tahun 2005, Susenas Panel (Februari)
<br />- Tahun 2006-2010, Susenas Panel (Maret)
<br />- Tahun 2011-2016, Susenas Modul Konsumsi (Maret dan September)
<br />- Angka Provinsi Papua Barat dan Papua sebelum tahun 2024 merupakan angka provinsi sebelum mengalami pemekaran Daerah Otonom Baru (DOB)",Kemiskinan dan Ketimpangan,38 Provinsi,5100,BALI,190,Perdesaan,123,2023,61,Semester 1 (Maret),0.29,51009819012361
bps_webapi,0000,2026-08-19T02:01:19+00:00,2026-08-05 12:26:57,98,Gini Ratio Menurut Provinsi dan Daerah,,3,,"- Sumber  : BPS, Susenas  
<br />- Tahun 2002, Susenas Modul Konsumsi reguler
<br />- Tahun 2005, Susenas Panel (Februari)
<br />- Tahun 2006-2010, Susenas Panel (Maret)
<br />- Tahun 2011-2016, Susenas Modul Konsumsi (Maret dan September)
<br />- Angka Provinsi Papua Barat dan Papua sebelum tahun 2024 merupakan angka provinsi sebelum mengalami pemekaran Daerah Otonom Baru (DOB)",Kemiskinan dan Ketimpangan,38 Provinsi,5100,BALI,191,Perkotaan+Perdesaan,123,2023,61,Semester 1 (Maret),0.362,51009819112361
bps_webapi,0000,2026-08-19T02:01:19+00:00,2026-08-05 12:26:57,98,Gini Ratio Menurut Provinsi dan Daerah,,3,,"- Sumber  : BPS, Susenas  
<br />- Tahun 2002, Susenas Modul Konsumsi reguler
<br />- Tahun 2005, Susenas Panel (Februari)
<br />- Tahun 2006-2010, Susenas Panel (Maret)
<br />- Tahun 2011-2016, Susenas Modul Konsumsi (Maret dan September)
<br />- Angka Provinsi Papua Barat dan Papua sebelum tahun 2024 merupakan angka provinsi sebelum mengalami pemekaran Daerah Otonom Baru (DOB)",Kemiskinan dan Ketimpangan,38 Provinsi,5200,NUSA TENGGARA BARAT,189,Perkotaan,123,2023,61,Semester 1 (Maret),0.402,52009818912361
bps_webapi,0000,2026-08-19T02:01:19+00:00,2026-08-05 12:26:57,98,Gini Ratio Menurut Provinsi dan Daerah,,3,,"- Sumber  : BPS, Susenas  
<br />- Tahun 2002, Susenas Modul Konsumsi reguler
<br />- Tahun 2005, Susenas Panel (Februari)
<br />- Tahun 2006-2010, Susenas Panel (Maret)
<br />- Tahun 2011-2016, Susenas Modul Konsumsi (Maret dan September)
<br />- Angka Provinsi Papua Barat dan Papua sebelum tahun 2024 merupakan angka provinsi sebelum mengalami pemekaran Daerah Otonom Baru (DOB)",Kemiskinan dan Ketimpangan,38 Provinsi,5200,NUSA TENGGARA BARAT,190,Perdesaan,123,2023,61,Semester 1 (Maret),0.334,52009819012361
bps_webapi,0000,2026-08-19T02:01:19+00:00,2026-08-05 12:26:57,98,Gini Ratio Menurut Provinsi dan Daerah,,3,,"- Sumber  : BPS, Susenas  
<br />- Tahun 2002, Susenas Modul Konsumsi reguler
<br />- Tahun 2005, Susenas Panel (Februari)
<br />- Tahun 2006-2010, Susenas Panel (Maret)
<br />- Tahun 2011-2016, Susenas Modul Konsumsi (Maret dan September)
<br />- Angka Provinsi Papua Barat dan Papua sebelum tahun 2024 merupakan angka provinsi sebelum mengalami pemekaran Daerah Otonom Baru (DOB)",Kemiskinan dan Ketimpangan,38 Provinsi,5200,NUSA TENGGARA BARAT,191,Perkotaan+Perdesaan,123,2023,61,Semester 1 (Maret),0.375,52009819112361
bps_webapi,0000,2026-08-19T02:01:19+00:00,2026-08-05 12:26:57,98,Gini Ratio Menurut Provinsi dan Daerah,,3,,"- Sumber  : BPS, Susenas  
<br />- Tahun 2002, Susenas Modul Konsumsi reguler
<br />- Tahun 2005, Susenas Panel (Februari)
<br />- Tahun 2006-2010, Susenas Panel (Maret)
<br />- Tahun 2011-2016, Susenas Modul Konsumsi (Maret dan September)
<br />- Angka Provinsi Papua Barat dan Papua sebelum tahun 2024 merupakan angka provinsi sebelum mengalami pemekaran Daerah Otonom Baru (DOB)",Kemiskinan dan Ketimpangan,38 Provinsi,5300,NUSA TENGGARA TIMUR,189,Perkotaan,123,2023,61,Semester 1 (Maret),0.299,53009818912361
bps_webapi,0000,2026-08-19T02:01:19+00:00,2026-08-05 12:26:57,98,Gini Ratio Menurut Provinsi dan Daerah,,3,,"- Sumber  : BPS, Susenas  
<br />- Tahun 2002, Susenas Modul Konsumsi reguler
<br />- Tahun 2005, Susenas Panel (Februari)
<br />- Tahun 2006-2010, Susenas Panel (Maret)
<br />- Tahun 2011-2016, Susenas Modul Konsumsi (Maret dan September)
<br />- Angka Provinsi Papua Barat dan Papua sebelum tahun 2024 merupakan angka provinsi sebelum mengalami pemekaran Daerah Otonom Baru (DOB)",Kemiskinan dan Ketimpangan,38 Provinsi,5300,NUSA TENGGARA TIMUR,190,Perdesaan,123,2023,61,Semester 1 (Maret),0.307,53009819012361
bps_webapi,0000,2026-08-19T02:01:19+00:00,2026-08-05 12:26:57,98,Gini Ratio Menurut Provinsi dan Daerah,,3,,"- Sumber  : BPS, Susenas  
<br />- Tahun 2002, Susenas Modul Konsumsi reguler
<br />- Tahun 2005, Susenas Panel (Februari)
<br />- Tahun 2006-2010, Susenas Panel (Maret)
<br />- Tahun 2011-2016, Susenas Modul Konsumsi (Maret dan September)
<br />- Angka Provinsi Papua Barat dan Papua sebelum tahun 2024 merupakan angka provinsi sebelum mengalami pemekaran Daerah Otonom Baru (DOB)",Kemiskinan dan Ketimpangan,38 Provinsi,5300,NUSA TENGGARA TIMUR,191,Perkotaan+Perdesaan,123,2023,61,Semester 1 (Maret),0.325,53009819112361
bps_webapi,0000,2026-08-19T02:01:19+00:00,2026-08-05 12:26:57,98,Gini Ratio Menurut Provinsi dan Daerah,,3,,"- Sumber  : BPS, Susenas  
<br />- Tahun 2002, Susenas Modul Konsumsi reguler
<br />- Tahun 2005, Susenas Panel (Februari)
<br />- Tahun 2006-2010, Susenas Panel (Maret)
<br />- Tahun 2011-2016, Susenas Modul Konsumsi (Maret dan September)
<br />- Angka Provinsi Papua Barat dan Papua sebelum tahun 2024 merupakan angka provinsi sebelum mengalami pemekaran Daerah Otonom Baru (DOB)",Kemiskinan dan Ketimpangan,38 Provinsi,6100,KALIMANTAN BARAT,189,Perkotaan,123,2023,61,Semester 1 (Maret),0.348,61009818912361
bps_webapi,0000,2026-08-19T02:01:19+00:00,2026-08-05 12:26:57,98,Gini Ratio Menurut Provinsi dan Daerah,,3,,"- Sumber  : BPS, Susenas  
<br />- Tahun 2002, Susenas Modul Konsumsi reguler
<br />- Tahun 2005, Susenas Panel (Februari)
<br />- Tahun 2006-2010, Susenas Panel (Maret)
<br />- Tahun 2011-2016, Susenas Modul Konsumsi (Maret dan September)
<br />- Angka Provinsi Papua Barat dan Papua sebelum tahun 2024 merupakan angka provinsi sebelum mengalami pemekaran Daerah Otonom Baru (DOB)",Kemiskinan dan Ketimpangan,38 Provinsi,6100,KALIMANTAN BARAT,190,Perdesaan,123,2023,61,Semester 1 (Maret),0.273,61009819012361
bps_webapi,0000,2026-08-19T02:01:19+00:00,2026-08-05 12:26:57,98,Gini Ratio Menurut Provinsi dan Daerah,,3,,"- Sumber  : BPS, Susenas  
<br />- Tahun 2002, Susenas Modul Konsumsi reguler
<br />- Tahun 2005, Susenas Panel (Februari)
<br />- Tahun 2006-2010, Susenas Panel (Maret)
<br />- Tahun 2011-2016, Susenas Modul Konsumsi (Maret dan September)
<br />- Angka Provinsi Papua Barat dan Papua sebelum tahun 2024 merupakan angka provinsi sebelum mengalami pemekaran Daerah Otonom Baru (DOB)",Kemiskinan dan Ketimpangan,38 Provinsi,6100,KALIMANTAN BARAT,191,Perkotaan+Perdesaan,123,2023,61,Semester 1 (Maret),0.321,61009819112361
bps_webapi,0000,2026-08-19T02:01:19+00:00,2026-08-05 12:26:57,98,Gini Ratio Menurut Provinsi dan Daerah,,3,,"- Sumber  : BPS, Susenas  
<br />- Tahun 2002, Susenas Modul Konsumsi reguler
<br />- Tahun 2005, Susenas Panel (Februari)
<br />- Tahun 2006-2010, Susenas Panel (Maret)
<br />- Tahun 2011-2016, Susenas Modul Konsumsi (Maret dan September)
<br />- Angka Provinsi Papua Barat dan Papua sebelum tahun 2024 merupakan angka provinsi sebelum mengalami pemekaran Daerah Otonom Baru (DOB)",Kemiskinan dan Ketimpangan,38 Provinsi,6200,KALIMANTAN TENGAH,189,Perkotaan,123,2023,61,Semester 1 (Maret),0.335,62009818912361
bps_webapi,0000,2026-08-19T02:01:19+00:00,2026-08-05 12:26:57,98,Gini Ratio Menurut Provinsi dan Daerah,,3,,"- Sumber  : BPS, Susenas  
<br />- Tahun 2002, Susenas Modul Konsumsi reguler
<br />- Tahun 2005, Susenas Panel (Februari)
<br />- Tahun 2006-2010, Susenas Panel (Maret)
<br />- Tahun 2011-2016, Susenas Modul Konsumsi (Maret dan September)
<br />- Angka Provinsi Papua Barat dan Papua sebelum tahun 2024 merupakan angka provinsi sebelum mengalami pemekaran Daerah Otonom Baru (DOB)",Kemiskinan dan Ketimpangan,38 Provinsi,6200,KALIMANTAN TENGAH,190,Perdesaan,123,2023,61,Semester 1 (Maret),0.298,62009819012361
bps_webapi,0000,2026-08-19T02:01:19+00:00,2026-08-05 12:26:57,98,Gini Ratio Menurut Provinsi dan Daerah,,3,,"- Sumber  : BPS, Susenas  
<br />- Tahun 2002, Susenas Modul Konsumsi reguler
<br />- Tahun 2005, Susenas Panel (Februari)
<br />- Tahun 2006-2010, Susenas Panel (Maret)
<br />- Tahun 2011-2016, Susenas Modul Konsumsi (Maret dan September)
<br />- Angka Provinsi Papua Barat dan Papua sebelum tahun 2024 merupakan angka provinsi sebelum mengalami pemekaran Daerah Otonom Baru (DOB)",Kemiskinan dan Ketimpangan,38 Provinsi,6200,KALIMANTAN TENGAH,191,Perkotaan+Perdesaan,123,2023,61,Semester 1 (Maret),0.317,62009819112361
bps_webapi,0000,2026-08-19T02:01:19+00:00,2026-08-05 12:26:57,98,Gini Ratio Menurut Provinsi dan Daerah,,3,,"- Sumber  : BPS, Susenas  
<br />- Tahun 2002, Susenas Modul Konsumsi reguler
<br />- Tahun 2005, Susenas Panel (Februari)
<br />- Tahun 2006-2010, Susenas Panel (Maret)
<br />- Tahun 2011-2016, Susenas Modul Konsumsi (Maret dan September)
<br />- Angka Provinsi Papua Barat dan Papua sebelum tahun 2024 merupakan angka provinsi sebelum mengalami pemekaran Daerah Otonom Baru (DOB)",Kemiskinan dan Ketimpangan,38 Provinsi,6300,KALIMANTAN SELATAN,189,Perkotaan,123,2023,61,Semester 1 (Maret),0.345,63009818912361
bps_webapi,0000,2026-08-19T02:01:19+00:00,2026-08-05 12:26:57,98,Gini Ratio Menurut Provinsi dan Daerah,,3,,"- Sumber  : BPS, Susenas  
<br />- Tahun 2002, Susenas Modul Konsumsi reguler
<br />- Tahun 2005, Susenas Panel (Februari)
<br />- Tahun 2006-2010, Susenas Panel (Maret)
<br />- Tahun 2011-2016, Susenas Modul Konsumsi (Maret dan September)
<br />- Angka Provinsi Papua Barat dan Papua sebelum tahun 2024 merupakan angka provinsi sebelum mengalami pemekaran Daerah Otonom Baru (DOB)",Kemiskinan dan Ketimpangan,38 Provinsi,6300,KALIMANTAN SELATAN,190,Perdesaan,123,2023,61,Semester 1 (Maret),0.259,63009819012361
bps_webapi,0000,2026-08-19T02:01:19+00:00,2026-08-05 12:26:57,98,Gini Ratio Menurut Provinsi dan Daerah,,3,,"- Sumber  : BPS, Susenas  
<br />- Tahun 2002, Susenas Modul Konsumsi reguler
<br />- Tahun 2005, Susenas Panel (Februari)
<br />- Tahun 2006-2010, Susenas Panel (Maret)
<br />- Tahun 2011-2016, Susenas Modul Konsumsi (Maret dan September)
<br />- Angka Provinsi Papua Barat dan Papua sebelum tahun 2024 merupakan angka provinsi sebelum mengalami pemekaran Daerah Otonom Baru (DOB)",Kemiskinan dan Ketimpangan,38 Provinsi,6300,KALIMANTAN SELATAN,191,Perkotaan+Perdesaan,123,2023,61,Semester 1 (Maret),0.313,63009819112361
bps_webapi,0000,2026-08-19T02:01:19+00:00,2026-08-05 12:26:57,98,Gini Ratio Menurut Provinsi dan Daerah,,3,,"- Sumber  : BPS, Susenas  
<br />- Tahun 2002, Susenas Modul Konsumsi reguler
<br />- Tahun 2005, Susenas Panel (Februari)
<br />- Tahun 2006-2010, Susenas Panel (Maret)
<br />- Tahun 2011-2016, Susenas Modul Konsumsi (Maret dan September)
<br />- Angka Provinsi Papua Barat dan Papua sebelum tahun 2024 merupakan angka provinsi sebelum mengalami pemekaran Daerah Otonom Baru (DOB)",Kemiskinan dan Ketimpangan,38 Provinsi,6400,KALIMANTAN TIMUR,189,Perkotaan,123,2023,61,Semester 1 (Maret),0.328,64009818912361
bps_webapi,0000,2026-08-19T02:01:19+00:00,2026-08-05 12:26:57,98,Gini Ratio Menurut Provinsi dan Daerah,,3,,"- Sumber  : BPS, Susenas  
<br />- Tahun 2002, Susenas Modul Konsumsi reguler
<br />- Tahun 2005, Susenas Panel (Februari)
<br />- Tahun 2006-2010, Susenas Panel (Maret)
<br />- Tahun 2011-2016, Susenas Modul Konsumsi (Maret dan September)
<br />- Angka Provinsi Papua Barat dan Papua sebelum tahun 2024 merupakan angka provinsi sebelum mengalami pemekaran Daerah Otonom Baru (DOB)",Kemiskinan dan Ketimpangan,38 Provinsi,6400,KALIMANTAN TIMUR,190,Perdesaan,123,2023,61,Semester 1 (Maret),0.292,64009819012361
bps_webapi,0000,2026-08-19T02:01:19+00:00,2026-08-05 12:26:57,98,Gini Ratio Menurut Provinsi dan Daerah,,3,,"- Sumber  : BPS, Susenas  
<br />- Tahun 2002, Susenas Modul Konsumsi reguler
<br />- Tahun 2005, Susenas Panel (Februari)
<br />- Tahun 2006-2010, Susenas Panel (Maret)
<br />- Tahun 2011-2016, Susenas Modul Konsumsi (Maret dan September)
<br />- Angka Provinsi Papua Barat dan Papua sebelum tahun 2024 merupakan angka provinsi sebelum mengalami pemekaran Daerah Otonom Baru (DOB)",Kemiskinan dan Ketimpangan,38 Provinsi,6400,KALIMANTAN TIMUR,191,Perkotaan+Perdesaan,123,2023,61,Semester 1 (Maret),0.322,64009819112361
bps_webapi,0000,2026-08-19T02:01:19+00:00,2026-08-05 12:26:57,98,Gini Ratio Menurut Provinsi dan Daerah,,3,,"- Sumber  : BPS, Susenas  
<br />- Tahun 2002, Susenas Modul Konsumsi reguler
<br />- Tahun 2005, Susenas Panel (Februari)
<br />- Tahun 2006-2010, Susenas Panel (Maret)
<br />- Tahun 2011-2016, Susenas Modul Konsumsi (Maret dan September)
<br />- Angka Provinsi Papua Barat dan Papua sebelum tahun 2024 merupakan angka provinsi sebelum mengalami pemekaran Daerah Otonom Baru (DOB)",Kemiskinan dan Ketimpangan,38 Provinsi,6500,KALIMANTAN UTARA,189,Perkotaan,123,2023,61,Semester 1 (Maret),0.274,65009818912361
bps_webapi,0000,2026-08-19T02:01:19+00:00,2026-08-05 12:26:57,98,Gini Ratio Menurut Provinsi dan Daerah,,3,,"- Sumber  : BPS, Susenas  
<br />- Tahun 2002, Susenas Modul Konsumsi reguler
<br />- Tahun 2005, Susenas Panel (Februari)
<br />- Tahun 2006-2010, Susenas Panel (Maret)
<br />- Tahun 2011-2016, Susenas Modul Konsumsi (Maret dan September)
<br />- Angka Provinsi Papua Barat dan Papua sebelum tahun 2024 merupakan angka provinsi sebelum mengalami pemekaran Daerah Otonom Baru (DOB)",Kemiskinan dan Ketimpangan,38 Provinsi,6500,KALIMANTAN UTARA,190,Perdesaan,123,2023,61,Semester 1 (Maret),0.27,65009819012361
bps_webapi,0000,2026-08-19T02:01:19+00:00,2026-08-05 12:26:57,98,Gini Ratio Menurut Provinsi dan Daerah,,3,,"- Sumber  : BPS, Susenas  
<br />- Tahun 2002, Susenas Modul Konsumsi reguler
<br />- Tahun 2005, Susenas Panel (Februari)
<br />- Tahun 2006-2010, Susenas Panel (Maret)
<br />- Tahun 2011-2016, Susenas Modul Konsumsi (Maret dan September)
<br />- Angka Provinsi Papua Barat dan Papua sebelum tahun 2024 merupakan angka provinsi sebelum mengalami pemekaran Daerah Otonom Baru (DOB)",Kemiskinan dan Ketimpangan,38 Provinsi,6500,KALIMANTAN UTARA,191,Perkotaan+Perdesaan,123,2023,61,Semester 1 (Maret),0.277,65009819112361
bps_webapi,0000,2026-08-19T02:01:19+00:00,2026-08-05 12:26:57,98,Gini Ratio Menurut Provinsi dan Daerah,,3,,"- Sumber  : BPS, Susenas  
<br />- Tahun 2002, Susenas Modul Konsumsi reguler
<br />- Tahun 2005, Susenas Panel (Februari)
<br />- Tahun 2006-2010, Susenas Panel (Maret)
<br />- Tahun 2011-2016, Susenas Modul Konsumsi (Maret dan September)
<br />- Angka Provinsi Papua Barat dan Papua sebelum tahun 2024 merupakan angka provinsi sebelum mengalami pemekaran Daerah Otonom Baru (DOB)",Kemiskinan dan Ketimpangan,38 Provinsi,7100,SULAWESI UTARA,189,Perkotaan,123,2023,61,Semester 1 (Maret),0.377,71009818912361
bps_webapi,0000,2026-08-19T02:01:19+00:00,2026-08-05 12:26:57,98,Gini Ratio Menurut Provinsi dan Daerah,,3,,"- Sumber  : BPS, Susenas  
<br />- Tahun 2002, Susenas Modul Konsumsi reguler
<br />- Tahun 2005, Susenas Panel (Februari)
<br />- Tahun 2006-2010, Susenas Panel (Maret)
<br />- Tahun 2011-2016, Susenas Modul Konsumsi (Maret dan September)
<br />- Angka Provinsi Papua Barat dan Papua sebelum tahun 2024 merupakan angka provinsi sebelum mengalami pemekaran Daerah Otonom Baru (DOB)",Kemiskinan dan Ketimpangan,38 Provinsi,7100,SULAWESI UTARA,190,Perdesaan,123,2023,61,Semester 1 (Maret),0.345,71009819012361
bps_webapi,0000,2026-08-19T02:01:19+00:00,2026-08-05 12:26:57,98,Gini Ratio Menurut Provinsi dan Daerah,,3,,"- Sumber  : BPS, Susenas  
<br />- Tahun 2002, Susenas Modul Konsumsi reguler
<br />- Tahun 2005, Susenas Panel (Februari)
<br />- Tahun 2006-2010, Susenas Panel (Maret)
<br />- Tahun 2011-2016, Susenas Modul Konsumsi (Maret dan September)
<br />- Angka Provinsi Papua Barat dan Papua sebelum tahun 2024 merupakan angka provinsi sebelum mengalami pemekaran Daerah Otonom Baru (DOB)",Kemiskinan dan Ketimpangan,38 Provinsi,7100,SULAWESI UTARA,191,Perkotaan+Perdesaan,123,2023,61,Semester 1 (Maret),0.37,71009819112361
bps_webapi,0000,2026-08-19T02:01:19+00:00,2026-08-05 12:26:57,98,Gini Ratio Menurut Provinsi dan Daerah,,3,,"- Sumber  : BPS, Susenas  
<br />- Tahun 2002, Susenas Modul Konsumsi reguler
<br />- Tahun 2005, Susenas Panel (Februari)
<br />- Tahun 2006-2010, Susenas Panel (Maret)
<br />- Tahun 2011-2016, Susenas Modul Konsumsi (Maret dan September)
<br />- Angka Provinsi Papua Barat dan Papua sebelum tahun 2024 merupakan angka provinsi sebelum mengalami pemekaran Daerah Otonom Baru (DOB)",Kemiskinan dan Ketimpangan,38 Provinsi,7200,SULAWESI TENGAH,189,Perkotaan,123,2023,61,Semester 1 (Maret),0.344,72009818912361
bps_webapi,0000,2026-08-19T02:01:19+00:00,2026-08-05 12:26:57,98,Gini Ratio Menurut Provinsi dan Daerah,,3,,"- Sumber  : BPS, Susenas  
<br />- Tahun 2002, Susenas Modul Konsumsi reguler
<br />- Tahun 2005, Susenas Panel (Februari)
<br />- Tahun 2006-2010, Susenas Panel (Maret)
<br />- Tahun 2011-2016, Susenas Modul Konsumsi (Maret dan September)
<br />- Angka Provinsi Papua Barat dan Papua sebelum tahun 2024 merupakan angka provinsi sebelum mengalami pemekaran Daerah Otonom Baru (DOB)",Kemiskinan dan Ketimpangan,38 Provinsi,7200,SULAWESI TENGAH,190,Perdesaan,123,2023,61,Semester 1 (Maret),0.265,72009819012361
bps_webapi,0000,2026-08-19T02:01:19+00:00,2026-08-05 12:26:57,98,Gini Ratio Menurut Provinsi dan Daerah,,3,,"- Sumber  : BPS, Susenas  
<br />- Tahun 2002, Susenas Modul Konsumsi reguler
<br />- Tahun 2005, Susenas Panel (Februari)
<br />- Tahun 2006-2010, Susenas Panel (Maret)
<br />- Tahun 2011-2016, Susenas Modul Konsumsi (Maret dan September)
<br />- Angka Provinsi Papua Barat dan Papua sebelum tahun 2024 merupakan angka provinsi sebelum mengalami pemekaran Daerah Otonom Baru (DOB)",Kemiskinan dan Ketimpangan,38 Provinsi,7200,SULAWESI TENGAH,191,Perkotaan+Perdesaan,123,2023,61,Semester 1 (Maret),0.304,72009819112361
bps_webapi,0000,2026-08-19T02:01:19+00:00,2026-08-05 12:26:57,98,Gini Ratio Menurut Provinsi dan Daerah,,3,,"- Sumber  : BPS, Susenas  
<br />- Tahun 2002, Susenas Modul Konsumsi reguler
<br />- Tahun 2005, Susenas Panel (Februari)
<br />- Tahun 2006-2010, Susenas Panel (Maret)
<br />- Tahun 2011-2016, Susenas Modul Konsumsi (Maret dan September)
<br />- Angka Provinsi Papua Barat dan Papua sebelum tahun 2024 merupakan angka provinsi sebelum mengalami pemekaran Daerah Otonom Baru (DOB)",Kemiskinan dan Ketimpangan,38 Provinsi,7300,SULAWESI SELATAN,189,Perkotaan,123,2023,61,Semester 1 (Maret),0.386,73009818912361
bps_webapi,0000,2026-08-19T02:01:19+00:00,2026-08-05 12:26:57,98,Gini Ratio Menurut Provinsi dan Daerah,,3,,"- Sumber  : BPS, Susenas  
<br />- Tahun 2002, Susenas Modul Konsumsi reguler
<br />- Tahun 2005, Susenas Panel (Februari)
<br />- Tahun 2006-2010, Susenas Panel (Maret)
<br />- Tahun 2011-2016, Susenas Modul Konsumsi (Maret dan September)
<br />- Angka Provinsi Papua Barat dan Papua sebelum tahun 2024 merupakan angka provinsi sebelum mengalami pemekaran Daerah Otonom Baru (DOB)",Kemiskinan dan Ketimpangan,38 Provinsi,7300,SULAWESI SELATAN,190,Perdesaan,123,2023,61,Semester 1 (Maret),0.339,73009819012361
bps_webapi,0000,2026-08-19T02:01:19+00:00,2026-08-05 12:26:57,98,Gini Ratio Menurut Provinsi dan Daerah,,3,,"- Sumber  : BPS, Susenas  
<br />- Tahun 2002, Susenas Modul Konsumsi reguler
<br />- Tahun 2005, Susenas Panel (Februari)
<br />- Tahun 2006-2010, Susenas Panel (Maret)
<br />- Tahun 2011-2016, Susenas Modul Konsumsi (Maret dan September)
<br />- Angka Provinsi Papua Barat dan Papua sebelum tahun 2024 merupakan angka provinsi sebelum mengalami pemekaran Daerah Otonom Baru (DOB)",Kemiskinan dan Ketimpangan,38 Provinsi,7300,SULAWESI SELATAN,191,Perkotaan+Perdesaan,123,2023,61,Semester 1 (Maret),0.377,73009819112361
bps_webapi,0000,2026-08-19T02:01:19+00:00,2026-08-05 12:26:57,98,Gini Ratio Menurut Provinsi dan Daerah,,3,,"- Sumber  : BPS, Susenas  
<br />- Tahun 2002, Susenas Modul Konsumsi reguler
<br />- Tahun 2005, Susenas Panel (Februari)
<br />- Tahun 2006-2010, Susenas Panel (Maret)
<br />- Tahun 2011-2016, Susenas Modul Konsumsi (Maret dan September)
<br />- Angka Provinsi Papua Barat dan Papua sebelum tahun 2024 merupakan angka provinsi sebelum mengalami pemekaran Daerah Otonom Baru (DOB)",Kemiskinan dan Ketimpangan,38 Provinsi,7400,SULAWESI TENGGARA,189,Perkotaan,123,2023,61,Semester 1 (Maret),0.393,74009818912361
bps_webapi,0000,2026-08-19T02:01:19+00:00,2026-08-05 12:26:57,98,Gini Ratio Menurut Provinsi dan Daerah,,3,,"- Sumber  : BPS, Susenas  
<br />- Tahun 2002, Susenas Modul Konsumsi reguler
<br />- Tahun 2005, Susenas Panel (Februari)
<br />- Tahun 2006-2010, Susenas Panel (Maret)
<br />- Tahun 2011-2016, Susenas Modul Konsumsi (Maret dan September)
<br />- Angka Provinsi Papua Barat dan Papua sebelum tahun 2024 merupakan angka provinsi sebelum mengalami pemekaran Daerah Otonom Baru (DOB)",Kemiskinan dan Ketimpangan,38 Provinsi,7400,SULAWESI TENGGARA,190,Perdesaan,123,2023,61,Semester 1 (Maret),0.338,74009819012361
bps_webapi,0000,2026-08-19T02:01:19+00:00,2026-08-05 12:26:57,98,Gini Ratio Menurut Provinsi dan Daerah,,3,,"- Sumber  : BPS, Susenas  
<br />- Tahun 2002, Susenas Modul Konsumsi reguler
<br />- Tahun 2005, Susenas Panel (Februari)
<br />- Tahun 2006-2010, Susenas Panel (Maret)
<br />- Tahun 2011-2016, Susenas Modul Konsumsi (Maret dan September)
<br />- Angka Provinsi Papua Barat dan Papua sebelum tahun 2024 merupakan angka provinsi sebelum mengalami pemekaran Daerah Otonom Baru (DOB)",Kemiskinan dan Ketimpangan,38 Provinsi,7400,SULAWESI TENGGARA,191,Perkotaan+Perdesaan,123,2023,61,Semester 1 (Maret),0.371,74009819112361
bps_webapi,0000,2026-08-19T02:01:19+00:00,2026-08-05 12:26:57,98,Gini Ratio Menurut Provinsi dan Daerah,,3,,"- Sumber  : BPS, Susenas  
<br />- Tahun 2002, Susenas Modul Konsumsi reguler
<br />- Tahun 2005, Susenas Panel (Februari)
<br />- Tahun 2006-2010, Susenas Panel (Maret)
<br />- Tahun 2011-2016, Susenas Modul Konsumsi (Maret dan September)
<br />- Angka Provinsi Papua Barat dan Papua sebelum tahun 2024 merupakan angka provinsi sebelum mengalami pemekaran Daerah Otonom Baru (DOB)",Kemiskinan dan Ketimpangan,38 Provinsi,7500,GORONTALO,189,Perkotaan,123,2023,61,Semester 1 (Maret),0.403,75009818912361
bps_webapi,0000,2026-08-19T02:01:19+00:00,2026-08-05 12:26:57,98,Gini Ratio Menurut Provinsi dan Daerah,,3,,"- Sumber  : BPS, Susenas  
<br />- Tahun 2002, Susenas Modul Konsumsi reguler
<br />- Tahun 2005, Susenas Panel (Februari)
<br />- Tahun 2006-2010, Susenas Panel (Maret)
<br />- Tahun 2011-2016, Susenas Modul Konsumsi (Maret dan September)
<br />- Angka Provinsi Papua Barat dan Papua sebelum tahun 2024 merupakan angka provinsi sebelum mengalami pemekaran Daerah Otonom Baru (DOB)",Kemiskinan dan Ketimpangan,38 Provinsi,7500,GORONTALO,190,Perdesaan,123,2023,61,Semester 1 (Maret),0.403,75009819012361
bps_webapi,0000,2026-08-19T02:01:19+00:00,2026-08-05 12:26:57,98,Gini Ratio Menurut Provinsi dan Daerah,,3,,"- Sumber  : BPS, Susenas  
<br />- Tahun 2002, Susenas Modul Konsumsi reguler
<br />- Tahun 2005, Susenas Panel (Februari)
<br />- Tahun 2006-2010, Susenas Panel (Maret)
<br />- Tahun 2011-2016, Susenas Modul Konsumsi (Maret dan September)
<br />- Angka Provinsi Papua Barat dan Papua sebelum tahun 2024 merupakan angka provinsi sebelum mengalami pemekaran Daerah Otonom Baru (DOB)",Kemiskinan dan Ketimpangan,38 Provinsi,7500,GORONTALO,191,Perkotaan+Perdesaan,123,2023,61,Semester 1 (Maret),0.417,75009819112361
bps_webapi,0000,2026-08-19T02:01:19+00:00,2026-08-05 12:26:57,98,Gini Ratio Menurut Provinsi dan Daerah,,3,,"- Sumber  : BPS, Susenas  
<br />- Tahun 2002, Susenas Modul Konsumsi reguler
<br />- Tahun 2005, Susenas Panel (Februari)
<br />- Tahun 2006-2010, Susenas Panel (Maret)
<br />- Tahun 2011-2016, Susenas Modul Konsumsi (Maret dan September)
<br />- Angka Provinsi Papua Barat dan Papua sebelum tahun 2024 merupakan angka provinsi sebelum mengalami pemekaran Daerah Otonom Baru (DOB)",Kemiskinan dan Ketimpangan,38 Provinsi,7600,SULAWESI BARAT,189,Perkotaan,123,2023,61,Semester 1 (Maret),0.452,76009818912361
bps_webapi,0000,2026-08-19T02:01:19+00:00,2026-08-05 12:26:57,98,Gini Ratio Menurut Provinsi dan Daerah,,3,,"- Sumber  : BPS, Susenas  
<br />- Tahun 2002, Susenas Modul Konsumsi reguler
<br />- Tahun 2005, Susenas Panel (Februari)
<br />- Tahun 2006-2010, Susenas Panel (Maret)
<br />- Tahun 2011-2016, Susenas Modul Konsumsi (Maret dan September)
<br />- Angka Provinsi Papua Barat dan Papua sebelum tahun 2024 merupakan angka provinsi sebelum mengalami pemekaran Daerah Otonom Baru (DOB)",Kemiskinan dan Ketimpangan,38 Provinsi,7600,SULAWESI BARAT,190,Perdesaan,123,2023,61,Semester 1 (Maret),0.308,76009819012361
bps_webapi,0000,2026-08-19T02:01:19+00:00,2026-08-05 12:26:57,98,Gini Ratio Menurut Provinsi dan Daerah,,3,,"- Sumber  : BPS, Susenas  
<br />- Tahun 2002, Susenas Modul Konsumsi reguler
<br />- Tahun 2005, Susenas Panel (Februari)
<br />- Tahun 2006-2010, Susenas Panel (Maret)
<br />- Tahun 2011-2016, Susenas Modul Konsumsi (Maret dan September)
<br />- Angka Provinsi Papua Barat dan Papua sebelum tahun 2024 merupakan angka provinsi sebelum mengalami pemekaran Daerah Otonom Baru (DOB)",Kemiskinan dan Ketimpangan,38 Provinsi,7600,SULAWESI BARAT,191,Perkotaan+Perdesaan,123,2023,61,Semester 1 (Maret),0.351,76009819112361
bps_webapi,0000,2026-08-19T02:01:19+00:00,2026-08-05 12:26:57,98,Gini Ratio Menurut Provinsi dan Daerah,,3,,"- Sumber  : BPS, Susenas  
<br />- Tahun 2002, Susenas Modul Konsumsi reguler
<br />- Tahun 2005, Susenas Panel (Februari)
<br />- Tahun 2006-2010, Susenas Panel (Maret)
<br />- Tahun 2011-2016, Susenas Modul Konsumsi (Maret dan September)
<br />- Angka Provinsi Papua Barat dan Papua sebelum tahun 2024 merupakan angka provinsi sebelum mengalami pemekaran Daerah Otonom Baru (DOB)",Kemiskinan dan Ketimpangan,38 Provinsi,8100,MALUKU,189,Perkotaan,123,2023,61,Semester 1 (Maret),0.288,81009818912361
bps_webapi,0000,2026-08-19T02:01:19+00:00,2026-08-05 12:26:57,98,Gini Ratio Menurut Provinsi dan Daerah,,3,,"- Sumber  : BPS, Susenas  
<br />- Tahun 2002, Susenas Modul Konsumsi reguler
<br />- Tahun 2005, Susenas Panel (Februari)
<br />- Tahun 2006-2010, Susenas Panel (Maret)
<br />- Tahun 2011-2016, Susenas Modul Konsumsi (Maret dan September)
<br />- Angka Provinsi Papua Barat dan Papua sebelum tahun 2024 merupakan angka provinsi sebelum mengalami pemekaran Daerah Otonom Baru (DOB)",Kemiskinan dan Ketimpangan,38 Provinsi,8100,MALUKU,190,Perdesaan,123,2023,61,Semester 1 (Maret),0.247,81009819012361
bps_webapi,0000,2026-08-19T02:01:19+00:00,2026-08-05 12:26:57,98,Gini Ratio Menurut Provinsi dan Daerah,,3,,"- Sumber  : BPS, Susenas  
<br />- Tahun 2002, Susenas Modul Konsumsi reguler
<br />- Tahun 2005, Susenas Panel (Februari)
<br />- Tahun 2006-2010, Susenas Panel (Maret)
<br />- Tahun 2011-2016, Susenas Modul Konsumsi (Maret dan September)
<br />- Angka Provinsi Papua Barat dan Papua sebelum tahun 2024 merupakan angka provinsi sebelum mengalami pemekaran Daerah Otonom Baru (DOB)",Kemiskinan dan Ketimpangan,38 Provinsi,8100,MALUKU,191,Perkotaan+Perdesaan,123,2023,61,Semester 1 (Maret),0.288,81009819112361
bps_webapi,0000,2026-08-19T02:01:19+00:00,2026-08-05 12:26:57,98,Gini Ratio Menurut Provinsi dan Daerah,,3,,"- Sumber  : BPS, Susenas  
<br />- Tahun 2002, Susenas Modul Konsumsi reguler
<br />- Tahun 2005, Susenas Panel (Februari)
<br />- Tahun 2006-2010, Susenas Panel (Maret)
<br />- Tahun 2011-2016, Susenas Modul Konsumsi (Maret dan September)
<br />- Angka Provinsi Papua Barat dan Papua sebelum tahun 2024 merupakan angka provinsi sebelum mengalami pemekaran Daerah Otonom Baru (DOB)",Kemiskinan dan Ketimpangan,38 Provinsi,8200,MALUKU UTARA,189,Perkotaan,123,2023,61,Semester 1 (Maret),0.326,82009818912361
bps_webapi,0000,2026-08-19T02:01:19+00:00,2026-08-05 12:26:57,98,Gini Ratio Menurut Provinsi dan Daerah,,3,,"- Sumber  : BPS, Susenas  
<br />- Tahun 2002, Susenas Modul Konsumsi reguler
<br />- Tahun 2005, Susenas Panel (Februari)
<br />- Tahun 2006-2010, Susenas Panel (Maret)
<br />- Tahun 2011-2016, Susenas Modul Konsumsi (Maret dan September)
<br />- Angka Provinsi Papua Barat dan Papua sebelum tahun 2024 merupakan angka provinsi sebelum mengalami pemekaran Daerah Otonom Baru (DOB)",Kemiskinan dan Ketimpangan,38 Provinsi,8200,MALUKU UTARA,190,Perdesaan,123,2023,61,Semester 1 (Maret),0.269,82009819012361
bps_webapi,0000,2026-08-19T02:01:19+00:00,2026-08-05 12:26:57,98,Gini Ratio Menurut Provinsi dan Daerah,,3,,"- Sumber  : BPS, Susenas  
<br />- Tahun 2002, Susenas Modul Konsumsi reguler
<br />- Tahun 2005, Susenas Panel (Februari)
<br />- Tahun 2006-2010, Susenas Panel (Maret)
<br />- Tahun 2011-2016, Susenas Modul Konsumsi (Maret dan September)
<br />- Angka Provinsi Papua Barat dan Papua sebelum tahun 2024 merupakan angka provinsi sebelum mengalami pemekaran Daerah Otonom Baru (DOB)",Kemiskinan dan Ketimpangan,38 Provinsi,8200,MALUKU UTARA,191,Perkotaan+Perdesaan,123,2023,61,Semester 1 (Maret),0.3,82009819112361
bps_webapi,0000,2026-08-19T02:01:19+00:00,2026-08-05 12:26:57,98,Gini Ratio Menurut Provinsi dan Daerah,,3,,"- Sumber  : BPS, Susenas  
<br />- Tahun 2002, Susenas Modul Konsumsi reguler
<br />- Tahun 2005, Susenas Panel (Februari)
<br />- Tahun 2006-2010, Susenas Panel (Maret)
<br />- Tahun 2011-2016, Susenas Modul Konsumsi (Maret dan September)
<br />- Angka Provinsi Papua Barat dan Papua sebelum tahun 2024 merupakan angka provinsi sebelum mengalami pemekaran Daerah Otonom Baru (DOB)",Kemiskinan dan Ketimpangan,38 Provinsi,9100,PAPUA BARAT,189,Perkotaan,123,2023,61,Semester 1 (Maret),0.282,91009818912361
bps_webapi,0000,2026-08-19T02:01:19+00:00,2026-08-05 12:26:57,98,Gini Ratio Menurut Provinsi dan Daerah,,3,,"- Sumber  : BPS, Susenas  
<br />- Tahun 2002, Susenas Modul Konsumsi reguler
<br />- Tahun 2005, Susenas Panel (Februari)
<br />- Tahun 2006-2010, Susenas Panel (Maret)
<br />- Tahun 2011-2016, Susenas Modul Konsumsi (Maret dan September)
<br />- Angka Provinsi Papua Barat dan Papua sebelum tahun 2024 merupakan angka provinsi sebelum mengalami pemekaran Daerah Otonom Baru (DOB)",Kemiskinan dan Ketimpangan,38 Provinsi,9100,PAPUA BARAT,190,Perdesaan,123,2023,61,Semester 1 (Maret),0.418,91009819012361
bps_webapi,0000,2026-08-19T02:01:19+00:00,2026-08-05 12:26:57,98,Gini Ratio Menurut Provinsi dan Daerah,,3,,"- Sumber  : BPS, Susenas  
<br />- Tahun 2002, Susenas Modul Konsumsi reguler
<br />- Tahun 2005, Susenas Panel (Februari)
<br />- Tahun 2006-2010, Susenas Panel (Maret)
<br />- Tahun 2011-2016, Susenas Modul Konsumsi (Maret dan September)
<br />- Angka Provinsi Papua Barat dan Papua sebelum tahun 2024 merupakan angka provinsi sebelum mengalami pemekaran Daerah Otonom Baru (DOB)",Kemiskinan dan Ketimpangan,38 Provinsi,9100,PAPUA BARAT,191,Perkotaan+Perdesaan,123,2023,61,Semester 1 (Maret),0.37,91009819112361
bps_webapi,0000,2026-08-19T02:01:19+00:00,2026-08-05 12:26:57,98,Gini Ratio Menurut Provinsi dan Daerah,,3,,"- Sumber  : BPS, Susenas  
<br />- Tahun 2002, Susenas Modul Konsumsi reguler
<br />- Tahun 2005, Susenas Panel (Februari)
<br />- Tahun 2006-2010, Susenas Panel (Maret)
<br />- Tahun 2011-2016, Susenas Modul Konsumsi (Maret dan September)
<br />- Angka Provinsi Papua Barat dan Papua sebelum tahun 2024 merupakan angka provinsi sebelum mengalami pemekaran Daerah Otonom Baru (DOB)",Kemiskinan dan Ketimpangan,38 Provinsi,9400,PAPUA,189,Perkotaan,123,2023,61,Semester 1 (Maret),0.3,94009818912361
bps_webapi,0000,2026-08-19T02:01:19+00:00,2026-08-05 12:26:57,98,Gini Ratio Menurut Provinsi dan Daerah,,3,,"- Sumber  : BPS, Susenas  
<br />- Tahun 2002, Susenas Modul Konsumsi reguler
<br />- Tahun 2005, Susenas Panel (Februari)
<br />- Tahun 2006-2010, Susenas Panel (Maret)
<br />- Tahun 2011-2016, Susenas Modul Konsumsi (Maret dan September)
<br />- Angka Provinsi Papua Barat dan Papua sebelum tahun 2024 merupakan angka provinsi sebelum mengalami pemekaran Daerah Otonom Baru (DOB)",Kemiskinan dan Ketimpangan,38 Provinsi,9400,PAPUA,190,Perdesaan,123,2023,61,Semester 1 (Maret),0.403,94009819012361
bps_webapi,0000,2026-08-19T02:01:19+00:00,2026-08-05 12:26:57,98,Gini Ratio Menurut Provinsi dan Daerah,,3,,"- Sumber  : BPS, Susenas  
<br />- Tahun 2002, Susenas Modul Konsumsi reguler
<br />- Tahun 2005, Susenas Panel (Februari)
<br />- Tahun 2006-2010, Susenas Panel (Maret)
<br />- Tahun 2011-2016, Susenas Modul Konsumsi (Maret dan September)
<br />- Angka Provinsi Papua Barat dan Papua sebelum tahun 2024 merupakan angka provinsi sebelum mengalami pemekaran Daerah Otonom Baru (DOB)",Kemiskinan dan Ketimpangan,38 Provinsi,9400,PAPUA,191,Perkotaan+Perdesaan,123,2023,61,Semester 1 (Maret),0.386,94009819112361
bps_webapi,0000,2026-08-19T02:01:19+00:00,2026-08-05 12:26:57,98,Gini Ratio Menurut Provinsi dan Daerah,,3,,"- Sumber  : BPS, Susenas  
<br />- Tahun 2002, Susenas Modul Konsumsi reguler
<br />- Tahun 2005, Susenas Panel (Februari)
<br />- Tahun 2006-2010, Susenas Panel (Maret)
<br />- Tahun 2011-2016, Susenas Modul Konsumsi (Maret dan September)
<br />- Angka Provinsi Papua Barat dan Papua sebelum tahun 2024 merupakan angka provinsi sebelum mengalami pemekaran Daerah Otonom Baru (DOB)",Kemiskinan dan Ketimpangan,38 Provinsi,9999,INDONESIA,189,Perkotaan,123,2023,61,Semester 1 (Maret),0.409,99999818912361
bps_webapi,0000,2026-08-19T02:01:19+00:00,2026-08-05 12:26:57,98,Gini Ratio Menurut Provinsi dan Daerah,,3,,"- Sumber  : BPS, Susenas  
<br />- Tahun 2002, Susenas Modul Konsumsi reguler
<br />- Tahun 2005, Susenas Panel (Februari)
<br />- Tahun 2006-2010, Susenas Panel (Maret)
<br />- Tahun 2011-2016, Susenas Modul Konsumsi (Maret dan September)
<br />- Angka Provinsi Papua Barat dan Papua sebelum tahun 2024 merupakan angka provinsi sebelum mengalami pemekaran Daerah Otonom Baru (DOB)",Kemiskinan dan Ketimpangan,38 Provinsi,9999,INDONESIA,190,Perdesaan,123,2023,61,Semester 1 (Maret),0.313,99999819012361
bps_webapi,0000,2026-08-19T02:01:19+00:00,2026-08-05 12:26:57,98,Gini Ratio Menurut Provinsi dan Daerah,,3,,"- Sumber  : BPS, Susenas  
<br />- Tahun 2002, Susenas Modul Konsumsi reguler
<br />- Tahun 2005, Susenas Panel (Februari)
<br />- Tahun 2006-2010, Susenas Panel (Maret)
<br />- Tahun 2011-2016, Susenas Modul Konsumsi (Maret dan September)
<br />- Angka Provinsi Papua Barat dan Papua sebelum tahun 2024 merupakan angka provinsi sebelum mengalami pemekaran Daerah Otonom Baru (DOB)",Kemiskinan dan Ketimpangan,38 Provinsi,9999,INDONESIA,191,Perkotaan+Perdesaan,123,2023,61,Semester 1 (Maret),0.388,99999819112361
bps_webapi,0000,2026-08-19T02:01:19+00:00,2026-08-05 12:26:57,98,Gini Ratio Menurut Provinsi dan Daerah,,3,,"- Sumber  : BPS, Susenas  
<br />- Tahun 2002, Susenas Modul Konsumsi reguler
<br />- Tahun 2005, Susenas Panel (Februari)
<br />- Tahun 2006-2010, Susenas Panel (Maret)
<br />- Tahun 2011-2016, Susenas Modul Konsumsi (Maret dan September)
<br />- Angka Provinsi Papua Barat dan Papua sebelum tahun 2024 merupakan angka provinsi sebelum mengalami pemekaran Daerah Otonom Baru (DOB)",Kemiskinan dan Ketimpangan,38 Provinsi,1100,ACEH,189,Perkotaan,124,2024,61,Semester 1 (Maret),0.325,11009818912461
bps_webapi,0000,2026-08-19T02:01:19+00:00,2026-08-05 12:26:57,98,Gini Ratio Menurut Provinsi dan Daerah,,3,,"- Sumber  : BPS, Susenas  
<br />- Tahun 2002, Susenas Modul Konsumsi reguler
<br />- Tahun 2005, Susenas Panel (Februari)
<br />- Tahun 2006-2010, Susenas Panel (Maret)
<br />- Tahun 2011-2016, Susenas Modul Konsumsi (Maret dan September)
<br />- Angka Provinsi Papua Barat dan Papua sebelum tahun 2024 merupakan angka provinsi sebelum mengalami pemekaran Daerah Otonom Baru (DOB)",Kemiskinan dan Ketimpangan,38 Provinsi,1100,ACEH,189,Perkotaan,124,2024,62,Semester 2 (September),0.332,11009818912462
bps_webapi,0000,2026-08-19T02:01:19+00:00,2026-08-05 12:26:57,98,Gini Ratio Menurut Provinsi dan Daerah,,3,,"- Sumber  : BPS, Susenas  
<br />- Tahun 2002, Susenas Modul Konsumsi reguler
<br />- Tahun 2005, Susenas Panel (Februari)
<br />- Tahun 2006-2010, Susenas Panel (Maret)
<br />- Tahun 2011-2016, Susenas Modul Konsumsi (Maret dan September)
<br />- Angka Provinsi Papua Barat dan Papua sebelum tahun 2024 merupakan angka provinsi sebelum mengalami pemekaran Daerah Otonom Baru (DOB)",Kemiskinan dan Ketimpangan,38 Provinsi,1100,ACEH,190,Perdesaan,124,2024,61,Semester 1 (Maret),0.258,11009819012461
bps_webapi,0000,2026-08-19T02:01:19+00:00,2026-08-05 12:26:57,98,Gini Ratio Menurut Provinsi dan Daerah,,3,,"- Sumber  : BPS, Susenas  
<br />- Tahun 2002, Susenas Modul Konsumsi reguler
<br />- Tahun 2005, Susenas Panel (Februari)
<br />- Tahun 2006-2010, Susenas Panel (Maret)
<br />- Tahun 2011-2016, Susenas Modul Konsumsi (Maret dan September)
<br />- Angka Provinsi Papua Barat dan Papua sebelum tahun 2024 merupakan angka provinsi sebelum mengalami pemekaran Daerah Otonom Baru (DOB)",Kemiskinan dan Ketimpangan,38 Provinsi,1100,ACEH,190,Perdesaan,124,2024,62,Semester 2 (September),0.253,11009819012462
bps_webapi,0000,2026-08-19T02:01:19+00:00,2026-08-05 12:26:57,98,Gini Ratio Menurut Provinsi dan Daerah,,3,,"- Sumber  : BPS, Susenas  
<br />- Tahun 2002, Susenas Modul Konsumsi reguler
<br />- Tahun 2005, Susenas Panel (Februari)
<br />- Tahun 2006-2010, Susenas Panel (Maret)
<br />- Tahun 2011-2016, Susenas Modul Konsumsi (Maret dan September)
<br />- Angka Provinsi Papua Barat dan Papua sebelum tahun 2024 merupakan angka provinsi sebelum mengalami pemekaran Daerah Otonom Baru (DOB)",Kemiskinan dan Ketimpangan,38 Provinsi,1100,ACEH,191,Perkotaan+Perdesaan,124,2024,61,Semester 1 (Maret),0.294,11009819112461
bps_webapi,0000,2026-08-19T02:01:19+00:00,2026-08-05 12:26:57,98,Gini Ratio Menurut Provinsi dan Daerah,,3,,"- Sumber  : BPS, Susenas  
<br />- Tahun 2002, Susenas Modul Konsumsi reguler
<br />- Tahun 2005, Susenas Panel (Februari)
<br />- Tahun 2006-2010, Susenas Panel (Maret)
<br />- Tahun 2011-2016, Susenas Modul Konsumsi (Maret dan September)
<br />- Angka Provinsi Papua Barat dan Papua sebelum tahun 2024 merupakan angka provinsi sebelum mengalami pemekaran Daerah Otonom Baru (DOB)",Kemiskinan dan Ketimpangan,38 Provinsi,1100,ACEH,191,Perkotaan+Perdesaan,124,2024,62,Semester 2 (September),0.294,11009819112462
bps_webapi,0000,2026-08-19T02:01:19+00:00,2026-08-05 12:26:57,98,Gini Ratio Menurut Provinsi dan Daerah,,3,,"- Sumber  : BPS, Susenas  
<br />- Tahun 2002, Susenas Modul Konsumsi reguler
<br />- Tahun 2005, Susenas Panel (Februari)
<br />- Tahun 2006-2010, Susenas Panel (Maret)
<br />- Tahun 2011-2016, Susenas Modul Konsumsi (Maret dan September)
<br />- Angka Provinsi Papua Barat dan Papua sebelum tahun 2024 merupakan angka provinsi sebelum mengalami pemekaran Daerah Otonom Baru (DOB)",Kemiskinan dan Ketimpangan,38 Provinsi,1200,SUMATERA UTARA,189,Perkotaan,124,2024,61,Semester 1 (Maret),0.325,12009818912461
bps_webapi,0000,2026-08-19T02:01:19+00:00,2026-08-05 12:26:57,98,Gini Ratio Menurut Provinsi dan Daerah,,3,,"- Sumber  : BPS, Susenas  
<br />- Tahun 2002, Susenas Modul Konsumsi reguler
<br />- Tahun 2005, Susenas Panel (Februari)
<br />- Tahun 2006-2010, Susenas Panel (Maret)
<br />- Tahun 2011-2016, Susenas Modul Konsumsi (Maret dan September)
<br />- Angka Provinsi Papua Barat dan Papua sebelum tahun 2024 merupakan angka provinsi sebelum mengalami pemekaran Daerah Otonom Baru (DOB)",Kemiskinan dan Ketimpangan,38 Provinsi,1200,SUMATERA UTARA,189,Perkotaan,124,2024,62,Semester 2 (September),0.333,12009818912462
bps_webapi,0000,2026-08-19T02:01:19+00:00,2026-08-05 12:26:57,98,Gini Ratio Menurut Provinsi dan Daerah,,3,,"- Sumber  : BPS, Susenas  
<br />- Tahun 2002, Susenas Modul Konsumsi reguler
<br />- Tahun 2005, Susenas Panel (Februari)
<br />- Tahun 2006-2010, Susenas Panel (Maret)
<br />- Tahun 2011-2016, Susenas Modul Konsumsi (Maret dan September)
<br />- Angka Provinsi Papua Barat dan Papua sebelum tahun 2024 merupakan angka provinsi sebelum mengalami pemekaran Daerah Otonom Baru (DOB)",Kemiskinan dan Ketimpangan,38 Provinsi,1200,SUMATERA UTARA,190,Perdesaan,124,2024,61,Semester 1 (Maret),0.23,12009819012461
bps_webapi,0000,2026-08-19T02:01:19+00:00,2026-08-05 12:26:57,98,Gini Ratio Menurut Provinsi dan Daerah,,3,,"- Sumber  : BPS, Susenas  
<br />- Tahun 2002, Susenas Modul Konsumsi reguler
<br />- Tahun 2005, Susenas Panel (Februari)
<br />- Tahun 2006-2010, Susenas Panel (Maret)
<br />- Tahun 2011-2016, Susenas Modul Konsumsi (Maret dan September)
<br />- Angka Provinsi Papua Barat dan Papua sebelum tahun 2024 merupakan angka provinsi sebelum mengalami pemekaran Daerah Otonom Baru (DOB)",Kemiskinan dan Ketimpangan,38 Provinsi,1200,SUMATERA UTARA,190,Perdesaan,124,2024,62,Semester 2 (September),0.236,12009819012462
bps_webapi,0000,2026-08-19T02:01:19+00:00,2026-08-05 12:26:57,98,Gini Ratio Menurut Provinsi dan Daerah,,3,,"- Sumber  : BPS, Susenas  
<br />- Tahun 2002, Susenas Modul Konsumsi reguler
<br />- Tahun 2005, Susenas Panel (Februari)
<br />- Tahun 2006-2010, Susenas Panel (Maret)
<br />- Tahun 2011-2016, Susenas Modul Konsumsi (Maret dan September)
<br />- Angka Provinsi Papua Barat dan Papua sebelum tahun 2024 merupakan angka provinsi sebelum mengalami pemekaran Daerah Otonom Baru (DOB)",Kemiskinan dan Ketimpangan,38 Provinsi,1200,SUMATERA UTARA,191,Perkotaan+Perdesaan,124,2024,61,Semester 1 (Maret),0.297,12009819112461
bps_webapi,0000,2026-08-19T02:01:19+00:00,2026-08-05 12:26:57,98,Gini Ratio Menurut Provinsi dan Daerah,,3,,"- Sumber  : BPS, Susenas  
<br />- Tahun 2002, Susenas Modul Konsumsi reguler
<br />- Tahun 2005, Susenas Panel (Februari)
<br />- Tahun 2006-2010, Susenas Panel (Maret)
<br />- Tahun 2011-2016, Susenas Modul Konsumsi (Maret dan September)
<br />- Angka Provinsi Papua Barat dan Papua sebelum tahun 2024 merupakan angka provinsi sebelum mengalami pemekaran Daerah Otonom Baru (DOB)",Kemiskinan dan Ketimpangan,38 Provinsi,1200,SUMATERA UTARA,191,Perkotaan+Perdesaan,124,2024,62,Semester 2 (September),0.306,12009819112462
bps_webapi,0000,2026-08-19T02:01:19+00:00,2026-08-05 12:26:57,98,Gini Ratio Menurut Provinsi dan Daerah,,3,,"- Sumber  : BPS, Susenas  
<br />- Tahun 2002, Susenas Modul Konsumsi reguler
<br />- Tahun 2005, Susenas Panel (Februari)
<br />- Tahun 2006-2010, Susenas Panel (Maret)
<br />- Tahun 2011-2016, Susenas Modul Konsumsi (Maret dan September)
<br />- Angka Provinsi Papua Barat dan Papua sebelum tahun 2024 merupakan angka provinsi sebelum mengalami pemekaran Daerah Otonom Baru (DOB)",Kemiskinan dan Ketimpangan,38 Provinsi,1300,SUMATERA BARAT,189,Perkotaan,124,2024,61,Semester 1 (Maret),0.31,13009818912461
bps_webapi,0000,2026-08-19T02:01:19+00:00,2026-08-05 12:26:57,98,Gini Ratio Menurut Provinsi dan Daerah,,3,,"- Sumber  : BPS, Susenas  
<br />- Tahun 2002, Susenas Modul Konsumsi reguler
<br />- Tahun 2005, Susenas Panel (Februari)
<br />- Tahun 2006-2010, Susenas Panel (Maret)
<br />- Tahun 2011-2016, Susenas Modul Konsumsi (Maret dan September)
<br />- Angka Provinsi Papua Barat dan Papua sebelum tahun 2024 merupakan angka provinsi sebelum mengalami pemekaran Daerah Otonom Baru (DOB)",Kemiskinan dan Ketimpangan,38 Provinsi,1300,SUMATERA BARAT,189,Perkotaan,124,2024,62,Semester 2 (September),0.313,13009818912462
bps_webapi,0000,2026-08-19T02:01:19+00:00,2026-08-05 12:26:57,98,Gini Ratio Menurut Provinsi dan Daerah,,3,,"- Sumber  : BPS, Susenas  
<br />- Tahun 2002, Susenas Modul Konsumsi reguler
<br />- Tahun 2005, Susenas Panel (Februari)
<br />- Tahun 2006-2010, Susenas Panel (Maret)
<br />- Tahun 2011-2016, Susenas Modul Konsumsi (Maret dan September)
<br />- Angka Provinsi Papua Barat dan Papua sebelum tahun 2024 merupakan angka provinsi sebelum mengalami pemekaran Daerah Otonom Baru (DOB)",Kemiskinan dan Ketimpangan,38 Provinsi,1300,SUMATERA BARAT,190,Perdesaan,124,2024,61,Semester 1 (Maret),0.228,13009819012461
bps_webapi,0000,2026-08-19T02:01:19+00:00,2026-08-05 12:26:57,98,Gini Ratio Menurut Provinsi dan Daerah,,3,,"- Sumber  : BPS, Susenas  
<br />- Tahun 2002, Susenas Modul Konsumsi reguler
<br />- Tahun 2005, Susenas Panel (Februari)
<br />- Tahun 2006-2010, Susenas Panel (Maret)
<br />- Tahun 2011-2016, Susenas Modul Konsumsi (Maret dan September)
<br />- Angka Provinsi Papua Barat dan Papua sebelum tahun 2024 merupakan angka provinsi sebelum mengalami pemekaran Daerah Otonom Baru (DOB)",Kemiskinan dan Ketimpangan,38 Provinsi,1300,SUMATERA BARAT,190,Perdesaan,124,2024,62,Semester 2 (September),0.226,13009819012462
bps_webapi,0000,2026-08-19T02:01:19+00:00,2026-08-05 12:26:57,98,Gini Ratio Menurut Provinsi dan Daerah,,3,,"- Sumber  : BPS, Susenas  
<br />- Tahun 2002, Susenas Modul Konsumsi reguler
<br />- Tahun 2005, Susenas Panel (Februari)
<br />- Tahun 2006-2010, Susenas Panel (Maret)
<br />- Tahun 2011-2016, Susenas Modul Konsumsi (Maret dan September)
<br />- Angka Provinsi Papua Barat dan Papua sebelum tahun 2024 merupakan angka provinsi sebelum mengalami pemekaran Daerah Otonom Baru (DOB)",Kemiskinan dan Ketimpangan,38 Provinsi,1300,SUMATERA BARAT,191,Perkotaan+Perdesaan,124,2024,61,Semester 1 (Maret),0.283,13009819112461
bps_webapi,0000,2026-08-19T02:01:19+00:00,2026-08-05 12:26:57,98,Gini Ratio Menurut Provinsi dan Daerah,,3,,"- Sumber  : BPS, Susenas  
<br />- Tahun 2002, Susenas Modul Konsumsi reguler
<br />- Tahun 2005, Susenas Panel (Februari)
<br />- Tahun 2006-2010, Susenas Panel (Maret)
<br />- Tahun 2011-2016, Susenas Modul Konsumsi (Maret dan September)
<br />- Angka Provinsi Papua Barat dan Papua sebelum tahun 2024 merupakan angka provinsi sebelum mengalami pemekaran Daerah Otonom Baru (DOB)",Kemiskinan dan Ketimpangan,38 Provinsi,1300,SUMATERA BARAT,191,Perkotaan+Perdesaan,124,2024,62,Semester 2 (September),0.287,13009819112462
bps_webapi,0000,2026-08-19T02:01:19+00:00,2026-08-05 12:26:57,98,Gini Ratio Menurut Provinsi dan Daerah,,3,,"- Sumber  : BPS, Susenas  
<br />- Tahun 2002, Susenas Modul Konsumsi reguler
<br />- Tahun 2005, Susenas Panel (Februari)
<br />- Tahun 2006-2010, Susenas Panel (Maret)
<br />- Tahun 2011-2016, Susenas Modul Konsumsi (Maret dan September)
<br />- Angka Provinsi Papua Barat dan Papua sebelum tahun 2024 merupakan angka provinsi sebelum mengalami pemekaran Daerah Otonom Baru (DOB)",Kemiskinan dan Ketimpangan,38 Provinsi,1400,RIAU,189,Perkotaan,124,2024,61,Semester 1 (Maret),0.345,14009818912461
bps_webapi,0000,2026-08-19T02:01:19+00:00,2026-08-05 12:26:57,98,Gini Ratio Menurut Provinsi dan Daerah,,3,,"- Sumber  : BPS, Susenas  
<br />- Tahun 2002, Susenas Modul Konsumsi reguler
<br />- Tahun 2005, Susenas Panel (Februari)
<br />- Tahun 2006-2010, Susenas Panel (Maret)
<br />- Tahun 2011-2016, Susenas Modul Konsumsi (Maret dan September)
<br />- Angka Provinsi Papua Barat dan Papua sebelum tahun 2024 merupakan angka provinsi sebelum mengalami pemekaran Daerah Otonom Baru (DOB)",Kemiskinan dan Ketimpangan,38 Provinsi,1400,RIAU,189,Perkotaan,124,2024,62,Semester 2 (September),0.333,14009818912462
bps_webapi,0000,2026-08-19T02:01:19+00:00,2026-08-05 12:26:57,98,Gini Ratio Menurut Provinsi dan Daerah,,3,,"- Sumber  : BPS, Susenas  
<br />- Tahun 2002, Susenas Modul Konsumsi reguler
<br />- Tahun 2005, Susenas Panel (Februari)
<br />- Tahun 2006-2010, Susenas Panel (Maret)
<br />- Tahun 2011-2016, Susenas Modul Konsumsi (Maret dan September)
<br />- Angka Provinsi Papua Barat dan Papua sebelum tahun 2024 merupakan angka provinsi sebelum mengalami pemekaran Daerah Otonom Baru (DOB)",Kemiskinan dan Ketimpangan,38 Provinsi,1400,RIAU,190,Perdesaan,124,2024,61,Semester 1 (Maret),0.267,14009819012461
bps_webapi,0000,2026-08-19T02:01:19+00:00,2026-08-05 12:26:57,98,Gini Ratio Menurut Provinsi dan Daerah,,3,,"- Sumber  : BPS, Susenas  
<br />- Tahun 2002, Susenas Modul Konsumsi reguler
<br />- Tahun 2005, Susenas Panel (Februari)
<br />- Tahun 2006-2010, Susenas Panel (Maret)
<br />- Tahun 2011-2016, Susenas Modul Konsumsi (Maret dan September)
<br />- Angka Provinsi Papua Barat dan Papua sebelum tahun 2024 merupakan angka provinsi sebelum mengalami pemekaran Daerah Otonom Baru (DOB)",Kemiskinan dan Ketimpangan,38 Provinsi,1400,RIAU,190,Perdesaan,124,2024,62,Semester 2 (September),0.271,14009819012462
bps_webapi,0000,2026-08-19T02:01:19+00:00,2026-08-05 12:26:57,98,Gini Ratio Menurut Provinsi dan Daerah,,3,,"- Sumber  : BPS, Susenas  
<br />- Tahun 2002, Susenas Modul Konsumsi reguler
<br />- Tahun 2005, Susenas Panel (Februari)
<br />- Tahun 2006-2010, Susenas Panel (Maret)
<br />- Tahun 2011-2016, Susenas Modul Konsumsi (Maret dan September)
<br />- Angka Provinsi Papua Barat dan Papua sebelum tahun 2024 merupakan angka provinsi sebelum mengalami pemekaran Daerah Otonom Baru (DOB)",Kemiskinan dan Ketimpangan,38 Provinsi,1400,RIAU,191,Perkotaan+Perdesaan,124,2024,61,Semester 1 (Maret),0.307,14009819112461
bps_webapi,0000,2026-08-19T02:01:19+00:00,2026-08-05 12:26:57,98,Gini Ratio Menurut Provinsi dan Daerah,,3,,"- Sumber  : BPS, Susenas  
<br />- Tahun 2002, Susenas Modul Konsumsi reguler
<br />- Tahun 2005, Susenas Panel (Februari)
<br />- Tahun 2006-2010, Susenas Panel (Maret)
<br />- Tahun 2011-2016, Susenas Modul Konsumsi (Maret dan September)
<br />- Angka Provinsi Papua Barat dan Papua sebelum tahun 2024 merupakan angka provinsi sebelum mengalami pemekaran Daerah Otonom Baru (DOB)",Kemiskinan dan Ketimpangan,38 Provinsi,1400,RIAU,191,Perkotaan+Perdesaan,124,2024,62,Semester 2 (September),0.306,14009819112462
bps_webapi,0000,2026-08-19T02:01:19+00:00,2026-08-05 12:26:57,98,Gini Ratio Menurut Provinsi dan Daerah,,3,,"- Sumber  : BPS, Susenas  
<br />- Tahun 2002, Susenas Modul Konsumsi reguler
<br />- Tahun 2005, Susenas Panel (Februari)
<br />- Tahun 2006-2010, Susenas Panel (Maret)
<br />- Tahun 2011-2016, Susenas Modul Konsumsi (Maret dan September)
<br />- Angka Provinsi Papua Barat dan Papua sebelum tahun 2024 merupakan angka provinsi sebelum mengalami pemekaran Daerah Otonom Baru (DOB)",Kemiskinan dan Ketimpangan,38 Provinsi,1500,JAMBI,189,Perkotaan,124,2024,61,Semester 1 (Maret),0.36,15009818912461
bps_webapi,0000,2026-08-19T02:01:19+00:00,2026-08-05 12:26:57,98,Gini Ratio Menurut Provinsi dan Daerah,,3,,"- Sumber  : BPS, Susenas  
<br />- Tahun 2002, Susenas Modul Konsumsi reguler
<br />- Tahun 2005, Susenas Panel (Februari)
<br />- Tahun 2006-2010, Susenas Panel (Maret)
<br />- Tahun 2011-2016, Susenas Modul Konsumsi (Maret dan September)
<br />- Angka Provinsi Papua Barat dan Papua sebelum tahun 2024 merupakan angka provinsi sebelum mengalami pemekaran Daerah Otonom Baru (DOB)",Kemiskinan dan Ketimpangan,38 Provinsi,1500,JAMBI,189,Perkotaan,124,2024,62,Semester 2 (September),0.353,15009818912462
bps_webapi,0000,2026-08-19T02:01:19+00:00,2026-08-05 12:26:57,98,Gini Ratio Menurut Provinsi dan Daerah,,3,,"- Sumber  : BPS, Susenas  
<br />- Tahun 2002, Susenas Modul Konsumsi reguler
<br />- Tahun 2005, Susenas Panel (Februari)
<br />- Tahun 2006-2010, Susenas Panel (Maret)
<br />- Tahun 2011-2016, Susenas Modul Konsumsi (Maret dan September)
<br />- Angka Provinsi Papua Barat dan Papua sebelum tahun 2024 merupakan angka provinsi sebelum mengalami pemekaran Daerah Otonom Baru (DOB)",Kemiskinan dan Ketimpangan,38 Provinsi,1500,JAMBI,190,Perdesaan,124,2024,61,Semester 1 (Maret),0.288,15009819012461
bps_webapi,0000,2026-08-19T02:01:19+00:00,2026-08-05 12:26:57,98,Gini Ratio Menurut Provinsi dan Daerah,,3,,"- Sumber  : BPS, Susenas  
<br />- Tahun 2002, Susenas Modul Konsumsi reguler
<br />- Tahun 2005, Susenas Panel (Februari)
<br />- Tahun 2006-2010, Susenas Panel (Maret)
<br />- Tahun 2011-2016, Susenas Modul Konsumsi (Maret dan September)
<br />- Angka Provinsi Papua Barat dan Papua sebelum tahun 2024 merupakan angka provinsi sebelum mengalami pemekaran Daerah Otonom Baru (DOB)",Kemiskinan dan Ketimpangan,38 Provinsi,1500,JAMBI,190,Perdesaan,124,2024,62,Semester 2 (September),0.279,15009819012462
bps_webapi,0000,2026-08-19T02:01:19+00:00,2026-08-05 12:26:57,98,Gini Ratio Menurut Provinsi dan Daerah,,3,,"- Sumber  : BPS, Susenas  
<br />- Tahun 2002, Susenas Modul Konsumsi reguler
<br />- Tahun 2005, Susenas Panel (Februari)
<br />- Tahun 2006-2010, Susenas Panel (Maret)
<br />- Tahun 2011-2016, Susenas Modul Konsumsi (Maret dan September)
<br />- Angka Provinsi Papua Barat dan Papua sebelum tahun 2024 merupakan angka provinsi sebelum mengalami pemekaran Daerah Otonom Baru (DOB)",Kemiskinan dan Ketimpangan,38 Provinsi,1500,JAMBI,191,Perkotaan+Perdesaan,124,2024,61,Semester 1 (Maret),0.321,15009819112461
bps_webapi,0000,2026-08-19T02:01:19+00:00,2026-08-05 12:26:57,98,Gini Ratio Menurut Provinsi dan Daerah,,3,,"- Sumber  : BPS, Susenas  
<br />- Tahun 2002, Susenas Modul Konsumsi reguler
<br />- Tahun 2005, Susenas Panel (Februari)
<br />- Tahun 2006-2010, Susenas Panel (Maret)
<br />- Tahun 2011-2016, Susenas Modul Konsumsi (Maret dan September)
<br />- Angka Provinsi Papua Barat dan Papua sebelum tahun 2024 merupakan angka provinsi sebelum mengalami pemekaran Daerah Otonom Baru (DOB)",Kemiskinan dan Ketimpangan,38 Provinsi,1500,JAMBI,191,Perkotaan+Perdesaan,124,2024,62,Semester 2 (September),0.315,15009819112462
bps_webapi,0000,2026-08-19T02:01:19+00:00,2026-08-05 12:26:57,98,Gini Ratio Menurut Provinsi dan Daerah,,3,,"- Sumber  : BPS, Susenas  
<br />- Tahun 2002, Susenas Modul Konsumsi reguler
<br />- Tahun 2005, Susenas Panel (Februari)
<br />- Tahun 2006-2010, Susenas Panel (Maret)
<br />- Tahun 2011-2016, Susenas Modul Konsumsi (Maret dan September)
<br />- Angka Provinsi Papua Barat dan Papua sebelum tahun 2024 merupakan angka provinsi sebelum mengalami pemekaran Daerah Otonom Baru (DOB)",Kemiskinan dan Ketimpangan,38 Provinsi,1600,SUMATERA SELATAN,189,Perkotaan,124,2024,61,Semester 1 (Maret),0.352,16009818912461
bps_webapi,0000,2026-08-19T02:01:19+00:00,2026-08-05 12:26:57,98,Gini Ratio Menurut Provinsi dan Daerah,,3,,"- Sumber  : BPS, Susenas  
<br />- Tahun 2002, Susenas Modul Konsumsi reguler
<br />- Tahun 2005, Susenas Panel (Februari)
<br />- Tahun 2006-2010, Susenas Panel (Maret)
<br />- Tahun 2011-2016, Susenas Modul Konsumsi (Maret dan September)
<br />- Angka Provinsi Papua Barat dan Papua sebelum tahun 2024 merupakan angka provinsi sebelum mengalami pemekaran Daerah Otonom Baru (DOB)",Kemiskinan dan Ketimpangan,38 Provinsi,1600,SUMATERA SELATAN,189,Perkotaan,124,2024,62,Semester 2 (September),0.357,16009818912462
bps_webapi,0000,2026-08-19T02:01:19+00:00,2026-08-05 12:26:57,98,Gini Ratio Menurut Provinsi dan Daerah,,3,,"- Sumber  : BPS, Susenas  
<br />- Tahun 2002, Susenas Modul Konsumsi reguler
<br />- Tahun 2005, Susenas Panel (Februari)
<br />- Tahun 2006-2010, Susenas Panel (Maret)
<br />- Tahun 2011-2016, Susenas Modul Konsumsi (Maret dan September)
<br />- Angka Provinsi Papua Barat dan Papua sebelum tahun 2024 merupakan angka provinsi sebelum mengalami pemekaran Daerah Otonom Baru (DOB)",Kemiskinan dan Ketimpangan,38 Provinsi,1600,SUMATERA SELATAN,190,Perdesaan,124,2024,61,Semester 1 (Maret),0.305,16009819012461
bps_webapi,0000,2026-08-19T02:01:19+00:00,2026-08-05 12:26:57,98,Gini Ratio Menurut Provinsi dan Daerah,,3,,"- Sumber  : BPS, Susenas  
<br />- Tahun 2002, Susenas Modul Konsumsi reguler
<br />- Tahun 2005, Susenas Panel (Februari)
<br />- Tahun 2006-2010, Susenas Panel (Maret)
<br />- Tahun 2011-2016, Susenas Modul Konsumsi (Maret dan September)
<br />- Angka Provinsi Papua Barat dan Papua sebelum tahun 2024 merupakan angka provinsi sebelum mengalami pemekaran Daerah Otonom Baru (DOB)",Kemiskinan dan Ketimpangan,38 Provinsi,1600,SUMATERA SELATAN,190,Perdesaan,124,2024,62,Semester 2 (September),0.3,16009819012462
bps_webapi,0000,2026-08-19T02:01:19+00:00,2026-08-05 12:26:57,98,Gini Ratio Menurut Provinsi dan Daerah,,3,,"- Sumber  : BPS, Susenas  
<br />- Tahun 2002, Susenas Modul Konsumsi reguler
<br />- Tahun 2005, Susenas Panel (Februari)
<br />- Tahun 2006-2010, Susenas Panel (Maret)
<br />- Tahun 2011-2016, Susenas Modul Konsumsi (Maret dan September)
<br />- Angka Provinsi Papua Barat dan Papua sebelum tahun 2024 merupakan angka provinsi sebelum mengalami pemekaran Daerah Otonom Baru (DOB)",Kemiskinan dan Ketimpangan,38 Provinsi,1600,SUMATERA SELATAN,191,Perkotaan+Perdesaan,124,2024,61,Semester 1 (Maret),0.333,16009819112461
bps_webapi,0000,2026-08-19T02:01:19+00:00,2026-08-05 12:26:57,98,Gini Ratio Menurut Provinsi dan Daerah,,3,,"- Sumber  : BPS, Susenas  
<br />- Tahun 2002, Susenas Modul Konsumsi reguler
<br />- Tahun 2005, Susenas Panel (Februari)
<br />- Tahun 2006-2010, Susenas Panel (Maret)
<br />- Tahun 2011-2016, Susenas Modul Konsumsi (Maret dan September)
<br />- Angka Provinsi Papua Barat dan Papua sebelum tahun 2024 merupakan angka provinsi sebelum mengalami pemekaran Daerah Otonom Baru (DOB)",Kemiskinan dan Ketimpangan,38 Provinsi,1600,SUMATERA SELATAN,191,Perkotaan+Perdesaan,124,2024,62,Semester 2 (September),0.331,16009819112462
bps_webapi,0000,2026-08-19T02:01:19+00:00,2026-08-05 12:26:57,98,Gini Ratio Menurut Provinsi dan Daerah,,3,,"- Sumber  : BPS, Susenas  
<br />- Tahun 2002, Susenas Modul Konsumsi reguler
<br />- Tahun 2005, Susenas Panel (Februari)
<br />- Tahun 2006-2010, Susenas Panel (Maret)
<br />- Tahun 2011-2016, Susenas Modul Konsumsi (Maret dan September)
<br />- Angka Provinsi Papua Barat dan Papua sebelum tahun 2024 merupakan angka provinsi sebelum mengalami pemekaran Daerah Otonom Baru (DOB)",Kemiskinan dan Ketimpangan,38 Provinsi,1700,BENGKULU,189,Perkotaan,124,2024,61,Semester 1 (Maret),0.413,17009818912461
bps_webapi,0000,2026-08-19T02:01:19+00:00,2026-08-05 12:26:57,98,Gini Ratio Menurut Provinsi dan Daerah,,3,,"- Sumber  : BPS, Susenas  
<br />- Tahun 2002, Susenas Modul Konsumsi reguler
<br />- Tahun 2005, Susenas Panel (Februari)
<br />- Tahun 2006-2010, Susenas Panel (Maret)
<br />- Tahun 2011-2016, Susenas Modul Konsumsi (Maret dan September)
<br />- Angka Provinsi Papua Barat dan Papua sebelum tahun 2024 merupakan angka provinsi sebelum mengalami pemekaran Daerah Otonom Baru (DOB)",Kemiskinan dan Ketimpangan,38 Provinsi,1700,BENGKULU,189,Perkotaan,124,2024,62,Semester 2 (September),0.409,17009818912462
bps_webapi,0000,2026-08-19T02:01:19+00:00,2026-08-05 12:26:57,98,Gini Ratio Menurut Provinsi dan Daerah,,3,,"- Sumber  : BPS, Susenas  
<br />- Tahun 2002, Susenas Modul Konsumsi reguler
<br />- Tahun 2005, Susenas Panel (Februari)
<br />- Tahun 2006-2010, Susenas Panel (Maret)
<br />- Tahun 2011-2016, Susenas Modul Konsumsi (Maret dan September)
<br />- Angka Provinsi Papua Barat dan Papua sebelum tahun 2024 merupakan angka provinsi sebelum mengalami pemekaran Daerah Otonom Baru (DOB)",Kemiskinan dan Ketimpangan,38 Provinsi,1700,BENGKULU,190,Perdesaan,124,2024,61,Semester 1 (Maret),0.275,17009819012461
bps_webapi,0000,2026-08-19T02:01:19+00:00,2026-08-05 12:26:57,98,Gini Ratio Menurut Provinsi dan Daerah,,3,,"- Sumber  : BPS, Susenas  
<br />- Tahun 2002, Susenas Modul Konsumsi reguler
<br />- Tahun 2005, Susenas Panel (Februari)
<br />- Tahun 2006-2010, Susenas Panel (Maret)
<br />- Tahun 2011-2016, Susenas Modul Konsumsi (Maret dan September)
<br />- Angka Provinsi Papua Barat dan Papua sebelum tahun 2024 merupakan angka provinsi sebelum mengalami pemekaran Daerah Otonom Baru (DOB)",Kemiskinan dan Ketimpangan,38 Provinsi,1700,BENGKULU,190,Perdesaan,124,2024,62,Semester 2 (September),0.278,17009819012462
bps_webapi,0000,2026-08-19T02:01:19+00:00,2026-08-05 12:26:57,98,Gini Ratio Menurut Provinsi dan Daerah,,3,,"- Sumber  : BPS, Susenas  
<br />- Tahun 2002, Susenas Modul Konsumsi reguler
<br />- Tahun 2005, Susenas Panel (Februari)
<br />- Tahun 2006-2010, Susenas Panel (Maret)
<br />- Tahun 2011-2016, Susenas Modul Konsumsi (Maret dan September)
<br />- Angka Provinsi Papua Barat dan Papua sebelum tahun 2024 merupakan angka provinsi sebelum mengalami pemekaran Daerah Otonom Baru (DOB)",Kemiskinan dan Ketimpangan,38 Provinsi,1700,BENGKULU,191,Perkotaan+Perdesaan,124,2024,61,Semester 1 (Maret),0.342,17009819112461
bps_webapi,0000,2026-08-19T02:01:19+00:00,2026-08-05 12:26:57,98,Gini Ratio Menurut Provinsi dan Daerah,,3,,"- Sumber  : BPS, Susenas  
<br />- Tahun 2002, Susenas Modul Konsumsi reguler
<br />- Tahun 2005, Susenas Panel (Februari)
<br />- Tahun 2006-2010, Susenas Panel (Maret)
<br />- Tahun 2011-2016, Susenas Modul Konsumsi (Maret dan September)
<br />- Angka Provinsi Papua Barat dan Papua sebelum tahun 2024 merupakan angka provinsi sebelum mengalami pemekaran Daerah Otonom Baru (DOB)",Kemiskinan dan Ketimpangan,38 Provinsi,1700,BENGKULU,191,Perkotaan+Perdesaan,124,2024,62,Semester 2 (September),0.343,17009819112462
bps_webapi,0000,2026-08-19T02:01:19+00:00,2026-08-05 12:26:57,98,Gini Ratio Menurut Provinsi dan Daerah,,3,,"- Sumber  : BPS, Susenas  
<br />- Tahun 2002, Susenas Modul Konsumsi reguler
<br />- Tahun 2005, Susenas Panel (Februari)
<br />- Tahun 2006-2010, Susenas Panel (Maret)
<br />- Tahun 2011-2016, Susenas Modul Konsumsi (Maret dan September)
<br />- Angka Provinsi Papua Barat dan Papua sebelum tahun 2024 merupakan angka provinsi sebelum mengalami pemekaran Daerah Otonom Baru (DOB)",Kemiskinan dan Ketimpangan,38 Provinsi,1800,LAMPUNG,189,Perkotaan,124,2024,61,Semester 1 (Maret),0.323,18009818912461
bps_webapi,0000,2026-08-19T02:01:19+00:00,2026-08-05 12:26:57,98,Gini Ratio Menurut Provinsi dan Daerah,,3,,"- Sumber  : BPS, Susenas  
<br />- Tahun 2002, Susenas Modul Konsumsi reguler
<br />- Tahun 2005, Susenas Panel (Februari)
<br />- Tahun 2006-2010, Susenas Panel (Maret)
<br />- Tahun 2011-2016, Susenas Modul Konsumsi (Maret dan September)
<br />- Angka Provinsi Papua Barat dan Papua sebelum tahun 2024 merupakan angka provinsi sebelum mengalami pemekaran Daerah Otonom Baru (DOB)",Kemiskinan dan Ketimpangan,38 Provinsi,1800,LAMPUNG,189,Perkotaan,124,2024,62,Semester 2 (September),0.329,18009818912462
bps_webapi,0000,2026-08-19T02:01:19+00:00,2026-08-05 12:26:57,98,Gini Ratio Menurut Provinsi dan Daerah,,3,,"- Sumber  : BPS, Susenas  
<br />- Tahun 2002, Susenas Modul Konsumsi reguler
<br />- Tahun 2005, Susenas Panel (Februari)
<br />- Tahun 2006-2010, Susenas Panel (Maret)
<br />- Tahun 2011-2016, Susenas Modul Konsumsi (Maret dan September)
<br />- Angka Provinsi Papua Barat dan Papua sebelum tahun 2024 merupakan angka provinsi sebelum mengalami pemekaran Daerah Otonom Baru (DOB)",Kemiskinan dan Ketimpangan,38 Provinsi,1800,LAMPUNG,190,Perdesaan,124,2024,61,Semester 1 (Maret),0.275,18009819012461
bps_webapi,0000,2026-08-19T02:01:19+00:00,2026-08-05 12:26:57,98,Gini Ratio Menurut Provinsi dan Daerah,,3,,"- Sumber  : BPS, Susenas  
<br />- Tahun 2002, Susenas Modul Konsumsi reguler
<br />- Tahun 2005, Susenas Panel (Februari)
<br />- Tahun 2006-2010, Susenas Panel (Maret)
<br />- Tahun 2011-2016, Susenas Modul Konsumsi (Maret dan September)
<br />- Angka Provinsi Papua Barat dan Papua sebelum tahun 2024 merupakan angka provinsi sebelum mengalami pemekaran Daerah Otonom Baru (DOB)",Kemiskinan dan Ketimpangan,38 Provinsi,1800,LAMPUNG,190,Perdesaan,124,2024,62,Semester 2 (September),0.27,18009819012462
bps_webapi,0000,2026-08-19T02:01:19+00:00,2026-08-05 12:26:57,98,Gini Ratio Menurut Provinsi dan Daerah,,3,,"- Sumber  : BPS, Susenas  
<br />- Tahun 2002, Susenas Modul Konsumsi reguler
<br />- Tahun 2005, Susenas Panel (Februari)
<br />- Tahun 2006-2010, Susenas Panel (Maret)
<br />- Tahun 2011-2016, Susenas Modul Konsumsi (Maret dan September)
<br />- Angka Provinsi Papua Barat dan Papua sebelum tahun 2024 merupakan angka provinsi sebelum mengalami pemekaran Daerah Otonom Baru (DOB)",Kemiskinan dan Ketimpangan,38 Provinsi,1800,LAMPUNG,191,Perkotaan+Perdesaan,124,2024,61,Semester 1 (Maret),0.302,18009819112461
bps_webapi,0000,2026-08-19T02:01:19+00:00,2026-08-05 12:26:57,98,Gini Ratio Menurut Provinsi dan Daerah,,3,,"- Sumber  : BPS, Susenas  
<br />- Tahun 2002, Susenas Modul Konsumsi reguler
<br />- Tahun 2005, Susenas Panel (Februari)
<br />- Tahun 2006-2010, Susenas Panel (Maret)
<br />- Tahun 2011-2016, Susenas Modul Konsumsi (Maret dan September)
<br />- Angka Provinsi Papua Barat dan Papua sebelum tahun 2024 merupakan angka provinsi sebelum mengalami pemekaran Daerah Otonom Baru (DOB)",Kemiskinan dan Ketimpangan,38 Provinsi,1800,LAMPUNG,191,Perkotaan+Perdesaan,124,2024,62,Semester 2 (September),0.301,18009819112462
bps_webapi,0000,2026-08-19T02:01:19+00:00,2026-08-05 12:26:57,98,Gini Ratio Menurut Provinsi dan Daerah,,3,,"- Sumber  : BPS, Susenas  
<br />- Tahun 2002, Susenas Modul Konsumsi reguler
<br />- Tahun 2005, Susenas Panel (Februari)
<br />- Tahun 2006-2010, Susenas Panel (Maret)
<br />- Tahun 2011-2016, Susenas Modul Konsumsi (Maret dan September)
<br />- Angka Provinsi Papua Barat dan Papua sebelum tahun 2024 merupakan angka provinsi sebelum mengalami pemekaran Daerah Otonom Baru (DOB)",Kemiskinan dan Ketimpangan,38 Provinsi,1900,KEP. BANGKA BELITUNG,189,Perkotaan,124,2024,61,Semester 1 (Maret),0.263,19009818912461
bps_webapi,0000,2026-08-19T02:01:19+00:00,2026-08-05 12:26:57,98,Gini Ratio Menurut Provinsi dan Daerah,,3,,"- Sumber  : BPS, Susenas  
<br />- Tahun 2002, Susenas Modul Konsumsi reguler
<br />- Tahun 2005, Susenas Panel (Februari)
<br />- Tahun 2006-2010, Susenas Panel (Maret)
<br />- Tahun 2011-2016, Susenas Modul Konsumsi (Maret dan September)
<br />- Angka Provinsi Papua Barat dan Papua sebelum tahun 2024 merupakan angka provinsi sebelum mengalami pemekaran Daerah Otonom Baru (DOB)",Kemiskinan dan Ketimpangan,38 Provinsi,1900,KEP. BANGKA BELITUNG,189,Perkotaan,124,2024,62,Semester 2 (September),0.251,19009818912462
bps_webapi,0000,2026-08-19T02:01:19+00:00,2026-08-05 12:26:57,98,Gini Ratio Menurut Provinsi dan Daerah,,3,,"- Sumber  : BPS, Susenas  
<br />- Tahun 2002, Susenas Modul Konsumsi reguler
<br />- Tahun 2005, Susenas Panel (Februari)
<br />- Tahun 2006-2010, Susenas Panel (Maret)
<br />- Tahun 2011-2016, Susenas Modul Konsumsi (Maret dan September)
<br />- Angka Provinsi Papua Barat dan Papua sebelum tahun 2024 merupakan angka provinsi sebelum mengalami pemekaran Daerah Otonom Baru (DOB)",Kemiskinan dan Ketimpangan,38 Provinsi,1900,KEP. BANGKA BELITUNG,190,Perdesaan,124,2024,61,Semester 1 (Maret),0.196,19009819012461
bps_webapi,0000,2026-08-19T02:01:19+00:00,2026-08-05 12:26:57,98,Gini Ratio Menurut Provinsi dan Daerah,,3,,"- Sumber  : BPS, Susenas  
<br />- Tahun 2002, Susenas Modul Konsumsi reguler
<br />- Tahun 2005, Susenas Panel (Februari)
<br />- Tahun 2006-2010, Susenas Panel (Maret)
<br />- Tahun 2011-2016, Susenas Modul Konsumsi (Maret dan September)
<br />- Angka Provinsi Papua Barat dan Papua sebelum tahun 2024 merupakan angka provinsi sebelum mengalami pemekaran Daerah Otonom Baru (DOB)",Kemiskinan dan Ketimpangan,38 Provinsi,1900,KEP. BANGKA BELITUNG,190,Perdesaan,124,2024,62,Semester 2 (September),0.189,19009819012462
bps_webapi,0000,2026-08-19T02:01:19+00:00,2026-08-05 12:26:57,98,Gini Ratio Menurut Provinsi dan Daerah,,3,,"- Sumber  : BPS, Susenas  
<br />- Tahun 2002, Susenas Modul Konsumsi reguler
<br />- Tahun 2005, Susenas Panel (Februari)
<br />- Tahun 2006-2010, Susenas Panel (Maret)
<br />- Tahun 2011-2016, Susenas Modul Konsumsi (Maret dan September)
<br />- Angka Provinsi Papua Barat dan Papua sebelum tahun 2024 merupakan angka provinsi sebelum mengalami pemekaran Daerah Otonom Baru (DOB)",Kemiskinan dan Ketimpangan,38 Provinsi,1900,KEP. BANGKA BELITUNG,191,Perkotaan+Perdesaan,124,2024,61,Semester 1 (Maret),0.244,19009819112461
bps_webapi,0000,2026-08-19T02:01:19+00:00,2026-08-05 12:26:57,98,Gini Ratio Menurut Provinsi dan Daerah,,3,,"- Sumber  : BPS, Susenas  
<br />- Tahun 2002, Susenas Modul Konsumsi reguler
<br />- Tahun 2005, Susenas Panel (Februari)
<br />- Tahun 2006-2010, Susenas Panel (Maret)
<br />- Tahun 2011-2016, Susenas Modul Konsumsi (Maret dan September)
<br />- Angka Provinsi Papua Barat dan Papua sebelum tahun 2024 merupakan angka provinsi sebelum mengalami pemekaran Daerah Otonom Baru (DOB)",Kemiskinan dan Ketimpangan,38 Provinsi,1900,KEP. BANGKA BELITUNG,191,Perkotaan+Perdesaan,124,2024,62,Semester 2 (September),0.235,19009819112462
bps_webapi,0000,2026-08-19T02:01:19+00:00,2026-08-05 12:26:57,98,Gini Ratio Menurut Provinsi dan Daerah,,3,,"- Sumber  : BPS, Susenas  
<br />- Tahun 2002, Susenas Modul Konsumsi reguler
<br />- Tahun 2005, Susenas Panel (Februari)
<br />- Tahun 2006-2010, Susenas Panel (Maret)
<br />- Tahun 2011-2016, Susenas Modul Konsumsi (Maret dan September)
<br />- Angka Provinsi Papua Barat dan Papua sebelum tahun 2024 merupakan angka provinsi sebelum mengalami pemekaran Daerah Otonom Baru (DOB)",Kemiskinan dan Ketimpangan,38 Provinsi,2100,KEP. RIAU,189,Perkotaan,124,2024,61,Semester 1 (Maret),0.351,21009818912461
bps_webapi,0000,2026-08-19T02:01:19+00:00,2026-08-05 12:26:57,98,Gini Ratio Menurut Provinsi dan Daerah,,3,,"- Sumber  : BPS, Susenas  
<br />- Tahun 2002, Susenas Modul Konsumsi reguler
<br />- Tahun 2005, Susenas Panel (Februari)
<br />- Tahun 2006-2010, Susenas Panel (Maret)
<br />- Tahun 2011-2016, Susenas Modul Konsumsi (Maret dan September)
<br />- Angka Provinsi Papua Barat dan Papua sebelum tahun 2024 merupakan angka provinsi sebelum mengalami pemekaran Daerah Otonom Baru (DOB)",Kemiskinan dan Ketimpangan,38 Provinsi,2100,KEP. RIAU,189,Perkotaan,124,2024,62,Semester 2 (September),0.36,21009818912462
bps_webapi,0000,2026-08-19T02:01:19+00:00,2026-08-05 12:26:57,98,Gini Ratio Menurut Provinsi dan Daerah,,3,,"- Sumber  : BPS, Susenas  
<br />- Tahun 2002, Susenas Modul Konsumsi reguler
<br />- Tahun 2005, Susenas Panel (Februari)
<br />- Tahun 2006-2010, Susenas Panel (Maret)
<br />- Tahun 2011-2016, Susenas Modul Konsumsi (Maret dan September)
<br />- Angka Provinsi Papua Barat dan Papua sebelum tahun 2024 merupakan angka provinsi sebelum mengalami pemekaran Daerah Otonom Baru (DOB)",Kemiskinan dan Ketimpangan,38 Provinsi,2100,KEP. RIAU,190,Perdesaan,124,2024,61,Semester 1 (Maret),0.24,21009819012461
bps_webapi,0000,2026-08-19T02:01:19+00:00,2026-08-05 12:26:57,98,Gini Ratio Menurut Provinsi dan Daerah,,3,,"- Sumber  : BPS, Susenas  
<br />- Tahun 2002, Susenas Modul Konsumsi reguler
<br />- Tahun 2005, Susenas Panel (Februari)
<br />- Tahun 2006-2010, Susenas Panel (Maret)
<br />- Tahun 2011-2016, Susenas Modul Konsumsi (Maret dan September)
<br />- Angka Provinsi Papua Barat dan Papua sebelum tahun 2024 merupakan angka provinsi sebelum mengalami pemekaran Daerah Otonom Baru (DOB)",Kemiskinan dan Ketimpangan,38 Provinsi,2100,KEP. RIAU,190,Perdesaan,124,2024,62,Semester 2 (September),0.236,21009819012462
bps_webapi,0000,2026-08-19T02:01:19+00:00,2026-08-05 12:26:57,98,Gini Ratio Menurut Provinsi dan Daerah,,3,,"- Sumber  : BPS, Susenas  
<br />- Tahun 2002, Susenas Modul Konsumsi reguler
<br />- Tahun 2005, Susenas Panel (Februari)
<br />- Tahun 2006-2010, Susenas Panel (Maret)
<br />- Tahun 2011-2016, Susenas Modul Konsumsi (Maret dan September)
<br />- Angka Provinsi Papua Barat dan Papua sebelum tahun 2024 merupakan angka provinsi sebelum mengalami pemekaran Daerah Otonom Baru (DOB)",Kemiskinan dan Ketimpangan,38 Provinsi,2100,KEP. RIAU,191,Perkotaan+Perdesaan,124,2024,61,Semester 1 (Maret),0.349,21009819112461
bps_webapi,0000,2026-08-19T02:01:19+00:00,2026-08-05 12:26:57,98,Gini Ratio Menurut Provinsi dan Daerah,,3,,"- Sumber  : BPS, Susenas  
<br />- Tahun 2002, Susenas Modul Konsumsi reguler
<br />- Tahun 2005, Susenas Panel (Februari)
<br />- Tahun 2006-2010, Susenas Panel (Maret)
<br />- Tahun 2011-2016, Susenas Modul Konsumsi (Maret dan September)
<br />- Angka Provinsi Papua Barat dan Papua sebelum tahun 2024 merupakan angka provinsi sebelum mengalami pemekaran Daerah Otonom Baru (DOB)",Kemiskinan dan Ketimpangan,38 Provinsi,2100,KEP. RIAU,191,Perkotaan+Perdesaan,124,2024,62,Semester 2 (September),0.357,21009819112462
bps_webapi,0000,2026-08-19T02:01:19+00:00,2026-08-05 12:26:57,98,Gini Ratio Menurut Provinsi dan Daerah,,3,,"- Sumber  : BPS, Susenas  
<br />- Tahun 2002, Susenas Modul Konsumsi reguler
<br />- Tahun 2005, Susenas Panel (Februari)
<br />- Tahun 2006-2010, Susenas Panel (Maret)
<br />- Tahun 2011-2016, Susenas Modul Konsumsi (Maret dan September)
<br />- Angka Provinsi Papua Barat dan Papua sebelum tahun 2024 merupakan angka provinsi sebelum mengalami pemekaran Daerah Otonom Baru (DOB)",Kemiskinan dan Ketimpangan,38 Provinsi,3100,DKI JAKARTA,189,Perkotaan,124,2024,61,Semester 1 (Maret),0.423,31009818912461
bps_webapi,0000,2026-08-19T02:01:19+00:00,2026-08-05 12:26:57,98,Gini Ratio Menurut Provinsi dan Daerah,,3,,"- Sumber  : BPS, Susenas  
<br />- Tahun 2002, Susenas Modul Konsumsi reguler
<br />- Tahun 2005, Susenas Panel (Februari)
<br />- Tahun 2006-2010, Susenas Panel (Maret)
<br />- Tahun 2011-2016, Susenas Modul Konsumsi (Maret dan September)
<br />- Angka Provinsi Papua Barat dan Papua sebelum tahun 2024 merupakan angka provinsi sebelum mengalami pemekaran Daerah Otonom Baru (DOB)",Kemiskinan dan Ketimpangan,38 Provinsi,3100,DKI JAKARTA,189,Perkotaan,124,2024,62,Semester 2 (September),0.431,31009818912462
bps_webapi,0000,2026-08-19T02:01:19+00:00,2026-08-05 12:26:57,98,Gini Ratio Menurut Provinsi dan Daerah,,3,,"- Sumber  : BPS, Susenas  
<br />- Tahun 2002, Susenas Modul Konsumsi reguler
<br />- Tahun 2005, Susenas Panel (Februari)
<br />- Tahun 2006-2010, Susenas Panel (Maret)
<br />- Tahun 2011-2016, Susenas Modul Konsumsi (Maret dan September)
<br />- Angka Provinsi Papua Barat dan Papua sebelum tahun 2024 merupakan angka provinsi sebelum mengalami pemekaran Daerah Otonom Baru (DOB)",Kemiskinan dan Ketimpangan,38 Provinsi,3100,DKI JAKARTA,191,Perkotaan+Perdesaan,124,2024,61,Semester 1 (Maret),0.423,31009819112461
bps_webapi,0000,2026-08-19T02:01:19+00:00,2026-08-05 12:26:57,98,Gini Ratio Menurut Provinsi dan Daerah,,3,,"- Sumber  : BPS, Susenas  
<br />- Tahun 2002, Susenas Modul Konsumsi reguler
<br />- Tahun 2005, Susenas Panel (Februari)
<br />- Tahun 2006-2010, Susenas Panel (Maret)
<br />- Tahun 2011-2016, Susenas Modul Konsumsi (Maret dan September)
<br />- Angka Provinsi Papua Barat dan Papua sebelum tahun 2024 merupakan angka provinsi sebelum mengalami pemekaran Daerah Otonom Baru (DOB)",Kemiskinan dan Ketimpangan,38 Provinsi,3100,DKI JAKARTA,191,Perkotaan+Perdesaan,124,2024,62,Semester 2 (September),0.431,31009819112462
bps_webapi,0000,2026-08-19T02:01:19+00:00,2026-08-05 12:26:57,98,Gini Ratio Menurut Provinsi dan Daerah,,3,,"- Sumber  : BPS, Susenas  
<br />- Tahun 2002, Susenas Modul Konsumsi reguler
<br />- Tahun 2005, Susenas Panel (Februari)
<br />- Tahun 2006-2010, Susenas Panel (Maret)
<br />- Tahun 2011-2016, Susenas Modul Konsumsi (Maret dan September)
<br />- Angka Provinsi Papua Barat dan Papua sebelum tahun 2024 merupakan angka provinsi sebelum mengalami pemekaran Daerah Otonom Baru (DOB)",Kemiskinan dan Ketimpangan,38 Provinsi,3200,JAWA BARAT,189,Perkotaan,124,2024,61,Semester 1 (Maret),0.434,32009818912461
bps_webapi,0000,2026-08-19T02:01:19+00:00,2026-08-05 12:26:57,98,Gini Ratio Menurut Provinsi dan Daerah,,3,,"- Sumber  : BPS, Susenas  
<br />- Tahun 2002, Susenas Modul Konsumsi reguler
<br />- Tahun 2005, Susenas Panel (Februari)
<br />- Tahun 2006-2010, Susenas Panel (Maret)
<br />- Tahun 2011-2016, Susenas Modul Konsumsi (Maret dan September)
<br />- Angka Provinsi Papua Barat dan Papua sebelum tahun 2024 merupakan angka provinsi sebelum mengalami pemekaran Daerah Otonom Baru (DOB)",Kemiskinan dan Ketimpangan,38 Provinsi,3200,JAWA BARAT,189,Perkotaan,124,2024,62,Semester 2 (September),0.439,32009818912462
bps_webapi,0000,2026-08-19T02:01:19+00:00,2026-08-05 12:26:57,98,Gini Ratio Menurut Provinsi dan Daerah,,3,,"- Sumber  : BPS, Susenas  
<br />- Tahun 2002, Susenas Modul Konsumsi reguler
<br />- Tahun 2005, Susenas Panel (Februari)
<br />- Tahun 2006-2010, Susenas Panel (Maret)
<br />- Tahun 2011-2016, Susenas Modul Konsumsi (Maret dan September)
<br />- Angka Provinsi Papua Barat dan Papua sebelum tahun 2024 merupakan angka provinsi sebelum mengalami pemekaran Daerah Otonom Baru (DOB)",Kemiskinan dan Ketimpangan,38 Provinsi,3200,JAWA BARAT,190,Perdesaan,124,2024,61,Semester 1 (Maret),0.325,32009819012461
bps_webapi,0000,2026-08-19T02:01:19+00:00,2026-08-05 12:26:57,98,Gini Ratio Menurut Provinsi dan Daerah,,3,,"- Sumber  : BPS, Susenas  
<br />- Tahun 2002, Susenas Modul Konsumsi reguler
<br />- Tahun 2005, Susenas Panel (Februari)
<br />- Tahun 2006-2010, Susenas Panel (Maret)
<br />- Tahun 2011-2016, Susenas Modul Konsumsi (Maret dan September)
<br />- Angka Provinsi Papua Barat dan Papua sebelum tahun 2024 merupakan angka provinsi sebelum mengalami pemekaran Daerah Otonom Baru (DOB)",Kemiskinan dan Ketimpangan,38 Provinsi,3200,JAWA BARAT,190,Perdesaan,124,2024,62,Semester 2 (September),0.327,32009819012462
bps_webapi,0000,2026-08-19T02:01:19+00:00,2026-08-05 12:26:57,98,Gini Ratio Menurut Provinsi dan Daerah,,3,,"- Sumber  : BPS, Susenas  
<br />- Tahun 2002, Susenas Modul Konsumsi reguler
<br />- Tahun 2005, Susenas Panel (Februari)
<br />- Tahun 2006-2010, Susenas Panel (Maret)
<br />- Tahun 2011-2016, Susenas Modul Konsumsi (Maret dan September)
<br />- Angka Provinsi Papua Barat dan Papua sebelum tahun 2024 merupakan angka provinsi sebelum mengalami pemekaran Daerah Otonom Baru (DOB)",Kemiskinan dan Ketimpangan,38 Provinsi,3200,JAWA BARAT,191,Perkotaan+Perdesaan,124,2024,61,Semester 1 (Maret),0.421,32009819112461
bps_webapi,0000,2026-08-19T02:01:19+00:00,2026-08-05 12:26:57,98,Gini Ratio Menurut Provinsi dan Daerah,,3,,"- Sumber  : BPS, Susenas  
<br />- Tahun 2002, Susenas Modul Konsumsi reguler
<br />- Tahun 2005, Susenas Panel (Februari)
<br />- Tahun 2006-2010, Susenas Panel (Maret)
<br />- Tahun 2011-2016, Susenas Modul Konsumsi (Maret dan September)
<br />- Angka Provinsi Papua Barat dan Papua sebelum tahun 2024 merupakan angka provinsi sebelum mengalami pemekaran Daerah Otonom Baru (DOB)",Kemiskinan dan Ketimpangan,38 Provinsi,3200,JAWA BARAT,191,Perkotaan+Perdesaan,124,2024,62,Semester 2 (September),0.428,32009819112462
bps_webapi,0000,2026-08-19T02:01:19+00:00,2026-08-05 12:26:57,98,Gini Ratio Menurut Provinsi dan Daerah,,3,,"- Sumber  : BPS, Susenas  
<br />- Tahun 2002, Susenas Modul Konsumsi reguler
<br />- Tahun 2005, Susenas Panel (Februari)
<br />- Tahun 2006-2010, Susenas Panel (Maret)
<br />- Tahun 2011-2016, Susenas Modul Konsumsi (Maret dan September)
<br />- Angka Provinsi Papua Barat dan Papua sebelum tahun 2024 merupakan angka provinsi sebelum mengalami pemekaran Daerah Otonom Baru (DOB)",Kemiskinan dan Ketimpangan,38 Provinsi,3300,JAWA TENGAH,189,Perkotaan,124,2024,61,Semester 1 (Maret),0.399,33009818912461
bps_webapi,0000,2026-08-19T02:01:19+00:00,2026-08-05 12:26:57,98,Gini Ratio Menurut Provinsi dan Daerah,,3,,"- Sumber  : BPS, Susenas  
<br />- Tahun 2002, Susenas Modul Konsumsi reguler
<br />- Tahun 2005, Susenas Panel (Februari)
<br />- Tahun 2006-2010, Susenas Panel (Maret)
<br />- Tahun 2011-2016, Susenas Modul Konsumsi (Maret dan September)
<br />- Angka Provinsi Papua Barat dan Papua sebelum tahun 2024 merupakan angka provinsi sebelum mengalami pemekaran Daerah Otonom Baru (DOB)",Kemiskinan dan Ketimpangan,38 Provinsi,3300,JAWA TENGAH,189,Perkotaan,124,2024,62,Semester 2 (September),0.392,33009818912462
bps_webapi,0000,2026-08-19T02:01:19+00:00,2026-08-05 12:26:57,98,Gini Ratio Menurut Provinsi dan Daerah,,3,,"- Sumber  : BPS, Susenas  
<br />- Tahun 2002, Susenas Modul Konsumsi reguler
<br />- Tahun 2005, Susenas Panel (Februari)
<br />- Tahun 2006-2010, Susenas Panel (Maret)
<br />- Tahun 2011-2016, Susenas Modul Konsumsi (Maret dan September)
<br />- Angka Provinsi Papua Barat dan Papua sebelum tahun 2024 merupakan angka provinsi sebelum mengalami pemekaran Daerah Otonom Baru (DOB)",Kemiskinan dan Ketimpangan,38 Provinsi,3300,JAWA TENGAH,190,Perdesaan,124,2024,61,Semester 1 (Maret),0.31,33009819012461
bps_webapi,0000,2026-08-19T02:01:19+00:00,2026-08-05 12:26:57,98,Gini Ratio Menurut Provinsi dan Daerah,,3,,"- Sumber  : BPS, Susenas  
<br />- Tahun 2002, Susenas Modul Konsumsi reguler
<br />- Tahun 2005, Susenas Panel (Februari)
<br />- Tahun 2006-2010, Susenas Panel (Maret)
<br />- Tahun 2011-2016, Susenas Modul Konsumsi (Maret dan September)
<br />- Angka Provinsi Papua Barat dan Papua sebelum tahun 2024 merupakan angka provinsi sebelum mengalami pemekaran Daerah Otonom Baru (DOB)",Kemiskinan dan Ketimpangan,38 Provinsi,3300,JAWA TENGAH,190,Perdesaan,124,2024,62,Semester 2 (September),0.317,33009819012462
bps_webapi,0000,2026-08-19T02:01:19+00:00,2026-08-05 12:26:57,98,Gini Ratio Menurut Provinsi dan Daerah,,3,,"- Sumber  : BPS, Susenas  
<br />- Tahun 2002, Susenas Modul Konsumsi reguler
<br />- Tahun 2005, Susenas Panel (Februari)
<br />- Tahun 2006-2010, Susenas Panel (Maret)
<br />- Tahun 2011-2016, Susenas Modul Konsumsi (Maret dan September)
<br />- Angka Provinsi Papua Barat dan Papua sebelum tahun 2024 merupakan angka provinsi sebelum mengalami pemekaran Daerah Otonom Baru (DOB)",Kemiskinan dan Ketimpangan,38 Provinsi,3300,JAWA TENGAH,191,Perkotaan+Perdesaan,124,2024,61,Semester 1 (Maret),0.367,33009819112461
bps_webapi,0000,2026-08-19T02:01:19+00:00,2026-08-05 12:26:57,98,Gini Ratio Menurut Provinsi dan Daerah,,3,,"- Sumber  : BPS, Susenas  
<br />- Tahun 2002, Susenas Modul Konsumsi reguler
<br />- Tahun 2005, Susenas Panel (Februari)
<br />- Tahun 2006-2010, Susenas Panel (Maret)
<br />- Tahun 2011-2016, Susenas Modul Konsumsi (Maret dan September)
<br />- Angka Provinsi Papua Barat dan Papua sebelum tahun 2024 merupakan angka provinsi sebelum mengalami pemekaran Daerah Otonom Baru (DOB)",Kemiskinan dan Ketimpangan,38 Provinsi,3300,JAWA TENGAH,191,Perkotaan+Perdesaan,124,2024,62,Semester 2 (September),0.364,33009819112462
bps_webapi,0000,2026-08-19T02:01:19+00:00,2026-08-05 12:26:57,98,Gini Ratio Menurut Provinsi dan Daerah,,3,,"- Sumber  : BPS, Susenas  
<br />- Tahun 2002, Susenas Modul Konsumsi reguler
<br />- Tahun 2005, Susenas Panel (Februari)
<br />- Tahun 2006-2010, Susenas Panel (Maret)
<br />- Tahun 2011-2016, Susenas Modul Konsumsi (Maret dan September)
<br />- Angka Provinsi Papua Barat dan Papua sebelum tahun 2024 merupakan angka provinsi sebelum mengalami pemekaran Daerah Otonom Baru (DOB)",Kemiskinan dan Ketimpangan,38 Provinsi,3400,DI YOGYAKARTA,189,Perkotaan,124,2024,61,Semester 1 (Maret),0.44,34009818912461
bps_webapi,0000,2026-08-19T02:01:19+00:00,2026-08-05 12:26:57,98,Gini Ratio Menurut Provinsi dan Daerah,,3,,"- Sumber  : BPS, Susenas  
<br />- Tahun 2002, Susenas Modul Konsumsi reguler
<br />- Tahun 2005, Susenas Panel (Februari)
<br />- Tahun 2006-2010, Susenas Panel (Maret)
<br />- Tahun 2011-2016, Susenas Modul Konsumsi (Maret dan September)
<br />- Angka Provinsi Papua Barat dan Papua sebelum tahun 2024 merupakan angka provinsi sebelum mengalami pemekaran Daerah Otonom Baru (DOB)",Kemiskinan dan Ketimpangan,38 Provinsi,3400,DI YOGYAKARTA,189,Perkotaan,124,2024,62,Semester 2 (September),0.429,34009818912462
bps_webapi,0000,2026-08-19T02:01:19+00:00,2026-08-05 12:26:57,98,Gini Ratio Menurut Provinsi dan Daerah,,3,,"- Sumber  : BPS, Susenas  
<br />- Tahun 2002, Susenas Modul Konsumsi reguler
<br />- Tahun 2005, Susenas Panel (Februari)
<br />- Tahun 2006-2010, Susenas Panel (Maret)
<br />- Tahun 2011-2016, Susenas Modul Konsumsi (Maret dan September)
<br />- Angka Provinsi Papua Barat dan Papua sebelum tahun 2024 merupakan angka provinsi sebelum mengalami pemekaran Daerah Otonom Baru (DOB)",Kemiskinan dan Ketimpangan,38 Provinsi,3400,DI YOGYAKARTA,190,Perdesaan,124,2024,61,Semester 1 (Maret),0.349,34009819012461
bps_webapi,0000,2026-08-19T02:01:19+00:00,2026-08-05 12:26:57,98,Gini Ratio Menurut Provinsi dan Daerah,,3,,"- Sumber  : BPS, Susenas  
<br />- Tahun 2002, Susenas Modul Konsumsi reguler
<br />- Tahun 2005, Susenas Panel (Februari)
<br />- Tahun 2006-2010, Susenas Panel (Maret)
<br />- Tahun 2011-2016, Susenas Modul Konsumsi (Maret dan September)
<br />- Angka Provinsi Papua Barat dan Papua sebelum tahun 2024 merupakan angka provinsi sebelum mengalami pemekaran Daerah Otonom Baru (DOB)",Kemiskinan dan Ketimpangan,38 Provinsi,3400,DI YOGYAKARTA,190,Perdesaan,124,2024,62,Semester 2 (September),0.355,34009819012462
bps_webapi,0000,2026-08-19T02:01:19+00:00,2026-08-05 12:26:57,98,Gini Ratio Menurut Provinsi dan Daerah,,3,,"- Sumber  : BPS, Susenas  
<br />- Tahun 2002, Susenas Modul Konsumsi reguler
<br />- Tahun 2005, Susenas Panel (Februari)
<br />- Tahun 2006-2010, Susenas Panel (Maret)
<br />- Tahun 2011-2016, Susenas Modul Konsumsi (Maret dan September)
<br />- Angka Provinsi Papua Barat dan Papua sebelum tahun 2024 merupakan angka provinsi sebelum mengalami pemekaran Daerah Otonom Baru (DOB)",Kemiskinan dan Ketimpangan,38 Provinsi,3400,DI YOGYAKARTA,191,Perkotaan+Perdesaan,124,2024,61,Semester 1 (Maret),0.435,34009819112461
bps_webapi,0000,2026-08-19T02:01:19+00:00,2026-08-05 12:26:57,98,Gini Ratio Menurut Provinsi dan Daerah,,3,,"- Sumber  : BPS, Susenas  
<br />- Tahun 2002, Susenas Modul Konsumsi reguler
<br />- Tahun 2005, Susenas Panel (Februari)
<br />- Tahun 2006-2010, Susenas Panel (Maret)
<br />- Tahun 2011-2016, Susenas Modul Konsumsi (Maret dan September)
<br />- Angka Provinsi Papua Barat dan Papua sebelum tahun 2024 merupakan angka provinsi sebelum mengalami pemekaran Daerah Otonom Baru (DOB)",Kemiskinan dan Ketimpangan,38 Provinsi,3400,DI YOGYAKARTA,191,Perkotaan+Perdesaan,124,2024,62,Semester 2 (September),0.428,34009819112462
bps_webapi,0000,2026-08-19T02:01:19+00:00,2026-08-05 12:26:57,98,Gini Ratio Menurut Provinsi dan Daerah,,3,,"- Sumber  : BPS, Susenas  
<br />- Tahun 2002, Susenas Modul Konsumsi reguler
<br />- Tahun 2005, Susenas Panel (Februari)
<br />- Tahun 2006-2010, Susenas Panel (Maret)
<br />- Tahun 2011-2016, Susenas Modul Konsumsi (Maret dan September)
<br />- Angka Provinsi Papua Barat dan Papua sebelum tahun 2024 merupakan angka provinsi sebelum mengalami pemekaran Daerah Otonom Baru (DOB)",Kemiskinan dan Ketimpangan,38 Provinsi,3500,JAWA TIMUR,189,Perkotaan,124,2024,61,Semester 1 (Maret),0.387,35009818912461
bps_webapi,0000,2026-08-19T02:01:19+00:00,2026-08-05 12:26:57,98,Gini Ratio Menurut Provinsi dan Daerah,,3,,"- Sumber  : BPS, Susenas  
<br />- Tahun 2002, Susenas Modul Konsumsi reguler
<br />- Tahun 2005, Susenas Panel (Februari)
<br />- Tahun 2006-2010, Susenas Panel (Maret)
<br />- Tahun 2011-2016, Susenas Modul Konsumsi (Maret dan September)
<br />- Angka Provinsi Papua Barat dan Papua sebelum tahun 2024 merupakan angka provinsi sebelum mengalami pemekaran Daerah Otonom Baru (DOB)",Kemiskinan dan Ketimpangan,38 Provinsi,3500,JAWA TIMUR,189,Perkotaan,124,2024,62,Semester 2 (September),0.388,35009818912462
bps_webapi,0000,2026-08-19T02:01:19+00:00,2026-08-05 12:26:57,98,Gini Ratio Menurut Provinsi dan Daerah,,3,,"- Sumber  : BPS, Susenas  
<br />- Tahun 2002, Susenas Modul Konsumsi reguler
<br />- Tahun 2005, Susenas Panel (Februari)
<br />- Tahun 2006-2010, Susenas Panel (Maret)
<br />- Tahun 2011-2016, Susenas Modul Konsumsi (Maret dan September)
<br />- Angka Provinsi Papua Barat dan Papua sebelum tahun 2024 merupakan angka provinsi sebelum mengalami pemekaran Daerah Otonom Baru (DOB)",Kemiskinan dan Ketimpangan,38 Provinsi,3500,JAWA TIMUR,190,Perdesaan,124,2024,61,Semester 1 (Maret),0.325,35009819012461
bps_webapi,0000,2026-08-19T02:01:19+00:00,2026-08-05 12:26:57,98,Gini Ratio Menurut Provinsi dan Daerah,,3,,"- Sumber  : BPS, Susenas  
<br />- Tahun 2002, Susenas Modul Konsumsi reguler
<br />- Tahun 2005, Susenas Panel (Februari)
<br />- Tahun 2006-2010, Susenas Panel (Maret)
<br />- Tahun 2011-2016, Susenas Modul Konsumsi (Maret dan September)
<br />- Angka Provinsi Papua Barat dan Papua sebelum tahun 2024 merupakan angka provinsi sebelum mengalami pemekaran Daerah Otonom Baru (DOB)",Kemiskinan dan Ketimpangan,38 Provinsi,3500,JAWA TIMUR,190,Perdesaan,124,2024,62,Semester 2 (September),0.332,35009819012462
bps_webapi,0000,2026-08-19T02:01:19+00:00,2026-08-05 12:26:57,98,Gini Ratio Menurut Provinsi dan Daerah,,3,,"- Sumber  : BPS, Susenas  
<br />- Tahun 2002, Susenas Modul Konsumsi reguler
<br />- Tahun 2005, Susenas Panel (Februari)
<br />- Tahun 2006-2010, Susenas Panel (Maret)
<br />- Tahun 2011-2016, Susenas Modul Konsumsi (Maret dan September)
<br />- Angka Provinsi Papua Barat dan Papua sebelum tahun 2024 merupakan angka provinsi sebelum mengalami pemekaran Daerah Otonom Baru (DOB)",Kemiskinan dan Ketimpangan,38 Provinsi,3500,JAWA TIMUR,191,Perkotaan+Perdesaan,124,2024,61,Semester 1 (Maret),0.372,35009819112461
bps_webapi,0000,2026-08-19T02:01:19+00:00,2026-08-05 12:26:57,98,Gini Ratio Menurut Provinsi dan Daerah,,3,,"- Sumber  : BPS, Susenas  
<br />- Tahun 2002, Susenas Modul Konsumsi reguler
<br />- Tahun 2005, Susenas Panel (Februari)
<br />- Tahun 2006-2010, Susenas Panel (Maret)
<br />- Tahun 2011-2016, Susenas Modul Konsumsi (Maret dan September)
<br />- Angka Provinsi Papua Barat dan Papua sebelum tahun 2024 merupakan angka provinsi sebelum mengalami pemekaran Daerah Otonom Baru (DOB)",Kemiskinan dan Ketimpangan,38 Provinsi,3500,JAWA TIMUR,191,Perkotaan+Perdesaan,124,2024,62,Semester 2 (September),0.373,35009819112462
bps_webapi,0000,2026-08-19T02:01:19+00:00,2026-08-05 12:26:57,98,Gini Ratio Menurut Provinsi dan Daerah,,3,,"- Sumber  : BPS, Susenas  
<br />- Tahun 2002, Susenas Modul Konsumsi reguler
<br />- Tahun 2005, Susenas Panel (Februari)
<br />- Tahun 2006-2010, Susenas Panel (Maret)
<br />- Tahun 2011-2016, Susenas Modul Konsumsi (Maret dan September)
<br />- Angka Provinsi Papua Barat dan Papua sebelum tahun 2024 merupakan angka provinsi sebelum mengalami pemekaran Daerah Otonom Baru (DOB)",Kemiskinan dan Ketimpangan,38 Provinsi,3600,BANTEN,189,Perkotaan,124,2024,61,Semester 1 (Maret),0.357,36009818912461
bps_webapi,0000,2026-08-19T02:01:19+00:00,2026-08-05 12:26:57,98,Gini Ratio Menurut Provinsi dan Daerah,,3,,"- Sumber  : BPS, Susenas  
<br />- Tahun 2002, Susenas Modul Konsumsi reguler
<br />- Tahun 2005, Susenas Panel (Februari)
<br />- Tahun 2006-2010, Susenas Panel (Maret)
<br />- Tahun 2011-2016, Susenas Modul Konsumsi (Maret dan September)
<br />- Angka Provinsi Papua Barat dan Papua sebelum tahun 2024 merupakan angka provinsi sebelum mengalami pemekaran Daerah Otonom Baru (DOB)",Kemiskinan dan Ketimpangan,38 Provinsi,3600,BANTEN,189,Perkotaan,124,2024,62,Semester 2 (September),0.361,36009818912462
bps_webapi,0000,2026-08-19T02:01:19+00:00,2026-08-05 12:26:57,98,Gini Ratio Menurut Provinsi dan Daerah,,3,,"- Sumber  : BPS, Susenas  
<br />- Tahun 2002, Susenas Modul Konsumsi reguler
<br />- Tahun 2005, Susenas Panel (Februari)
<br />- Tahun 2006-2010, Susenas Panel (Maret)
<br />- Tahun 2011-2016, Susenas Modul Konsumsi (Maret dan September)
<br />- Angka Provinsi Papua Barat dan Papua sebelum tahun 2024 merupakan angka provinsi sebelum mengalami pemekaran Daerah Otonom Baru (DOB)",Kemiskinan dan Ketimpangan,38 Provinsi,3600,BANTEN,190,Perdesaan,124,2024,61,Semester 1 (Maret),0.254,36009819012461
bps_webapi,0000,2026-08-19T02:01:19+00:00,2026-08-05 12:26:57,98,Gini Ratio Menurut Provinsi dan Daerah,,3,,"- Sumber  : BPS, Susenas  
<br />- Tahun 2002, Susenas Modul Konsumsi reguler
<br />- Tahun 2005, Susenas Panel (Februari)
<br />- Tahun 2006-2010, Susenas Panel (Maret)
<br />- Tahun 2011-2016, Susenas Modul Konsumsi (Maret dan September)
<br />- Angka Provinsi Papua Barat dan Papua sebelum tahun 2024 merupakan angka provinsi sebelum mengalami pemekaran Daerah Otonom Baru (DOB)",Kemiskinan dan Ketimpangan,38 Provinsi,3600,BANTEN,190,Perdesaan,124,2024,62,Semester 2 (September),0.246,36009819012462
bps_webapi,0000,2026-08-19T02:01:19+00:00,2026-08-05 12:26:57,98,Gini Ratio Menurut Provinsi dan Daerah,,3,,"- Sumber  : BPS, Susenas  
<br />- Tahun 2002, Susenas Modul Konsumsi reguler
<br />- Tahun 2005, Susenas Panel (Februari)
<br />- Tahun 2006-2010, Susenas Panel (Maret)
<br />- Tahun 2011-2016, Susenas Modul Konsumsi (Maret dan September)
<br />- Angka Provinsi Papua Barat dan Papua sebelum tahun 2024 merupakan angka provinsi sebelum mengalami pemekaran Daerah Otonom Baru (DOB)",Kemiskinan dan Ketimpangan,38 Provinsi,3600,BANTEN,191,Perkotaan+Perdesaan,124,2024,61,Semester 1 (Maret),0.353,36009819112461
bps_webapi,0000,2026-08-19T02:01:19+00:00,2026-08-05 12:26:57,98,Gini Ratio Menurut Provinsi dan Daerah,,3,,"- Sumber  : BPS, Susenas  
<br />- Tahun 2002, Susenas Modul Konsumsi reguler
<br />- Tahun 2005, Susenas Panel (Februari)
<br />- Tahun 2006-2010, Susenas Panel (Maret)
<br />- Tahun 2011-2016, Susenas Modul Konsumsi (Maret dan September)
<br />- Angka Provinsi Papua Barat dan Papua sebelum tahun 2024 merupakan angka provinsi sebelum mengalami pemekaran Daerah Otonom Baru (DOB)",Kemiskinan dan Ketimpangan,38 Provinsi,3600,BANTEN,191,Perkotaan+Perdesaan,124,2024,62,Semester 2 (September),0.359,36009819112462
bps_webapi,0000,2026-08-19T02:01:19+00:00,2026-08-05 12:26:57,98,Gini Ratio Menurut Provinsi dan Daerah,,3,,"- Sumber  : BPS, Susenas  
<br />- Tahun 2002, Susenas Modul Konsumsi reguler
<br />- Tahun 2005, Susenas Panel (Februari)
<br />- Tahun 2006-2010, Susenas Panel (Maret)
<br />- Tahun 2011-2016, Susenas Modul Konsumsi (Maret dan September)
<br />- Angka Provinsi Papua Barat dan Papua sebelum tahun 2024 merupakan angka provinsi sebelum mengalami pemekaran Daerah Otonom Baru (DOB)",Kemiskinan dan Ketimpangan,38 Provinsi,5100,BALI,189,Perkotaan,124,2024,61,Semester 1 (Maret),0.364,51009818912461
bps_webapi,0000,2026-08-19T02:01:19+00:00,2026-08-05 12:26:57,98,Gini Ratio Menurut Provinsi dan Daerah,,3,,"- Sumber  : BPS, Susenas  
<br />- Tahun 2002, Susenas Modul Konsumsi reguler
<br />- Tahun 2005, Susenas Panel (Februari)
<br />- Tahun 2006-2010, Susenas Panel (Maret)
<br />- Tahun 2011-2016, Susenas Modul Konsumsi (Maret dan September)
<br />- Angka Provinsi Papua Barat dan Papua sebelum tahun 2024 merupakan angka provinsi sebelum mengalami pemekaran Daerah Otonom Baru (DOB)",Kemiskinan dan Ketimpangan,38 Provinsi,5100,BALI,189,Perkotaan,124,2024,62,Semester 2 (September),0.352,51009818912462
bps_webapi,0000,2026-08-19T02:01:19+00:00,2026-08-05 12:26:57,98,Gini Ratio Menurut Provinsi dan Daerah,,3,,"- Sumber  : BPS, Susenas  
<br />- Tahun 2002, Susenas Modul Konsumsi reguler
<br />- Tahun 2005, Susenas Panel (Februari)
<br />- Tahun 2006-2010, Susenas Panel (Maret)
<br />- Tahun 2011-2016, Susenas Modul Konsumsi (Maret dan September)
<br />- Angka Provinsi Papua Barat dan Papua sebelum tahun 2024 merupakan angka provinsi sebelum mengalami pemekaran Daerah Otonom Baru (DOB)",Kemiskinan dan Ketimpangan,38 Provinsi,5100,BALI,190,Perdesaan,124,2024,61,Semester 1 (Maret),0.287,51009819012461
bps_webapi,0000,2026-08-19T02:01:19+00:00,2026-08-05 12:26:57,98,Gini Ratio Menurut Provinsi dan Daerah,,3,,"- Sumber  : BPS, Susenas  
<br />- Tahun 2002, Susenas Modul Konsumsi reguler
<br />- Tahun 2005, Susenas Panel (Februari)
<br />- Tahun 2006-2010, Susenas Panel (Maret)
<br />- Tahun 2011-2016, Susenas Modul Konsumsi (Maret dan September)
<br />- Angka Provinsi Papua Barat dan Papua sebelum tahun 2024 merupakan angka provinsi sebelum mengalami pemekaran Daerah Otonom Baru (DOB)",Kemiskinan dan Ketimpangan,38 Provinsi,5100,BALI,190,Perdesaan,124,2024,62,Semester 2 (September),0.285,51009819012462
bps_webapi,0000,2026-08-19T02:01:19+00:00,2026-08-05 12:26:57,98,Gini Ratio Menurut Provinsi dan Daerah,,3,,"- Sumber  : BPS, Susenas  
<br />- Tahun 2002, Susenas Modul Konsumsi reguler
<br />- Tahun 2005, Susenas Panel (Februari)
<br />- Tahun 2006-2010, Susenas Panel (Maret)
<br />- Tahun 2011-2016, Susenas Modul Konsumsi (Maret dan September)
<br />- Angka Provinsi Papua Barat dan Papua sebelum tahun 2024 merupakan angka provinsi sebelum mengalami pemekaran Daerah Otonom Baru (DOB)",Kemiskinan dan Ketimpangan,38 Provinsi,5100,BALI,191,Perkotaan+Perdesaan,124,2024,61,Semester 1 (Maret),0.361,51009819112461
bps_webapi,0000,2026-08-19T02:01:19+00:00,2026-08-05 12:26:57,98,Gini Ratio Menurut Provinsi dan Daerah,,3,,"- Sumber  : BPS, Susenas  
<br />- Tahun 2002, Susenas Modul Konsumsi reguler
<br />- Tahun 2005, Susenas Panel (Februari)
<br />- Tahun 2006-2010, Susenas Panel (Maret)
<br />- Tahun 2011-2016, Susenas Modul Konsumsi (Maret dan September)
<br />- Angka Provinsi Papua Barat dan Papua sebelum tahun 2024 merupakan angka provinsi sebelum mengalami pemekaran Daerah Otonom Baru (DOB)",Kemiskinan dan Ketimpangan,38 Provinsi,5100,BALI,191,Perkotaan+Perdesaan,124,2024,62,Semester 2 (September),0.348,51009819112462
bps_webapi,0000,2026-08-19T02:01:19+00:00,2026-08-05 12:26:57,98,Gini Ratio Menurut Provinsi dan Daerah,,3,,"- Sumber  : BPS, Susenas  
<br />- Tahun 2002, Susenas Modul Konsumsi reguler
<br />- Tahun 2005, Susenas Panel (Februari)
<br />- Tahun 2006-2010, Susenas Panel (Maret)
<br />- Tahun 2011-2016, Susenas Modul Konsumsi (Maret dan September)
<br />- Angka Provinsi Papua Barat dan Papua sebelum tahun 2024 merupakan angka provinsi sebelum mengalami pemekaran Daerah Otonom Baru (DOB)",Kemiskinan dan Ketimpangan,38 Provinsi,5200,NUSA TENGGARA BARAT,189,Perkotaan,124,2024,61,Semester 1 (Maret),0.383,52009818912461
bps_webapi,0000,2026-08-19T02:01:19+00:00,2026-08-05 12:26:57,98,Gini Ratio Menurut Provinsi dan Daerah,,3,,"- Sumber  : BPS, Susenas  
<br />- Tahun 2002, Susenas Modul Konsumsi reguler
<br />- Tahun 2005, Susenas Panel (Februari)
<br />- Tahun 2006-2010, Susenas Panel (Maret)
<br />- Tahun 2011-2016, Susenas Modul Konsumsi (Maret dan September)
<br />- Angka Provinsi Papua Barat dan Papua sebelum tahun 2024 merupakan angka provinsi sebelum mengalami pemekaran Daerah Otonom Baru (DOB)",Kemiskinan dan Ketimpangan,38 Provinsi,5200,NUSA TENGGARA BARAT,189,Perkotaan,124,2024,62,Semester 2 (September),0.388,52009818912462
bps_webapi,0000,2026-08-19T02:01:19+00:00,2026-08-05 12:26:57,98,Gini Ratio Menurut Provinsi dan Daerah,,3,,"- Sumber  : BPS, Susenas  
<br />- Tahun 2002, Susenas Modul Konsumsi reguler
<br />- Tahun 2005, Susenas Panel (Februari)
<br />- Tahun 2006-2010, Susenas Panel (Maret)
<br />- Tahun 2011-2016, Susenas Modul Konsumsi (Maret dan September)
<br />- Angka Provinsi Papua Barat dan Papua sebelum tahun 2024 merupakan angka provinsi sebelum mengalami pemekaran Daerah Otonom Baru (DOB)",Kemiskinan dan Ketimpangan,38 Provinsi,5200,NUSA TENGGARA BARAT,190,Perdesaan,124,2024,61,Semester 1 (Maret),0.326,52009819012461
bps_webapi,0000,2026-08-19T02:01:19+00:00,2026-08-05 12:26:57,98,Gini Ratio Menurut Provinsi dan Daerah,,3,,"- Sumber  : BPS, Susenas  
<br />- Tahun 2002, Susenas Modul Konsumsi reguler
<br />- Tahun 2005, Susenas Panel (Februari)
<br />- Tahun 2006-2010, Susenas Panel (Maret)
<br />- Tahun 2011-2016, Susenas Modul Konsumsi (Maret dan September)
<br />- Angka Provinsi Papua Barat dan Papua sebelum tahun 2024 merupakan angka provinsi sebelum mengalami pemekaran Daerah Otonom Baru (DOB)",Kemiskinan dan Ketimpangan,38 Provinsi,5200,NUSA TENGGARA BARAT,190,Perdesaan,124,2024,62,Semester 2 (September),0.32,52009819012462
bps_webapi,0000,2026-08-19T02:01:19+00:00,2026-08-05 12:26:57,98,Gini Ratio Menurut Provinsi dan Daerah,,3,,"- Sumber  : BPS, Susenas  
<br />- Tahun 2002, Susenas Modul Konsumsi reguler
<br />- Tahun 2005, Susenas Panel (Februari)
<br />- Tahun 2006-2010, Susenas Panel (Maret)
<br />- Tahun 2011-2016, Susenas Modul Konsumsi (Maret dan September)
<br />- Angka Provinsi Papua Barat dan Papua sebelum tahun 2024 merupakan angka provinsi sebelum mengalami pemekaran Daerah Otonom Baru (DOB)",Kemiskinan dan Ketimpangan,38 Provinsi,5200,NUSA TENGGARA BARAT,191,Perkotaan+Perdesaan,124,2024,61,Semester 1 (Maret),0.361,52009819112461
bps_webapi,0000,2026-08-19T02:01:19+00:00,2026-08-05 12:26:57,98,Gini Ratio Menurut Provinsi dan Daerah,,3,,"- Sumber  : BPS, Susenas  
<br />- Tahun 2002, Susenas Modul Konsumsi reguler
<br />- Tahun 2005, Susenas Panel (Februari)
<br />- Tahun 2006-2010, Susenas Panel (Maret)
<br />- Tahun 2011-2016, Susenas Modul Konsumsi (Maret dan September)
<br />- Angka Provinsi Papua Barat dan Papua sebelum tahun 2024 merupakan angka provinsi sebelum mengalami pemekaran Daerah Otonom Baru (DOB)",Kemiskinan dan Ketimpangan,38 Provinsi,5200,NUSA TENGGARA BARAT,191,Perkotaan+Perdesaan,124,2024,62,Semester 2 (September),0.364,52009819112462
bps_webapi,0000,2026-08-19T02:01:19+00:00,2026-08-05 12:26:57,98,Gini Ratio Menurut Provinsi dan Daerah,,3,,"- Sumber  : BPS, Susenas  
<br />- Tahun 2002, Susenas Modul Konsumsi reguler
<br />- Tahun 2005, Susenas Panel (Februari)
<br />- Tahun 2006-2010, Susenas Panel (Maret)
<br />- Tahun 2011-2016, Susenas Modul Konsumsi (Maret dan September)
<br />- Angka Provinsi Papua Barat dan Papua sebelum tahun 2024 merupakan angka provinsi sebelum mengalami pemekaran Daerah Otonom Baru (DOB)",Kemiskinan dan Ketimpangan,38 Provinsi,5300,NUSA TENGGARA TIMUR,189,Perkotaan,124,2024,61,Semester 1 (Maret),0.281,53009818912461
bps_webapi,0000,2026-08-19T02:01:19+00:00,2026-08-05 12:26:57,98,Gini Ratio Menurut Provinsi dan Daerah,,3,,"- Sumber  : BPS, Susenas  
<br />- Tahun 2002, Susenas Modul Konsumsi reguler
<br />- Tahun 2005, Susenas Panel (Februari)
<br />- Tahun 2006-2010, Susenas Panel (Maret)
<br />- Tahun 2011-2016, Susenas Modul Konsumsi (Maret dan September)
<br />- Angka Provinsi Papua Barat dan Papua sebelum tahun 2024 merupakan angka provinsi sebelum mengalami pemekaran Daerah Otonom Baru (DOB)",Kemiskinan dan Ketimpangan,38 Provinsi,5300,NUSA TENGGARA TIMUR,189,Perkotaan,124,2024,62,Semester 2 (September),0.282,53009818912462
bps_webapi,0000,2026-08-19T02:01:19+00:00,2026-08-05 12:26:57,98,Gini Ratio Menurut Provinsi dan Daerah,,3,,"- Sumber  : BPS, Susenas  
<br />- Tahun 2002, Susenas Modul Konsumsi reguler
<br />- Tahun 2005, Susenas Panel (Februari)
<br />- Tahun 2006-2010, Susenas Panel (Maret)
<br />- Tahun 2011-2016, Susenas Modul Konsumsi (Maret dan September)
<br />- Angka Provinsi Papua Barat dan Papua sebelum tahun 2024 merupakan angka provinsi sebelum mengalami pemekaran Daerah Otonom Baru (DOB)",Kemiskinan dan Ketimpangan,38 Provinsi,5300,NUSA TENGGARA TIMUR,190,Perdesaan,124,2024,61,Semester 1 (Maret),0.305,53009819012461
bps_webapi,0000,2026-08-19T02:01:19+00:00,2026-08-05 12:26:57,98,Gini Ratio Menurut Provinsi dan Daerah,,3,,"- Sumber  : BPS, Susenas  
<br />- Tahun 2002, Susenas Modul Konsumsi reguler
<br />- Tahun 2005, Susenas Panel (Februari)
<br />- Tahun 2006-2010, Susenas Panel (Maret)
<br />- Tahun 2011-2016, Susenas Modul Konsumsi (Maret dan September)
<br />- Angka Provinsi Papua Barat dan Papua sebelum tahun 2024 merupakan angka provinsi sebelum mengalami pemekaran Daerah Otonom Baru (DOB)",Kemiskinan dan Ketimpangan,38 Provinsi,5300,NUSA TENGGARA TIMUR,190,Perdesaan,124,2024,62,Semester 2 (September),0.306,53009819012462
bps_webapi,0000,2026-08-19T02:01:19+00:00,2026-08-05 12:26:57,98,Gini Ratio Menurut Provinsi dan Daerah,,3,,"- Sumber  : BPS, Susenas  
<br />- Tahun 2002, Susenas Modul Konsumsi reguler
<br />- Tahun 2005, Susenas Panel (Februari)
<br />- Tahun 2006-2010, Susenas Panel (Maret)
<br />- Tahun 2011-2016, Susenas Modul Konsumsi (Maret dan September)
<br />- Angka Provinsi Papua Barat dan Papua sebelum tahun 2024 merupakan angka provinsi sebelum mengalami pemekaran Daerah Otonom Baru (DOB)",Kemiskinan dan Ketimpangan,38 Provinsi,5300,NUSA TENGGARA TIMUR,191,Perkotaan+Perdesaan,124,2024,61,Semester 1 (Maret),0.316,53009819112461
bps_webapi,0000,2026-08-19T02:01:19+00:00,2026-08-05 12:26:57,98,Gini Ratio Menurut Provinsi dan Daerah,,3,,"- Sumber  : BPS, Susenas  
<br />- Tahun 2002, Susenas Modul Konsumsi reguler
<br />- Tahun 2005, Susenas Panel (Februari)
<br />- Tahun 2006-2010, Susenas Panel (Maret)
<br />- Tahun 2011-2016, Susenas Modul Konsumsi (Maret dan September)
<br />- Angka Provinsi Papua Barat dan Papua sebelum tahun 2024 merupakan angka provinsi sebelum mengalami pemekaran Daerah Otonom Baru (DOB)",Kemiskinan dan Ketimpangan,38 Provinsi,5300,NUSA TENGGARA TIMUR,191,Perkotaan+Perdesaan,124,2024,62,Semester 2 (September),0.316,53009819112462
bps_webapi,0000,2026-08-19T02:01:19+00:00,2026-08-05 12:26:57,98,Gini Ratio Menurut Provinsi dan Daerah,,3,,"- Sumber  : BPS, Susenas  
<br />- Tahun 2002, Susenas Modul Konsumsi reguler
<br />- Tahun 2005, Susenas Panel (Februari)
<br />- Tahun 2006-2010, Susenas Panel (Maret)
<br />- Tahun 2011-2016, Susenas Modul Konsumsi (Maret dan September)
<br />- Angka Provinsi Papua Barat dan Papua sebelum tahun 2024 merupakan angka provinsi sebelum mengalami pemekaran Daerah Otonom Baru (DOB)",Kemiskinan dan Ketimpangan,38 Provinsi,6100,KALIMANTAN BARAT,189,Perkotaan,124,2024,61,Semester 1 (Maret),0.34,61009818912461
bps_webapi,0000,2026-08-19T02:01:19+00:00,2026-08-05 12:26:57,98,Gini Ratio Menurut Provinsi dan Daerah,,3,,"- Sumber  : BPS, Susenas  
<br />- Tahun 2002, Susenas Modul Konsumsi reguler
<br />- Tahun 2005, Susenas Panel (Februari)
<br />- Tahun 2006-2010, Susenas Panel (Maret)
<br />- Tahun 2011-2016, Susenas Modul Konsumsi (Maret dan September)
<br />- Angka Provinsi Papua Barat dan Papua sebelum tahun 2024 merupakan angka provinsi sebelum mengalami pemekaran Daerah Otonom Baru (DOB)",Kemiskinan dan Ketimpangan,38 Provinsi,6100,KALIMANTAN BARAT,189,Perkotaan,124,2024,62,Semester 2 (September),0.341,61009818912462
bps_webapi,0000,2026-08-19T02:01:19+00:00,2026-08-05 12:26:57,98,Gini Ratio Menurut Provinsi dan Daerah,,3,,"- Sumber  : BPS, Susenas  
<br />- Tahun 2002, Susenas Modul Konsumsi reguler
<br />- Tahun 2005, Susenas Panel (Februari)
<br />- Tahun 2006-2010, Susenas Panel (Maret)
<br />- Tahun 2011-2016, Susenas Modul Konsumsi (Maret dan September)
<br />- Angka Provinsi Papua Barat dan Papua sebelum tahun 2024 merupakan angka provinsi sebelum mengalami pemekaran Daerah Otonom Baru (DOB)",Kemiskinan dan Ketimpangan,38 Provinsi,6100,KALIMANTAN BARAT,190,Perdesaan,124,2024,61,Semester 1 (Maret),0.259,61009819012461
bps_webapi,0000,2026-08-19T02:01:19+00:00,2026-08-05 12:26:57,98,Gini Ratio Menurut Provinsi dan Daerah,,3,,"- Sumber  : BPS, Susenas  
<br />- Tahun 2002, Susenas Modul Konsumsi reguler
<br />- Tahun 2005, Susenas Panel (Februari)
<br />- Tahun 2006-2010, Susenas Panel (Maret)
<br />- Tahun 2011-2016, Susenas Modul Konsumsi (Maret dan September)
<br />- Angka Provinsi Papua Barat dan Papua sebelum tahun 2024 merupakan angka provinsi sebelum mengalami pemekaran Daerah Otonom Baru (DOB)",Kemiskinan dan Ketimpangan,38 Provinsi,6100,KALIMANTAN BARAT,190,Perdesaan,124,2024,62,Semester 2 (September),0.258,61009819012462
bps_webapi,0000,2026-08-19T02:01:19+00:00,2026-08-05 12:26:57,98,Gini Ratio Menurut Provinsi dan Daerah,,3,,"- Sumber  : BPS, Susenas  
<br />- Tahun 2002, Susenas Modul Konsumsi reguler
<br />- Tahun 2005, Susenas Panel (Februari)
<br />- Tahun 2006-2010, Susenas Panel (Maret)
<br />- Tahun 2011-2016, Susenas Modul Konsumsi (Maret dan September)
<br />- Angka Provinsi Papua Barat dan Papua sebelum tahun 2024 merupakan angka provinsi sebelum mengalami pemekaran Daerah Otonom Baru (DOB)",Kemiskinan dan Ketimpangan,38 Provinsi,6100,KALIMANTAN BARAT,191,Perkotaan+Perdesaan,124,2024,61,Semester 1 (Maret),0.31,61009819112461
bps_webapi,0000,2026-08-19T02:01:19+00:00,2026-08-05 12:26:57,98,Gini Ratio Menurut Provinsi dan Daerah,,3,,"- Sumber  : BPS, Susenas  
<br />- Tahun 2002, Susenas Modul Konsumsi reguler
<br />- Tahun 2005, Susenas Panel (Februari)
<br />- Tahun 2006-2010, Susenas Panel (Maret)
<br />- Tahun 2011-2016, Susenas Modul Konsumsi (Maret dan September)
<br />- Angka Provinsi Papua Barat dan Papua sebelum tahun 2024 merupakan angka provinsi sebelum mengalami pemekaran Daerah Otonom Baru (DOB)",Kemiskinan dan Ketimpangan,38 Provinsi,6100,KALIMANTAN BARAT,191,Perkotaan+Perdesaan,124,2024,62,Semester 2 (September),0.314,61009819112462
bps_webapi,0000,2026-08-19T02:01:19+00:00,2026-08-05 12:26:57,98,Gini Ratio Menurut Provinsi dan Daerah,,3,,"- Sumber  : BPS, Susenas  
<br />- Tahun 2002, Susenas Modul Konsumsi reguler
<br />- Tahun 2005, Susenas Panel (Februari)
<br />- Tahun 2006-2010, Susenas Panel (Maret)
<br />- Tahun 2011-2016, Susenas Modul Konsumsi (Maret dan September)
<br />- Angka Provinsi Papua Barat dan Papua sebelum tahun 2024 merupakan angka provinsi sebelum mengalami pemekaran Daerah Otonom Baru (DOB)",Kemiskinan dan Ketimpangan,38 Provinsi,6200,KALIMANTAN TENGAH,189,Perkotaan,124,2024,61,Semester 1 (Maret),0.311,62009818912461
bps_webapi,0000,2026-08-19T02:01:19+00:00,2026-08-05 12:26:57,98,Gini Ratio Menurut Provinsi dan Daerah,,3,,"- Sumber  : BPS, Susenas  
<br />- Tahun 2002, Susenas Modul Konsumsi reguler
<br />- Tahun 2005, Susenas Panel (Februari)
<br />- Tahun 2006-2010, Susenas Panel (Maret)
<br />- Tahun 2011-2016, Susenas Modul Konsumsi (Maret dan September)
<br />- Angka Provinsi Papua Barat dan Papua sebelum tahun 2024 merupakan angka provinsi sebelum mengalami pemekaran Daerah Otonom Baru (DOB)",Kemiskinan dan Ketimpangan,38 Provinsi,6200,KALIMANTAN TENGAH,189,Perkotaan,124,2024,62,Semester 2 (September),0.322,62009818912462
bps_webapi,0000,2026-08-19T02:01:19+00:00,2026-08-05 12:26:57,98,Gini Ratio Menurut Provinsi dan Daerah,,3,,"- Sumber  : BPS, Susenas  
<br />- Tahun 2002, Susenas Modul Konsumsi reguler
<br />- Tahun 2005, Susenas Panel (Februari)
<br />- Tahun 2006-2010, Susenas Panel (Maret)
<br />- Tahun 2011-2016, Susenas Modul Konsumsi (Maret dan September)
<br />- Angka Provinsi Papua Barat dan Papua sebelum tahun 2024 merupakan angka provinsi sebelum mengalami pemekaran Daerah Otonom Baru (DOB)",Kemiskinan dan Ketimpangan,38 Provinsi,6200,KALIMANTAN TENGAH,190,Perdesaan,124,2024,61,Semester 1 (Maret),0.288,62009819012461
bps_webapi,0000,2026-08-19T02:01:19+00:00,2026-08-05 12:26:57,98,Gini Ratio Menurut Provinsi dan Daerah,,3,,"- Sumber  : BPS, Susenas  
<br />- Tahun 2002, Susenas Modul Konsumsi reguler
<br />- Tahun 2005, Susenas Panel (Februari)
<br />- Tahun 2006-2010, Susenas Panel (Maret)
<br />- Tahun 2011-2016, Susenas Modul Konsumsi (Maret dan September)
<br />- Angka Provinsi Papua Barat dan Papua sebelum tahun 2024 merupakan angka provinsi sebelum mengalami pemekaran Daerah Otonom Baru (DOB)",Kemiskinan dan Ketimpangan,38 Provinsi,6200,KALIMANTAN TENGAH,190,Perdesaan,124,2024,62,Semester 2 (September),0.282,62009819012462
bps_webapi,0000,2026-08-19T02:01:19+00:00,2026-08-05 12:26:57,98,Gini Ratio Menurut Provinsi dan Daerah,,3,,"- Sumber  : BPS, Susenas  
<br />- Tahun 2002, Susenas Modul Konsumsi reguler
<br />- Tahun 2005, Susenas Panel (Februari)
<br />- Tahun 2006-2010, Susenas Panel (Maret)
<br />- Tahun 2011-2016, Susenas Modul Konsumsi (Maret dan September)
<br />- Angka Provinsi Papua Barat dan Papua sebelum tahun 2024 merupakan angka provinsi sebelum mengalami pemekaran Daerah Otonom Baru (DOB)",Kemiskinan dan Ketimpangan,38 Provinsi,6200,KALIMANTAN TENGAH,191,Perkotaan+Perdesaan,124,2024,61,Semester 1 (Maret),0.301,62009819112461
bps_webapi,0000,2026-08-19T02:01:19+00:00,2026-08-05 12:26:57,98,Gini Ratio Menurut Provinsi dan Daerah,,3,,"- Sumber  : BPS, Susenas  
<br />- Tahun 2002, Susenas Modul Konsumsi reguler
<br />- Tahun 2005, Susenas Panel (Februari)
<br />- Tahun 2006-2010, Susenas Panel (Maret)
<br />- Tahun 2011-2016, Susenas Modul Konsumsi (Maret dan September)
<br />- Angka Provinsi Papua Barat dan Papua sebelum tahun 2024 merupakan angka provinsi sebelum mengalami pemekaran Daerah Otonom Baru (DOB)",Kemiskinan dan Ketimpangan,38 Provinsi,6200,KALIMANTAN TENGAH,191,Perkotaan+Perdesaan,124,2024,62,Semester 2 (September),0.304,62009819112462
bps_webapi,0000,2026-08-19T02:01:19+00:00,2026-08-05 12:26:57,98,Gini Ratio Menurut Provinsi dan Daerah,,3,,"- Sumber  : BPS, Susenas  
<br />- Tahun 2002, Susenas Modul Konsumsi reguler
<br />- Tahun 2005, Susenas Panel (Februari)
<br />- Tahun 2006-2010, Susenas Panel (Maret)
<br />- Tahun 2011-2016, Susenas Modul Konsumsi (Maret dan September)
<br />- Angka Provinsi Papua Barat dan Papua sebelum tahun 2024 merupakan angka provinsi sebelum mengalami pemekaran Daerah Otonom Baru (DOB)",Kemiskinan dan Ketimpangan,38 Provinsi,6300,KALIMANTAN SELATAN,189,Perkotaan,124,2024,61,Semester 1 (Maret),0.329,63009818912461
bps_webapi,0000,2026-08-19T02:01:19+00:00,2026-08-05 12:26:57,98,Gini Ratio Menurut Provinsi dan Daerah,,3,,"- Sumber  : BPS, Susenas  
<br />- Tahun 2002, Susenas Modul Konsumsi reguler
<br />- Tahun 2005, Susenas Panel (Februari)
<br />- Tahun 2006-2010, Susenas Panel (Maret)
<br />- Tahun 2011-2016, Susenas Modul Konsumsi (Maret dan September)
<br />- Angka Provinsi Papua Barat dan Papua sebelum tahun 2024 merupakan angka provinsi sebelum mengalami pemekaran Daerah Otonom Baru (DOB)",Kemiskinan dan Ketimpangan,38 Provinsi,6300,KALIMANTAN SELATAN,189,Perkotaan,124,2024,62,Semester 2 (September),0.326,63009818912462
bps_webapi,0000,2026-08-19T02:01:19+00:00,2026-08-05 12:26:57,98,Gini Ratio Menurut Provinsi dan Daerah,,3,,"- Sumber  : BPS, Susenas  
<br />- Tahun 2002, Susenas Modul Konsumsi reguler
<br />- Tahun 2005, Susenas Panel (Februari)
<br />- Tahun 2006-2010, Susenas Panel (Maret)
<br />- Tahun 2011-2016, Susenas Modul Konsumsi (Maret dan September)
<br />- Angka Provinsi Papua Barat dan Papua sebelum tahun 2024 merupakan angka provinsi sebelum mengalami pemekaran Daerah Otonom Baru (DOB)",Kemiskinan dan Ketimpangan,38 Provinsi,6300,KALIMANTAN SELATAN,190,Perdesaan,124,2024,61,Semester 1 (Maret),0.255,63009819012461
bps_webapi,0000,2026-08-19T02:01:19+00:00,2026-08-05 12:26:57,98,Gini Ratio Menurut Provinsi dan Daerah,,3,,"- Sumber  : BPS, Susenas  
<br />- Tahun 2002, Susenas Modul Konsumsi reguler
<br />- Tahun 2005, Susenas Panel (Februari)
<br />- Tahun 2006-2010, Susenas Panel (Maret)
<br />- Tahun 2011-2016, Susenas Modul Konsumsi (Maret dan September)
<br />- Angka Provinsi Papua Barat dan Papua sebelum tahun 2024 merupakan angka provinsi sebelum mengalami pemekaran Daerah Otonom Baru (DOB)",Kemiskinan dan Ketimpangan,38 Provinsi,6300,KALIMANTAN SELATAN,190,Perdesaan,124,2024,62,Semester 2 (September),0.259,63009819012462
bps_webapi,0000,2026-08-19T02:01:19+00:00,2026-08-05 12:26:57,98,Gini Ratio Menurut Provinsi dan Daerah,,3,,"- Sumber  : BPS, Susenas  
<br />- Tahun 2002, Susenas Modul Konsumsi reguler
<br />- Tahun 2005, Susenas Panel (Februari)
<br />- Tahun 2006-2010, Susenas Panel (Maret)
<br />- Tahun 2011-2016, Susenas Modul Konsumsi (Maret dan September)
<br />- Angka Provinsi Papua Barat dan Papua sebelum tahun 2024 merupakan angka provinsi sebelum mengalami pemekaran Daerah Otonom Baru (DOB)",Kemiskinan dan Ketimpangan,38 Provinsi,6300,KALIMANTAN SELATAN,191,Perkotaan+Perdesaan,124,2024,61,Semester 1 (Maret),0.302,63009819112461
bps_webapi,0000,2026-08-19T02:01:19+00:00,2026-08-05 12:26:57,98,Gini Ratio Menurut Provinsi dan Daerah,,3,,"- Sumber  : BPS, Susenas  
<br />- Tahun 2002, Susenas Modul Konsumsi reguler
<br />- Tahun 2005, Susenas Panel (Februari)
<br />- Tahun 2006-2010, Susenas Panel (Maret)
<br />- Tahun 2011-2016, Susenas Modul Konsumsi (Maret dan September)
<br />- Angka Provinsi Papua Barat dan Papua sebelum tahun 2024 merupakan angka provinsi sebelum mengalami pemekaran Daerah Otonom Baru (DOB)",Kemiskinan dan Ketimpangan,38 Provinsi,6300,KALIMANTAN SELATAN,191,Perkotaan+Perdesaan,124,2024,62,Semester 2 (September),0.298,63009819112462
bps_webapi,0000,2026-08-19T02:01:19+00:00,2026-08-05 12:26:57,98,Gini Ratio Menurut Provinsi dan Daerah,,3,,"- Sumber  : BPS, Susenas  
<br />- Tahun 2002, Susenas Modul Konsumsi reguler
<br />- Tahun 2005, Susenas Panel (Februari)
<br />- Tahun 2006-2010, Susenas Panel (Maret)
<br />- Tahun 2011-2016, Susenas Modul Konsumsi (Maret dan September)
<br />- Angka Provinsi Papua Barat dan Papua sebelum tahun 2024 merupakan angka provinsi sebelum mengalami pemekaran Daerah Otonom Baru (DOB)",Kemiskinan dan Ketimpangan,38 Provinsi,6400,KALIMANTAN TIMUR,189,Perkotaan,124,2024,61,Semester 1 (Maret),0.325,64009818912461
bps_webapi,0000,2026-08-19T02:01:19+00:00,2026-08-05 12:26:57,98,Gini Ratio Menurut Provinsi dan Daerah,,3,,"- Sumber  : BPS, Susenas  
<br />- Tahun 2002, Susenas Modul Konsumsi reguler
<br />- Tahun 2005, Susenas Panel (Februari)
<br />- Tahun 2006-2010, Susenas Panel (Maret)
<br />- Tahun 2011-2016, Susenas Modul Konsumsi (Maret dan September)
<br />- Angka Provinsi Papua Barat dan Papua sebelum tahun 2024 merupakan angka provinsi sebelum mengalami pemekaran Daerah Otonom Baru (DOB)",Kemiskinan dan Ketimpangan,38 Provinsi,6400,KALIMANTAN TIMUR,189,Perkotaan,124,2024,62,Semester 2 (September),0.315,64009818912462
bps_webapi,0000,2026-08-19T02:01:19+00:00,2026-08-05 12:26:57,98,Gini Ratio Menurut Provinsi dan Daerah,,3,,"- Sumber  : BPS, Susenas  
<br />- Tahun 2002, Susenas Modul Konsumsi reguler
<br />- Tahun 2005, Susenas Panel (Februari)
<br />- Tahun 2006-2010, Susenas Panel (Maret)
<br />- Tahun 2011-2016, Susenas Modul Konsumsi (Maret dan September)
<br />- Angka Provinsi Papua Barat dan Papua sebelum tahun 2024 merupakan angka provinsi sebelum mengalami pemekaran Daerah Otonom Baru (DOB)",Kemiskinan dan Ketimpangan,38 Provinsi,6400,KALIMANTAN TIMUR,190,Perdesaan,124,2024,61,Semester 1 (Maret),0.289,64009819012461
bps_webapi,0000,2026-08-19T02:01:19+00:00,2026-08-05 12:26:57,98,Gini Ratio Menurut Provinsi dan Daerah,,3,,"- Sumber  : BPS, Susenas  
<br />- Tahun 2002, Susenas Modul Konsumsi reguler
<br />- Tahun 2005, Susenas Panel (Februari)
<br />- Tahun 2006-2010, Susenas Panel (Maret)
<br />- Tahun 2011-2016, Susenas Modul Konsumsi (Maret dan September)
<br />- Angka Provinsi Papua Barat dan Papua sebelum tahun 2024 merupakan angka provinsi sebelum mengalami pemekaran Daerah Otonom Baru (DOB)",Kemiskinan dan Ketimpangan,38 Provinsi,6400,KALIMANTAN TIMUR,190,Perdesaan,124,2024,62,Semester 2 (September),0.282,64009819012462
bps_webapi,0000,2026-08-19T02:01:19+00:00,2026-08-05 12:26:57,98,Gini Ratio Menurut Provinsi dan Daerah,,3,,"- Sumber  : BPS, Susenas  
<br />- Tahun 2002, Susenas Modul Konsumsi reguler
<br />- Tahun 2005, Susenas Panel (Februari)
<br />- Tahun 2006-2010, Susenas Panel (Maret)
<br />- Tahun 2011-2016, Susenas Modul Konsumsi (Maret dan September)
<br />- Angka Provinsi Papua Barat dan Papua sebelum tahun 2024 merupakan angka provinsi sebelum mengalami pemekaran Daerah Otonom Baru (DOB)",Kemiskinan dan Ketimpangan,38 Provinsi,6400,KALIMANTAN TIMUR,191,Perkotaan+Perdesaan,124,2024,61,Semester 1 (Maret),0.321,64009819112461
bps_webapi,0000,2026-08-19T02:01:19+00:00,2026-08-05 12:26:57,98,Gini Ratio Menurut Provinsi dan Daerah,,3,,"- Sumber  : BPS, Susenas  
<br />- Tahun 2002, Susenas Modul Konsumsi reguler
<br />- Tahun 2005, Susenas Panel (Februari)
<br />- Tahun 2006-2010, Susenas Panel (Maret)
<br />- Tahun 2011-2016, Susenas Modul Konsumsi (Maret dan September)
<br />- Angka Provinsi Papua Barat dan Papua sebelum tahun 2024 merupakan angka provinsi sebelum mengalami pemekaran Daerah Otonom Baru (DOB)",Kemiskinan dan Ketimpangan,38 Provinsi,6400,KALIMANTAN TIMUR,191,Perkotaan+Perdesaan,124,2024,62,Semester 2 (September),0.31,64009819112462
bps_webapi,0000,2026-08-19T02:01:19+00:00,2026-08-05 12:26:57,98,Gini Ratio Menurut Provinsi dan Daerah,,3,,"- Sumber  : BPS, Susenas  
<br />- Tahun 2002, Susenas Modul Konsumsi reguler
<br />- Tahun 2005, Susenas Panel (Februari)
<br />- Tahun 2006-2010, Susenas Panel (Maret)
<br />- Tahun 2011-2016, Susenas Modul Konsumsi (Maret dan September)
<br />- Angka Provinsi Papua Barat dan Papua sebelum tahun 2024 merupakan angka provinsi sebelum mengalami pemekaran Daerah Otonom Baru (DOB)",Kemiskinan dan Ketimpangan,38 Provinsi,6500,KALIMANTAN UTARA,189,Perkotaan,124,2024,61,Semester 1 (Maret),0.258,65009818912461
bps_webapi,0000,2026-08-19T02:01:19+00:00,2026-08-05 12:26:57,98,Gini Ratio Menurut Provinsi dan Daerah,,3,,"- Sumber  : BPS, Susenas  
<br />- Tahun 2002, Susenas Modul Konsumsi reguler
<br />- Tahun 2005, Susenas Panel (Februari)
<br />- Tahun 2006-2010, Susenas Panel (Maret)
<br />- Tahun 2011-2016, Susenas Modul Konsumsi (Maret dan September)
<br />- Angka Provinsi Papua Barat dan Papua sebelum tahun 2024 merupakan angka provinsi sebelum mengalami pemekaran Daerah Otonom Baru (DOB)",Kemiskinan dan Ketimpangan,38 Provinsi,6500,KALIMANTAN UTARA,189,Perkotaan,124,2024,62,Semester 2 (September),0.245,65009818912462
bps_webapi,0000,2026-08-19T02:01:19+00:00,2026-08-05 12:26:57,98,Gini Ratio Menurut Provinsi dan Daerah,,3,,"- Sumber  : BPS, Susenas  
<br />- Tahun 2002, Susenas Modul Konsumsi reguler
<br />- Tahun 2005, Susenas Panel (Februari)
<br />- Tahun 2006-2010, Susenas Panel (Maret)
<br />- Tahun 2011-2016, Susenas Modul Konsumsi (Maret dan September)
<br />- Angka Provinsi Papua Barat dan Papua sebelum tahun 2024 merupakan angka provinsi sebelum mengalami pemekaran Daerah Otonom Baru (DOB)",Kemiskinan dan Ketimpangan,38 Provinsi,6500,KALIMANTAN UTARA,190,Perdesaan,124,2024,61,Semester 1 (Maret),0.273,65009819012461
bps_webapi,0000,2026-08-19T02:01:19+00:00,2026-08-05 12:26:57,98,Gini Ratio Menurut Provinsi dan Daerah,,3,,"- Sumber  : BPS, Susenas  
<br />- Tahun 2002, Susenas Modul Konsumsi reguler
<br />- Tahun 2005, Susenas Panel (Februari)
<br />- Tahun 2006-2010, Susenas Panel (Maret)
<br />- Tahun 2011-2016, Susenas Modul Konsumsi (Maret dan September)
<br />- Angka Provinsi Papua Barat dan Papua sebelum tahun 2024 merupakan angka provinsi sebelum mengalami pemekaran Daerah Otonom Baru (DOB)",Kemiskinan dan Ketimpangan,38 Provinsi,6500,KALIMANTAN UTARA,190,Perdesaan,124,2024,62,Semester 2 (September),0.265,65009819012462
bps_webapi,0000,2026-08-19T02:01:19+00:00,2026-08-05 12:26:57,98,Gini Ratio Menurut Provinsi dan Daerah,,3,,"- Sumber  : BPS, Susenas  
<br />- Tahun 2002, Susenas Modul Konsumsi reguler
<br />- Tahun 2005, Susenas Panel (Februari)
<br />- Tahun 2006-2010, Susenas Panel (Maret)
<br />- Tahun 2011-2016, Susenas Modul Konsumsi (Maret dan September)
<br />- Angka Provinsi Papua Barat dan Papua sebelum tahun 2024 merupakan angka provinsi sebelum mengalami pemekaran Daerah Otonom Baru (DOB)",Kemiskinan dan Ketimpangan,38 Provinsi,6500,KALIMANTAN UTARA,191,Perkotaan+Perdesaan,124,2024,61,Semester 1 (Maret),0.264,65009819112461
bps_webapi,0000,2026-08-19T02:01:19+00:00,2026-08-05 12:26:57,98,Gini Ratio Menurut Provinsi dan Daerah,,3,,"- Sumber  : BPS, Susenas  
<br />- Tahun 2002, Susenas Modul Konsumsi reguler
<br />- Tahun 2005, Susenas Panel (Februari)
<br />- Tahun 2006-2010, Susenas Panel (Maret)
<br />- Tahun 2011-2016, Susenas Modul Konsumsi (Maret dan September)
<br />- Angka Provinsi Papua Barat dan Papua sebelum tahun 2024 merupakan angka provinsi sebelum mengalami pemekaran Daerah Otonom Baru (DOB)",Kemiskinan dan Ketimpangan,38 Provinsi,6500,KALIMANTAN UTARA,191,Perkotaan+Perdesaan,124,2024,62,Semester 2 (September),0.259,65009819112462
bps_webapi,0000,2026-08-19T02:01:19+00:00,2026-08-05 12:26:57,98,Gini Ratio Menurut Provinsi dan Daerah,,3,,"- Sumber  : BPS, Susenas  
<br />- Tahun 2002, Susenas Modul Konsumsi reguler
<br />- Tahun 2005, Susenas Panel (Februari)
<br />- Tahun 2006-2010, Susenas Panel (Maret)
<br />- Tahun 2011-2016, Susenas Modul Konsumsi (Maret dan September)
<br />- Angka Provinsi Papua Barat dan Papua sebelum tahun 2024 merupakan angka provinsi sebelum mengalami pemekaran Daerah Otonom Baru (DOB)",Kemiskinan dan Ketimpangan,38 Provinsi,7100,SULAWESI UTARA,189,Perkotaan,124,2024,61,Semester 1 (Maret),0.364,71009818912461
bps_webapi,0000,2026-08-19T02:01:19+00:00,2026-08-05 12:26:57,98,Gini Ratio Menurut Provinsi dan Daerah,,3,,"- Sumber  : BPS, Susenas  
<br />- Tahun 2002, Susenas Modul Konsumsi reguler
<br />- Tahun 2005, Susenas Panel (Februari)
<br />- Tahun 2006-2010, Susenas Panel (Maret)
<br />- Tahun 2011-2016, Susenas Modul Konsumsi (Maret dan September)
<br />- Angka Provinsi Papua Barat dan Papua sebelum tahun 2024 merupakan angka provinsi sebelum mengalami pemekaran Daerah Otonom Baru (DOB)",Kemiskinan dan Ketimpangan,38 Provinsi,7100,SULAWESI UTARA,189,Perkotaan,124,2024,62,Semester 2 (September),0.351,71009818912462
bps_webapi,0000,2026-08-19T02:01:19+00:00,2026-08-05 12:26:57,98,Gini Ratio Menurut Provinsi dan Daerah,,3,,"- Sumber  : BPS, Susenas  
<br />- Tahun 2002, Susenas Modul Konsumsi reguler
<br />- Tahun 2005, Susenas Panel (Februari)
<br />- Tahun 2006-2010, Susenas Panel (Maret)
<br />- Tahun 2011-2016, Susenas Modul Konsumsi (Maret dan September)
<br />- Angka Provinsi Papua Barat dan Papua sebelum tahun 2024 merupakan angka provinsi sebelum mengalami pemekaran Daerah Otonom Baru (DOB)",Kemiskinan dan Ketimpangan,38 Provinsi,7100,SULAWESI UTARA,190,Perdesaan,124,2024,61,Semester 1 (Maret),0.334,71009819012461
bps_webapi,0000,2026-08-19T02:01:19+00:00,2026-08-05 12:26:57,98,Gini Ratio Menurut Provinsi dan Daerah,,3,,"- Sumber  : BPS, Susenas  
<br />- Tahun 2002, Susenas Modul Konsumsi reguler
<br />- Tahun 2005, Susenas Panel (Februari)
<br />- Tahun 2006-2010, Susenas Panel (Maret)
<br />- Tahun 2011-2016, Susenas Modul Konsumsi (Maret dan September)
<br />- Angka Provinsi Papua Barat dan Papua sebelum tahun 2024 merupakan angka provinsi sebelum mengalami pemekaran Daerah Otonom Baru (DOB)",Kemiskinan dan Ketimpangan,38 Provinsi,7100,SULAWESI UTARA,190,Perdesaan,124,2024,62,Semester 2 (September),0.331,71009819012462
bps_webapi,0000,2026-08-19T02:01:19+00:00,2026-08-05 12:26:57,98,Gini Ratio Menurut Provinsi dan Daerah,,3,,"- Sumber  : BPS, Susenas  
<br />- Tahun 2002, Susenas Modul Konsumsi reguler
<br />- Tahun 2005, Susenas Panel (Februari)
<br />- Tahun 2006-2010, Susenas Panel (Maret)
<br />- Tahun 2011-2016, Susenas Modul Konsumsi (Maret dan September)
<br />- Angka Provinsi Papua Barat dan Papua sebelum tahun 2024 merupakan angka provinsi sebelum mengalami pemekaran Daerah Otonom Baru (DOB)",Kemiskinan dan Ketimpangan,38 Provinsi,7100,SULAWESI UTARA,191,Perkotaan+Perdesaan,124,2024,61,Semester 1 (Maret),0.36,71009819112461
bps_webapi,0000,2026-08-19T02:01:19+00:00,2026-08-05 12:26:57,98,Gini Ratio Menurut Provinsi dan Daerah,,3,,"- Sumber  : BPS, Susenas  
<br />- Tahun 2002, Susenas Modul Konsumsi reguler
<br />- Tahun 2005, Susenas Panel (Februari)
<br />- Tahun 2006-2010, Susenas Panel (Maret)
<br />- Tahun 2011-2016, Susenas Modul Konsumsi (Maret dan September)
<br />- Angka Provinsi Papua Barat dan Papua sebelum tahun 2024 merupakan angka provinsi sebelum mengalami pemekaran Daerah Otonom Baru (DOB)",Kemiskinan dan Ketimpangan,38 Provinsi,7100,SULAWESI UTARA,191,Perkotaan+Perdesaan,124,2024,62,Semester 2 (September),0.347,71009819112462
bps_webapi,0000,2026-08-19T02:01:19+00:00,2026-08-05 12:26:57,98,Gini Ratio Menurut Provinsi dan Daerah,,3,,"- Sumber  : BPS, Susenas  
<br />- Tahun 2002, Susenas Modul Konsumsi reguler
<br />- Tahun 2005, Susenas Panel (Februari)
<br />- Tahun 2006-2010, Susenas Panel (Maret)
<br />- Tahun 2011-2016, Susenas Modul Konsumsi (Maret dan September)
<br />- Angka Provinsi Papua Barat dan Papua sebelum tahun 2024 merupakan angka provinsi sebelum mengalami pemekaran Daerah Otonom Baru (DOB)",Kemiskinan dan Ketimpangan,38 Provinsi,7200,SULAWESI TENGAH,189,Perkotaan,124,2024,61,Semester 1 (Maret),0.34,72009818912461
bps_webapi,0000,2026-08-19T02:01:19+00:00,2026-08-05 12:26:57,98,Gini Ratio Menurut Provinsi dan Daerah,,3,,"- Sumber  : BPS, Susenas  
<br />- Tahun 2002, Susenas Modul Konsumsi reguler
<br />- Tahun 2005, Susenas Panel (Februari)
<br />- Tahun 2006-2010, Susenas Panel (Maret)
<br />- Tahun 2011-2016, Susenas Modul Konsumsi (Maret dan September)
<br />- Angka Provinsi Papua Barat dan Papua sebelum tahun 2024 merupakan angka provinsi sebelum mengalami pemekaran Daerah Otonom Baru (DOB)",Kemiskinan dan Ketimpangan,38 Provinsi,7200,SULAWESI TENGAH,189,Perkotaan,124,2024,62,Semester 2 (September),0.34,72009818912462
bps_webapi,0000,2026-08-19T02:01:19+00:00,2026-08-05 12:26:57,98,Gini Ratio Menurut Provinsi dan Daerah,,3,,"- Sumber  : BPS, Susenas  
<br />- Tahun 2002, Susenas Modul Konsumsi reguler
<br />- Tahun 2005, Susenas Panel (Februari)
<br />- Tahun 2006-2010, Susenas Panel (Maret)
<br />- Tahun 2011-2016, Susenas Modul Konsumsi (Maret dan September)
<br />- Angka Provinsi Papua Barat dan Papua sebelum tahun 2024 merupakan angka provinsi sebelum mengalami pemekaran Daerah Otonom Baru (DOB)",Kemiskinan dan Ketimpangan,38 Provinsi,7200,SULAWESI TENGAH,190,Perdesaan,124,2024,61,Semester 1 (Maret),0.259,72009819012461
bps_webapi,0000,2026-08-19T02:01:19+00:00,2026-08-05 12:26:57,98,Gini Ratio Menurut Provinsi dan Daerah,,3,,"- Sumber  : BPS, Susenas  
<br />- Tahun 2002, Susenas Modul Konsumsi reguler
<br />- Tahun 2005, Susenas Panel (Februari)
<br />- Tahun 2006-2010, Susenas Panel (Maret)
<br />- Tahun 2011-2016, Susenas Modul Konsumsi (Maret dan September)
<br />- Angka Provinsi Papua Barat dan Papua sebelum tahun 2024 merupakan angka provinsi sebelum mengalami pemekaran Daerah Otonom Baru (DOB)",Kemiskinan dan Ketimpangan,38 Provinsi,7200,SULAWESI TENGAH,190,Perdesaan,124,2024,62,Semester 2 (September),0.271,72009819012462
bps_webapi,0000,2026-08-19T02:01:19+00:00,2026-08-05 12:26:57,98,Gini Ratio Menurut Provinsi dan Daerah,,3,,"- Sumber  : BPS, Susenas  
<br />- Tahun 2002, Susenas Modul Konsumsi reguler
<br />- Tahun 2005, Susenas Panel (Februari)
<br />- Tahun 2006-2010, Susenas Panel (Maret)
<br />- Tahun 2011-2016, Susenas Modul Konsumsi (Maret dan September)
<br />- Angka Provinsi Papua Barat dan Papua sebelum tahun 2024 merupakan angka provinsi sebelum mengalami pemekaran Daerah Otonom Baru (DOB)",Kemiskinan dan Ketimpangan,38 Provinsi,7200,SULAWESI TENGAH,191,Perkotaan+Perdesaan,124,2024,61,Semester 1 (Maret),0.301,72009819112461
bps_webapi,0000,2026-08-19T02:01:19+00:00,2026-08-05 12:26:57,98,Gini Ratio Menurut Provinsi dan Daerah,,3,,"- Sumber  : BPS, Susenas  
<br />- Tahun 2002, Susenas Modul Konsumsi reguler
<br />- Tahun 2005, Susenas Panel (Februari)
<br />- Tahun 2006-2010, Susenas Panel (Maret)
<br />- Tahun 2011-2016, Susenas Modul Konsumsi (Maret dan September)
<br />- Angka Provinsi Papua Barat dan Papua sebelum tahun 2024 merupakan angka provinsi sebelum mengalami pemekaran Daerah Otonom Baru (DOB)",Kemiskinan dan Ketimpangan,38 Provinsi,7200,SULAWESI TENGAH,191,Perkotaan+Perdesaan,124,2024,62,Semester 2 (September),0.309,72009819112462
bps_webapi,0000,2026-08-19T02:01:19+00:00,2026-08-05 12:26:57,98,Gini Ratio Menurut Provinsi dan Daerah,,3,,"- Sumber  : BPS, Susenas  
<br />- Tahun 2002, Susenas Modul Konsumsi reguler
<br />- Tahun 2005, Susenas Panel (Februari)
<br />- Tahun 2006-2010, Susenas Panel (Maret)
<br />- Tahun 2011-2016, Susenas Modul Konsumsi (Maret dan September)
<br />- Angka Provinsi Papua Barat dan Papua sebelum tahun 2024 merupakan angka provinsi sebelum mengalami pemekaran Daerah Otonom Baru (DOB)",Kemiskinan dan Ketimpangan,38 Provinsi,7300,SULAWESI SELATAN,189,Perkotaan,124,2024,61,Semester 1 (Maret),0.373,73009818912461
bps_webapi,0000,2026-08-19T02:01:19+00:00,2026-08-05 12:26:57,98,Gini Ratio Menurut Provinsi dan Daerah,,3,,"- Sumber  : BPS, Susenas  
<br />- Tahun 2002, Susenas Modul Konsumsi reguler
<br />- Tahun 2005, Susenas Panel (Februari)
<br />- Tahun 2006-2010, Susenas Panel (Maret)
<br />- Tahun 2011-2016, Susenas Modul Konsumsi (Maret dan September)
<br />- Angka Provinsi Papua Barat dan Papua sebelum tahun 2024 merupakan angka provinsi sebelum mengalami pemekaran Daerah Otonom Baru (DOB)",Kemiskinan dan Ketimpangan,38 Provinsi,7300,SULAWESI SELATAN,189,Perkotaan,124,2024,62,Semester 2 (September),0.369,73009818912462
bps_webapi,0000,2026-08-19T02:01:19+00:00,2026-08-05 12:26:57,98,Gini Ratio Menurut Provinsi dan Daerah,,3,,"- Sumber  : BPS, Susenas  
<br />- Tahun 2002, Susenas Modul Konsumsi reguler
<br />- Tahun 2005, Susenas Panel (Februari)
<br />- Tahun 2006-2010, Susenas Panel (Maret)
<br />- Tahun 2011-2016, Susenas Modul Konsumsi (Maret dan September)
<br />- Angka Provinsi Papua Barat dan Papua sebelum tahun 2024 merupakan angka provinsi sebelum mengalami pemekaran Daerah Otonom Baru (DOB)",Kemiskinan dan Ketimpangan,38 Provinsi,7300,SULAWESI SELATAN,190,Perdesaan,124,2024,61,Semester 1 (Maret),0.325,73009819012461
bps_webapi,0000,2026-08-19T02:01:19+00:00,2026-08-05 12:26:57,98,Gini Ratio Menurut Provinsi dan Daerah,,3,,"- Sumber  : BPS, Susenas  
<br />- Tahun 2002, Susenas Modul Konsumsi reguler
<br />- Tahun 2005, Susenas Panel (Februari)
<br />- Tahun 2006-2010, Susenas Panel (Maret)
<br />- Tahun 2011-2016, Susenas Modul Konsumsi (Maret dan September)
<br />- Angka Provinsi Papua Barat dan Papua sebelum tahun 2024 merupakan angka provinsi sebelum mengalami pemekaran Daerah Otonom Baru (DOB)",Kemiskinan dan Ketimpangan,38 Provinsi,7300,SULAWESI SELATAN,190,Perdesaan,124,2024,62,Semester 2 (September),0.33,73009819012462
bps_webapi,0000,2026-08-19T02:01:19+00:00,2026-08-05 12:26:57,98,Gini Ratio Menurut Provinsi dan Daerah,,3,,"- Sumber  : BPS, Susenas  
<br />- Tahun 2002, Susenas Modul Konsumsi reguler
<br />- Tahun 2005, Susenas Panel (Februari)
<br />- Tahun 2006-2010, Susenas Panel (Maret)
<br />- Tahun 2011-2016, Susenas Modul Konsumsi (Maret dan September)
<br />- Angka Provinsi Papua Barat dan Papua sebelum tahun 2024 merupakan angka provinsi sebelum mengalami pemekaran Daerah Otonom Baru (DOB)",Kemiskinan dan Ketimpangan,38 Provinsi,7300,SULAWESI SELATAN,191,Perkotaan+Perdesaan,124,2024,61,Semester 1 (Maret),0.363,73009819112461
bps_webapi,0000,2026-08-19T02:01:19+00:00,2026-08-05 12:26:57,98,Gini Ratio Menurut Provinsi dan Daerah,,3,,"- Sumber  : BPS, Susenas  
<br />- Tahun 2002, Susenas Modul Konsumsi reguler
<br />- Tahun 2005, Susenas Panel (Februari)
<br />- Tahun 2006-2010, Susenas Panel (Maret)
<br />- Tahun 2011-2016, Susenas Modul Konsumsi (Maret dan September)
<br />- Angka Provinsi Papua Barat dan Papua sebelum tahun 2024 merupakan angka provinsi sebelum mengalami pemekaran Daerah Otonom Baru (DOB)",Kemiskinan dan Ketimpangan,38 Provinsi,7300,SULAWESI SELATAN,191,Perkotaan+Perdesaan,124,2024,62,Semester 2 (September),0.36,73009819112462
bps_webapi,0000,2026-08-19T02:01:19+00:00,2026-08-05 12:26:57,98,Gini Ratio Menurut Provinsi dan Daerah,,3,,"- Sumber  : BPS, Susenas  
<br />- Tahun 2002, Susenas Modul Konsumsi reguler
<br />- Tahun 2005, Susenas Panel (Februari)
<br />- Tahun 2006-2010, Susenas Panel (Maret)
<br />- Tahun 2011-2016, Susenas Modul Konsumsi (Maret dan September)
<br />- Angka Provinsi Papua Barat dan Papua sebelum tahun 2024 merupakan angka provinsi sebelum mengalami pemekaran Daerah Otonom Baru (DOB)",Kemiskinan dan Ketimpangan,38 Provinsi,7400,SULAWESI TENGGARA,189,Perkotaan,124,2024,61,Semester 1 (Maret),0.392,74009818912461
bps_webapi,0000,2026-08-19T02:01:19+00:00,2026-08-05 12:26:57,98,Gini Ratio Menurut Provinsi dan Daerah,,3,,"- Sumber  : BPS, Susenas  
<br />- Tahun 2002, Susenas Modul Konsumsi reguler
<br />- Tahun 2005, Susenas Panel (Februari)
<br />- Tahun 2006-2010, Susenas Panel (Maret)
<br />- Tahun 2011-2016, Susenas Modul Konsumsi (Maret dan September)
<br />- Angka Provinsi Papua Barat dan Papua sebelum tahun 2024 merupakan angka provinsi sebelum mengalami pemekaran Daerah Otonom Baru (DOB)",Kemiskinan dan Ketimpangan,38 Provinsi,7400,SULAWESI TENGGARA,189,Perkotaan,124,2024,62,Semester 2 (September),0.374,74009818912462
bps_webapi,0000,2026-08-19T02:01:19+00:00,2026-08-05 12:26:57,98,Gini Ratio Menurut Provinsi dan Daerah,,3,,"- Sumber  : BPS, Susenas  
<br />- Tahun 2002, Susenas Modul Konsumsi reguler
<br />- Tahun 2005, Susenas Panel (Februari)
<br />- Tahun 2006-2010, Susenas Panel (Maret)
<br />- Tahun 2011-2016, Susenas Modul Konsumsi (Maret dan September)
<br />- Angka Provinsi Papua Barat dan Papua sebelum tahun 2024 merupakan angka provinsi sebelum mengalami pemekaran Daerah Otonom Baru (DOB)",Kemiskinan dan Ketimpangan,38 Provinsi,7400,SULAWESI TENGGARA,190,Perdesaan,124,2024,61,Semester 1 (Maret),0.33,74009819012461
bps_webapi,0000,2026-08-19T02:01:19+00:00,2026-08-05 12:26:57,98,Gini Ratio Menurut Provinsi dan Daerah,,3,,"- Sumber  : BPS, Susenas  
<br />- Tahun 2002, Susenas Modul Konsumsi reguler
<br />- Tahun 2005, Susenas Panel (Februari)
<br />- Tahun 2006-2010, Susenas Panel (Maret)
<br />- Tahun 2011-2016, Susenas Modul Konsumsi (Maret dan September)
<br />- Angka Provinsi Papua Barat dan Papua sebelum tahun 2024 merupakan angka provinsi sebelum mengalami pemekaran Daerah Otonom Baru (DOB)",Kemiskinan dan Ketimpangan,38 Provinsi,7400,SULAWESI TENGGARA,190,Perdesaan,124,2024,62,Semester 2 (September),0.337,74009819012462
bps_webapi,0000,2026-08-19T02:01:19+00:00,2026-08-05 12:26:57,98,Gini Ratio Menurut Provinsi dan Daerah,,3,,"- Sumber  : BPS, Susenas  
<br />- Tahun 2002, Susenas Modul Konsumsi reguler
<br />- Tahun 2005, Susenas Panel (Februari)
<br />- Tahun 2006-2010, Susenas Panel (Maret)
<br />- Tahun 2011-2016, Susenas Modul Konsumsi (Maret dan September)
<br />- Angka Provinsi Papua Barat dan Papua sebelum tahun 2024 merupakan angka provinsi sebelum mengalami pemekaran Daerah Otonom Baru (DOB)",Kemiskinan dan Ketimpangan,38 Provinsi,7400,SULAWESI TENGGARA,191,Perkotaan+Perdesaan,124,2024,61,Semester 1 (Maret),0.37,74009819112461
bps_webapi,0000,2026-08-19T02:01:19+00:00,2026-08-05 12:26:57,98,Gini Ratio Menurut Provinsi dan Daerah,,3,,"- Sumber  : BPS, Susenas  
<br />- Tahun 2002, Susenas Modul Konsumsi reguler
<br />- Tahun 2005, Susenas Panel (Februari)
<br />- Tahun 2006-2010, Susenas Panel (Maret)
<br />- Tahun 2011-2016, Susenas Modul Konsumsi (Maret dan September)
<br />- Angka Provinsi Papua Barat dan Papua sebelum tahun 2024 merupakan angka provinsi sebelum mengalami pemekaran Daerah Otonom Baru (DOB)",Kemiskinan dan Ketimpangan,38 Provinsi,7400,SULAWESI TENGGARA,191,Perkotaan+Perdesaan,124,2024,62,Semester 2 (September),0.365,74009819112462
bps_webapi,0000,2026-08-19T02:01:19+00:00,2026-08-05 12:26:57,98,Gini Ratio Menurut Provinsi dan Daerah,,3,,"- Sumber  : BPS, Susenas  
<br />- Tahun 2002, Susenas Modul Konsumsi reguler
<br />- Tahun 2005, Susenas Panel (Februari)
<br />- Tahun 2006-2010, Susenas Panel (Maret)
<br />- Tahun 2011-2016, Susenas Modul Konsumsi (Maret dan September)
<br />- Angka Provinsi Papua Barat dan Papua sebelum tahun 2024 merupakan angka provinsi sebelum mengalami pemekaran Daerah Otonom Baru (DOB)",Kemiskinan dan Ketimpangan,38 Provinsi,7500,GORONTALO,189,Perkotaan,124,2024,61,Semester 1 (Maret),0.397,75009818912461
bps_webapi,0000,2026-08-19T02:01:19+00:00,2026-08-05 12:26:57,98,Gini Ratio Menurut Provinsi dan Daerah,,3,,"- Sumber  : BPS, Susenas  
<br />- Tahun 2002, Susenas Modul Konsumsi reguler
<br />- Tahun 2005, Susenas Panel (Februari)
<br />- Tahun 2006-2010, Susenas Panel (Maret)
<br />- Tahun 2011-2016, Susenas Modul Konsumsi (Maret dan September)
<br />- Angka Provinsi Papua Barat dan Papua sebelum tahun 2024 merupakan angka provinsi sebelum mengalami pemekaran Daerah Otonom Baru (DOB)",Kemiskinan dan Ketimpangan,38 Provinsi,7500,GORONTALO,189,Perkotaan,124,2024,62,Semester 2 (September),0.4,75009818912462
bps_webapi,0000,2026-08-19T02:01:19+00:00,2026-08-05 12:26:57,98,Gini Ratio Menurut Provinsi dan Daerah,,3,,"- Sumber  : BPS, Susenas  
<br />- Tahun 2002, Susenas Modul Konsumsi reguler
<br />- Tahun 2005, Susenas Panel (Februari)
<br />- Tahun 2006-2010, Susenas Panel (Maret)
<br />- Tahun 2011-2016, Susenas Modul Konsumsi (Maret dan September)
<br />- Angka Provinsi Papua Barat dan Papua sebelum tahun 2024 merupakan angka provinsi sebelum mengalami pemekaran Daerah Otonom Baru (DOB)",Kemiskinan dan Ketimpangan,38 Provinsi,7500,GORONTALO,190,Perdesaan,124,2024,61,Semester 1 (Maret),0.408,75009819012461
bps_webapi,0000,2026-08-19T02:01:19+00:00,2026-08-05 12:26:57,98,Gini Ratio Menurut Provinsi dan Daerah,,3,,"- Sumber  : BPS, Susenas  
<br />- Tahun 2002, Susenas Modul Konsumsi reguler
<br />- Tahun 2005, Susenas Panel (Februari)
<br />- Tahun 2006-2010, Susenas Panel (Maret)
<br />- Tahun 2011-2016, Susenas Modul Konsumsi (Maret dan September)
<br />- Angka Provinsi Papua Barat dan Papua sebelum tahun 2024 merupakan angka provinsi sebelum mengalami pemekaran Daerah Otonom Baru (DOB)",Kemiskinan dan Ketimpangan,38 Provinsi,7500,GORONTALO,190,Perdesaan,124,2024,62,Semester 2 (September),0.402,75009819012462
bps_webapi,0000,2026-08-19T02:01:19+00:00,2026-08-05 12:26:57,98,Gini Ratio Menurut Provinsi dan Daerah,,3,,"- Sumber  : BPS, Susenas  
<br />- Tahun 2002, Susenas Modul Konsumsi reguler
<br />- Tahun 2005, Susenas Panel (Februari)
<br />- Tahun 2006-2010, Susenas Panel (Maret)
<br />- Tahun 2011-2016, Susenas Modul Konsumsi (Maret dan September)
<br />- Angka Provinsi Papua Barat dan Papua sebelum tahun 2024 merupakan angka provinsi sebelum mengalami pemekaran Daerah Otonom Baru (DOB)",Kemiskinan dan Ketimpangan,38 Provinsi,7500,GORONTALO,191,Perkotaan+Perdesaan,124,2024,61,Semester 1 (Maret),0.414,75009819112461
bps_webapi,0000,2026-08-19T02:01:19+00:00,2026-08-05 12:26:57,98,Gini Ratio Menurut Provinsi dan Daerah,,3,,"- Sumber  : BPS, Susenas  
<br />- Tahun 2002, Susenas Modul Konsumsi reguler
<br />- Tahun 2005, Susenas Panel (Februari)
<br />- Tahun 2006-2010, Susenas Panel (Maret)
<br />- Tahun 2011-2016, Susenas Modul Konsumsi (Maret dan September)
<br />- Angka Provinsi Papua Barat dan Papua sebelum tahun 2024 merupakan angka provinsi sebelum mengalami pemekaran Daerah Otonom Baru (DOB)",Kemiskinan dan Ketimpangan,38 Provinsi,7500,GORONTALO,191,Perkotaan+Perdesaan,124,2024,62,Semester 2 (September),0.413,75009819112462
bps_webapi,0000,2026-08-19T02:01:19+00:00,2026-08-05 12:26:57,98,Gini Ratio Menurut Provinsi dan Daerah,,3,,"- Sumber  : BPS, Susenas  
<br />- Tahun 2002, Susenas Modul Konsumsi reguler
<br />- Tahun 2005, Susenas Panel (Februari)
<br />- Tahun 2006-2010, Susenas Panel (Maret)
<br />- Tahun 2011-2016, Susenas Modul Konsumsi (Maret dan September)
<br />- Angka Provinsi Papua Barat dan Papua sebelum tahun 2024 merupakan angka provinsi sebelum mengalami pemekaran Daerah Otonom Baru (DOB)",Kemiskinan dan Ketimpangan,38 Provinsi,7600,SULAWESI BARAT,189,Perkotaan,124,2024,61,Semester 1 (Maret),0.456,76009818912461
bps_webapi,0000,2026-08-19T02:01:19+00:00,2026-08-05 12:26:57,98,Gini Ratio Menurut Provinsi dan Daerah,,3,,"- Sumber  : BPS, Susenas  
<br />- Tahun 2002, Susenas Modul Konsumsi reguler
<br />- Tahun 2005, Susenas Panel (Februari)
<br />- Tahun 2006-2010, Susenas Panel (Maret)
<br />- Tahun 2011-2016, Susenas Modul Konsumsi (Maret dan September)
<br />- Angka Provinsi Papua Barat dan Papua sebelum tahun 2024 merupakan angka provinsi sebelum mengalami pemekaran Daerah Otonom Baru (DOB)",Kemiskinan dan Ketimpangan,38 Provinsi,7600,SULAWESI BARAT,189,Perkotaan,124,2024,62,Semester 2 (September),0.404,76009818912462
bps_webapi,0000,2026-08-19T02:01:19+00:00,2026-08-05 12:26:57,98,Gini Ratio Menurut Provinsi dan Daerah,,3,,"- Sumber  : BPS, Susenas  
<br />- Tahun 2002, Susenas Modul Konsumsi reguler
<br />- Tahun 2005, Susenas Panel (Februari)
<br />- Tahun 2006-2010, Susenas Panel (Maret)
<br />- Tahun 2011-2016, Susenas Modul Konsumsi (Maret dan September)
<br />- Angka Provinsi Papua Barat dan Papua sebelum tahun 2024 merupakan angka provinsi sebelum mengalami pemekaran Daerah Otonom Baru (DOB)",Kemiskinan dan Ketimpangan,38 Provinsi,7600,SULAWESI BARAT,190,Perdesaan,124,2024,61,Semester 1 (Maret),0.303,76009819012461
bps_webapi,0000,2026-08-19T02:01:19+00:00,2026-08-05 12:26:57,98,Gini Ratio Menurut Provinsi dan Daerah,,3,,"- Sumber  : BPS, Susenas  
<br />- Tahun 2002, Susenas Modul Konsumsi reguler
<br />- Tahun 2005, Susenas Panel (Februari)
<br />- Tahun 2006-2010, Susenas Panel (Maret)
<br />- Tahun 2011-2016, Susenas Modul Konsumsi (Maret dan September)
<br />- Angka Provinsi Papua Barat dan Papua sebelum tahun 2024 merupakan angka provinsi sebelum mengalami pemekaran Daerah Otonom Baru (DOB)",Kemiskinan dan Ketimpangan,38 Provinsi,7600,SULAWESI BARAT,190,Perdesaan,124,2024,62,Semester 2 (September),0.296,76009819012462
bps_webapi,0000,2026-08-19T02:01:19+00:00,2026-08-05 12:26:57,98,Gini Ratio Menurut Provinsi dan Daerah,,3,,"- Sumber  : BPS, Susenas  
<br />- Tahun 2002, Susenas Modul Konsumsi reguler
<br />- Tahun 2005, Susenas Panel (Februari)
<br />- Tahun 2006-2010, Susenas Panel (Maret)
<br />- Tahun 2011-2016, Susenas Modul Konsumsi (Maret dan September)
<br />- Angka Provinsi Papua Barat dan Papua sebelum tahun 2024 merupakan angka provinsi sebelum mengalami pemekaran Daerah Otonom Baru (DOB)",Kemiskinan dan Ketimpangan,38 Provinsi,7600,SULAWESI BARAT,191,Perkotaan+Perdesaan,124,2024,61,Semester 1 (Maret),0.354,76009819112461
bps_webapi,0000,2026-08-19T02:01:19+00:00,2026-08-05 12:26:57,98,Gini Ratio Menurut Provinsi dan Daerah,,3,,"- Sumber  : BPS, Susenas  
<br />- Tahun 2002, Susenas Modul Konsumsi reguler
<br />- Tahun 2005, Susenas Panel (Februari)
<br />- Tahun 2006-2010, Susenas Panel (Maret)
<br />- Tahun 2011-2016, Susenas Modul Konsumsi (Maret dan September)
<br />- Angka Provinsi Papua Barat dan Papua sebelum tahun 2024 merupakan angka provinsi sebelum mengalami pemekaran Daerah Otonom Baru (DOB)",Kemiskinan dan Ketimpangan,38 Provinsi,7600,SULAWESI BARAT,191,Perkotaan+Perdesaan,124,2024,62,Semester 2 (September),0.33,76009819112462
bps_webapi,0000,2026-08-19T02:01:19+00:00,2026-08-05 12:26:57,98,Gini Ratio Menurut Provinsi dan Daerah,,3,,"- Sumber  : BPS, Susenas  
<br />- Tahun 2002, Susenas Modul Konsumsi reguler
<br />- Tahun 2005, Susenas Panel (Februari)
<br />- Tahun 2006-2010, Susenas Panel (Maret)
<br />- Tahun 2011-2016, Susenas Modul Konsumsi (Maret dan September)
<br />- Angka Provinsi Papua Barat dan Papua sebelum tahun 2024 merupakan angka provinsi sebelum mengalami pemekaran Daerah Otonom Baru (DOB)",Kemiskinan dan Ketimpangan,38 Provinsi,8100,MALUKU,189,Perkotaan,124,2024,61,Semester 1 (Maret),0.277,81009818912461
bps_webapi,0000,2026-08-19T02:01:19+00:00,2026-08-05 12:26:57,98,Gini Ratio Menurut Provinsi dan Daerah,,3,,"- Sumber  : BPS, Susenas  
<br />- Tahun 2002, Susenas Modul Konsumsi reguler
<br />- Tahun 2005, Susenas Panel (Februari)
<br />- Tahun 2006-2010, Susenas Panel (Maret)
<br />- Tahun 2011-2016, Susenas Modul Konsumsi (Maret dan September)
<br />- Angka Provinsi Papua Barat dan Papua sebelum tahun 2024 merupakan angka provinsi sebelum mengalami pemekaran Daerah Otonom Baru (DOB)",Kemiskinan dan Ketimpangan,38 Provinsi,8100,MALUKU,189,Perkotaan,124,2024,62,Semester 2 (September),0.284,81009818912462
bps_webapi,0000,2026-08-19T02:01:19+00:00,2026-08-05 12:26:57,98,Gini Ratio Menurut Provinsi dan Daerah,,3,,"- Sumber  : BPS, Susenas  
<br />- Tahun 2002, Susenas Modul Konsumsi reguler
<br />- Tahun 2005, Susenas Panel (Februari)
<br />- Tahun 2006-2010, Susenas Panel (Maret)
<br />- Tahun 2011-2016, Susenas Modul Konsumsi (Maret dan September)
<br />- Angka Provinsi Papua Barat dan Papua sebelum tahun 2024 merupakan angka provinsi sebelum mengalami pemekaran Daerah Otonom Baru (DOB)",Kemiskinan dan Ketimpangan,38 Provinsi,8100,MALUKU,190,Perdesaan,124,2024,61,Semester 1 (Maret),0.233,81009819012461
bps_webapi,0000,2026-08-19T02:01:19+00:00,2026-08-05 12:26:57,98,Gini Ratio Menurut Provinsi dan Daerah,,3,,"- Sumber  : BPS, Susenas  
<br />- Tahun 2002, Susenas Modul Konsumsi reguler
<br />- Tahun 2005, Susenas Panel (Februari)
<br />- Tahun 2006-2010, Susenas Panel (Maret)
<br />- Tahun 2011-2016, Susenas Modul Konsumsi (Maret dan September)
<br />- Angka Provinsi Papua Barat dan Papua sebelum tahun 2024 merupakan angka provinsi sebelum mengalami pemekaran Daerah Otonom Baru (DOB)",Kemiskinan dan Ketimpangan,38 Provinsi,8100,MALUKU,190,Perdesaan,124,2024,62,Semester 2 (September),0.236,81009819012462
bps_webapi,0000,2026-08-19T02:01:19+00:00,2026-08-05 12:26:57,98,Gini Ratio Menurut Provinsi dan Daerah,,3,,"- Sumber  : BPS, Susenas  
<br />- Tahun 2002, Susenas Modul Konsumsi reguler
<br />- Tahun 2005, Susenas Panel (Februari)
<br />- Tahun 2006-2010, Susenas Panel (Maret)
<br />- Tahun 2011-2016, Susenas Modul Konsumsi (Maret dan September)
<br />- Angka Provinsi Papua Barat dan Papua sebelum tahun 2024 merupakan angka provinsi sebelum mengalami pemekaran Daerah Otonom Baru (DOB)",Kemiskinan dan Ketimpangan,38 Provinsi,8100,MALUKU,191,Perkotaan+Perdesaan,124,2024,61,Semester 1 (Maret),0.282,81009819112461
bps_webapi,0000,2026-08-19T02:01:19+00:00,2026-08-05 12:26:57,98,Gini Ratio Menurut Provinsi dan Daerah,,3,,"- Sumber  : BPS, Susenas  
<br />- Tahun 2002, Susenas Modul Konsumsi reguler
<br />- Tahun 2005, Susenas Panel (Februari)
<br />- Tahun 2006-2010, Susenas Panel (Maret)
<br />- Tahun 2011-2016, Susenas Modul Konsumsi (Maret dan September)
<br />- Angka Provinsi Papua Barat dan Papua sebelum tahun 2024 merupakan angka provinsi sebelum mengalami pemekaran Daerah Otonom Baru (DOB)",Kemiskinan dan Ketimpangan,38 Provinsi,8100,MALUKU,191,Perkotaan+Perdesaan,124,2024,62,Semester 2 (September),0.291,81009819112462
bps_webapi,0000,2026-08-19T02:01:19+00:00,2026-08-05 12:26:57,98,Gini Ratio Menurut Provinsi dan Daerah,,3,,"- Sumber  : BPS, Susenas  
<br />- Tahun 2002, Susenas Modul Konsumsi reguler
<br />- Tahun 2005, Susenas Panel (Februari)
<br />- Tahun 2006-2010, Susenas Panel (Maret)
<br />- Tahun 2011-2016, Susenas Modul Konsumsi (Maret dan September)
<br />- Angka Provinsi Papua Barat dan Papua sebelum tahun 2024 merupakan angka provinsi sebelum mengalami pemekaran Daerah Otonom Baru (DOB)",Kemiskinan dan Ketimpangan,38 Provinsi,8200,MALUKU UTARA,189,Perkotaan,124,2024,61,Semester 1 (Maret),0.343,82009818912461
bps_webapi,0000,2026-08-19T02:01:19+00:00,2026-08-05 12:26:57,98,Gini Ratio Menurut Provinsi dan Daerah,,3,,"- Sumber  : BPS, Susenas  
<br />- Tahun 2002, Susenas Modul Konsumsi reguler
<br />- Tahun 2005, Susenas Panel (Februari)
<br />- Tahun 2006-2010, Susenas Panel (Maret)
<br />- Tahun 2011-2016, Susenas Modul Konsumsi (Maret dan September)
<br />- Angka Provinsi Papua Barat dan Papua sebelum tahun 2024 merupakan angka provinsi sebelum mengalami pemekaran Daerah Otonom Baru (DOB)",Kemiskinan dan Ketimpangan,38 Provinsi,8200,MALUKU UTARA,189,Perkotaan,124,2024,62,Semester 2 (September),0.328,82009818912462
bps_webapi,0000,2026-08-19T02:01:19+00:00,2026-08-05 12:26:57,98,Gini Ratio Menurut Provinsi dan Daerah,,3,,"- Sumber  : BPS, Susenas  
<br />- Tahun 2002, Susenas Modul Konsumsi reguler
<br />- Tahun 2005, Susenas Panel (Februari)
<br />- Tahun 2006-2010, Susenas Panel (Maret)
<br />- Tahun 2011-2016, Susenas Modul Konsumsi (Maret dan September)
<br />- Angka Provinsi Papua Barat dan Papua sebelum tahun 2024 merupakan angka provinsi sebelum mengalami pemekaran Daerah Otonom Baru (DOB)",Kemiskinan dan Ketimpangan,38 Provinsi,8200,MALUKU UTARA,190,Perdesaan,124,2024,61,Semester 1 (Maret),0.275,82009819012461
bps_webapi,0000,2026-08-19T02:01:19+00:00,2026-08-05 12:26:57,98,Gini Ratio Menurut Provinsi dan Daerah,,3,,"- Sumber  : BPS, Susenas  
<br />- Tahun 2002, Susenas Modul Konsumsi reguler
<br />- Tahun 2005, Susenas Panel (Februari)
<br />- Tahun 2006-2010, Susenas Panel (Maret)
<br />- Tahun 2011-2016, Susenas Modul Konsumsi (Maret dan September)
<br />- Angka Provinsi Papua Barat dan Papua sebelum tahun 2024 merupakan angka provinsi sebelum mengalami pemekaran Daerah Otonom Baru (DOB)",Kemiskinan dan Ketimpangan,38 Provinsi,8200,MALUKU UTARA,190,Perdesaan,124,2024,62,Semester 2 (September),0.243,82009819012462
bps_webapi,0000,2026-08-19T02:01:19+00:00,2026-08-05 12:26:57,98,Gini Ratio Menurut Provinsi dan Daerah,,3,,"- Sumber  : BPS, Susenas  
<br />- Tahun 2002, Susenas Modul Konsumsi reguler
<br />- Tahun 2005, Susenas Panel (Februari)
<br />- Tahun 2006-2010, Susenas Panel (Maret)
<br />- Tahun 2011-2016, Susenas Modul Konsumsi (Maret dan September)
<br />- Angka Provinsi Papua Barat dan Papua sebelum tahun 2024 merupakan angka provinsi sebelum mengalami pemekaran Daerah Otonom Baru (DOB)",Kemiskinan dan Ketimpangan,38 Provinsi,8200,MALUKU UTARA,191,Perkotaan+Perdesaan,124,2024,61,Semester 1 (Maret),0.316,82009819112461
bps_webapi,0000,2026-08-19T02:01:19+00:00,2026-08-05 12:26:57,98,Gini Ratio Menurut Provinsi dan Daerah,,3,,"- Sumber  : BPS, Susenas  
<br />- Tahun 2002, Susenas Modul Konsumsi reguler
<br />- Tahun 2005, Susenas Panel (Februari)
<br />- Tahun 2006-2010, Susenas Panel (Maret)
<br />- Tahun 2011-2016, Susenas Modul Konsumsi (Maret dan September)
<br />- Angka Provinsi Papua Barat dan Papua sebelum tahun 2024 merupakan angka provinsi sebelum mengalami pemekaran Daerah Otonom Baru (DOB)",Kemiskinan dan Ketimpangan,38 Provinsi,8200,MALUKU UTARA,191,Perkotaan+Perdesaan,124,2024,62,Semester 2 (September),0.296,82009819112462
bps_webapi,0000,2026-08-19T02:01:19+00:00,2026-08-05 12:26:57,98,Gini Ratio Menurut Provinsi dan Daerah,,3,,"- Sumber  : BPS, Susenas  
<br />- Tahun 2002, Susenas Modul Konsumsi reguler
<br />- Tahun 2005, Susenas Panel (Februari)
<br />- Tahun 2006-2010, Susenas Panel (Maret)
<br />- Tahun 2011-2016, Susenas Modul Konsumsi (Maret dan September)
<br />- Angka Provinsi Papua Barat dan Papua sebelum tahun 2024 merupakan angka provinsi sebelum mengalami pemekaran Daerah Otonom Baru (DOB)",Kemiskinan dan Ketimpangan,38 Provinsi,9100,PAPUA BARAT,189,Perkotaan,124,2024,61,Semester 1 (Maret),0.283,91009818912461
bps_webapi,0000,2026-08-19T02:01:19+00:00,2026-08-05 12:26:57,98,Gini Ratio Menurut Provinsi dan Daerah,,3,,"- Sumber  : BPS, Susenas  
<br />- Tahun 2002, Susenas Modul Konsumsi reguler
<br />- Tahun 2005, Susenas Panel (Februari)
<br />- Tahun 2006-2010, Susenas Panel (Maret)
<br />- Tahun 2011-2016, Susenas Modul Konsumsi (Maret dan September)
<br />- Angka Provinsi Papua Barat dan Papua sebelum tahun 2024 merupakan angka provinsi sebelum mengalami pemekaran Daerah Otonom Baru (DOB)",Kemiskinan dan Ketimpangan,38 Provinsi,9100,PAPUA BARAT,189,Perkotaan,124,2024,62,Semester 2 (September),0.296,91009818912462
bps_webapi,0000,2026-08-19T02:01:19+00:00,2026-08-05 12:26:57,98,Gini Ratio Menurut Provinsi dan Daerah,,3,,"- Sumber  : BPS, Susenas  
<br />- Tahun 2002, Susenas Modul Konsumsi reguler
<br />- Tahun 2005, Susenas Panel (Februari)
<br />- Tahun 2006-2010, Susenas Panel (Maret)
<br />- Tahun 2011-2016, Susenas Modul Konsumsi (Maret dan September)
<br />- Angka Provinsi Papua Barat dan Papua sebelum tahun 2024 merupakan angka provinsi sebelum mengalami pemekaran Daerah Otonom Baru (DOB)",Kemiskinan dan Ketimpangan,38 Provinsi,9100,PAPUA BARAT,190,Perdesaan,124,2024,61,Semester 1 (Maret),0.426,91009819012461
bps_webapi,0000,2026-08-19T02:01:19+00:00,2026-08-05 12:26:57,98,Gini Ratio Menurut Provinsi dan Daerah,,3,,"- Sumber  : BPS, Susenas  
<br />- Tahun 2002, Susenas Modul Konsumsi reguler
<br />- Tahun 2005, Susenas Panel (Februari)
<br />- Tahun 2006-2010, Susenas Panel (Maret)
<br />- Tahun 2011-2016, Susenas Modul Konsumsi (Maret dan September)
<br />- Angka Provinsi Papua Barat dan Papua sebelum tahun 2024 merupakan angka provinsi sebelum mengalami pemekaran Daerah Otonom Baru (DOB)",Kemiskinan dan Ketimpangan,38 Provinsi,9100,PAPUA BARAT,190,Perdesaan,124,2024,62,Semester 2 (September),0.416,91009819012462
bps_webapi,0000,2026-08-19T02:01:19+00:00,2026-08-05 12:26:57,98,Gini Ratio Menurut Provinsi dan Daerah,,3,,"- Sumber  : BPS, Susenas  
<br />- Tahun 2002, Susenas Modul Konsumsi reguler
<br />- Tahun 2005, Susenas Panel (Februari)
<br />- Tahun 2006-2010, Susenas Panel (Maret)
<br />- Tahun 2011-2016, Susenas Modul Konsumsi (Maret dan September)
<br />- Angka Provinsi Papua Barat dan Papua sebelum tahun 2024 merupakan angka provinsi sebelum mengalami pemekaran Daerah Otonom Baru (DOB)",Kemiskinan dan Ketimpangan,38 Provinsi,9100,PAPUA BARAT,191,Perkotaan+Perdesaan,124,2024,61,Semester 1 (Maret),0.389,91009819112461
bps_webapi,0000,2026-08-19T02:01:19+00:00,2026-08-05 12:26:57,98,Gini Ratio Menurut Provinsi dan Daerah,,3,,"- Sumber  : BPS, Susenas  
<br />- Tahun 2002, Susenas Modul Konsumsi reguler
<br />- Tahun 2005, Susenas Panel (Februari)
<br />- Tahun 2006-2010, Susenas Panel (Maret)
<br />- Tahun 2011-2016, Susenas Modul Konsumsi (Maret dan September)
<br />- Angka Provinsi Papua Barat dan Papua sebelum tahun 2024 merupakan angka provinsi sebelum mengalami pemekaran Daerah Otonom Baru (DOB)",Kemiskinan dan Ketimpangan,38 Provinsi,9100,PAPUA BARAT,191,Perkotaan+Perdesaan,124,2024,62,Semester 2 (September),0.385,91009819112462
bps_webapi,0000,2026-08-19T02:01:19+00:00,2026-08-05 12:26:57,98,Gini Ratio Menurut Provinsi dan Daerah,,3,,"- Sumber  : BPS, Susenas  
<br />- Tahun 2002, Susenas Modul Konsumsi reguler
<br />- Tahun 2005, Susenas Panel (Februari)
<br />- Tahun 2006-2010, Susenas Panel (Maret)
<br />- Tahun 2011-2016, Susenas Modul Konsumsi (Maret dan September)
<br />- Angka Provinsi Papua Barat dan Papua sebelum tahun 2024 merupakan angka provinsi sebelum mengalami pemekaran Daerah Otonom Baru (DOB)",Kemiskinan dan Ketimpangan,38 Provinsi,9200,PAPUA BARAT DAYA,189,Perkotaan,124,2024,61,Semester 1 (Maret),0.266,92009818912461
bps_webapi,0000,2026-08-19T02:01:19+00:00,2026-08-05 12:26:57,98,Gini Ratio Menurut Provinsi dan Daerah,,3,,"- Sumber  : BPS, Susenas  
<br />- Tahun 2002, Susenas Modul Konsumsi reguler
<br />- Tahun 2005, Susenas Panel (Februari)
<br />- Tahun 2006-2010, Susenas Panel (Maret)
<br />- Tahun 2011-2016, Susenas Modul Konsumsi (Maret dan September)
<br />- Angka Provinsi Papua Barat dan Papua sebelum tahun 2024 merupakan angka provinsi sebelum mengalami pemekaran Daerah Otonom Baru (DOB)",Kemiskinan dan Ketimpangan,38 Provinsi,9200,PAPUA BARAT DAYA,189,Perkotaan,124,2024,62,Semester 2 (September),0.262,92009818912462
bps_webapi,0000,2026-08-19T02:01:19+00:00,2026-08-05 12:26:57,98,Gini Ratio Menurut Provinsi dan Daerah,,3,,"- Sumber  : BPS, Susenas  
<br />- Tahun 2002, Susenas Modul Konsumsi reguler
<br />- Tahun 2005, Susenas Panel (Februari)
<br />- Tahun 2006-2010, Susenas Panel (Maret)
<br />- Tahun 2011-2016, Susenas Modul Konsumsi (Maret dan September)
<br />- Angka Provinsi Papua Barat dan Papua sebelum tahun 2024 merupakan angka provinsi sebelum mengalami pemekaran Daerah Otonom Baru (DOB)",Kemiskinan dan Ketimpangan,38 Provinsi,9200,PAPUA BARAT DAYA,190,Perdesaan,124,2024,61,Semester 1 (Maret),0.413,92009819012461
bps_webapi,0000,2026-08-19T02:01:19+00:00,2026-08-05 12:26:57,98,Gini Ratio Menurut Provinsi dan Daerah,,3,,"- Sumber  : BPS, Susenas  
<br />- Tahun 2002, Susenas Modul Konsumsi reguler
<br />- Tahun 2005, Susenas Panel (Februari)
<br />- Tahun 2006-2010, Susenas Panel (Maret)
<br />- Tahun 2011-2016, Susenas Modul Konsumsi (Maret dan September)
<br />- Angka Provinsi Papua Barat dan Papua sebelum tahun 2024 merupakan angka provinsi sebelum mengalami pemekaran Daerah Otonom Baru (DOB)",Kemiskinan dan Ketimpangan,38 Provinsi,9200,PAPUA BARAT DAYA,190,Perdesaan,124,2024,62,Semester 2 (September),0.418,92009819012462
bps_webapi,0000,2026-08-19T02:01:19+00:00,2026-08-05 12:26:57,98,Gini Ratio Menurut Provinsi dan Daerah,,3,,"- Sumber  : BPS, Susenas  
<br />- Tahun 2002, Susenas Modul Konsumsi reguler
<br />- Tahun 2005, Susenas Panel (Februari)
<br />- Tahun 2006-2010, Susenas Panel (Maret)
<br />- Tahun 2011-2016, Susenas Modul Konsumsi (Maret dan September)
<br />- Angka Provinsi Papua Barat dan Papua sebelum tahun 2024 merupakan angka provinsi sebelum mengalami pemekaran Daerah Otonom Baru (DOB)",Kemiskinan dan Ketimpangan,38 Provinsi,9200,PAPUA BARAT DAYA,191,Perkotaan+Perdesaan,124,2024,61,Semester 1 (Maret),0.346,92009819112461
bps_webapi,0000,2026-08-19T02:01:19+00:00,2026-08-05 12:26:57,98,Gini Ratio Menurut Provinsi dan Daerah,,3,,"- Sumber  : BPS, Susenas  
<br />- Tahun 2002, Susenas Modul Konsumsi reguler
<br />- Tahun 2005, Susenas Panel (Februari)
<br />- Tahun 2006-2010, Susenas Panel (Maret)
<br />- Tahun 2011-2016, Susenas Modul Konsumsi (Maret dan September)
<br />- Angka Provinsi Papua Barat dan Papua sebelum tahun 2024 merupakan angka provinsi sebelum mengalami pemekaran Daerah Otonom Baru (DOB)",Kemiskinan dan Ketimpangan,38 Provinsi,9200,PAPUA BARAT DAYA,191,Perkotaan+Perdesaan,124,2024,62,Semester 2 (September),0.347,92009819112462
bps_webapi,0000,2026-08-19T02:01:19+00:00,2026-08-05 12:26:57,98,Gini Ratio Menurut Provinsi dan Daerah,,3,,"- Sumber  : BPS, Susenas  
<br />- Tahun 2002, Susenas Modul Konsumsi reguler
<br />- Tahun 2005, Susenas Panel (Februari)
<br />- Tahun 2006-2010, Susenas Panel (Maret)
<br />- Tahun 2011-2016, Susenas Modul Konsumsi (Maret dan September)
<br />- Angka Provinsi Papua Barat dan Papua sebelum tahun 2024 merupakan angka provinsi sebelum mengalami pemekaran Daerah Otonom Baru (DOB)",Kemiskinan dan Ketimpangan,38 Provinsi,9400,PAPUA,189,Perkotaan,124,2024,61,Semester 1 (Maret),0.299,94009818912461
bps_webapi,0000,2026-08-19T02:01:19+00:00,2026-08-05 12:26:57,98,Gini Ratio Menurut Provinsi dan Daerah,,3,,"- Sumber  : BPS, Susenas  
<br />- Tahun 2002, Susenas Modul Konsumsi reguler
<br />- Tahun 2005, Susenas Panel (Februari)
<br />- Tahun 2006-2010, Susenas Panel (Maret)
<br />- Tahun 2011-2016, Susenas Modul Konsumsi (Maret dan September)
<br />- Angka Provinsi Papua Barat dan Papua sebelum tahun 2024 merupakan angka provinsi sebelum mengalami pemekaran Daerah Otonom Baru (DOB)",Kemiskinan dan Ketimpangan,38 Provinsi,9400,PAPUA,189,Perkotaan,124,2024,62,Semester 2 (September),0.322,94009818912462
bps_webapi,0000,2026-08-19T02:01:19+00:00,2026-08-05 12:26:57,98,Gini Ratio Menurut Provinsi dan Daerah,,3,,"- Sumber  : BPS, Susenas  
<br />- Tahun 2002, Susenas Modul Konsumsi reguler
<br />- Tahun 2005, Susenas Panel (Februari)
<br />- Tahun 2006-2010, Susenas Panel (Maret)
<br />- Tahun 2011-2016, Susenas Modul Konsumsi (Maret dan September)
<br />- Angka Provinsi Papua Barat dan Papua sebelum tahun 2024 merupakan angka provinsi sebelum mengalami pemekaran Daerah Otonom Baru (DOB)",Kemiskinan dan Ketimpangan,38 Provinsi,9400,PAPUA,190,Perdesaan,124,2024,61,Semester 1 (Maret),0.418,94009819012461
bps_webapi,0000,2026-08-19T02:01:19+00:00,2026-08-05 12:26:57,98,Gini Ratio Menurut Provinsi dan Daerah,,3,,"- Sumber  : BPS, Susenas  
<br />- Tahun 2002, Susenas Modul Konsumsi reguler
<br />- Tahun 2005, Susenas Panel (Februari)
<br />- Tahun 2006-2010, Susenas Panel (Maret)
<br />- Tahun 2011-2016, Susenas Modul Konsumsi (Maret dan September)
<br />- Angka Provinsi Papua Barat dan Papua sebelum tahun 2024 merupakan angka provinsi sebelum mengalami pemekaran Daerah Otonom Baru (DOB)",Kemiskinan dan Ketimpangan,38 Provinsi,9400,PAPUA,190,Perdesaan,124,2024,62,Semester 2 (September),0.505,94009819012462
bps_webapi,0000,2026-08-19T02:01:19+00:00,2026-08-05 12:26:57,98,Gini Ratio Menurut Provinsi dan Daerah,,3,,"- Sumber  : BPS, Susenas  
<br />- Tahun 2002, Susenas Modul Konsumsi reguler
<br />- Tahun 2005, Susenas Panel (Februari)
<br />- Tahun 2006-2010, Susenas Panel (Maret)
<br />- Tahun 2011-2016, Susenas Modul Konsumsi (Maret dan September)
<br />- Angka Provinsi Papua Barat dan Papua sebelum tahun 2024 merupakan angka provinsi sebelum mengalami pemekaran Daerah Otonom Baru (DOB)",Kemiskinan dan Ketimpangan,38 Provinsi,9400,PAPUA,191,Perkotaan+Perdesaan,124,2024,61,Semester 1 (Maret),0.362,94009819112461
bps_webapi,0000,2026-08-19T02:01:19+00:00,2026-08-05 12:26:57,98,Gini Ratio Menurut Provinsi dan Daerah,,3,,"- Sumber  : BPS, Susenas  
<br />- Tahun 2002, Susenas Modul Konsumsi reguler
<br />- Tahun 2005, Susenas Panel (Februari)
<br />- Tahun 2006-2010, Susenas Panel (Maret)
<br />- Tahun 2011-2016, Susenas Modul Konsumsi (Maret dan September)
<br />- Angka Provinsi Papua Barat dan Papua sebelum tahun 2024 merupakan angka provinsi sebelum mengalami pemekaran Daerah Otonom Baru (DOB)",Kemiskinan dan Ketimpangan,38 Provinsi,9400,PAPUA,191,Perkotaan+Perdesaan,124,2024,62,Semester 2 (September),0.405,94009819112462
bps_webapi,0000,2026-08-19T02:01:19+00:00,2026-08-05 12:26:57,98,Gini Ratio Menurut Provinsi dan Daerah,,3,,"- Sumber  : BPS, Susenas  
<br />- Tahun 2002, Susenas Modul Konsumsi reguler
<br />- Tahun 2005, Susenas Panel (Februari)
<br />- Tahun 2006-2010, Susenas Panel (Maret)
<br />- Tahun 2011-2016, Susenas Modul Konsumsi (Maret dan September)
<br />- Angka Provinsi Papua Barat dan Papua sebelum tahun 2024 merupakan angka provinsi sebelum mengalami pemekaran Daerah Otonom Baru (DOB)",Kemiskinan dan Ketimpangan,38 Provinsi,9500,PAPUA SELATAN,189,Perkotaan,124,2024,61,Semester 1 (Maret),0.299,95009818912461
bps_webapi,0000,2026-08-19T02:01:19+00:00,2026-08-05 12:26:57,98,Gini Ratio Menurut Provinsi dan Daerah,,3,,"- Sumber  : BPS, Susenas  
<br />- Tahun 2002, Susenas Modul Konsumsi reguler
<br />- Tahun 2005, Susenas Panel (Februari)
<br />- Tahun 2006-2010, Susenas Panel (Maret)
<br />- Tahun 2011-2016, Susenas Modul Konsumsi (Maret dan September)
<br />- Angka Provinsi Papua Barat dan Papua sebelum tahun 2024 merupakan angka provinsi sebelum mengalami pemekaran Daerah Otonom Baru (DOB)",Kemiskinan dan Ketimpangan,38 Provinsi,9500,PAPUA SELATAN,189,Perkotaan,124,2024,62,Semester 2 (September),0.351,95009818912462
bps_webapi,0000,2026-08-19T02:01:19+00:00,2026-08-05 12:26:57,98,Gini Ratio Menurut Provinsi dan Daerah,,3,,"- Sumber  : BPS, Susenas  
<br />- Tahun 2002, Susenas Modul Konsumsi reguler
<br />- Tahun 2005, Susenas Panel (Februari)
<br />- Tahun 2006-2010, Susenas Panel (Maret)
<br />- Tahun 2011-2016, Susenas Modul Konsumsi (Maret dan September)
<br />- Angka Provinsi Papua Barat dan Papua sebelum tahun 2024 merupakan angka provinsi sebelum mengalami pemekaran Daerah Otonom Baru (DOB)",Kemiskinan dan Ketimpangan,38 Provinsi,9500,PAPUA SELATAN,190,Perdesaan,124,2024,61,Semester 1 (Maret),0.435,95009819012461
bps_webapi,0000,2026-08-19T02:01:19+00:00,2026-08-05 12:26:57,98,Gini Ratio Menurut Provinsi dan Daerah,,3,,"- Sumber  : BPS, Susenas  
<br />- Tahun 2002, Susenas Modul Konsumsi reguler
<br />- Tahun 2005, Susenas Panel (Februari)
<br />- Tahun 2006-2010, Susenas Panel (Maret)
<br />- Tahun 2011-2016, Susenas Modul Konsumsi (Maret dan September)
<br />- Angka Provinsi Papua Barat dan Papua sebelum tahun 2024 merupakan angka provinsi sebelum mengalami pemekaran Daerah Otonom Baru (DOB)",Kemiskinan dan Ketimpangan,38 Provinsi,9500,PAPUA SELATAN,190,Perdesaan,124,2024,62,Semester 2 (September),0.429,95009819012462
bps_webapi,0000,2026-08-19T02:01:19+00:00,2026-08-05 12:26:57,98,Gini Ratio Menurut Provinsi dan Daerah,,3,,"- Sumber  : BPS, Susenas  
<br />- Tahun 2002, Susenas Modul Konsumsi reguler
<br />- Tahun 2005, Susenas Panel (Februari)
<br />- Tahun 2006-2010, Susenas Panel (Maret)
<br />- Tahun 2011-2016, Susenas Modul Konsumsi (Maret dan September)
<br />- Angka Provinsi Papua Barat dan Papua sebelum tahun 2024 merupakan angka provinsi sebelum mengalami pemekaran Daerah Otonom Baru (DOB)",Kemiskinan dan Ketimpangan,38 Provinsi,9500,PAPUA SELATAN,191,Perkotaan+Perdesaan,124,2024,61,Semester 1 (Maret),0.404,95009819112461
bps_webapi,0000,2026-08-19T02:01:19+00:00,2026-08-05 12:26:57,98,Gini Ratio Menurut Provinsi dan Daerah,,3,,"- Sumber  : BPS, Susenas  
<br />- Tahun 2002, Susenas Modul Konsumsi reguler
<br />- Tahun 2005, Susenas Panel (Februari)
<br />- Tahun 2006-2010, Susenas Panel (Maret)
<br />- Tahun 2011-2016, Susenas Modul Konsumsi (Maret dan September)
<br />- Angka Provinsi Papua Barat dan Papua sebelum tahun 2024 merupakan angka provinsi sebelum mengalami pemekaran Daerah Otonom Baru (DOB)",Kemiskinan dan Ketimpangan,38 Provinsi,9500,PAPUA SELATAN,191,Perkotaan+Perdesaan,124,2024,62,Semester 2 (September),0.424,95009819112462
bps_webapi,0000,2026-08-19T02:01:19+00:00,2026-08-05 12:26:57,98,Gini Ratio Menurut Provinsi dan Daerah,,3,,"- Sumber  : BPS, Susenas  
<br />- Tahun 2002, Susenas Modul Konsumsi reguler
<br />- Tahun 2005, Susenas Panel (Februari)
<br />- Tahun 2006-2010, Susenas Panel (Maret)
<br />- Tahun 2011-2016, Susenas Modul Konsumsi (Maret dan September)
<br />- Angka Provinsi Papua Barat dan Papua sebelum tahun 2024 merupakan angka provinsi sebelum mengalami pemekaran Daerah Otonom Baru (DOB)",Kemiskinan dan Ketimpangan,38 Provinsi,9600,PAPUA TENGAH,189,Perkotaan,124,2024,61,Semester 1 (Maret),0.27,96009818912461
bps_webapi,0000,2026-08-19T02:01:19+00:00,2026-08-05 12:26:57,98,Gini Ratio Menurut Provinsi dan Daerah,,3,,"- Sumber  : BPS, Susenas  
<br />- Tahun 2002, Susenas Modul Konsumsi reguler
<br />- Tahun 2005, Susenas Panel (Februari)
<br />- Tahun 2006-2010, Susenas Panel (Maret)
<br />- Tahun 2011-2016, Susenas Modul Konsumsi (Maret dan September)
<br />- Angka Provinsi Papua Barat dan Papua sebelum tahun 2024 merupakan angka provinsi sebelum mengalami pemekaran Daerah Otonom Baru (DOB)",Kemiskinan dan Ketimpangan,38 Provinsi,9600,PAPUA TENGAH,189,Perkotaan,124,2024,62,Semester 2 (September),0.253,96009818912462
bps_webapi,0000,2026-08-19T02:01:19+00:00,2026-08-05 12:26:57,98,Gini Ratio Menurut Provinsi dan Daerah,,3,,"- Sumber  : BPS, Susenas  
<br />- Tahun 2002, Susenas Modul Konsumsi reguler
<br />- Tahun 2005, Susenas Panel (Februari)
<br />- Tahun 2006-2010, Susenas Panel (Maret)
<br />- Tahun 2011-2016, Susenas Modul Konsumsi (Maret dan September)
<br />- Angka Provinsi Papua Barat dan Papua sebelum tahun 2024 merupakan angka provinsi sebelum mengalami pemekaran Daerah Otonom Baru (DOB)",Kemiskinan dan Ketimpangan,38 Provinsi,9600,PAPUA TENGAH,190,Perdesaan,124,2024,61,Semester 1 (Maret),0.397,96009819012461
bps_webapi,0000,2026-08-19T02:01:19+00:00,2026-08-05 12:26:57,98,Gini Ratio Menurut Provinsi dan Daerah,,3,,"- Sumber  : BPS, Susenas  
<br />- Tahun 2002, Susenas Modul Konsumsi reguler
<br />- Tahun 2005, Susenas Panel (Februari)
<br />- Tahun 2006-2010, Susenas Panel (Maret)
<br />- Tahun 2011-2016, Susenas Modul Konsumsi (Maret dan September)
<br />- Angka Provinsi Papua Barat dan Papua sebelum tahun 2024 merupakan angka provinsi sebelum mengalami pemekaran Daerah Otonom Baru (DOB)",Kemiskinan dan Ketimpangan,38 Provinsi,9600,PAPUA TENGAH,190,Perdesaan,124,2024,62,Semester 2 (September),0.374,96009819012462
bps_webapi,0000,2026-08-19T02:01:19+00:00,2026-08-05 12:26:57,98,Gini Ratio Menurut Provinsi dan Daerah,,3,,"- Sumber  : BPS, Susenas  
<br />- Tahun 2002, Susenas Modul Konsumsi reguler
<br />- Tahun 2005, Susenas Panel (Februari)
<br />- Tahun 2006-2010, Susenas Panel (Maret)
<br />- Tahun 2011-2016, Susenas Modul Konsumsi (Maret dan September)
<br />- Angka Provinsi Papua Barat dan Papua sebelum tahun 2024 merupakan angka provinsi sebelum mengalami pemekaran Daerah Otonom Baru (DOB)",Kemiskinan dan Ketimpangan,38 Provinsi,9600,PAPUA TENGAH,191,Perkotaan+Perdesaan,124,2024,61,Semester 1 (Maret),0.381,96009819112461
bps_webapi,0000,2026-08-19T02:01:19+00:00,2026-08-05 12:26:57,98,Gini Ratio Menurut Provinsi dan Daerah,,3,,"- Sumber  : BPS, Susenas  
<br />- Tahun 2002, Susenas Modul Konsumsi reguler
<br />- Tahun 2005, Susenas Panel (Februari)
<br />- Tahun 2006-2010, Susenas Panel (Maret)
<br />- Tahun 2011-2016, Susenas Modul Konsumsi (Maret dan September)
<br />- Angka Provinsi Papua Barat dan Papua sebelum tahun 2024 merupakan angka provinsi sebelum mengalami pemekaran Daerah Otonom Baru (DOB)",Kemiskinan dan Ketimpangan,38 Provinsi,9600,PAPUA TENGAH,191,Perkotaan+Perdesaan,124,2024,62,Semester 2 (September),0.355,96009819112462
bps_webapi,0000,2026-08-19T02:01:19+00:00,2026-08-05 12:26:57,98,Gini Ratio Menurut Provinsi dan Daerah,,3,,"- Sumber  : BPS, Susenas  
<br />- Tahun 2002, Susenas Modul Konsumsi reguler
<br />- Tahun 2005, Susenas Panel (Februari)
<br />- Tahun 2006-2010, Susenas Panel (Maret)
<br />- Tahun 2011-2016, Susenas Modul Konsumsi (Maret dan September)
<br />- Angka Provinsi Papua Barat dan Papua sebelum tahun 2024 merupakan angka provinsi sebelum mengalami pemekaran Daerah Otonom Baru (DOB)",Kemiskinan dan Ketimpangan,38 Provinsi,9700,PAPUA PEGUNUNGAN,189,Perkotaan,124,2024,61,Semester 1 (Maret),0.224,97009818912461
bps_webapi,0000,2026-08-19T02:01:19+00:00,2026-08-05 12:26:57,98,Gini Ratio Menurut Provinsi dan Daerah,,3,,"- Sumber  : BPS, Susenas  
<br />- Tahun 2002, Susenas Modul Konsumsi reguler
<br />- Tahun 2005, Susenas Panel (Februari)
<br />- Tahun 2006-2010, Susenas Panel (Maret)
<br />- Tahun 2011-2016, Susenas Modul Konsumsi (Maret dan September)
<br />- Angka Provinsi Papua Barat dan Papua sebelum tahun 2024 merupakan angka provinsi sebelum mengalami pemekaran Daerah Otonom Baru (DOB)",Kemiskinan dan Ketimpangan,38 Provinsi,9700,PAPUA PEGUNUNGAN,189,Perkotaan,124,2024,62,Semester 2 (September),0.244,97009818912462
bps_webapi,0000,2026-08-19T02:01:19+00:00,2026-08-05 12:26:57,98,Gini Ratio Menurut Provinsi dan Daerah,,3,,"- Sumber  : BPS, Susenas  
<br />- Tahun 2002, Susenas Modul Konsumsi reguler
<br />- Tahun 2005, Susenas Panel (Februari)
<br />- Tahun 2006-2010, Susenas Panel (Maret)
<br />- Tahun 2011-2016, Susenas Modul Konsumsi (Maret dan September)
<br />- Angka Provinsi Papua Barat dan Papua sebelum tahun 2024 merupakan angka provinsi sebelum mengalami pemekaran Daerah Otonom Baru (DOB)",Kemiskinan dan Ketimpangan,38 Provinsi,9700,PAPUA PEGUNUNGAN,190,Perdesaan,124,2024,61,Semester 1 (Maret),0.346,97009819012461
bps_webapi,0000,2026-08-19T02:01:19+00:00,2026-08-05 12:26:57,98,Gini Ratio Menurut Provinsi dan Daerah,,3,,"- Sumber  : BPS, Susenas  
<br />- Tahun 2002, Susenas Modul Konsumsi reguler
<br />- Tahun 2005, Susenas Panel (Februari)
<br />- Tahun 2006-2010, Susenas Panel (Maret)
<br />- Tahun 2011-2016, Susenas Modul Konsumsi (Maret dan September)
<br />- Angka Provinsi Papua Barat dan Papua sebelum tahun 2024 merupakan angka provinsi sebelum mengalami pemekaran Daerah Otonom Baru (DOB)",Kemiskinan dan Ketimpangan,38 Provinsi,9700,PAPUA PEGUNUNGAN,190,Perdesaan,124,2024,62,Semester 2 (September),0.349,97009819012462
bps_webapi,0000,2026-08-19T02:01:19+00:00,2026-08-05 12:26:57,98,Gini Ratio Menurut Provinsi dan Daerah,,3,,"- Sumber  : BPS, Susenas  
<br />- Tahun 2002, Susenas Modul Konsumsi reguler
<br />- Tahun 2005, Susenas Panel (Februari)
<br />- Tahun 2006-2010, Susenas Panel (Maret)
<br />- Tahun 2011-2016, Susenas Modul Konsumsi (Maret dan September)
<br />- Angka Provinsi Papua Barat dan Papua sebelum tahun 2024 merupakan angka provinsi sebelum mengalami pemekaran Daerah Otonom Baru (DOB)",Kemiskinan dan Ketimpangan,38 Provinsi,9700,PAPUA PEGUNUNGAN,191,Perkotaan+Perdesaan,124,2024,61,Semester 1 (Maret),0.34,97009819112461
bps_webapi,0000,2026-08-19T02:01:19+00:00,2026-08-05 12:26:57,98,Gini Ratio Menurut Provinsi dan Daerah,,3,,"- Sumber  : BPS, Susenas  
<br />- Tahun 2002, Susenas Modul Konsumsi reguler
<br />- Tahun 2005, Susenas Panel (Februari)
<br />- Tahun 2006-2010, Susenas Panel (Maret)
<br />- Tahun 2011-2016, Susenas Modul Konsumsi (Maret dan September)
<br />- Angka Provinsi Papua Barat dan Papua sebelum tahun 2024 merupakan angka provinsi sebelum mengalami pemekaran Daerah Otonom Baru (DOB)",Kemiskinan dan Ketimpangan,38 Provinsi,9700,PAPUA PEGUNUNGAN,191,Perkotaan+Perdesaan,124,2024,62,Semester 2 (September),0.346,97009819112462
bps_webapi,0000,2026-08-19T02:01:19+00:00,2026-08-05 12:26:57,98,Gini Ratio Menurut Provinsi dan Daerah,,3,,"- Sumber  : BPS, Susenas  
<br />- Tahun 2002, Susenas Modul Konsumsi reguler
<br />- Tahun 2005, Susenas Panel (Februari)
<br />- Tahun 2006-2010, Susenas Panel (Maret)
<br />- Tahun 2011-2016, Susenas Modul Konsumsi (Maret dan September)
<br />- Angka Provinsi Papua Barat dan Papua sebelum tahun 2024 merupakan angka provinsi sebelum mengalami pemekaran Daerah Otonom Baru (DOB)",Kemiskinan dan Ketimpangan,38 Provinsi,9999,INDONESIA,189,Perkotaan,124,2024,61,Semester 1 (Maret),0.399,99999818912461
bps_webapi,0000,2026-08-19T02:01:19+00:00,2026-08-05 12:26:57,98,Gini Ratio Menurut Provinsi dan Daerah,,3,,"- Sumber  : BPS, Susenas  
<br />- Tahun 2002, Susenas Modul Konsumsi reguler
<br />- Tahun 2005, Susenas Panel (Februari)
<br />- Tahun 2006-2010, Susenas Panel (Maret)
<br />- Tahun 2011-2016, Susenas Modul Konsumsi (Maret dan September)
<br />- Angka Provinsi Papua Barat dan Papua sebelum tahun 2024 merupakan angka provinsi sebelum mengalami pemekaran Daerah Otonom Baru (DOB)",Kemiskinan dan Ketimpangan,38 Provinsi,9999,INDONESIA,189,Perkotaan,124,2024,62,Semester 2 (September),0.402,99999818912462
bps_webapi,0000,2026-08-19T02:01:19+00:00,2026-08-05 12:26:57,98,Gini Ratio Menurut Provinsi dan Daerah,,3,,"- Sumber  : BPS, Susenas  
<br />- Tahun 2002, Susenas Modul Konsumsi reguler
<br />- Tahun 2005, Susenas Panel (Februari)
<br />- Tahun 2006-2010, Susenas Panel (Maret)
<br />- Tahun 2011-2016, Susenas Modul Konsumsi (Maret dan September)
<br />- Angka Provinsi Papua Barat dan Papua sebelum tahun 2024 merupakan angka provinsi sebelum mengalami pemekaran Daerah Otonom Baru (DOB)",Kemiskinan dan Ketimpangan,38 Provinsi,9999,INDONESIA,190,Perdesaan,124,2024,61,Semester 1 (Maret),0.306,99999819012461
bps_webapi,0000,2026-08-19T02:01:19+00:00,2026-08-05 12:26:57,98,Gini Ratio Menurut Provinsi dan Daerah,,3,,"- Sumber  : BPS, Susenas  
<br />- Tahun 2002, Susenas Modul Konsumsi reguler
<br />- Tahun 2005, Susenas Panel (Februari)
<br />- Tahun 2006-2010, Susenas Panel (Maret)
<br />- Tahun 2011-2016, Susenas Modul Konsumsi (Maret dan September)
<br />- Angka Provinsi Papua Barat dan Papua sebelum tahun 2024 merupakan angka provinsi sebelum mengalami pemekaran Daerah Otonom Baru (DOB)",Kemiskinan dan Ketimpangan,38 Provinsi,9999,INDONESIA,190,Perdesaan,124,2024,62,Semester 2 (September),0.308,99999819012462
bps_webapi,0000,2026-08-19T02:01:19+00:00,2026-08-05 12:26:57,98,Gini Ratio Menurut Provinsi dan Daerah,,3,,"- Sumber  : BPS, Susenas  
<br />- Tahun 2002, Susenas Modul Konsumsi reguler
<br />- Tahun 2005, Susenas Panel (Februari)
<br />- Tahun 2006-2010, Susenas Panel (Maret)
<br />- Tahun 2011-2016, Susenas Modul Konsumsi (Maret dan September)
<br />- Angka Provinsi Papua Barat dan Papua sebelum tahun 2024 merupakan angka provinsi sebelum mengalami pemekaran Daerah Otonom Baru (DOB)",Kemiskinan dan Ketimpangan,38 Provinsi,9999,INDONESIA,191,Perkotaan+Perdesaan,124,2024,61,Semester 1 (Maret),0.379,99999819112461
bps_webapi,0000,2026-08-19T02:01:19+00:00,2026-08-05 12:26:57,98,Gini Ratio Menurut Provinsi dan Daerah,,3,,"- Sumber  : BPS, Susenas  
<br />- Tahun 2002, Susenas Modul Konsumsi reguler
<br />- Tahun 2005, Susenas Panel (Februari)
<br />- Tahun 2006-2010, Susenas Panel (Maret)
<br />- Tahun 2011-2016, Susenas Modul Konsumsi (Maret dan September)
<br />- Angka Provinsi Papua Barat dan Papua sebelum tahun 2024 merupakan angka provinsi sebelum mengalami pemekaran Daerah Otonom Baru (DOB)",Kemiskinan dan Ketimpangan,38 Provinsi,9999,INDONESIA,191,Perkotaan+Perdesaan,124,2024,62,Semester 2 (September),0.381,99999819112462
bps_webapi,0000,2026-08-19T02:01:19+00:00,2026-08-05 12:26:57,98,Gini Ratio Menurut Provinsi dan Daerah,,3,,"- Sumber  : BPS, Susenas  
<br />- Tahun 2002, Susenas Modul Konsumsi reguler
<br />- Tahun 2005, Susenas Panel (Februari)
<br />- Tahun 2006-2010, Susenas Panel (Maret)
<br />- Tahun 2011-2016, Susenas Modul Konsumsi (Maret dan September)
<br />- Angka Provinsi Papua Barat dan Papua sebelum tahun 2024 merupakan angka provinsi sebelum mengalami pemekaran Daerah Otonom Baru (DOB)",Kemiskinan dan Ketimpangan,38 Provinsi,1100,ACEH,189,Perkotaan,125,2025,61,Semester 1 (Maret),0.329,11009818912561
bps_webapi,0000,2026-08-19T02:01:19+00:00,2026-08-05 12:26:57,98,Gini Ratio Menurut Provinsi dan Daerah,,3,,"- Sumber  : BPS, Susenas  
<br />- Tahun 2002, Susenas Modul Konsumsi reguler
<br />- Tahun 2005, Susenas Panel (Februari)
<br />- Tahun 2006-2010, Susenas Panel (Maret)
<br />- Tahun 2011-2016, Susenas Modul Konsumsi (Maret dan September)
<br />- Angka Provinsi Papua Barat dan Papua sebelum tahun 2024 merupakan angka provinsi sebelum mengalami pemekaran Daerah Otonom Baru (DOB)",Kemiskinan dan Ketimpangan,38 Provinsi,1100,ACEH,189,Perkotaan,125,2025,62,Semester 2 (September),0.316,11009818912562
bps_webapi,0000,2026-08-19T02:01:19+00:00,2026-08-05 12:26:57,98,Gini Ratio Menurut Provinsi dan Daerah,,3,,"- Sumber  : BPS, Susenas  
<br />- Tahun 2002, Susenas Modul Konsumsi reguler
<br />- Tahun 2005, Susenas Panel (Februari)
<br />- Tahun 2006-2010, Susenas Panel (Maret)
<br />- Tahun 2011-2016, Susenas Modul Konsumsi (Maret dan September)
<br />- Angka Provinsi Papua Barat dan Papua sebelum tahun 2024 merupakan angka provinsi sebelum mengalami pemekaran Daerah Otonom Baru (DOB)",Kemiskinan dan Ketimpangan,38 Provinsi,1100,ACEH,190,Perdesaan,125,2025,61,Semester 1 (Maret),0.224,11009819012561
bps_webapi,0000,2026-08-19T02:01:19+00:00,2026-08-05 12:26:57,98,Gini Ratio Menurut Provinsi dan Daerah,,3,,"- Sumber  : BPS, Susenas  
<br />- Tahun 2002, Susenas Modul Konsumsi reguler
<br />- Tahun 2005, Susenas Panel (Februari)
<br />- Tahun 2006-2010, Susenas Panel (Maret)
<br />- Tahun 2011-2016, Susenas Modul Konsumsi (Maret dan September)
<br />- Angka Provinsi Papua Barat dan Papua sebelum tahun 2024 merupakan angka provinsi sebelum mengalami pemekaran Daerah Otonom Baru (DOB)",Kemiskinan dan Ketimpangan,38 Provinsi,1100,ACEH,190,Perdesaan,125,2025,62,Semester 2 (September),0.225,11009819012562
bps_webapi,0000,2026-08-19T02:01:19+00:00,2026-08-05 12:26:57,98,Gini Ratio Menurut Provinsi dan Daerah,,3,,"- Sumber  : BPS, Susenas  
<br />- Tahun 2002, Susenas Modul Konsumsi reguler
<br />- Tahun 2005, Susenas Panel (Februari)
<br />- Tahun 2006-2010, Susenas Panel (Maret)
<br />- Tahun 2011-2016, Susenas Modul Konsumsi (Maret dan September)
<br />- Angka Provinsi Papua Barat dan Papua sebelum tahun 2024 merupakan angka provinsi sebelum mengalami pemekaran Daerah Otonom Baru (DOB)",Kemiskinan dan Ketimpangan,38 Provinsi,1100,ACEH,191,Perkotaan+Perdesaan,125,2025,61,Semester 1 (Maret),0.282,11009819112561
bps_webapi,0000,2026-08-19T02:01:19+00:00,2026-08-05 12:26:57,98,Gini Ratio Menurut Provinsi dan Daerah,,3,,"- Sumber  : BPS, Susenas  
<br />- Tahun 2002, Susenas Modul Konsumsi reguler
<br />- Tahun 2005, Susenas Panel (Februari)
<br />- Tahun 2006-2010, Susenas Panel (Maret)
<br />- Tahun 2011-2016, Susenas Modul Konsumsi (Maret dan September)
<br />- Angka Provinsi Papua Barat dan Papua sebelum tahun 2024 merupakan angka provinsi sebelum mengalami pemekaran Daerah Otonom Baru (DOB)",Kemiskinan dan Ketimpangan,38 Provinsi,1100,ACEH,191,Perkotaan+Perdesaan,125,2025,62,Semester 2 (September),0.274,11009819112562
bps_webapi,0000,2026-08-19T02:01:19+00:00,2026-08-05 12:26:57,98,Gini Ratio Menurut Provinsi dan Daerah,,3,,"- Sumber  : BPS, Susenas  
<br />- Tahun 2002, Susenas Modul Konsumsi reguler
<br />- Tahun 2005, Susenas Panel (Februari)
<br />- Tahun 2006-2010, Susenas Panel (Maret)
<br />- Tahun 2011-2016, Susenas Modul Konsumsi (Maret dan September)
<br />- Angka Provinsi Papua Barat dan Papua sebelum tahun 2024 merupakan angka provinsi sebelum mengalami pemekaran Daerah Otonom Baru (DOB)",Kemiskinan dan Ketimpangan,38 Provinsi,1200,SUMATERA UTARA,189,Perkotaan,125,2025,61,Semester 1 (Maret),0.324,12009818912561
bps_webapi,0000,2026-08-19T02:01:19+00:00,2026-08-05 12:26:57,98,Gini Ratio Menurut Provinsi dan Daerah,,3,,"- Sumber  : BPS, Susenas  
<br />- Tahun 2002, Susenas Modul Konsumsi reguler
<br />- Tahun 2005, Susenas Panel (Februari)
<br />- Tahun 2006-2010, Susenas Panel (Maret)
<br />- Tahun 2011-2016, Susenas Modul Konsumsi (Maret dan September)
<br />- Angka Provinsi Papua Barat dan Papua sebelum tahun 2024 merupakan angka provinsi sebelum mengalami pemekaran Daerah Otonom Baru (DOB)",Kemiskinan dan Ketimpangan,38 Provinsi,1200,SUMATERA UTARA,189,Perkotaan,125,2025,62,Semester 2 (September),0.305,12009818912562
bps_webapi,0000,2026-08-19T02:01:19+00:00,2026-08-05 12:26:57,98,Gini Ratio Menurut Provinsi dan Daerah,,3,,"- Sumber  : BPS, Susenas  
<br />- Tahun 2002, Susenas Modul Konsumsi reguler
<br />- Tahun 2005, Susenas Panel (Februari)
<br />- Tahun 2006-2010, Susenas Panel (Maret)
<br />- Tahun 2011-2016, Susenas Modul Konsumsi (Maret dan September)
<br />- Angka Provinsi Papua Barat dan Papua sebelum tahun 2024 merupakan angka provinsi sebelum mengalami pemekaran Daerah Otonom Baru (DOB)",Kemiskinan dan Ketimpangan,38 Provinsi,1200,SUMATERA UTARA,190,Perdesaan,125,2025,61,Semester 1 (Maret),0.228,12009819012561
bps_webapi,0000,2026-08-19T02:01:19+00:00,2026-08-05 12:26:57,98,Gini Ratio Menurut Provinsi dan Daerah,,3,,"- Sumber  : BPS, Susenas  
<br />- Tahun 2002, Susenas Modul Konsumsi reguler
<br />- Tahun 2005, Susenas Panel (Februari)
<br />- Tahun 2006-2010, Susenas Panel (Maret)
<br />- Tahun 2011-2016, Susenas Modul Konsumsi (Maret dan September)
<br />- Angka Provinsi Papua Barat dan Papua sebelum tahun 2024 merupakan angka provinsi sebelum mengalami pemekaran Daerah Otonom Baru (DOB)",Kemiskinan dan Ketimpangan,38 Provinsi,1200,SUMATERA UTARA,190,Perdesaan,125,2025,62,Semester 2 (September),0.233,12009819012562
bps_webapi,0000,2026-08-19T02:01:19+00:00,2026-08-05 12:26:57,98,Gini Ratio Menurut Provinsi dan Daerah,,3,,"- Sumber  : BPS, Susenas  
<br />- Tahun 2002, Susenas Modul Konsumsi reguler
<br />- Tahun 2005, Susenas Panel (Februari)
<br />- Tahun 2006-2010, Susenas Panel (Maret)
<br />- Tahun 2011-2016, Susenas Modul Konsumsi (Maret dan September)
<br />- Angka Provinsi Papua Barat dan Papua sebelum tahun 2024 merupakan angka provinsi sebelum mengalami pemekaran Daerah Otonom Baru (DOB)",Kemiskinan dan Ketimpangan,38 Provinsi,1200,SUMATERA UTARA,191,Perkotaan+Perdesaan,125,2025,61,Semester 1 (Maret),0.295,12009819112561
bps_webapi,0000,2026-08-19T02:01:19+00:00,2026-08-05 12:26:57,98,Gini Ratio Menurut Provinsi dan Daerah,,3,,"- Sumber  : BPS, Susenas  
<br />- Tahun 2002, Susenas Modul Konsumsi reguler
<br />- Tahun 2005, Susenas Panel (Februari)
<br />- Tahun 2006-2010, Susenas Panel (Maret)
<br />- Tahun 2011-2016, Susenas Modul Konsumsi (Maret dan September)
<br />- Angka Provinsi Papua Barat dan Papua sebelum tahun 2024 merupakan angka provinsi sebelum mengalami pemekaran Daerah Otonom Baru (DOB)",Kemiskinan dan Ketimpangan,38 Provinsi,1200,SUMATERA UTARA,191,Perkotaan+Perdesaan,125,2025,62,Semester 2 (September),0.283,12009819112562
bps_webapi,0000,2026-08-19T02:01:19+00:00,2026-08-05 12:26:57,98,Gini Ratio Menurut Provinsi dan Daerah,,3,,"- Sumber  : BPS, Susenas  
<br />- Tahun 2002, Susenas Modul Konsumsi reguler
<br />- Tahun 2005, Susenas Panel (Februari)
<br />- Tahun 2006-2010, Susenas Panel (Maret)
<br />- Tahun 2011-2016, Susenas Modul Konsumsi (Maret dan September)
<br />- Angka Provinsi Papua Barat dan Papua sebelum tahun 2024 merupakan angka provinsi sebelum mengalami pemekaran Daerah Otonom Baru (DOB)",Kemiskinan dan Ketimpangan,38 Provinsi,1300,SUMATERA BARAT,189,Perkotaan,125,2025,61,Semester 1 (Maret),0.307,13009818912561
bps_webapi,0000,2026-08-19T02:01:19+00:00,2026-08-05 12:26:57,98,Gini Ratio Menurut Provinsi dan Daerah,,3,,"- Sumber  : BPS, Susenas  
<br />- Tahun 2002, Susenas Modul Konsumsi reguler
<br />- Tahun 2005, Susenas Panel (Februari)
<br />- Tahun 2006-2010, Susenas Panel (Maret)
<br />- Tahun 2011-2016, Susenas Modul Konsumsi (Maret dan September)
<br />- Angka Provinsi Papua Barat dan Papua sebelum tahun 2024 merupakan angka provinsi sebelum mengalami pemekaran Daerah Otonom Baru (DOB)",Kemiskinan dan Ketimpangan,38 Provinsi,1300,SUMATERA BARAT,189,Perkotaan,125,2025,62,Semester 2 (September),0.301,13009818912562
bps_webapi,0000,2026-08-19T02:01:19+00:00,2026-08-05 12:26:57,98,Gini Ratio Menurut Provinsi dan Daerah,,3,,"- Sumber  : BPS, Susenas  
<br />- Tahun 2002, Susenas Modul Konsumsi reguler
<br />- Tahun 2005, Susenas Panel (Februari)
<br />- Tahun 2006-2010, Susenas Panel (Maret)
<br />- Tahun 2011-2016, Susenas Modul Konsumsi (Maret dan September)
<br />- Angka Provinsi Papua Barat dan Papua sebelum tahun 2024 merupakan angka provinsi sebelum mengalami pemekaran Daerah Otonom Baru (DOB)",Kemiskinan dan Ketimpangan,38 Provinsi,1300,SUMATERA BARAT,190,Perdesaan,125,2025,61,Semester 1 (Maret),0.232,13009819012561
bps_webapi,0000,2026-08-19T02:01:19+00:00,2026-08-05 12:26:57,98,Gini Ratio Menurut Provinsi dan Daerah,,3,,"- Sumber  : BPS, Susenas  
<br />- Tahun 2002, Susenas Modul Konsumsi reguler
<br />- Tahun 2005, Susenas Panel (Februari)
<br />- Tahun 2006-2010, Susenas Panel (Maret)
<br />- Tahun 2011-2016, Susenas Modul Konsumsi (Maret dan September)
<br />- Angka Provinsi Papua Barat dan Papua sebelum tahun 2024 merupakan angka provinsi sebelum mengalami pemekaran Daerah Otonom Baru (DOB)",Kemiskinan dan Ketimpangan,38 Provinsi,1300,SUMATERA BARAT,190,Perdesaan,125,2025,62,Semester 2 (September),0.236,13009819012562
bps_webapi,0000,2026-08-19T02:01:19+00:00,2026-08-05 12:26:57,98,Gini Ratio Menurut Provinsi dan Daerah,,3,,"- Sumber  : BPS, Susenas  
<br />- Tahun 2002, Susenas Modul Konsumsi reguler
<br />- Tahun 2005, Susenas Panel (Februari)
<br />- Tahun 2006-2010, Susenas Panel (Maret)
<br />- Tahun 2011-2016, Susenas Modul Konsumsi (Maret dan September)
<br />- Angka Provinsi Papua Barat dan Papua sebelum tahun 2024 merupakan angka provinsi sebelum mengalami pemekaran Daerah Otonom Baru (DOB)",Kemiskinan dan Ketimpangan,38 Provinsi,1300,SUMATERA BARAT,191,Perkotaan+Perdesaan,125,2025,61,Semester 1 (Maret),0.282,13009819112561
bps_webapi,0000,2026-08-19T02:01:19+00:00,2026-08-05 12:26:57,98,Gini Ratio Menurut Provinsi dan Daerah,,3,,"- Sumber  : BPS, Susenas  
<br />- Tahun 2002, Susenas Modul Konsumsi reguler
<br />- Tahun 2005, Susenas Panel (Februari)
<br />- Tahun 2006-2010, Susenas Panel (Maret)
<br />- Tahun 2011-2016, Susenas Modul Konsumsi (Maret dan September)
<br />- Angka Provinsi Papua Barat dan Papua sebelum tahun 2024 merupakan angka provinsi sebelum mengalami pemekaran Daerah Otonom Baru (DOB)",Kemiskinan dan Ketimpangan,38 Provinsi,1300,SUMATERA BARAT,191,Perkotaan+Perdesaan,125,2025,62,Semester 2 (September),0.28,13009819112562
bps_webapi,0000,2026-08-19T02:01:19+00:00,2026-08-05 12:26:57,98,Gini Ratio Menurut Provinsi dan Daerah,,3,,"- Sumber  : BPS, Susenas  
<br />- Tahun 2002, Susenas Modul Konsumsi reguler
<br />- Tahun 2005, Susenas Panel (Februari)
<br />- Tahun 2006-2010, Susenas Panel (Maret)
<br />- Tahun 2011-2016, Susenas Modul Konsumsi (Maret dan September)
<br />- Angka Provinsi Papua Barat dan Papua sebelum tahun 2024 merupakan angka provinsi sebelum mengalami pemekaran Daerah Otonom Baru (DOB)",Kemiskinan dan Ketimpangan,38 Provinsi,1400,RIAU,189,Perkotaan,125,2025,61,Semester 1 (Maret),0.345,14009818912561
bps_webapi,0000,2026-08-19T02:01:19+00:00,2026-08-05 12:26:57,98,Gini Ratio Menurut Provinsi dan Daerah,,3,,"- Sumber  : BPS, Susenas  
<br />- Tahun 2002, Susenas Modul Konsumsi reguler
<br />- Tahun 2005, Susenas Panel (Februari)
<br />- Tahun 2006-2010, Susenas Panel (Maret)
<br />- Tahun 2011-2016, Susenas Modul Konsumsi (Maret dan September)
<br />- Angka Provinsi Papua Barat dan Papua sebelum tahun 2024 merupakan angka provinsi sebelum mengalami pemekaran Daerah Otonom Baru (DOB)",Kemiskinan dan Ketimpangan,38 Provinsi,1400,RIAU,189,Perkotaan,125,2025,62,Semester 2 (September),0.337,14009818912562
bps_webapi,0000,2026-08-19T02:01:19+00:00,2026-08-05 12:26:57,98,Gini Ratio Menurut Provinsi dan Daerah,,3,,"- Sumber  : BPS, Susenas  
<br />- Tahun 2002, Susenas Modul Konsumsi reguler
<br />- Tahun 2005, Susenas Panel (Februari)
<br />- Tahun 2006-2010, Susenas Panel (Maret)
<br />- Tahun 2011-2016, Susenas Modul Konsumsi (Maret dan September)
<br />- Angka Provinsi Papua Barat dan Papua sebelum tahun 2024 merupakan angka provinsi sebelum mengalami pemekaran Daerah Otonom Baru (DOB)",Kemiskinan dan Ketimpangan,38 Provinsi,1400,RIAU,190,Perdesaan,125,2025,61,Semester 1 (Maret),0.267,14009819012561
bps_webapi,0000,2026-08-19T02:01:19+00:00,2026-08-05 12:26:57,98,Gini Ratio Menurut Provinsi dan Daerah,,3,,"- Sumber  : BPS, Susenas  
<br />- Tahun 2002, Susenas Modul Konsumsi reguler
<br />- Tahun 2005, Susenas Panel (Februari)
<br />- Tahun 2006-2010, Susenas Panel (Maret)
<br />- Tahun 2011-2016, Susenas Modul Konsumsi (Maret dan September)
<br />- Angka Provinsi Papua Barat dan Papua sebelum tahun 2024 merupakan angka provinsi sebelum mengalami pemekaran Daerah Otonom Baru (DOB)",Kemiskinan dan Ketimpangan,38 Provinsi,1400,RIAU,190,Perdesaan,125,2025,62,Semester 2 (September),0.268,14009819012562
bps_webapi,0000,2026-08-19T02:01:19+00:00,2026-08-05 12:26:57,98,Gini Ratio Menurut Provinsi dan Daerah,,3,,"- Sumber  : BPS, Susenas  
<br />- Tahun 2002, Susenas Modul Konsumsi reguler
<br />- Tahun 2005, Susenas Panel (Februari)
<br />- Tahun 2006-2010, Susenas Panel (Maret)
<br />- Tahun 2011-2016, Susenas Modul Konsumsi (Maret dan September)
<br />- Angka Provinsi Papua Barat dan Papua sebelum tahun 2024 merupakan angka provinsi sebelum mengalami pemekaran Daerah Otonom Baru (DOB)",Kemiskinan dan Ketimpangan,38 Provinsi,1400,RIAU,191,Perkotaan+Perdesaan,125,2025,61,Semester 1 (Maret),0.307,14009819112561
bps_webapi,0000,2026-08-19T02:01:19+00:00,2026-08-05 12:26:57,98,Gini Ratio Menurut Provinsi dan Daerah,,3,,"- Sumber  : BPS, Susenas  
<br />- Tahun 2002, Susenas Modul Konsumsi reguler
<br />- Tahun 2005, Susenas Panel (Februari)
<br />- Tahun 2006-2010, Susenas Panel (Maret)
<br />- Tahun 2011-2016, Susenas Modul Konsumsi (Maret dan September)
<br />- Angka Provinsi Papua Barat dan Papua sebelum tahun 2024 merupakan angka provinsi sebelum mengalami pemekaran Daerah Otonom Baru (DOB)",Kemiskinan dan Ketimpangan,38 Provinsi,1400,RIAU,191,Perkotaan+Perdesaan,125,2025,62,Semester 2 (September),0.304,14009819112562
bps_webapi,0000,2026-08-19T02:01:19+00:00,2026-08-05 12:26:57,98,Gini Ratio Menurut Provinsi dan Daerah,,3,,"- Sumber  : BPS, Susenas  
<br />- Tahun 2002, Susenas Modul Konsumsi reguler
<br />- Tahun 2005, Susenas Panel (Februari)
<br />- Tahun 2006-2010, Susenas Panel (Maret)
<br />- Tahun 2011-2016, Susenas Modul Konsumsi (Maret dan September)
<br />- Angka Provinsi Papua Barat dan Papua sebelum tahun 2024 merupakan angka provinsi sebelum mengalami pemekaran Daerah Otonom Baru (DOB)",Kemiskinan dan Ketimpangan,38 Provinsi,1500,JAMBI,189,Perkotaan,125,2025,61,Semester 1 (Maret),0.328,15009818912561
bps_webapi,0000,2026-08-19T02:01:19+00:00,2026-08-05 12:26:57,98,Gini Ratio Menurut Provinsi dan Daerah,,3,,"- Sumber  : BPS, Susenas  
<br />- Tahun 2002, Susenas Modul Konsumsi reguler
<br />- Tahun 2005, Susenas Panel (Februari)
<br />- Tahun 2006-2010, Susenas Panel (Maret)
<br />- Tahun 2011-2016, Susenas Modul Konsumsi (Maret dan September)
<br />- Angka Provinsi Papua Barat dan Papua sebelum tahun 2024 merupakan angka provinsi sebelum mengalami pemekaran Daerah Otonom Baru (DOB)",Kemiskinan dan Ketimpangan,38 Provinsi,1500,JAMBI,189,Perkotaan,125,2025,62,Semester 2 (September),0.32,15009818912562
bps_webapi,0000,2026-08-19T02:01:19+00:00,2026-08-05 12:26:57,98,Gini Ratio Menurut Provinsi dan Daerah,,3,,"- Sumber  : BPS, Susenas  
<br />- Tahun 2002, Susenas Modul Konsumsi reguler
<br />- Tahun 2005, Susenas Panel (Februari)
<br />- Tahun 2006-2010, Susenas Panel (Maret)
<br />- Tahun 2011-2016, Susenas Modul Konsumsi (Maret dan September)
<br />- Angka Provinsi Papua Barat dan Papua sebelum tahun 2024 merupakan angka provinsi sebelum mengalami pemekaran Daerah Otonom Baru (DOB)",Kemiskinan dan Ketimpangan,38 Provinsi,1500,JAMBI,190,Perdesaan,125,2025,61,Semester 1 (Maret),0.275,15009819012561
bps_webapi,0000,2026-08-19T02:01:19+00:00,2026-08-05 12:26:57,98,Gini Ratio Menurut Provinsi dan Daerah,,3,,"- Sumber  : BPS, Susenas  
<br />- Tahun 2002, Susenas Modul Konsumsi reguler
<br />- Tahun 2005, Susenas Panel (Februari)
<br />- Tahun 2006-2010, Susenas Panel (Maret)
<br />- Tahun 2011-2016, Susenas Modul Konsumsi (Maret dan September)
<br />- Angka Provinsi Papua Barat dan Papua sebelum tahun 2024 merupakan angka provinsi sebelum mengalami pemekaran Daerah Otonom Baru (DOB)",Kemiskinan dan Ketimpangan,38 Provinsi,1500,JAMBI,190,Perdesaan,125,2025,62,Semester 2 (September),0.266,15009819012562
bps_webapi,0000,2026-08-19T02:01:19+00:00,2026-08-05 12:26:57,98,Gini Ratio Menurut Provinsi dan Daerah,,3,,"- Sumber  : BPS, Susenas  
<br />- Tahun 2002, Susenas Modul Konsumsi reguler
<br />- Tahun 2005, Susenas Panel (Februari)
<br />- Tahun 2006-2010, Susenas Panel (Maret)
<br />- Tahun 2011-2016, Susenas Modul Konsumsi (Maret dan September)
<br />- Angka Provinsi Papua Barat dan Papua sebelum tahun 2024 merupakan angka provinsi sebelum mengalami pemekaran Daerah Otonom Baru (DOB)",Kemiskinan dan Ketimpangan,38 Provinsi,1500,JAMBI,191,Perkotaan+Perdesaan,125,2025,61,Semester 1 (Maret),0.301,15009819112561
bps_webapi,0000,2026-08-19T02:01:19+00:00,2026-08-05 12:26:57,98,Gini Ratio Menurut Provinsi dan Daerah,,3,,"- Sumber  : BPS, Susenas  
<br />- Tahun 2002, Susenas Modul Konsumsi reguler
<br />- Tahun 2005, Susenas Panel (Februari)
<br />- Tahun 2006-2010, Susenas Panel (Maret)
<br />- Tahun 2011-2016, Susenas Modul Konsumsi (Maret dan September)
<br />- Angka Provinsi Papua Barat dan Papua sebelum tahun 2024 merupakan angka provinsi sebelum mengalami pemekaran Daerah Otonom Baru (DOB)",Kemiskinan dan Ketimpangan,38 Provinsi,1500,JAMBI,191,Perkotaan+Perdesaan,125,2025,62,Semester 2 (September),0.291,15009819112562
bps_webapi,0000,2026-08-19T02:01:19+00:00,2026-08-05 12:26:57,98,Gini Ratio Menurut Provinsi dan Daerah,,3,,"- Sumber  : BPS, Susenas  
<br />- Tahun 2002, Susenas Modul Konsumsi reguler
<br />- Tahun 2005, Susenas Panel (Februari)
<br />- Tahun 2006-2010, Susenas Panel (Maret)
<br />- Tahun 2011-2016, Susenas Modul Konsumsi (Maret dan September)
<br />- Angka Provinsi Papua Barat dan Papua sebelum tahun 2024 merupakan angka provinsi sebelum mengalami pemekaran Daerah Otonom Baru (DOB)",Kemiskinan dan Ketimpangan,38 Provinsi,1600,SUMATERA SELATAN,189,Perkotaan,125,2025,61,Semester 1 (Maret),0.37,16009818912561
bps_webapi,0000,2026-08-19T02:01:19+00:00,2026-08-05 12:26:57,98,Gini Ratio Menurut Provinsi dan Daerah,,3,,"- Sumber  : BPS, Susenas  
<br />- Tahun 2002, Susenas Modul Konsumsi reguler
<br />- Tahun 2005, Susenas Panel (Februari)
<br />- Tahun 2006-2010, Susenas Panel (Maret)
<br />- Tahun 2011-2016, Susenas Modul Konsumsi (Maret dan September)
<br />- Angka Provinsi Papua Barat dan Papua sebelum tahun 2024 merupakan angka provinsi sebelum mengalami pemekaran Daerah Otonom Baru (DOB)",Kemiskinan dan Ketimpangan,38 Provinsi,1600,SUMATERA SELATAN,189,Perkotaan,125,2025,62,Semester 2 (September),0.352,16009818912562
bps_webapi,0000,2026-08-19T02:01:19+00:00,2026-08-05 12:26:57,98,Gini Ratio Menurut Provinsi dan Daerah,,3,,"- Sumber  : BPS, Susenas  
<br />- Tahun 2002, Susenas Modul Konsumsi reguler
<br />- Tahun 2005, Susenas Panel (Februari)
<br />- Tahun 2006-2010, Susenas Panel (Maret)
<br />- Tahun 2011-2016, Susenas Modul Konsumsi (Maret dan September)
<br />- Angka Provinsi Papua Barat dan Papua sebelum tahun 2024 merupakan angka provinsi sebelum mengalami pemekaran Daerah Otonom Baru (DOB)",Kemiskinan dan Ketimpangan,38 Provinsi,1600,SUMATERA SELATAN,190,Perdesaan,125,2025,61,Semester 1 (Maret),0.224,16009819012561
bps_webapi,0000,2026-08-19T02:01:19+00:00,2026-08-05 12:26:57,98,Gini Ratio Menurut Provinsi dan Daerah,,3,,"- Sumber  : BPS, Susenas  
<br />- Tahun 2002, Susenas Modul Konsumsi reguler
<br />- Tahun 2005, Susenas Panel (Februari)
<br />- Tahun 2006-2010, Susenas Panel (Maret)
<br />- Tahun 2011-2016, Susenas Modul Konsumsi (Maret dan September)
<br />- Angka Provinsi Papua Barat dan Papua sebelum tahun 2024 merupakan angka provinsi sebelum mengalami pemekaran Daerah Otonom Baru (DOB)",Kemiskinan dan Ketimpangan,38 Provinsi,1600,SUMATERA SELATAN,190,Perdesaan,125,2025,62,Semester 2 (September),0.215,16009819012562
bps_webapi,0000,2026-08-19T02:01:19+00:00,2026-08-05 12:26:57,98,Gini Ratio Menurut Provinsi dan Daerah,,3,,"- Sumber  : BPS, Susenas  
<br />- Tahun 2002, Susenas Modul Konsumsi reguler
<br />- Tahun 2005, Susenas Panel (Februari)
<br />- Tahun 2006-2010, Susenas Panel (Maret)
<br />- Tahun 2011-2016, Susenas Modul Konsumsi (Maret dan September)
<br />- Angka Provinsi Papua Barat dan Papua sebelum tahun 2024 merupakan angka provinsi sebelum mengalami pemekaran Daerah Otonom Baru (DOB)",Kemiskinan dan Ketimpangan,38 Provinsi,1600,SUMATERA SELATAN,191,Perkotaan+Perdesaan,125,2025,61,Semester 1 (Maret),0.311,16009819112561
bps_webapi,0000,2026-08-19T02:01:19+00:00,2026-08-05 12:26:57,98,Gini Ratio Menurut Provinsi dan Daerah,,3,,"- Sumber  : BPS, Susenas  
<br />- Tahun 2002, Susenas Modul Konsumsi reguler
<br />- Tahun 2005, Susenas Panel (Februari)
<br />- Tahun 2006-2010, Susenas Panel (Maret)
<br />- Tahun 2011-2016, Susenas Modul Konsumsi (Maret dan September)
<br />- Angka Provinsi Papua Barat dan Papua sebelum tahun 2024 merupakan angka provinsi sebelum mengalami pemekaran Daerah Otonom Baru (DOB)",Kemiskinan dan Ketimpangan,38 Provinsi,1600,SUMATERA SELATAN,191,Perkotaan+Perdesaan,125,2025,62,Semester 2 (September),0.298,16009819112562
bps_webapi,0000,2026-08-19T02:01:19+00:00,2026-08-05 12:26:57,98,Gini Ratio Menurut Provinsi dan Daerah,,3,,"- Sumber  : BPS, Susenas  
<br />- Tahun 2002, Susenas Modul Konsumsi reguler
<br />- Tahun 2005, Susenas Panel (Februari)
<br />- Tahun 2006-2010, Susenas Panel (Maret)
<br />- Tahun 2011-2016, Susenas Modul Konsumsi (Maret dan September)
<br />- Angka Provinsi Papua Barat dan Papua sebelum tahun 2024 merupakan angka provinsi sebelum mengalami pemekaran Daerah Otonom Baru (DOB)",Kemiskinan dan Ketimpangan,38 Provinsi,1700,BENGKULU,189,Perkotaan,125,2025,61,Semester 1 (Maret),0.424,17009818912561
bps_webapi,0000,2026-08-19T02:01:19+00:00,2026-08-05 12:26:57,98,Gini Ratio Menurut Provinsi dan Daerah,,3,,"- Sumber  : BPS, Susenas  
<br />- Tahun 2002, Susenas Modul Konsumsi reguler
<br />- Tahun 2005, Susenas Panel (Februari)
<br />- Tahun 2006-2010, Susenas Panel (Maret)
<br />- Tahun 2011-2016, Susenas Modul Konsumsi (Maret dan September)
<br />- Angka Provinsi Papua Barat dan Papua sebelum tahun 2024 merupakan angka provinsi sebelum mengalami pemekaran Daerah Otonom Baru (DOB)",Kemiskinan dan Ketimpangan,38 Provinsi,1700,BENGKULU,189,Perkotaan,125,2025,62,Semester 2 (September),0.411,17009818912562
bps_webapi,0000,2026-08-19T02:01:19+00:00,2026-08-05 12:26:57,98,Gini Ratio Menurut Provinsi dan Daerah,,3,,"- Sumber  : BPS, Susenas  
<br />- Tahun 2002, Susenas Modul Konsumsi reguler
<br />- Tahun 2005, Susenas Panel (Februari)
<br />- Tahun 2006-2010, Susenas Panel (Maret)
<br />- Tahun 2011-2016, Susenas Modul Konsumsi (Maret dan September)
<br />- Angka Provinsi Papua Barat dan Papua sebelum tahun 2024 merupakan angka provinsi sebelum mengalami pemekaran Daerah Otonom Baru (DOB)",Kemiskinan dan Ketimpangan,38 Provinsi,1700,BENGKULU,190,Perdesaan,125,2025,61,Semester 1 (Maret),0.269,17009819012561
bps_webapi,0000,2026-08-19T02:01:19+00:00,2026-08-05 12:26:57,98,Gini Ratio Menurut Provinsi dan Daerah,,3,,"- Sumber  : BPS, Susenas  
<br />- Tahun 2002, Susenas Modul Konsumsi reguler
<br />- Tahun 2005, Susenas Panel (Februari)
<br />- Tahun 2006-2010, Susenas Panel (Maret)
<br />- Tahun 2011-2016, Susenas Modul Konsumsi (Maret dan September)
<br />- Angka Provinsi Papua Barat dan Papua sebelum tahun 2024 merupakan angka provinsi sebelum mengalami pemekaran Daerah Otonom Baru (DOB)",Kemiskinan dan Ketimpangan,38 Provinsi,1700,BENGKULU,190,Perdesaan,125,2025,62,Semester 2 (September),0.267,17009819012562
bps_webapi,0000,2026-08-19T02:01:19+00:00,2026-08-05 12:26:57,98,Gini Ratio Menurut Provinsi dan Daerah,,3,,"- Sumber  : BPS, Susenas  
<br />- Tahun 2002, Susenas Modul Konsumsi reguler
<br />- Tahun 2005, Susenas Panel (Februari)
<br />- Tahun 2006-2010, Susenas Panel (Maret)
<br />- Tahun 2011-2016, Susenas Modul Konsumsi (Maret dan September)
<br />- Angka Provinsi Papua Barat dan Papua sebelum tahun 2024 merupakan angka provinsi sebelum mengalami pemekaran Daerah Otonom Baru (DOB)",Kemiskinan dan Ketimpangan,38 Provinsi,1700,BENGKULU,191,Perkotaan+Perdesaan,125,2025,61,Semester 1 (Maret),0.349,17009819112561
bps_webapi,0000,2026-08-19T02:01:19+00:00,2026-08-05 12:26:57,98,Gini Ratio Menurut Provinsi dan Daerah,,3,,"- Sumber  : BPS, Susenas  
<br />- Tahun 2002, Susenas Modul Konsumsi reguler
<br />- Tahun 2005, Susenas Panel (Februari)
<br />- Tahun 2006-2010, Susenas Panel (Maret)
<br />- Tahun 2011-2016, Susenas Modul Konsumsi (Maret dan September)
<br />- Angka Provinsi Papua Barat dan Papua sebelum tahun 2024 merupakan angka provinsi sebelum mengalami pemekaran Daerah Otonom Baru (DOB)",Kemiskinan dan Ketimpangan,38 Provinsi,1700,BENGKULU,191,Perkotaan+Perdesaan,125,2025,62,Semester 2 (September),0.339,17009819112562
bps_webapi,0000,2026-08-19T02:01:19+00:00,2026-08-05 12:26:57,98,Gini Ratio Menurut Provinsi dan Daerah,,3,,"- Sumber  : BPS, Susenas  
<br />- Tahun 2002, Susenas Modul Konsumsi reguler
<br />- Tahun 2005, Susenas Panel (Februari)
<br />- Tahun 2006-2010, Susenas Panel (Maret)
<br />- Tahun 2011-2016, Susenas Modul Konsumsi (Maret dan September)
<br />- Angka Provinsi Papua Barat dan Papua sebelum tahun 2024 merupakan angka provinsi sebelum mengalami pemekaran Daerah Otonom Baru (DOB)",Kemiskinan dan Ketimpangan,38 Provinsi,1800,LAMPUNG,189,Perkotaan,125,2025,61,Semester 1 (Maret),0.319,18009818912561
bps_webapi,0000,2026-08-19T02:01:19+00:00,2026-08-05 12:26:57,98,Gini Ratio Menurut Provinsi dan Daerah,,3,,"- Sumber  : BPS, Susenas  
<br />- Tahun 2002, Susenas Modul Konsumsi reguler
<br />- Tahun 2005, Susenas Panel (Februari)
<br />- Tahun 2006-2010, Susenas Panel (Maret)
<br />- Tahun 2011-2016, Susenas Modul Konsumsi (Maret dan September)
<br />- Angka Provinsi Papua Barat dan Papua sebelum tahun 2024 merupakan angka provinsi sebelum mengalami pemekaran Daerah Otonom Baru (DOB)",Kemiskinan dan Ketimpangan,38 Provinsi,1800,LAMPUNG,189,Perkotaan,125,2025,62,Semester 2 (September),0.312,18009818912562
bps_webapi,0000,2026-08-19T02:01:19+00:00,2026-08-05 12:26:57,98,Gini Ratio Menurut Provinsi dan Daerah,,3,,"- Sumber  : BPS, Susenas  
<br />- Tahun 2002, Susenas Modul Konsumsi reguler
<br />- Tahun 2005, Susenas Panel (Februari)
<br />- Tahun 2006-2010, Susenas Panel (Maret)
<br />- Tahun 2011-2016, Susenas Modul Konsumsi (Maret dan September)
<br />- Angka Provinsi Papua Barat dan Papua sebelum tahun 2024 merupakan angka provinsi sebelum mengalami pemekaran Daerah Otonom Baru (DOB)",Kemiskinan dan Ketimpangan,38 Provinsi,1800,LAMPUNG,190,Perdesaan,125,2025,61,Semester 1 (Maret),0.261,18009819012561
bps_webapi,0000,2026-08-19T02:01:19+00:00,2026-08-05 12:26:57,98,Gini Ratio Menurut Provinsi dan Daerah,,3,,"- Sumber  : BPS, Susenas  
<br />- Tahun 2002, Susenas Modul Konsumsi reguler
<br />- Tahun 2005, Susenas Panel (Februari)
<br />- Tahun 2006-2010, Susenas Panel (Maret)
<br />- Tahun 2011-2016, Susenas Modul Konsumsi (Maret dan September)
<br />- Angka Provinsi Papua Barat dan Papua sebelum tahun 2024 merupakan angka provinsi sebelum mengalami pemekaran Daerah Otonom Baru (DOB)",Kemiskinan dan Ketimpangan,38 Provinsi,1800,LAMPUNG,190,Perdesaan,125,2025,62,Semester 2 (September),0.265,18009819012562
bps_webapi,0000,2026-08-19T02:01:19+00:00,2026-08-05 12:26:57,98,Gini Ratio Menurut Provinsi dan Daerah,,3,,"- Sumber  : BPS, Susenas  
<br />- Tahun 2002, Susenas Modul Konsumsi reguler
<br />- Tahun 2005, Susenas Panel (Februari)
<br />- Tahun 2006-2010, Susenas Panel (Maret)
<br />- Tahun 2011-2016, Susenas Modul Konsumsi (Maret dan September)
<br />- Angka Provinsi Papua Barat dan Papua sebelum tahun 2024 merupakan angka provinsi sebelum mengalami pemekaran Daerah Otonom Baru (DOB)",Kemiskinan dan Ketimpangan,38 Provinsi,1800,LAMPUNG,191,Perkotaan+Perdesaan,125,2025,61,Semester 1 (Maret),0.292,18009819112561
bps_webapi,0000,2026-08-19T02:01:19+00:00,2026-08-05 12:26:57,98,Gini Ratio Menurut Provinsi dan Daerah,,3,,"- Sumber  : BPS, Susenas  
<br />- Tahun 2002, Susenas Modul Konsumsi reguler
<br />- Tahun 2005, Susenas Panel (Februari)
<br />- Tahun 2006-2010, Susenas Panel (Maret)
<br />- Tahun 2011-2016, Susenas Modul Konsumsi (Maret dan September)
<br />- Angka Provinsi Papua Barat dan Papua sebelum tahun 2024 merupakan angka provinsi sebelum mengalami pemekaran Daerah Otonom Baru (DOB)",Kemiskinan dan Ketimpangan,38 Provinsi,1800,LAMPUNG,191,Perkotaan+Perdesaan,125,2025,62,Semester 2 (September),0.287,18009819112562
bps_webapi,0000,2026-08-19T02:01:19+00:00,2026-08-05 12:26:57,98,Gini Ratio Menurut Provinsi dan Daerah,,3,,"- Sumber  : BPS, Susenas  
<br />- Tahun 2002, Susenas Modul Konsumsi reguler
<br />- Tahun 2005, Susenas Panel (Februari)
<br />- Tahun 2006-2010, Susenas Panel (Maret)
<br />- Tahun 2011-2016, Susenas Modul Konsumsi (Maret dan September)
<br />- Angka Provinsi Papua Barat dan Papua sebelum tahun 2024 merupakan angka provinsi sebelum mengalami pemekaran Daerah Otonom Baru (DOB)",Kemiskinan dan Ketimpangan,38 Provinsi,1900,KEP. BANGKA BELITUNG,189,Perkotaan,125,2025,61,Semester 1 (Maret),0.232,19009818912561
bps_webapi,0000,2026-08-19T02:01:19+00:00,2026-08-05 12:26:57,98,Gini Ratio Menurut Provinsi dan Daerah,,3,,"- Sumber  : BPS, Susenas  
<br />- Tahun 2002, Susenas Modul Konsumsi reguler
<br />- Tahun 2005, Susenas Panel (Februari)
<br />- Tahun 2006-2010, Susenas Panel (Maret)
<br />- Tahun 2011-2016, Susenas Modul Konsumsi (Maret dan September)
<br />- Angka Provinsi Papua Barat dan Papua sebelum tahun 2024 merupakan angka provinsi sebelum mengalami pemekaran Daerah Otonom Baru (DOB)",Kemiskinan dan Ketimpangan,38 Provinsi,1900,KEP. BANGKA BELITUNG,189,Perkotaan,125,2025,62,Semester 2 (September),0.224,19009818912562
bps_webapi,0000,2026-08-19T02:01:19+00:00,2026-08-05 12:26:57,98,Gini Ratio Menurut Provinsi dan Daerah,,3,,"- Sumber  : BPS, Susenas  
<br />- Tahun 2002, Susenas Modul Konsumsi reguler
<br />- Tahun 2005, Susenas Panel (Februari)
<br />- Tahun 2006-2010, Susenas Panel (Maret)
<br />- Tahun 2011-2016, Susenas Modul Konsumsi (Maret dan September)
<br />- Angka Provinsi Papua Barat dan Papua sebelum tahun 2024 merupakan angka provinsi sebelum mengalami pemekaran Daerah Otonom Baru (DOB)",Kemiskinan dan Ketimpangan,38 Provinsi,1900,KEP. BANGKA BELITUNG,190,Perdesaan,125,2025,61,Semester 1 (Maret),0.199,19009819012561
bps_webapi,0000,2026-08-19T02:01:19+00:00,2026-08-05 12:26:57,98,Gini Ratio Menurut Provinsi dan Daerah,,3,,"- Sumber  : BPS, Susenas  
<br />- Tahun 2002, Susenas Modul Konsumsi reguler
<br />- Tahun 2005, Susenas Panel (Februari)
<br />- Tahun 2006-2010, Susenas Panel (Maret)
<br />- Tahun 2011-2016, Susenas Modul Konsumsi (Maret dan September)
<br />- Angka Provinsi Papua Barat dan Papua sebelum tahun 2024 merupakan angka provinsi sebelum mengalami pemekaran Daerah Otonom Baru (DOB)",Kemiskinan dan Ketimpangan,38 Provinsi,1900,KEP. BANGKA BELITUNG,190,Perdesaan,125,2025,62,Semester 2 (September),0.191,19009819012562
bps_webapi,0000,2026-08-19T02:01:19+00:00,2026-08-05 12:26:57,98,Gini Ratio Menurut Provinsi dan Daerah,,3,,"- Sumber  : BPS, Susenas  
<br />- Tahun 2002, Susenas Modul Konsumsi reguler
<br />- Tahun 2005, Susenas Panel (Februari)
<br />- Tahun 2006-2010, Susenas Panel (Maret)
<br />- Tahun 2011-2016, Susenas Modul Konsumsi (Maret dan September)
<br />- Angka Provinsi Papua Barat dan Papua sebelum tahun 2024 merupakan angka provinsi sebelum mengalami pemekaran Daerah Otonom Baru (DOB)",Kemiskinan dan Ketimpangan,38 Provinsi,1900,KEP. BANGKA BELITUNG,191,Perkotaan+Perdesaan,125,2025,61,Semester 1 (Maret),0.222,19009819112561
bps_webapi,0000,2026-08-19T02:01:19+00:00,2026-08-05 12:26:57,98,Gini Ratio Menurut Provinsi dan Daerah,,3,,"- Sumber  : BPS, Susenas  
<br />- Tahun 2002, Susenas Modul Konsumsi reguler
<br />- Tahun 2005, Susenas Panel (Februari)
<br />- Tahun 2006-2010, Susenas Panel (Maret)
<br />- Tahun 2011-2016, Susenas Modul Konsumsi (Maret dan September)
<br />- Angka Provinsi Papua Barat dan Papua sebelum tahun 2024 merupakan angka provinsi sebelum mengalami pemekaran Daerah Otonom Baru (DOB)",Kemiskinan dan Ketimpangan,38 Provinsi,1900,KEP. BANGKA BELITUNG,191,Perkotaan+Perdesaan,125,2025,62,Semester 2 (September),0.214,19009819112562
bps_webapi,0000,2026-08-19T02:01:19+00:00,2026-08-05 12:26:57,98,Gini Ratio Menurut Provinsi dan Daerah,,3,,"- Sumber  : BPS, Susenas  
<br />- Tahun 2002, Susenas Modul Konsumsi reguler
<br />- Tahun 2005, Susenas Panel (Februari)
<br />- Tahun 2006-2010, Susenas Panel (Maret)
<br />- Tahun 2011-2016, Susenas Modul Konsumsi (Maret dan September)
<br />- Angka Provinsi Papua Barat dan Papua sebelum tahun 2024 merupakan angka provinsi sebelum mengalami pemekaran Daerah Otonom Baru (DOB)",Kemiskinan dan Ketimpangan,38 Provinsi,2100,KEP. RIAU,189,Perkotaan,125,2025,61,Semester 1 (Maret),0.383,21009818912561
bps_webapi,0000,2026-08-19T02:01:19+00:00,2026-08-05 12:26:57,98,Gini Ratio Menurut Provinsi dan Daerah,,3,,"- Sumber  : BPS, Susenas  
<br />- Tahun 2002, Susenas Modul Konsumsi reguler
<br />- Tahun 2005, Susenas Panel (Februari)
<br />- Tahun 2006-2010, Susenas Panel (Maret)
<br />- Tahun 2011-2016, Susenas Modul Konsumsi (Maret dan September)
<br />- Angka Provinsi Papua Barat dan Papua sebelum tahun 2024 merupakan angka provinsi sebelum mengalami pemekaran Daerah Otonom Baru (DOB)",Kemiskinan dan Ketimpangan,38 Provinsi,2100,KEP. RIAU,189,Perkotaan,125,2025,62,Semester 2 (September),0.388,21009818912562
bps_webapi,0000,2026-08-19T02:01:19+00:00,2026-08-05 12:26:57,98,Gini Ratio Menurut Provinsi dan Daerah,,3,,"- Sumber  : BPS, Susenas  
<br />- Tahun 2002, Susenas Modul Konsumsi reguler
<br />- Tahun 2005, Susenas Panel (Februari)
<br />- Tahun 2006-2010, Susenas Panel (Maret)
<br />- Tahun 2011-2016, Susenas Modul Konsumsi (Maret dan September)
<br />- Angka Provinsi Papua Barat dan Papua sebelum tahun 2024 merupakan angka provinsi sebelum mengalami pemekaran Daerah Otonom Baru (DOB)",Kemiskinan dan Ketimpangan,38 Provinsi,2100,KEP. RIAU,190,Perdesaan,125,2025,61,Semester 1 (Maret),0.238,21009819012561
bps_webapi,0000,2026-08-19T02:01:19+00:00,2026-08-05 12:26:57,98,Gini Ratio Menurut Provinsi dan Daerah,,3,,"- Sumber  : BPS, Susenas  
<br />- Tahun 2002, Susenas Modul Konsumsi reguler
<br />- Tahun 2005, Susenas Panel (Februari)
<br />- Tahun 2006-2010, Susenas Panel (Maret)
<br />- Tahun 2011-2016, Susenas Modul Konsumsi (Maret dan September)
<br />- Angka Provinsi Papua Barat dan Papua sebelum tahun 2024 merupakan angka provinsi sebelum mengalami pemekaran Daerah Otonom Baru (DOB)",Kemiskinan dan Ketimpangan,38 Provinsi,2100,KEP. RIAU,190,Perdesaan,125,2025,62,Semester 2 (September),0.242,21009819012562
bps_webapi,0000,2026-08-19T02:01:19+00:00,2026-08-05 12:26:57,98,Gini Ratio Menurut Provinsi dan Daerah,,3,,"- Sumber  : BPS, Susenas  
<br />- Tahun 2002, Susenas Modul Konsumsi reguler
<br />- Tahun 2005, Susenas Panel (Februari)
<br />- Tahun 2006-2010, Susenas Panel (Maret)
<br />- Tahun 2011-2016, Susenas Modul Konsumsi (Maret dan September)
<br />- Angka Provinsi Papua Barat dan Papua sebelum tahun 2024 merupakan angka provinsi sebelum mengalami pemekaran Daerah Otonom Baru (DOB)",Kemiskinan dan Ketimpangan,38 Provinsi,2100,KEP. RIAU,191,Perkotaan+Perdesaan,125,2025,61,Semester 1 (Maret),0.382,21009819112561
bps_webapi,0000,2026-08-19T02:01:19+00:00,2026-08-05 12:26:57,98,Gini Ratio Menurut Provinsi dan Daerah,,3,,"- Sumber  : BPS, Susenas  
<br />- Tahun 2002, Susenas Modul Konsumsi reguler
<br />- Tahun 2005, Susenas Panel (Februari)
<br />- Tahun 2006-2010, Susenas Panel (Maret)
<br />- Tahun 2011-2016, Susenas Modul Konsumsi (Maret dan September)
<br />- Angka Provinsi Papua Barat dan Papua sebelum tahun 2024 merupakan angka provinsi sebelum mengalami pemekaran Daerah Otonom Baru (DOB)",Kemiskinan dan Ketimpangan,38 Provinsi,2100,KEP. RIAU,191,Perkotaan+Perdesaan,125,2025,62,Semester 2 (September),0.385,21009819112562
bps_webapi,0000,2026-08-19T02:01:19+00:00,2026-08-05 12:26:57,98,Gini Ratio Menurut Provinsi dan Daerah,,3,,"- Sumber  : BPS, Susenas  
<br />- Tahun 2002, Susenas Modul Konsumsi reguler
<br />- Tahun 2005, Susenas Panel (Februari)
<br />- Tahun 2006-2010, Susenas Panel (Maret)
<br />- Tahun 2011-2016, Susenas Modul Konsumsi (Maret dan September)
<br />- Angka Provinsi Papua Barat dan Papua sebelum tahun 2024 merupakan angka provinsi sebelum mengalami pemekaran Daerah Otonom Baru (DOB)",Kemiskinan dan Ketimpangan,38 Provinsi,3100,DKI JAKARTA,189,Perkotaan,125,2025,61,Semester 1 (Maret),0.441,31009818912561
bps_webapi,0000,2026-08-19T02:01:19+00:00,2026-08-05 12:26:57,98,Gini Ratio Menurut Provinsi dan Daerah,,3,,"- Sumber  : BPS, Susenas  
<br />- Tahun 2002, Susenas Modul Konsumsi reguler
<br />- Tahun 2005, Susenas Panel (Februari)
<br />- Tahun 2006-2010, Susenas Panel (Maret)
<br />- Tahun 2011-2016, Susenas Modul Konsumsi (Maret dan September)
<br />- Angka Provinsi Papua Barat dan Papua sebelum tahun 2024 merupakan angka provinsi sebelum mengalami pemekaran Daerah Otonom Baru (DOB)",Kemiskinan dan Ketimpangan,38 Provinsi,3100,DKI JAKARTA,189,Perkotaan,125,2025,62,Semester 2 (September),0.423,31009818912562
bps_webapi,0000,2026-08-19T02:01:19+00:00,2026-08-05 12:26:57,98,Gini Ratio Menurut Provinsi dan Daerah,,3,,"- Sumber  : BPS, Susenas  
<br />- Tahun 2002, Susenas Modul Konsumsi reguler
<br />- Tahun 2005, Susenas Panel (Februari)
<br />- Tahun 2006-2010, Susenas Panel (Maret)
<br />- Tahun 2011-2016, Susenas Modul Konsumsi (Maret dan September)
<br />- Angka Provinsi Papua Barat dan Papua sebelum tahun 2024 merupakan angka provinsi sebelum mengalami pemekaran Daerah Otonom Baru (DOB)",Kemiskinan dan Ketimpangan,38 Provinsi,3100,DKI JAKARTA,191,Perkotaan+Perdesaan,125,2025,61,Semester 1 (Maret),0.441,31009819112561
bps_webapi,0000,2026-08-19T02:01:19+00:00,2026-08-05 12:26:57,98,Gini Ratio Menurut Provinsi dan Daerah,,3,,"- Sumber  : BPS, Susenas  
<br />- Tahun 2002, Susenas Modul Konsumsi reguler
<br />- Tahun 2005, Susenas Panel (Februari)
<br />- Tahun 2006-2010, Susenas Panel (Maret)
<br />- Tahun 2011-2016, Susenas Modul Konsumsi (Maret dan September)
<br />- Angka Provinsi Papua Barat dan Papua sebelum tahun 2024 merupakan angka provinsi sebelum mengalami pemekaran Daerah Otonom Baru (DOB)",Kemiskinan dan Ketimpangan,38 Provinsi,3100,DKI JAKARTA,191,Perkotaan+Perdesaan,125,2025,62,Semester 2 (September),0.423,31009819112562
bps_webapi,0000,2026-08-19T02:01:19+00:00,2026-08-05 12:26:57,98,Gini Ratio Menurut Provinsi dan Daerah,,3,,"- Sumber  : BPS, Susenas  
<br />- Tahun 2002, Susenas Modul Konsumsi reguler
<br />- Tahun 2005, Susenas Panel (Februari)
<br />- Tahun 2006-2010, Susenas Panel (Maret)
<br />- Tahun 2011-2016, Susenas Modul Konsumsi (Maret dan September)
<br />- Angka Provinsi Papua Barat dan Papua sebelum tahun 2024 merupakan angka provinsi sebelum mengalami pemekaran Daerah Otonom Baru (DOB)",Kemiskinan dan Ketimpangan,38 Provinsi,3200,JAWA BARAT,189,Perkotaan,125,2025,61,Semester 1 (Maret),0.426,32009818912561
bps_webapi,0000,2026-08-19T02:01:19+00:00,2026-08-05 12:26:57,98,Gini Ratio Menurut Provinsi dan Daerah,,3,,"- Sumber  : BPS, Susenas  
<br />- Tahun 2002, Susenas Modul Konsumsi reguler
<br />- Tahun 2005, Susenas Panel (Februari)
<br />- Tahun 2006-2010, Susenas Panel (Maret)
<br />- Tahun 2011-2016, Susenas Modul Konsumsi (Maret dan September)
<br />- Angka Provinsi Papua Barat dan Papua sebelum tahun 2024 merupakan angka provinsi sebelum mengalami pemekaran Daerah Otonom Baru (DOB)",Kemiskinan dan Ketimpangan,38 Provinsi,3200,JAWA BARAT,189,Perkotaan,125,2025,62,Semester 2 (September),0.408,32009818912562
bps_webapi,0000,2026-08-19T02:01:19+00:00,2026-08-05 12:26:57,98,Gini Ratio Menurut Provinsi dan Daerah,,3,,"- Sumber  : BPS, Susenas  
<br />- Tahun 2002, Susenas Modul Konsumsi reguler
<br />- Tahun 2005, Susenas Panel (Februari)
<br />- Tahun 2006-2010, Susenas Panel (Maret)
<br />- Tahun 2011-2016, Susenas Modul Konsumsi (Maret dan September)
<br />- Angka Provinsi Papua Barat dan Papua sebelum tahun 2024 merupakan angka provinsi sebelum mengalami pemekaran Daerah Otonom Baru (DOB)",Kemiskinan dan Ketimpangan,38 Provinsi,3200,JAWA BARAT,190,Perdesaan,125,2025,61,Semester 1 (Maret),0.323,32009819012561
bps_webapi,0000,2026-08-19T02:01:19+00:00,2026-08-05 12:26:57,98,Gini Ratio Menurut Provinsi dan Daerah,,3,,"- Sumber  : BPS, Susenas  
<br />- Tahun 2002, Susenas Modul Konsumsi reguler
<br />- Tahun 2005, Susenas Panel (Februari)
<br />- Tahun 2006-2010, Susenas Panel (Maret)
<br />- Tahun 2011-2016, Susenas Modul Konsumsi (Maret dan September)
<br />- Angka Provinsi Papua Barat dan Papua sebelum tahun 2024 merupakan angka provinsi sebelum mengalami pemekaran Daerah Otonom Baru (DOB)",Kemiskinan dan Ketimpangan,38 Provinsi,3200,JAWA BARAT,190,Perdesaan,125,2025,62,Semester 2 (September),0.308,32009819012562
bps_webapi,0000,2026-08-19T02:01:19+00:00,2026-08-05 12:26:57,98,Gini Ratio Menurut Provinsi dan Daerah,,3,,"- Sumber  : BPS, Susenas  
<br />- Tahun 2002, Susenas Modul Konsumsi reguler
<br />- Tahun 2005, Susenas Panel (Februari)
<br />- Tahun 2006-2010, Susenas Panel (Maret)
<br />- Tahun 2011-2016, Susenas Modul Konsumsi (Maret dan September)
<br />- Angka Provinsi Papua Barat dan Papua sebelum tahun 2024 merupakan angka provinsi sebelum mengalami pemekaran Daerah Otonom Baru (DOB)",Kemiskinan dan Ketimpangan,38 Provinsi,3200,JAWA BARAT,191,Perkotaan+Perdesaan,125,2025,61,Semester 1 (Maret),0.416,32009819112561
bps_webapi,0000,2026-08-19T02:01:19+00:00,2026-08-05 12:26:57,98,Gini Ratio Menurut Provinsi dan Daerah,,3,,"- Sumber  : BPS, Susenas  
<br />- Tahun 2002, Susenas Modul Konsumsi reguler
<br />- Tahun 2005, Susenas Panel (Februari)
<br />- Tahun 2006-2010, Susenas Panel (Maret)
<br />- Tahun 2011-2016, Susenas Modul Konsumsi (Maret dan September)
<br />- Angka Provinsi Papua Barat dan Papua sebelum tahun 2024 merupakan angka provinsi sebelum mengalami pemekaran Daerah Otonom Baru (DOB)",Kemiskinan dan Ketimpangan,38 Provinsi,3200,JAWA BARAT,191,Perkotaan+Perdesaan,125,2025,62,Semester 2 (September),0.397,32009819112562
bps_webapi,0000,2026-08-19T02:01:19+00:00,2026-08-05 12:26:57,98,Gini Ratio Menurut Provinsi dan Daerah,,3,,"- Sumber  : BPS, Susenas  
<br />- Tahun 2002, Susenas Modul Konsumsi reguler
<br />- Tahun 2005, Susenas Panel (Februari)
<br />- Tahun 2006-2010, Susenas Panel (Maret)
<br />- Tahun 2011-2016, Susenas Modul Konsumsi (Maret dan September)
<br />- Angka Provinsi Papua Barat dan Papua sebelum tahun 2024 merupakan angka provinsi sebelum mengalami pemekaran Daerah Otonom Baru (DOB)",Kemiskinan dan Ketimpangan,38 Provinsi,3300,JAWA TENGAH,189,Perkotaan,125,2025,61,Semester 1 (Maret),0.39,33009818912561
bps_webapi,0000,2026-08-19T02:01:19+00:00,2026-08-05 12:26:57,98,Gini Ratio Menurut Provinsi dan Daerah,,3,,"- Sumber  : BPS, Susenas  
<br />- Tahun 2002, Susenas Modul Konsumsi reguler
<br />- Tahun 2005, Susenas Panel (Februari)
<br />- Tahun 2006-2010, Susenas Panel (Maret)
<br />- Tahun 2011-2016, Susenas Modul Konsumsi (Maret dan September)
<br />- Angka Provinsi Papua Barat dan Papua sebelum tahun 2024 merupakan angka provinsi sebelum mengalami pemekaran Daerah Otonom Baru (DOB)",Kemiskinan dan Ketimpangan,38 Provinsi,3300,JAWA TENGAH,189,Perkotaan,125,2025,62,Semester 2 (September),0.381,33009818912562
bps_webapi,0000,2026-08-19T02:01:19+00:00,2026-08-05 12:26:57,98,Gini Ratio Menurut Provinsi dan Daerah,,3,,"- Sumber  : BPS, Susenas  
<br />- Tahun 2002, Susenas Modul Konsumsi reguler
<br />- Tahun 2005, Susenas Panel (Februari)
<br />- Tahun 2006-2010, Susenas Panel (Maret)
<br />- Tahun 2011-2016, Susenas Modul Konsumsi (Maret dan September)
<br />- Angka Provinsi Papua Barat dan Papua sebelum tahun 2024 merupakan angka provinsi sebelum mengalami pemekaran Daerah Otonom Baru (DOB)",Kemiskinan dan Ketimpangan,38 Provinsi,3300,JAWA TENGAH,190,Perdesaan,125,2025,61,Semester 1 (Maret),0.306,33009819012561
bps_webapi,0000,2026-08-19T02:01:19+00:00,2026-08-05 12:26:57,98,Gini Ratio Menurut Provinsi dan Daerah,,3,,"- Sumber  : BPS, Susenas  
<br />- Tahun 2002, Susenas Modul Konsumsi reguler
<br />- Tahun 2005, Susenas Panel (Februari)
<br />- Tahun 2006-2010, Susenas Panel (Maret)
<br />- Tahun 2011-2016, Susenas Modul Konsumsi (Maret dan September)
<br />- Angka Provinsi Papua Barat dan Papua sebelum tahun 2024 merupakan angka provinsi sebelum mengalami pemekaran Daerah Otonom Baru (DOB)",Kemiskinan dan Ketimpangan,38 Provinsi,3300,JAWA TENGAH,190,Perdesaan,125,2025,62,Semester 2 (September),0.296,33009819012562
bps_webapi,0000,2026-08-19T02:01:19+00:00,2026-08-05 12:26:57,98,Gini Ratio Menurut Provinsi dan Daerah,,3,,"- Sumber  : BPS, Susenas  
<br />- Tahun 2002, Susenas Modul Konsumsi reguler
<br />- Tahun 2005, Susenas Panel (Februari)
<br />- Tahun 2006-2010, Susenas Panel (Maret)
<br />- Tahun 2011-2016, Susenas Modul Konsumsi (Maret dan September)
<br />- Angka Provinsi Papua Barat dan Papua sebelum tahun 2024 merupakan angka provinsi sebelum mengalami pemekaran Daerah Otonom Baru (DOB)",Kemiskinan dan Ketimpangan,38 Provinsi,3300,JAWA TENGAH,191,Perkotaan+Perdesaan,125,2025,61,Semester 1 (Maret),0.359,33009819112561
bps_webapi,0000,2026-08-19T02:01:19+00:00,2026-08-05 12:26:57,98,Gini Ratio Menurut Provinsi dan Daerah,,3,,"- Sumber  : BPS, Susenas  
<br />- Tahun 2002, Susenas Modul Konsumsi reguler
<br />- Tahun 2005, Susenas Panel (Februari)
<br />- Tahun 2006-2010, Susenas Panel (Maret)
<br />- Tahun 2011-2016, Susenas Modul Konsumsi (Maret dan September)
<br />- Angka Provinsi Papua Barat dan Papua sebelum tahun 2024 merupakan angka provinsi sebelum mengalami pemekaran Daerah Otonom Baru (DOB)",Kemiskinan dan Ketimpangan,38 Provinsi,3300,JAWA TENGAH,191,Perkotaan+Perdesaan,125,2025,62,Semester 2 (September),0.35,33009819112562
bps_webapi,0000,2026-08-19T02:01:19+00:00,2026-08-05 12:26:57,98,Gini Ratio Menurut Provinsi dan Daerah,,3,,"- Sumber  : BPS, Susenas  
<br />- Tahun 2002, Susenas Modul Konsumsi reguler
<br />- Tahun 2005, Susenas Panel (Februari)
<br />- Tahun 2006-2010, Susenas Panel (Maret)
<br />- Tahun 2011-2016, Susenas Modul Konsumsi (Maret dan September)
<br />- Angka Provinsi Papua Barat dan Papua sebelum tahun 2024 merupakan angka provinsi sebelum mengalami pemekaran Daerah Otonom Baru (DOB)",Kemiskinan dan Ketimpangan,38 Provinsi,3400,DI YOGYAKARTA,189,Perkotaan,125,2025,61,Semester 1 (Maret),0.434,34009818912561
bps_webapi,0000,2026-08-19T02:01:19+00:00,2026-08-05 12:26:57,98,Gini Ratio Menurut Provinsi dan Daerah,,3,,"- Sumber  : BPS, Susenas  
<br />- Tahun 2002, Susenas Modul Konsumsi reguler
<br />- Tahun 2005, Susenas Panel (Februari)
<br />- Tahun 2006-2010, Susenas Panel (Maret)
<br />- Tahun 2011-2016, Susenas Modul Konsumsi (Maret dan September)
<br />- Angka Provinsi Papua Barat dan Papua sebelum tahun 2024 merupakan angka provinsi sebelum mengalami pemekaran Daerah Otonom Baru (DOB)",Kemiskinan dan Ketimpangan,38 Provinsi,3400,DI YOGYAKARTA,189,Perkotaan,125,2025,62,Semester 2 (September),0.419,34009818912562
bps_webapi,0000,2026-08-19T02:01:19+00:00,2026-08-05 12:26:57,98,Gini Ratio Menurut Provinsi dan Daerah,,3,,"- Sumber  : BPS, Susenas  
<br />- Tahun 2002, Susenas Modul Konsumsi reguler
<br />- Tahun 2005, Susenas Panel (Februari)
<br />- Tahun 2006-2010, Susenas Panel (Maret)
<br />- Tahun 2011-2016, Susenas Modul Konsumsi (Maret dan September)
<br />- Angka Provinsi Papua Barat dan Papua sebelum tahun 2024 merupakan angka provinsi sebelum mengalami pemekaran Daerah Otonom Baru (DOB)",Kemiskinan dan Ketimpangan,38 Provinsi,3400,DI YOGYAKARTA,190,Perdesaan,125,2025,61,Semester 1 (Maret),0.334,34009819012561
bps_webapi,0000,2026-08-19T02:01:19+00:00,2026-08-05 12:26:57,98,Gini Ratio Menurut Provinsi dan Daerah,,3,,"- Sumber  : BPS, Susenas  
<br />- Tahun 2002, Susenas Modul Konsumsi reguler
<br />- Tahun 2005, Susenas Panel (Februari)
<br />- Tahun 2006-2010, Susenas Panel (Maret)
<br />- Tahun 2011-2016, Susenas Modul Konsumsi (Maret dan September)
<br />- Angka Provinsi Papua Barat dan Papua sebelum tahun 2024 merupakan angka provinsi sebelum mengalami pemekaran Daerah Otonom Baru (DOB)",Kemiskinan dan Ketimpangan,38 Provinsi,3400,DI YOGYAKARTA,190,Perdesaan,125,2025,62,Semester 2 (September),0.337,34009819012562
bps_webapi,0000,2026-08-19T02:01:19+00:00,2026-08-05 12:26:57,98,Gini Ratio Menurut Provinsi dan Daerah,,3,,"- Sumber  : BPS, Susenas  
<br />- Tahun 2002, Susenas Modul Konsumsi reguler
<br />- Tahun 2005, Susenas Panel (Februari)
<br />- Tahun 2006-2010, Susenas Panel (Maret)
<br />- Tahun 2011-2016, Susenas Modul Konsumsi (Maret dan September)
<br />- Angka Provinsi Papua Barat dan Papua sebelum tahun 2024 merupakan angka provinsi sebelum mengalami pemekaran Daerah Otonom Baru (DOB)",Kemiskinan dan Ketimpangan,38 Provinsi,3400,DI YOGYAKARTA,191,Perkotaan+Perdesaan,125,2025,61,Semester 1 (Maret),0.426,34009819112561
bps_webapi,0000,2026-08-19T02:01:19+00:00,2026-08-05 12:26:57,98,Gini Ratio Menurut Provinsi dan Daerah,,3,,"- Sumber  : BPS, Susenas  
<br />- Tahun 2002, Susenas Modul Konsumsi reguler
<br />- Tahun 2005, Susenas Panel (Februari)
<br />- Tahun 2006-2010, Susenas Panel (Maret)
<br />- Tahun 2011-2016, Susenas Modul Konsumsi (Maret dan September)
<br />- Angka Provinsi Papua Barat dan Papua sebelum tahun 2024 merupakan angka provinsi sebelum mengalami pemekaran Daerah Otonom Baru (DOB)",Kemiskinan dan Ketimpangan,38 Provinsi,3400,DI YOGYAKARTA,191,Perkotaan+Perdesaan,125,2025,62,Semester 2 (September),0.414,34009819112562
bps_webapi,0000,2026-08-19T02:01:19+00:00,2026-08-05 12:26:57,98,Gini Ratio Menurut Provinsi dan Daerah,,3,,"- Sumber  : BPS, Susenas  
<br />- Tahun 2002, Susenas Modul Konsumsi reguler
<br />- Tahun 2005, Susenas Panel (Februari)
<br />- Tahun 2006-2010, Susenas Panel (Maret)
<br />- Tahun 2011-2016, Susenas Modul Konsumsi (Maret dan September)
<br />- Angka Provinsi Papua Barat dan Papua sebelum tahun 2024 merupakan angka provinsi sebelum mengalami pemekaran Daerah Otonom Baru (DOB)",Kemiskinan dan Ketimpangan,38 Provinsi,3500,JAWA TIMUR,189,Perkotaan,125,2025,61,Semester 1 (Maret),0.383,35009818912561
bps_webapi,0000,2026-08-19T02:01:19+00:00,2026-08-05 12:26:57,98,Gini Ratio Menurut Provinsi dan Daerah,,3,,"- Sumber  : BPS, Susenas  
<br />- Tahun 2002, Susenas Modul Konsumsi reguler
<br />- Tahun 2005, Susenas Panel (Februari)
<br />- Tahun 2006-2010, Susenas Panel (Maret)
<br />- Tahun 2011-2016, Susenas Modul Konsumsi (Maret dan September)
<br />- Angka Provinsi Papua Barat dan Papua sebelum tahun 2024 merupakan angka provinsi sebelum mengalami pemekaran Daerah Otonom Baru (DOB)",Kemiskinan dan Ketimpangan,38 Provinsi,3500,JAWA TIMUR,189,Perkotaan,125,2025,62,Semester 2 (September),0.376,35009818912562
bps_webapi,0000,2026-08-19T02:01:19+00:00,2026-08-05 12:26:57,98,Gini Ratio Menurut Provinsi dan Daerah,,3,,"- Sumber  : BPS, Susenas  
<br />- Tahun 2002, Susenas Modul Konsumsi reguler
<br />- Tahun 2005, Susenas Panel (Februari)
<br />- Tahun 2006-2010, Susenas Panel (Maret)
<br />- Tahun 2011-2016, Susenas Modul Konsumsi (Maret dan September)
<br />- Angka Provinsi Papua Barat dan Papua sebelum tahun 2024 merupakan angka provinsi sebelum mengalami pemekaran Daerah Otonom Baru (DOB)",Kemiskinan dan Ketimpangan,38 Provinsi,3500,JAWA TIMUR,190,Perdesaan,125,2025,61,Semester 1 (Maret),0.326,35009819012561
bps_webapi,0000,2026-08-19T02:01:19+00:00,2026-08-05 12:26:57,98,Gini Ratio Menurut Provinsi dan Daerah,,3,,"- Sumber  : BPS, Susenas  
<br />- Tahun 2002, Susenas Modul Konsumsi reguler
<br />- Tahun 2005, Susenas Panel (Februari)
<br />- Tahun 2006-2010, Susenas Panel (Maret)
<br />- Tahun 2011-2016, Susenas Modul Konsumsi (Maret dan September)
<br />- Angka Provinsi Papua Barat dan Papua sebelum tahun 2024 merupakan angka provinsi sebelum mengalami pemekaran Daerah Otonom Baru (DOB)",Kemiskinan dan Ketimpangan,38 Provinsi,3500,JAWA TIMUR,190,Perdesaan,125,2025,62,Semester 2 (September),0.319,35009819012562
bps_webapi,0000,2026-08-19T02:01:19+00:00,2026-08-05 12:26:57,98,Gini Ratio Menurut Provinsi dan Daerah,,3,,"- Sumber  : BPS, Susenas  
<br />- Tahun 2002, Susenas Modul Konsumsi reguler
<br />- Tahun 2005, Susenas Panel (Februari)
<br />- Tahun 2006-2010, Susenas Panel (Maret)
<br />- Tahun 2011-2016, Susenas Modul Konsumsi (Maret dan September)
<br />- Angka Provinsi Papua Barat dan Papua sebelum tahun 2024 merupakan angka provinsi sebelum mengalami pemekaran Daerah Otonom Baru (DOB)",Kemiskinan dan Ketimpangan,38 Provinsi,3500,JAWA TIMUR,191,Perkotaan+Perdesaan,125,2025,61,Semester 1 (Maret),0.369,35009819112561
bps_webapi,0000,2026-08-19T02:01:19+00:00,2026-08-05 12:26:57,98,Gini Ratio Menurut Provinsi dan Daerah,,3,,"- Sumber  : BPS, Susenas  
<br />- Tahun 2002, Susenas Modul Konsumsi reguler
<br />- Tahun 2005, Susenas Panel (Februari)
<br />- Tahun 2006-2010, Susenas Panel (Maret)
<br />- Tahun 2011-2016, Susenas Modul Konsumsi (Maret dan September)
<br />- Angka Provinsi Papua Barat dan Papua sebelum tahun 2024 merupakan angka provinsi sebelum mengalami pemekaran Daerah Otonom Baru (DOB)",Kemiskinan dan Ketimpangan,38 Provinsi,3500,JAWA TIMUR,191,Perkotaan+Perdesaan,125,2025,62,Semester 2 (September),0.359,35009819112562
bps_webapi,0000,2026-08-19T02:01:19+00:00,2026-08-05 12:26:57,98,Gini Ratio Menurut Provinsi dan Daerah,,3,,"- Sumber  : BPS, Susenas  
<br />- Tahun 2002, Susenas Modul Konsumsi reguler
<br />- Tahun 2005, Susenas Panel (Februari)
<br />- Tahun 2006-2010, Susenas Panel (Maret)
<br />- Tahun 2011-2016, Susenas Modul Konsumsi (Maret dan September)
<br />- Angka Provinsi Papua Barat dan Papua sebelum tahun 2024 merupakan angka provinsi sebelum mengalami pemekaran Daerah Otonom Baru (DOB)",Kemiskinan dan Ketimpangan,38 Provinsi,3600,BANTEN,189,Perkotaan,125,2025,61,Semester 1 (Maret),0.335,36009818912561
bps_webapi,0000,2026-08-19T02:01:19+00:00,2026-08-05 12:26:57,98,Gini Ratio Menurut Provinsi dan Daerah,,3,,"- Sumber  : BPS, Susenas  
<br />- Tahun 2002, Susenas Modul Konsumsi reguler
<br />- Tahun 2005, Susenas Panel (Februari)
<br />- Tahun 2006-2010, Susenas Panel (Maret)
<br />- Tahun 2011-2016, Susenas Modul Konsumsi (Maret dan September)
<br />- Angka Provinsi Papua Barat dan Papua sebelum tahun 2024 merupakan angka provinsi sebelum mengalami pemekaran Daerah Otonom Baru (DOB)",Kemiskinan dan Ketimpangan,38 Provinsi,3600,BANTEN,189,Perkotaan,125,2025,62,Semester 2 (September),0.314,36009818912562
bps_webapi,0000,2026-08-19T02:01:19+00:00,2026-08-05 12:26:57,98,Gini Ratio Menurut Provinsi dan Daerah,,3,,"- Sumber  : BPS, Susenas  
<br />- Tahun 2002, Susenas Modul Konsumsi reguler
<br />- Tahun 2005, Susenas Panel (Februari)
<br />- Tahun 2006-2010, Susenas Panel (Maret)
<br />- Tahun 2011-2016, Susenas Modul Konsumsi (Maret dan September)
<br />- Angka Provinsi Papua Barat dan Papua sebelum tahun 2024 merupakan angka provinsi sebelum mengalami pemekaran Daerah Otonom Baru (DOB)",Kemiskinan dan Ketimpangan,38 Provinsi,3600,BANTEN,190,Perdesaan,125,2025,61,Semester 1 (Maret),0.221,36009819012561
bps_webapi,0000,2026-08-19T02:01:19+00:00,2026-08-05 12:26:57,98,Gini Ratio Menurut Provinsi dan Daerah,,3,,"- Sumber  : BPS, Susenas  
<br />- Tahun 2002, Susenas Modul Konsumsi reguler
<br />- Tahun 2005, Susenas Panel (Februari)
<br />- Tahun 2006-2010, Susenas Panel (Maret)
<br />- Tahun 2011-2016, Susenas Modul Konsumsi (Maret dan September)
<br />- Angka Provinsi Papua Barat dan Papua sebelum tahun 2024 merupakan angka provinsi sebelum mengalami pemekaran Daerah Otonom Baru (DOB)",Kemiskinan dan Ketimpangan,38 Provinsi,3600,BANTEN,190,Perdesaan,125,2025,62,Semester 2 (September),0.234,36009819012562
bps_webapi,0000,2026-08-19T02:01:19+00:00,2026-08-05 12:26:57,98,Gini Ratio Menurut Provinsi dan Daerah,,3,,"- Sumber  : BPS, Susenas  
<br />- Tahun 2002, Susenas Modul Konsumsi reguler
<br />- Tahun 2005, Susenas Panel (Februari)
<br />- Tahun 2006-2010, Susenas Panel (Maret)
<br />- Tahun 2011-2016, Susenas Modul Konsumsi (Maret dan September)
<br />- Angka Provinsi Papua Barat dan Papua sebelum tahun 2024 merupakan angka provinsi sebelum mengalami pemekaran Daerah Otonom Baru (DOB)",Kemiskinan dan Ketimpangan,38 Provinsi,3600,BANTEN,191,Perkotaan+Perdesaan,125,2025,61,Semester 1 (Maret),0.33,36009819112561
bps_webapi,0000,2026-08-19T02:01:19+00:00,2026-08-05 12:26:57,98,Gini Ratio Menurut Provinsi dan Daerah,,3,,"- Sumber  : BPS, Susenas  
<br />- Tahun 2002, Susenas Modul Konsumsi reguler
<br />- Tahun 2005, Susenas Panel (Februari)
<br />- Tahun 2006-2010, Susenas Panel (Maret)
<br />- Tahun 2011-2016, Susenas Modul Konsumsi (Maret dan September)
<br />- Angka Provinsi Papua Barat dan Papua sebelum tahun 2024 merupakan angka provinsi sebelum mengalami pemekaran Daerah Otonom Baru (DOB)",Kemiskinan dan Ketimpangan,38 Provinsi,3600,BANTEN,191,Perkotaan+Perdesaan,125,2025,62,Semester 2 (September),0.312,36009819112562
bps_webapi,0000,2026-08-19T02:01:19+00:00,2026-08-05 12:26:57,98,Gini Ratio Menurut Provinsi dan Daerah,,3,,"- Sumber  : BPS, Susenas  
<br />- Tahun 2002, Susenas Modul Konsumsi reguler
<br />- Tahun 2005, Susenas Panel (Februari)
<br />- Tahun 2006-2010, Susenas Panel (Maret)
<br />- Tahun 2011-2016, Susenas Modul Konsumsi (Maret dan September)
<br />- Angka Provinsi Papua Barat dan Papua sebelum tahun 2024 merupakan angka provinsi sebelum mengalami pemekaran Daerah Otonom Baru (DOB)",Kemiskinan dan Ketimpangan,38 Provinsi,5100,BALI,189,Perkotaan,125,2025,61,Semester 1 (Maret),0.352,51009818912561
bps_webapi,0000,2026-08-19T02:01:19+00:00,2026-08-05 12:26:57,98,Gini Ratio Menurut Provinsi dan Daerah,,3,,"- Sumber  : BPS, Susenas  
<br />- Tahun 2002, Susenas Modul Konsumsi reguler
<br />- Tahun 2005, Susenas Panel (Februari)
<br />- Tahun 2006-2010, Susenas Panel (Maret)
<br />- Tahun 2011-2016, Susenas Modul Konsumsi (Maret dan September)
<br />- Angka Provinsi Papua Barat dan Papua sebelum tahun 2024 merupakan angka provinsi sebelum mengalami pemekaran Daerah Otonom Baru (DOB)",Kemiskinan dan Ketimpangan,38 Provinsi,5100,BALI,189,Perkotaan,125,2025,62,Semester 2 (September),0.338,51009818912562
bps_webapi,0000,2026-08-19T02:01:19+00:00,2026-08-05 12:26:57,98,Gini Ratio Menurut Provinsi dan Daerah,,3,,"- Sumber  : BPS, Susenas  
<br />- Tahun 2002, Susenas Modul Konsumsi reguler
<br />- Tahun 2005, Susenas Panel (Februari)
<br />- Tahun 2006-2010, Susenas Panel (Maret)
<br />- Tahun 2011-2016, Susenas Modul Konsumsi (Maret dan September)
<br />- Angka Provinsi Papua Barat dan Papua sebelum tahun 2024 merupakan angka provinsi sebelum mengalami pemekaran Daerah Otonom Baru (DOB)",Kemiskinan dan Ketimpangan,38 Provinsi,5100,BALI,190,Perdesaan,125,2025,61,Semester 1 (Maret),0.277,51009819012561
bps_webapi,0000,2026-08-19T02:01:19+00:00,2026-08-05 12:26:57,98,Gini Ratio Menurut Provinsi dan Daerah,,3,,"- Sumber  : BPS, Susenas  
<br />- Tahun 2002, Susenas Modul Konsumsi reguler
<br />- Tahun 2005, Susenas Panel (Februari)
<br />- Tahun 2006-2010, Susenas Panel (Maret)
<br />- Tahun 2011-2016, Susenas Modul Konsumsi (Maret dan September)
<br />- Angka Provinsi Papua Barat dan Papua sebelum tahun 2024 merupakan angka provinsi sebelum mengalami pemekaran Daerah Otonom Baru (DOB)",Kemiskinan dan Ketimpangan,38 Provinsi,5100,BALI,190,Perdesaan,125,2025,62,Semester 2 (September),0.269,51009819012562
bps_webapi,0000,2026-08-19T02:01:19+00:00,2026-08-05 12:26:57,98,Gini Ratio Menurut Provinsi dan Daerah,,3,,"- Sumber  : BPS, Susenas  
<br />- Tahun 2002, Susenas Modul Konsumsi reguler
<br />- Tahun 2005, Susenas Panel (Februari)
<br />- Tahun 2006-2010, Susenas Panel (Maret)
<br />- Tahun 2011-2016, Susenas Modul Konsumsi (Maret dan September)
<br />- Angka Provinsi Papua Barat dan Papua sebelum tahun 2024 merupakan angka provinsi sebelum mengalami pemekaran Daerah Otonom Baru (DOB)",Kemiskinan dan Ketimpangan,38 Provinsi,5100,BALI,191,Perkotaan+Perdesaan,125,2025,61,Semester 1 (Maret),0.353,51009819112561
bps_webapi,0000,2026-08-19T02:01:19+00:00,2026-08-05 12:26:57,98,Gini Ratio Menurut Provinsi dan Daerah,,3,,"- Sumber  : BPS, Susenas  
<br />- Tahun 2002, Susenas Modul Konsumsi reguler
<br />- Tahun 2005, Susenas Panel (Februari)
<br />- Tahun 2006-2010, Susenas Panel (Maret)
<br />- Tahun 2011-2016, Susenas Modul Konsumsi (Maret dan September)
<br />- Angka Provinsi Papua Barat dan Papua sebelum tahun 2024 merupakan angka provinsi sebelum mengalami pemekaran Daerah Otonom Baru (DOB)",Kemiskinan dan Ketimpangan,38 Provinsi,5100,BALI,191,Perkotaan+Perdesaan,125,2025,62,Semester 2 (September),0.333,51009819112562
bps_webapi,0000,2026-08-19T02:01:19+00:00,2026-08-05 12:26:57,98,Gini Ratio Menurut Provinsi dan Daerah,,3,,"- Sumber  : BPS, Susenas  
<br />- Tahun 2002, Susenas Modul Konsumsi reguler
<br />- Tahun 2005, Susenas Panel (Februari)
<br />- Tahun 2006-2010, Susenas Panel (Maret)
<br />- Tahun 2011-2016, Susenas Modul Konsumsi (Maret dan September)
<br />- Angka Provinsi Papua Barat dan Papua sebelum tahun 2024 merupakan angka provinsi sebelum mengalami pemekaran Daerah Otonom Baru (DOB)",Kemiskinan dan Ketimpangan,38 Provinsi,5200,NUSA TENGGARA BARAT,189,Perkotaan,125,2025,61,Semester 1 (Maret),0.397,52009818912561
bps_webapi,0000,2026-08-19T02:01:19+00:00,2026-08-05 12:26:57,98,Gini Ratio Menurut Provinsi dan Daerah,,3,,"- Sumber  : BPS, Susenas  
<br />- Tahun 2002, Susenas Modul Konsumsi reguler
<br />- Tahun 2005, Susenas Panel (Februari)
<br />- Tahun 2006-2010, Susenas Panel (Maret)
<br />- Tahun 2011-2016, Susenas Modul Konsumsi (Maret dan September)
<br />- Angka Provinsi Papua Barat dan Papua sebelum tahun 2024 merupakan angka provinsi sebelum mengalami pemekaran Daerah Otonom Baru (DOB)",Kemiskinan dan Ketimpangan,38 Provinsi,5200,NUSA TENGGARA BARAT,189,Perkotaan,125,2025,62,Semester 2 (September),0.386,52009818912562
bps_webapi,0000,2026-08-19T02:01:19+00:00,2026-08-05 12:26:57,98,Gini Ratio Menurut Provinsi dan Daerah,,3,,"- Sumber  : BPS, Susenas  
<br />- Tahun 2002, Susenas Modul Konsumsi reguler
<br />- Tahun 2005, Susenas Panel (Februari)
<br />- Tahun 2006-2010, Susenas Panel (Maret)
<br />- Tahun 2011-2016, Susenas Modul Konsumsi (Maret dan September)
<br />- Angka Provinsi Papua Barat dan Papua sebelum tahun 2024 merupakan angka provinsi sebelum mengalami pemekaran Daerah Otonom Baru (DOB)",Kemiskinan dan Ketimpangan,38 Provinsi,5200,NUSA TENGGARA BARAT,190,Perdesaan,125,2025,61,Semester 1 (Maret),0.323,52009819012561
bps_webapi,0000,2026-08-19T02:01:19+00:00,2026-08-05 12:26:57,98,Gini Ratio Menurut Provinsi dan Daerah,,3,,"- Sumber  : BPS, Susenas  
<br />- Tahun 2002, Susenas Modul Konsumsi reguler
<br />- Tahun 2005, Susenas Panel (Februari)
<br />- Tahun 2006-2010, Susenas Panel (Maret)
<br />- Tahun 2011-2016, Susenas Modul Konsumsi (Maret dan September)
<br />- Angka Provinsi Papua Barat dan Papua sebelum tahun 2024 merupakan angka provinsi sebelum mengalami pemekaran Daerah Otonom Baru (DOB)",Kemiskinan dan Ketimpangan,38 Provinsi,5200,NUSA TENGGARA BARAT,190,Perdesaan,125,2025,62,Semester 2 (September),0.328,52009819012562
bps_webapi,0000,2026-08-19T02:01:19+00:00,2026-08-05 12:26:57,98,Gini Ratio Menurut Provinsi dan Daerah,,3,,"- Sumber  : BPS, Susenas  
<br />- Tahun 2002, Susenas Modul Konsumsi reguler
<br />- Tahun 2005, Susenas Panel (Februari)
<br />- Tahun 2006-2010, Susenas Panel (Maret)
<br />- Tahun 2011-2016, Susenas Modul Konsumsi (Maret dan September)
<br />- Angka Provinsi Papua Barat dan Papua sebelum tahun 2024 merupakan angka provinsi sebelum mengalami pemekaran Daerah Otonom Baru (DOB)",Kemiskinan dan Ketimpangan,38 Provinsi,5200,NUSA TENGGARA BARAT,191,Perkotaan+Perdesaan,125,2025,61,Semester 1 (Maret),0.369,52009819112561
bps_webapi,0000,2026-08-19T02:01:19+00:00,2026-08-05 12:26:57,98,Gini Ratio Menurut Provinsi dan Daerah,,3,,"- Sumber  : BPS, Susenas  
<br />- Tahun 2002, Susenas Modul Konsumsi reguler
<br />- Tahun 2005, Susenas Panel (Februari)
<br />- Tahun 2006-2010, Susenas Panel (Maret)
<br />- Tahun 2011-2016, Susenas Modul Konsumsi (Maret dan September)
<br />- Angka Provinsi Papua Barat dan Papua sebelum tahun 2024 merupakan angka provinsi sebelum mengalami pemekaran Daerah Otonom Baru (DOB)",Kemiskinan dan Ketimpangan,38 Provinsi,5200,NUSA TENGGARA BARAT,191,Perkotaan+Perdesaan,125,2025,62,Semester 2 (September),0.364,52009819112562
bps_webapi,0000,2026-08-19T02:01:19+00:00,2026-08-05 12:26:57,98,Gini Ratio Menurut Provinsi dan Daerah,,3,,"- Sumber  : BPS, Susenas  
<br />- Tahun 2002, Susenas Modul Konsumsi reguler
<br />- Tahun 2005, Susenas Panel (Februari)
<br />- Tahun 2006-2010, Susenas Panel (Maret)
<br />- Tahun 2011-2016, Susenas Modul Konsumsi (Maret dan September)
<br />- Angka Provinsi Papua Barat dan Papua sebelum tahun 2024 merupakan angka provinsi sebelum mengalami pemekaran Daerah Otonom Baru (DOB)",Kemiskinan dan Ketimpangan,38 Provinsi,5300,NUSA TENGGARA TIMUR,189,Perkotaan,125,2025,61,Semester 1 (Maret),0.28,53009818912561
bps_webapi,0000,2026-08-19T02:01:19+00:00,2026-08-05 12:26:57,98,Gini Ratio Menurut Provinsi dan Daerah,,3,,"- Sumber  : BPS, Susenas  
<br />- Tahun 2002, Susenas Modul Konsumsi reguler
<br />- Tahun 2005, Susenas Panel (Februari)
<br />- Tahun 2006-2010, Susenas Panel (Maret)
<br />- Tahun 2011-2016, Susenas Modul Konsumsi (Maret dan September)
<br />- Angka Provinsi Papua Barat dan Papua sebelum tahun 2024 merupakan angka provinsi sebelum mengalami pemekaran Daerah Otonom Baru (DOB)",Kemiskinan dan Ketimpangan,38 Provinsi,5300,NUSA TENGGARA TIMUR,189,Perkotaan,125,2025,62,Semester 2 (September),0.276,53009818912562
bps_webapi,0000,2026-08-19T02:01:19+00:00,2026-08-05 12:26:57,98,Gini Ratio Menurut Provinsi dan Daerah,,3,,"- Sumber  : BPS, Susenas  
<br />- Tahun 2002, Susenas Modul Konsumsi reguler
<br />- Tahun 2005, Susenas Panel (Februari)
<br />- Tahun 2006-2010, Susenas Panel (Maret)
<br />- Tahun 2011-2016, Susenas Modul Konsumsi (Maret dan September)
<br />- Angka Provinsi Papua Barat dan Papua sebelum tahun 2024 merupakan angka provinsi sebelum mengalami pemekaran Daerah Otonom Baru (DOB)",Kemiskinan dan Ketimpangan,38 Provinsi,5300,NUSA TENGGARA TIMUR,190,Perdesaan,125,2025,61,Semester 1 (Maret),0.298,53009819012561
bps_webapi,0000,2026-08-19T02:01:19+00:00,2026-08-05 12:26:57,98,Gini Ratio Menurut Provinsi dan Daerah,,3,,"- Sumber  : BPS, Susenas  
<br />- Tahun 2002, Susenas Modul Konsumsi reguler
<br />- Tahun 2005, Susenas Panel (Februari)
<br />- Tahun 2006-2010, Susenas Panel (Maret)
<br />- Tahun 2011-2016, Susenas Modul Konsumsi (Maret dan September)
<br />- Angka Provinsi Papua Barat dan Papua sebelum tahun 2024 merupakan angka provinsi sebelum mengalami pemekaran Daerah Otonom Baru (DOB)",Kemiskinan dan Ketimpangan,38 Provinsi,5300,NUSA TENGGARA TIMUR,190,Perdesaan,125,2025,62,Semester 2 (September),0.309,53009819012562
bps_webapi,0000,2026-08-19T02:01:19+00:00,2026-08-05 12:26:57,98,Gini Ratio Menurut Provinsi dan Daerah,,3,,"- Sumber  : BPS, Susenas  
<br />- Tahun 2002, Susenas Modul Konsumsi reguler
<br />- Tahun 2005, Susenas Panel (Februari)
<br />- Tahun 2006-2010, Susenas Panel (Maret)
<br />- Tahun 2011-2016, Susenas Modul Konsumsi (Maret dan September)
<br />- Angka Provinsi Papua Barat dan Papua sebelum tahun 2024 merupakan angka provinsi sebelum mengalami pemekaran Daerah Otonom Baru (DOB)",Kemiskinan dan Ketimpangan,38 Provinsi,5300,NUSA TENGGARA TIMUR,191,Perkotaan+Perdesaan,125,2025,61,Semester 1 (Maret),0.315,53009819112561
bps_webapi,0000,2026-08-19T02:01:19+00:00,2026-08-05 12:26:57,98,Gini Ratio Menurut Provinsi dan Daerah,,3,,"- Sumber  : BPS, Susenas  
<br />- Tahun 2002, Susenas Modul Konsumsi reguler
<br />- Tahun 2005, Susenas Panel (Februari)
<br />- Tahun 2006-2010, Susenas Panel (Maret)
<br />- Tahun 2011-2016, Susenas Modul Konsumsi (Maret dan September)
<br />- Angka Provinsi Papua Barat dan Papua sebelum tahun 2024 merupakan angka provinsi sebelum mengalami pemekaran Daerah Otonom Baru (DOB)",Kemiskinan dan Ketimpangan,38 Provinsi,5300,NUSA TENGGARA TIMUR,191,Perkotaan+Perdesaan,125,2025,62,Semester 2 (September),0.322,53009819112562
bps_webapi,0000,2026-08-19T02:01:19+00:00,2026-08-05 12:26:57,98,Gini Ratio Menurut Provinsi dan Daerah,,3,,"- Sumber  : BPS, Susenas  
<br />- Tahun 2002, Susenas Modul Konsumsi reguler
<br />- Tahun 2005, Susenas Panel (Februari)
<br />- Tahun 2006-2010, Susenas Panel (Maret)
<br />- Tahun 2011-2016, Susenas Modul Konsumsi (Maret dan September)
<br />- Angka Provinsi Papua Barat dan Papua sebelum tahun 2024 merupakan angka provinsi sebelum mengalami pemekaran Daerah Otonom Baru (DOB)",Kemiskinan dan Ketimpangan,38 Provinsi,6100,KALIMANTAN BARAT,189,Perkotaan,125,2025,61,Semester 1 (Maret),0.348,61009818912561
bps_webapi,0000,2026-08-19T02:01:19+00:00,2026-08-05 12:26:57,98,Gini Ratio Menurut Provinsi dan Daerah,,3,,"- Sumber  : BPS, Susenas  
<br />- Tahun 2002, Susenas Modul Konsumsi reguler
<br />- Tahun 2005, Susenas Panel (Februari)
<br />- Tahun 2006-2010, Susenas Panel (Maret)
<br />- Tahun 2011-2016, Susenas Modul Konsumsi (Maret dan September)
<br />- Angka Provinsi Papua Barat dan Papua sebelum tahun 2024 merupakan angka provinsi sebelum mengalami pemekaran Daerah Otonom Baru (DOB)",Kemiskinan dan Ketimpangan,38 Provinsi,6100,KALIMANTAN BARAT,189,Perkotaan,125,2025,62,Semester 2 (September),0.341,61009818912562
bps_webapi,0000,2026-08-19T02:01:19+00:00,2026-08-05 12:26:57,98,Gini Ratio Menurut Provinsi dan Daerah,,3,,"- Sumber  : BPS, Susenas  
<br />- Tahun 2002, Susenas Modul Konsumsi reguler
<br />- Tahun 2005, Susenas Panel (Februari)
<br />- Tahun 2006-2010, Susenas Panel (Maret)
<br />- Tahun 2011-2016, Susenas Modul Konsumsi (Maret dan September)
<br />- Angka Provinsi Papua Barat dan Papua sebelum tahun 2024 merupakan angka provinsi sebelum mengalami pemekaran Daerah Otonom Baru (DOB)",Kemiskinan dan Ketimpangan,38 Provinsi,6100,KALIMANTAN BARAT,190,Perdesaan,125,2025,61,Semester 1 (Maret),0.267,61009819012561
bps_webapi,0000,2026-08-19T02:01:19+00:00,2026-08-05 12:26:57,98,Gini Ratio Menurut Provinsi dan Daerah,,3,,"- Sumber  : BPS, Susenas  
<br />- Tahun 2002, Susenas Modul Konsumsi reguler
<br />- Tahun 2005, Susenas Panel (Februari)
<br />- Tahun 2006-2010, Susenas Panel (Maret)
<br />- Tahun 2011-2016, Susenas Modul Konsumsi (Maret dan September)
<br />- Angka Provinsi Papua Barat dan Papua sebelum tahun 2024 merupakan angka provinsi sebelum mengalami pemekaran Daerah Otonom Baru (DOB)",Kemiskinan dan Ketimpangan,38 Provinsi,6100,KALIMANTAN BARAT,190,Perdesaan,125,2025,62,Semester 2 (September),0.267,61009819012562
bps_webapi,0000,2026-08-19T02:01:19+00:00,2026-08-05 12:26:57,98,Gini Ratio Menurut Provinsi dan Daerah,,3,,"- Sumber  : BPS, Susenas  
<br />- Tahun 2002, Susenas Modul Konsumsi reguler
<br />- Tahun 2005, Susenas Panel (Februari)
<br />- Tahun 2006-2010, Susenas Panel (Maret)
<br />- Tahun 2011-2016, Susenas Modul Konsumsi (Maret dan September)
<br />- Angka Provinsi Papua Barat dan Papua sebelum tahun 2024 merupakan angka provinsi sebelum mengalami pemekaran Daerah Otonom Baru (DOB)",Kemiskinan dan Ketimpangan,38 Provinsi,6100,KALIMANTAN BARAT,191,Perkotaan+Perdesaan,125,2025,61,Semester 1 (Maret),0.316,61009819112561
bps_webapi,0000,2026-08-19T02:01:19+00:00,2026-08-05 12:26:57,98,Gini Ratio Menurut Provinsi dan Daerah,,3,,"- Sumber  : BPS, Susenas  
<br />- Tahun 2002, Susenas Modul Konsumsi reguler
<br />- Tahun 2005, Susenas Panel (Februari)
<br />- Tahun 2006-2010, Susenas Panel (Maret)
<br />- Tahun 2011-2016, Susenas Modul Konsumsi (Maret dan September)
<br />- Angka Provinsi Papua Barat dan Papua sebelum tahun 2024 merupakan angka provinsi sebelum mengalami pemekaran Daerah Otonom Baru (DOB)",Kemiskinan dan Ketimpangan,38 Provinsi,6100,KALIMANTAN BARAT,191,Perkotaan+Perdesaan,125,2025,62,Semester 2 (September),0.308,61009819112562
bps_webapi,0000,2026-08-19T02:01:19+00:00,2026-08-05 12:26:57,98,Gini Ratio Menurut Provinsi dan Daerah,,3,,"- Sumber  : BPS, Susenas  
<br />- Tahun 2002, Susenas Modul Konsumsi reguler
<br />- Tahun 2005, Susenas Panel (Februari)
<br />- Tahun 2006-2010, Susenas Panel (Maret)
<br />- Tahun 2011-2016, Susenas Modul Konsumsi (Maret dan September)
<br />- Angka Provinsi Papua Barat dan Papua sebelum tahun 2024 merupakan angka provinsi sebelum mengalami pemekaran Daerah Otonom Baru (DOB)",Kemiskinan dan Ketimpangan,38 Provinsi,6200,KALIMANTAN TENGAH,189,Perkotaan,125,2025,61,Semester 1 (Maret),0.31,62009818912561
bps_webapi,0000,2026-08-19T02:01:19+00:00,2026-08-05 12:26:57,98,Gini Ratio Menurut Provinsi dan Daerah,,3,,"- Sumber  : BPS, Susenas  
<br />- Tahun 2002, Susenas Modul Konsumsi reguler
<br />- Tahun 2005, Susenas Panel (Februari)
<br />- Tahun 2006-2010, Susenas Panel (Maret)
<br />- Tahun 2011-2016, Susenas Modul Konsumsi (Maret dan September)
<br />- Angka Provinsi Papua Barat dan Papua sebelum tahun 2024 merupakan angka provinsi sebelum mengalami pemekaran Daerah Otonom Baru (DOB)",Kemiskinan dan Ketimpangan,38 Provinsi,6200,KALIMANTAN TENGAH,189,Perkotaan,125,2025,62,Semester 2 (September),0.311,62009818912562
bps_webapi,0000,2026-08-19T02:01:19+00:00,2026-08-05 12:26:57,98,Gini Ratio Menurut Provinsi dan Daerah,,3,,"- Sumber  : BPS, Susenas  
<br />- Tahun 2002, Susenas Modul Konsumsi reguler
<br />- Tahun 2005, Susenas Panel (Februari)
<br />- Tahun 2006-2010, Susenas Panel (Maret)
<br />- Tahun 2011-2016, Susenas Modul Konsumsi (Maret dan September)
<br />- Angka Provinsi Papua Barat dan Papua sebelum tahun 2024 merupakan angka provinsi sebelum mengalami pemekaran Daerah Otonom Baru (DOB)",Kemiskinan dan Ketimpangan,38 Provinsi,6200,KALIMANTAN TENGAH,190,Perdesaan,125,2025,61,Semester 1 (Maret),0.272,62009819012561
bps_webapi,0000,2026-08-19T02:01:19+00:00,2026-08-05 12:26:57,98,Gini Ratio Menurut Provinsi dan Daerah,,3,,"- Sumber  : BPS, Susenas  
<br />- Tahun 2002, Susenas Modul Konsumsi reguler
<br />- Tahun 2005, Susenas Panel (Februari)
<br />- Tahun 2006-2010, Susenas Panel (Maret)
<br />- Tahun 2011-2016, Susenas Modul Konsumsi (Maret dan September)
<br />- Angka Provinsi Papua Barat dan Papua sebelum tahun 2024 merupakan angka provinsi sebelum mengalami pemekaran Daerah Otonom Baru (DOB)",Kemiskinan dan Ketimpangan,38 Provinsi,6200,KALIMANTAN TENGAH,190,Perdesaan,125,2025,62,Semester 2 (September),0.256,62009819012562
bps_webapi,0000,2026-08-19T02:01:19+00:00,2026-08-05 12:26:57,98,Gini Ratio Menurut Provinsi dan Daerah,,3,,"- Sumber  : BPS, Susenas  
<br />- Tahun 2002, Susenas Modul Konsumsi reguler
<br />- Tahun 2005, Susenas Panel (Februari)
<br />- Tahun 2006-2010, Susenas Panel (Maret)
<br />- Tahun 2011-2016, Susenas Modul Konsumsi (Maret dan September)
<br />- Angka Provinsi Papua Barat dan Papua sebelum tahun 2024 merupakan angka provinsi sebelum mengalami pemekaran Daerah Otonom Baru (DOB)",Kemiskinan dan Ketimpangan,38 Provinsi,6200,KALIMANTAN TENGAH,191,Perkotaan+Perdesaan,125,2025,61,Semester 1 (Maret),0.292,62009819112561
bps_webapi,0000,2026-08-19T02:01:19+00:00,2026-08-05 12:26:57,98,Gini Ratio Menurut Provinsi dan Daerah,,3,,"- Sumber  : BPS, Susenas  
<br />- Tahun 2002, Susenas Modul Konsumsi reguler
<br />- Tahun 2005, Susenas Panel (Februari)
<br />- Tahun 2006-2010, Susenas Panel (Maret)
<br />- Tahun 2011-2016, Susenas Modul Konsumsi (Maret dan September)
<br />- Angka Provinsi Papua Barat dan Papua sebelum tahun 2024 merupakan angka provinsi sebelum mengalami pemekaran Daerah Otonom Baru (DOB)",Kemiskinan dan Ketimpangan,38 Provinsi,6200,KALIMANTAN TENGAH,191,Perkotaan+Perdesaan,125,2025,62,Semester 2 (September),0.284,62009819112562
bps_webapi,0000,2026-08-19T02:01:19+00:00,2026-08-05 12:26:57,98,Gini Ratio Menurut Provinsi dan Daerah,,3,,"- Sumber  : BPS, Susenas  
<br />- Tahun 2002, Susenas Modul Konsumsi reguler
<br />- Tahun 2005, Susenas Panel (Februari)
<br />- Tahun 2006-2010, Susenas Panel (Maret)
<br />- Tahun 2011-2016, Susenas Modul Konsumsi (Maret dan September)
<br />- Angka Provinsi Papua Barat dan Papua sebelum tahun 2024 merupakan angka provinsi sebelum mengalami pemekaran Daerah Otonom Baru (DOB)",Kemiskinan dan Ketimpangan,38 Provinsi,6300,KALIMANTAN SELATAN,189,Perkotaan,125,2025,61,Semester 1 (Maret),0.304,63009818912561
bps_webapi,0000,2026-08-19T02:01:19+00:00,2026-08-05 12:26:57,98,Gini Ratio Menurut Provinsi dan Daerah,,3,,"- Sumber  : BPS, Susenas  
<br />- Tahun 2002, Susenas Modul Konsumsi reguler
<br />- Tahun 2005, Susenas Panel (Februari)
<br />- Tahun 2006-2010, Susenas Panel (Maret)
<br />- Tahun 2011-2016, Susenas Modul Konsumsi (Maret dan September)
<br />- Angka Provinsi Papua Barat dan Papua sebelum tahun 2024 merupakan angka provinsi sebelum mengalami pemekaran Daerah Otonom Baru (DOB)",Kemiskinan dan Ketimpangan,38 Provinsi,6300,KALIMANTAN SELATAN,189,Perkotaan,125,2025,62,Semester 2 (September),0.292,63009818912562
bps_webapi,0000,2026-08-19T02:01:19+00:00,2026-08-05 12:26:57,98,Gini Ratio Menurut Provinsi dan Daerah,,3,,"- Sumber  : BPS, Susenas  
<br />- Tahun 2002, Susenas Modul Konsumsi reguler
<br />- Tahun 2005, Susenas Panel (Februari)
<br />- Tahun 2006-2010, Susenas Panel (Maret)
<br />- Tahun 2011-2016, Susenas Modul Konsumsi (Maret dan September)
<br />- Angka Provinsi Papua Barat dan Papua sebelum tahun 2024 merupakan angka provinsi sebelum mengalami pemekaran Daerah Otonom Baru (DOB)",Kemiskinan dan Ketimpangan,38 Provinsi,6300,KALIMANTAN SELATAN,190,Perdesaan,125,2025,61,Semester 1 (Maret),0.248,63009819012561
bps_webapi,0000,2026-08-19T02:01:19+00:00,2026-08-05 12:26:57,98,Gini Ratio Menurut Provinsi dan Daerah,,3,,"- Sumber  : BPS, Susenas  
<br />- Tahun 2002, Susenas Modul Konsumsi reguler
<br />- Tahun 2005, Susenas Panel (Februari)
<br />- Tahun 2006-2010, Susenas Panel (Maret)
<br />- Tahun 2011-2016, Susenas Modul Konsumsi (Maret dan September)
<br />- Angka Provinsi Papua Barat dan Papua sebelum tahun 2024 merupakan angka provinsi sebelum mengalami pemekaran Daerah Otonom Baru (DOB)",Kemiskinan dan Ketimpangan,38 Provinsi,6300,KALIMANTAN SELATAN,190,Perdesaan,125,2025,62,Semester 2 (September),0.252,63009819012562
bps_webapi,0000,2026-08-19T02:01:19+00:00,2026-08-05 12:26:57,98,Gini Ratio Menurut Provinsi dan Daerah,,3,,"- Sumber  : BPS, Susenas  
<br />- Tahun 2002, Susenas Modul Konsumsi reguler
<br />- Tahun 2005, Susenas Panel (Februari)
<br />- Tahun 2006-2010, Susenas Panel (Maret)
<br />- Tahun 2011-2016, Susenas Modul Konsumsi (Maret dan September)
<br />- Angka Provinsi Papua Barat dan Papua sebelum tahun 2024 merupakan angka provinsi sebelum mengalami pemekaran Daerah Otonom Baru (DOB)",Kemiskinan dan Ketimpangan,38 Provinsi,6300,KALIMANTAN SELATAN,191,Perkotaan+Perdesaan,125,2025,61,Semester 1 (Maret),0.287,63009819112561
bps_webapi,0000,2026-08-19T02:01:19+00:00,2026-08-05 12:26:57,98,Gini Ratio Menurut Provinsi dan Daerah,,3,,"- Sumber  : BPS, Susenas  
<br />- Tahun 2002, Susenas Modul Konsumsi reguler
<br />- Tahun 2005, Susenas Panel (Februari)
<br />- Tahun 2006-2010, Susenas Panel (Maret)
<br />- Tahun 2011-2016, Susenas Modul Konsumsi (Maret dan September)
<br />- Angka Provinsi Papua Barat dan Papua sebelum tahun 2024 merupakan angka provinsi sebelum mengalami pemekaran Daerah Otonom Baru (DOB)",Kemiskinan dan Ketimpangan,38 Provinsi,6300,KALIMANTAN SELATAN,191,Perkotaan+Perdesaan,125,2025,62,Semester 2 (September),0.281,63009819112562
bps_webapi,0000,2026-08-19T02:01:19+00:00,2026-08-05 12:26:57,98,Gini Ratio Menurut Provinsi dan Daerah,,3,,"- Sumber  : BPS, Susenas  
<br />- Tahun 2002, Susenas Modul Konsumsi reguler
<br />- Tahun 2005, Susenas Panel (Februari)
<br />- Tahun 2006-2010, Susenas Panel (Maret)
<br />- Tahun 2011-2016, Susenas Modul Konsumsi (Maret dan September)
<br />- Angka Provinsi Papua Barat dan Papua sebelum tahun 2024 merupakan angka provinsi sebelum mengalami pemekaran Daerah Otonom Baru (DOB)",Kemiskinan dan Ketimpangan,38 Provinsi,6400,KALIMANTAN TIMUR,189,Perkotaan,125,2025,61,Semester 1 (Maret),0.316,64009818912561
bps_webapi,0000,2026-08-19T02:01:19+00:00,2026-08-05 12:26:57,98,Gini Ratio Menurut Provinsi dan Daerah,,3,,"- Sumber  : BPS, Susenas  
<br />- Tahun 2002, Susenas Modul Konsumsi reguler
<br />- Tahun 2005, Susenas Panel (Februari)
<br />- Tahun 2006-2010, Susenas Panel (Maret)
<br />- Tahun 2011-2016, Susenas Modul Konsumsi (Maret dan September)
<br />- Angka Provinsi Papua Barat dan Papua sebelum tahun 2024 merupakan angka provinsi sebelum mengalami pemekaran Daerah Otonom Baru (DOB)",Kemiskinan dan Ketimpangan,38 Provinsi,6400,KALIMANTAN TIMUR,189,Perkotaan,125,2025,62,Semester 2 (September),0.3,64009818912562
bps_webapi,0000,2026-08-19T02:01:19+00:00,2026-08-05 12:26:57,98,Gini Ratio Menurut Provinsi dan Daerah,,3,,"- Sumber  : BPS, Susenas  
<br />- Tahun 2002, Susenas Modul Konsumsi reguler
<br />- Tahun 2005, Susenas Panel (Februari)
<br />- Tahun 2006-2010, Susenas Panel (Maret)
<br />- Tahun 2011-2016, Susenas Modul Konsumsi (Maret dan September)
<br />- Angka Provinsi Papua Barat dan Papua sebelum tahun 2024 merupakan angka provinsi sebelum mengalami pemekaran Daerah Otonom Baru (DOB)",Kemiskinan dan Ketimpangan,38 Provinsi,6400,KALIMANTAN TIMUR,190,Perdesaan,125,2025,61,Semester 1 (Maret),0.287,64009819012561
bps_webapi,0000,2026-08-19T02:01:19+00:00,2026-08-05 12:26:57,98,Gini Ratio Menurut Provinsi dan Daerah,,3,,"- Sumber  : BPS, Susenas  
<br />- Tahun 2002, Susenas Modul Konsumsi reguler
<br />- Tahun 2005, Susenas Panel (Februari)
<br />- Tahun 2006-2010, Susenas Panel (Maret)
<br />- Tahun 2011-2016, Susenas Modul Konsumsi (Maret dan September)
<br />- Angka Provinsi Papua Barat dan Papua sebelum tahun 2024 merupakan angka provinsi sebelum mengalami pemekaran Daerah Otonom Baru (DOB)",Kemiskinan dan Ketimpangan,38 Provinsi,6400,KALIMANTAN TIMUR,190,Perdesaan,125,2025,62,Semester 2 (September),0.325,64009819012562
bps_webapi,0000,2026-08-19T02:01:19+00:00,2026-08-05 12:26:57,98,Gini Ratio Menurut Provinsi dan Daerah,,3,,"- Sumber  : BPS, Susenas  
<br />- Tahun 2002, Susenas Modul Konsumsi reguler
<br />- Tahun 2005, Susenas Panel (Februari)
<br />- Tahun 2006-2010, Susenas Panel (Maret)
<br />- Tahun 2011-2016, Susenas Modul Konsumsi (Maret dan September)
<br />- Angka Provinsi Papua Barat dan Papua sebelum tahun 2024 merupakan angka provinsi sebelum mengalami pemekaran Daerah Otonom Baru (DOB)",Kemiskinan dan Ketimpangan,38 Provinsi,6400,KALIMANTAN TIMUR,191,Perkotaan+Perdesaan,125,2025,61,Semester 1 (Maret),0.312,64009819112561
bps_webapi,0000,2026-08-19T02:01:19+00:00,2026-08-05 12:26:57,98,Gini Ratio Menurut Provinsi dan Daerah,,3,,"- Sumber  : BPS, Susenas  
<br />- Tahun 2002, Susenas Modul Konsumsi reguler
<br />- Tahun 2005, Susenas Panel (Februari)
<br />- Tahun 2006-2010, Susenas Panel (Maret)
<br />- Tahun 2011-2016, Susenas Modul Konsumsi (Maret dan September)
<br />- Angka Provinsi Papua Barat dan Papua sebelum tahun 2024 merupakan angka provinsi sebelum mengalami pemekaran Daerah Otonom Baru (DOB)",Kemiskinan dan Ketimpangan,38 Provinsi,6400,KALIMANTAN TIMUR,191,Perkotaan+Perdesaan,125,2025,62,Semester 2 (September),0.31,64009819112562
bps_webapi,0000,2026-08-19T02:01:19+00:00,2026-08-05 12:26:57,98,Gini Ratio Menurut Provinsi dan Daerah,,3,,"- Sumber  : BPS, Susenas  
<br />- Tahun 2002, Susenas Modul Konsumsi reguler
<br />- Tahun 2005, Susenas Panel (Februari)
<br />- Tahun 2006-2010, Susenas Panel (Maret)
<br />- Tahun 2011-2016, Susenas Modul Konsumsi (Maret dan September)
<br />- Angka Provinsi Papua Barat dan Papua sebelum tahun 2024 merupakan angka provinsi sebelum mengalami pemekaran Daerah Otonom Baru (DOB)",Kemiskinan dan Ketimpangan,38 Provinsi,6500,KALIMANTAN UTARA,189,Perkotaan,125,2025,61,Semester 1 (Maret),0.262,65009818912561
bps_webapi,0000,2026-08-19T02:01:19+00:00,2026-08-05 12:26:57,98,Gini Ratio Menurut Provinsi dan Daerah,,3,,"- Sumber  : BPS, Susenas  
<br />- Tahun 2002, Susenas Modul Konsumsi reguler
<br />- Tahun 2005, Susenas Panel (Februari)
<br />- Tahun 2006-2010, Susenas Panel (Maret)
<br />- Tahun 2011-2016, Susenas Modul Konsumsi (Maret dan September)
<br />- Angka Provinsi Papua Barat dan Papua sebelum tahun 2024 merupakan angka provinsi sebelum mengalami pemekaran Daerah Otonom Baru (DOB)",Kemiskinan dan Ketimpangan,38 Provinsi,6500,KALIMANTAN UTARA,189,Perkotaan,125,2025,62,Semester 2 (September),0.255,65009818912562
bps_webapi,0000,2026-08-19T02:01:19+00:00,2026-08-05 12:26:57,98,Gini Ratio Menurut Provinsi dan Daerah,,3,,"- Sumber  : BPS, Susenas  
<br />- Tahun 2002, Susenas Modul Konsumsi reguler
<br />- Tahun 2005, Susenas Panel (Februari)
<br />- Tahun 2006-2010, Susenas Panel (Maret)
<br />- Tahun 2011-2016, Susenas Modul Konsumsi (Maret dan September)
<br />- Angka Provinsi Papua Barat dan Papua sebelum tahun 2024 merupakan angka provinsi sebelum mengalami pemekaran Daerah Otonom Baru (DOB)",Kemiskinan dan Ketimpangan,38 Provinsi,6500,KALIMANTAN UTARA,190,Perdesaan,125,2025,61,Semester 1 (Maret),0.253,65009819012561
bps_webapi,0000,2026-08-19T02:01:19+00:00,2026-08-05 12:26:57,98,Gini Ratio Menurut Provinsi dan Daerah,,3,,"- Sumber  : BPS, Susenas  
<br />- Tahun 2002, Susenas Modul Konsumsi reguler
<br />- Tahun 2005, Susenas Panel (Februari)
<br />- Tahun 2006-2010, Susenas Panel (Maret)
<br />- Tahun 2011-2016, Susenas Modul Konsumsi (Maret dan September)
<br />- Angka Provinsi Papua Barat dan Papua sebelum tahun 2024 merupakan angka provinsi sebelum mengalami pemekaran Daerah Otonom Baru (DOB)",Kemiskinan dan Ketimpangan,38 Provinsi,6500,KALIMANTAN UTARA,190,Perdesaan,125,2025,62,Semester 2 (September),0.242,65009819012562
bps_webapi,0000,2026-08-19T02:01:19+00:00,2026-08-05 12:26:57,98,Gini Ratio Menurut Provinsi dan Daerah,,3,,"- Sumber  : BPS, Susenas  
<br />- Tahun 2002, Susenas Modul Konsumsi reguler
<br />- Tahun 2005, Susenas Panel (Februari)
<br />- Tahun 2006-2010, Susenas Panel (Maret)
<br />- Tahun 2011-2016, Susenas Modul Konsumsi (Maret dan September)
<br />- Angka Provinsi Papua Barat dan Papua sebelum tahun 2024 merupakan angka provinsi sebelum mengalami pemekaran Daerah Otonom Baru (DOB)",Kemiskinan dan Ketimpangan,38 Provinsi,6500,KALIMANTAN UTARA,191,Perkotaan+Perdesaan,125,2025,61,Semester 1 (Maret),0.261,65009819112561
bps_webapi,0000,2026-08-19T02:01:19+00:00,2026-08-05 12:26:57,98,Gini Ratio Menurut Provinsi dan Daerah,,3,,"- Sumber  : BPS, Susenas  
<br />- Tahun 2002, Susenas Modul Konsumsi reguler
<br />- Tahun 2005, Susenas Panel (Februari)
<br />- Tahun 2006-2010, Susenas Panel (Maret)
<br />- Tahun 2011-2016, Susenas Modul Konsumsi (Maret dan September)
<br />- Angka Provinsi Papua Barat dan Papua sebelum tahun 2024 merupakan angka provinsi sebelum mengalami pemekaran Daerah Otonom Baru (DOB)",Kemiskinan dan Ketimpangan,38 Provinsi,6500,KALIMANTAN UTARA,191,Perkotaan+Perdesaan,125,2025,62,Semester 2 (September),0.251,65009819112562
bps_webapi,0000,2026-08-19T02:01:19+00:00,2026-08-05 12:26:57,98,Gini Ratio Menurut Provinsi dan Daerah,,3,,"- Sumber  : BPS, Susenas  
<br />- Tahun 2002, Susenas Modul Konsumsi reguler
<br />- Tahun 2005, Susenas Panel (Februari)
<br />- Tahun 2006-2010, Susenas Panel (Maret)
<br />- Tahun 2011-2016, Susenas Modul Konsumsi (Maret dan September)
<br />- Angka Provinsi Papua Barat dan Papua sebelum tahun 2024 merupakan angka provinsi sebelum mengalami pemekaran Daerah Otonom Baru (DOB)",Kemiskinan dan Ketimpangan,38 Provinsi,7100,SULAWESI UTARA,189,Perkotaan,125,2025,61,Semester 1 (Maret),0.343,71009818912561
bps_webapi,0000,2026-08-19T02:01:19+00:00,2026-08-05 12:26:57,98,Gini Ratio Menurut Provinsi dan Daerah,,3,,"- Sumber  : BPS, Susenas  
<br />- Tahun 2002, Susenas Modul Konsumsi reguler
<br />- Tahun 2005, Susenas Panel (Februari)
<br />- Tahun 2006-2010, Susenas Panel (Maret)
<br />- Tahun 2011-2016, Susenas Modul Konsumsi (Maret dan September)
<br />- Angka Provinsi Papua Barat dan Papua sebelum tahun 2024 merupakan angka provinsi sebelum mengalami pemekaran Daerah Otonom Baru (DOB)",Kemiskinan dan Ketimpangan,38 Provinsi,7100,SULAWESI UTARA,189,Perkotaan,125,2025,62,Semester 2 (September),0.338,71009818912562
bps_webapi,0000,2026-08-19T02:01:19+00:00,2026-08-05 12:26:57,98,Gini Ratio Menurut Provinsi dan Daerah,,3,,"- Sumber  : BPS, Susenas  
<br />- Tahun 2002, Susenas Modul Konsumsi reguler
<br />- Tahun 2005, Susenas Panel (Februari)
<br />- Tahun 2006-2010, Susenas Panel (Maret)
<br />- Tahun 2011-2016, Susenas Modul Konsumsi (Maret dan September)
<br />- Angka Provinsi Papua Barat dan Papua sebelum tahun 2024 merupakan angka provinsi sebelum mengalami pemekaran Daerah Otonom Baru (DOB)",Kemiskinan dan Ketimpangan,38 Provinsi,7100,SULAWESI UTARA,190,Perdesaan,125,2025,61,Semester 1 (Maret),0.332,71009819012561
bps_webapi,0000,2026-08-19T02:01:19+00:00,2026-08-05 12:26:57,98,Gini Ratio Menurut Provinsi dan Daerah,,3,,"- Sumber  : BPS, Susenas  
<br />- Tahun 2002, Susenas Modul Konsumsi reguler
<br />- Tahun 2005, Susenas Panel (Februari)
<br />- Tahun 2006-2010, Susenas Panel (Maret)
<br />- Tahun 2011-2016, Susenas Modul Konsumsi (Maret dan September)
<br />- Angka Provinsi Papua Barat dan Papua sebelum tahun 2024 merupakan angka provinsi sebelum mengalami pemekaran Daerah Otonom Baru (DOB)",Kemiskinan dan Ketimpangan,38 Provinsi,7100,SULAWESI UTARA,190,Perdesaan,125,2025,62,Semester 2 (September),0.339,71009819012562
bps_webapi,0000,2026-08-19T02:01:19+00:00,2026-08-05 12:26:57,98,Gini Ratio Menurut Provinsi dan Daerah,,3,,"- Sumber  : BPS, Susenas  
<br />- Tahun 2002, Susenas Modul Konsumsi reguler
<br />- Tahun 2005, Susenas Panel (Februari)
<br />- Tahun 2006-2010, Susenas Panel (Maret)
<br />- Tahun 2011-2016, Susenas Modul Konsumsi (Maret dan September)
<br />- Angka Provinsi Papua Barat dan Papua sebelum tahun 2024 merupakan angka provinsi sebelum mengalami pemekaran Daerah Otonom Baru (DOB)",Kemiskinan dan Ketimpangan,38 Provinsi,7100,SULAWESI UTARA,191,Perkotaan+Perdesaan,125,2025,61,Semester 1 (Maret),0.343,71009819112561
bps_webapi,0000,2026-08-19T02:01:19+00:00,2026-08-05 12:26:57,98,Gini Ratio Menurut Provinsi dan Daerah,,3,,"- Sumber  : BPS, Susenas  
<br />- Tahun 2002, Susenas Modul Konsumsi reguler
<br />- Tahun 2005, Susenas Panel (Februari)
<br />- Tahun 2006-2010, Susenas Panel (Maret)
<br />- Tahun 2011-2016, Susenas Modul Konsumsi (Maret dan September)
<br />- Angka Provinsi Papua Barat dan Papua sebelum tahun 2024 merupakan angka provinsi sebelum mengalami pemekaran Daerah Otonom Baru (DOB)",Kemiskinan dan Ketimpangan,38 Provinsi,7100,SULAWESI UTARA,191,Perkotaan+Perdesaan,125,2025,62,Semester 2 (September),0.341,71009819112562
bps_webapi,0000,2026-08-19T02:01:19+00:00,2026-08-05 12:26:57,98,Gini Ratio Menurut Provinsi dan Daerah,,3,,"- Sumber  : BPS, Susenas  
<br />- Tahun 2002, Susenas Modul Konsumsi reguler
<br />- Tahun 2005, Susenas Panel (Februari)
<br />- Tahun 2006-2010, Susenas Panel (Maret)
<br />- Tahun 2011-2016, Susenas Modul Konsumsi (Maret dan September)
<br />- Angka Provinsi Papua Barat dan Papua sebelum tahun 2024 merupakan angka provinsi sebelum mengalami pemekaran Daerah Otonom Baru (DOB)",Kemiskinan dan Ketimpangan,38 Provinsi,7200,SULAWESI TENGAH,189,Perkotaan,125,2025,61,Semester 1 (Maret),0.305,72009818912561
bps_webapi,0000,2026-08-19T02:01:19+00:00,2026-08-05 12:26:57,98,Gini Ratio Menurut Provinsi dan Daerah,,3,,"- Sumber  : BPS, Susenas  
<br />- Tahun 2002, Susenas Modul Konsumsi reguler
<br />- Tahun 2005, Susenas Panel (Februari)
<br />- Tahun 2006-2010, Susenas Panel (Maret)
<br />- Tahun 2011-2016, Susenas Modul Konsumsi (Maret dan September)
<br />- Angka Provinsi Papua Barat dan Papua sebelum tahun 2024 merupakan angka provinsi sebelum mengalami pemekaran Daerah Otonom Baru (DOB)",Kemiskinan dan Ketimpangan,38 Provinsi,7200,SULAWESI TENGAH,189,Perkotaan,125,2025,62,Semester 2 (September),0.312,72009818912562
bps_webapi,0000,2026-08-19T02:01:19+00:00,2026-08-05 12:26:57,98,Gini Ratio Menurut Provinsi dan Daerah,,3,,"- Sumber  : BPS, Susenas  
<br />- Tahun 2002, Susenas Modul Konsumsi reguler
<br />- Tahun 2005, Susenas Panel (Februari)
<br />- Tahun 2006-2010, Susenas Panel (Maret)
<br />- Tahun 2011-2016, Susenas Modul Konsumsi (Maret dan September)
<br />- Angka Provinsi Papua Barat dan Papua sebelum tahun 2024 merupakan angka provinsi sebelum mengalami pemekaran Daerah Otonom Baru (DOB)",Kemiskinan dan Ketimpangan,38 Provinsi,7200,SULAWESI TENGAH,190,Perdesaan,125,2025,61,Semester 1 (Maret),0.249,72009819012561
bps_webapi,0000,2026-08-19T02:01:19+00:00,2026-08-05 12:26:57,98,Gini Ratio Menurut Provinsi dan Daerah,,3,,"- Sumber  : BPS, Susenas  
<br />- Tahun 2002, Susenas Modul Konsumsi reguler
<br />- Tahun 2005, Susenas Panel (Februari)
<br />- Tahun 2006-2010, Susenas Panel (Maret)
<br />- Tahun 2011-2016, Susenas Modul Konsumsi (Maret dan September)
<br />- Angka Provinsi Papua Barat dan Papua sebelum tahun 2024 merupakan angka provinsi sebelum mengalami pemekaran Daerah Otonom Baru (DOB)",Kemiskinan dan Ketimpangan,38 Provinsi,7200,SULAWESI TENGAH,190,Perdesaan,125,2025,62,Semester 2 (September),0.24,72009819012562
bps_webapi,0000,2026-08-19T02:01:19+00:00,2026-08-05 12:26:57,98,Gini Ratio Menurut Provinsi dan Daerah,,3,,"- Sumber  : BPS, Susenas  
<br />- Tahun 2002, Susenas Modul Konsumsi reguler
<br />- Tahun 2005, Susenas Panel (Februari)
<br />- Tahun 2006-2010, Susenas Panel (Maret)
<br />- Tahun 2011-2016, Susenas Modul Konsumsi (Maret dan September)
<br />- Angka Provinsi Papua Barat dan Papua sebelum tahun 2024 merupakan angka provinsi sebelum mengalami pemekaran Daerah Otonom Baru (DOB)",Kemiskinan dan Ketimpangan,38 Provinsi,7200,SULAWESI TENGAH,191,Perkotaan+Perdesaan,125,2025,61,Semester 1 (Maret),0.279,72009819112561
bps_webapi,0000,2026-08-19T02:01:19+00:00,2026-08-05 12:26:57,98,Gini Ratio Menurut Provinsi dan Daerah,,3,,"- Sumber  : BPS, Susenas  
<br />- Tahun 2002, Susenas Modul Konsumsi reguler
<br />- Tahun 2005, Susenas Panel (Februari)
<br />- Tahun 2006-2010, Susenas Panel (Maret)
<br />- Tahun 2011-2016, Susenas Modul Konsumsi (Maret dan September)
<br />- Angka Provinsi Papua Barat dan Papua sebelum tahun 2024 merupakan angka provinsi sebelum mengalami pemekaran Daerah Otonom Baru (DOB)",Kemiskinan dan Ketimpangan,38 Provinsi,7200,SULAWESI TENGAH,191,Perkotaan+Perdesaan,125,2025,62,Semester 2 (September),0.277,72009819112562
bps_webapi,0000,2026-08-19T02:01:19+00:00,2026-08-05 12:26:57,98,Gini Ratio Menurut Provinsi dan Daerah,,3,,"- Sumber  : BPS, Susenas  
<br />- Tahun 2002, Susenas Modul Konsumsi reguler
<br />- Tahun 2005, Susenas Panel (Februari)
<br />- Tahun 2006-2010, Susenas Panel (Maret)
<br />- Tahun 2011-2016, Susenas Modul Konsumsi (Maret dan September)
<br />- Angka Provinsi Papua Barat dan Papua sebelum tahun 2024 merupakan angka provinsi sebelum mengalami pemekaran Daerah Otonom Baru (DOB)",Kemiskinan dan Ketimpangan,38 Provinsi,7300,SULAWESI SELATAN,189,Perkotaan,125,2025,61,Semester 1 (Maret),0.373,73009818912561
bps_webapi,0000,2026-08-19T02:01:19+00:00,2026-08-05 12:26:57,98,Gini Ratio Menurut Provinsi dan Daerah,,3,,"- Sumber  : BPS, Susenas  
<br />- Tahun 2002, Susenas Modul Konsumsi reguler
<br />- Tahun 2005, Susenas Panel (Februari)
<br />- Tahun 2006-2010, Susenas Panel (Maret)
<br />- Tahun 2011-2016, Susenas Modul Konsumsi (Maret dan September)
<br />- Angka Provinsi Papua Barat dan Papua sebelum tahun 2024 merupakan angka provinsi sebelum mengalami pemekaran Daerah Otonom Baru (DOB)",Kemiskinan dan Ketimpangan,38 Provinsi,7300,SULAWESI SELATAN,189,Perkotaan,125,2025,62,Semester 2 (September),0.363,73009818912562
bps_webapi,0000,2026-08-19T02:01:19+00:00,2026-08-05 12:26:57,98,Gini Ratio Menurut Provinsi dan Daerah,,3,,"- Sumber  : BPS, Susenas  
<br />- Tahun 2002, Susenas Modul Konsumsi reguler
<br />- Tahun 2005, Susenas Panel (Februari)
<br />- Tahun 2006-2010, Susenas Panel (Maret)
<br />- Tahun 2011-2016, Susenas Modul Konsumsi (Maret dan September)
<br />- Angka Provinsi Papua Barat dan Papua sebelum tahun 2024 merupakan angka provinsi sebelum mengalami pemekaran Daerah Otonom Baru (DOB)",Kemiskinan dan Ketimpangan,38 Provinsi,7300,SULAWESI SELATAN,190,Perdesaan,125,2025,61,Semester 1 (Maret),0.333,73009819012561
bps_webapi,0000,2026-08-19T02:01:19+00:00,2026-08-05 12:26:57,98,Gini Ratio Menurut Provinsi dan Daerah,,3,,"- Sumber  : BPS, Susenas  
<br />- Tahun 2002, Susenas Modul Konsumsi reguler
<br />- Tahun 2005, Susenas Panel (Februari)
<br />- Tahun 2006-2010, Susenas Panel (Maret)
<br />- Tahun 2011-2016, Susenas Modul Konsumsi (Maret dan September)
<br />- Angka Provinsi Papua Barat dan Papua sebelum tahun 2024 merupakan angka provinsi sebelum mengalami pemekaran Daerah Otonom Baru (DOB)",Kemiskinan dan Ketimpangan,38 Provinsi,7300,SULAWESI SELATAN,190,Perdesaan,125,2025,62,Semester 2 (September),0.315,73009819012562
bps_webapi,0000,2026-08-19T02:01:19+00:00,2026-08-05 12:26:57,98,Gini Ratio Menurut Provinsi dan Daerah,,3,,"- Sumber  : BPS, Susenas  
<br />- Tahun 2002, Susenas Modul Konsumsi reguler
<br />- Tahun 2005, Susenas Panel (Februari)
<br />- Tahun 2006-2010, Susenas Panel (Maret)
<br />- Tahun 2011-2016, Susenas Modul Konsumsi (Maret dan September)
<br />- Angka Provinsi Papua Barat dan Papua sebelum tahun 2024 merupakan angka provinsi sebelum mengalami pemekaran Daerah Otonom Baru (DOB)",Kemiskinan dan Ketimpangan,38 Provinsi,7300,SULAWESI SELATAN,191,Perkotaan+Perdesaan,125,2025,61,Semester 1 (Maret),0.363,73009819112561
bps_webapi,0000,2026-08-19T02:01:19+00:00,2026-08-05 12:26:57,98,Gini Ratio Menurut Provinsi dan Daerah,,3,,"- Sumber  : BPS, Susenas  
<br />- Tahun 2002, Susenas Modul Konsumsi reguler
<br />- Tahun 2005, Susenas Panel (Februari)
<br />- Tahun 2006-2010, Susenas Panel (Maret)
<br />- Tahun 2011-2016, Susenas Modul Konsumsi (Maret dan September)
<br />- Angka Provinsi Papua Barat dan Papua sebelum tahun 2024 merupakan angka provinsi sebelum mengalami pemekaran Daerah Otonom Baru (DOB)",Kemiskinan dan Ketimpangan,38 Provinsi,7300,SULAWESI SELATAN,191,Perkotaan+Perdesaan,125,2025,62,Semester 2 (September),0.35,73009819112562
bps_webapi,0000,2026-08-19T02:01:19+00:00,2026-08-05 12:26:57,98,Gini Ratio Menurut Provinsi dan Daerah,,3,,"- Sumber  : BPS, Susenas  
<br />- Tahun 2002, Susenas Modul Konsumsi reguler
<br />- Tahun 2005, Susenas Panel (Februari)
<br />- Tahun 2006-2010, Susenas Panel (Maret)
<br />- Tahun 2011-2016, Susenas Modul Konsumsi (Maret dan September)
<br />- Angka Provinsi Papua Barat dan Papua sebelum tahun 2024 merupakan angka provinsi sebelum mengalami pemekaran Daerah Otonom Baru (DOB)",Kemiskinan dan Ketimpangan,38 Provinsi,7400,SULAWESI TENGGARA,189,Perkotaan,125,2025,61,Semester 1 (Maret),0.359,74009818912561
bps_webapi,0000,2026-08-19T02:01:19+00:00,2026-08-05 12:26:57,98,Gini Ratio Menurut Provinsi dan Daerah,,3,,"- Sumber  : BPS, Susenas  
<br />- Tahun 2002, Susenas Modul Konsumsi reguler
<br />- Tahun 2005, Susenas Panel (Februari)
<br />- Tahun 2006-2010, Susenas Panel (Maret)
<br />- Tahun 2011-2016, Susenas Modul Konsumsi (Maret dan September)
<br />- Angka Provinsi Papua Barat dan Papua sebelum tahun 2024 merupakan angka provinsi sebelum mengalami pemekaran Daerah Otonom Baru (DOB)",Kemiskinan dan Ketimpangan,38 Provinsi,7400,SULAWESI TENGGARA,189,Perkotaan,125,2025,62,Semester 2 (September),0.369,74009818912562
bps_webapi,0000,2026-08-19T02:01:19+00:00,2026-08-05 12:26:57,98,Gini Ratio Menurut Provinsi dan Daerah,,3,,"- Sumber  : BPS, Susenas  
<br />- Tahun 2002, Susenas Modul Konsumsi reguler
<br />- Tahun 2005, Susenas Panel (Februari)
<br />- Tahun 2006-2010, Susenas Panel (Maret)
<br />- Tahun 2011-2016, Susenas Modul Konsumsi (Maret dan September)
<br />- Angka Provinsi Papua Barat dan Papua sebelum tahun 2024 merupakan angka provinsi sebelum mengalami pemekaran Daerah Otonom Baru (DOB)",Kemiskinan dan Ketimpangan,38 Provinsi,7400,SULAWESI TENGGARA,190,Perdesaan,125,2025,61,Semester 1 (Maret),0.345,74009819012561
bps_webapi,0000,2026-08-19T02:01:19+00:00,2026-08-05 12:26:57,98,Gini Ratio Menurut Provinsi dan Daerah,,3,,"- Sumber  : BPS, Susenas  
<br />- Tahun 2002, Susenas Modul Konsumsi reguler
<br />- Tahun 2005, Susenas Panel (Februari)
<br />- Tahun 2006-2010, Susenas Panel (Maret)
<br />- Tahun 2011-2016, Susenas Modul Konsumsi (Maret dan September)
<br />- Angka Provinsi Papua Barat dan Papua sebelum tahun 2024 merupakan angka provinsi sebelum mengalami pemekaran Daerah Otonom Baru (DOB)",Kemiskinan dan Ketimpangan,38 Provinsi,7400,SULAWESI TENGGARA,190,Perdesaan,125,2025,62,Semester 2 (September),0.328,74009819012562
bps_webapi,0000,2026-08-19T02:01:19+00:00,2026-08-05 12:26:57,98,Gini Ratio Menurut Provinsi dan Daerah,,3,,"- Sumber  : BPS, Susenas  
<br />- Tahun 2002, Susenas Modul Konsumsi reguler
<br />- Tahun 2005, Susenas Panel (Februari)
<br />- Tahun 2006-2010, Susenas Panel (Maret)
<br />- Tahun 2011-2016, Susenas Modul Konsumsi (Maret dan September)
<br />- Angka Provinsi Papua Barat dan Papua sebelum tahun 2024 merupakan angka provinsi sebelum mengalami pemekaran Daerah Otonom Baru (DOB)",Kemiskinan dan Ketimpangan,38 Provinsi,7400,SULAWESI TENGGARA,191,Perkotaan+Perdesaan,125,2025,61,Semester 1 (Maret),0.363,74009819112561
bps_webapi,0000,2026-08-19T02:01:19+00:00,2026-08-05 12:26:57,98,Gini Ratio Menurut Provinsi dan Daerah,,3,,"- Sumber  : BPS, Susenas  
<br />- Tahun 2002, Susenas Modul Konsumsi reguler
<br />- Tahun 2005, Susenas Panel (Februari)
<br />- Tahun 2006-2010, Susenas Panel (Maret)
<br />- Tahun 2011-2016, Susenas Modul Konsumsi (Maret dan September)
<br />- Angka Provinsi Papua Barat dan Papua sebelum tahun 2024 merupakan angka provinsi sebelum mengalami pemekaran Daerah Otonom Baru (DOB)",Kemiskinan dan Ketimpangan,38 Provinsi,7400,SULAWESI TENGGARA,191,Perkotaan+Perdesaan,125,2025,62,Semester 2 (September),0.357,74009819112562
bps_webapi,0000,2026-08-19T02:01:19+00:00,2026-08-05 12:26:57,98,Gini Ratio Menurut Provinsi dan Daerah,,3,,"- Sumber  : BPS, Susenas  
<br />- Tahun 2002, Susenas Modul Konsumsi reguler
<br />- Tahun 2005, Susenas Panel (Februari)
<br />- Tahun 2006-2010, Susenas Panel (Maret)
<br />- Tahun 2011-2016, Susenas Modul Konsumsi (Maret dan September)
<br />- Angka Provinsi Papua Barat dan Papua sebelum tahun 2024 merupakan angka provinsi sebelum mengalami pemekaran Daerah Otonom Baru (DOB)",Kemiskinan dan Ketimpangan,38 Provinsi,7500,GORONTALO,189,Perkotaan,125,2025,61,Semester 1 (Maret),0.389,75009818912561
bps_webapi,0000,2026-08-19T02:01:19+00:00,2026-08-05 12:26:57,98,Gini Ratio Menurut Provinsi dan Daerah,,3,,"- Sumber  : BPS, Susenas  
<br />- Tahun 2002, Susenas Modul Konsumsi reguler
<br />- Tahun 2005, Susenas Panel (Februari)
<br />- Tahun 2006-2010, Susenas Panel (Maret)
<br />- Tahun 2011-2016, Susenas Modul Konsumsi (Maret dan September)
<br />- Angka Provinsi Papua Barat dan Papua sebelum tahun 2024 merupakan angka provinsi sebelum mengalami pemekaran Daerah Otonom Baru (DOB)",Kemiskinan dan Ketimpangan,38 Provinsi,7500,GORONTALO,189,Perkotaan,125,2025,62,Semester 2 (September),0.378,75009818912562
bps_webapi,0000,2026-08-19T02:01:19+00:00,2026-08-05 12:26:57,98,Gini Ratio Menurut Provinsi dan Daerah,,3,,"- Sumber  : BPS, Susenas  
<br />- Tahun 2002, Susenas Modul Konsumsi reguler
<br />- Tahun 2005, Susenas Panel (Februari)
<br />- Tahun 2006-2010, Susenas Panel (Maret)
<br />- Tahun 2011-2016, Susenas Modul Konsumsi (Maret dan September)
<br />- Angka Provinsi Papua Barat dan Papua sebelum tahun 2024 merupakan angka provinsi sebelum mengalami pemekaran Daerah Otonom Baru (DOB)",Kemiskinan dan Ketimpangan,38 Provinsi,7500,GORONTALO,190,Perdesaan,125,2025,61,Semester 1 (Maret),0.376,75009819012561
bps_webapi,0000,2026-08-19T02:01:19+00:00,2026-08-05 12:26:57,98,Gini Ratio Menurut Provinsi dan Daerah,,3,,"- Sumber  : BPS, Susenas  
<br />- Tahun 2002, Susenas Modul Konsumsi reguler
<br />- Tahun 2005, Susenas Panel (Februari)
<br />- Tahun 2006-2010, Susenas Panel (Maret)
<br />- Tahun 2011-2016, Susenas Modul Konsumsi (Maret dan September)
<br />- Angka Provinsi Papua Barat dan Papua sebelum tahun 2024 merupakan angka provinsi sebelum mengalami pemekaran Daerah Otonom Baru (DOB)",Kemiskinan dan Ketimpangan,38 Provinsi,7500,GORONTALO,190,Perdesaan,125,2025,62,Semester 2 (September),0.359,75009819012562
bps_webapi,0000,2026-08-19T02:01:19+00:00,2026-08-05 12:26:57,98,Gini Ratio Menurut Provinsi dan Daerah,,3,,"- Sumber  : BPS, Susenas  
<br />- Tahun 2002, Susenas Modul Konsumsi reguler
<br />- Tahun 2005, Susenas Panel (Februari)
<br />- Tahun 2006-2010, Susenas Panel (Maret)
<br />- Tahun 2011-2016, Susenas Modul Konsumsi (Maret dan September)
<br />- Angka Provinsi Papua Barat dan Papua sebelum tahun 2024 merupakan angka provinsi sebelum mengalami pemekaran Daerah Otonom Baru (DOB)",Kemiskinan dan Ketimpangan,38 Provinsi,7500,GORONTALO,191,Perkotaan+Perdesaan,125,2025,61,Semester 1 (Maret),0.392,75009819112561
bps_webapi,0000,2026-08-19T02:01:19+00:00,2026-08-05 12:26:57,98,Gini Ratio Menurut Provinsi dan Daerah,,3,,"- Sumber  : BPS, Susenas  
<br />- Tahun 2002, Susenas Modul Konsumsi reguler
<br />- Tahun 2005, Susenas Panel (Februari)
<br />- Tahun 2006-2010, Susenas Panel (Maret)
<br />- Tahun 2011-2016, Susenas Modul Konsumsi (Maret dan September)
<br />- Angka Provinsi Papua Barat dan Papua sebelum tahun 2024 merupakan angka provinsi sebelum mengalami pemekaran Daerah Otonom Baru (DOB)",Kemiskinan dan Ketimpangan,38 Provinsi,7500,GORONTALO,191,Perkotaan+Perdesaan,125,2025,62,Semester 2 (September),0.383,75009819112562
bps_webapi,0000,2026-08-19T02:01:19+00:00,2026-08-05 12:26:57,98,Gini Ratio Menurut Provinsi dan Daerah,,3,,"- Sumber  : BPS, Susenas  
<br />- Tahun 2002, Susenas Modul Konsumsi reguler
<br />- Tahun 2005, Susenas Panel (Februari)
<br />- Tahun 2006-2010, Susenas Panel (Maret)
<br />- Tahun 2011-2016, Susenas Modul Konsumsi (Maret dan September)
<br />- Angka Provinsi Papua Barat dan Papua sebelum tahun 2024 merupakan angka provinsi sebelum mengalami pemekaran Daerah Otonom Baru (DOB)",Kemiskinan dan Ketimpangan,38 Provinsi,7600,SULAWESI BARAT,189,Perkotaan,125,2025,61,Semester 1 (Maret),0.434,76009818912561
bps_webapi,0000,2026-08-19T02:01:19+00:00,2026-08-05 12:26:57,98,Gini Ratio Menurut Provinsi dan Daerah,,3,,"- Sumber  : BPS, Susenas  
<br />- Tahun 2002, Susenas Modul Konsumsi reguler
<br />- Tahun 2005, Susenas Panel (Februari)
<br />- Tahun 2006-2010, Susenas Panel (Maret)
<br />- Tahun 2011-2016, Susenas Modul Konsumsi (Maret dan September)
<br />- Angka Provinsi Papua Barat dan Papua sebelum tahun 2024 merupakan angka provinsi sebelum mengalami pemekaran Daerah Otonom Baru (DOB)",Kemiskinan dan Ketimpangan,38 Provinsi,7600,SULAWESI BARAT,189,Perkotaan,125,2025,62,Semester 2 (September),0.424,76009818912562
bps_webapi,0000,2026-08-19T02:01:19+00:00,2026-08-05 12:26:57,98,Gini Ratio Menurut Provinsi dan Daerah,,3,,"- Sumber  : BPS, Susenas  
<br />- Tahun 2002, Susenas Modul Konsumsi reguler
<br />- Tahun 2005, Susenas Panel (Februari)
<br />- Tahun 2006-2010, Susenas Panel (Maret)
<br />- Tahun 2011-2016, Susenas Modul Konsumsi (Maret dan September)
<br />- Angka Provinsi Papua Barat dan Papua sebelum tahun 2024 merupakan angka provinsi sebelum mengalami pemekaran Daerah Otonom Baru (DOB)",Kemiskinan dan Ketimpangan,38 Provinsi,7600,SULAWESI BARAT,190,Perdesaan,125,2025,61,Semester 1 (Maret),0.259,76009819012561
bps_webapi,0000,2026-08-19T02:01:19+00:00,2026-08-05 12:26:57,98,Gini Ratio Menurut Provinsi dan Daerah,,3,,"- Sumber  : BPS, Susenas  
<br />- Tahun 2002, Susenas Modul Konsumsi reguler
<br />- Tahun 2005, Susenas Panel (Februari)
<br />- Tahun 2006-2010, Susenas Panel (Maret)
<br />- Tahun 2011-2016, Susenas Modul Konsumsi (Maret dan September)
<br />- Angka Provinsi Papua Barat dan Papua sebelum tahun 2024 merupakan angka provinsi sebelum mengalami pemekaran Daerah Otonom Baru (DOB)",Kemiskinan dan Ketimpangan,38 Provinsi,7600,SULAWESI BARAT,190,Perdesaan,125,2025,62,Semester 2 (September),0.26,76009819012562
bps_webapi,0000,2026-08-19T02:01:19+00:00,2026-08-05 12:26:57,98,Gini Ratio Menurut Provinsi dan Daerah,,3,,"- Sumber  : BPS, Susenas  
<br />- Tahun 2002, Susenas Modul Konsumsi reguler
<br />- Tahun 2005, Susenas Panel (Februari)
<br />- Tahun 2006-2010, Susenas Panel (Maret)
<br />- Tahun 2011-2016, Susenas Modul Konsumsi (Maret dan September)
<br />- Angka Provinsi Papua Barat dan Papua sebelum tahun 2024 merupakan angka provinsi sebelum mengalami pemekaran Daerah Otonom Baru (DOB)",Kemiskinan dan Ketimpangan,38 Provinsi,7600,SULAWESI BARAT,191,Perkotaan+Perdesaan,125,2025,61,Semester 1 (Maret),0.316,76009819112561
bps_webapi,0000,2026-08-19T02:01:19+00:00,2026-08-05 12:26:57,98,Gini Ratio Menurut Provinsi dan Daerah,,3,,"- Sumber  : BPS, Susenas  
<br />- Tahun 2002, Susenas Modul Konsumsi reguler
<br />- Tahun 2005, Susenas Panel (Februari)
<br />- Tahun 2006-2010, Susenas Panel (Maret)
<br />- Tahun 2011-2016, Susenas Modul Konsumsi (Maret dan September)
<br />- Angka Provinsi Papua Barat dan Papua sebelum tahun 2024 merupakan angka provinsi sebelum mengalami pemekaran Daerah Otonom Baru (DOB)",Kemiskinan dan Ketimpangan,38 Provinsi,7600,SULAWESI BARAT,191,Perkotaan+Perdesaan,125,2025,62,Semester 2 (September),0.308,76009819112562
bps_webapi,0000,2026-08-19T02:01:19+00:00,2026-08-05 12:26:57,98,Gini Ratio Menurut Provinsi dan Daerah,,3,,"- Sumber  : BPS, Susenas  
<br />- Tahun 2002, Susenas Modul Konsumsi reguler
<br />- Tahun 2005, Susenas Panel (Februari)
<br />- Tahun 2006-2010, Susenas Panel (Maret)
<br />- Tahun 2011-2016, Susenas Modul Konsumsi (Maret dan September)
<br />- Angka Provinsi Papua Barat dan Papua sebelum tahun 2024 merupakan angka provinsi sebelum mengalami pemekaran Daerah Otonom Baru (DOB)",Kemiskinan dan Ketimpangan,38 Provinsi,8100,MALUKU,189,Perkotaan,125,2025,61,Semester 1 (Maret),0.276,81009818912561
bps_webapi,0000,2026-08-19T02:01:19+00:00,2026-08-05 12:26:57,98,Gini Ratio Menurut Provinsi dan Daerah,,3,,"- Sumber  : BPS, Susenas  
<br />- Tahun 2002, Susenas Modul Konsumsi reguler
<br />- Tahun 2005, Susenas Panel (Februari)
<br />- Tahun 2006-2010, Susenas Panel (Maret)
<br />- Tahun 2011-2016, Susenas Modul Konsumsi (Maret dan September)
<br />- Angka Provinsi Papua Barat dan Papua sebelum tahun 2024 merupakan angka provinsi sebelum mengalami pemekaran Daerah Otonom Baru (DOB)",Kemiskinan dan Ketimpangan,38 Provinsi,8100,MALUKU,189,Perkotaan,125,2025,62,Semester 2 (September),0.262,81009818912562
bps_webapi,0000,2026-08-19T02:01:19+00:00,2026-08-05 12:26:57,98,Gini Ratio Menurut Provinsi dan Daerah,,3,,"- Sumber  : BPS, Susenas  
<br />- Tahun 2002, Susenas Modul Konsumsi reguler
<br />- Tahun 2005, Susenas Panel (Februari)
<br />- Tahun 2006-2010, Susenas Panel (Maret)
<br />- Tahun 2011-2016, Susenas Modul Konsumsi (Maret dan September)
<br />- Angka Provinsi Papua Barat dan Papua sebelum tahun 2024 merupakan angka provinsi sebelum mengalami pemekaran Daerah Otonom Baru (DOB)",Kemiskinan dan Ketimpangan,38 Provinsi,8100,MALUKU,190,Perdesaan,125,2025,61,Semester 1 (Maret),0.249,81009819012561
bps_webapi,0000,2026-08-19T02:01:19+00:00,2026-08-05 12:26:57,98,Gini Ratio Menurut Provinsi dan Daerah,,3,,"- Sumber  : BPS, Susenas  
<br />- Tahun 2002, Susenas Modul Konsumsi reguler
<br />- Tahun 2005, Susenas Panel (Februari)
<br />- Tahun 2006-2010, Susenas Panel (Maret)
<br />- Tahun 2011-2016, Susenas Modul Konsumsi (Maret dan September)
<br />- Angka Provinsi Papua Barat dan Papua sebelum tahun 2024 merupakan angka provinsi sebelum mengalami pemekaran Daerah Otonom Baru (DOB)",Kemiskinan dan Ketimpangan,38 Provinsi,8100,MALUKU,190,Perdesaan,125,2025,62,Semester 2 (September),0.228,81009819012562
bps_webapi,0000,2026-08-19T02:01:19+00:00,2026-08-05 12:26:57,98,Gini Ratio Menurut Provinsi dan Daerah,,3,,"- Sumber  : BPS, Susenas  
<br />- Tahun 2002, Susenas Modul Konsumsi reguler
<br />- Tahun 2005, Susenas Panel (Februari)
<br />- Tahun 2006-2010, Susenas Panel (Maret)
<br />- Tahun 2011-2016, Susenas Modul Konsumsi (Maret dan September)
<br />- Angka Provinsi Papua Barat dan Papua sebelum tahun 2024 merupakan angka provinsi sebelum mengalami pemekaran Daerah Otonom Baru (DOB)",Kemiskinan dan Ketimpangan,38 Provinsi,8100,MALUKU,191,Perkotaan+Perdesaan,125,2025,61,Semester 1 (Maret),0.296,81009819112561
bps_webapi,0000,2026-08-19T02:01:19+00:00,2026-08-05 12:26:57,98,Gini Ratio Menurut Provinsi dan Daerah,,3,,"- Sumber  : BPS, Susenas  
<br />- Tahun 2002, Susenas Modul Konsumsi reguler
<br />- Tahun 2005, Susenas Panel (Februari)
<br />- Tahun 2006-2010, Susenas Panel (Maret)
<br />- Tahun 2011-2016, Susenas Modul Konsumsi (Maret dan September)
<br />- Angka Provinsi Papua Barat dan Papua sebelum tahun 2024 merupakan angka provinsi sebelum mengalami pemekaran Daerah Otonom Baru (DOB)",Kemiskinan dan Ketimpangan,38 Provinsi,8100,MALUKU,191,Perkotaan+Perdesaan,125,2025,62,Semester 2 (September),0.273,81009819112562
bps_webapi,0000,2026-08-19T02:01:19+00:00,2026-08-05 12:26:57,98,Gini Ratio Menurut Provinsi dan Daerah,,3,,"- Sumber  : BPS, Susenas  
<br />- Tahun 2002, Susenas Modul Konsumsi reguler
<br />- Tahun 2005, Susenas Panel (Februari)
<br />- Tahun 2006-2010, Susenas Panel (Maret)
<br />- Tahun 2011-2016, Susenas Modul Konsumsi (Maret dan September)
<br />- Angka Provinsi Papua Barat dan Papua sebelum tahun 2024 merupakan angka provinsi sebelum mengalami pemekaran Daerah Otonom Baru (DOB)",Kemiskinan dan Ketimpangan,38 Provinsi,8200,MALUKU UTARA,189,Perkotaan,125,2025,61,Semester 1 (Maret),0.34,82009818912561
bps_webapi,0000,2026-08-19T02:01:19+00:00,2026-08-05 12:26:57,98,Gini Ratio Menurut Provinsi dan Daerah,,3,,"- Sumber  : BPS, Susenas  
<br />- Tahun 2002, Susenas Modul Konsumsi reguler
<br />- Tahun 2005, Susenas Panel (Februari)
<br />- Tahun 2006-2010, Susenas Panel (Maret)
<br />- Tahun 2011-2016, Susenas Modul Konsumsi (Maret dan September)
<br />- Angka Provinsi Papua Barat dan Papua sebelum tahun 2024 merupakan angka provinsi sebelum mengalami pemekaran Daerah Otonom Baru (DOB)",Kemiskinan dan Ketimpangan,38 Provinsi,8200,MALUKU UTARA,189,Perkotaan,125,2025,62,Semester 2 (September),0.329,82009818912562
bps_webapi,0000,2026-08-19T02:01:19+00:00,2026-08-05 12:26:57,98,Gini Ratio Menurut Provinsi dan Daerah,,3,,"- Sumber  : BPS, Susenas  
<br />- Tahun 2002, Susenas Modul Konsumsi reguler
<br />- Tahun 2005, Susenas Panel (Februari)
<br />- Tahun 2006-2010, Susenas Panel (Maret)
<br />- Tahun 2011-2016, Susenas Modul Konsumsi (Maret dan September)
<br />- Angka Provinsi Papua Barat dan Papua sebelum tahun 2024 merupakan angka provinsi sebelum mengalami pemekaran Daerah Otonom Baru (DOB)",Kemiskinan dan Ketimpangan,38 Provinsi,8200,MALUKU UTARA,190,Perdesaan,125,2025,61,Semester 1 (Maret),0.249,82009819012561
bps_webapi,0000,2026-08-19T02:01:19+00:00,2026-08-05 12:26:57,98,Gini Ratio Menurut Provinsi dan Daerah,,3,,"- Sumber  : BPS, Susenas  
<br />- Tahun 2002, Susenas Modul Konsumsi reguler
<br />- Tahun 2005, Susenas Panel (Februari)
<br />- Tahun 2006-2010, Susenas Panel (Maret)
<br />- Tahun 2011-2016, Susenas Modul Konsumsi (Maret dan September)
<br />- Angka Provinsi Papua Barat dan Papua sebelum tahun 2024 merupakan angka provinsi sebelum mengalami pemekaran Daerah Otonom Baru (DOB)",Kemiskinan dan Ketimpangan,38 Provinsi,8200,MALUKU UTARA,190,Perdesaan,125,2025,62,Semester 2 (September),0.236,82009819012562
bps_webapi,0000,2026-08-19T02:01:19+00:00,2026-08-05 12:26:57,98,Gini Ratio Menurut Provinsi dan Daerah,,3,,"- Sumber  : BPS, Susenas  
<br />- Tahun 2002, Susenas Modul Konsumsi reguler
<br />- Tahun 2005, Susenas Panel (Februari)
<br />- Tahun 2006-2010, Susenas Panel (Maret)
<br />- Tahun 2011-2016, Susenas Modul Konsumsi (Maret dan September)
<br />- Angka Provinsi Papua Barat dan Papua sebelum tahun 2024 merupakan angka provinsi sebelum mengalami pemekaran Daerah Otonom Baru (DOB)",Kemiskinan dan Ketimpangan,38 Provinsi,8200,MALUKU UTARA,191,Perkotaan+Perdesaan,125,2025,61,Semester 1 (Maret),0.299,82009819112561
bps_webapi,0000,2026-08-19T02:01:19+00:00,2026-08-05 12:26:57,98,Gini Ratio Menurut Provinsi dan Daerah,,3,,"- Sumber  : BPS, Susenas  
<br />- Tahun 2002, Susenas Modul Konsumsi reguler
<br />- Tahun 2005, Susenas Panel (Februari)
<br />- Tahun 2006-2010, Susenas Panel (Maret)
<br />- Tahun 2011-2016, Susenas Modul Konsumsi (Maret dan September)
<br />- Angka Provinsi Papua Barat dan Papua sebelum tahun 2024 merupakan angka provinsi sebelum mengalami pemekaran Daerah Otonom Baru (DOB)",Kemiskinan dan Ketimpangan,38 Provinsi,8200,MALUKU UTARA,191,Perkotaan+Perdesaan,125,2025,62,Semester 2 (September),0.275,82009819112562
bps_webapi,0000,2026-08-19T02:01:19+00:00,2026-08-05 12:26:57,98,Gini Ratio Menurut Provinsi dan Daerah,,3,,"- Sumber  : BPS, Susenas  
<br />- Tahun 2002, Susenas Modul Konsumsi reguler
<br />- Tahun 2005, Susenas Panel (Februari)
<br />- Tahun 2006-2010, Susenas Panel (Maret)
<br />- Tahun 2011-2016, Susenas Modul Konsumsi (Maret dan September)
<br />- Angka Provinsi Papua Barat dan Papua sebelum tahun 2024 merupakan angka provinsi sebelum mengalami pemekaran Daerah Otonom Baru (DOB)",Kemiskinan dan Ketimpangan,38 Provinsi,9100,PAPUA BARAT,189,Perkotaan,125,2025,61,Semester 1 (Maret),0.279,91009818912561
bps_webapi,0000,2026-08-19T02:01:19+00:00,2026-08-05 12:26:57,98,Gini Ratio Menurut Provinsi dan Daerah,,3,,"- Sumber  : BPS, Susenas  
<br />- Tahun 2002, Susenas Modul Konsumsi reguler
<br />- Tahun 2005, Susenas Panel (Februari)
<br />- Tahun 2006-2010, Susenas Panel (Maret)
<br />- Tahun 2011-2016, Susenas Modul Konsumsi (Maret dan September)
<br />- Angka Provinsi Papua Barat dan Papua sebelum tahun 2024 merupakan angka provinsi sebelum mengalami pemekaran Daerah Otonom Baru (DOB)",Kemiskinan dan Ketimpangan,38 Provinsi,9100,PAPUA BARAT,189,Perkotaan,125,2025,62,Semester 2 (September),0.289,91009818912562
bps_webapi,0000,2026-08-19T02:01:19+00:00,2026-08-05 12:26:57,98,Gini Ratio Menurut Provinsi dan Daerah,,3,,"- Sumber  : BPS, Susenas  
<br />- Tahun 2002, Susenas Modul Konsumsi reguler
<br />- Tahun 2005, Susenas Panel (Februari)
<br />- Tahun 2006-2010, Susenas Panel (Maret)
<br />- Tahun 2011-2016, Susenas Modul Konsumsi (Maret dan September)
<br />- Angka Provinsi Papua Barat dan Papua sebelum tahun 2024 merupakan angka provinsi sebelum mengalami pemekaran Daerah Otonom Baru (DOB)",Kemiskinan dan Ketimpangan,38 Provinsi,9100,PAPUA BARAT,190,Perdesaan,125,2025,61,Semester 1 (Maret),0.409,91009819012561
bps_webapi,0000,2026-08-19T02:01:19+00:00,2026-08-05 12:26:57,98,Gini Ratio Menurut Provinsi dan Daerah,,3,,"- Sumber  : BPS, Susenas  
<br />- Tahun 2002, Susenas Modul Konsumsi reguler
<br />- Tahun 2005, Susenas Panel (Februari)
<br />- Tahun 2006-2010, Susenas Panel (Maret)
<br />- Tahun 2011-2016, Susenas Modul Konsumsi (Maret dan September)
<br />- Angka Provinsi Papua Barat dan Papua sebelum tahun 2024 merupakan angka provinsi sebelum mengalami pemekaran Daerah Otonom Baru (DOB)",Kemiskinan dan Ketimpangan,38 Provinsi,9100,PAPUA BARAT,190,Perdesaan,125,2025,62,Semester 2 (September),0.418,91009819012562
bps_webapi,0000,2026-08-19T02:01:19+00:00,2026-08-05 12:26:57,98,Gini Ratio Menurut Provinsi dan Daerah,,3,,"- Sumber  : BPS, Susenas  
<br />- Tahun 2002, Susenas Modul Konsumsi reguler
<br />- Tahun 2005, Susenas Panel (Februari)
<br />- Tahun 2006-2010, Susenas Panel (Maret)
<br />- Tahun 2011-2016, Susenas Modul Konsumsi (Maret dan September)
<br />- Angka Provinsi Papua Barat dan Papua sebelum tahun 2024 merupakan angka provinsi sebelum mengalami pemekaran Daerah Otonom Baru (DOB)",Kemiskinan dan Ketimpangan,38 Provinsi,9100,PAPUA BARAT,191,Perkotaan+Perdesaan,125,2025,61,Semester 1 (Maret),0.374,91009819112561
bps_webapi,0000,2026-08-19T02:01:19+00:00,2026-08-05 12:26:57,98,Gini Ratio Menurut Provinsi dan Daerah,,3,,"- Sumber  : BPS, Susenas  
<br />- Tahun 2002, Susenas Modul Konsumsi reguler
<br />- Tahun 2005, Susenas Panel (Februari)
<br />- Tahun 2006-2010, Susenas Panel (Maret)
<br />- Tahun 2011-2016, Susenas Modul Konsumsi (Maret dan September)
<br />- Angka Provinsi Papua Barat dan Papua sebelum tahun 2024 merupakan angka provinsi sebelum mengalami pemekaran Daerah Otonom Baru (DOB)",Kemiskinan dan Ketimpangan,38 Provinsi,9100,PAPUA BARAT,191,Perkotaan+Perdesaan,125,2025,62,Semester 2 (September),0.383,91009819112562
bps_webapi,0000,2026-08-19T02:01:19+00:00,2026-08-05 12:26:57,98,Gini Ratio Menurut Provinsi dan Daerah,,3,,"- Sumber  : BPS, Susenas  
<br />- Tahun 2002, Susenas Modul Konsumsi reguler
<br />- Tahun 2005, Susenas Panel (Februari)
<br />- Tahun 2006-2010, Susenas Panel (Maret)
<br />- Tahun 2011-2016, Susenas Modul Konsumsi (Maret dan September)
<br />- Angka Provinsi Papua Barat dan Papua sebelum tahun 2024 merupakan angka provinsi sebelum mengalami pemekaran Daerah Otonom Baru (DOB)",Kemiskinan dan Ketimpangan,38 Provinsi,9200,PAPUA BARAT DAYA,189,Perkotaan,125,2025,61,Semester 1 (Maret),0.251,92009818912561
bps_webapi,0000,2026-08-19T02:01:19+00:00,2026-08-05 12:26:57,98,Gini Ratio Menurut Provinsi dan Daerah,,3,,"- Sumber  : BPS, Susenas  
<br />- Tahun 2002, Susenas Modul Konsumsi reguler
<br />- Tahun 2005, Susenas Panel (Februari)
<br />- Tahun 2006-2010, Susenas Panel (Maret)
<br />- Tahun 2011-2016, Susenas Modul Konsumsi (Maret dan September)
<br />- Angka Provinsi Papua Barat dan Papua sebelum tahun 2024 merupakan angka provinsi sebelum mengalami pemekaran Daerah Otonom Baru (DOB)",Kemiskinan dan Ketimpangan,38 Provinsi,9200,PAPUA BARAT DAYA,189,Perkotaan,125,2025,62,Semester 2 (September),0.246,92009818912562
bps_webapi,0000,2026-08-19T02:01:19+00:00,2026-08-05 12:26:57,98,Gini Ratio Menurut Provinsi dan Daerah,,3,,"- Sumber  : BPS, Susenas  
<br />- Tahun 2002, Susenas Modul Konsumsi reguler
<br />- Tahun 2005, Susenas Panel (Februari)
<br />- Tahun 2006-2010, Susenas Panel (Maret)
<br />- Tahun 2011-2016, Susenas Modul Konsumsi (Maret dan September)
<br />- Angka Provinsi Papua Barat dan Papua sebelum tahun 2024 merupakan angka provinsi sebelum mengalami pemekaran Daerah Otonom Baru (DOB)",Kemiskinan dan Ketimpangan,38 Provinsi,9200,PAPUA BARAT DAYA,190,Perdesaan,125,2025,61,Semester 1 (Maret),0.478,92009819012561
bps_webapi,0000,2026-08-19T02:01:19+00:00,2026-08-05 12:26:57,98,Gini Ratio Menurut Provinsi dan Daerah,,3,,"- Sumber  : BPS, Susenas  
<br />- Tahun 2002, Susenas Modul Konsumsi reguler
<br />- Tahun 2005, Susenas Panel (Februari)
<br />- Tahun 2006-2010, Susenas Panel (Maret)
<br />- Tahun 2011-2016, Susenas Modul Konsumsi (Maret dan September)
<br />- Angka Provinsi Papua Barat dan Papua sebelum tahun 2024 merupakan angka provinsi sebelum mengalami pemekaran Daerah Otonom Baru (DOB)",Kemiskinan dan Ketimpangan,38 Provinsi,9200,PAPUA BARAT DAYA,190,Perdesaan,125,2025,62,Semester 2 (September),0.47,92009819012562
bps_webapi,0000,2026-08-19T02:01:19+00:00,2026-08-05 12:26:57,98,Gini Ratio Menurut Provinsi dan Daerah,,3,,"- Sumber  : BPS, Susenas  
<br />- Tahun 2002, Susenas Modul Konsumsi reguler
<br />- Tahun 2005, Susenas Panel (Februari)
<br />- Tahun 2006-2010, Susenas Panel (Maret)
<br />- Tahun 2011-2016, Susenas Modul Konsumsi (Maret dan September)
<br />- Angka Provinsi Papua Barat dan Papua sebelum tahun 2024 merupakan angka provinsi sebelum mengalami pemekaran Daerah Otonom Baru (DOB)",Kemiskinan dan Ketimpangan,38 Provinsi,9200,PAPUA BARAT DAYA,191,Perkotaan+Perdesaan,125,2025,61,Semester 1 (Maret),0.363,92009819112561
bps_webapi,0000,2026-08-19T02:01:19+00:00,2026-08-05 12:26:57,98,Gini Ratio Menurut Provinsi dan Daerah,,3,,"- Sumber  : BPS, Susenas  
<br />- Tahun 2002, Susenas Modul Konsumsi reguler
<br />- Tahun 2005, Susenas Panel (Februari)
<br />- Tahun 2006-2010, Susenas Panel (Maret)
<br />- Tahun 2011-2016, Susenas Modul Konsumsi (Maret dan September)
<br />- Angka Provinsi Papua Barat dan Papua sebelum tahun 2024 merupakan angka provinsi sebelum mengalami pemekaran Daerah Otonom Baru (DOB)",Kemiskinan dan Ketimpangan,38 Provinsi,9200,PAPUA BARAT DAYA,191,Perkotaan+Perdesaan,125,2025,62,Semester 2 (September),0.361,92009819112562
bps_webapi,0000,2026-08-19T02:01:19+00:00,2026-08-05 12:26:57,98,Gini Ratio Menurut Provinsi dan Daerah,,3,,"- Sumber  : BPS, Susenas  
<br />- Tahun 2002, Susenas Modul Konsumsi reguler
<br />- Tahun 2005, Susenas Panel (Februari)
<br />- Tahun 2006-2010, Susenas Panel (Maret)
<br />- Tahun 2011-2016, Susenas Modul Konsumsi (Maret dan September)
<br />- Angka Provinsi Papua Barat dan Papua sebelum tahun 2024 merupakan angka provinsi sebelum mengalami pemekaran Daerah Otonom Baru (DOB)",Kemiskinan dan Ketimpangan,38 Provinsi,9400,PAPUA,189,Perkotaan,125,2025,61,Semester 1 (Maret),0.314,94009818912561
bps_webapi,0000,2026-08-19T02:01:19+00:00,2026-08-05 12:26:57,98,Gini Ratio Menurut Provinsi dan Daerah,,3,,"- Sumber  : BPS, Susenas  
<br />- Tahun 2002, Susenas Modul Konsumsi reguler
<br />- Tahun 2005, Susenas Panel (Februari)
<br />- Tahun 2006-2010, Susenas Panel (Maret)
<br />- Tahun 2011-2016, Susenas Modul Konsumsi (Maret dan September)
<br />- Angka Provinsi Papua Barat dan Papua sebelum tahun 2024 merupakan angka provinsi sebelum mengalami pemekaran Daerah Otonom Baru (DOB)",Kemiskinan dan Ketimpangan,38 Provinsi,9400,PAPUA,189,Perkotaan,125,2025,62,Semester 2 (September),0.318,94009818912562
bps_webapi,0000,2026-08-19T02:01:19+00:00,2026-08-05 12:26:57,98,Gini Ratio Menurut Provinsi dan Daerah,,3,,"- Sumber  : BPS, Susenas  
<br />- Tahun 2002, Susenas Modul Konsumsi reguler
<br />- Tahun 2005, Susenas Panel (Februari)
<br />- Tahun 2006-2010, Susenas Panel (Maret)
<br />- Tahun 2011-2016, Susenas Modul Konsumsi (Maret dan September)
<br />- Angka Provinsi Papua Barat dan Papua sebelum tahun 2024 merupakan angka provinsi sebelum mengalami pemekaran Daerah Otonom Baru (DOB)",Kemiskinan dan Ketimpangan,38 Provinsi,9400,PAPUA,190,Perdesaan,125,2025,61,Semester 1 (Maret),0.511,94009819012561
bps_webapi,0000,2026-08-19T02:01:19+00:00,2026-08-05 12:26:57,98,Gini Ratio Menurut Provinsi dan Daerah,,3,,"- Sumber  : BPS, Susenas  
<br />- Tahun 2002, Susenas Modul Konsumsi reguler
<br />- Tahun 2005, Susenas Panel (Februari)
<br />- Tahun 2006-2010, Susenas Panel (Maret)
<br />- Tahun 2011-2016, Susenas Modul Konsumsi (Maret dan September)
<br />- Angka Provinsi Papua Barat dan Papua sebelum tahun 2024 merupakan angka provinsi sebelum mengalami pemekaran Daerah Otonom Baru (DOB)",Kemiskinan dan Ketimpangan,38 Provinsi,9400,PAPUA,190,Perdesaan,125,2025,62,Semester 2 (September),0.479,94009819012562
bps_webapi,0000,2026-08-19T02:01:19+00:00,2026-08-05 12:26:57,98,Gini Ratio Menurut Provinsi dan Daerah,,3,,"- Sumber  : BPS, Susenas  
<br />- Tahun 2002, Susenas Modul Konsumsi reguler
<br />- Tahun 2005, Susenas Panel (Februari)
<br />- Tahun 2006-2010, Susenas Panel (Maret)
<br />- Tahun 2011-2016, Susenas Modul Konsumsi (Maret dan September)
<br />- Angka Provinsi Papua Barat dan Papua sebelum tahun 2024 merupakan angka provinsi sebelum mengalami pemekaran Daerah Otonom Baru (DOB)",Kemiskinan dan Ketimpangan,38 Provinsi,9400,PAPUA,191,Perkotaan+Perdesaan,125,2025,61,Semester 1 (Maret),0.404,94009819112561
bps_webapi,0000,2026-08-19T02:01:19+00:00,2026-08-05 12:26:57,98,Gini Ratio Menurut Provinsi dan Daerah,,3,,"- Sumber  : BPS, Susenas  
<br />- Tahun 2002, Susenas Modul Konsumsi reguler
<br />- Tahun 2005, Susenas Panel (Februari)
<br />- Tahun 2006-2010, Susenas Panel (Maret)
<br />- Tahun 2011-2016, Susenas Modul Konsumsi (Maret dan September)
<br />- Angka Provinsi Papua Barat dan Papua sebelum tahun 2024 merupakan angka provinsi sebelum mengalami pemekaran Daerah Otonom Baru (DOB)",Kemiskinan dan Ketimpangan,38 Provinsi,9400,PAPUA,191,Perkotaan+Perdesaan,125,2025,62,Semester 2 (September),0.397,94009819112562
bps_webapi,0000,2026-08-19T02:01:19+00:00,2026-08-05 12:26:57,98,Gini Ratio Menurut Provinsi dan Daerah,,3,,"- Sumber  : BPS, Susenas  
<br />- Tahun 2002, Susenas Modul Konsumsi reguler
<br />- Tahun 2005, Susenas Panel (Februari)
<br />- Tahun 2006-2010, Susenas Panel (Maret)
<br />- Tahun 2011-2016, Susenas Modul Konsumsi (Maret dan September)
<br />- Angka Provinsi Papua Barat dan Papua sebelum tahun 2024 merupakan angka provinsi sebelum mengalami pemekaran Daerah Otonom Baru (DOB)",Kemiskinan dan Ketimpangan,38 Provinsi,9500,PAPUA SELATAN,189,Perkotaan,125,2025,61,Semester 1 (Maret),0.326,95009818912561
bps_webapi,0000,2026-08-19T02:01:19+00:00,2026-08-05 12:26:57,98,Gini Ratio Menurut Provinsi dan Daerah,,3,,"- Sumber  : BPS, Susenas  
<br />- Tahun 2002, Susenas Modul Konsumsi reguler
<br />- Tahun 2005, Susenas Panel (Februari)
<br />- Tahun 2006-2010, Susenas Panel (Maret)
<br />- Tahun 2011-2016, Susenas Modul Konsumsi (Maret dan September)
<br />- Angka Provinsi Papua Barat dan Papua sebelum tahun 2024 merupakan angka provinsi sebelum mengalami pemekaran Daerah Otonom Baru (DOB)",Kemiskinan dan Ketimpangan,38 Provinsi,9500,PAPUA SELATAN,189,Perkotaan,125,2025,62,Semester 2 (September),0.317,95009818912562
bps_webapi,0000,2026-08-19T02:01:19+00:00,2026-08-05 12:26:57,98,Gini Ratio Menurut Provinsi dan Daerah,,3,,"- Sumber  : BPS, Susenas  
<br />- Tahun 2002, Susenas Modul Konsumsi reguler
<br />- Tahun 2005, Susenas Panel (Februari)
<br />- Tahun 2006-2010, Susenas Panel (Maret)
<br />- Tahun 2011-2016, Susenas Modul Konsumsi (Maret dan September)
<br />- Angka Provinsi Papua Barat dan Papua sebelum tahun 2024 merupakan angka provinsi sebelum mengalami pemekaran Daerah Otonom Baru (DOB)",Kemiskinan dan Ketimpangan,38 Provinsi,9500,PAPUA SELATAN,190,Perdesaan,125,2025,61,Semester 1 (Maret),0.418,95009819012561
bps_webapi,0000,2026-08-19T02:01:19+00:00,2026-08-05 12:26:57,98,Gini Ratio Menurut Provinsi dan Daerah,,3,,"- Sumber  : BPS, Susenas  
<br />- Tahun 2002, Susenas Modul Konsumsi reguler
<br />- Tahun 2005, Susenas Panel (Februari)
<br />- Tahun 2006-2010, Susenas Panel (Maret)
<br />- Tahun 2011-2016, Susenas Modul Konsumsi (Maret dan September)
<br />- Angka Provinsi Papua Barat dan Papua sebelum tahun 2024 merupakan angka provinsi sebelum mengalami pemekaran Daerah Otonom Baru (DOB)",Kemiskinan dan Ketimpangan,38 Provinsi,9500,PAPUA SELATAN,190,Perdesaan,125,2025,62,Semester 2 (September),0.431,95009819012562
bps_webapi,0000,2026-08-19T02:01:19+00:00,2026-08-05 12:26:57,98,Gini Ratio Menurut Provinsi dan Daerah,,3,,"- Sumber  : BPS, Susenas  
<br />- Tahun 2002, Susenas Modul Konsumsi reguler
<br />- Tahun 2005, Susenas Panel (Februari)
<br />- Tahun 2006-2010, Susenas Panel (Maret)
<br />- Tahun 2011-2016, Susenas Modul Konsumsi (Maret dan September)
<br />- Angka Provinsi Papua Barat dan Papua sebelum tahun 2024 merupakan angka provinsi sebelum mengalami pemekaran Daerah Otonom Baru (DOB)",Kemiskinan dan Ketimpangan,38 Provinsi,9500,PAPUA SELATAN,191,Perkotaan+Perdesaan,125,2025,61,Semester 1 (Maret),0.412,95009819112561
bps_webapi,0000,2026-08-19T02:01:19+00:00,2026-08-05 12:26:57,98,Gini Ratio Menurut Provinsi dan Daerah,,3,,"- Sumber  : BPS, Susenas  
<br />- Tahun 2002, Susenas Modul Konsumsi reguler
<br />- Tahun 2005, Susenas Panel (Februari)
<br />- Tahun 2006-2010, Susenas Panel (Maret)
<br />- Tahun 2011-2016, Susenas Modul Konsumsi (Maret dan September)
<br />- Angka Provinsi Papua Barat dan Papua sebelum tahun 2024 merupakan angka provinsi sebelum mengalami pemekaran Daerah Otonom Baru (DOB)",Kemiskinan dan Ketimpangan,38 Provinsi,9500,PAPUA SELATAN,191,Perkotaan+Perdesaan,125,2025,62,Semester 2 (September),0.426,95009819112562
bps_webapi,0000,2026-08-19T02:01:19+00:00,2026-08-05 12:26:57,98,Gini Ratio Menurut Provinsi dan Daerah,,3,,"- Sumber  : BPS, Susenas  
<br />- Tahun 2002, Susenas Modul Konsumsi reguler
<br />- Tahun 2005, Susenas Panel (Februari)
<br />- Tahun 2006-2010, Susenas Panel (Maret)
<br />- Tahun 2011-2016, Susenas Modul Konsumsi (Maret dan September)
<br />- Angka Provinsi Papua Barat dan Papua sebelum tahun 2024 merupakan angka provinsi sebelum mengalami pemekaran Daerah Otonom Baru (DOB)",Kemiskinan dan Ketimpangan,38 Provinsi,9600,PAPUA TENGAH,189,Perkotaan,125,2025,61,Semester 1 (Maret),0.207,96009818912561
bps_webapi,0000,2026-08-19T02:01:19+00:00,2026-08-05 12:26:57,98,Gini Ratio Menurut Provinsi dan Daerah,,3,,"- Sumber  : BPS, Susenas  
<br />- Tahun 2002, Susenas Modul Konsumsi reguler
<br />- Tahun 2005, Susenas Panel (Februari)
<br />- Tahun 2006-2010, Susenas Panel (Maret)
<br />- Tahun 2011-2016, Susenas Modul Konsumsi (Maret dan September)
<br />- Angka Provinsi Papua Barat dan Papua sebelum tahun 2024 merupakan angka provinsi sebelum mengalami pemekaran Daerah Otonom Baru (DOB)",Kemiskinan dan Ketimpangan,38 Provinsi,9600,PAPUA TENGAH,189,Perkotaan,125,2025,62,Semester 2 (September),0.222,96009818912562
bps_webapi,0000,2026-08-19T02:01:19+00:00,2026-08-05 12:26:57,98,Gini Ratio Menurut Provinsi dan Daerah,,3,,"- Sumber  : BPS, Susenas  
<br />- Tahun 2002, Susenas Modul Konsumsi reguler
<br />- Tahun 2005, Susenas Panel (Februari)
<br />- Tahun 2006-2010, Susenas Panel (Maret)
<br />- Tahun 2011-2016, Susenas Modul Konsumsi (Maret dan September)
<br />- Angka Provinsi Papua Barat dan Papua sebelum tahun 2024 merupakan angka provinsi sebelum mengalami pemekaran Daerah Otonom Baru (DOB)",Kemiskinan dan Ketimpangan,38 Provinsi,9600,PAPUA TENGAH,190,Perdesaan,125,2025,61,Semester 1 (Maret),0.348,96009819012561
bps_webapi,0000,2026-08-19T02:01:19+00:00,2026-08-05 12:26:57,98,Gini Ratio Menurut Provinsi dan Daerah,,3,,"- Sumber  : BPS, Susenas  
<br />- Tahun 2002, Susenas Modul Konsumsi reguler
<br />- Tahun 2005, Susenas Panel (Februari)
<br />- Tahun 2006-2010, Susenas Panel (Maret)
<br />- Tahun 2011-2016, Susenas Modul Konsumsi (Maret dan September)
<br />- Angka Provinsi Papua Barat dan Papua sebelum tahun 2024 merupakan angka provinsi sebelum mengalami pemekaran Daerah Otonom Baru (DOB)",Kemiskinan dan Ketimpangan,38 Provinsi,9600,PAPUA TENGAH,190,Perdesaan,125,2025,62,Semester 2 (September),0.361,96009819012562
bps_webapi,0000,2026-08-19T02:01:19+00:00,2026-08-05 12:26:57,98,Gini Ratio Menurut Provinsi dan Daerah,,3,,"- Sumber  : BPS, Susenas  
<br />- Tahun 2002, Susenas Modul Konsumsi reguler
<br />- Tahun 2005, Susenas Panel (Februari)
<br />- Tahun 2006-2010, Susenas Panel (Maret)
<br />- Tahun 2011-2016, Susenas Modul Konsumsi (Maret dan September)
<br />- Angka Provinsi Papua Barat dan Papua sebelum tahun 2024 merupakan angka provinsi sebelum mengalami pemekaran Daerah Otonom Baru (DOB)",Kemiskinan dan Ketimpangan,38 Provinsi,9600,PAPUA TENGAH,191,Perkotaan+Perdesaan,125,2025,61,Semester 1 (Maret),0.333,96009819112561
bps_webapi,0000,2026-08-19T02:01:19+00:00,2026-08-05 12:26:57,98,Gini Ratio Menurut Provinsi dan Daerah,,3,,"- Sumber  : BPS, Susenas  
<br />- Tahun 2002, Susenas Modul Konsumsi reguler
<br />- Tahun 2005, Susenas Panel (Februari)
<br />- Tahun 2006-2010, Susenas Panel (Maret)
<br />- Tahun 2011-2016, Susenas Modul Konsumsi (Maret dan September)
<br />- Angka Provinsi Papua Barat dan Papua sebelum tahun 2024 merupakan angka provinsi sebelum mengalami pemekaran Daerah Otonom Baru (DOB)",Kemiskinan dan Ketimpangan,38 Provinsi,9600,PAPUA TENGAH,191,Perkotaan+Perdesaan,125,2025,62,Semester 2 (September),0.34,96009819112562
bps_webapi,0000,2026-08-19T02:01:19+00:00,2026-08-05 12:26:57,98,Gini Ratio Menurut Provinsi dan Daerah,,3,,"- Sumber  : BPS, Susenas  
<br />- Tahun 2002, Susenas Modul Konsumsi reguler
<br />- Tahun 2005, Susenas Panel (Februari)
<br />- Tahun 2006-2010, Susenas Panel (Maret)
<br />- Tahun 2011-2016, Susenas Modul Konsumsi (Maret dan September)
<br />- Angka Provinsi Papua Barat dan Papua sebelum tahun 2024 merupakan angka provinsi sebelum mengalami pemekaran Daerah Otonom Baru (DOB)",Kemiskinan dan Ketimpangan,38 Provinsi,9700,PAPUA PEGUNUNGAN,189,Perkotaan,125,2025,61,Semester 1 (Maret),0.301,97009818912561
bps_webapi,0000,2026-08-19T02:01:19+00:00,2026-08-05 12:26:57,98,Gini Ratio Menurut Provinsi dan Daerah,,3,,"- Sumber  : BPS, Susenas  
<br />- Tahun 2002, Susenas Modul Konsumsi reguler
<br />- Tahun 2005, Susenas Panel (Februari)
<br />- Tahun 2006-2010, Susenas Panel (Maret)
<br />- Tahun 2011-2016, Susenas Modul Konsumsi (Maret dan September)
<br />- Angka Provinsi Papua Barat dan Papua sebelum tahun 2024 merupakan angka provinsi sebelum mengalami pemekaran Daerah Otonom Baru (DOB)",Kemiskinan dan Ketimpangan,38 Provinsi,9700,PAPUA PEGUNUNGAN,189,Perkotaan,125,2025,62,Semester 2 (September),0.297,97009818912562
bps_webapi,0000,2026-08-19T02:01:19+00:00,2026-08-05 12:26:57,98,Gini Ratio Menurut Provinsi dan Daerah,,3,,"- Sumber  : BPS, Susenas  
<br />- Tahun 2002, Susenas Modul Konsumsi reguler
<br />- Tahun 2005, Susenas Panel (Februari)
<br />- Tahun 2006-2010, Susenas Panel (Maret)
<br />- Tahun 2011-2016, Susenas Modul Konsumsi (Maret dan September)
<br />- Angka Provinsi Papua Barat dan Papua sebelum tahun 2024 merupakan angka provinsi sebelum mengalami pemekaran Daerah Otonom Baru (DOB)",Kemiskinan dan Ketimpangan,38 Provinsi,9700,PAPUA PEGUNUNGAN,190,Perdesaan,125,2025,61,Semester 1 (Maret),0.345,97009819012561
bps_webapi,0000,2026-08-19T02:01:19+00:00,2026-08-05 12:26:57,98,Gini Ratio Menurut Provinsi dan Daerah,,3,,"- Sumber  : BPS, Susenas  
<br />- Tahun 2002, Susenas Modul Konsumsi reguler
<br />- Tahun 2005, Susenas Panel (Februari)
<br />- Tahun 2006-2010, Susenas Panel (Maret)
<br />- Tahun 2011-2016, Susenas Modul Konsumsi (Maret dan September)
<br />- Angka Provinsi Papua Barat dan Papua sebelum tahun 2024 merupakan angka provinsi sebelum mengalami pemekaran Daerah Otonom Baru (DOB)",Kemiskinan dan Ketimpangan,38 Provinsi,9700,PAPUA PEGUNUNGAN,190,Perdesaan,125,2025,62,Semester 2 (September),0.332,97009819012562
bps_webapi,0000,2026-08-19T02:01:19+00:00,2026-08-05 12:26:57,98,Gini Ratio Menurut Provinsi dan Daerah,,3,,"- Sumber  : BPS, Susenas  
<br />- Tahun 2002, Susenas Modul Konsumsi reguler
<br />- Tahun 2005, Susenas Panel (Februari)
<br />- Tahun 2006-2010, Susenas Panel (Maret)
<br />- Tahun 2011-2016, Susenas Modul Konsumsi (Maret dan September)
<br />- Angka Provinsi Papua Barat dan Papua sebelum tahun 2024 merupakan angka provinsi sebelum mengalami pemekaran Daerah Otonom Baru (DOB)",Kemiskinan dan Ketimpangan,38 Provinsi,9700,PAPUA PEGUNUNGAN,191,Perkotaan+Perdesaan,125,2025,61,Semester 1 (Maret),0.349,97009819112561
bps_webapi,0000,2026-08-19T02:01:19+00:00,2026-08-05 12:26:57,98,Gini Ratio Menurut Provinsi dan Daerah,,3,,"- Sumber  : BPS, Susenas  
<br />- Tahun 2002, Susenas Modul Konsumsi reguler
<br />- Tahun 2005, Susenas Panel (Februari)
<br />- Tahun 2006-2010, Susenas Panel (Maret)
<br />- Tahun 2011-2016, Susenas Modul Konsumsi (Maret dan September)
<br />- Angka Provinsi Papua Barat dan Papua sebelum tahun 2024 merupakan angka provinsi sebelum mengalami pemekaran Daerah Otonom Baru (DOB)",Kemiskinan dan Ketimpangan,38 Provinsi,9700,PAPUA PEGUNUNGAN,191,Perkotaan+Perdesaan,125,2025,62,Semester 2 (September),0.347,97009819112562
bps_webapi,0000,2026-08-19T02:01:19+00:00,2026-08-05 12:26:57,98,Gini Ratio Menurut Provinsi dan Daerah,,3,,"- Sumber  : BPS, Susenas  
<br />- Tahun 2002, Susenas Modul Konsumsi reguler
<br />- Tahun 2005, Susenas Panel (Februari)
<br />- Tahun 2006-2010, Susenas Panel (Maret)
<br />- Tahun 2011-2016, Susenas Modul Konsumsi (Maret dan September)
<br />- Angka Provinsi Papua Barat dan Papua sebelum tahun 2024 merupakan angka provinsi sebelum mengalami pemekaran Daerah Otonom Baru (DOB)",Kemiskinan dan Ketimpangan,38 Provinsi,9999,INDONESIA,189,Perkotaan,125,2025,61,Semester 1 (Maret),0.395,99999818912561
bps_webapi,0000,2026-08-19T02:01:19+00:00,2026-08-05 12:26:57,98,Gini Ratio Menurut Provinsi dan Daerah,,3,,"- Sumber  : BPS, Susenas  
<br />- Tahun 2002, Susenas Modul Konsumsi reguler
<br />- Tahun 2005, Susenas Panel (Februari)
<br />- Tahun 2006-2010, Susenas Panel (Maret)
<br />- Tahun 2011-2016, Susenas Modul Konsumsi (Maret dan September)
<br />- Angka Provinsi Papua Barat dan Papua sebelum tahun 2024 merupakan angka provinsi sebelum mengalami pemekaran Daerah Otonom Baru (DOB)",Kemiskinan dan Ketimpangan,38 Provinsi,9999,INDONESIA,189,Perkotaan,125,2025,62,Semester 2 (September),0.383,99999818912562
bps_webapi,0000,2026-08-19T02:01:19+00:00,2026-08-05 12:26:57,98,Gini Ratio Menurut Provinsi dan Daerah,,3,,"- Sumber  : BPS, Susenas  
<br />- Tahun 2002, Susenas Modul Konsumsi reguler
<br />- Tahun 2005, Susenas Panel (Februari)
<br />- Tahun 2006-2010, Susenas Panel (Maret)
<br />- Tahun 2011-2016, Susenas Modul Konsumsi (Maret dan September)
<br />- Angka Provinsi Papua Barat dan Papua sebelum tahun 2024 merupakan angka provinsi sebelum mengalami pemekaran Daerah Otonom Baru (DOB)",Kemiskinan dan Ketimpangan,38 Provinsi,9999,INDONESIA,190,Perdesaan,125,2025,61,Semester 1 (Maret),0.299,99999819012561
bps_webapi,0000,2026-08-19T02:01:19+00:00,2026-08-05 12:26:57,98,Gini Ratio Menurut Provinsi dan Daerah,,3,,"- Sumber  : BPS, Susenas  
<br />- Tahun 2002, Susenas Modul Konsumsi reguler
<br />- Tahun 2005, Susenas Panel (Februari)
<br />- Tahun 2006-2010, Susenas Panel (Maret)
<br />- Tahun 2011-2016, Susenas Modul Konsumsi (Maret dan September)
<br />- Angka Provinsi Papua Barat dan Papua sebelum tahun 2024 merupakan angka provinsi sebelum mengalami pemekaran Daerah Otonom Baru (DOB)",Kemiskinan dan Ketimpangan,38 Provinsi,9999,INDONESIA,190,Perdesaan,125,2025,62,Semester 2 (September),0.295,99999819012562
bps_webapi,0000,2026-08-19T02:01:19+00:00,2026-08-05 12:26:57,98,Gini Ratio Menurut Provinsi dan Daerah,,3,,"- Sumber  : BPS, Susenas  
<br />- Tahun 2002, Susenas Modul Konsumsi reguler
<br />- Tahun 2005, Susenas Panel (Februari)
<br />- Tahun 2006-2010, Susenas Panel (Maret)
<br />- Tahun 2011-2016, Susenas Modul Konsumsi (Maret dan September)
<br />- Angka Provinsi Papua Barat dan Papua sebelum tahun 2024 merupakan angka provinsi sebelum mengalami pemekaran Daerah Otonom Baru (DOB)",Kemiskinan dan Ketimpangan,38 Provinsi,9999,INDONESIA,191,Perkotaan+Perdesaan,125,2025,61,Semester 1 (Maret),0.375,99999819112561
bps_webapi,0000,2026-08-19T02:01:19+00:00,2026-08-05 12:26:57,98,Gini Ratio Menurut Provinsi dan Daerah,,3,,"- Sumber  : BPS, Susenas  
<br />- Tahun 2002, Susenas Modul Konsumsi reguler
<br />- Tahun 2005, Susenas Panel (Februari)
<br />- Tahun 2006-2010, Susenas Panel (Maret)
<br />- Tahun 2011-2016, Susenas Modul Konsumsi (Maret dan September)
<br />- Angka Provinsi Papua Barat dan Papua sebelum tahun 2024 merupakan angka provinsi sebelum mengalami pemekaran Daerah Otonom Baru (DOB)",Kemiskinan dan Ketimpangan,38 Provinsi,9999,INDONESIA,191,Perkotaan+Perdesaan,125,2025,62,Semester 2 (September),0.363,99999819112562
