source_id,domain,retrieved_at_utc,bps_last_update,bps_var_id,bps_var_label,bps_var_unit,bps_var_decimal,bps_var_definition,bps_var_note,bps_subject,bps_vertical_dimension,bps_vervar_id,bps_vervar_label,bps_turvar_id,bps_turvar_label,bps_th_id,bps_th_label,bps_turth_id,bps_turth_label,value,source_key
bps_webapi,0000,2026-08-16T13:46:26+00:00,2026-05-06 15:41:30,543,Tingkat Pengangguran Terbuka Menurut Provinsi,Persen,2,,"<p>Data 2011-2013 menggunakan Backcast dari Penimbang Proyeksi Komponen                    <br />Data 2018-2020 menggunakan Backcast dari Penimbang berbasis SUPAS 2015                    <br />1986-1998, penghitungan tanpa data Provinsi Timor Timor                    <br />Pada tahun 1995, Sakernas tidak dilaksanakan                    <br />Pada tahun 2000, tanpa Maluku                    <br />Sumber: Survei Angkatan Kerja Nasional (Sakernas)                    <br /><br /><br /></p><p><br /></p><p><br /></p>",Tenaga Kerja,38 Provinsi,1100,ACEH,0,Tidak ada,124,2024,189,Februari,5.56,11005430124189
bps_webapi,0000,2026-08-16T13:46:26+00:00,2026-05-06 15:41:30,543,Tingkat Pengangguran Terbuka Menurut Provinsi,Persen,2,,"<p>Data 2011-2013 menggunakan Backcast dari Penimbang Proyeksi Komponen                    <br />Data 2018-2020 menggunakan Backcast dari Penimbang berbasis SUPAS 2015                    <br />1986-1998, penghitungan tanpa data Provinsi Timor Timor                    <br />Pada tahun 1995, Sakernas tidak dilaksanakan                    <br />Pada tahun 2000, tanpa Maluku                    <br />Sumber: Survei Angkatan Kerja Nasional (Sakernas)                    <br /><br /><br /></p><p><br /></p><p><br /></p>",Tenaga Kerja,38 Provinsi,1100,ACEH,0,Tidak ada,124,2024,190,Agustus,5.75,11005430124190
bps_webapi,0000,2026-08-16T13:46:26+00:00,2026-05-06 15:41:30,543,Tingkat Pengangguran Terbuka Menurut Provinsi,Persen,2,,"<p>Data 2011-2013 menggunakan Backcast dari Penimbang Proyeksi Komponen                    <br />Data 2018-2020 menggunakan Backcast dari Penimbang berbasis SUPAS 2015                    <br />1986-1998, penghitungan tanpa data Provinsi Timor Timor                    <br />Pada tahun 1995, Sakernas tidak dilaksanakan                    <br />Pada tahun 2000, tanpa Maluku                    <br />Sumber: Survei Angkatan Kerja Nasional (Sakernas)                    <br /><br /><br /></p><p><br /></p><p><br /></p>",Tenaga Kerja,38 Provinsi,1200,SUMATERA UTARA,0,Tidak ada,124,2024,189,Februari,5.1,12005430124189
bps_webapi,0000,2026-08-16T13:46:26+00:00,2026-05-06 15:41:30,543,Tingkat Pengangguran Terbuka Menurut Provinsi,Persen,2,,"<p>Data 2011-2013 menggunakan Backcast dari Penimbang Proyeksi Komponen                    <br />Data 2018-2020 menggunakan Backcast dari Penimbang berbasis SUPAS 2015                    <br />1986-1998, penghitungan tanpa data Provinsi Timor Timor                    <br />Pada tahun 1995, Sakernas tidak dilaksanakan                    <br />Pada tahun 2000, tanpa Maluku                    <br />Sumber: Survei Angkatan Kerja Nasional (Sakernas)                    <br /><br /><br /></p><p><br /></p><p><br /></p>",Tenaga Kerja,38 Provinsi,1200,SUMATERA UTARA,0,Tidak ada,124,2024,190,Agustus,5.6,12005430124190
bps_webapi,0000,2026-08-16T13:46:26+00:00,2026-05-06 15:41:30,543,Tingkat Pengangguran Terbuka Menurut Provinsi,Persen,2,,"<p>Data 2011-2013 menggunakan Backcast dari Penimbang Proyeksi Komponen                    <br />Data 2018-2020 menggunakan Backcast dari Penimbang berbasis SUPAS 2015                    <br />1986-1998, penghitungan tanpa data Provinsi Timor Timor                    <br />Pada tahun 1995, Sakernas tidak dilaksanakan                    <br />Pada tahun 2000, tanpa Maluku                    <br />Sumber: Survei Angkatan Kerja Nasional (Sakernas)                    <br /><br /><br /></p><p><br /></p><p><br /></p>",Tenaga Kerja,38 Provinsi,1300,SUMATERA BARAT,0,Tidak ada,124,2024,189,Februari,5.79,13005430124189
bps_webapi,0000,2026-08-16T13:46:26+00:00,2026-05-06 15:41:30,543,Tingkat Pengangguran Terbuka Menurut Provinsi,Persen,2,,"<p>Data 2011-2013 menggunakan Backcast dari Penimbang Proyeksi Komponen                    <br />Data 2018-2020 menggunakan Backcast dari Penimbang berbasis SUPAS 2015                    <br />1986-1998, penghitungan tanpa data Provinsi Timor Timor                    <br />Pada tahun 1995, Sakernas tidak dilaksanakan                    <br />Pada tahun 2000, tanpa Maluku                    <br />Sumber: Survei Angkatan Kerja Nasional (Sakernas)                    <br /><br /><br /></p><p><br /></p><p><br /></p>",Tenaga Kerja,38 Provinsi,1300,SUMATERA BARAT,0,Tidak ada,124,2024,190,Agustus,5.75,13005430124190
bps_webapi,0000,2026-08-16T13:46:26+00:00,2026-05-06 15:41:30,543,Tingkat Pengangguran Terbuka Menurut Provinsi,Persen,2,,"<p>Data 2011-2013 menggunakan Backcast dari Penimbang Proyeksi Komponen                    <br />Data 2018-2020 menggunakan Backcast dari Penimbang berbasis SUPAS 2015                    <br />1986-1998, penghitungan tanpa data Provinsi Timor Timor                    <br />Pada tahun 1995, Sakernas tidak dilaksanakan                    <br />Pada tahun 2000, tanpa Maluku                    <br />Sumber: Survei Angkatan Kerja Nasional (Sakernas)                    <br /><br /><br /></p><p><br /></p><p><br /></p>",Tenaga Kerja,38 Provinsi,1400,RIAU,0,Tidak ada,124,2024,189,Februari,3.85,14005430124189
bps_webapi,0000,2026-08-16T13:46:26+00:00,2026-05-06 15:41:30,543,Tingkat Pengangguran Terbuka Menurut Provinsi,Persen,2,,"<p>Data 2011-2013 menggunakan Backcast dari Penimbang Proyeksi Komponen                    <br />Data 2018-2020 menggunakan Backcast dari Penimbang berbasis SUPAS 2015                    <br />1986-1998, penghitungan tanpa data Provinsi Timor Timor                    <br />Pada tahun 1995, Sakernas tidak dilaksanakan                    <br />Pada tahun 2000, tanpa Maluku                    <br />Sumber: Survei Angkatan Kerja Nasional (Sakernas)                    <br /><br /><br /></p><p><br /></p><p><br /></p>",Tenaga Kerja,38 Provinsi,1400,RIAU,0,Tidak ada,124,2024,190,Agustus,3.7,14005430124190
bps_webapi,0000,2026-08-16T13:46:26+00:00,2026-05-06 15:41:30,543,Tingkat Pengangguran Terbuka Menurut Provinsi,Persen,2,,"<p>Data 2011-2013 menggunakan Backcast dari Penimbang Proyeksi Komponen                    <br />Data 2018-2020 menggunakan Backcast dari Penimbang berbasis SUPAS 2015                    <br />1986-1998, penghitungan tanpa data Provinsi Timor Timor                    <br />Pada tahun 1995, Sakernas tidak dilaksanakan                    <br />Pada tahun 2000, tanpa Maluku                    <br />Sumber: Survei Angkatan Kerja Nasional (Sakernas)                    <br /><br /><br /></p><p><br /></p><p><br /></p>",Tenaga Kerja,38 Provinsi,1500,JAMBI,0,Tidak ada,124,2024,189,Februari,4.45,15005430124189
bps_webapi,0000,2026-08-16T13:46:26+00:00,2026-05-06 15:41:30,543,Tingkat Pengangguran Terbuka Menurut Provinsi,Persen,2,,"<p>Data 2011-2013 menggunakan Backcast dari Penimbang Proyeksi Komponen                    <br />Data 2018-2020 menggunakan Backcast dari Penimbang berbasis SUPAS 2015                    <br />1986-1998, penghitungan tanpa data Provinsi Timor Timor                    <br />Pada tahun 1995, Sakernas tidak dilaksanakan                    <br />Pada tahun 2000, tanpa Maluku                    <br />Sumber: Survei Angkatan Kerja Nasional (Sakernas)                    <br /><br /><br /></p><p><br /></p><p><br /></p>",Tenaga Kerja,38 Provinsi,1500,JAMBI,0,Tidak ada,124,2024,190,Agustus,4.48,15005430124190
bps_webapi,0000,2026-08-16T13:46:26+00:00,2026-05-06 15:41:30,543,Tingkat Pengangguran Terbuka Menurut Provinsi,Persen,2,,"<p>Data 2011-2013 menggunakan Backcast dari Penimbang Proyeksi Komponen                    <br />Data 2018-2020 menggunakan Backcast dari Penimbang berbasis SUPAS 2015                    <br />1986-1998, penghitungan tanpa data Provinsi Timor Timor                    <br />Pada tahun 1995, Sakernas tidak dilaksanakan                    <br />Pada tahun 2000, tanpa Maluku                    <br />Sumber: Survei Angkatan Kerja Nasional (Sakernas)                    <br /><br /><br /></p><p><br /></p><p><br /></p>",Tenaga Kerja,38 Provinsi,1600,SUMATERA SELATAN,0,Tidak ada,124,2024,189,Februari,3.97,16005430124189
bps_webapi,0000,2026-08-16T13:46:26+00:00,2026-05-06 15:41:30,543,Tingkat Pengangguran Terbuka Menurut Provinsi,Persen,2,,"<p>Data 2011-2013 menggunakan Backcast dari Penimbang Proyeksi Komponen                    <br />Data 2018-2020 menggunakan Backcast dari Penimbang berbasis SUPAS 2015                    <br />1986-1998, penghitungan tanpa data Provinsi Timor Timor                    <br />Pada tahun 1995, Sakernas tidak dilaksanakan                    <br />Pada tahun 2000, tanpa Maluku                    <br />Sumber: Survei Angkatan Kerja Nasional (Sakernas)                    <br /><br /><br /></p><p><br /></p><p><br /></p>",Tenaga Kerja,38 Provinsi,1600,SUMATERA SELATAN,0,Tidak ada,124,2024,190,Agustus,3.86,16005430124190
bps_webapi,0000,2026-08-16T13:46:26+00:00,2026-05-06 15:41:30,543,Tingkat Pengangguran Terbuka Menurut Provinsi,Persen,2,,"<p>Data 2011-2013 menggunakan Backcast dari Penimbang Proyeksi Komponen                    <br />Data 2018-2020 menggunakan Backcast dari Penimbang berbasis SUPAS 2015                    <br />1986-1998, penghitungan tanpa data Provinsi Timor Timor                    <br />Pada tahun 1995, Sakernas tidak dilaksanakan                    <br />Pada tahun 2000, tanpa Maluku                    <br />Sumber: Survei Angkatan Kerja Nasional (Sakernas)                    <br /><br /><br /></p><p><br /></p><p><br /></p>",Tenaga Kerja,38 Provinsi,1700,BENGKULU,0,Tidak ada,124,2024,189,Februari,3.17,17005430124189
bps_webapi,0000,2026-08-16T13:46:26+00:00,2026-05-06 15:41:30,543,Tingkat Pengangguran Terbuka Menurut Provinsi,Persen,2,,"<p>Data 2011-2013 menggunakan Backcast dari Penimbang Proyeksi Komponen                    <br />Data 2018-2020 menggunakan Backcast dari Penimbang berbasis SUPAS 2015                    <br />1986-1998, penghitungan tanpa data Provinsi Timor Timor                    <br />Pada tahun 1995, Sakernas tidak dilaksanakan                    <br />Pada tahun 2000, tanpa Maluku                    <br />Sumber: Survei Angkatan Kerja Nasional (Sakernas)                    <br /><br /><br /></p><p><br /></p><p><br /></p>",Tenaga Kerja,38 Provinsi,1700,BENGKULU,0,Tidak ada,124,2024,190,Agustus,3.11,17005430124190
bps_webapi,0000,2026-08-16T13:46:26+00:00,2026-05-06 15:41:30,543,Tingkat Pengangguran Terbuka Menurut Provinsi,Persen,2,,"<p>Data 2011-2013 menggunakan Backcast dari Penimbang Proyeksi Komponen                    <br />Data 2018-2020 menggunakan Backcast dari Penimbang berbasis SUPAS 2015                    <br />1986-1998, penghitungan tanpa data Provinsi Timor Timor                    <br />Pada tahun 1995, Sakernas tidak dilaksanakan                    <br />Pada tahun 2000, tanpa Maluku                    <br />Sumber: Survei Angkatan Kerja Nasional (Sakernas)                    <br /><br /><br /></p><p><br /></p><p><br /></p>",Tenaga Kerja,38 Provinsi,1800,LAMPUNG,0,Tidak ada,124,2024,189,Februari,4.12,18005430124189
bps_webapi,0000,2026-08-16T13:46:26+00:00,2026-05-06 15:41:30,543,Tingkat Pengangguran Terbuka Menurut Provinsi,Persen,2,,"<p>Data 2011-2013 menggunakan Backcast dari Penimbang Proyeksi Komponen                    <br />Data 2018-2020 menggunakan Backcast dari Penimbang berbasis SUPAS 2015                    <br />1986-1998, penghitungan tanpa data Provinsi Timor Timor                    <br />Pada tahun 1995, Sakernas tidak dilaksanakan                    <br />Pada tahun 2000, tanpa Maluku                    <br />Sumber: Survei Angkatan Kerja Nasional (Sakernas)                    <br /><br /><br /></p><p><br /></p><p><br /></p>",Tenaga Kerja,38 Provinsi,1800,LAMPUNG,0,Tidak ada,124,2024,190,Agustus,4.19,18005430124190
bps_webapi,0000,2026-08-16T13:46:26+00:00,2026-05-06 15:41:30,543,Tingkat Pengangguran Terbuka Menurut Provinsi,Persen,2,,"<p>Data 2011-2013 menggunakan Backcast dari Penimbang Proyeksi Komponen                    <br />Data 2018-2020 menggunakan Backcast dari Penimbang berbasis SUPAS 2015                    <br />1986-1998, penghitungan tanpa data Provinsi Timor Timor                    <br />Pada tahun 1995, Sakernas tidak dilaksanakan                    <br />Pada tahun 2000, tanpa Maluku                    <br />Sumber: Survei Angkatan Kerja Nasional (Sakernas)                    <br /><br /><br /></p><p><br /></p><p><br /></p>",Tenaga Kerja,38 Provinsi,1900,KEP. BANGKA BELITUNG,0,Tidak ada,124,2024,189,Februari,3.85,19005430124189
bps_webapi,0000,2026-08-16T13:46:26+00:00,2026-05-06 15:41:30,543,Tingkat Pengangguran Terbuka Menurut Provinsi,Persen,2,,"<p>Data 2011-2013 menggunakan Backcast dari Penimbang Proyeksi Komponen                    <br />Data 2018-2020 menggunakan Backcast dari Penimbang berbasis SUPAS 2015                    <br />1986-1998, penghitungan tanpa data Provinsi Timor Timor                    <br />Pada tahun 1995, Sakernas tidak dilaksanakan                    <br />Pada tahun 2000, tanpa Maluku                    <br />Sumber: Survei Angkatan Kerja Nasional (Sakernas)                    <br /><br /><br /></p><p><br /></p><p><br /></p>",Tenaga Kerja,38 Provinsi,1900,KEP. BANGKA BELITUNG,0,Tidak ada,124,2024,190,Agustus,4.63,19005430124190
bps_webapi,0000,2026-08-16T13:46:26+00:00,2026-05-06 15:41:30,543,Tingkat Pengangguran Terbuka Menurut Provinsi,Persen,2,,"<p>Data 2011-2013 menggunakan Backcast dari Penimbang Proyeksi Komponen                    <br />Data 2018-2020 menggunakan Backcast dari Penimbang berbasis SUPAS 2015                    <br />1986-1998, penghitungan tanpa data Provinsi Timor Timor                    <br />Pada tahun 1995, Sakernas tidak dilaksanakan                    <br />Pada tahun 2000, tanpa Maluku                    <br />Sumber: Survei Angkatan Kerja Nasional (Sakernas)                    <br /><br /><br /></p><p><br /></p><p><br /></p>",Tenaga Kerja,38 Provinsi,2100,KEP. RIAU,0,Tidak ada,124,2024,189,Februari,6.94,21005430124189
bps_webapi,0000,2026-08-16T13:46:26+00:00,2026-05-06 15:41:30,543,Tingkat Pengangguran Terbuka Menurut Provinsi,Persen,2,,"<p>Data 2011-2013 menggunakan Backcast dari Penimbang Proyeksi Komponen                    <br />Data 2018-2020 menggunakan Backcast dari Penimbang berbasis SUPAS 2015                    <br />1986-1998, penghitungan tanpa data Provinsi Timor Timor                    <br />Pada tahun 1995, Sakernas tidak dilaksanakan                    <br />Pada tahun 2000, tanpa Maluku                    <br />Sumber: Survei Angkatan Kerja Nasional (Sakernas)                    <br /><br /><br /></p><p><br /></p><p><br /></p>",Tenaga Kerja,38 Provinsi,2100,KEP. RIAU,0,Tidak ada,124,2024,190,Agustus,6.39,21005430124190
bps_webapi,0000,2026-08-16T13:46:26+00:00,2026-05-06 15:41:30,543,Tingkat Pengangguran Terbuka Menurut Provinsi,Persen,2,,"<p>Data 2011-2013 menggunakan Backcast dari Penimbang Proyeksi Komponen                    <br />Data 2018-2020 menggunakan Backcast dari Penimbang berbasis SUPAS 2015                    <br />1986-1998, penghitungan tanpa data Provinsi Timor Timor                    <br />Pada tahun 1995, Sakernas tidak dilaksanakan                    <br />Pada tahun 2000, tanpa Maluku                    <br />Sumber: Survei Angkatan Kerja Nasional (Sakernas)                    <br /><br /><br /></p><p><br /></p><p><br /></p>",Tenaga Kerja,38 Provinsi,3100,DKI JAKARTA,0,Tidak ada,124,2024,189,Februari,6.03,31005430124189
bps_webapi,0000,2026-08-16T13:46:26+00:00,2026-05-06 15:41:30,543,Tingkat Pengangguran Terbuka Menurut Provinsi,Persen,2,,"<p>Data 2011-2013 menggunakan Backcast dari Penimbang Proyeksi Komponen                    <br />Data 2018-2020 menggunakan Backcast dari Penimbang berbasis SUPAS 2015                    <br />1986-1998, penghitungan tanpa data Provinsi Timor Timor                    <br />Pada tahun 1995, Sakernas tidak dilaksanakan                    <br />Pada tahun 2000, tanpa Maluku                    <br />Sumber: Survei Angkatan Kerja Nasional (Sakernas)                    <br /><br /><br /></p><p><br /></p><p><br /></p>",Tenaga Kerja,38 Provinsi,3100,DKI JAKARTA,0,Tidak ada,124,2024,190,Agustus,6.21,31005430124190
bps_webapi,0000,2026-08-16T13:46:26+00:00,2026-05-06 15:41:30,543,Tingkat Pengangguran Terbuka Menurut Provinsi,Persen,2,,"<p>Data 2011-2013 menggunakan Backcast dari Penimbang Proyeksi Komponen                    <br />Data 2018-2020 menggunakan Backcast dari Penimbang berbasis SUPAS 2015                    <br />1986-1998, penghitungan tanpa data Provinsi Timor Timor                    <br />Pada tahun 1995, Sakernas tidak dilaksanakan                    <br />Pada tahun 2000, tanpa Maluku                    <br />Sumber: Survei Angkatan Kerja Nasional (Sakernas)                    <br /><br /><br /></p><p><br /></p><p><br /></p>",Tenaga Kerja,38 Provinsi,3200,JAWA BARAT,0,Tidak ada,124,2024,189,Februari,6.91,32005430124189
bps_webapi,0000,2026-08-16T13:46:26+00:00,2026-05-06 15:41:30,543,Tingkat Pengangguran Terbuka Menurut Provinsi,Persen,2,,"<p>Data 2011-2013 menggunakan Backcast dari Penimbang Proyeksi Komponen                    <br />Data 2018-2020 menggunakan Backcast dari Penimbang berbasis SUPAS 2015                    <br />1986-1998, penghitungan tanpa data Provinsi Timor Timor                    <br />Pada tahun 1995, Sakernas tidak dilaksanakan                    <br />Pada tahun 2000, tanpa Maluku                    <br />Sumber: Survei Angkatan Kerja Nasional (Sakernas)                    <br /><br /><br /></p><p><br /></p><p><br /></p>",Tenaga Kerja,38 Provinsi,3200,JAWA BARAT,0,Tidak ada,124,2024,190,Agustus,6.75,32005430124190
bps_webapi,0000,2026-08-16T13:46:26+00:00,2026-05-06 15:41:30,543,Tingkat Pengangguran Terbuka Menurut Provinsi,Persen,2,,"<p>Data 2011-2013 menggunakan Backcast dari Penimbang Proyeksi Komponen                    <br />Data 2018-2020 menggunakan Backcast dari Penimbang berbasis SUPAS 2015                    <br />1986-1998, penghitungan tanpa data Provinsi Timor Timor                    <br />Pada tahun 1995, Sakernas tidak dilaksanakan                    <br />Pada tahun 2000, tanpa Maluku                    <br />Sumber: Survei Angkatan Kerja Nasional (Sakernas)                    <br /><br /><br /></p><p><br /></p><p><br /></p>",Tenaga Kerja,38 Provinsi,3300,JAWA TENGAH,0,Tidak ada,124,2024,189,Februari,4.39,33005430124189
bps_webapi,0000,2026-08-16T13:46:26+00:00,2026-05-06 15:41:30,543,Tingkat Pengangguran Terbuka Menurut Provinsi,Persen,2,,"<p>Data 2011-2013 menggunakan Backcast dari Penimbang Proyeksi Komponen                    <br />Data 2018-2020 menggunakan Backcast dari Penimbang berbasis SUPAS 2015                    <br />1986-1998, penghitungan tanpa data Provinsi Timor Timor                    <br />Pada tahun 1995, Sakernas tidak dilaksanakan                    <br />Pada tahun 2000, tanpa Maluku                    <br />Sumber: Survei Angkatan Kerja Nasional (Sakernas)                    <br /><br /><br /></p><p><br /></p><p><br /></p>",Tenaga Kerja,38 Provinsi,3300,JAWA TENGAH,0,Tidak ada,124,2024,190,Agustus,4.78,33005430124190
bps_webapi,0000,2026-08-16T13:46:26+00:00,2026-05-06 15:41:30,543,Tingkat Pengangguran Terbuka Menurut Provinsi,Persen,2,,"<p>Data 2011-2013 menggunakan Backcast dari Penimbang Proyeksi Komponen                    <br />Data 2018-2020 menggunakan Backcast dari Penimbang berbasis SUPAS 2015                    <br />1986-1998, penghitungan tanpa data Provinsi Timor Timor                    <br />Pada tahun 1995, Sakernas tidak dilaksanakan                    <br />Pada tahun 2000, tanpa Maluku                    <br />Sumber: Survei Angkatan Kerja Nasional (Sakernas)                    <br /><br /><br /></p><p><br /></p><p><br /></p>",Tenaga Kerja,38 Provinsi,3400,DI YOGYAKARTA,0,Tidak ada,124,2024,189,Februari,3.24,34005430124189
bps_webapi,0000,2026-08-16T13:46:26+00:00,2026-05-06 15:41:30,543,Tingkat Pengangguran Terbuka Menurut Provinsi,Persen,2,,"<p>Data 2011-2013 menggunakan Backcast dari Penimbang Proyeksi Komponen                    <br />Data 2018-2020 menggunakan Backcast dari Penimbang berbasis SUPAS 2015                    <br />1986-1998, penghitungan tanpa data Provinsi Timor Timor                    <br />Pada tahun 1995, Sakernas tidak dilaksanakan                    <br />Pada tahun 2000, tanpa Maluku                    <br />Sumber: Survei Angkatan Kerja Nasional (Sakernas)                    <br /><br /><br /></p><p><br /></p><p><br /></p>",Tenaga Kerja,38 Provinsi,3400,DI YOGYAKARTA,0,Tidak ada,124,2024,190,Agustus,3.48,34005430124190
bps_webapi,0000,2026-08-16T13:46:26+00:00,2026-05-06 15:41:30,543,Tingkat Pengangguran Terbuka Menurut Provinsi,Persen,2,,"<p>Data 2011-2013 menggunakan Backcast dari Penimbang Proyeksi Komponen                    <br />Data 2018-2020 menggunakan Backcast dari Penimbang berbasis SUPAS 2015                    <br />1986-1998, penghitungan tanpa data Provinsi Timor Timor                    <br />Pada tahun 1995, Sakernas tidak dilaksanakan                    <br />Pada tahun 2000, tanpa Maluku                    <br />Sumber: Survei Angkatan Kerja Nasional (Sakernas)                    <br /><br /><br /></p><p><br /></p><p><br /></p>",Tenaga Kerja,38 Provinsi,3500,JAWA TIMUR,0,Tidak ada,124,2024,189,Februari,3.74,35005430124189
bps_webapi,0000,2026-08-16T13:46:26+00:00,2026-05-06 15:41:30,543,Tingkat Pengangguran Terbuka Menurut Provinsi,Persen,2,,"<p>Data 2011-2013 menggunakan Backcast dari Penimbang Proyeksi Komponen                    <br />Data 2018-2020 menggunakan Backcast dari Penimbang berbasis SUPAS 2015                    <br />1986-1998, penghitungan tanpa data Provinsi Timor Timor                    <br />Pada tahun 1995, Sakernas tidak dilaksanakan                    <br />Pada tahun 2000, tanpa Maluku                    <br />Sumber: Survei Angkatan Kerja Nasional (Sakernas)                    <br /><br /><br /></p><p><br /></p><p><br /></p>",Tenaga Kerja,38 Provinsi,3500,JAWA TIMUR,0,Tidak ada,124,2024,190,Agustus,4.19,35005430124190
bps_webapi,0000,2026-08-16T13:46:26+00:00,2026-05-06 15:41:30,543,Tingkat Pengangguran Terbuka Menurut Provinsi,Persen,2,,"<p>Data 2011-2013 menggunakan Backcast dari Penimbang Proyeksi Komponen                    <br />Data 2018-2020 menggunakan Backcast dari Penimbang berbasis SUPAS 2015                    <br />1986-1998, penghitungan tanpa data Provinsi Timor Timor                    <br />Pada tahun 1995, Sakernas tidak dilaksanakan                    <br />Pada tahun 2000, tanpa Maluku                    <br />Sumber: Survei Angkatan Kerja Nasional (Sakernas)                    <br /><br /><br /></p><p><br /></p><p><br /></p>",Tenaga Kerja,38 Provinsi,3600,BANTEN,0,Tidak ada,124,2024,189,Februari,7.02,36005430124189
bps_webapi,0000,2026-08-16T13:46:26+00:00,2026-05-06 15:41:30,543,Tingkat Pengangguran Terbuka Menurut Provinsi,Persen,2,,"<p>Data 2011-2013 menggunakan Backcast dari Penimbang Proyeksi Komponen                    <br />Data 2018-2020 menggunakan Backcast dari Penimbang berbasis SUPAS 2015                    <br />1986-1998, penghitungan tanpa data Provinsi Timor Timor                    <br />Pada tahun 1995, Sakernas tidak dilaksanakan                    <br />Pada tahun 2000, tanpa Maluku                    <br />Sumber: Survei Angkatan Kerja Nasional (Sakernas)                    <br /><br /><br /></p><p><br /></p><p><br /></p>",Tenaga Kerja,38 Provinsi,3600,BANTEN,0,Tidak ada,124,2024,190,Agustus,6.68,36005430124190
bps_webapi,0000,2026-08-16T13:46:26+00:00,2026-05-06 15:41:30,543,Tingkat Pengangguran Terbuka Menurut Provinsi,Persen,2,,"<p>Data 2011-2013 menggunakan Backcast dari Penimbang Proyeksi Komponen                    <br />Data 2018-2020 menggunakan Backcast dari Penimbang berbasis SUPAS 2015                    <br />1986-1998, penghitungan tanpa data Provinsi Timor Timor                    <br />Pada tahun 1995, Sakernas tidak dilaksanakan                    <br />Pada tahun 2000, tanpa Maluku                    <br />Sumber: Survei Angkatan Kerja Nasional (Sakernas)                    <br /><br /><br /></p><p><br /></p><p><br /></p>",Tenaga Kerja,38 Provinsi,5100,BALI,0,Tidak ada,124,2024,189,Februari,1.87,51005430124189
bps_webapi,0000,2026-08-16T13:46:26+00:00,2026-05-06 15:41:30,543,Tingkat Pengangguran Terbuka Menurut Provinsi,Persen,2,,"<p>Data 2011-2013 menggunakan Backcast dari Penimbang Proyeksi Komponen                    <br />Data 2018-2020 menggunakan Backcast dari Penimbang berbasis SUPAS 2015                    <br />1986-1998, penghitungan tanpa data Provinsi Timor Timor                    <br />Pada tahun 1995, Sakernas tidak dilaksanakan                    <br />Pada tahun 2000, tanpa Maluku                    <br />Sumber: Survei Angkatan Kerja Nasional (Sakernas)                    <br /><br /><br /></p><p><br /></p><p><br /></p>",Tenaga Kerja,38 Provinsi,5100,BALI,0,Tidak ada,124,2024,190,Agustus,1.79,51005430124190
bps_webapi,0000,2026-08-16T13:46:26+00:00,2026-05-06 15:41:30,543,Tingkat Pengangguran Terbuka Menurut Provinsi,Persen,2,,"<p>Data 2011-2013 menggunakan Backcast dari Penimbang Proyeksi Komponen                    <br />Data 2018-2020 menggunakan Backcast dari Penimbang berbasis SUPAS 2015                    <br />1986-1998, penghitungan tanpa data Provinsi Timor Timor                    <br />Pada tahun 1995, Sakernas tidak dilaksanakan                    <br />Pada tahun 2000, tanpa Maluku                    <br />Sumber: Survei Angkatan Kerja Nasional (Sakernas)                    <br /><br /><br /></p><p><br /></p><p><br /></p>",Tenaga Kerja,38 Provinsi,5200,NUSA TENGGARA BARAT,0,Tidak ada,124,2024,189,Februari,3.3,52005430124189
bps_webapi,0000,2026-08-16T13:46:26+00:00,2026-05-06 15:41:30,543,Tingkat Pengangguran Terbuka Menurut Provinsi,Persen,2,,"<p>Data 2011-2013 menggunakan Backcast dari Penimbang Proyeksi Komponen                    <br />Data 2018-2020 menggunakan Backcast dari Penimbang berbasis SUPAS 2015                    <br />1986-1998, penghitungan tanpa data Provinsi Timor Timor                    <br />Pada tahun 1995, Sakernas tidak dilaksanakan                    <br />Pada tahun 2000, tanpa Maluku                    <br />Sumber: Survei Angkatan Kerja Nasional (Sakernas)                    <br /><br /><br /></p><p><br /></p><p><br /></p>",Tenaga Kerja,38 Provinsi,5200,NUSA TENGGARA BARAT,0,Tidak ada,124,2024,190,Agustus,2.73,52005430124190
bps_webapi,0000,2026-08-16T13:46:26+00:00,2026-05-06 15:41:30,543,Tingkat Pengangguran Terbuka Menurut Provinsi,Persen,2,,"<p>Data 2011-2013 menggunakan Backcast dari Penimbang Proyeksi Komponen                    <br />Data 2018-2020 menggunakan Backcast dari Penimbang berbasis SUPAS 2015                    <br />1986-1998, penghitungan tanpa data Provinsi Timor Timor                    <br />Pada tahun 1995, Sakernas tidak dilaksanakan                    <br />Pada tahun 2000, tanpa Maluku                    <br />Sumber: Survei Angkatan Kerja Nasional (Sakernas)                    <br /><br /><br /></p><p><br /></p><p><br /></p>",Tenaga Kerja,38 Provinsi,5300,NUSA TENGGARA TIMUR,0,Tidak ada,124,2024,189,Februari,3.17,53005430124189
bps_webapi,0000,2026-08-16T13:46:26+00:00,2026-05-06 15:41:30,543,Tingkat Pengangguran Terbuka Menurut Provinsi,Persen,2,,"<p>Data 2011-2013 menggunakan Backcast dari Penimbang Proyeksi Komponen                    <br />Data 2018-2020 menggunakan Backcast dari Penimbang berbasis SUPAS 2015                    <br />1986-1998, penghitungan tanpa data Provinsi Timor Timor                    <br />Pada tahun 1995, Sakernas tidak dilaksanakan                    <br />Pada tahun 2000, tanpa Maluku                    <br />Sumber: Survei Angkatan Kerja Nasional (Sakernas)                    <br /><br /><br /></p><p><br /></p><p><br /></p>",Tenaga Kerja,38 Provinsi,5300,NUSA TENGGARA TIMUR,0,Tidak ada,124,2024,190,Agustus,3.02,53005430124190
bps_webapi,0000,2026-08-16T13:46:26+00:00,2026-05-06 15:41:30,543,Tingkat Pengangguran Terbuka Menurut Provinsi,Persen,2,,"<p>Data 2011-2013 menggunakan Backcast dari Penimbang Proyeksi Komponen                    <br />Data 2018-2020 menggunakan Backcast dari Penimbang berbasis SUPAS 2015                    <br />1986-1998, penghitungan tanpa data Provinsi Timor Timor                    <br />Pada tahun 1995, Sakernas tidak dilaksanakan                    <br />Pada tahun 2000, tanpa Maluku                    <br />Sumber: Survei Angkatan Kerja Nasional (Sakernas)                    <br /><br /><br /></p><p><br /></p><p><br /></p>",Tenaga Kerja,38 Provinsi,6100,KALIMANTAN BARAT,0,Tidak ada,124,2024,189,Februari,4.2,61005430124189
bps_webapi,0000,2026-08-16T13:46:26+00:00,2026-05-06 15:41:30,543,Tingkat Pengangguran Terbuka Menurut Provinsi,Persen,2,,"<p>Data 2011-2013 menggunakan Backcast dari Penimbang Proyeksi Komponen                    <br />Data 2018-2020 menggunakan Backcast dari Penimbang berbasis SUPAS 2015                    <br />1986-1998, penghitungan tanpa data Provinsi Timor Timor                    <br />Pada tahun 1995, Sakernas tidak dilaksanakan                    <br />Pada tahun 2000, tanpa Maluku                    <br />Sumber: Survei Angkatan Kerja Nasional (Sakernas)                    <br /><br /><br /></p><p><br /></p><p><br /></p>",Tenaga Kerja,38 Provinsi,6100,KALIMANTAN BARAT,0,Tidak ada,124,2024,190,Agustus,4.86,61005430124190
bps_webapi,0000,2026-08-16T13:46:26+00:00,2026-05-06 15:41:30,543,Tingkat Pengangguran Terbuka Menurut Provinsi,Persen,2,,"<p>Data 2011-2013 menggunakan Backcast dari Penimbang Proyeksi Komponen                    <br />Data 2018-2020 menggunakan Backcast dari Penimbang berbasis SUPAS 2015                    <br />1986-1998, penghitungan tanpa data Provinsi Timor Timor                    <br />Pada tahun 1995, Sakernas tidak dilaksanakan                    <br />Pada tahun 2000, tanpa Maluku                    <br />Sumber: Survei Angkatan Kerja Nasional (Sakernas)                    <br /><br /><br /></p><p><br /></p><p><br /></p>",Tenaga Kerja,38 Provinsi,6200,KALIMANTAN TENGAH,0,Tidak ada,124,2024,189,Februari,3.67,62005430124189
bps_webapi,0000,2026-08-16T13:46:26+00:00,2026-05-06 15:41:30,543,Tingkat Pengangguran Terbuka Menurut Provinsi,Persen,2,,"<p>Data 2011-2013 menggunakan Backcast dari Penimbang Proyeksi Komponen                    <br />Data 2018-2020 menggunakan Backcast dari Penimbang berbasis SUPAS 2015                    <br />1986-1998, penghitungan tanpa data Provinsi Timor Timor                    <br />Pada tahun 1995, Sakernas tidak dilaksanakan                    <br />Pada tahun 2000, tanpa Maluku                    <br />Sumber: Survei Angkatan Kerja Nasional (Sakernas)                    <br /><br /><br /></p><p><br /></p><p><br /></p>",Tenaga Kerja,38 Provinsi,6200,KALIMANTAN TENGAH,0,Tidak ada,124,2024,190,Agustus,4.01,62005430124190
bps_webapi,0000,2026-08-16T13:46:26+00:00,2026-05-06 15:41:30,543,Tingkat Pengangguran Terbuka Menurut Provinsi,Persen,2,,"<p>Data 2011-2013 menggunakan Backcast dari Penimbang Proyeksi Komponen                    <br />Data 2018-2020 menggunakan Backcast dari Penimbang berbasis SUPAS 2015                    <br />1986-1998, penghitungan tanpa data Provinsi Timor Timor                    <br />Pada tahun 1995, Sakernas tidak dilaksanakan                    <br />Pada tahun 2000, tanpa Maluku                    <br />Sumber: Survei Angkatan Kerja Nasional (Sakernas)                    <br /><br /><br /></p><p><br /></p><p><br /></p>",Tenaga Kerja,38 Provinsi,6300,KALIMANTAN SELATAN,0,Tidak ada,124,2024,189,Februari,3.89,63005430124189
bps_webapi,0000,2026-08-16T13:46:26+00:00,2026-05-06 15:41:30,543,Tingkat Pengangguran Terbuka Menurut Provinsi,Persen,2,,"<p>Data 2011-2013 menggunakan Backcast dari Penimbang Proyeksi Komponen                    <br />Data 2018-2020 menggunakan Backcast dari Penimbang berbasis SUPAS 2015                    <br />1986-1998, penghitungan tanpa data Provinsi Timor Timor                    <br />Pada tahun 1995, Sakernas tidak dilaksanakan                    <br />Pada tahun 2000, tanpa Maluku                    <br />Sumber: Survei Angkatan Kerja Nasional (Sakernas)                    <br /><br /><br /></p><p><br /></p><p><br /></p>",Tenaga Kerja,38 Provinsi,6300,KALIMANTAN SELATAN,0,Tidak ada,124,2024,190,Agustus,4.2,63005430124190
bps_webapi,0000,2026-08-16T13:46:26+00:00,2026-05-06 15:41:30,543,Tingkat Pengangguran Terbuka Menurut Provinsi,Persen,2,,"<p>Data 2011-2013 menggunakan Backcast dari Penimbang Proyeksi Komponen                    <br />Data 2018-2020 menggunakan Backcast dari Penimbang berbasis SUPAS 2015                    <br />1986-1998, penghitungan tanpa data Provinsi Timor Timor                    <br />Pada tahun 1995, Sakernas tidak dilaksanakan                    <br />Pada tahun 2000, tanpa Maluku                    <br />Sumber: Survei Angkatan Kerja Nasional (Sakernas)                    <br /><br /><br /></p><p><br /></p><p><br /></p>",Tenaga Kerja,38 Provinsi,6400,KALIMANTAN TIMUR,0,Tidak ada,124,2024,189,Februari,5.75,64005430124189
bps_webapi,0000,2026-08-16T13:46:26+00:00,2026-05-06 15:41:30,543,Tingkat Pengangguran Terbuka Menurut Provinsi,Persen,2,,"<p>Data 2011-2013 menggunakan Backcast dari Penimbang Proyeksi Komponen                    <br />Data 2018-2020 menggunakan Backcast dari Penimbang berbasis SUPAS 2015                    <br />1986-1998, penghitungan tanpa data Provinsi Timor Timor                    <br />Pada tahun 1995, Sakernas tidak dilaksanakan                    <br />Pada tahun 2000, tanpa Maluku                    <br />Sumber: Survei Angkatan Kerja Nasional (Sakernas)                    <br /><br /><br /></p><p><br /></p><p><br /></p>",Tenaga Kerja,38 Provinsi,6400,KALIMANTAN TIMUR,0,Tidak ada,124,2024,190,Agustus,5.14,64005430124190
bps_webapi,0000,2026-08-16T13:46:26+00:00,2026-05-06 15:41:30,543,Tingkat Pengangguran Terbuka Menurut Provinsi,Persen,2,,"<p>Data 2011-2013 menggunakan Backcast dari Penimbang Proyeksi Komponen                    <br />Data 2018-2020 menggunakan Backcast dari Penimbang berbasis SUPAS 2015                    <br />1986-1998, penghitungan tanpa data Provinsi Timor Timor                    <br />Pada tahun 1995, Sakernas tidak dilaksanakan                    <br />Pada tahun 2000, tanpa Maluku                    <br />Sumber: Survei Angkatan Kerja Nasional (Sakernas)                    <br /><br /><br /></p><p><br /></p><p><br /></p>",Tenaga Kerja,38 Provinsi,6500,KALIMANTAN UTARA,0,Tidak ada,124,2024,189,Februari,4.01,65005430124189
bps_webapi,0000,2026-08-16T13:46:26+00:00,2026-05-06 15:41:30,543,Tingkat Pengangguran Terbuka Menurut Provinsi,Persen,2,,"<p>Data 2011-2013 menggunakan Backcast dari Penimbang Proyeksi Komponen                    <br />Data 2018-2020 menggunakan Backcast dari Penimbang berbasis SUPAS 2015                    <br />1986-1998, penghitungan tanpa data Provinsi Timor Timor                    <br />Pada tahun 1995, Sakernas tidak dilaksanakan                    <br />Pada tahun 2000, tanpa Maluku                    <br />Sumber: Survei Angkatan Kerja Nasional (Sakernas)                    <br /><br /><br /></p><p><br /></p><p><br /></p>",Tenaga Kerja,38 Provinsi,6500,KALIMANTAN UTARA,0,Tidak ada,124,2024,190,Agustus,3.9,65005430124190
bps_webapi,0000,2026-08-16T13:46:26+00:00,2026-05-06 15:41:30,543,Tingkat Pengangguran Terbuka Menurut Provinsi,Persen,2,,"<p>Data 2011-2013 menggunakan Backcast dari Penimbang Proyeksi Komponen                    <br />Data 2018-2020 menggunakan Backcast dari Penimbang berbasis SUPAS 2015                    <br />1986-1998, penghitungan tanpa data Provinsi Timor Timor                    <br />Pada tahun 1995, Sakernas tidak dilaksanakan                    <br />Pada tahun 2000, tanpa Maluku                    <br />Sumber: Survei Angkatan Kerja Nasional (Sakernas)                    <br /><br /><br /></p><p><br /></p><p><br /></p>",Tenaga Kerja,38 Provinsi,7100,SULAWESI UTARA,0,Tidak ada,124,2024,189,Februari,5.98,71005430124189
bps_webapi,0000,2026-08-16T13:46:26+00:00,2026-05-06 15:41:30,543,Tingkat Pengangguran Terbuka Menurut Provinsi,Persen,2,,"<p>Data 2011-2013 menggunakan Backcast dari Penimbang Proyeksi Komponen                    <br />Data 2018-2020 menggunakan Backcast dari Penimbang berbasis SUPAS 2015                    <br />1986-1998, penghitungan tanpa data Provinsi Timor Timor                    <br />Pada tahun 1995, Sakernas tidak dilaksanakan                    <br />Pada tahun 2000, tanpa Maluku                    <br />Sumber: Survei Angkatan Kerja Nasional (Sakernas)                    <br /><br /><br /></p><p><br /></p><p><br /></p>",Tenaga Kerja,38 Provinsi,7100,SULAWESI UTARA,0,Tidak ada,124,2024,190,Agustus,5.85,71005430124190
bps_webapi,0000,2026-08-16T13:46:26+00:00,2026-05-06 15:41:30,543,Tingkat Pengangguran Terbuka Menurut Provinsi,Persen,2,,"<p>Data 2011-2013 menggunakan Backcast dari Penimbang Proyeksi Komponen                    <br />Data 2018-2020 menggunakan Backcast dari Penimbang berbasis SUPAS 2015                    <br />1986-1998, penghitungan tanpa data Provinsi Timor Timor                    <br />Pada tahun 1995, Sakernas tidak dilaksanakan                    <br />Pada tahun 2000, tanpa Maluku                    <br />Sumber: Survei Angkatan Kerja Nasional (Sakernas)                    <br /><br /><br /></p><p><br /></p><p><br /></p>",Tenaga Kerja,38 Provinsi,7200,SULAWESI TENGAH,0,Tidak ada,124,2024,189,Februari,3.15,72005430124189
bps_webapi,0000,2026-08-16T13:46:26+00:00,2026-05-06 15:41:30,543,Tingkat Pengangguran Terbuka Menurut Provinsi,Persen,2,,"<p>Data 2011-2013 menggunakan Backcast dari Penimbang Proyeksi Komponen                    <br />Data 2018-2020 menggunakan Backcast dari Penimbang berbasis SUPAS 2015                    <br />1986-1998, penghitungan tanpa data Provinsi Timor Timor                    <br />Pada tahun 1995, Sakernas tidak dilaksanakan                    <br />Pada tahun 2000, tanpa Maluku                    <br />Sumber: Survei Angkatan Kerja Nasional (Sakernas)                    <br /><br /><br /></p><p><br /></p><p><br /></p>",Tenaga Kerja,38 Provinsi,7200,SULAWESI TENGAH,0,Tidak ada,124,2024,190,Agustus,2.94,72005430124190
bps_webapi,0000,2026-08-16T13:46:26+00:00,2026-05-06 15:41:30,543,Tingkat Pengangguran Terbuka Menurut Provinsi,Persen,2,,"<p>Data 2011-2013 menggunakan Backcast dari Penimbang Proyeksi Komponen                    <br />Data 2018-2020 menggunakan Backcast dari Penimbang berbasis SUPAS 2015                    <br />1986-1998, penghitungan tanpa data Provinsi Timor Timor                    <br />Pada tahun 1995, Sakernas tidak dilaksanakan                    <br />Pada tahun 2000, tanpa Maluku                    <br />Sumber: Survei Angkatan Kerja Nasional (Sakernas)                    <br /><br /><br /></p><p><br /></p><p><br /></p>",Tenaga Kerja,38 Provinsi,7300,SULAWESI SELATAN,0,Tidak ada,124,2024,189,Februari,4.9,73005430124189
bps_webapi,0000,2026-08-16T13:46:26+00:00,2026-05-06 15:41:30,543,Tingkat Pengangguran Terbuka Menurut Provinsi,Persen,2,,"<p>Data 2011-2013 menggunakan Backcast dari Penimbang Proyeksi Komponen                    <br />Data 2018-2020 menggunakan Backcast dari Penimbang berbasis SUPAS 2015                    <br />1986-1998, penghitungan tanpa data Provinsi Timor Timor                    <br />Pada tahun 1995, Sakernas tidak dilaksanakan                    <br />Pada tahun 2000, tanpa Maluku                    <br />Sumber: Survei Angkatan Kerja Nasional (Sakernas)                    <br /><br /><br /></p><p><br /></p><p><br /></p>",Tenaga Kerja,38 Provinsi,7300,SULAWESI SELATAN,0,Tidak ada,124,2024,190,Agustus,4.19,73005430124190
bps_webapi,0000,2026-08-16T13:46:26+00:00,2026-05-06 15:41:30,543,Tingkat Pengangguran Terbuka Menurut Provinsi,Persen,2,,"<p>Data 2011-2013 menggunakan Backcast dari Penimbang Proyeksi Komponen                    <br />Data 2018-2020 menggunakan Backcast dari Penimbang berbasis SUPAS 2015                    <br />1986-1998, penghitungan tanpa data Provinsi Timor Timor                    <br />Pada tahun 1995, Sakernas tidak dilaksanakan                    <br />Pada tahun 2000, tanpa Maluku                    <br />Sumber: Survei Angkatan Kerja Nasional (Sakernas)                    <br /><br /><br /></p><p><br /></p><p><br /></p>",Tenaga Kerja,38 Provinsi,7400,SULAWESI TENGGARA,0,Tidak ada,124,2024,189,Februari,3.22,74005430124189
bps_webapi,0000,2026-08-16T13:46:26+00:00,2026-05-06 15:41:30,543,Tingkat Pengangguran Terbuka Menurut Provinsi,Persen,2,,"<p>Data 2011-2013 menggunakan Backcast dari Penimbang Proyeksi Komponen                    <br />Data 2018-2020 menggunakan Backcast dari Penimbang berbasis SUPAS 2015                    <br />1986-1998, penghitungan tanpa data Provinsi Timor Timor                    <br />Pada tahun 1995, Sakernas tidak dilaksanakan                    <br />Pada tahun 2000, tanpa Maluku                    <br />Sumber: Survei Angkatan Kerja Nasional (Sakernas)                    <br /><br /><br /></p><p><br /></p><p><br /></p>",Tenaga Kerja,38 Provinsi,7400,SULAWESI TENGGARA,0,Tidak ada,124,2024,190,Agustus,3.09,74005430124190
bps_webapi,0000,2026-08-16T13:46:26+00:00,2026-05-06 15:41:30,543,Tingkat Pengangguran Terbuka Menurut Provinsi,Persen,2,,"<p>Data 2011-2013 menggunakan Backcast dari Penimbang Proyeksi Komponen                    <br />Data 2018-2020 menggunakan Backcast dari Penimbang berbasis SUPAS 2015                    <br />1986-1998, penghitungan tanpa data Provinsi Timor Timor                    <br />Pada tahun 1995, Sakernas tidak dilaksanakan                    <br />Pada tahun 2000, tanpa Maluku                    <br />Sumber: Survei Angkatan Kerja Nasional (Sakernas)                    <br /><br /><br /></p><p><br /></p><p><br /></p>",Tenaga Kerja,38 Provinsi,7500,GORONTALO,0,Tidak ada,124,2024,189,Februari,3.05,75005430124189
bps_webapi,0000,2026-08-16T13:46:26+00:00,2026-05-06 15:41:30,543,Tingkat Pengangguran Terbuka Menurut Provinsi,Persen,2,,"<p>Data 2011-2013 menggunakan Backcast dari Penimbang Proyeksi Komponen                    <br />Data 2018-2020 menggunakan Backcast dari Penimbang berbasis SUPAS 2015                    <br />1986-1998, penghitungan tanpa data Provinsi Timor Timor                    <br />Pada tahun 1995, Sakernas tidak dilaksanakan                    <br />Pada tahun 2000, tanpa Maluku                    <br />Sumber: Survei Angkatan Kerja Nasional (Sakernas)                    <br /><br /><br /></p><p><br /></p><p><br /></p>",Tenaga Kerja,38 Provinsi,7500,GORONTALO,0,Tidak ada,124,2024,190,Agustus,3.13,75005430124190
bps_webapi,0000,2026-08-16T13:46:26+00:00,2026-05-06 15:41:30,543,Tingkat Pengangguran Terbuka Menurut Provinsi,Persen,2,,"<p>Data 2011-2013 menggunakan Backcast dari Penimbang Proyeksi Komponen                    <br />Data 2018-2020 menggunakan Backcast dari Penimbang berbasis SUPAS 2015                    <br />1986-1998, penghitungan tanpa data Provinsi Timor Timor                    <br />Pada tahun 1995, Sakernas tidak dilaksanakan                    <br />Pada tahun 2000, tanpa Maluku                    <br />Sumber: Survei Angkatan Kerja Nasional (Sakernas)                    <br /><br /><br /></p><p><br /></p><p><br /></p>",Tenaga Kerja,38 Provinsi,7600,SULAWESI BARAT,0,Tidak ada,124,2024,189,Februari,3.02,76005430124189
bps_webapi,0000,2026-08-16T13:46:26+00:00,2026-05-06 15:41:30,543,Tingkat Pengangguran Terbuka Menurut Provinsi,Persen,2,,"<p>Data 2011-2013 menggunakan Backcast dari Penimbang Proyeksi Komponen                    <br />Data 2018-2020 menggunakan Backcast dari Penimbang berbasis SUPAS 2015                    <br />1986-1998, penghitungan tanpa data Provinsi Timor Timor                    <br />Pada tahun 1995, Sakernas tidak dilaksanakan                    <br />Pada tahun 2000, tanpa Maluku                    <br />Sumber: Survei Angkatan Kerja Nasional (Sakernas)                    <br /><br /><br /></p><p><br /></p><p><br /></p>",Tenaga Kerja,38 Provinsi,7600,SULAWESI BARAT,0,Tidak ada,124,2024,190,Agustus,2.68,76005430124190
bps_webapi,0000,2026-08-16T13:46:26+00:00,2026-05-06 15:41:30,543,Tingkat Pengangguran Terbuka Menurut Provinsi,Persen,2,,"<p>Data 2011-2013 menggunakan Backcast dari Penimbang Proyeksi Komponen                    <br />Data 2018-2020 menggunakan Backcast dari Penimbang berbasis SUPAS 2015                    <br />1986-1998, penghitungan tanpa data Provinsi Timor Timor                    <br />Pada tahun 1995, Sakernas tidak dilaksanakan                    <br />Pada tahun 2000, tanpa Maluku                    <br />Sumber: Survei Angkatan Kerja Nasional (Sakernas)                    <br /><br /><br /></p><p><br /></p><p><br /></p>",Tenaga Kerja,38 Provinsi,8100,MALUKU,0,Tidak ada,124,2024,189,Februari,5.96,81005430124189
bps_webapi,0000,2026-08-16T13:46:26+00:00,2026-05-06 15:41:30,543,Tingkat Pengangguran Terbuka Menurut Provinsi,Persen,2,,"<p>Data 2011-2013 menggunakan Backcast dari Penimbang Proyeksi Komponen                    <br />Data 2018-2020 menggunakan Backcast dari Penimbang berbasis SUPAS 2015                    <br />1986-1998, penghitungan tanpa data Provinsi Timor Timor                    <br />Pada tahun 1995, Sakernas tidak dilaksanakan                    <br />Pada tahun 2000, tanpa Maluku                    <br />Sumber: Survei Angkatan Kerja Nasional (Sakernas)                    <br /><br /><br /></p><p><br /></p><p><br /></p>",Tenaga Kerja,38 Provinsi,8100,MALUKU,0,Tidak ada,124,2024,190,Agustus,6.11,81005430124190
bps_webapi,0000,2026-08-16T13:46:26+00:00,2026-05-06 15:41:30,543,Tingkat Pengangguran Terbuka Menurut Provinsi,Persen,2,,"<p>Data 2011-2013 menggunakan Backcast dari Penimbang Proyeksi Komponen                    <br />Data 2018-2020 menggunakan Backcast dari Penimbang berbasis SUPAS 2015                    <br />1986-1998, penghitungan tanpa data Provinsi Timor Timor                    <br />Pada tahun 1995, Sakernas tidak dilaksanakan                    <br />Pada tahun 2000, tanpa Maluku                    <br />Sumber: Survei Angkatan Kerja Nasional (Sakernas)                    <br /><br /><br /></p><p><br /></p><p><br /></p>",Tenaga Kerja,38 Provinsi,8200,MALUKU UTARA,0,Tidak ada,124,2024,189,Februari,4.16,82005430124189
bps_webapi,0000,2026-08-16T13:46:26+00:00,2026-05-06 15:41:30,543,Tingkat Pengangguran Terbuka Menurut Provinsi,Persen,2,,"<p>Data 2011-2013 menggunakan Backcast dari Penimbang Proyeksi Komponen                    <br />Data 2018-2020 menggunakan Backcast dari Penimbang berbasis SUPAS 2015                    <br />1986-1998, penghitungan tanpa data Provinsi Timor Timor                    <br />Pada tahun 1995, Sakernas tidak dilaksanakan                    <br />Pada tahun 2000, tanpa Maluku                    <br />Sumber: Survei Angkatan Kerja Nasional (Sakernas)                    <br /><br /><br /></p><p><br /></p><p><br /></p>",Tenaga Kerja,38 Provinsi,8200,MALUKU UTARA,0,Tidak ada,124,2024,190,Agustus,4.03,82005430124190
bps_webapi,0000,2026-08-16T13:46:26+00:00,2026-05-06 15:41:30,543,Tingkat Pengangguran Terbuka Menurut Provinsi,Persen,2,,"<p>Data 2011-2013 menggunakan Backcast dari Penimbang Proyeksi Komponen                    <br />Data 2018-2020 menggunakan Backcast dari Penimbang berbasis SUPAS 2015                    <br />1986-1998, penghitungan tanpa data Provinsi Timor Timor                    <br />Pada tahun 1995, Sakernas tidak dilaksanakan                    <br />Pada tahun 2000, tanpa Maluku                    <br />Sumber: Survei Angkatan Kerja Nasional (Sakernas)                    <br /><br /><br /></p><p><br /></p><p><br /></p>",Tenaga Kerja,38 Provinsi,9100,PAPUA BARAT,0,Tidak ada,124,2024,189,Februari,4.31,91005430124189
bps_webapi,0000,2026-08-16T13:46:26+00:00,2026-05-06 15:41:30,543,Tingkat Pengangguran Terbuka Menurut Provinsi,Persen,2,,"<p>Data 2011-2013 menggunakan Backcast dari Penimbang Proyeksi Komponen                    <br />Data 2018-2020 menggunakan Backcast dari Penimbang berbasis SUPAS 2015                    <br />1986-1998, penghitungan tanpa data Provinsi Timor Timor                    <br />Pada tahun 1995, Sakernas tidak dilaksanakan                    <br />Pada tahun 2000, tanpa Maluku                    <br />Sumber: Survei Angkatan Kerja Nasional (Sakernas)                    <br /><br /><br /></p><p><br /></p><p><br /></p>",Tenaga Kerja,38 Provinsi,9100,PAPUA BARAT,0,Tidak ada,124,2024,190,Agustus,4.13,91005430124190
bps_webapi,0000,2026-08-16T13:46:26+00:00,2026-05-06 15:41:30,543,Tingkat Pengangguran Terbuka Menurut Provinsi,Persen,2,,"<p>Data 2011-2013 menggunakan Backcast dari Penimbang Proyeksi Komponen                    <br />Data 2018-2020 menggunakan Backcast dari Penimbang berbasis SUPAS 2015                    <br />1986-1998, penghitungan tanpa data Provinsi Timor Timor                    <br />Pada tahun 1995, Sakernas tidak dilaksanakan                    <br />Pada tahun 2000, tanpa Maluku                    <br />Sumber: Survei Angkatan Kerja Nasional (Sakernas)                    <br /><br /><br /></p><p><br /></p><p><br /></p>",Tenaga Kerja,38 Provinsi,9200,PAPUA BARAT DAYA,0,Tidak ada,124,2024,189,Februari,6.02,92005430124189
bps_webapi,0000,2026-08-16T13:46:26+00:00,2026-05-06 15:41:30,543,Tingkat Pengangguran Terbuka Menurut Provinsi,Persen,2,,"<p>Data 2011-2013 menggunakan Backcast dari Penimbang Proyeksi Komponen                    <br />Data 2018-2020 menggunakan Backcast dari Penimbang berbasis SUPAS 2015                    <br />1986-1998, penghitungan tanpa data Provinsi Timor Timor                    <br />Pada tahun 1995, Sakernas tidak dilaksanakan                    <br />Pada tahun 2000, tanpa Maluku                    <br />Sumber: Survei Angkatan Kerja Nasional (Sakernas)                    <br /><br /><br /></p><p><br /></p><p><br /></p>",Tenaga Kerja,38 Provinsi,9200,PAPUA BARAT DAYA,0,Tidak ada,124,2024,190,Agustus,6.48,92005430124190
bps_webapi,0000,2026-08-16T13:46:26+00:00,2026-05-06 15:41:30,543,Tingkat Pengangguran Terbuka Menurut Provinsi,Persen,2,,"<p>Data 2011-2013 menggunakan Backcast dari Penimbang Proyeksi Komponen                    <br />Data 2018-2020 menggunakan Backcast dari Penimbang berbasis SUPAS 2015                    <br />1986-1998, penghitungan tanpa data Provinsi Timor Timor                    <br />Pada tahun 1995, Sakernas tidak dilaksanakan                    <br />Pada tahun 2000, tanpa Maluku                    <br />Sumber: Survei Angkatan Kerja Nasional (Sakernas)                    <br /><br /><br /></p><p><br /></p><p><br /></p>",Tenaga Kerja,38 Provinsi,9400,PAPUA,0,Tidak ada,124,2024,189,Februari,5.81,94005430124189
bps_webapi,0000,2026-08-16T13:46:26+00:00,2026-05-06 15:41:30,543,Tingkat Pengangguran Terbuka Menurut Provinsi,Persen,2,,"<p>Data 2011-2013 menggunakan Backcast dari Penimbang Proyeksi Komponen                    <br />Data 2018-2020 menggunakan Backcast dari Penimbang berbasis SUPAS 2015                    <br />1986-1998, penghitungan tanpa data Provinsi Timor Timor                    <br />Pada tahun 1995, Sakernas tidak dilaksanakan                    <br />Pada tahun 2000, tanpa Maluku                    <br />Sumber: Survei Angkatan Kerja Nasional (Sakernas)                    <br /><br /><br /></p><p><br /></p><p><br /></p>",Tenaga Kerja,38 Provinsi,9400,PAPUA,0,Tidak ada,124,2024,190,Agustus,6.48,94005430124190
bps_webapi,0000,2026-08-16T13:46:26+00:00,2026-05-06 15:41:30,543,Tingkat Pengangguran Terbuka Menurut Provinsi,Persen,2,,"<p>Data 2011-2013 menggunakan Backcast dari Penimbang Proyeksi Komponen                    <br />Data 2018-2020 menggunakan Backcast dari Penimbang berbasis SUPAS 2015                    <br />1986-1998, penghitungan tanpa data Provinsi Timor Timor                    <br />Pada tahun 1995, Sakernas tidak dilaksanakan                    <br />Pada tahun 2000, tanpa Maluku                    <br />Sumber: Survei Angkatan Kerja Nasional (Sakernas)                    <br /><br /><br /></p><p><br /></p><p><br /></p>",Tenaga Kerja,38 Provinsi,9500,PAPUA SELATAN,0,Tidak ada,124,2024,189,Februari,4.75,95005430124189
bps_webapi,0000,2026-08-16T13:46:26+00:00,2026-05-06 15:41:30,543,Tingkat Pengangguran Terbuka Menurut Provinsi,Persen,2,,"<p>Data 2011-2013 menggunakan Backcast dari Penimbang Proyeksi Komponen                    <br />Data 2018-2020 menggunakan Backcast dari Penimbang berbasis SUPAS 2015                    <br />1986-1998, penghitungan tanpa data Provinsi Timor Timor                    <br />Pada tahun 1995, Sakernas tidak dilaksanakan                    <br />Pada tahun 2000, tanpa Maluku                    <br />Sumber: Survei Angkatan Kerja Nasional (Sakernas)                    <br /><br /><br /></p><p><br /></p><p><br /></p>",Tenaga Kerja,38 Provinsi,9500,PAPUA SELATAN,0,Tidak ada,124,2024,190,Agustus,4.05,95005430124190
bps_webapi,0000,2026-08-16T13:46:26+00:00,2026-05-06 15:41:30,543,Tingkat Pengangguran Terbuka Menurut Provinsi,Persen,2,,"<p>Data 2011-2013 menggunakan Backcast dari Penimbang Proyeksi Komponen                    <br />Data 2018-2020 menggunakan Backcast dari Penimbang berbasis SUPAS 2015                    <br />1986-1998, penghitungan tanpa data Provinsi Timor Timor                    <br />Pada tahun 1995, Sakernas tidak dilaksanakan                    <br />Pada tahun 2000, tanpa Maluku                    <br />Sumber: Survei Angkatan Kerja Nasional (Sakernas)                    <br /><br /><br /></p><p><br /></p><p><br /></p>",Tenaga Kerja,38 Provinsi,9600,PAPUA TENGAH,0,Tidak ada,124,2024,189,Februari,2.49,96005430124189
bps_webapi,0000,2026-08-16T13:46:26+00:00,2026-05-06 15:41:30,543,Tingkat Pengangguran Terbuka Menurut Provinsi,Persen,2,,"<p>Data 2011-2013 menggunakan Backcast dari Penimbang Proyeksi Komponen                    <br />Data 2018-2020 menggunakan Backcast dari Penimbang berbasis SUPAS 2015                    <br />1986-1998, penghitungan tanpa data Provinsi Timor Timor                    <br />Pada tahun 1995, Sakernas tidak dilaksanakan                    <br />Pada tahun 2000, tanpa Maluku                    <br />Sumber: Survei Angkatan Kerja Nasional (Sakernas)                    <br /><br /><br /></p><p><br /></p><p><br /></p>",Tenaga Kerja,38 Provinsi,9600,PAPUA TENGAH,0,Tidak ada,124,2024,190,Agustus,2.75,96005430124190
bps_webapi,0000,2026-08-16T13:46:26+00:00,2026-05-06 15:41:30,543,Tingkat Pengangguran Terbuka Menurut Provinsi,Persen,2,,"<p>Data 2011-2013 menggunakan Backcast dari Penimbang Proyeksi Komponen                    <br />Data 2018-2020 menggunakan Backcast dari Penimbang berbasis SUPAS 2015                    <br />1986-1998, penghitungan tanpa data Provinsi Timor Timor                    <br />Pada tahun 1995, Sakernas tidak dilaksanakan                    <br />Pada tahun 2000, tanpa Maluku                    <br />Sumber: Survei Angkatan Kerja Nasional (Sakernas)                    <br /><br /><br /></p><p><br /></p><p><br /></p>",Tenaga Kerja,38 Provinsi,9700,PAPUA PEGUNUNGAN,0,Tidak ada,124,2024,189,Februari,1.18,97005430124189
bps_webapi,0000,2026-08-16T13:46:26+00:00,2026-05-06 15:41:30,543,Tingkat Pengangguran Terbuka Menurut Provinsi,Persen,2,,"<p>Data 2011-2013 menggunakan Backcast dari Penimbang Proyeksi Komponen                    <br />Data 2018-2020 menggunakan Backcast dari Penimbang berbasis SUPAS 2015                    <br />1986-1998, penghitungan tanpa data Provinsi Timor Timor                    <br />Pada tahun 1995, Sakernas tidak dilaksanakan                    <br />Pada tahun 2000, tanpa Maluku                    <br />Sumber: Survei Angkatan Kerja Nasional (Sakernas)                    <br /><br /><br /></p><p><br /></p><p><br /></p>",Tenaga Kerja,38 Provinsi,9700,PAPUA PEGUNUNGAN,0,Tidak ada,124,2024,190,Agustus,1.32,97005430124190
bps_webapi,0000,2026-08-16T13:46:26+00:00,2026-05-06 15:41:30,543,Tingkat Pengangguran Terbuka Menurut Provinsi,Persen,2,,"<p>Data 2011-2013 menggunakan Backcast dari Penimbang Proyeksi Komponen                    <br />Data 2018-2020 menggunakan Backcast dari Penimbang berbasis SUPAS 2015                    <br />1986-1998, penghitungan tanpa data Provinsi Timor Timor                    <br />Pada tahun 1995, Sakernas tidak dilaksanakan                    <br />Pada tahun 2000, tanpa Maluku                    <br />Sumber: Survei Angkatan Kerja Nasional (Sakernas)                    <br /><br /><br /></p><p><br /></p><p><br /></p>",Tenaga Kerja,38 Provinsi,9999,INDONESIA,0,Tidak ada,124,2024,189,Februari,4.82,99995430124189
bps_webapi,0000,2026-08-16T13:46:26+00:00,2026-05-06 15:41:30,543,Tingkat Pengangguran Terbuka Menurut Provinsi,Persen,2,,"<p>Data 2011-2013 menggunakan Backcast dari Penimbang Proyeksi Komponen                    <br />Data 2018-2020 menggunakan Backcast dari Penimbang berbasis SUPAS 2015                    <br />1986-1998, penghitungan tanpa data Provinsi Timor Timor                    <br />Pada tahun 1995, Sakernas tidak dilaksanakan                    <br />Pada tahun 2000, tanpa Maluku                    <br />Sumber: Survei Angkatan Kerja Nasional (Sakernas)                    <br /><br /><br /></p><p><br /></p><p><br /></p>",Tenaga Kerja,38 Provinsi,9999,INDONESIA,0,Tidak ada,124,2024,190,Agustus,4.91,99995430124190
bps_webapi,0000,2026-08-16T13:46:26+00:00,2026-05-06 15:41:30,543,Tingkat Pengangguran Terbuka Menurut Provinsi,Persen,2,,"<p>Data 2011-2013 menggunakan Backcast dari Penimbang Proyeksi Komponen                    <br />Data 2018-2020 menggunakan Backcast dari Penimbang berbasis SUPAS 2015                    <br />1986-1998, penghitungan tanpa data Provinsi Timor Timor                    <br />Pada tahun 1995, Sakernas tidak dilaksanakan                    <br />Pada tahun 2000, tanpa Maluku                    <br />Sumber: Survei Angkatan Kerja Nasional (Sakernas)                    <br /><br /><br /></p><p><br /></p><p><br /></p>",Tenaga Kerja,38 Provinsi,1100,ACEH,0,Tidak ada,125,2025,189,Februari,5.5,11005430125189
bps_webapi,0000,2026-08-16T13:46:26+00:00,2026-05-06 15:41:30,543,Tingkat Pengangguran Terbuka Menurut Provinsi,Persen,2,,"<p>Data 2011-2013 menggunakan Backcast dari Penimbang Proyeksi Komponen                    <br />Data 2018-2020 menggunakan Backcast dari Penimbang berbasis SUPAS 2015                    <br />1986-1998, penghitungan tanpa data Provinsi Timor Timor                    <br />Pada tahun 1995, Sakernas tidak dilaksanakan                    <br />Pada tahun 2000, tanpa Maluku                    <br />Sumber: Survei Angkatan Kerja Nasional (Sakernas)                    <br /><br /><br /></p><p><br /></p><p><br /></p>",Tenaga Kerja,38 Provinsi,1100,ACEH,0,Tidak ada,125,2025,190,Agustus,5.64,11005430125190
bps_webapi,0000,2026-08-16T13:46:26+00:00,2026-05-06 15:41:30,543,Tingkat Pengangguran Terbuka Menurut Provinsi,Persen,2,,"<p>Data 2011-2013 menggunakan Backcast dari Penimbang Proyeksi Komponen                    <br />Data 2018-2020 menggunakan Backcast dari Penimbang berbasis SUPAS 2015                    <br />1986-1998, penghitungan tanpa data Provinsi Timor Timor                    <br />Pada tahun 1995, Sakernas tidak dilaksanakan                    <br />Pada tahun 2000, tanpa Maluku                    <br />Sumber: Survei Angkatan Kerja Nasional (Sakernas)                    <br /><br /><br /></p><p><br /></p><p><br /></p>",Tenaga Kerja,38 Provinsi,1200,SUMATERA UTARA,0,Tidak ada,125,2025,189,Februari,5.05,12005430125189
bps_webapi,0000,2026-08-16T13:46:26+00:00,2026-05-06 15:41:30,543,Tingkat Pengangguran Terbuka Menurut Provinsi,Persen,2,,"<p>Data 2011-2013 menggunakan Backcast dari Penimbang Proyeksi Komponen                    <br />Data 2018-2020 menggunakan Backcast dari Penimbang berbasis SUPAS 2015                    <br />1986-1998, penghitungan tanpa data Provinsi Timor Timor                    <br />Pada tahun 1995, Sakernas tidak dilaksanakan                    <br />Pada tahun 2000, tanpa Maluku                    <br />Sumber: Survei Angkatan Kerja Nasional (Sakernas)                    <br /><br /><br /></p><p><br /></p><p><br /></p>",Tenaga Kerja,38 Provinsi,1200,SUMATERA UTARA,0,Tidak ada,125,2025,190,Agustus,5.32,12005430125190
bps_webapi,0000,2026-08-16T13:46:26+00:00,2026-05-06 15:41:30,543,Tingkat Pengangguran Terbuka Menurut Provinsi,Persen,2,,"<p>Data 2011-2013 menggunakan Backcast dari Penimbang Proyeksi Komponen                    <br />Data 2018-2020 menggunakan Backcast dari Penimbang berbasis SUPAS 2015                    <br />1986-1998, penghitungan tanpa data Provinsi Timor Timor                    <br />Pada tahun 1995, Sakernas tidak dilaksanakan                    <br />Pada tahun 2000, tanpa Maluku                    <br />Sumber: Survei Angkatan Kerja Nasional (Sakernas)                    <br /><br /><br /></p><p><br /></p><p><br /></p>",Tenaga Kerja,38 Provinsi,1300,SUMATERA BARAT,0,Tidak ada,125,2025,189,Februari,5.69,13005430125189
bps_webapi,0000,2026-08-16T13:46:26+00:00,2026-05-06 15:41:30,543,Tingkat Pengangguran Terbuka Menurut Provinsi,Persen,2,,"<p>Data 2011-2013 menggunakan Backcast dari Penimbang Proyeksi Komponen                    <br />Data 2018-2020 menggunakan Backcast dari Penimbang berbasis SUPAS 2015                    <br />1986-1998, penghitungan tanpa data Provinsi Timor Timor                    <br />Pada tahun 1995, Sakernas tidak dilaksanakan                    <br />Pada tahun 2000, tanpa Maluku                    <br />Sumber: Survei Angkatan Kerja Nasional (Sakernas)                    <br /><br /><br /></p><p><br /></p><p><br /></p>",Tenaga Kerja,38 Provinsi,1300,SUMATERA BARAT,0,Tidak ada,125,2025,190,Agustus,5.62,13005430125190
bps_webapi,0000,2026-08-16T13:46:26+00:00,2026-05-06 15:41:30,543,Tingkat Pengangguran Terbuka Menurut Provinsi,Persen,2,,"<p>Data 2011-2013 menggunakan Backcast dari Penimbang Proyeksi Komponen                    <br />Data 2018-2020 menggunakan Backcast dari Penimbang berbasis SUPAS 2015                    <br />1986-1998, penghitungan tanpa data Provinsi Timor Timor                    <br />Pada tahun 1995, Sakernas tidak dilaksanakan                    <br />Pada tahun 2000, tanpa Maluku                    <br />Sumber: Survei Angkatan Kerja Nasional (Sakernas)                    <br /><br /><br /></p><p><br /></p><p><br /></p>",Tenaga Kerja,38 Provinsi,1400,RIAU,0,Tidak ada,125,2025,189,Februari,4.12,14005430125189
bps_webapi,0000,2026-08-16T13:46:26+00:00,2026-05-06 15:41:30,543,Tingkat Pengangguran Terbuka Menurut Provinsi,Persen,2,,"<p>Data 2011-2013 menggunakan Backcast dari Penimbang Proyeksi Komponen                    <br />Data 2018-2020 menggunakan Backcast dari Penimbang berbasis SUPAS 2015                    <br />1986-1998, penghitungan tanpa data Provinsi Timor Timor                    <br />Pada tahun 1995, Sakernas tidak dilaksanakan                    <br />Pada tahun 2000, tanpa Maluku                    <br />Sumber: Survei Angkatan Kerja Nasional (Sakernas)                    <br /><br /><br /></p><p><br /></p><p><br /></p>",Tenaga Kerja,38 Provinsi,1400,RIAU,0,Tidak ada,125,2025,190,Agustus,4.16,14005430125190
bps_webapi,0000,2026-08-16T13:46:26+00:00,2026-05-06 15:41:30,543,Tingkat Pengangguran Terbuka Menurut Provinsi,Persen,2,,"<p>Data 2011-2013 menggunakan Backcast dari Penimbang Proyeksi Komponen                    <br />Data 2018-2020 menggunakan Backcast dari Penimbang berbasis SUPAS 2015                    <br />1986-1998, penghitungan tanpa data Provinsi Timor Timor                    <br />Pada tahun 1995, Sakernas tidak dilaksanakan                    <br />Pada tahun 2000, tanpa Maluku                    <br />Sumber: Survei Angkatan Kerja Nasional (Sakernas)                    <br /><br /><br /></p><p><br /></p><p><br /></p>",Tenaga Kerja,38 Provinsi,1500,JAMBI,0,Tidak ada,125,2025,189,Februari,4.48,15005430125189
bps_webapi,0000,2026-08-16T13:46:26+00:00,2026-05-06 15:41:30,543,Tingkat Pengangguran Terbuka Menurut Provinsi,Persen,2,,"<p>Data 2011-2013 menggunakan Backcast dari Penimbang Proyeksi Komponen                    <br />Data 2018-2020 menggunakan Backcast dari Penimbang berbasis SUPAS 2015                    <br />1986-1998, penghitungan tanpa data Provinsi Timor Timor                    <br />Pada tahun 1995, Sakernas tidak dilaksanakan                    <br />Pada tahun 2000, tanpa Maluku                    <br />Sumber: Survei Angkatan Kerja Nasional (Sakernas)                    <br /><br /><br /></p><p><br /></p><p><br /></p>",Tenaga Kerja,38 Provinsi,1500,JAMBI,0,Tidak ada,125,2025,190,Agustus,4.26,15005430125190
bps_webapi,0000,2026-08-16T13:46:26+00:00,2026-05-06 15:41:30,543,Tingkat Pengangguran Terbuka Menurut Provinsi,Persen,2,,"<p>Data 2011-2013 menggunakan Backcast dari Penimbang Proyeksi Komponen                    <br />Data 2018-2020 menggunakan Backcast dari Penimbang berbasis SUPAS 2015                    <br />1986-1998, penghitungan tanpa data Provinsi Timor Timor                    <br />Pada tahun 1995, Sakernas tidak dilaksanakan                    <br />Pada tahun 2000, tanpa Maluku                    <br />Sumber: Survei Angkatan Kerja Nasional (Sakernas)                    <br /><br /><br /></p><p><br /></p><p><br /></p>",Tenaga Kerja,38 Provinsi,1600,SUMATERA SELATAN,0,Tidak ada,125,2025,189,Februari,3.89,16005430125189
bps_webapi,0000,2026-08-16T13:46:26+00:00,2026-05-06 15:41:30,543,Tingkat Pengangguran Terbuka Menurut Provinsi,Persen,2,,"<p>Data 2011-2013 menggunakan Backcast dari Penimbang Proyeksi Komponen                    <br />Data 2018-2020 menggunakan Backcast dari Penimbang berbasis SUPAS 2015                    <br />1986-1998, penghitungan tanpa data Provinsi Timor Timor                    <br />Pada tahun 1995, Sakernas tidak dilaksanakan                    <br />Pada tahun 2000, tanpa Maluku                    <br />Sumber: Survei Angkatan Kerja Nasional (Sakernas)                    <br /><br /><br /></p><p><br /></p><p><br /></p>",Tenaga Kerja,38 Provinsi,1600,SUMATERA SELATAN,0,Tidak ada,125,2025,190,Agustus,3.69,16005430125190
bps_webapi,0000,2026-08-16T13:46:26+00:00,2026-05-06 15:41:30,543,Tingkat Pengangguran Terbuka Menurut Provinsi,Persen,2,,"<p>Data 2011-2013 menggunakan Backcast dari Penimbang Proyeksi Komponen                    <br />Data 2018-2020 menggunakan Backcast dari Penimbang berbasis SUPAS 2015                    <br />1986-1998, penghitungan tanpa data Provinsi Timor Timor                    <br />Pada tahun 1995, Sakernas tidak dilaksanakan                    <br />Pada tahun 2000, tanpa Maluku                    <br />Sumber: Survei Angkatan Kerja Nasional (Sakernas)                    <br /><br /><br /></p><p><br /></p><p><br /></p>",Tenaga Kerja,38 Provinsi,1700,BENGKULU,0,Tidak ada,125,2025,189,Februari,3.24,17005430125189
bps_webapi,0000,2026-08-16T13:46:26+00:00,2026-05-06 15:41:30,543,Tingkat Pengangguran Terbuka Menurut Provinsi,Persen,2,,"<p>Data 2011-2013 menggunakan Backcast dari Penimbang Proyeksi Komponen                    <br />Data 2018-2020 menggunakan Backcast dari Penimbang berbasis SUPAS 2015                    <br />1986-1998, penghitungan tanpa data Provinsi Timor Timor                    <br />Pada tahun 1995, Sakernas tidak dilaksanakan                    <br />Pada tahun 2000, tanpa Maluku                    <br />Sumber: Survei Angkatan Kerja Nasional (Sakernas)                    <br /><br /><br /></p><p><br /></p><p><br /></p>",Tenaga Kerja,38 Provinsi,1700,BENGKULU,0,Tidak ada,125,2025,190,Agustus,3.41,17005430125190
bps_webapi,0000,2026-08-16T13:46:26+00:00,2026-05-06 15:41:30,543,Tingkat Pengangguran Terbuka Menurut Provinsi,Persen,2,,"<p>Data 2011-2013 menggunakan Backcast dari Penimbang Proyeksi Komponen                    <br />Data 2018-2020 menggunakan Backcast dari Penimbang berbasis SUPAS 2015                    <br />1986-1998, penghitungan tanpa data Provinsi Timor Timor                    <br />Pada tahun 1995, Sakernas tidak dilaksanakan                    <br />Pada tahun 2000, tanpa Maluku                    <br />Sumber: Survei Angkatan Kerja Nasional (Sakernas)                    <br /><br /><br /></p><p><br /></p><p><br /></p>",Tenaga Kerja,38 Provinsi,1800,LAMPUNG,0,Tidak ada,125,2025,189,Februari,4.07,18005430125189
bps_webapi,0000,2026-08-16T13:46:26+00:00,2026-05-06 15:41:30,543,Tingkat Pengangguran Terbuka Menurut Provinsi,Persen,2,,"<p>Data 2011-2013 menggunakan Backcast dari Penimbang Proyeksi Komponen                    <br />Data 2018-2020 menggunakan Backcast dari Penimbang berbasis SUPAS 2015                    <br />1986-1998, penghitungan tanpa data Provinsi Timor Timor                    <br />Pada tahun 1995, Sakernas tidak dilaksanakan                    <br />Pada tahun 2000, tanpa Maluku                    <br />Sumber: Survei Angkatan Kerja Nasional (Sakernas)                    <br /><br /><br /></p><p><br /></p><p><br /></p>",Tenaga Kerja,38 Provinsi,1800,LAMPUNG,0,Tidak ada,125,2025,190,Agustus,4.21,18005430125190
bps_webapi,0000,2026-08-16T13:46:26+00:00,2026-05-06 15:41:30,543,Tingkat Pengangguran Terbuka Menurut Provinsi,Persen,2,,"<p>Data 2011-2013 menggunakan Backcast dari Penimbang Proyeksi Komponen                    <br />Data 2018-2020 menggunakan Backcast dari Penimbang berbasis SUPAS 2015                    <br />1986-1998, penghitungan tanpa data Provinsi Timor Timor                    <br />Pada tahun 1995, Sakernas tidak dilaksanakan                    <br />Pada tahun 2000, tanpa Maluku                    <br />Sumber: Survei Angkatan Kerja Nasional (Sakernas)                    <br /><br /><br /></p><p><br /></p><p><br /></p>",Tenaga Kerja,38 Provinsi,1900,KEP. BANGKA BELITUNG,0,Tidak ada,125,2025,189,Februari,4.17,19005430125189
bps_webapi,0000,2026-08-16T13:46:26+00:00,2026-05-06 15:41:30,543,Tingkat Pengangguran Terbuka Menurut Provinsi,Persen,2,,"<p>Data 2011-2013 menggunakan Backcast dari Penimbang Proyeksi Komponen                    <br />Data 2018-2020 menggunakan Backcast dari Penimbang berbasis SUPAS 2015                    <br />1986-1998, penghitungan tanpa data Provinsi Timor Timor                    <br />Pada tahun 1995, Sakernas tidak dilaksanakan                    <br />Pada tahun 2000, tanpa Maluku                    <br />Sumber: Survei Angkatan Kerja Nasional (Sakernas)                    <br /><br /><br /></p><p><br /></p><p><br /></p>",Tenaga Kerja,38 Provinsi,1900,KEP. BANGKA BELITUNG,0,Tidak ada,125,2025,190,Agustus,4.45,19005430125190
bps_webapi,0000,2026-08-16T13:46:26+00:00,2026-05-06 15:41:30,543,Tingkat Pengangguran Terbuka Menurut Provinsi,Persen,2,,"<p>Data 2011-2013 menggunakan Backcast dari Penimbang Proyeksi Komponen                    <br />Data 2018-2020 menggunakan Backcast dari Penimbang berbasis SUPAS 2015                    <br />1986-1998, penghitungan tanpa data Provinsi Timor Timor                    <br />Pada tahun 1995, Sakernas tidak dilaksanakan                    <br />Pada tahun 2000, tanpa Maluku                    <br />Sumber: Survei Angkatan Kerja Nasional (Sakernas)                    <br /><br /><br /></p><p><br /></p><p><br /></p>",Tenaga Kerja,38 Provinsi,2100,KEP. RIAU,0,Tidak ada,125,2025,189,Februari,6.89,21005430125189
bps_webapi,0000,2026-08-16T13:46:26+00:00,2026-05-06 15:41:30,543,Tingkat Pengangguran Terbuka Menurut Provinsi,Persen,2,,"<p>Data 2011-2013 menggunakan Backcast dari Penimbang Proyeksi Komponen                    <br />Data 2018-2020 menggunakan Backcast dari Penimbang berbasis SUPAS 2015                    <br />1986-1998, penghitungan tanpa data Provinsi Timor Timor                    <br />Pada tahun 1995, Sakernas tidak dilaksanakan                    <br />Pada tahun 2000, tanpa Maluku                    <br />Sumber: Survei Angkatan Kerja Nasional (Sakernas)                    <br /><br /><br /></p><p><br /></p><p><br /></p>",Tenaga Kerja,38 Provinsi,2100,KEP. RIAU,0,Tidak ada,125,2025,190,Agustus,6.45,21005430125190
bps_webapi,0000,2026-08-16T13:46:26+00:00,2026-05-06 15:41:30,543,Tingkat Pengangguran Terbuka Menurut Provinsi,Persen,2,,"<p>Data 2011-2013 menggunakan Backcast dari Penimbang Proyeksi Komponen                    <br />Data 2018-2020 menggunakan Backcast dari Penimbang berbasis SUPAS 2015                    <br />1986-1998, penghitungan tanpa data Provinsi Timor Timor                    <br />Pada tahun 1995, Sakernas tidak dilaksanakan                    <br />Pada tahun 2000, tanpa Maluku                    <br />Sumber: Survei Angkatan Kerja Nasional (Sakernas)                    <br /><br /><br /></p><p><br /></p><p><br /></p>",Tenaga Kerja,38 Provinsi,3100,DKI JAKARTA,0,Tidak ada,125,2025,189,Februari,6.18,31005430125189
bps_webapi,0000,2026-08-16T13:46:26+00:00,2026-05-06 15:41:30,543,Tingkat Pengangguran Terbuka Menurut Provinsi,Persen,2,,"<p>Data 2011-2013 menggunakan Backcast dari Penimbang Proyeksi Komponen                    <br />Data 2018-2020 menggunakan Backcast dari Penimbang berbasis SUPAS 2015                    <br />1986-1998, penghitungan tanpa data Provinsi Timor Timor                    <br />Pada tahun 1995, Sakernas tidak dilaksanakan                    <br />Pada tahun 2000, tanpa Maluku                    <br />Sumber: Survei Angkatan Kerja Nasional (Sakernas)                    <br /><br /><br /></p><p><br /></p><p><br /></p>",Tenaga Kerja,38 Provinsi,3100,DKI JAKARTA,0,Tidak ada,125,2025,190,Agustus,6.05,31005430125190
bps_webapi,0000,2026-08-16T13:46:26+00:00,2026-05-06 15:41:30,543,Tingkat Pengangguran Terbuka Menurut Provinsi,Persen,2,,"<p>Data 2011-2013 menggunakan Backcast dari Penimbang Proyeksi Komponen                    <br />Data 2018-2020 menggunakan Backcast dari Penimbang berbasis SUPAS 2015                    <br />1986-1998, penghitungan tanpa data Provinsi Timor Timor                    <br />Pada tahun 1995, Sakernas tidak dilaksanakan                    <br />Pada tahun 2000, tanpa Maluku                    <br />Sumber: Survei Angkatan Kerja Nasional (Sakernas)                    <br /><br /><br /></p><p><br /></p><p><br /></p>",Tenaga Kerja,38 Provinsi,3200,JAWA BARAT,0,Tidak ada,125,2025,189,Februari,6.74,32005430125189
bps_webapi,0000,2026-08-16T13:46:26+00:00,2026-05-06 15:41:30,543,Tingkat Pengangguran Terbuka Menurut Provinsi,Persen,2,,"<p>Data 2011-2013 menggunakan Backcast dari Penimbang Proyeksi Komponen                    <br />Data 2018-2020 menggunakan Backcast dari Penimbang berbasis SUPAS 2015                    <br />1986-1998, penghitungan tanpa data Provinsi Timor Timor                    <br />Pada tahun 1995, Sakernas tidak dilaksanakan                    <br />Pada tahun 2000, tanpa Maluku                    <br />Sumber: Survei Angkatan Kerja Nasional (Sakernas)                    <br /><br /><br /></p><p><br /></p><p><br /></p>",Tenaga Kerja,38 Provinsi,3200,JAWA BARAT,0,Tidak ada,125,2025,190,Agustus,6.77,32005430125190
bps_webapi,0000,2026-08-16T13:46:26+00:00,2026-05-06 15:41:30,543,Tingkat Pengangguran Terbuka Menurut Provinsi,Persen,2,,"<p>Data 2011-2013 menggunakan Backcast dari Penimbang Proyeksi Komponen                    <br />Data 2018-2020 menggunakan Backcast dari Penimbang berbasis SUPAS 2015                    <br />1986-1998, penghitungan tanpa data Provinsi Timor Timor                    <br />Pada tahun 1995, Sakernas tidak dilaksanakan                    <br />Pada tahun 2000, tanpa Maluku                    <br />Sumber: Survei Angkatan Kerja Nasional (Sakernas)                    <br /><br /><br /></p><p><br /></p><p><br /></p>",Tenaga Kerja,38 Provinsi,3300,JAWA TENGAH,0,Tidak ada,125,2025,189,Februari,4.33,33005430125189
bps_webapi,0000,2026-08-16T13:46:26+00:00,2026-05-06 15:41:30,543,Tingkat Pengangguran Terbuka Menurut Provinsi,Persen,2,,"<p>Data 2011-2013 menggunakan Backcast dari Penimbang Proyeksi Komponen                    <br />Data 2018-2020 menggunakan Backcast dari Penimbang berbasis SUPAS 2015                    <br />1986-1998, penghitungan tanpa data Provinsi Timor Timor                    <br />Pada tahun 1995, Sakernas tidak dilaksanakan                    <br />Pada tahun 2000, tanpa Maluku                    <br />Sumber: Survei Angkatan Kerja Nasional (Sakernas)                    <br /><br /><br /></p><p><br /></p><p><br /></p>",Tenaga Kerja,38 Provinsi,3300,JAWA TENGAH,0,Tidak ada,125,2025,190,Agustus,4.66,33005430125190
bps_webapi,0000,2026-08-16T13:46:26+00:00,2026-05-06 15:41:30,543,Tingkat Pengangguran Terbuka Menurut Provinsi,Persen,2,,"<p>Data 2011-2013 menggunakan Backcast dari Penimbang Proyeksi Komponen                    <br />Data 2018-2020 menggunakan Backcast dari Penimbang berbasis SUPAS 2015                    <br />1986-1998, penghitungan tanpa data Provinsi Timor Timor                    <br />Pada tahun 1995, Sakernas tidak dilaksanakan                    <br />Pada tahun 2000, tanpa Maluku                    <br />Sumber: Survei Angkatan Kerja Nasional (Sakernas)                    <br /><br /><br /></p><p><br /></p><p><br /></p>",Tenaga Kerja,38 Provinsi,3400,DI YOGYAKARTA,0,Tidak ada,125,2025,189,Februari,3.18,34005430125189
bps_webapi,0000,2026-08-16T13:46:26+00:00,2026-05-06 15:41:30,543,Tingkat Pengangguran Terbuka Menurut Provinsi,Persen,2,,"<p>Data 2011-2013 menggunakan Backcast dari Penimbang Proyeksi Komponen                    <br />Data 2018-2020 menggunakan Backcast dari Penimbang berbasis SUPAS 2015                    <br />1986-1998, penghitungan tanpa data Provinsi Timor Timor                    <br />Pada tahun 1995, Sakernas tidak dilaksanakan                    <br />Pada tahun 2000, tanpa Maluku                    <br />Sumber: Survei Angkatan Kerja Nasional (Sakernas)                    <br /><br /><br /></p><p><br /></p><p><br /></p>",Tenaga Kerja,38 Provinsi,3400,DI YOGYAKARTA,0,Tidak ada,125,2025,190,Agustus,3.46,34005430125190
bps_webapi,0000,2026-08-16T13:46:26+00:00,2026-05-06 15:41:30,543,Tingkat Pengangguran Terbuka Menurut Provinsi,Persen,2,,"<p>Data 2011-2013 menggunakan Backcast dari Penimbang Proyeksi Komponen                    <br />Data 2018-2020 menggunakan Backcast dari Penimbang berbasis SUPAS 2015                    <br />1986-1998, penghitungan tanpa data Provinsi Timor Timor                    <br />Pada tahun 1995, Sakernas tidak dilaksanakan                    <br />Pada tahun 2000, tanpa Maluku                    <br />Sumber: Survei Angkatan Kerja Nasional (Sakernas)                    <br /><br /><br /></p><p><br /></p><p><br /></p>",Tenaga Kerja,38 Provinsi,3500,JAWA TIMUR,0,Tidak ada,125,2025,189,Februari,3.61,35005430125189
bps_webapi,0000,2026-08-16T13:46:26+00:00,2026-05-06 15:41:30,543,Tingkat Pengangguran Terbuka Menurut Provinsi,Persen,2,,"<p>Data 2011-2013 menggunakan Backcast dari Penimbang Proyeksi Komponen                    <br />Data 2018-2020 menggunakan Backcast dari Penimbang berbasis SUPAS 2015                    <br />1986-1998, penghitungan tanpa data Provinsi Timor Timor                    <br />Pada tahun 1995, Sakernas tidak dilaksanakan                    <br />Pada tahun 2000, tanpa Maluku                    <br />Sumber: Survei Angkatan Kerja Nasional (Sakernas)                    <br /><br /><br /></p><p><br /></p><p><br /></p>",Tenaga Kerja,38 Provinsi,3500,JAWA TIMUR,0,Tidak ada,125,2025,190,Agustus,3.88,35005430125190
bps_webapi,0000,2026-08-16T13:46:26+00:00,2026-05-06 15:41:30,543,Tingkat Pengangguran Terbuka Menurut Provinsi,Persen,2,,"<p>Data 2011-2013 menggunakan Backcast dari Penimbang Proyeksi Komponen                    <br />Data 2018-2020 menggunakan Backcast dari Penimbang berbasis SUPAS 2015                    <br />1986-1998, penghitungan tanpa data Provinsi Timor Timor                    <br />Pada tahun 1995, Sakernas tidak dilaksanakan                    <br />Pada tahun 2000, tanpa Maluku                    <br />Sumber: Survei Angkatan Kerja Nasional (Sakernas)                    <br /><br /><br /></p><p><br /></p><p><br /></p>",Tenaga Kerja,38 Provinsi,3600,BANTEN,0,Tidak ada,125,2025,189,Februari,6.64,36005430125189
bps_webapi,0000,2026-08-16T13:46:26+00:00,2026-05-06 15:41:30,543,Tingkat Pengangguran Terbuka Menurut Provinsi,Persen,2,,"<p>Data 2011-2013 menggunakan Backcast dari Penimbang Proyeksi Komponen                    <br />Data 2018-2020 menggunakan Backcast dari Penimbang berbasis SUPAS 2015                    <br />1986-1998, penghitungan tanpa data Provinsi Timor Timor                    <br />Pada tahun 1995, Sakernas tidak dilaksanakan                    <br />Pada tahun 2000, tanpa Maluku                    <br />Sumber: Survei Angkatan Kerja Nasional (Sakernas)                    <br /><br /><br /></p><p><br /></p><p><br /></p>",Tenaga Kerja,38 Provinsi,3600,BANTEN,0,Tidak ada,125,2025,190,Agustus,6.69,36005430125190
bps_webapi,0000,2026-08-16T13:46:26+00:00,2026-05-06 15:41:30,543,Tingkat Pengangguran Terbuka Menurut Provinsi,Persen,2,,"<p>Data 2011-2013 menggunakan Backcast dari Penimbang Proyeksi Komponen                    <br />Data 2018-2020 menggunakan Backcast dari Penimbang berbasis SUPAS 2015                    <br />1986-1998, penghitungan tanpa data Provinsi Timor Timor                    <br />Pada tahun 1995, Sakernas tidak dilaksanakan                    <br />Pada tahun 2000, tanpa Maluku                    <br />Sumber: Survei Angkatan Kerja Nasional (Sakernas)                    <br /><br /><br /></p><p><br /></p><p><br /></p>",Tenaga Kerja,38 Provinsi,5100,BALI,0,Tidak ada,125,2025,189,Februari,1.58,51005430125189
bps_webapi,0000,2026-08-16T13:46:26+00:00,2026-05-06 15:41:30,543,Tingkat Pengangguran Terbuka Menurut Provinsi,Persen,2,,"<p>Data 2011-2013 menggunakan Backcast dari Penimbang Proyeksi Komponen                    <br />Data 2018-2020 menggunakan Backcast dari Penimbang berbasis SUPAS 2015                    <br />1986-1998, penghitungan tanpa data Provinsi Timor Timor                    <br />Pada tahun 1995, Sakernas tidak dilaksanakan                    <br />Pada tahun 2000, tanpa Maluku                    <br />Sumber: Survei Angkatan Kerja Nasional (Sakernas)                    <br /><br /><br /></p><p><br /></p><p><br /></p>",Tenaga Kerja,38 Provinsi,5100,BALI,0,Tidak ada,125,2025,190,Agustus,1.49,51005430125190
bps_webapi,0000,2026-08-16T13:46:26+00:00,2026-05-06 15:41:30,543,Tingkat Pengangguran Terbuka Menurut Provinsi,Persen,2,,"<p>Data 2011-2013 menggunakan Backcast dari Penimbang Proyeksi Komponen                    <br />Data 2018-2020 menggunakan Backcast dari Penimbang berbasis SUPAS 2015                    <br />1986-1998, penghitungan tanpa data Provinsi Timor Timor                    <br />Pada tahun 1995, Sakernas tidak dilaksanakan                    <br />Pada tahun 2000, tanpa Maluku                    <br />Sumber: Survei Angkatan Kerja Nasional (Sakernas)                    <br /><br /><br /></p><p><br /></p><p><br /></p>",Tenaga Kerja,38 Provinsi,5200,NUSA TENGGARA BARAT,0,Tidak ada,125,2025,189,Februari,3.22,52005430125189
bps_webapi,0000,2026-08-16T13:46:26+00:00,2026-05-06 15:41:30,543,Tingkat Pengangguran Terbuka Menurut Provinsi,Persen,2,,"<p>Data 2011-2013 menggunakan Backcast dari Penimbang Proyeksi Komponen                    <br />Data 2018-2020 menggunakan Backcast dari Penimbang berbasis SUPAS 2015                    <br />1986-1998, penghitungan tanpa data Provinsi Timor Timor                    <br />Pada tahun 1995, Sakernas tidak dilaksanakan                    <br />Pada tahun 2000, tanpa Maluku                    <br />Sumber: Survei Angkatan Kerja Nasional (Sakernas)                    <br /><br /><br /></p><p><br /></p><p><br /></p>",Tenaga Kerja,38 Provinsi,5200,NUSA TENGGARA BARAT,0,Tidak ada,125,2025,190,Agustus,3.06,52005430125190
bps_webapi,0000,2026-08-16T13:46:26+00:00,2026-05-06 15:41:30,543,Tingkat Pengangguran Terbuka Menurut Provinsi,Persen,2,,"<p>Data 2011-2013 menggunakan Backcast dari Penimbang Proyeksi Komponen                    <br />Data 2018-2020 menggunakan Backcast dari Penimbang berbasis SUPAS 2015                    <br />1986-1998, penghitungan tanpa data Provinsi Timor Timor                    <br />Pada tahun 1995, Sakernas tidak dilaksanakan                    <br />Pada tahun 2000, tanpa Maluku                    <br />Sumber: Survei Angkatan Kerja Nasional (Sakernas)                    <br /><br /><br /></p><p><br /></p><p><br /></p>",Tenaga Kerja,38 Provinsi,5300,NUSA TENGGARA TIMUR,0,Tidak ada,125,2025,189,Februari,3.23,53005430125189
bps_webapi,0000,2026-08-16T13:46:26+00:00,2026-05-06 15:41:30,543,Tingkat Pengangguran Terbuka Menurut Provinsi,Persen,2,,"<p>Data 2011-2013 menggunakan Backcast dari Penimbang Proyeksi Komponen                    <br />Data 2018-2020 menggunakan Backcast dari Penimbang berbasis SUPAS 2015                    <br />1986-1998, penghitungan tanpa data Provinsi Timor Timor                    <br />Pada tahun 1995, Sakernas tidak dilaksanakan                    <br />Pada tahun 2000, tanpa Maluku                    <br />Sumber: Survei Angkatan Kerja Nasional (Sakernas)                    <br /><br /><br /></p><p><br /></p><p><br /></p>",Tenaga Kerja,38 Provinsi,5300,NUSA TENGGARA TIMUR,0,Tidak ada,125,2025,190,Agustus,3.31,53005430125190
bps_webapi,0000,2026-08-16T13:46:26+00:00,2026-05-06 15:41:30,543,Tingkat Pengangguran Terbuka Menurut Provinsi,Persen,2,,"<p>Data 2011-2013 menggunakan Backcast dari Penimbang Proyeksi Komponen                    <br />Data 2018-2020 menggunakan Backcast dari Penimbang berbasis SUPAS 2015                    <br />1986-1998, penghitungan tanpa data Provinsi Timor Timor                    <br />Pada tahun 1995, Sakernas tidak dilaksanakan                    <br />Pada tahun 2000, tanpa Maluku                    <br />Sumber: Survei Angkatan Kerja Nasional (Sakernas)                    <br /><br /><br /></p><p><br /></p><p><br /></p>",Tenaga Kerja,38 Provinsi,6100,KALIMANTAN BARAT,0,Tidak ada,125,2025,189,Februari,4.23,61005430125189
bps_webapi,0000,2026-08-16T13:46:26+00:00,2026-05-06 15:41:30,543,Tingkat Pengangguran Terbuka Menurut Provinsi,Persen,2,,"<p>Data 2011-2013 menggunakan Backcast dari Penimbang Proyeksi Komponen                    <br />Data 2018-2020 menggunakan Backcast dari Penimbang berbasis SUPAS 2015                    <br />1986-1998, penghitungan tanpa data Provinsi Timor Timor                    <br />Pada tahun 1995, Sakernas tidak dilaksanakan                    <br />Pada tahun 2000, tanpa Maluku                    <br />Sumber: Survei Angkatan Kerja Nasional (Sakernas)                    <br /><br /><br /></p><p><br /></p><p><br /></p>",Tenaga Kerja,38 Provinsi,6100,KALIMANTAN BARAT,0,Tidak ada,125,2025,190,Agustus,4.82,61005430125190
bps_webapi,0000,2026-08-16T13:46:26+00:00,2026-05-06 15:41:30,543,Tingkat Pengangguran Terbuka Menurut Provinsi,Persen,2,,"<p>Data 2011-2013 menggunakan Backcast dari Penimbang Proyeksi Komponen                    <br />Data 2018-2020 menggunakan Backcast dari Penimbang berbasis SUPAS 2015                    <br />1986-1998, penghitungan tanpa data Provinsi Timor Timor                    <br />Pada tahun 1995, Sakernas tidak dilaksanakan                    <br />Pada tahun 2000, tanpa Maluku                    <br />Sumber: Survei Angkatan Kerja Nasional (Sakernas)                    <br /><br /><br /></p><p><br /></p><p><br /></p>",Tenaga Kerja,38 Provinsi,6200,KALIMANTAN TENGAH,0,Tidak ada,125,2025,189,Februari,3.47,62005430125189
bps_webapi,0000,2026-08-16T13:46:26+00:00,2026-05-06 15:41:30,543,Tingkat Pengangguran Terbuka Menurut Provinsi,Persen,2,,"<p>Data 2011-2013 menggunakan Backcast dari Penimbang Proyeksi Komponen                    <br />Data 2018-2020 menggunakan Backcast dari Penimbang berbasis SUPAS 2015                    <br />1986-1998, penghitungan tanpa data Provinsi Timor Timor                    <br />Pada tahun 1995, Sakernas tidak dilaksanakan                    <br />Pada tahun 2000, tanpa Maluku                    <br />Sumber: Survei Angkatan Kerja Nasional (Sakernas)                    <br /><br /><br /></p><p><br /></p><p><br /></p>",Tenaga Kerja,38 Provinsi,6200,KALIMANTAN TENGAH,0,Tidak ada,125,2025,190,Agustus,3.97,62005430125190
bps_webapi,0000,2026-08-16T13:46:26+00:00,2026-05-06 15:41:30,543,Tingkat Pengangguran Terbuka Menurut Provinsi,Persen,2,,"<p>Data 2011-2013 menggunakan Backcast dari Penimbang Proyeksi Komponen                    <br />Data 2018-2020 menggunakan Backcast dari Penimbang berbasis SUPAS 2015                    <br />1986-1998, penghitungan tanpa data Provinsi Timor Timor                    <br />Pada tahun 1995, Sakernas tidak dilaksanakan                    <br />Pada tahun 2000, tanpa Maluku                    <br />Sumber: Survei Angkatan Kerja Nasional (Sakernas)                    <br /><br /><br /></p><p><br /></p><p><br /></p>",Tenaga Kerja,38 Provinsi,6300,KALIMANTAN SELATAN,0,Tidak ada,125,2025,189,Februari,3.94,63005430125189
bps_webapi,0000,2026-08-16T13:46:26+00:00,2026-05-06 15:41:30,543,Tingkat Pengangguran Terbuka Menurut Provinsi,Persen,2,,"<p>Data 2011-2013 menggunakan Backcast dari Penimbang Proyeksi Komponen                    <br />Data 2018-2020 menggunakan Backcast dari Penimbang berbasis SUPAS 2015                    <br />1986-1998, penghitungan tanpa data Provinsi Timor Timor                    <br />Pada tahun 1995, Sakernas tidak dilaksanakan                    <br />Pada tahun 2000, tanpa Maluku                    <br />Sumber: Survei Angkatan Kerja Nasional (Sakernas)                    <br /><br /><br /></p><p><br /></p><p><br /></p>",Tenaga Kerja,38 Provinsi,6300,KALIMANTAN SELATAN,0,Tidak ada,125,2025,190,Agustus,4.16,63005430125190
bps_webapi,0000,2026-08-16T13:46:26+00:00,2026-05-06 15:41:30,543,Tingkat Pengangguran Terbuka Menurut Provinsi,Persen,2,,"<p>Data 2011-2013 menggunakan Backcast dari Penimbang Proyeksi Komponen                    <br />Data 2018-2020 menggunakan Backcast dari Penimbang berbasis SUPAS 2015                    <br />1986-1998, penghitungan tanpa data Provinsi Timor Timor                    <br />Pada tahun 1995, Sakernas tidak dilaksanakan                    <br />Pada tahun 2000, tanpa Maluku                    <br />Sumber: Survei Angkatan Kerja Nasional (Sakernas)                    <br /><br /><br /></p><p><br /></p><p><br /></p>",Tenaga Kerja,38 Provinsi,6400,KALIMANTAN TIMUR,0,Tidak ada,125,2025,189,Februari,5.33,64005430125189
bps_webapi,0000,2026-08-16T13:46:26+00:00,2026-05-06 15:41:30,543,Tingkat Pengangguran Terbuka Menurut Provinsi,Persen,2,,"<p>Data 2011-2013 menggunakan Backcast dari Penimbang Proyeksi Komponen                    <br />Data 2018-2020 menggunakan Backcast dari Penimbang berbasis SUPAS 2015                    <br />1986-1998, penghitungan tanpa data Provinsi Timor Timor                    <br />Pada tahun 1995, Sakernas tidak dilaksanakan                    <br />Pada tahun 2000, tanpa Maluku                    <br />Sumber: Survei Angkatan Kerja Nasional (Sakernas)                    <br /><br /><br /></p><p><br /></p><p><br /></p>",Tenaga Kerja,38 Provinsi,6400,KALIMANTAN TIMUR,0,Tidak ada,125,2025,190,Agustus,5.18,64005430125190
bps_webapi,0000,2026-08-16T13:46:26+00:00,2026-05-06 15:41:30,543,Tingkat Pengangguran Terbuka Menurut Provinsi,Persen,2,,"<p>Data 2011-2013 menggunakan Backcast dari Penimbang Proyeksi Komponen                    <br />Data 2018-2020 menggunakan Backcast dari Penimbang berbasis SUPAS 2015                    <br />1986-1998, penghitungan tanpa data Provinsi Timor Timor                    <br />Pada tahun 1995, Sakernas tidak dilaksanakan                    <br />Pada tahun 2000, tanpa Maluku                    <br />Sumber: Survei Angkatan Kerja Nasional (Sakernas)                    <br /><br /><br /></p><p><br /></p><p><br /></p>",Tenaga Kerja,38 Provinsi,6500,KALIMANTAN UTARA,0,Tidak ada,125,2025,189,Februari,3.9,65005430125189
bps_webapi,0000,2026-08-16T13:46:26+00:00,2026-05-06 15:41:30,543,Tingkat Pengangguran Terbuka Menurut Provinsi,Persen,2,,"<p>Data 2011-2013 menggunakan Backcast dari Penimbang Proyeksi Komponen                    <br />Data 2018-2020 menggunakan Backcast dari Penimbang berbasis SUPAS 2015                    <br />1986-1998, penghitungan tanpa data Provinsi Timor Timor                    <br />Pada tahun 1995, Sakernas tidak dilaksanakan                    <br />Pada tahun 2000, tanpa Maluku                    <br />Sumber: Survei Angkatan Kerja Nasional (Sakernas)                    <br /><br /><br /></p><p><br /></p><p><br /></p>",Tenaga Kerja,38 Provinsi,6500,KALIMANTAN UTARA,0,Tidak ada,125,2025,190,Agustus,3.85,65005430125190
bps_webapi,0000,2026-08-16T13:46:26+00:00,2026-05-06 15:41:30,543,Tingkat Pengangguran Terbuka Menurut Provinsi,Persen,2,,"<p>Data 2011-2013 menggunakan Backcast dari Penimbang Proyeksi Komponen                    <br />Data 2018-2020 menggunakan Backcast dari Penimbang berbasis SUPAS 2015                    <br />1986-1998, penghitungan tanpa data Provinsi Timor Timor                    <br />Pada tahun 1995, Sakernas tidak dilaksanakan                    <br />Pada tahun 2000, tanpa Maluku                    <br />Sumber: Survei Angkatan Kerja Nasional (Sakernas)                    <br /><br /><br /></p><p><br /></p><p><br /></p>",Tenaga Kerja,38 Provinsi,7100,SULAWESI UTARA,0,Tidak ada,125,2025,189,Februari,6.03,71005430125189
bps_webapi,0000,2026-08-16T13:46:26+00:00,2026-05-06 15:41:30,543,Tingkat Pengangguran Terbuka Menurut Provinsi,Persen,2,,"<p>Data 2011-2013 menggunakan Backcast dari Penimbang Proyeksi Komponen                    <br />Data 2018-2020 menggunakan Backcast dari Penimbang berbasis SUPAS 2015                    <br />1986-1998, penghitungan tanpa data Provinsi Timor Timor                    <br />Pada tahun 1995, Sakernas tidak dilaksanakan                    <br />Pada tahun 2000, tanpa Maluku                    <br />Sumber: Survei Angkatan Kerja Nasional (Sakernas)                    <br /><br /><br /></p><p><br /></p><p><br /></p>",Tenaga Kerja,38 Provinsi,7100,SULAWESI UTARA,0,Tidak ada,125,2025,190,Agustus,5.99,71005430125190
bps_webapi,0000,2026-08-16T13:46:26+00:00,2026-05-06 15:41:30,543,Tingkat Pengangguran Terbuka Menurut Provinsi,Persen,2,,"<p>Data 2011-2013 menggunakan Backcast dari Penimbang Proyeksi Komponen                    <br />Data 2018-2020 menggunakan Backcast dari Penimbang berbasis SUPAS 2015                    <br />1986-1998, penghitungan tanpa data Provinsi Timor Timor                    <br />Pada tahun 1995, Sakernas tidak dilaksanakan                    <br />Pada tahun 2000, tanpa Maluku                    <br />Sumber: Survei Angkatan Kerja Nasional (Sakernas)                    <br /><br /><br /></p><p><br /></p><p><br /></p>",Tenaga Kerja,38 Provinsi,7200,SULAWESI TENGAH,0,Tidak ada,125,2025,189,Februari,3.02,72005430125189
bps_webapi,0000,2026-08-16T13:46:26+00:00,2026-05-06 15:41:30,543,Tingkat Pengangguran Terbuka Menurut Provinsi,Persen,2,,"<p>Data 2011-2013 menggunakan Backcast dari Penimbang Proyeksi Komponen                    <br />Data 2018-2020 menggunakan Backcast dari Penimbang berbasis SUPAS 2015                    <br />1986-1998, penghitungan tanpa data Provinsi Timor Timor                    <br />Pada tahun 1995, Sakernas tidak dilaksanakan                    <br />Pada tahun 2000, tanpa Maluku                    <br />Sumber: Survei Angkatan Kerja Nasional (Sakernas)                    <br /><br /><br /></p><p><br /></p><p><br /></p>",Tenaga Kerja,38 Provinsi,7200,SULAWESI TENGAH,0,Tidak ada,125,2025,190,Agustus,2.92,72005430125190
bps_webapi,0000,2026-08-16T13:46:26+00:00,2026-05-06 15:41:30,543,Tingkat Pengangguran Terbuka Menurut Provinsi,Persen,2,,"<p>Data 2011-2013 menggunakan Backcast dari Penimbang Proyeksi Komponen                    <br />Data 2018-2020 menggunakan Backcast dari Penimbang berbasis SUPAS 2015                    <br />1986-1998, penghitungan tanpa data Provinsi Timor Timor                    <br />Pada tahun 1995, Sakernas tidak dilaksanakan                    <br />Pada tahun 2000, tanpa Maluku                    <br />Sumber: Survei Angkatan Kerja Nasional (Sakernas)                    <br /><br /><br /></p><p><br /></p><p><br /></p>",Tenaga Kerja,38 Provinsi,7300,SULAWESI SELATAN,0,Tidak ada,125,2025,189,Februari,4.96,73005430125189
bps_webapi,0000,2026-08-16T13:46:26+00:00,2026-05-06 15:41:30,543,Tingkat Pengangguran Terbuka Menurut Provinsi,Persen,2,,"<p>Data 2011-2013 menggunakan Backcast dari Penimbang Proyeksi Komponen                    <br />Data 2018-2020 menggunakan Backcast dari Penimbang berbasis SUPAS 2015                    <br />1986-1998, penghitungan tanpa data Provinsi Timor Timor                    <br />Pada tahun 1995, Sakernas tidak dilaksanakan                    <br />Pada tahun 2000, tanpa Maluku                    <br />Sumber: Survei Angkatan Kerja Nasional (Sakernas)                    <br /><br /><br /></p><p><br /></p><p><br /></p>",Tenaga Kerja,38 Provinsi,7300,SULAWESI SELATAN,0,Tidak ada,125,2025,190,Agustus,4.21,73005430125190
bps_webapi,0000,2026-08-16T13:46:26+00:00,2026-05-06 15:41:30,543,Tingkat Pengangguran Terbuka Menurut Provinsi,Persen,2,,"<p>Data 2011-2013 menggunakan Backcast dari Penimbang Proyeksi Komponen                    <br />Data 2018-2020 menggunakan Backcast dari Penimbang berbasis SUPAS 2015                    <br />1986-1998, penghitungan tanpa data Provinsi Timor Timor                    <br />Pada tahun 1995, Sakernas tidak dilaksanakan                    <br />Pada tahun 2000, tanpa Maluku                    <br />Sumber: Survei Angkatan Kerja Nasional (Sakernas)                    <br /><br /><br /></p><p><br /></p><p><br /></p>",Tenaga Kerja,38 Provinsi,7400,SULAWESI TENGGARA,0,Tidak ada,125,2025,189,Februari,3.27,74005430125189
bps_webapi,0000,2026-08-16T13:46:26+00:00,2026-05-06 15:41:30,543,Tingkat Pengangguran Terbuka Menurut Provinsi,Persen,2,,"<p>Data 2011-2013 menggunakan Backcast dari Penimbang Proyeksi Komponen                    <br />Data 2018-2020 menggunakan Backcast dari Penimbang berbasis SUPAS 2015                    <br />1986-1998, penghitungan tanpa data Provinsi Timor Timor                    <br />Pada tahun 1995, Sakernas tidak dilaksanakan                    <br />Pada tahun 2000, tanpa Maluku                    <br />Sumber: Survei Angkatan Kerja Nasional (Sakernas)                    <br /><br /><br /></p><p><br /></p><p><br /></p>",Tenaga Kerja,38 Provinsi,7400,SULAWESI TENGGARA,0,Tidak ada,125,2025,190,Agustus,3.31,74005430125190
bps_webapi,0000,2026-08-16T13:46:26+00:00,2026-05-06 15:41:30,543,Tingkat Pengangguran Terbuka Menurut Provinsi,Persen,2,,"<p>Data 2011-2013 menggunakan Backcast dari Penimbang Proyeksi Komponen                    <br />Data 2018-2020 menggunakan Backcast dari Penimbang berbasis SUPAS 2015                    <br />1986-1998, penghitungan tanpa data Provinsi Timor Timor                    <br />Pada tahun 1995, Sakernas tidak dilaksanakan                    <br />Pada tahun 2000, tanpa Maluku                    <br />Sumber: Survei Angkatan Kerja Nasional (Sakernas)                    <br /><br /><br /></p><p><br /></p><p><br /></p>",Tenaga Kerja,38 Provinsi,7500,GORONTALO,0,Tidak ada,125,2025,189,Februari,3.12,75005430125189
bps_webapi,0000,2026-08-16T13:46:26+00:00,2026-05-06 15:41:30,543,Tingkat Pengangguran Terbuka Menurut Provinsi,Persen,2,,"<p>Data 2011-2013 menggunakan Backcast dari Penimbang Proyeksi Komponen                    <br />Data 2018-2020 menggunakan Backcast dari Penimbang berbasis SUPAS 2015                    <br />1986-1998, penghitungan tanpa data Provinsi Timor Timor                    <br />Pada tahun 1995, Sakernas tidak dilaksanakan                    <br />Pada tahun 2000, tanpa Maluku                    <br />Sumber: Survei Angkatan Kerja Nasional (Sakernas)                    <br /><br /><br /></p><p><br /></p><p><br /></p>",Tenaga Kerja,38 Provinsi,7500,GORONTALO,0,Tidak ada,125,2025,190,Agustus,3.42,75005430125190
bps_webapi,0000,2026-08-16T13:46:26+00:00,2026-05-06 15:41:30,543,Tingkat Pengangguran Terbuka Menurut Provinsi,Persen,2,,"<p>Data 2011-2013 menggunakan Backcast dari Penimbang Proyeksi Komponen                    <br />Data 2018-2020 menggunakan Backcast dari Penimbang berbasis SUPAS 2015                    <br />1986-1998, penghitungan tanpa data Provinsi Timor Timor                    <br />Pada tahun 1995, Sakernas tidak dilaksanakan                    <br />Pada tahun 2000, tanpa Maluku                    <br />Sumber: Survei Angkatan Kerja Nasional (Sakernas)                    <br /><br /><br /></p><p><br /></p><p><br /></p>",Tenaga Kerja,38 Provinsi,7600,SULAWESI BARAT,0,Tidak ada,125,2025,189,Februari,3.17,76005430125189
bps_webapi,0000,2026-08-16T13:46:26+00:00,2026-05-06 15:41:30,543,Tingkat Pengangguran Terbuka Menurut Provinsi,Persen,2,,"<p>Data 2011-2013 menggunakan Backcast dari Penimbang Proyeksi Komponen                    <br />Data 2018-2020 menggunakan Backcast dari Penimbang berbasis SUPAS 2015                    <br />1986-1998, penghitungan tanpa data Provinsi Timor Timor                    <br />Pada tahun 1995, Sakernas tidak dilaksanakan                    <br />Pada tahun 2000, tanpa Maluku                    <br />Sumber: Survei Angkatan Kerja Nasional (Sakernas)                    <br /><br /><br /></p><p><br /></p><p><br /></p>",Tenaga Kerja,38 Provinsi,7600,SULAWESI BARAT,0,Tidak ada,125,2025,190,Agustus,2.86,76005430125190
bps_webapi,0000,2026-08-16T13:46:26+00:00,2026-05-06 15:41:30,543,Tingkat Pengangguran Terbuka Menurut Provinsi,Persen,2,,"<p>Data 2011-2013 menggunakan Backcast dari Penimbang Proyeksi Komponen                    <br />Data 2018-2020 menggunakan Backcast dari Penimbang berbasis SUPAS 2015                    <br />1986-1998, penghitungan tanpa data Provinsi Timor Timor                    <br />Pada tahun 1995, Sakernas tidak dilaksanakan                    <br />Pada tahun 2000, tanpa Maluku                    <br />Sumber: Survei Angkatan Kerja Nasional (Sakernas)                    <br /><br /><br /></p><p><br /></p><p><br /></p>",Tenaga Kerja,38 Provinsi,8100,MALUKU,0,Tidak ada,125,2025,189,Februari,5.95,81005430125189
bps_webapi,0000,2026-08-16T13:46:26+00:00,2026-05-06 15:41:30,543,Tingkat Pengangguran Terbuka Menurut Provinsi,Persen,2,,"<p>Data 2011-2013 menggunakan Backcast dari Penimbang Proyeksi Komponen                    <br />Data 2018-2020 menggunakan Backcast dari Penimbang berbasis SUPAS 2015                    <br />1986-1998, penghitungan tanpa data Provinsi Timor Timor                    <br />Pada tahun 1995, Sakernas tidak dilaksanakan                    <br />Pada tahun 2000, tanpa Maluku                    <br />Sumber: Survei Angkatan Kerja Nasional (Sakernas)                    <br /><br /><br /></p><p><br /></p><p><br /></p>",Tenaga Kerja,38 Provinsi,8100,MALUKU,0,Tidak ada,125,2025,190,Agustus,6.27,81005430125190
bps_webapi,0000,2026-08-16T13:46:26+00:00,2026-05-06 15:41:30,543,Tingkat Pengangguran Terbuka Menurut Provinsi,Persen,2,,"<p>Data 2011-2013 menggunakan Backcast dari Penimbang Proyeksi Komponen                    <br />Data 2018-2020 menggunakan Backcast dari Penimbang berbasis SUPAS 2015                    <br />1986-1998, penghitungan tanpa data Provinsi Timor Timor                    <br />Pada tahun 1995, Sakernas tidak dilaksanakan                    <br />Pada tahun 2000, tanpa Maluku                    <br />Sumber: Survei Angkatan Kerja Nasional (Sakernas)                    <br /><br /><br /></p><p><br /></p><p><br /></p>",Tenaga Kerja,38 Provinsi,8200,MALUKU UTARA,0,Tidak ada,125,2025,189,Februari,4.26,82005430125189
bps_webapi,0000,2026-08-16T13:46:26+00:00,2026-05-06 15:41:30,543,Tingkat Pengangguran Terbuka Menurut Provinsi,Persen,2,,"<p>Data 2011-2013 menggunakan Backcast dari Penimbang Proyeksi Komponen                    <br />Data 2018-2020 menggunakan Backcast dari Penimbang berbasis SUPAS 2015                    <br />1986-1998, penghitungan tanpa data Provinsi Timor Timor                    <br />Pada tahun 1995, Sakernas tidak dilaksanakan                    <br />Pada tahun 2000, tanpa Maluku                    <br />Sumber: Survei Angkatan Kerja Nasional (Sakernas)                    <br /><br /><br /></p><p><br /></p><p><br /></p>",Tenaga Kerja,38 Provinsi,8200,MALUKU UTARA,0,Tidak ada,125,2025,190,Agustus,4.55,82005430125190
bps_webapi,0000,2026-08-16T13:46:26+00:00,2026-05-06 15:41:30,543,Tingkat Pengangguran Terbuka Menurut Provinsi,Persen,2,,"<p>Data 2011-2013 menggunakan Backcast dari Penimbang Proyeksi Komponen                    <br />Data 2018-2020 menggunakan Backcast dari Penimbang berbasis SUPAS 2015                    <br />1986-1998, penghitungan tanpa data Provinsi Timor Timor                    <br />Pada tahun 1995, Sakernas tidak dilaksanakan                    <br />Pada tahun 2000, tanpa Maluku                    <br />Sumber: Survei Angkatan Kerja Nasional (Sakernas)                    <br /><br /><br /></p><p><br /></p><p><br /></p>",Tenaga Kerja,38 Provinsi,9100,PAPUA BARAT,0,Tidak ada,125,2025,189,Februari,4.21,91005430125189
bps_webapi,0000,2026-08-16T13:46:26+00:00,2026-05-06 15:41:30,543,Tingkat Pengangguran Terbuka Menurut Provinsi,Persen,2,,"<p>Data 2011-2013 menggunakan Backcast dari Penimbang Proyeksi Komponen                    <br />Data 2018-2020 menggunakan Backcast dari Penimbang berbasis SUPAS 2015                    <br />1986-1998, penghitungan tanpa data Provinsi Timor Timor                    <br />Pada tahun 1995, Sakernas tidak dilaksanakan                    <br />Pada tahun 2000, tanpa Maluku                    <br />Sumber: Survei Angkatan Kerja Nasional (Sakernas)                    <br /><br /><br /></p><p><br /></p><p><br /></p>",Tenaga Kerja,38 Provinsi,9100,PAPUA BARAT,0,Tidak ada,125,2025,190,Agustus,4.55,91005430125190
bps_webapi,0000,2026-08-16T13:46:26+00:00,2026-05-06 15:41:30,543,Tingkat Pengangguran Terbuka Menurut Provinsi,Persen,2,,"<p>Data 2011-2013 menggunakan Backcast dari Penimbang Proyeksi Komponen                    <br />Data 2018-2020 menggunakan Backcast dari Penimbang berbasis SUPAS 2015                    <br />1986-1998, penghitungan tanpa data Provinsi Timor Timor                    <br />Pada tahun 1995, Sakernas tidak dilaksanakan                    <br />Pada tahun 2000, tanpa Maluku                    <br />Sumber: Survei Angkatan Kerja Nasional (Sakernas)                    <br /><br /><br /></p><p><br /></p><p><br /></p>",Tenaga Kerja,38 Provinsi,9200,PAPUA BARAT DAYA,0,Tidak ada,125,2025,189,Februari,6.61,92005430125189
bps_webapi,0000,2026-08-16T13:46:26+00:00,2026-05-06 15:41:30,543,Tingkat Pengangguran Terbuka Menurut Provinsi,Persen,2,,"<p>Data 2011-2013 menggunakan Backcast dari Penimbang Proyeksi Komponen                    <br />Data 2018-2020 menggunakan Backcast dari Penimbang berbasis SUPAS 2015                    <br />1986-1998, penghitungan tanpa data Provinsi Timor Timor                    <br />Pada tahun 1995, Sakernas tidak dilaksanakan                    <br />Pada tahun 2000, tanpa Maluku                    <br />Sumber: Survei Angkatan Kerja Nasional (Sakernas)                    <br /><br /><br /></p><p><br /></p><p><br /></p>",Tenaga Kerja,38 Provinsi,9200,PAPUA BARAT DAYA,0,Tidak ada,125,2025,190,Agustus,6.85,92005430125190
bps_webapi,0000,2026-08-16T13:46:26+00:00,2026-05-06 15:41:30,543,Tingkat Pengangguran Terbuka Menurut Provinsi,Persen,2,,"<p>Data 2011-2013 menggunakan Backcast dari Penimbang Proyeksi Komponen                    <br />Data 2018-2020 menggunakan Backcast dari Penimbang berbasis SUPAS 2015                    <br />1986-1998, penghitungan tanpa data Provinsi Timor Timor                    <br />Pada tahun 1995, Sakernas tidak dilaksanakan                    <br />Pada tahun 2000, tanpa Maluku                    <br />Sumber: Survei Angkatan Kerja Nasional (Sakernas)                    <br /><br /><br /></p><p><br /></p><p><br /></p>",Tenaga Kerja,38 Provinsi,9400,PAPUA,0,Tidak ada,125,2025,189,Februari,6.92,94005430125189
bps_webapi,0000,2026-08-16T13:46:26+00:00,2026-05-06 15:41:30,543,Tingkat Pengangguran Terbuka Menurut Provinsi,Persen,2,,"<p>Data 2011-2013 menggunakan Backcast dari Penimbang Proyeksi Komponen                    <br />Data 2018-2020 menggunakan Backcast dari Penimbang berbasis SUPAS 2015                    <br />1986-1998, penghitungan tanpa data Provinsi Timor Timor                    <br />Pada tahun 1995, Sakernas tidak dilaksanakan                    <br />Pada tahun 2000, tanpa Maluku                    <br />Sumber: Survei Angkatan Kerja Nasional (Sakernas)                    <br /><br /><br /></p><p><br /></p><p><br /></p>",Tenaga Kerja,38 Provinsi,9400,PAPUA,0,Tidak ada,125,2025,190,Agustus,6.96,94005430125190
bps_webapi,0000,2026-08-16T13:46:26+00:00,2026-05-06 15:41:30,543,Tingkat Pengangguran Terbuka Menurut Provinsi,Persen,2,,"<p>Data 2011-2013 menggunakan Backcast dari Penimbang Proyeksi Komponen                    <br />Data 2018-2020 menggunakan Backcast dari Penimbang berbasis SUPAS 2015                    <br />1986-1998, penghitungan tanpa data Provinsi Timor Timor                    <br />Pada tahun 1995, Sakernas tidak dilaksanakan                    <br />Pada tahun 2000, tanpa Maluku                    <br />Sumber: Survei Angkatan Kerja Nasional (Sakernas)                    <br /><br /><br /></p><p><br /></p><p><br /></p>",Tenaga Kerja,38 Provinsi,9500,PAPUA SELATAN,0,Tidak ada,125,2025,189,Februari,4.9,95005430125189
bps_webapi,0000,2026-08-16T13:46:26+00:00,2026-05-06 15:41:30,543,Tingkat Pengangguran Terbuka Menurut Provinsi,Persen,2,,"<p>Data 2011-2013 menggunakan Backcast dari Penimbang Proyeksi Komponen                    <br />Data 2018-2020 menggunakan Backcast dari Penimbang berbasis SUPAS 2015                    <br />1986-1998, penghitungan tanpa data Provinsi Timor Timor                    <br />Pada tahun 1995, Sakernas tidak dilaksanakan                    <br />Pada tahun 2000, tanpa Maluku                    <br />Sumber: Survei Angkatan Kerja Nasional (Sakernas)                    <br /><br /><br /></p><p><br /></p><p><br /></p>",Tenaga Kerja,38 Provinsi,9500,PAPUA SELATAN,0,Tidak ada,125,2025,190,Agustus,4.04,95005430125190
bps_webapi,0000,2026-08-16T13:46:26+00:00,2026-05-06 15:41:30,543,Tingkat Pengangguran Terbuka Menurut Provinsi,Persen,2,,"<p>Data 2011-2013 menggunakan Backcast dari Penimbang Proyeksi Komponen                    <br />Data 2018-2020 menggunakan Backcast dari Penimbang berbasis SUPAS 2015                    <br />1986-1998, penghitungan tanpa data Provinsi Timor Timor                    <br />Pada tahun 1995, Sakernas tidak dilaksanakan                    <br />Pada tahun 2000, tanpa Maluku                    <br />Sumber: Survei Angkatan Kerja Nasional (Sakernas)                    <br /><br /><br /></p><p><br /></p><p><br /></p>",Tenaga Kerja,38 Provinsi,9600,PAPUA TENGAH,0,Tidak ada,125,2025,189,Februari,3.55,96005430125189
bps_webapi,0000,2026-08-16T13:46:26+00:00,2026-05-06 15:41:30,543,Tingkat Pengangguran Terbuka Menurut Provinsi,Persen,2,,"<p>Data 2011-2013 menggunakan Backcast dari Penimbang Proyeksi Komponen                    <br />Data 2018-2020 menggunakan Backcast dari Penimbang berbasis SUPAS 2015                    <br />1986-1998, penghitungan tanpa data Provinsi Timor Timor                    <br />Pada tahun 1995, Sakernas tidak dilaksanakan                    <br />Pada tahun 2000, tanpa Maluku                    <br />Sumber: Survei Angkatan Kerja Nasional (Sakernas)                    <br /><br /><br /></p><p><br /></p><p><br /></p>",Tenaga Kerja,38 Provinsi,9600,PAPUA TENGAH,0,Tidak ada,125,2025,190,Agustus,3.62,96005430125190
bps_webapi,0000,2026-08-16T13:46:26+00:00,2026-05-06 15:41:30,543,Tingkat Pengangguran Terbuka Menurut Provinsi,Persen,2,,"<p>Data 2011-2013 menggunakan Backcast dari Penimbang Proyeksi Komponen                    <br />Data 2018-2020 menggunakan Backcast dari Penimbang berbasis SUPAS 2015                    <br />1986-1998, penghitungan tanpa data Provinsi Timor Timor                    <br />Pada tahun 1995, Sakernas tidak dilaksanakan                    <br />Pada tahun 2000, tanpa Maluku                    <br />Sumber: Survei Angkatan Kerja Nasional (Sakernas)                    <br /><br /><br /></p><p><br /></p><p><br /></p>",Tenaga Kerja,38 Provinsi,9700,PAPUA PEGUNUNGAN,0,Tidak ada,125,2025,189,Februari,1.68,97005430125189
bps_webapi,0000,2026-08-16T13:46:26+00:00,2026-05-06 15:41:30,543,Tingkat Pengangguran Terbuka Menurut Provinsi,Persen,2,,"<p>Data 2011-2013 menggunakan Backcast dari Penimbang Proyeksi Komponen                    <br />Data 2018-2020 menggunakan Backcast dari Penimbang berbasis SUPAS 2015                    <br />1986-1998, penghitungan tanpa data Provinsi Timor Timor                    <br />Pada tahun 1995, Sakernas tidak dilaksanakan                    <br />Pada tahun 2000, tanpa Maluku                    <br />Sumber: Survei Angkatan Kerja Nasional (Sakernas)                    <br /><br /><br /></p><p><br /></p><p><br /></p>",Tenaga Kerja,38 Provinsi,9700,PAPUA PEGUNUNGAN,0,Tidak ada,125,2025,190,Agustus,1.68,97005430125190
bps_webapi,0000,2026-08-16T13:46:26+00:00,2026-05-06 15:41:30,543,Tingkat Pengangguran Terbuka Menurut Provinsi,Persen,2,,"<p>Data 2011-2013 menggunakan Backcast dari Penimbang Proyeksi Komponen                    <br />Data 2018-2020 menggunakan Backcast dari Penimbang berbasis SUPAS 2015                    <br />1986-1998, penghitungan tanpa data Provinsi Timor Timor                    <br />Pada tahun 1995, Sakernas tidak dilaksanakan                    <br />Pada tahun 2000, tanpa Maluku                    <br />Sumber: Survei Angkatan Kerja Nasional (Sakernas)                    <br /><br /><br /></p><p><br /></p><p><br /></p>",Tenaga Kerja,38 Provinsi,9999,INDONESIA,0,Tidak ada,125,2025,189,Februari,4.76,99995430125189
bps_webapi,0000,2026-08-16T13:46:26+00:00,2026-05-06 15:41:30,543,Tingkat Pengangguran Terbuka Menurut Provinsi,Persen,2,,"<p>Data 2011-2013 menggunakan Backcast dari Penimbang Proyeksi Komponen                    <br />Data 2018-2020 menggunakan Backcast dari Penimbang berbasis SUPAS 2015                    <br />1986-1998, penghitungan tanpa data Provinsi Timor Timor                    <br />Pada tahun 1995, Sakernas tidak dilaksanakan                    <br />Pada tahun 2000, tanpa Maluku                    <br />Sumber: Survei Angkatan Kerja Nasional (Sakernas)                    <br /><br /><br /></p><p><br /></p><p><br /></p>",Tenaga Kerja,38 Provinsi,9999,INDONESIA,0,Tidak ada,125,2025,190,Agustus,4.85,99995430125190
