panel_observation_id,indicator_id,geography_id,geography_name,bps_province_code,year,reference_period,value_numeric,unit,claim_type,source_series_id,panel_provenance_id,comparability_regime,methodology_version,price_basis,notes
m5obs_c02f3fa7342ab53f2cbb4354,gini_ratio,idn.11,Aceh,11,2024,Maret,0.294,index,observed,m5_gini_march,m5prov_31575ab730cd1c8f44a59a31,bps_current_38_province_2024plus,susenas_gini_march_current38,,BPS national domain 0000; source vertical=38 Provinsi; source selector=turvar:191:Perkotaan+Perdesaan|turtahun:61:Semester 1 (Maret); source universe=Population represented by the Susenas expenditure-welfare aggregate; transform=identity; current-boundary panel begins 2024 to avoid silent pre-DOB Papua harmonization
m5obs_77f720cceea668aa9cb72f68,neet_rate,idn.11,Aceh,11,2024,source_annual_period,28.56,percent,observed,m5_neet_source_period,m5prov_5f44d02b5481880e37d26d54,bps_current_38_province_2024plus,sakernas_neet_15_24_current38,,BPS national domain 0000; source vertical=38 Provinsi; source selector=turvar:0:Tidak ada|turtahun:0:Tahun; source universe=People age 15 to 24 not in employment education or training under the BPS Sakernas definition; transform=identity; current-boundary panel begins 2024 to avoid silent pre-DOB Papua harmonization
m5obs_156b56c8c05152f7b967f244,poverty_rate,idn.11,Aceh,11,2024,Maret,14.23,percent,observed,m5_poverty_march,m5prov_03abc8d1b5e9677c16c7cf31,bps_current_38_province_2024plus,susenas_poverty_march_current38,,BPS national domain 0000; source vertical=38 Provinsi; source selector=turvar:434:Jumlah|turtahun:61:Semester 1 (Maret); source universe=Population under the official BPS poverty-line methodology; transform=identity; current-boundary panel begins 2024 to avoid silent pre-DOB Papua harmonization
m5obs_d6e4eded85d82fa355658552,real_grdp_per_capita,idn.11,Aceh,11,2024,Tahun,27.68418,million_rupiah_per_person_constant_2010,derived,m5_real_grdp_pc_adhk2010,m5prov_de3818b738ca6c01659133dd,bps_current_38_province_2024plus,bps_grdp_per_capita_series2010_adhk,constant_2010_prices,BPS national domain 0000; source vertical=38 Provinsi; source selector=turvar:531:Harga Konstan 2010|turtahun:0:Tahun; source universe=Resident population denominator embedded in the official BPS per-capita statistic; transform=divide_1000; current-boundary panel begins 2024 to avoid silent pre-DOB Papua harmonization
m5obs_5d5578c0591dbb6a37fdac54,underemployment_rate,idn.11,Aceh,11,2024,source_annual_period,13.79,percent,observed,m5_underemployment_source_period,m5prov_5d566b55a746582520c84604,bps_current_38_province_2024plus,sakernas_underemployment_source_period_current38,,BPS national domain 0000; source vertical=38 Provinsi; source selector=turvar:0:Tidak ada|turtahun:0:Tahun; source universe=Employed population meeting the BPS underemployment definition; transform=identity; current-boundary panel begins 2024 to avoid silent pre-DOB Papua harmonization
m5obs_c8756956693b6d1cd46a003d,unemployment_rate,idn.11,Aceh,11,2024,Agustus,5.75,percent,observed,m5_unemployment_august,m5prov_577c6c6aac737a31ac29f70b,bps_current_38_province_2024plus,sakernas_unemployment_august_current38,,BPS national domain 0000; source vertical=38 Provinsi; source selector=turvar:0:Tidak ada|turtahun:190:Agustus; source universe=Labor force under the official Sakernas open-unemployment definition; transform=identity; current-boundary panel begins 2024 to avoid silent pre-DOB Papua harmonization
m5obs_4fdebfb864de8950f836305c,gini_ratio,idn.12,Sumatera Utara,12,2024,Maret,0.297,index,observed,m5_gini_march,m5prov_31575ab730cd1c8f44a59a31,bps_current_38_province_2024plus,susenas_gini_march_current38,,BPS national domain 0000; source vertical=38 Provinsi; source selector=turvar:191:Perkotaan+Perdesaan|turtahun:61:Semester 1 (Maret); source universe=Population represented by the Susenas expenditure-welfare aggregate; transform=identity; current-boundary panel begins 2024 to avoid silent pre-DOB Papua harmonization
m5obs_ebb3d7bcf9158f440211424f,neet_rate,idn.12,Sumatera Utara,12,2024,source_annual_period,19.78,percent,observed,m5_neet_source_period,m5prov_5f44d02b5481880e37d26d54,bps_current_38_province_2024plus,sakernas_neet_15_24_current38,,BPS national domain 0000; source vertical=38 Provinsi; source selector=turvar:0:Tidak ada|turtahun:0:Tahun; source universe=People age 15 to 24 not in employment education or training under the BPS Sakernas definition; transform=identity; current-boundary panel begins 2024 to avoid silent pre-DOB Papua harmonization
m5obs_b3ce97d243a8a680d4e6129c,poverty_rate,idn.12,Sumatera Utara,12,2024,Maret,7.99,percent,observed,m5_poverty_march,m5prov_03abc8d1b5e9677c16c7cf31,bps_current_38_province_2024plus,susenas_poverty_march_current38,,BPS national domain 0000; source vertical=38 Provinsi; source selector=turvar:434:Jumlah|turtahun:61:Semester 1 (Maret); source universe=Population under the official BPS poverty-line methodology; transform=identity; current-boundary panel begins 2024 to avoid silent pre-DOB Papua harmonization
m5obs_42e6c27c12c30f6eb6d3fae4,real_grdp_per_capita,idn.12,Sumatera Utara,12,2024,Tahun,40.57695,million_rupiah_per_person_constant_2010,derived,m5_real_grdp_pc_adhk2010,m5prov_de3818b738ca6c01659133dd,bps_current_38_province_2024plus,bps_grdp_per_capita_series2010_adhk,constant_2010_prices,BPS national domain 0000; source vertical=38 Provinsi; source selector=turvar:531:Harga Konstan 2010|turtahun:0:Tahun; source universe=Resident population denominator embedded in the official BPS per-capita statistic; transform=divide_1000; current-boundary panel begins 2024 to avoid silent pre-DOB Papua harmonization
m5obs_cecb0947d753cd745d73ba81,underemployment_rate,idn.12,Sumatera Utara,12,2024,source_annual_period,8.71,percent,observed,m5_underemployment_source_period,m5prov_5d566b55a746582520c84604,bps_current_38_province_2024plus,sakernas_underemployment_source_period_current38,,BPS national domain 0000; source vertical=38 Provinsi; source selector=turvar:0:Tidak ada|turtahun:0:Tahun; source universe=Employed population meeting the BPS underemployment definition; transform=identity; current-boundary panel begins 2024 to avoid silent pre-DOB Papua harmonization
m5obs_652ac01812677427dcf91e8e,unemployment_rate,idn.12,Sumatera Utara,12,2024,Agustus,5.6,percent,observed,m5_unemployment_august,m5prov_577c6c6aac737a31ac29f70b,bps_current_38_province_2024plus,sakernas_unemployment_august_current38,,BPS national domain 0000; source vertical=38 Provinsi; source selector=turvar:0:Tidak ada|turtahun:190:Agustus; source universe=Labor force under the official Sakernas open-unemployment definition; transform=identity; current-boundary panel begins 2024 to avoid silent pre-DOB Papua harmonization
m5obs_443f42b320e05c220213ba79,gini_ratio,idn.13,Sumatera Barat,13,2024,Maret,0.283,index,observed,m5_gini_march,m5prov_31575ab730cd1c8f44a59a31,bps_current_38_province_2024plus,susenas_gini_march_current38,,BPS national domain 0000; source vertical=38 Provinsi; source selector=turvar:191:Perkotaan+Perdesaan|turtahun:61:Semester 1 (Maret); source universe=Population represented by the Susenas expenditure-welfare aggregate; transform=identity; current-boundary panel begins 2024 to avoid silent pre-DOB Papua harmonization
m5obs_c2b62d5cbcf0d32068be52ac,neet_rate,idn.13,Sumatera Barat,13,2024,source_annual_period,21.31,percent,observed,m5_neet_source_period,m5prov_5f44d02b5481880e37d26d54,bps_current_38_province_2024plus,sakernas_neet_15_24_current38,,BPS national domain 0000; source vertical=38 Provinsi; source selector=turvar:0:Tidak ada|turtahun:0:Tahun; source universe=People age 15 to 24 not in employment education or training under the BPS Sakernas definition; transform=identity; current-boundary panel begins 2024 to avoid silent pre-DOB Papua harmonization
m5obs_c77ff79025174fbb105c229e,poverty_rate,idn.13,Sumatera Barat,13,2024,Maret,5.97,percent,observed,m5_poverty_march,m5prov_03abc8d1b5e9677c16c7cf31,bps_current_38_province_2024plus,susenas_poverty_march_current38,,BPS national domain 0000; source vertical=38 Provinsi; source selector=turvar:434:Jumlah|turtahun:61:Semester 1 (Maret); source universe=Population under the official BPS poverty-line methodology; transform=identity; current-boundary panel begins 2024 to avoid silent pre-DOB Papua harmonization
m5obs_aa53abb3b3206612809a88d6,real_grdp_per_capita,idn.13,Sumatera Barat,13,2024,Tahun,34.16975,million_rupiah_per_person_constant_2010,derived,m5_real_grdp_pc_adhk2010,m5prov_de3818b738ca6c01659133dd,bps_current_38_province_2024plus,bps_grdp_per_capita_series2010_adhk,constant_2010_prices,BPS national domain 0000; source vertical=38 Provinsi; source selector=turvar:531:Harga Konstan 2010|turtahun:0:Tahun; source universe=Resident population denominator embedded in the official BPS per-capita statistic; transform=divide_1000; current-boundary panel begins 2024 to avoid silent pre-DOB Papua harmonization
m5obs_e17ca90b79f516c6098994bc,underemployment_rate,idn.13,Sumatera Barat,13,2024,source_annual_period,11.11,percent,observed,m5_underemployment_source_period,m5prov_5d566b55a746582520c84604,bps_current_38_province_2024plus,sakernas_underemployment_source_period_current38,,BPS national domain 0000; source vertical=38 Provinsi; source selector=turvar:0:Tidak ada|turtahun:0:Tahun; source universe=Employed population meeting the BPS underemployment definition; transform=identity; current-boundary panel begins 2024 to avoid silent pre-DOB Papua harmonization
m5obs_317cc0bf799eac1a25ad0a36,unemployment_rate,idn.13,Sumatera Barat,13,2024,Agustus,5.75,percent,observed,m5_unemployment_august,m5prov_577c6c6aac737a31ac29f70b,bps_current_38_province_2024plus,sakernas_unemployment_august_current38,,BPS national domain 0000; source vertical=38 Provinsi; source selector=turvar:0:Tidak ada|turtahun:190:Agustus; source universe=Labor force under the official Sakernas open-unemployment definition; transform=identity; current-boundary panel begins 2024 to avoid silent pre-DOB Papua harmonization
m5obs_050e59a4ea26b7da37ec4376,gini_ratio,idn.14,Riau,14,2024,Maret,0.307,index,observed,m5_gini_march,m5prov_31575ab730cd1c8f44a59a31,bps_current_38_province_2024plus,susenas_gini_march_current38,,BPS national domain 0000; source vertical=38 Provinsi; source selector=turvar:191:Perkotaan+Perdesaan|turtahun:61:Semester 1 (Maret); source universe=Population represented by the Susenas expenditure-welfare aggregate; transform=identity; current-boundary panel begins 2024 to avoid silent pre-DOB Papua harmonization
m5obs_c552ff136d6bd61921b87412,neet_rate,idn.14,Riau,14,2024,source_annual_period,21.79,percent,observed,m5_neet_source_period,m5prov_5f44d02b5481880e37d26d54,bps_current_38_province_2024plus,sakernas_neet_15_24_current38,,BPS national domain 0000; source vertical=38 Provinsi; source selector=turvar:0:Tidak ada|turtahun:0:Tahun; source universe=People age 15 to 24 not in employment education or training under the BPS Sakernas definition; transform=identity; current-boundary panel begins 2024 to avoid silent pre-DOB Papua harmonization
m5obs_5363e478cd88ade1a7289ea2,poverty_rate,idn.14,Riau,14,2024,Maret,6.67,percent,observed,m5_poverty_march,m5prov_03abc8d1b5e9677c16c7cf31,bps_current_38_province_2024plus,susenas_poverty_march_current38,,BPS national domain 0000; source vertical=38 Provinsi; source selector=turvar:434:Jumlah|turtahun:61:Semester 1 (Maret); source universe=Population under the official BPS poverty-line methodology; transform=identity; current-boundary panel begins 2024 to avoid silent pre-DOB Papua harmonization
m5obs_4a662e20941fd2895d57b912,real_grdp_per_capita,idn.14,Riau,14,2024,Tahun,84.90325,million_rupiah_per_person_constant_2010,derived,m5_real_grdp_pc_adhk2010,m5prov_de3818b738ca6c01659133dd,bps_current_38_province_2024plus,bps_grdp_per_capita_series2010_adhk,constant_2010_prices,BPS national domain 0000; source vertical=38 Provinsi; source selector=turvar:531:Harga Konstan 2010|turtahun:0:Tahun; source universe=Resident population denominator embedded in the official BPS per-capita statistic; transform=divide_1000; current-boundary panel begins 2024 to avoid silent pre-DOB Papua harmonization
m5obs_4f03b7224ef075fd6e486bf7,underemployment_rate,idn.14,Riau,14,2024,source_annual_period,9.12,percent,observed,m5_underemployment_source_period,m5prov_5d566b55a746582520c84604,bps_current_38_province_2024plus,sakernas_underemployment_source_period_current38,,BPS national domain 0000; source vertical=38 Provinsi; source selector=turvar:0:Tidak ada|turtahun:0:Tahun; source universe=Employed population meeting the BPS underemployment definition; transform=identity; current-boundary panel begins 2024 to avoid silent pre-DOB Papua harmonization
m5obs_f7ad46005122ef4226631a63,unemployment_rate,idn.14,Riau,14,2024,Agustus,3.7,percent,observed,m5_unemployment_august,m5prov_577c6c6aac737a31ac29f70b,bps_current_38_province_2024plus,sakernas_unemployment_august_current38,,BPS national domain 0000; source vertical=38 Provinsi; source selector=turvar:0:Tidak ada|turtahun:190:Agustus; source universe=Labor force under the official Sakernas open-unemployment definition; transform=identity; current-boundary panel begins 2024 to avoid silent pre-DOB Papua harmonization
m5obs_b58b9c66063445d1f0ae5654,gini_ratio,idn.15,Jambi,15,2024,Maret,0.321,index,observed,m5_gini_march,m5prov_31575ab730cd1c8f44a59a31,bps_current_38_province_2024plus,susenas_gini_march_current38,,BPS national domain 0000; source vertical=38 Provinsi; source selector=turvar:191:Perkotaan+Perdesaan|turtahun:61:Semester 1 (Maret); source universe=Population represented by the Susenas expenditure-welfare aggregate; transform=identity; current-boundary panel begins 2024 to avoid silent pre-DOB Papua harmonization
m5obs_19fc8378a275cc5f8b7cb3ce,neet_rate,idn.15,Jambi,15,2024,source_annual_period,20.71,percent,observed,m5_neet_source_period,m5prov_5f44d02b5481880e37d26d54,bps_current_38_province_2024plus,sakernas_neet_15_24_current38,,BPS national domain 0000; source vertical=38 Provinsi; source selector=turvar:0:Tidak ada|turtahun:0:Tahun; source universe=People age 15 to 24 not in employment education or training under the BPS Sakernas definition; transform=identity; current-boundary panel begins 2024 to avoid silent pre-DOB Papua harmonization
m5obs_7e5b9e7e38e364e94ec99c6b,poverty_rate,idn.15,Jambi,15,2024,Maret,7.1,percent,observed,m5_poverty_march,m5prov_03abc8d1b5e9677c16c7cf31,bps_current_38_province_2024plus,susenas_poverty_march_current38,,BPS national domain 0000; source vertical=38 Provinsi; source selector=turvar:434:Jumlah|turtahun:61:Semester 1 (Maret); source universe=Population under the official BPS poverty-line methodology; transform=identity; current-boundary panel begins 2024 to avoid silent pre-DOB Papua harmonization
m5obs_9493ee3e23430b83c50064d8,real_grdp_per_capita,idn.15,Jambi,15,2024,Tahun,47.49059,million_rupiah_per_person_constant_2010,derived,m5_real_grdp_pc_adhk2010,m5prov_de3818b738ca6c01659133dd,bps_current_38_province_2024plus,bps_grdp_per_capita_series2010_adhk,constant_2010_prices,BPS national domain 0000; source vertical=38 Provinsi; source selector=turvar:531:Harga Konstan 2010|turtahun:0:Tahun; source universe=Resident population denominator embedded in the official BPS per-capita statistic; transform=divide_1000; current-boundary panel begins 2024 to avoid silent pre-DOB Papua harmonization
m5obs_0425783aeca9c56b35167820,underemployment_rate,idn.15,Jambi,15,2024,source_annual_period,8.43,percent,observed,m5_underemployment_source_period,m5prov_5d566b55a746582520c84604,bps_current_38_province_2024plus,sakernas_underemployment_source_period_current38,,BPS national domain 0000; source vertical=38 Provinsi; source selector=turvar:0:Tidak ada|turtahun:0:Tahun; source universe=Employed population meeting the BPS underemployment definition; transform=identity; current-boundary panel begins 2024 to avoid silent pre-DOB Papua harmonization
m5obs_68455250840e1cd61f87cf3f,unemployment_rate,idn.15,Jambi,15,2024,Agustus,4.48,percent,observed,m5_unemployment_august,m5prov_577c6c6aac737a31ac29f70b,bps_current_38_province_2024plus,sakernas_unemployment_august_current38,,BPS national domain 0000; source vertical=38 Provinsi; source selector=turvar:0:Tidak ada|turtahun:190:Agustus; source universe=Labor force under the official Sakernas open-unemployment definition; transform=identity; current-boundary panel begins 2024 to avoid silent pre-DOB Papua harmonization
m5obs_81449ea2e227db7fc42a680c,gini_ratio,idn.16,Sumatera Selatan,16,2024,Maret,0.333,index,observed,m5_gini_march,m5prov_31575ab730cd1c8f44a59a31,bps_current_38_province_2024plus,susenas_gini_march_current38,,BPS national domain 0000; source vertical=38 Provinsi; source selector=turvar:191:Perkotaan+Perdesaan|turtahun:61:Semester 1 (Maret); source universe=Population represented by the Susenas expenditure-welfare aggregate; transform=identity; current-boundary panel begins 2024 to avoid silent pre-DOB Papua harmonization
m5obs_f13a5b9ac9654bf7f104207a,neet_rate,idn.16,Sumatera Selatan,16,2024,source_annual_period,23.36,percent,observed,m5_neet_source_period,m5prov_5f44d02b5481880e37d26d54,bps_current_38_province_2024plus,sakernas_neet_15_24_current38,,BPS national domain 0000; source vertical=38 Provinsi; source selector=turvar:0:Tidak ada|turtahun:0:Tahun; source universe=People age 15 to 24 not in employment education or training under the BPS Sakernas definition; transform=identity; current-boundary panel begins 2024 to avoid silent pre-DOB Papua harmonization
m5obs_ebfe05e6b4af320bf2d2ef41,poverty_rate,idn.16,Sumatera Selatan,16,2024,Maret,10.97,percent,observed,m5_poverty_march,m5prov_03abc8d1b5e9677c16c7cf31,bps_current_38_province_2024plus,susenas_poverty_march_current38,,BPS national domain 0000; source vertical=38 Provinsi; source selector=turvar:434:Jumlah|turtahun:61:Semester 1 (Maret); source universe=Population under the official BPS poverty-line methodology; transform=identity; current-boundary panel begins 2024 to avoid silent pre-DOB Papua harmonization
m5obs_2378c19c99dbddb0d0bce0d4,real_grdp_per_capita,idn.16,Sumatera Selatan,16,2024,Tahun,42.89993,million_rupiah_per_person_constant_2010,derived,m5_real_grdp_pc_adhk2010,m5prov_de3818b738ca6c01659133dd,bps_current_38_province_2024plus,bps_grdp_per_capita_series2010_adhk,constant_2010_prices,BPS national domain 0000; source vertical=38 Provinsi; source selector=turvar:531:Harga Konstan 2010|turtahun:0:Tahun; source universe=Resident population denominator embedded in the official BPS per-capita statistic; transform=divide_1000; current-boundary panel begins 2024 to avoid silent pre-DOB Papua harmonization
m5obs_483060fd5f023149a380febb,underemployment_rate,idn.16,Sumatera Selatan,16,2024,source_annual_period,9.83,percent,observed,m5_underemployment_source_period,m5prov_5d566b55a746582520c84604,bps_current_38_province_2024plus,sakernas_underemployment_source_period_current38,,BPS national domain 0000; source vertical=38 Provinsi; source selector=turvar:0:Tidak ada|turtahun:0:Tahun; source universe=Employed population meeting the BPS underemployment definition; transform=identity; current-boundary panel begins 2024 to avoid silent pre-DOB Papua harmonization
m5obs_4e6f3fd0d77b3899eded1637,unemployment_rate,idn.16,Sumatera Selatan,16,2024,Agustus,3.86,percent,observed,m5_unemployment_august,m5prov_577c6c6aac737a31ac29f70b,bps_current_38_province_2024plus,sakernas_unemployment_august_current38,,BPS national domain 0000; source vertical=38 Provinsi; source selector=turvar:0:Tidak ada|turtahun:190:Agustus; source universe=Labor force under the official Sakernas open-unemployment definition; transform=identity; current-boundary panel begins 2024 to avoid silent pre-DOB Papua harmonization
m5obs_2417b2232951c2b25483f962,gini_ratio,idn.17,Bengkulu,17,2024,Maret,0.342,index,observed,m5_gini_march,m5prov_31575ab730cd1c8f44a59a31,bps_current_38_province_2024plus,susenas_gini_march_current38,,BPS national domain 0000; source vertical=38 Provinsi; source selector=turvar:191:Perkotaan+Perdesaan|turtahun:61:Semester 1 (Maret); source universe=Population represented by the Susenas expenditure-welfare aggregate; transform=identity; current-boundary panel begins 2024 to avoid silent pre-DOB Papua harmonization
m5obs_87f86e2791eacdd69784ec8f,neet_rate,idn.17,Bengkulu,17,2024,source_annual_period,20.92,percent,observed,m5_neet_source_period,m5prov_5f44d02b5481880e37d26d54,bps_current_38_province_2024plus,sakernas_neet_15_24_current38,,BPS national domain 0000; source vertical=38 Provinsi; source selector=turvar:0:Tidak ada|turtahun:0:Tahun; source universe=People age 15 to 24 not in employment education or training under the BPS Sakernas definition; transform=identity; current-boundary panel begins 2024 to avoid silent pre-DOB Papua harmonization
m5obs_c33f4c47650c131d9bd69210,poverty_rate,idn.17,Bengkulu,17,2024,Maret,13.56,percent,observed,m5_poverty_march,m5prov_03abc8d1b5e9677c16c7cf31,bps_current_38_province_2024plus,susenas_poverty_march_current38,,BPS national domain 0000; source vertical=38 Provinsi; source selector=turvar:434:Jumlah|turtahun:61:Semester 1 (Maret); source universe=Population under the official BPS poverty-line methodology; transform=identity; current-boundary panel begins 2024 to avoid silent pre-DOB Papua harmonization
m5obs_22b5d46515b1a624be477ed8,real_grdp_per_capita,idn.17,Bengkulu,17,2024,Tahun,25.78058,million_rupiah_per_person_constant_2010,derived,m5_real_grdp_pc_adhk2010,m5prov_de3818b738ca6c01659133dd,bps_current_38_province_2024plus,bps_grdp_per_capita_series2010_adhk,constant_2010_prices,BPS national domain 0000; source vertical=38 Provinsi; source selector=turvar:531:Harga Konstan 2010|turtahun:0:Tahun; source universe=Resident population denominator embedded in the official BPS per-capita statistic; transform=divide_1000; current-boundary panel begins 2024 to avoid silent pre-DOB Papua harmonization
m5obs_75bebeed3737066079d68b91,underemployment_rate,idn.17,Bengkulu,17,2024,source_annual_period,10.05,percent,observed,m5_underemployment_source_period,m5prov_5d566b55a746582520c84604,bps_current_38_province_2024plus,sakernas_underemployment_source_period_current38,,BPS national domain 0000; source vertical=38 Provinsi; source selector=turvar:0:Tidak ada|turtahun:0:Tahun; source universe=Employed population meeting the BPS underemployment definition; transform=identity; current-boundary panel begins 2024 to avoid silent pre-DOB Papua harmonization
m5obs_4850e43f9a542983ed1d40dc,unemployment_rate,idn.17,Bengkulu,17,2024,Agustus,3.11,percent,observed,m5_unemployment_august,m5prov_577c6c6aac737a31ac29f70b,bps_current_38_province_2024plus,sakernas_unemployment_august_current38,,BPS national domain 0000; source vertical=38 Provinsi; source selector=turvar:0:Tidak ada|turtahun:190:Agustus; source universe=Labor force under the official Sakernas open-unemployment definition; transform=identity; current-boundary panel begins 2024 to avoid silent pre-DOB Papua harmonization
m5obs_477ae78cee7834a4e3198b27,gini_ratio,idn.18,Lampung,18,2024,Maret,0.302,index,observed,m5_gini_march,m5prov_31575ab730cd1c8f44a59a31,bps_current_38_province_2024plus,susenas_gini_march_current38,,BPS national domain 0000; source vertical=38 Provinsi; source selector=turvar:191:Perkotaan+Perdesaan|turtahun:61:Semester 1 (Maret); source universe=Population represented by the Susenas expenditure-welfare aggregate; transform=identity; current-boundary panel begins 2024 to avoid silent pre-DOB Papua harmonization
m5obs_81189ab7c8ce70a5ec2d98b6,neet_rate,idn.18,Lampung,18,2024,source_annual_period,22.53,percent,observed,m5_neet_source_period,m5prov_5f44d02b5481880e37d26d54,bps_current_38_province_2024plus,sakernas_neet_15_24_current38,,BPS national domain 0000; source vertical=38 Provinsi; source selector=turvar:0:Tidak ada|turtahun:0:Tahun; source universe=People age 15 to 24 not in employment education or training under the BPS Sakernas definition; transform=identity; current-boundary panel begins 2024 to avoid silent pre-DOB Papua harmonization
m5obs_18efee1ff67c9e46ba9edcc4,poverty_rate,idn.18,Lampung,18,2024,Maret,10.69,percent,observed,m5_poverty_march,m5prov_03abc8d1b5e9677c16c7cf31,bps_current_38_province_2024plus,susenas_poverty_march_current38,,BPS national domain 0000; source vertical=38 Provinsi; source selector=turvar:434:Jumlah|turtahun:61:Semester 1 (Maret); source universe=Population under the official BPS poverty-line methodology; transform=identity; current-boundary panel begins 2024 to avoid silent pre-DOB Papua harmonization
m5obs_1574f146663c081c54de2649,real_grdp_per_capita,idn.18,Lampung,18,2024,Tahun,29.89063,million_rupiah_per_person_constant_2010,derived,m5_real_grdp_pc_adhk2010,m5prov_de3818b738ca6c01659133dd,bps_current_38_province_2024plus,bps_grdp_per_capita_series2010_adhk,constant_2010_prices,BPS national domain 0000; source vertical=38 Provinsi; source selector=turvar:531:Harga Konstan 2010|turtahun:0:Tahun; source universe=Resident population denominator embedded in the official BPS per-capita statistic; transform=divide_1000; current-boundary panel begins 2024 to avoid silent pre-DOB Papua harmonization
m5obs_282c08c033ab5b7a63bf95ff,underemployment_rate,idn.18,Lampung,18,2024,source_annual_period,9.63,percent,observed,m5_underemployment_source_period,m5prov_5d566b55a746582520c84604,bps_current_38_province_2024plus,sakernas_underemployment_source_period_current38,,BPS national domain 0000; source vertical=38 Provinsi; source selector=turvar:0:Tidak ada|turtahun:0:Tahun; source universe=Employed population meeting the BPS underemployment definition; transform=identity; current-boundary panel begins 2024 to avoid silent pre-DOB Papua harmonization
m5obs_15fa4b45f1328f3abe967582,unemployment_rate,idn.18,Lampung,18,2024,Agustus,4.19,percent,observed,m5_unemployment_august,m5prov_577c6c6aac737a31ac29f70b,bps_current_38_province_2024plus,sakernas_unemployment_august_current38,,BPS national domain 0000; source vertical=38 Provinsi; source selector=turvar:0:Tidak ada|turtahun:190:Agustus; source universe=Labor force under the official Sakernas open-unemployment definition; transform=identity; current-boundary panel begins 2024 to avoid silent pre-DOB Papua harmonization
m5obs_0a22ef5cd1c8a2db23a79470,gini_ratio,idn.19,Kepulauan Bangka Belitung,19,2024,Maret,0.244,index,observed,m5_gini_march,m5prov_31575ab730cd1c8f44a59a31,bps_current_38_province_2024plus,susenas_gini_march_current38,,BPS national domain 0000; source vertical=38 Provinsi; source selector=turvar:191:Perkotaan+Perdesaan|turtahun:61:Semester 1 (Maret); source universe=Population represented by the Susenas expenditure-welfare aggregate; transform=identity; current-boundary panel begins 2024 to avoid silent pre-DOB Papua harmonization
m5obs_eee8715b7d0f6ba69d173cfc,neet_rate,idn.19,Kepulauan Bangka Belitung,19,2024,source_annual_period,21.26,percent,observed,m5_neet_source_period,m5prov_5f44d02b5481880e37d26d54,bps_current_38_province_2024plus,sakernas_neet_15_24_current38,,BPS national domain 0000; source vertical=38 Provinsi; source selector=turvar:0:Tidak ada|turtahun:0:Tahun; source universe=People age 15 to 24 not in employment education or training under the BPS Sakernas definition; transform=identity; current-boundary panel begins 2024 to avoid silent pre-DOB Papua harmonization
m5obs_8fe7c573f117adcb7d849a53,poverty_rate,idn.19,Kepulauan Bangka Belitung,19,2024,Maret,4.55,percent,observed,m5_poverty_march,m5prov_03abc8d1b5e9677c16c7cf31,bps_current_38_province_2024plus,susenas_poverty_march_current38,,BPS national domain 0000; source vertical=38 Provinsi; source selector=turvar:434:Jumlah|turtahun:61:Semester 1 (Maret); source universe=Population under the official BPS poverty-line methodology; transform=identity; current-boundary panel begins 2024 to avoid silent pre-DOB Papua harmonization
m5obs_55c45855bed8e9567508dd1f,real_grdp_per_capita,idn.19,Kepulauan Bangka Belitung,19,2024,Tahun,39.70009,million_rupiah_per_person_constant_2010,derived,m5_real_grdp_pc_adhk2010,m5prov_de3818b738ca6c01659133dd,bps_current_38_province_2024plus,bps_grdp_per_capita_series2010_adhk,constant_2010_prices,BPS national domain 0000; source vertical=38 Provinsi; source selector=turvar:531:Harga Konstan 2010|turtahun:0:Tahun; source universe=Resident population denominator embedded in the official BPS per-capita statistic; transform=divide_1000; current-boundary panel begins 2024 to avoid silent pre-DOB Papua harmonization
m5obs_95acda474c97f738b0ae387d,underemployment_rate,idn.19,Kepulauan Bangka Belitung,19,2024,source_annual_period,7.41,percent,observed,m5_underemployment_source_period,m5prov_5d566b55a746582520c84604,bps_current_38_province_2024plus,sakernas_underemployment_source_period_current38,,BPS national domain 0000; source vertical=38 Provinsi; source selector=turvar:0:Tidak ada|turtahun:0:Tahun; source universe=Employed population meeting the BPS underemployment definition; transform=identity; current-boundary panel begins 2024 to avoid silent pre-DOB Papua harmonization
m5obs_20705a3bd83a69d53a62da94,unemployment_rate,idn.19,Kepulauan Bangka Belitung,19,2024,Agustus,4.63,percent,observed,m5_unemployment_august,m5prov_577c6c6aac737a31ac29f70b,bps_current_38_province_2024plus,sakernas_unemployment_august_current38,,BPS national domain 0000; source vertical=38 Provinsi; source selector=turvar:0:Tidak ada|turtahun:190:Agustus; source universe=Labor force under the official Sakernas open-unemployment definition; transform=identity; current-boundary panel begins 2024 to avoid silent pre-DOB Papua harmonization
m5obs_387f9d9b24a299aa9af0763a,gini_ratio,idn.21,Kepulauan Riau,21,2024,Maret,0.349,index,observed,m5_gini_march,m5prov_31575ab730cd1c8f44a59a31,bps_current_38_province_2024plus,susenas_gini_march_current38,,BPS national domain 0000; source vertical=38 Provinsi; source selector=turvar:191:Perkotaan+Perdesaan|turtahun:61:Semester 1 (Maret); source universe=Population represented by the Susenas expenditure-welfare aggregate; transform=identity; current-boundary panel begins 2024 to avoid silent pre-DOB Papua harmonization
m5obs_2a0910cd004a8b17677a6ea4,neet_rate,idn.21,Kepulauan Riau,21,2024,source_annual_period,14.52,percent,observed,m5_neet_source_period,m5prov_5f44d02b5481880e37d26d54,bps_current_38_province_2024plus,sakernas_neet_15_24_current38,,BPS national domain 0000; source vertical=38 Provinsi; source selector=turvar:0:Tidak ada|turtahun:0:Tahun; source universe=People age 15 to 24 not in employment education or training under the BPS Sakernas definition; transform=identity; current-boundary panel begins 2024 to avoid silent pre-DOB Papua harmonization
m5obs_918ab2bfac8ebf081299e285,poverty_rate,idn.21,Kepulauan Riau,21,2024,Maret,5.37,percent,observed,m5_poverty_march,m5prov_03abc8d1b5e9677c16c7cf31,bps_current_38_province_2024plus,susenas_poverty_march_current38,,BPS national domain 0000; source vertical=38 Provinsi; source selector=turvar:434:Jumlah|turtahun:61:Semester 1 (Maret); source universe=Population under the official BPS poverty-line methodology; transform=identity; current-boundary panel begins 2024 to avoid silent pre-DOB Papua harmonization
m5obs_1e4e638271467bf1d61aae09,real_grdp_per_capita,idn.21,Kepulauan Riau,21,2024,Tahun,96.15712,million_rupiah_per_person_constant_2010,derived,m5_real_grdp_pc_adhk2010,m5prov_de3818b738ca6c01659133dd,bps_current_38_province_2024plus,bps_grdp_per_capita_series2010_adhk,constant_2010_prices,BPS national domain 0000; source vertical=38 Provinsi; source selector=turvar:531:Harga Konstan 2010|turtahun:0:Tahun; source universe=Resident population denominator embedded in the official BPS per-capita statistic; transform=divide_1000; current-boundary panel begins 2024 to avoid silent pre-DOB Papua harmonization
m5obs_27787db7540d8a0e8fe92629,underemployment_rate,idn.21,Kepulauan Riau,21,2024,source_annual_period,3.91,percent,observed,m5_underemployment_source_period,m5prov_5d566b55a746582520c84604,bps_current_38_province_2024plus,sakernas_underemployment_source_period_current38,,BPS national domain 0000; source vertical=38 Provinsi; source selector=turvar:0:Tidak ada|turtahun:0:Tahun; source universe=Employed population meeting the BPS underemployment definition; transform=identity; current-boundary panel begins 2024 to avoid silent pre-DOB Papua harmonization
m5obs_71a6a6f53df87a8fd5911d73,unemployment_rate,idn.21,Kepulauan Riau,21,2024,Agustus,6.39,percent,observed,m5_unemployment_august,m5prov_577c6c6aac737a31ac29f70b,bps_current_38_province_2024plus,sakernas_unemployment_august_current38,,BPS national domain 0000; source vertical=38 Provinsi; source selector=turvar:0:Tidak ada|turtahun:190:Agustus; source universe=Labor force under the official Sakernas open-unemployment definition; transform=identity; current-boundary panel begins 2024 to avoid silent pre-DOB Papua harmonization
m5obs_62629d0f0493a3aed9da8073,gini_ratio,idn.31,DKI Jakarta,31,2024,Maret,0.423,index,observed,m5_gini_march,m5prov_31575ab730cd1c8f44a59a31,bps_current_38_province_2024plus,susenas_gini_march_current38,,BPS national domain 0000; source vertical=38 Provinsi; source selector=turvar:191:Perkotaan+Perdesaan|turtahun:61:Semester 1 (Maret); source universe=Population represented by the Susenas expenditure-welfare aggregate; transform=identity; current-boundary panel begins 2024 to avoid silent pre-DOB Papua harmonization
m5obs_56b4c28002458ac89db88b5b,neet_rate,idn.31,DKI Jakarta,31,2024,source_annual_period,15.19,percent,observed,m5_neet_source_period,m5prov_5f44d02b5481880e37d26d54,bps_current_38_province_2024plus,sakernas_neet_15_24_current38,,BPS national domain 0000; source vertical=38 Provinsi; source selector=turvar:0:Tidak ada|turtahun:0:Tahun; source universe=People age 15 to 24 not in employment education or training under the BPS Sakernas definition; transform=identity; current-boundary panel begins 2024 to avoid silent pre-DOB Papua harmonization
m5obs_dc450e6968c13c7f4d0eec8b,poverty_rate,idn.31,DKI Jakarta,31,2024,Maret,4.3,percent,observed,m5_poverty_march,m5prov_03abc8d1b5e9677c16c7cf31,bps_current_38_province_2024plus,susenas_poverty_march_current38,,BPS national domain 0000; source vertical=38 Provinsi; source selector=turvar:434:Jumlah|turtahun:61:Semester 1 (Maret); source universe=Population under the official BPS poverty-line methodology; transform=identity; current-boundary panel begins 2024 to avoid silent pre-DOB Papua harmonization
m5obs_6bebeabba88cc97b2c0c1ce5,real_grdp_per_capita,idn.31,DKI Jakarta,31,2024,Tahun,201.32987,million_rupiah_per_person_constant_2010,derived,m5_real_grdp_pc_adhk2010,m5prov_de3818b738ca6c01659133dd,bps_current_38_province_2024plus,bps_grdp_per_capita_series2010_adhk,constant_2010_prices,BPS national domain 0000; source vertical=38 Provinsi; source selector=turvar:531:Harga Konstan 2010|turtahun:0:Tahun; source universe=Resident population denominator embedded in the official BPS per-capita statistic; transform=divide_1000; current-boundary panel begins 2024 to avoid silent pre-DOB Papua harmonization
m5obs_b55f00351a580fe0090dbf97,underemployment_rate,idn.31,DKI Jakarta,31,2024,source_annual_period,3.98,percent,observed,m5_underemployment_source_period,m5prov_5d566b55a746582520c84604,bps_current_38_province_2024plus,sakernas_underemployment_source_period_current38,,BPS national domain 0000; source vertical=38 Provinsi; source selector=turvar:0:Tidak ada|turtahun:0:Tahun; source universe=Employed population meeting the BPS underemployment definition; transform=identity; current-boundary panel begins 2024 to avoid silent pre-DOB Papua harmonization
m5obs_fa8eb0b53f3b04203a719e19,unemployment_rate,idn.31,DKI Jakarta,31,2024,Agustus,6.21,percent,observed,m5_unemployment_august,m5prov_577c6c6aac737a31ac29f70b,bps_current_38_province_2024plus,sakernas_unemployment_august_current38,,BPS national domain 0000; source vertical=38 Provinsi; source selector=turvar:0:Tidak ada|turtahun:190:Agustus; source universe=Labor force under the official Sakernas open-unemployment definition; transform=identity; current-boundary panel begins 2024 to avoid silent pre-DOB Papua harmonization
m5obs_6ea17152f7119e8b3a9ab3e7,gini_ratio,idn.32,Jawa Barat,32,2024,Maret,0.421,index,observed,m5_gini_march,m5prov_31575ab730cd1c8f44a59a31,bps_current_38_province_2024plus,susenas_gini_march_current38,,BPS national domain 0000; source vertical=38 Provinsi; source selector=turvar:191:Perkotaan+Perdesaan|turtahun:61:Semester 1 (Maret); source universe=Population represented by the Susenas expenditure-welfare aggregate; transform=identity; current-boundary panel begins 2024 to avoid silent pre-DOB Papua harmonization
m5obs_3eb9ae516da2caef4cd1d4e5,neet_rate,idn.32,Jawa Barat,32,2024,source_annual_period,23.49,percent,observed,m5_neet_source_period,m5prov_5f44d02b5481880e37d26d54,bps_current_38_province_2024plus,sakernas_neet_15_24_current38,,BPS national domain 0000; source vertical=38 Provinsi; source selector=turvar:0:Tidak ada|turtahun:0:Tahun; source universe=People age 15 to 24 not in employment education or training under the BPS Sakernas definition; transform=identity; current-boundary panel begins 2024 to avoid silent pre-DOB Papua harmonization
m5obs_edcb874b332bfabc7cb68c25,poverty_rate,idn.32,Jawa Barat,32,2024,Maret,7.46,percent,observed,m5_poverty_march,m5prov_03abc8d1b5e9677c16c7cf31,bps_current_38_province_2024plus,susenas_poverty_march_current38,,BPS national domain 0000; source vertical=38 Provinsi; source selector=turvar:434:Jumlah|turtahun:61:Semester 1 (Maret); source universe=Population under the official BPS poverty-line methodology; transform=identity; current-boundary panel begins 2024 to avoid silent pre-DOB Papua harmonization
m5obs_2878db1e82110f3996f7d6aa,real_grdp_per_capita,idn.32,Jawa Barat,32,2024,Tahun,34.80222,million_rupiah_per_person_constant_2010,derived,m5_real_grdp_pc_adhk2010,m5prov_de3818b738ca6c01659133dd,bps_current_38_province_2024plus,bps_grdp_per_capita_series2010_adhk,constant_2010_prices,BPS national domain 0000; source vertical=38 Provinsi; source selector=turvar:531:Harga Konstan 2010|turtahun:0:Tahun; source universe=Resident population denominator embedded in the official BPS per-capita statistic; transform=divide_1000; current-boundary panel begins 2024 to avoid silent pre-DOB Papua harmonization
m5obs_d9fb6f3c0acb53052991ab37,underemployment_rate,idn.32,Jawa Barat,32,2024,source_annual_period,7.73,percent,observed,m5_underemployment_source_period,m5prov_5d566b55a746582520c84604,bps_current_38_province_2024plus,sakernas_underemployment_source_period_current38,,BPS national domain 0000; source vertical=38 Provinsi; source selector=turvar:0:Tidak ada|turtahun:0:Tahun; source universe=Employed population meeting the BPS underemployment definition; transform=identity; current-boundary panel begins 2024 to avoid silent pre-DOB Papua harmonization
m5obs_10c33746a03d389b2afbc461,unemployment_rate,idn.32,Jawa Barat,32,2024,Agustus,6.75,percent,observed,m5_unemployment_august,m5prov_577c6c6aac737a31ac29f70b,bps_current_38_province_2024plus,sakernas_unemployment_august_current38,,BPS national domain 0000; source vertical=38 Provinsi; source selector=turvar:0:Tidak ada|turtahun:190:Agustus; source universe=Labor force under the official Sakernas open-unemployment definition; transform=identity; current-boundary panel begins 2024 to avoid silent pre-DOB Papua harmonization
m5obs_ddb8126d270778a3a6eb62fe,gini_ratio,idn.33,Jawa Tengah,33,2024,Maret,0.367,index,observed,m5_gini_march,m5prov_31575ab730cd1c8f44a59a31,bps_current_38_province_2024plus,susenas_gini_march_current38,,BPS national domain 0000; source vertical=38 Provinsi; source selector=turvar:191:Perkotaan+Perdesaan|turtahun:61:Semester 1 (Maret); source universe=Population represented by the Susenas expenditure-welfare aggregate; transform=identity; current-boundary panel begins 2024 to avoid silent pre-DOB Papua harmonization
m5obs_450a78b2eba160002e466d34,neet_rate,idn.33,Jawa Tengah,33,2024,source_annual_period,17.93,percent,observed,m5_neet_source_period,m5prov_5f44d02b5481880e37d26d54,bps_current_38_province_2024plus,sakernas_neet_15_24_current38,,BPS national domain 0000; source vertical=38 Provinsi; source selector=turvar:0:Tidak ada|turtahun:0:Tahun; source universe=People age 15 to 24 not in employment education or training under the BPS Sakernas definition; transform=identity; current-boundary panel begins 2024 to avoid silent pre-DOB Papua harmonization
m5obs_569b5ae7c2a179836f81b0e1,poverty_rate,idn.33,Jawa Tengah,33,2024,Maret,10.47,percent,observed,m5_poverty_march,m5prov_03abc8d1b5e9677c16c7cf31,bps_current_38_province_2024plus,susenas_poverty_march_current38,,BPS national domain 0000; source vertical=38 Provinsi; source selector=turvar:434:Jumlah|turtahun:61:Semester 1 (Maret); source universe=Population under the official BPS poverty-line methodology; transform=identity; current-boundary panel begins 2024 to avoid silent pre-DOB Papua harmonization
m5obs_6ec7df56d33b664adf1979d2,real_grdp_per_capita,idn.33,Jawa Tengah,33,2024,Tahun,30.53389,million_rupiah_per_person_constant_2010,derived,m5_real_grdp_pc_adhk2010,m5prov_de3818b738ca6c01659133dd,bps_current_38_province_2024plus,bps_grdp_per_capita_series2010_adhk,constant_2010_prices,BPS national domain 0000; source vertical=38 Provinsi; source selector=turvar:531:Harga Konstan 2010|turtahun:0:Tahun; source universe=Resident population denominator embedded in the official BPS per-capita statistic; transform=divide_1000; current-boundary panel begins 2024 to avoid silent pre-DOB Papua harmonization
m5obs_79192605be93715e27b51e1f,underemployment_rate,idn.33,Jawa Tengah,33,2024,source_annual_period,7.48,percent,observed,m5_underemployment_source_period,m5prov_5d566b55a746582520c84604,bps_current_38_province_2024plus,sakernas_underemployment_source_period_current38,,BPS national domain 0000; source vertical=38 Provinsi; source selector=turvar:0:Tidak ada|turtahun:0:Tahun; source universe=Employed population meeting the BPS underemployment definition; transform=identity; current-boundary panel begins 2024 to avoid silent pre-DOB Papua harmonization
m5obs_e2359997dfc2bdc1b832aae7,unemployment_rate,idn.33,Jawa Tengah,33,2024,Agustus,4.78,percent,observed,m5_unemployment_august,m5prov_577c6c6aac737a31ac29f70b,bps_current_38_province_2024plus,sakernas_unemployment_august_current38,,BPS national domain 0000; source vertical=38 Provinsi; source selector=turvar:0:Tidak ada|turtahun:190:Agustus; source universe=Labor force under the official Sakernas open-unemployment definition; transform=identity; current-boundary panel begins 2024 to avoid silent pre-DOB Papua harmonization
m5obs_4e63b942dbc4ec085b6d828b,gini_ratio,idn.34,DI Yogyakarta,34,2024,Maret,0.435,index,observed,m5_gini_march,m5prov_31575ab730cd1c8f44a59a31,bps_current_38_province_2024plus,susenas_gini_march_current38,,BPS national domain 0000; source vertical=38 Provinsi; source selector=turvar:191:Perkotaan+Perdesaan|turtahun:61:Semester 1 (Maret); source universe=Population represented by the Susenas expenditure-welfare aggregate; transform=identity; current-boundary panel begins 2024 to avoid silent pre-DOB Papua harmonization
m5obs_8903fc397fb568797edd72b2,neet_rate,idn.34,DI Yogyakarta,34,2024,source_annual_period,11.18,percent,observed,m5_neet_source_period,m5prov_5f44d02b5481880e37d26d54,bps_current_38_province_2024plus,sakernas_neet_15_24_current38,,BPS national domain 0000; source vertical=38 Provinsi; source selector=turvar:0:Tidak ada|turtahun:0:Tahun; source universe=People age 15 to 24 not in employment education or training under the BPS Sakernas definition; transform=identity; current-boundary panel begins 2024 to avoid silent pre-DOB Papua harmonization
m5obs_7a4f1084a90d83def088d799,poverty_rate,idn.34,DI Yogyakarta,34,2024,Maret,10.83,percent,observed,m5_poverty_march,m5prov_03abc8d1b5e9677c16c7cf31,bps_current_38_province_2024plus,susenas_poverty_march_current38,,BPS national domain 0000; source vertical=38 Provinsi; source selector=turvar:434:Jumlah|turtahun:61:Semester 1 (Maret); source universe=Population under the official BPS poverty-line methodology; transform=identity; current-boundary panel begins 2024 to avoid silent pre-DOB Papua harmonization
m5obs_9845dffa00e0a2a0d89eb1b7,real_grdp_per_capita,idn.34,DI Yogyakarta,34,2024,Tahun,33.14014,million_rupiah_per_person_constant_2010,derived,m5_real_grdp_pc_adhk2010,m5prov_de3818b738ca6c01659133dd,bps_current_38_province_2024plus,bps_grdp_per_capita_series2010_adhk,constant_2010_prices,BPS national domain 0000; source vertical=38 Provinsi; source selector=turvar:531:Harga Konstan 2010|turtahun:0:Tahun; source universe=Resident population denominator embedded in the official BPS per-capita statistic; transform=divide_1000; current-boundary panel begins 2024 to avoid silent pre-DOB Papua harmonization
m5obs_d2db84f238532d319aaad554,underemployment_rate,idn.34,DI Yogyakarta,34,2024,source_annual_period,5.55,percent,observed,m5_underemployment_source_period,m5prov_5d566b55a746582520c84604,bps_current_38_province_2024plus,sakernas_underemployment_source_period_current38,,BPS national domain 0000; source vertical=38 Provinsi; source selector=turvar:0:Tidak ada|turtahun:0:Tahun; source universe=Employed population meeting the BPS underemployment definition; transform=identity; current-boundary panel begins 2024 to avoid silent pre-DOB Papua harmonization
m5obs_e97c52de21dfbe1e4bc31dd1,unemployment_rate,idn.34,DI Yogyakarta,34,2024,Agustus,3.48,percent,observed,m5_unemployment_august,m5prov_577c6c6aac737a31ac29f70b,bps_current_38_province_2024plus,sakernas_unemployment_august_current38,,BPS national domain 0000; source vertical=38 Provinsi; source selector=turvar:0:Tidak ada|turtahun:190:Agustus; source universe=Labor force under the official Sakernas open-unemployment definition; transform=identity; current-boundary panel begins 2024 to avoid silent pre-DOB Papua harmonization
m5obs_cf1e650b1e641afb6180d91c,gini_ratio,idn.35,Jawa Timur,35,2024,Maret,0.372,index,observed,m5_gini_march,m5prov_31575ab730cd1c8f44a59a31,bps_current_38_province_2024plus,susenas_gini_march_current38,,BPS national domain 0000; source vertical=38 Provinsi; source selector=turvar:191:Perkotaan+Perdesaan|turtahun:61:Semester 1 (Maret); source universe=Population represented by the Susenas expenditure-welfare aggregate; transform=identity; current-boundary panel begins 2024 to avoid silent pre-DOB Papua harmonization
m5obs_8ea60c088cbe7a74a5832c2c,neet_rate,idn.35,Jawa Timur,35,2024,source_annual_period,17.02,percent,observed,m5_neet_source_period,m5prov_5f44d02b5481880e37d26d54,bps_current_38_province_2024plus,sakernas_neet_15_24_current38,,BPS national domain 0000; source vertical=38 Provinsi; source selector=turvar:0:Tidak ada|turtahun:0:Tahun; source universe=People age 15 to 24 not in employment education or training under the BPS Sakernas definition; transform=identity; current-boundary panel begins 2024 to avoid silent pre-DOB Papua harmonization
m5obs_d22975c75fd0fc5ffccf7ba2,poverty_rate,idn.35,Jawa Timur,35,2024,Maret,9.79,percent,observed,m5_poverty_march,m5prov_03abc8d1b5e9677c16c7cf31,bps_current_38_province_2024plus,susenas_poverty_march_current38,,BPS national domain 0000; source vertical=38 Provinsi; source selector=turvar:434:Jumlah|turtahun:61:Semester 1 (Maret); source universe=Population under the official BPS poverty-line methodology; transform=identity; current-boundary panel begins 2024 to avoid silent pre-DOB Papua harmonization
m5obs_e47e3bae19864ec66e0b01c0,real_grdp_per_capita,idn.35,Jawa Timur,35,2024,Tahun,46.29519,million_rupiah_per_person_constant_2010,derived,m5_real_grdp_pc_adhk2010,m5prov_de3818b738ca6c01659133dd,bps_current_38_province_2024plus,bps_grdp_per_capita_series2010_adhk,constant_2010_prices,BPS national domain 0000; source vertical=38 Provinsi; source selector=turvar:531:Harga Konstan 2010|turtahun:0:Tahun; source universe=Resident population denominator embedded in the official BPS per-capita statistic; transform=divide_1000; current-boundary panel begins 2024 to avoid silent pre-DOB Papua harmonization
m5obs_ef1dd7e1772199fa0aa69b34,underemployment_rate,idn.35,Jawa Timur,35,2024,source_annual_period,7.06,percent,observed,m5_underemployment_source_period,m5prov_5d566b55a746582520c84604,bps_current_38_province_2024plus,sakernas_underemployment_source_period_current38,,BPS national domain 0000; source vertical=38 Provinsi; source selector=turvar:0:Tidak ada|turtahun:0:Tahun; source universe=Employed population meeting the BPS underemployment definition; transform=identity; current-boundary panel begins 2024 to avoid silent pre-DOB Papua harmonization
m5obs_fe23fb2686ad156565170899,unemployment_rate,idn.35,Jawa Timur,35,2024,Agustus,4.19,percent,observed,m5_unemployment_august,m5prov_577c6c6aac737a31ac29f70b,bps_current_38_province_2024plus,sakernas_unemployment_august_current38,,BPS national domain 0000; source vertical=38 Provinsi; source selector=turvar:0:Tidak ada|turtahun:190:Agustus; source universe=Labor force under the official Sakernas open-unemployment definition; transform=identity; current-boundary panel begins 2024 to avoid silent pre-DOB Papua harmonization
m5obs_39c3da69d83929650fb1a004,gini_ratio,idn.36,Banten,36,2024,Maret,0.353,index,observed,m5_gini_march,m5prov_31575ab730cd1c8f44a59a31,bps_current_38_province_2024plus,susenas_gini_march_current38,,BPS national domain 0000; source vertical=38 Provinsi; source selector=turvar:191:Perkotaan+Perdesaan|turtahun:61:Semester 1 (Maret); source universe=Population represented by the Susenas expenditure-welfare aggregate; transform=identity; current-boundary panel begins 2024 to avoid silent pre-DOB Papua harmonization
m5obs_bf73e798e23b78fc8bbebc1d,neet_rate,idn.36,Banten,36,2024,source_annual_period,23.79,percent,observed,m5_neet_source_period,m5prov_5f44d02b5481880e37d26d54,bps_current_38_province_2024plus,sakernas_neet_15_24_current38,,BPS national domain 0000; source vertical=38 Provinsi; source selector=turvar:0:Tidak ada|turtahun:0:Tahun; source universe=People age 15 to 24 not in employment education or training under the BPS Sakernas definition; transform=identity; current-boundary panel begins 2024 to avoid silent pre-DOB Papua harmonization
m5obs_568f2df00f6d0912a7887df4,poverty_rate,idn.36,Banten,36,2024,Maret,5.84,percent,observed,m5_poverty_march,m5prov_03abc8d1b5e9677c16c7cf31,bps_current_38_province_2024plus,susenas_poverty_march_current38,,BPS national domain 0000; source vertical=38 Provinsi; source selector=turvar:434:Jumlah|turtahun:61:Semester 1 (Maret); source universe=Population under the official BPS poverty-line methodology; transform=identity; current-boundary panel begins 2024 to avoid silent pre-DOB Papua harmonization
m5obs_f588a1496160ac87c2c1d0f7,real_grdp_per_capita,idn.36,Banten,36,2024,Tahun,42.77359,million_rupiah_per_person_constant_2010,derived,m5_real_grdp_pc_adhk2010,m5prov_de3818b738ca6c01659133dd,bps_current_38_province_2024plus,bps_grdp_per_capita_series2010_adhk,constant_2010_prices,BPS national domain 0000; source vertical=38 Provinsi; source selector=turvar:531:Harga Konstan 2010|turtahun:0:Tahun; source universe=Resident population denominator embedded in the official BPS per-capita statistic; transform=divide_1000; current-boundary panel begins 2024 to avoid silent pre-DOB Papua harmonization
m5obs_30b55069d4822c84bf9a703d,underemployment_rate,idn.36,Banten,36,2024,source_annual_period,6.77,percent,observed,m5_underemployment_source_period,m5prov_5d566b55a746582520c84604,bps_current_38_province_2024plus,sakernas_underemployment_source_period_current38,,BPS national domain 0000; source vertical=38 Provinsi; source selector=turvar:0:Tidak ada|turtahun:0:Tahun; source universe=Employed population meeting the BPS underemployment definition; transform=identity; current-boundary panel begins 2024 to avoid silent pre-DOB Papua harmonization
m5obs_be94538d1e13bda17c4255f1,unemployment_rate,idn.36,Banten,36,2024,Agustus,6.68,percent,observed,m5_unemployment_august,m5prov_577c6c6aac737a31ac29f70b,bps_current_38_province_2024plus,sakernas_unemployment_august_current38,,BPS national domain 0000; source vertical=38 Provinsi; source selector=turvar:0:Tidak ada|turtahun:190:Agustus; source universe=Labor force under the official Sakernas open-unemployment definition; transform=identity; current-boundary panel begins 2024 to avoid silent pre-DOB Papua harmonization
m5obs_62339842c29b9cf5f9811742,gini_ratio,idn.51,Bali,51,2024,Maret,0.361,index,observed,m5_gini_march,m5prov_31575ab730cd1c8f44a59a31,bps_current_38_province_2024plus,susenas_gini_march_current38,,BPS national domain 0000; source vertical=38 Provinsi; source selector=turvar:191:Perkotaan+Perdesaan|turtahun:61:Semester 1 (Maret); source universe=Population represented by the Susenas expenditure-welfare aggregate; transform=identity; current-boundary panel begins 2024 to avoid silent pre-DOB Papua harmonization
m5obs_ff0701f2c1b95c163940434a,neet_rate,idn.51,Bali,51,2024,source_annual_period,7.26,percent,observed,m5_neet_source_period,m5prov_5f44d02b5481880e37d26d54,bps_current_38_province_2024plus,sakernas_neet_15_24_current38,,BPS national domain 0000; source vertical=38 Provinsi; source selector=turvar:0:Tidak ada|turtahun:0:Tahun; source universe=People age 15 to 24 not in employment education or training under the BPS Sakernas definition; transform=identity; current-boundary panel begins 2024 to avoid silent pre-DOB Papua harmonization
m5obs_5d387eabdf1c73fca4fdab1d,poverty_rate,idn.51,Bali,51,2024,Maret,4,percent,observed,m5_poverty_march,m5prov_03abc8d1b5e9677c16c7cf31,bps_current_38_province_2024plus,susenas_poverty_march_current38,,BPS national domain 0000; source vertical=38 Provinsi; source selector=turvar:434:Jumlah|turtahun:61:Semester 1 (Maret); source universe=Population under the official BPS poverty-line methodology; transform=identity; current-boundary panel begins 2024 to avoid silent pre-DOB Papua harmonization
m5obs_27cc7d68e13a5b87362dab9f,real_grdp_per_capita,idn.51,Bali,51,2024,Tahun,37.94016,million_rupiah_per_person_constant_2010,derived,m5_real_grdp_pc_adhk2010,m5prov_de3818b738ca6c01659133dd,bps_current_38_province_2024plus,bps_grdp_per_capita_series2010_adhk,constant_2010_prices,BPS national domain 0000; source vertical=38 Provinsi; source selector=turvar:531:Harga Konstan 2010|turtahun:0:Tahun; source universe=Resident population denominator embedded in the official BPS per-capita statistic; transform=divide_1000; current-boundary panel begins 2024 to avoid silent pre-DOB Papua harmonization
m5obs_12447772625f2aba7c4da315,underemployment_rate,idn.51,Bali,51,2024,source_annual_period,2.35,percent,observed,m5_underemployment_source_period,m5prov_5d566b55a746582520c84604,bps_current_38_province_2024plus,sakernas_underemployment_source_period_current38,,BPS national domain 0000; source vertical=38 Provinsi; source selector=turvar:0:Tidak ada|turtahun:0:Tahun; source universe=Employed population meeting the BPS underemployment definition; transform=identity; current-boundary panel begins 2024 to avoid silent pre-DOB Papua harmonization
m5obs_44d4668461efd4d02582fba5,unemployment_rate,idn.51,Bali,51,2024,Agustus,1.79,percent,observed,m5_unemployment_august,m5prov_577c6c6aac737a31ac29f70b,bps_current_38_province_2024plus,sakernas_unemployment_august_current38,,BPS national domain 0000; source vertical=38 Provinsi; source selector=turvar:0:Tidak ada|turtahun:190:Agustus; source universe=Labor force under the official Sakernas open-unemployment definition; transform=identity; current-boundary panel begins 2024 to avoid silent pre-DOB Papua harmonization
m5obs_326e7f64bf908f6db8042988,gini_ratio,idn.52,Nusa Tenggara Barat,52,2024,Maret,0.361,index,observed,m5_gini_march,m5prov_31575ab730cd1c8f44a59a31,bps_current_38_province_2024plus,susenas_gini_march_current38,,BPS national domain 0000; source vertical=38 Provinsi; source selector=turvar:191:Perkotaan+Perdesaan|turtahun:61:Semester 1 (Maret); source universe=Population represented by the Susenas expenditure-welfare aggregate; transform=identity; current-boundary panel begins 2024 to avoid silent pre-DOB Papua harmonization
m5obs_97122fb2de58b4cb7d05a415,neet_rate,idn.52,Nusa Tenggara Barat,52,2024,source_annual_period,15.44,percent,observed,m5_neet_source_period,m5prov_5f44d02b5481880e37d26d54,bps_current_38_province_2024plus,sakernas_neet_15_24_current38,,BPS national domain 0000; source vertical=38 Provinsi; source selector=turvar:0:Tidak ada|turtahun:0:Tahun; source universe=People age 15 to 24 not in employment education or training under the BPS Sakernas definition; transform=identity; current-boundary panel begins 2024 to avoid silent pre-DOB Papua harmonization
m5obs_0b8f80f6f4fd27005691065f,poverty_rate,idn.52,Nusa Tenggara Barat,52,2024,Maret,12.91,percent,observed,m5_poverty_march,m5prov_03abc8d1b5e9677c16c7cf31,bps_current_38_province_2024plus,susenas_poverty_march_current38,,BPS national domain 0000; source vertical=38 Provinsi; source selector=turvar:434:Jumlah|turtahun:61:Semester 1 (Maret); source universe=Population under the official BPS poverty-line methodology; transform=identity; current-boundary panel begins 2024 to avoid silent pre-DOB Papua harmonization
m5obs_3888ef8e75ee9a08ac911b0d,real_grdp_per_capita,idn.52,Nusa Tenggara Barat,52,2024,Tahun,19.3792,million_rupiah_per_person_constant_2010,derived,m5_real_grdp_pc_adhk2010,m5prov_de3818b738ca6c01659133dd,bps_current_38_province_2024plus,bps_grdp_per_capita_series2010_adhk,constant_2010_prices,BPS national domain 0000; source vertical=38 Provinsi; source selector=turvar:531:Harga Konstan 2010|turtahun:0:Tahun; source universe=Resident population denominator embedded in the official BPS per-capita statistic; transform=divide_1000; current-boundary panel begins 2024 to avoid silent pre-DOB Papua harmonization
m5obs_6ca7a20545ea932e55337ed3,underemployment_rate,idn.52,Nusa Tenggara Barat,52,2024,source_annual_period,15.23,percent,observed,m5_underemployment_source_period,m5prov_5d566b55a746582520c84604,bps_current_38_province_2024plus,sakernas_underemployment_source_period_current38,,BPS national domain 0000; source vertical=38 Provinsi; source selector=turvar:0:Tidak ada|turtahun:0:Tahun; source universe=Employed population meeting the BPS underemployment definition; transform=identity; current-boundary panel begins 2024 to avoid silent pre-DOB Papua harmonization
m5obs_88e9007534fdab2e8e9d5034,unemployment_rate,idn.52,Nusa Tenggara Barat,52,2024,Agustus,2.73,percent,observed,m5_unemployment_august,m5prov_577c6c6aac737a31ac29f70b,bps_current_38_province_2024plus,sakernas_unemployment_august_current38,,BPS national domain 0000; source vertical=38 Provinsi; source selector=turvar:0:Tidak ada|turtahun:190:Agustus; source universe=Labor force under the official Sakernas open-unemployment definition; transform=identity; current-boundary panel begins 2024 to avoid silent pre-DOB Papua harmonization
m5obs_32ffb0c6e9652b3dbc98d693,gini_ratio,idn.53,Nusa Tenggara Timur,53,2024,Maret,0.316,index,observed,m5_gini_march,m5prov_31575ab730cd1c8f44a59a31,bps_current_38_province_2024plus,susenas_gini_march_current38,,BPS national domain 0000; source vertical=38 Provinsi; source selector=turvar:191:Perkotaan+Perdesaan|turtahun:61:Semester 1 (Maret); source universe=Population represented by the Susenas expenditure-welfare aggregate; transform=identity; current-boundary panel begins 2024 to avoid silent pre-DOB Papua harmonization
m5obs_a21fa31007c84b74a8266ad0,neet_rate,idn.53,Nusa Tenggara Timur,53,2024,source_annual_period,17.02,percent,observed,m5_neet_source_period,m5prov_5f44d02b5481880e37d26d54,bps_current_38_province_2024plus,sakernas_neet_15_24_current38,,BPS national domain 0000; source vertical=38 Provinsi; source selector=turvar:0:Tidak ada|turtahun:0:Tahun; source universe=People age 15 to 24 not in employment education or training under the BPS Sakernas definition; transform=identity; current-boundary panel begins 2024 to avoid silent pre-DOB Papua harmonization
m5obs_25bb465e74abd7e972381940,poverty_rate,idn.53,Nusa Tenggara Timur,53,2024,Maret,19.48,percent,observed,m5_poverty_march,m5prov_03abc8d1b5e9677c16c7cf31,bps_current_38_province_2024plus,susenas_poverty_march_current38,,BPS national domain 0000; source vertical=38 Provinsi; source selector=turvar:434:Jumlah|turtahun:61:Semester 1 (Maret); source universe=Population under the official BPS poverty-line methodology; transform=identity; current-boundary panel begins 2024 to avoid silent pre-DOB Papua harmonization
m5obs_78e92c1f679a3faa0b23e43e,real_grdp_per_capita,idn.53,Nusa Tenggara Timur,53,2024,Tahun,13.81914,million_rupiah_per_person_constant_2010,derived,m5_real_grdp_pc_adhk2010,m5prov_de3818b738ca6c01659133dd,bps_current_38_province_2024plus,bps_grdp_per_capita_series2010_adhk,constant_2010_prices,BPS national domain 0000; source vertical=38 Provinsi; source selector=turvar:531:Harga Konstan 2010|turtahun:0:Tahun; source universe=Resident population denominator embedded in the official BPS per-capita statistic; transform=divide_1000; current-boundary panel begins 2024 to avoid silent pre-DOB Papua harmonization
m5obs_406894584e41ef1f615beff8,underemployment_rate,idn.53,Nusa Tenggara Timur,53,2024,source_annual_period,14.9,percent,observed,m5_underemployment_source_period,m5prov_5d566b55a746582520c84604,bps_current_38_province_2024plus,sakernas_underemployment_source_period_current38,,BPS national domain 0000; source vertical=38 Provinsi; source selector=turvar:0:Tidak ada|turtahun:0:Tahun; source universe=Employed population meeting the BPS underemployment definition; transform=identity; current-boundary panel begins 2024 to avoid silent pre-DOB Papua harmonization
m5obs_9126a9a4d7abe20c08cbe9d0,unemployment_rate,idn.53,Nusa Tenggara Timur,53,2024,Agustus,3.02,percent,observed,m5_unemployment_august,m5prov_577c6c6aac737a31ac29f70b,bps_current_38_province_2024plus,sakernas_unemployment_august_current38,,BPS national domain 0000; source vertical=38 Provinsi; source selector=turvar:0:Tidak ada|turtahun:190:Agustus; source universe=Labor force under the official Sakernas open-unemployment definition; transform=identity; current-boundary panel begins 2024 to avoid silent pre-DOB Papua harmonization
m5obs_d80c286146146b54cc1b39b8,gini_ratio,idn.61,Kalimantan Barat,61,2024,Maret,0.31,index,observed,m5_gini_march,m5prov_31575ab730cd1c8f44a59a31,bps_current_38_province_2024plus,susenas_gini_march_current38,,BPS national domain 0000; source vertical=38 Provinsi; source selector=turvar:191:Perkotaan+Perdesaan|turtahun:61:Semester 1 (Maret); source universe=Population represented by the Susenas expenditure-welfare aggregate; transform=identity; current-boundary panel begins 2024 to avoid silent pre-DOB Papua harmonization
m5obs_ada746280e4facea6dc13d3c,neet_rate,idn.61,Kalimantan Barat,61,2024,source_annual_period,21.22,percent,observed,m5_neet_source_period,m5prov_5f44d02b5481880e37d26d54,bps_current_38_province_2024plus,sakernas_neet_15_24_current38,,BPS national domain 0000; source vertical=38 Provinsi; source selector=turvar:0:Tidak ada|turtahun:0:Tahun; source universe=People age 15 to 24 not in employment education or training under the BPS Sakernas definition; transform=identity; current-boundary panel begins 2024 to avoid silent pre-DOB Papua harmonization
m5obs_35bb0b0863c88b0b1f98b8de,poverty_rate,idn.61,Kalimantan Barat,61,2024,Maret,6.32,percent,observed,m5_poverty_march,m5prov_03abc8d1b5e9677c16c7cf31,bps_current_38_province_2024plus,susenas_poverty_march_current38,,BPS national domain 0000; source vertical=38 Provinsi; source selector=turvar:434:Jumlah|turtahun:61:Semester 1 (Maret); source universe=Population under the official BPS poverty-line methodology; transform=identity; current-boundary panel begins 2024 to avoid silent pre-DOB Papua harmonization
m5obs_1e273f04b8370e92d76260bd,real_grdp_per_capita,idn.61,Kalimantan Barat,61,2024,Tahun,28.5445,million_rupiah_per_person_constant_2010,derived,m5_real_grdp_pc_adhk2010,m5prov_de3818b738ca6c01659133dd,bps_current_38_province_2024plus,bps_grdp_per_capita_series2010_adhk,constant_2010_prices,BPS national domain 0000; source vertical=38 Provinsi; source selector=turvar:531:Harga Konstan 2010|turtahun:0:Tahun; source universe=Resident population denominator embedded in the official BPS per-capita statistic; transform=divide_1000; current-boundary panel begins 2024 to avoid silent pre-DOB Papua harmonization
m5obs_12488d14fd2c12aa8e79bf84,underemployment_rate,idn.61,Kalimantan Barat,61,2024,source_annual_period,8.25,percent,observed,m5_underemployment_source_period,m5prov_5d566b55a746582520c84604,bps_current_38_province_2024plus,sakernas_underemployment_source_period_current38,,BPS national domain 0000; source vertical=38 Provinsi; source selector=turvar:0:Tidak ada|turtahun:0:Tahun; source universe=Employed population meeting the BPS underemployment definition; transform=identity; current-boundary panel begins 2024 to avoid silent pre-DOB Papua harmonization
m5obs_fb78e2db374b500aee80dc39,unemployment_rate,idn.61,Kalimantan Barat,61,2024,Agustus,4.86,percent,observed,m5_unemployment_august,m5prov_577c6c6aac737a31ac29f70b,bps_current_38_province_2024plus,sakernas_unemployment_august_current38,,BPS national domain 0000; source vertical=38 Provinsi; source selector=turvar:0:Tidak ada|turtahun:190:Agustus; source universe=Labor force under the official Sakernas open-unemployment definition; transform=identity; current-boundary panel begins 2024 to avoid silent pre-DOB Papua harmonization
m5obs_fef353a11a6461736f945aad,gini_ratio,idn.62,Kalimantan Tengah,62,2024,Maret,0.301,index,observed,m5_gini_march,m5prov_31575ab730cd1c8f44a59a31,bps_current_38_province_2024plus,susenas_gini_march_current38,,BPS national domain 0000; source vertical=38 Provinsi; source selector=turvar:191:Perkotaan+Perdesaan|turtahun:61:Semester 1 (Maret); source universe=Population represented by the Susenas expenditure-welfare aggregate; transform=identity; current-boundary panel begins 2024 to avoid silent pre-DOB Papua harmonization
m5obs_253831938fae6b6e91704f3e,neet_rate,idn.62,Kalimantan Tengah,62,2024,source_annual_period,21.78,percent,observed,m5_neet_source_period,m5prov_5f44d02b5481880e37d26d54,bps_current_38_province_2024plus,sakernas_neet_15_24_current38,,BPS national domain 0000; source vertical=38 Provinsi; source selector=turvar:0:Tidak ada|turtahun:0:Tahun; source universe=People age 15 to 24 not in employment education or training under the BPS Sakernas definition; transform=identity; current-boundary panel begins 2024 to avoid silent pre-DOB Papua harmonization
m5obs_fe3c286e83e0714f59e78d00,poverty_rate,idn.62,Kalimantan Tengah,62,2024,Maret,5.17,percent,observed,m5_poverty_march,m5prov_03abc8d1b5e9677c16c7cf31,bps_current_38_province_2024plus,susenas_poverty_march_current38,,BPS national domain 0000; source vertical=38 Provinsi; source selector=turvar:434:Jumlah|turtahun:61:Semester 1 (Maret); source universe=Population under the official BPS poverty-line methodology; transform=identity; current-boundary panel begins 2024 to avoid silent pre-DOB Papua harmonization
m5obs_133b6075c70bda894e958d45,real_grdp_per_capita,idn.62,Kalimantan Tengah,62,2024,Tahun,42.24024,million_rupiah_per_person_constant_2010,derived,m5_real_grdp_pc_adhk2010,m5prov_de3818b738ca6c01659133dd,bps_current_38_province_2024plus,bps_grdp_per_capita_series2010_adhk,constant_2010_prices,BPS national domain 0000; source vertical=38 Provinsi; source selector=turvar:531:Harga Konstan 2010|turtahun:0:Tahun; source universe=Resident population denominator embedded in the official BPS per-capita statistic; transform=divide_1000; current-boundary panel begins 2024 to avoid silent pre-DOB Papua harmonization
m5obs_e0b5aec9d8110a9159da12be,underemployment_rate,idn.62,Kalimantan Tengah,62,2024,source_annual_period,5.89,percent,observed,m5_underemployment_source_period,m5prov_5d566b55a746582520c84604,bps_current_38_province_2024plus,sakernas_underemployment_source_period_current38,,BPS national domain 0000; source vertical=38 Provinsi; source selector=turvar:0:Tidak ada|turtahun:0:Tahun; source universe=Employed population meeting the BPS underemployment definition; transform=identity; current-boundary panel begins 2024 to avoid silent pre-DOB Papua harmonization
m5obs_e8d9be62f820e31bbdef35e1,unemployment_rate,idn.62,Kalimantan Tengah,62,2024,Agustus,4.01,percent,observed,m5_unemployment_august,m5prov_577c6c6aac737a31ac29f70b,bps_current_38_province_2024plus,sakernas_unemployment_august_current38,,BPS national domain 0000; source vertical=38 Provinsi; source selector=turvar:0:Tidak ada|turtahun:190:Agustus; source universe=Labor force under the official Sakernas open-unemployment definition; transform=identity; current-boundary panel begins 2024 to avoid silent pre-DOB Papua harmonization
m5obs_611b93a5076b442809563236,gini_ratio,idn.63,Kalimantan Selatan,63,2024,Maret,0.302,index,observed,m5_gini_march,m5prov_31575ab730cd1c8f44a59a31,bps_current_38_province_2024plus,susenas_gini_march_current38,,BPS national domain 0000; source vertical=38 Provinsi; source selector=turvar:191:Perkotaan+Perdesaan|turtahun:61:Semester 1 (Maret); source universe=Population represented by the Susenas expenditure-welfare aggregate; transform=identity; current-boundary panel begins 2024 to avoid silent pre-DOB Papua harmonization
m5obs_77fa2c1fd78a18221098ff70,neet_rate,idn.63,Kalimantan Selatan,63,2024,source_annual_period,18.69,percent,observed,m5_neet_source_period,m5prov_5f44d02b5481880e37d26d54,bps_current_38_province_2024plus,sakernas_neet_15_24_current38,,BPS national domain 0000; source vertical=38 Provinsi; source selector=turvar:0:Tidak ada|turtahun:0:Tahun; source universe=People age 15 to 24 not in employment education or training under the BPS Sakernas definition; transform=identity; current-boundary panel begins 2024 to avoid silent pre-DOB Papua harmonization
m5obs_8a87e90c37633bb1c1829172,poverty_rate,idn.63,Kalimantan Selatan,63,2024,Maret,4.11,percent,observed,m5_poverty_march,m5prov_03abc8d1b5e9677c16c7cf31,bps_current_38_province_2024plus,susenas_poverty_march_current38,,BPS national domain 0000; source vertical=38 Provinsi; source selector=turvar:434:Jumlah|turtahun:61:Semester 1 (Maret); source universe=Population under the official BPS poverty-line methodology; transform=identity; current-boundary panel begins 2024 to avoid silent pre-DOB Papua harmonization
m5obs_e5c78f78deedda95d578c72c,real_grdp_per_capita,idn.63,Kalimantan Selatan,63,2024,Tahun,36.68506,million_rupiah_per_person_constant_2010,derived,m5_real_grdp_pc_adhk2010,m5prov_de3818b738ca6c01659133dd,bps_current_38_province_2024plus,bps_grdp_per_capita_series2010_adhk,constant_2010_prices,BPS national domain 0000; source vertical=38 Provinsi; source selector=turvar:531:Harga Konstan 2010|turtahun:0:Tahun; source universe=Resident population denominator embedded in the official BPS per-capita statistic; transform=divide_1000; current-boundary panel begins 2024 to avoid silent pre-DOB Papua harmonization
m5obs_38abeabe295014a430a83f16,underemployment_rate,idn.63,Kalimantan Selatan,63,2024,source_annual_period,7.61,percent,observed,m5_underemployment_source_period,m5prov_5d566b55a746582520c84604,bps_current_38_province_2024plus,sakernas_underemployment_source_period_current38,,BPS national domain 0000; source vertical=38 Provinsi; source selector=turvar:0:Tidak ada|turtahun:0:Tahun; source universe=Employed population meeting the BPS underemployment definition; transform=identity; current-boundary panel begins 2024 to avoid silent pre-DOB Papua harmonization
m5obs_fabd99b9b64c017e0e268419,unemployment_rate,idn.63,Kalimantan Selatan,63,2024,Agustus,4.2,percent,observed,m5_unemployment_august,m5prov_577c6c6aac737a31ac29f70b,bps_current_38_province_2024plus,sakernas_unemployment_august_current38,,BPS national domain 0000; source vertical=38 Provinsi; source selector=turvar:0:Tidak ada|turtahun:190:Agustus; source universe=Labor force under the official Sakernas open-unemployment definition; transform=identity; current-boundary panel begins 2024 to avoid silent pre-DOB Papua harmonization
m5obs_0973762e24f339ec8aa2120a,gini_ratio,idn.64,Kalimantan Timur,64,2024,Maret,0.321,index,observed,m5_gini_march,m5prov_31575ab730cd1c8f44a59a31,bps_current_38_province_2024plus,susenas_gini_march_current38,,BPS national domain 0000; source vertical=38 Provinsi; source selector=turvar:191:Perkotaan+Perdesaan|turtahun:61:Semester 1 (Maret); source universe=Population represented by the Susenas expenditure-welfare aggregate; transform=identity; current-boundary panel begins 2024 to avoid silent pre-DOB Papua harmonization
m5obs_0282ba63fb2fe0d598369e42,neet_rate,idn.64,Kalimantan Timur,64,2024,source_annual_period,19.35,percent,observed,m5_neet_source_period,m5prov_5f44d02b5481880e37d26d54,bps_current_38_province_2024plus,sakernas_neet_15_24_current38,,BPS national domain 0000; source vertical=38 Provinsi; source selector=turvar:0:Tidak ada|turtahun:0:Tahun; source universe=People age 15 to 24 not in employment education or training under the BPS Sakernas definition; transform=identity; current-boundary panel begins 2024 to avoid silent pre-DOB Papua harmonization
m5obs_6fddde34acd4961878431300,poverty_rate,idn.64,Kalimantan Timur,64,2024,Maret,5.78,percent,observed,m5_poverty_march,m5prov_03abc8d1b5e9677c16c7cf31,bps_current_38_province_2024plus,susenas_poverty_march_current38,,BPS national domain 0000; source vertical=38 Provinsi; source selector=turvar:434:Jumlah|turtahun:61:Semester 1 (Maret); source universe=Population under the official BPS poverty-line methodology; transform=identity; current-boundary panel begins 2024 to avoid silent pre-DOB Papua harmonization
m5obs_d089646f878feeadd8e171b9,real_grdp_per_capita,idn.64,Kalimantan Timur,64,2024,Tahun,141.08849,million_rupiah_per_person_constant_2010,derived,m5_real_grdp_pc_adhk2010,m5prov_de3818b738ca6c01659133dd,bps_current_38_province_2024plus,bps_grdp_per_capita_series2010_adhk,constant_2010_prices,BPS national domain 0000; source vertical=38 Provinsi; source selector=turvar:531:Harga Konstan 2010|turtahun:0:Tahun; source universe=Resident population denominator embedded in the official BPS per-capita statistic; transform=divide_1000; current-boundary panel begins 2024 to avoid silent pre-DOB Papua harmonization
m5obs_f4f656eb426e2d106a3d71fd,underemployment_rate,idn.64,Kalimantan Timur,64,2024,source_annual_period,4.61,percent,observed,m5_underemployment_source_period,m5prov_5d566b55a746582520c84604,bps_current_38_province_2024plus,sakernas_underemployment_source_period_current38,,BPS national domain 0000; source vertical=38 Provinsi; source selector=turvar:0:Tidak ada|turtahun:0:Tahun; source universe=Employed population meeting the BPS underemployment definition; transform=identity; current-boundary panel begins 2024 to avoid silent pre-DOB Papua harmonization
m5obs_c58eee23c4bda12787f4caa4,unemployment_rate,idn.64,Kalimantan Timur,64,2024,Agustus,5.14,percent,observed,m5_unemployment_august,m5prov_577c6c6aac737a31ac29f70b,bps_current_38_province_2024plus,sakernas_unemployment_august_current38,,BPS national domain 0000; source vertical=38 Provinsi; source selector=turvar:0:Tidak ada|turtahun:190:Agustus; source universe=Labor force under the official Sakernas open-unemployment definition; transform=identity; current-boundary panel begins 2024 to avoid silent pre-DOB Papua harmonization
m5obs_eb67e59fb54a80efef6317a7,gini_ratio,idn.65,Kalimantan Utara,65,2024,Maret,0.264,index,observed,m5_gini_march,m5prov_31575ab730cd1c8f44a59a31,bps_current_38_province_2024plus,susenas_gini_march_current38,,BPS national domain 0000; source vertical=38 Provinsi; source selector=turvar:191:Perkotaan+Perdesaan|turtahun:61:Semester 1 (Maret); source universe=Population represented by the Susenas expenditure-welfare aggregate; transform=identity; current-boundary panel begins 2024 to avoid silent pre-DOB Papua harmonization
m5obs_0ddfb1e9054c6ba2f0c940dc,neet_rate,idn.65,Kalimantan Utara,65,2024,source_annual_period,16.87,percent,observed,m5_neet_source_period,m5prov_5f44d02b5481880e37d26d54,bps_current_38_province_2024plus,sakernas_neet_15_24_current38,,BPS national domain 0000; source vertical=38 Provinsi; source selector=turvar:0:Tidak ada|turtahun:0:Tahun; source universe=People age 15 to 24 not in employment education or training under the BPS Sakernas definition; transform=identity; current-boundary panel begins 2024 to avoid silent pre-DOB Papua harmonization
m5obs_22d9d0f7e9b05e875f5cb7ea,poverty_rate,idn.65,Kalimantan Utara,65,2024,Maret,6.32,percent,observed,m5_poverty_march,m5prov_03abc8d1b5e9677c16c7cf31,bps_current_38_province_2024plus,susenas_poverty_march_current38,,BPS national domain 0000; source vertical=38 Provinsi; source selector=turvar:434:Jumlah|turtahun:61:Semester 1 (Maret); source universe=Population under the official BPS poverty-line methodology; transform=identity; current-boundary panel begins 2024 to avoid silent pre-DOB Papua harmonization
m5obs_ca5be025599700bb44a47930,real_grdp_per_capita,idn.65,Kalimantan Utara,65,2024,Tahun,98.85994,million_rupiah_per_person_constant_2010,derived,m5_real_grdp_pc_adhk2010,m5prov_de3818b738ca6c01659133dd,bps_current_38_province_2024plus,bps_grdp_per_capita_series2010_adhk,constant_2010_prices,BPS national domain 0000; source vertical=38 Provinsi; source selector=turvar:531:Harga Konstan 2010|turtahun:0:Tahun; source universe=Resident population denominator embedded in the official BPS per-capita statistic; transform=divide_1000; current-boundary panel begins 2024 to avoid silent pre-DOB Papua harmonization
m5obs_ad7ba230e5d4f7c474cab9e8,underemployment_rate,idn.65,Kalimantan Utara,65,2024,source_annual_period,6.73,percent,observed,m5_underemployment_source_period,m5prov_5d566b55a746582520c84604,bps_current_38_province_2024plus,sakernas_underemployment_source_period_current38,,BPS national domain 0000; source vertical=38 Provinsi; source selector=turvar:0:Tidak ada|turtahun:0:Tahun; source universe=Employed population meeting the BPS underemployment definition; transform=identity; current-boundary panel begins 2024 to avoid silent pre-DOB Papua harmonization
m5obs_3c1ee86118aa8b8ed818ec7f,unemployment_rate,idn.65,Kalimantan Utara,65,2024,Agustus,3.9,percent,observed,m5_unemployment_august,m5prov_577c6c6aac737a31ac29f70b,bps_current_38_province_2024plus,sakernas_unemployment_august_current38,,BPS national domain 0000; source vertical=38 Provinsi; source selector=turvar:0:Tidak ada|turtahun:190:Agustus; source universe=Labor force under the official Sakernas open-unemployment definition; transform=identity; current-boundary panel begins 2024 to avoid silent pre-DOB Papua harmonization
m5obs_6977cb0432ab0569110e198a,gini_ratio,idn.71,Sulawesi Utara,71,2024,Maret,0.36,index,observed,m5_gini_march,m5prov_31575ab730cd1c8f44a59a31,bps_current_38_province_2024plus,susenas_gini_march_current38,,BPS national domain 0000; source vertical=38 Provinsi; source selector=turvar:191:Perkotaan+Perdesaan|turtahun:61:Semester 1 (Maret); source universe=Population represented by the Susenas expenditure-welfare aggregate; transform=identity; current-boundary panel begins 2024 to avoid silent pre-DOB Papua harmonization
m5obs_92a5f5155daa35c98bc19be3,neet_rate,idn.71,Sulawesi Utara,71,2024,source_annual_period,28.33,percent,observed,m5_neet_source_period,m5prov_5f44d02b5481880e37d26d54,bps_current_38_province_2024plus,sakernas_neet_15_24_current38,,BPS national domain 0000; source vertical=38 Provinsi; source selector=turvar:0:Tidak ada|turtahun:0:Tahun; source universe=People age 15 to 24 not in employment education or training under the BPS Sakernas definition; transform=identity; current-boundary panel begins 2024 to avoid silent pre-DOB Papua harmonization
m5obs_c642d4b63a2e92c03900af1b,poverty_rate,idn.71,Sulawesi Utara,71,2024,Maret,7.25,percent,observed,m5_poverty_march,m5prov_03abc8d1b5e9677c16c7cf31,bps_current_38_province_2024plus,susenas_poverty_march_current38,,BPS national domain 0000; source vertical=38 Provinsi; source selector=turvar:434:Jumlah|turtahun:61:Semester 1 (Maret); source universe=Population under the official BPS poverty-line methodology; transform=identity; current-boundary panel begins 2024 to avoid silent pre-DOB Papua harmonization
m5obs_3bcfcdac724d96b4fd3fc986,real_grdp_per_capita,idn.71,Sulawesi Utara,71,2024,Tahun,39.81639,million_rupiah_per_person_constant_2010,derived,m5_real_grdp_pc_adhk2010,m5prov_de3818b738ca6c01659133dd,bps_current_38_province_2024plus,bps_grdp_per_capita_series2010_adhk,constant_2010_prices,BPS national domain 0000; source vertical=38 Provinsi; source selector=turvar:531:Harga Konstan 2010|turtahun:0:Tahun; source universe=Resident population denominator embedded in the official BPS per-capita statistic; transform=divide_1000; current-boundary panel begins 2024 to avoid silent pre-DOB Papua harmonization
m5obs_dc7a0465145f8a2f1c51978b,underemployment_rate,idn.71,Sulawesi Utara,71,2024,source_annual_period,6.62,percent,observed,m5_underemployment_source_period,m5prov_5d566b55a746582520c84604,bps_current_38_province_2024plus,sakernas_underemployment_source_period_current38,,BPS national domain 0000; source vertical=38 Provinsi; source selector=turvar:0:Tidak ada|turtahun:0:Tahun; source universe=Employed population meeting the BPS underemployment definition; transform=identity; current-boundary panel begins 2024 to avoid silent pre-DOB Papua harmonization
m5obs_47e998ab01e633dc89fa0ba6,unemployment_rate,idn.71,Sulawesi Utara,71,2024,Agustus,5.85,percent,observed,m5_unemployment_august,m5prov_577c6c6aac737a31ac29f70b,bps_current_38_province_2024plus,sakernas_unemployment_august_current38,,BPS national domain 0000; source vertical=38 Provinsi; source selector=turvar:0:Tidak ada|turtahun:190:Agustus; source universe=Labor force under the official Sakernas open-unemployment definition; transform=identity; current-boundary panel begins 2024 to avoid silent pre-DOB Papua harmonization
m5obs_bc747476d21dd74d7ff677a4,gini_ratio,idn.72,Sulawesi Tengah,72,2024,Maret,0.301,index,observed,m5_gini_march,m5prov_31575ab730cd1c8f44a59a31,bps_current_38_province_2024plus,susenas_gini_march_current38,,BPS national domain 0000; source vertical=38 Provinsi; source selector=turvar:191:Perkotaan+Perdesaan|turtahun:61:Semester 1 (Maret); source universe=Population represented by the Susenas expenditure-welfare aggregate; transform=identity; current-boundary panel begins 2024 to avoid silent pre-DOB Papua harmonization
m5obs_800b0d6589f02dba2bc75774,neet_rate,idn.72,Sulawesi Tengah,72,2024,source_annual_period,20.67,percent,observed,m5_neet_source_period,m5prov_5f44d02b5481880e37d26d54,bps_current_38_province_2024plus,sakernas_neet_15_24_current38,,BPS national domain 0000; source vertical=38 Provinsi; source selector=turvar:0:Tidak ada|turtahun:0:Tahun; source universe=People age 15 to 24 not in employment education or training under the BPS Sakernas definition; transform=identity; current-boundary panel begins 2024 to avoid silent pre-DOB Papua harmonization
m5obs_cf723685d07576c5a63553f8,poverty_rate,idn.72,Sulawesi Tengah,72,2024,Maret,11.77,percent,observed,m5_poverty_march,m5prov_03abc8d1b5e9677c16c7cf31,bps_current_38_province_2024plus,susenas_poverty_march_current38,,BPS national domain 0000; source vertical=38 Provinsi; source selector=turvar:434:Jumlah|turtahun:61:Semester 1 (Maret); source universe=Population under the official BPS poverty-line methodology; transform=identity; current-boundary panel begins 2024 to avoid silent pre-DOB Papua harmonization
m5obs_ff1cb5cb4524d45e1296a6c8,real_grdp_per_capita,idn.72,Sulawesi Tengah,72,2024,Tahun,68.00075,million_rupiah_per_person_constant_2010,derived,m5_real_grdp_pc_adhk2010,m5prov_de3818b738ca6c01659133dd,bps_current_38_province_2024plus,bps_grdp_per_capita_series2010_adhk,constant_2010_prices,BPS national domain 0000; source vertical=38 Provinsi; source selector=turvar:531:Harga Konstan 2010|turtahun:0:Tahun; source universe=Resident population denominator embedded in the official BPS per-capita statistic; transform=divide_1000; current-boundary panel begins 2024 to avoid silent pre-DOB Papua harmonization
m5obs_e9b62e5c0851ea177be439ce,underemployment_rate,idn.72,Sulawesi Tengah,72,2024,source_annual_period,8.9,percent,observed,m5_underemployment_source_period,m5prov_5d566b55a746582520c84604,bps_current_38_province_2024plus,sakernas_underemployment_source_period_current38,,BPS national domain 0000; source vertical=38 Provinsi; source selector=turvar:0:Tidak ada|turtahun:0:Tahun; source universe=Employed population meeting the BPS underemployment definition; transform=identity; current-boundary panel begins 2024 to avoid silent pre-DOB Papua harmonization
m5obs_eb2cec904028db1ecc4a3fa0,unemployment_rate,idn.72,Sulawesi Tengah,72,2024,Agustus,2.94,percent,observed,m5_unemployment_august,m5prov_577c6c6aac737a31ac29f70b,bps_current_38_province_2024plus,sakernas_unemployment_august_current38,,BPS national domain 0000; source vertical=38 Provinsi; source selector=turvar:0:Tidak ada|turtahun:190:Agustus; source universe=Labor force under the official Sakernas open-unemployment definition; transform=identity; current-boundary panel begins 2024 to avoid silent pre-DOB Papua harmonization
m5obs_a4dc73141002655f757bb34a,gini_ratio,idn.73,Sulawesi Selatan,73,2024,Maret,0.363,index,observed,m5_gini_march,m5prov_31575ab730cd1c8f44a59a31,bps_current_38_province_2024plus,susenas_gini_march_current38,,BPS national domain 0000; source vertical=38 Provinsi; source selector=turvar:191:Perkotaan+Perdesaan|turtahun:61:Semester 1 (Maret); source universe=Population represented by the Susenas expenditure-welfare aggregate; transform=identity; current-boundary panel begins 2024 to avoid silent pre-DOB Papua harmonization
m5obs_f9d19efad1134bbd469fdb1b,neet_rate,idn.73,Sulawesi Selatan,73,2024,source_annual_period,21.65,percent,observed,m5_neet_source_period,m5prov_5f44d02b5481880e37d26d54,bps_current_38_province_2024plus,sakernas_neet_15_24_current38,,BPS national domain 0000; source vertical=38 Provinsi; source selector=turvar:0:Tidak ada|turtahun:0:Tahun; source universe=People age 15 to 24 not in employment education or training under the BPS Sakernas definition; transform=identity; current-boundary panel begins 2024 to avoid silent pre-DOB Papua harmonization
m5obs_9d09b0e46bdbd6dcd5ed83cd,poverty_rate,idn.73,Sulawesi Selatan,73,2024,Maret,8.06,percent,observed,m5_poverty_march,m5prov_03abc8d1b5e9677c16c7cf31,bps_current_38_province_2024plus,susenas_poverty_march_current38,,BPS national domain 0000; source vertical=38 Provinsi; source selector=turvar:434:Jumlah|turtahun:61:Semester 1 (Maret); source universe=Population under the official BPS poverty-line methodology; transform=identity; current-boundary panel begins 2024 to avoid silent pre-DOB Papua harmonization
m5obs_d596759b1f182858a17fb66c,real_grdp_per_capita,idn.73,Sulawesi Selatan,73,2024,Tahun,41.86047,million_rupiah_per_person_constant_2010,derived,m5_real_grdp_pc_adhk2010,m5prov_de3818b738ca6c01659133dd,bps_current_38_province_2024plus,bps_grdp_per_capita_series2010_adhk,constant_2010_prices,BPS national domain 0000; source vertical=38 Provinsi; source selector=turvar:531:Harga Konstan 2010|turtahun:0:Tahun; source universe=Resident population denominator embedded in the official BPS per-capita statistic; transform=divide_1000; current-boundary panel begins 2024 to avoid silent pre-DOB Papua harmonization
m5obs_a1ff9d5a54be18ced05282c4,underemployment_rate,idn.73,Sulawesi Selatan,73,2024,source_annual_period,7.93,percent,observed,m5_underemployment_source_period,m5prov_5d566b55a746582520c84604,bps_current_38_province_2024plus,sakernas_underemployment_source_period_current38,,BPS national domain 0000; source vertical=38 Provinsi; source selector=turvar:0:Tidak ada|turtahun:0:Tahun; source universe=Employed population meeting the BPS underemployment definition; transform=identity; current-boundary panel begins 2024 to avoid silent pre-DOB Papua harmonization
m5obs_a615a389b20dad92eaa2ce4a,unemployment_rate,idn.73,Sulawesi Selatan,73,2024,Agustus,4.19,percent,observed,m5_unemployment_august,m5prov_577c6c6aac737a31ac29f70b,bps_current_38_province_2024plus,sakernas_unemployment_august_current38,,BPS national domain 0000; source vertical=38 Provinsi; source selector=turvar:0:Tidak ada|turtahun:190:Agustus; source universe=Labor force under the official Sakernas open-unemployment definition; transform=identity; current-boundary panel begins 2024 to avoid silent pre-DOB Papua harmonization
m5obs_fd29efa6c2e779d42b5347f3,gini_ratio,idn.74,Sulawesi Tenggara,74,2024,Maret,0.37,index,observed,m5_gini_march,m5prov_31575ab730cd1c8f44a59a31,bps_current_38_province_2024plus,susenas_gini_march_current38,,BPS national domain 0000; source vertical=38 Provinsi; source selector=turvar:191:Perkotaan+Perdesaan|turtahun:61:Semester 1 (Maret); source universe=Population represented by the Susenas expenditure-welfare aggregate; transform=identity; current-boundary panel begins 2024 to avoid silent pre-DOB Papua harmonization
m5obs_552eb6101a21a3904e76cc83,neet_rate,idn.74,Sulawesi Tenggara,74,2024,source_annual_period,19.78,percent,observed,m5_neet_source_period,m5prov_5f44d02b5481880e37d26d54,bps_current_38_province_2024plus,sakernas_neet_15_24_current38,,BPS national domain 0000; source vertical=38 Provinsi; source selector=turvar:0:Tidak ada|turtahun:0:Tahun; source universe=People age 15 to 24 not in employment education or training under the BPS Sakernas definition; transform=identity; current-boundary panel begins 2024 to avoid silent pre-DOB Papua harmonization
m5obs_63ece1a1386c1cb14f75d23e,poverty_rate,idn.74,Sulawesi Tenggara,74,2024,Maret,11.21,percent,observed,m5_poverty_march,m5prov_03abc8d1b5e9677c16c7cf31,bps_current_38_province_2024plus,susenas_poverty_march_current38,,BPS national domain 0000; source vertical=38 Provinsi; source selector=turvar:434:Jumlah|turtahun:61:Semester 1 (Maret); source universe=Population under the official BPS poverty-line methodology; transform=identity; current-boundary panel begins 2024 to avoid silent pre-DOB Papua harmonization
m5obs_30f4ee89a7cd3f3cb85b894e,real_grdp_per_capita,idn.74,Sulawesi Tenggara,74,2024,Tahun,40.81151,million_rupiah_per_person_constant_2010,derived,m5_real_grdp_pc_adhk2010,m5prov_de3818b738ca6c01659133dd,bps_current_38_province_2024plus,bps_grdp_per_capita_series2010_adhk,constant_2010_prices,BPS national domain 0000; source vertical=38 Provinsi; source selector=turvar:531:Harga Konstan 2010|turtahun:0:Tahun; source universe=Resident population denominator embedded in the official BPS per-capita statistic; transform=divide_1000; current-boundary panel begins 2024 to avoid silent pre-DOB Papua harmonization
m5obs_4defcf3785b3b693da22b146,underemployment_rate,idn.74,Sulawesi Tenggara,74,2024,source_annual_period,8.61,percent,observed,m5_underemployment_source_period,m5prov_5d566b55a746582520c84604,bps_current_38_province_2024plus,sakernas_underemployment_source_period_current38,,BPS national domain 0000; source vertical=38 Provinsi; source selector=turvar:0:Tidak ada|turtahun:0:Tahun; source universe=Employed population meeting the BPS underemployment definition; transform=identity; current-boundary panel begins 2024 to avoid silent pre-DOB Papua harmonization
m5obs_96b900a9b54f0c1e73217c56,unemployment_rate,idn.74,Sulawesi Tenggara,74,2024,Agustus,3.09,percent,observed,m5_unemployment_august,m5prov_577c6c6aac737a31ac29f70b,bps_current_38_province_2024plus,sakernas_unemployment_august_current38,,BPS national domain 0000; source vertical=38 Provinsi; source selector=turvar:0:Tidak ada|turtahun:190:Agustus; source universe=Labor force under the official Sakernas open-unemployment definition; transform=identity; current-boundary panel begins 2024 to avoid silent pre-DOB Papua harmonization
m5obs_338d1b5775710cb57f8006ea,gini_ratio,idn.75,Gorontalo,75,2024,Maret,0.414,index,observed,m5_gini_march,m5prov_31575ab730cd1c8f44a59a31,bps_current_38_province_2024plus,susenas_gini_march_current38,,BPS national domain 0000; source vertical=38 Provinsi; source selector=turvar:191:Perkotaan+Perdesaan|turtahun:61:Semester 1 (Maret); source universe=Population represented by the Susenas expenditure-welfare aggregate; transform=identity; current-boundary panel begins 2024 to avoid silent pre-DOB Papua harmonization
m5obs_e40fbbf16270a7577300c355,neet_rate,idn.75,Gorontalo,75,2024,source_annual_period,21.89,percent,observed,m5_neet_source_period,m5prov_5f44d02b5481880e37d26d54,bps_current_38_province_2024plus,sakernas_neet_15_24_current38,,BPS national domain 0000; source vertical=38 Provinsi; source selector=turvar:0:Tidak ada|turtahun:0:Tahun; source universe=People age 15 to 24 not in employment education or training under the BPS Sakernas definition; transform=identity; current-boundary panel begins 2024 to avoid silent pre-DOB Papua harmonization
m5obs_e80b0e2fb759ddc06ff0ddea,poverty_rate,idn.75,Gorontalo,75,2024,Maret,14.57,percent,observed,m5_poverty_march,m5prov_03abc8d1b5e9677c16c7cf31,bps_current_38_province_2024plus,susenas_poverty_march_current38,,BPS national domain 0000; source vertical=38 Provinsi; source selector=turvar:434:Jumlah|turtahun:61:Semester 1 (Maret); source universe=Population under the official BPS poverty-line methodology; transform=identity; current-boundary panel begins 2024 to avoid silent pre-DOB Papua harmonization
m5obs_297ac27a7a7c27915ceaf524,real_grdp_per_capita,idn.75,Gorontalo,75,2024,Tahun,26.83833,million_rupiah_per_person_constant_2010,derived,m5_real_grdp_pc_adhk2010,m5prov_de3818b738ca6c01659133dd,bps_current_38_province_2024plus,bps_grdp_per_capita_series2010_adhk,constant_2010_prices,BPS national domain 0000; source vertical=38 Provinsi; source selector=turvar:531:Harga Konstan 2010|turtahun:0:Tahun; source universe=Resident population denominator embedded in the official BPS per-capita statistic; transform=divide_1000; current-boundary panel begins 2024 to avoid silent pre-DOB Papua harmonization
m5obs_e50b337387af0db9e3981728,underemployment_rate,idn.75,Gorontalo,75,2024,source_annual_period,8.49,percent,observed,m5_underemployment_source_period,m5prov_5d566b55a746582520c84604,bps_current_38_province_2024plus,sakernas_underemployment_source_period_current38,,BPS national domain 0000; source vertical=38 Provinsi; source selector=turvar:0:Tidak ada|turtahun:0:Tahun; source universe=Employed population meeting the BPS underemployment definition; transform=identity; current-boundary panel begins 2024 to avoid silent pre-DOB Papua harmonization
m5obs_f65614d85e6b370b1881fce4,unemployment_rate,idn.75,Gorontalo,75,2024,Agustus,3.13,percent,observed,m5_unemployment_august,m5prov_577c6c6aac737a31ac29f70b,bps_current_38_province_2024plus,sakernas_unemployment_august_current38,,BPS national domain 0000; source vertical=38 Provinsi; source selector=turvar:0:Tidak ada|turtahun:190:Agustus; source universe=Labor force under the official Sakernas open-unemployment definition; transform=identity; current-boundary panel begins 2024 to avoid silent pre-DOB Papua harmonization
m5obs_95899de883fa69cfb5fdfcaf,gini_ratio,idn.76,Sulawesi Barat,76,2024,Maret,0.354,index,observed,m5_gini_march,m5prov_31575ab730cd1c8f44a59a31,bps_current_38_province_2024plus,susenas_gini_march_current38,,BPS national domain 0000; source vertical=38 Provinsi; source selector=turvar:191:Perkotaan+Perdesaan|turtahun:61:Semester 1 (Maret); source universe=Population represented by the Susenas expenditure-welfare aggregate; transform=identity; current-boundary panel begins 2024 to avoid silent pre-DOB Papua harmonization
m5obs_4a6683306d8db1697beb630e,neet_rate,idn.76,Sulawesi Barat,76,2024,source_annual_period,20.25,percent,observed,m5_neet_source_period,m5prov_5f44d02b5481880e37d26d54,bps_current_38_province_2024plus,sakernas_neet_15_24_current38,,BPS national domain 0000; source vertical=38 Provinsi; source selector=turvar:0:Tidak ada|turtahun:0:Tahun; source universe=People age 15 to 24 not in employment education or training under the BPS Sakernas definition; transform=identity; current-boundary panel begins 2024 to avoid silent pre-DOB Papua harmonization
m5obs_fc31630ac89bfbf3068def99,poverty_rate,idn.76,Sulawesi Barat,76,2024,Maret,11.21,percent,observed,m5_poverty_march,m5prov_03abc8d1b5e9677c16c7cf31,bps_current_38_province_2024plus,susenas_poverty_march_current38,,BPS national domain 0000; source vertical=38 Provinsi; source selector=turvar:434:Jumlah|turtahun:61:Semester 1 (Maret); source universe=Population under the official BPS poverty-line methodology; transform=identity; current-boundary panel begins 2024 to avoid silent pre-DOB Papua harmonization
m5obs_c4a00ed024c35f99c56c7974,real_grdp_per_capita,idn.76,Sulawesi Barat,76,2024,Tahun,24.67179,million_rupiah_per_person_constant_2010,derived,m5_real_grdp_pc_adhk2010,m5prov_de3818b738ca6c01659133dd,bps_current_38_province_2024plus,bps_grdp_per_capita_series2010_adhk,constant_2010_prices,BPS national domain 0000; source vertical=38 Provinsi; source selector=turvar:531:Harga Konstan 2010|turtahun:0:Tahun; source universe=Resident population denominator embedded in the official BPS per-capita statistic; transform=divide_1000; current-boundary panel begins 2024 to avoid silent pre-DOB Papua harmonization
m5obs_cb8ea3f0a2b8e42d9a059758,underemployment_rate,idn.76,Sulawesi Barat,76,2024,source_annual_period,12.09,percent,observed,m5_underemployment_source_period,m5prov_5d566b55a746582520c84604,bps_current_38_province_2024plus,sakernas_underemployment_source_period_current38,,BPS national domain 0000; source vertical=38 Provinsi; source selector=turvar:0:Tidak ada|turtahun:0:Tahun; source universe=Employed population meeting the BPS underemployment definition; transform=identity; current-boundary panel begins 2024 to avoid silent pre-DOB Papua harmonization
m5obs_f4cc0768ad28881c5f4c9ffb,unemployment_rate,idn.76,Sulawesi Barat,76,2024,Agustus,2.68,percent,observed,m5_unemployment_august,m5prov_577c6c6aac737a31ac29f70b,bps_current_38_province_2024plus,sakernas_unemployment_august_current38,,BPS national domain 0000; source vertical=38 Provinsi; source selector=turvar:0:Tidak ada|turtahun:190:Agustus; source universe=Labor force under the official Sakernas open-unemployment definition; transform=identity; current-boundary panel begins 2024 to avoid silent pre-DOB Papua harmonization
m5obs_c48dec32220a86d10eb08608,gini_ratio,idn.81,Maluku,81,2024,Maret,0.282,index,observed,m5_gini_march,m5prov_31575ab730cd1c8f44a59a31,bps_current_38_province_2024plus,susenas_gini_march_current38,,BPS national domain 0000; source vertical=38 Provinsi; source selector=turvar:191:Perkotaan+Perdesaan|turtahun:61:Semester 1 (Maret); source universe=Population represented by the Susenas expenditure-welfare aggregate; transform=identity; current-boundary panel begins 2024 to avoid silent pre-DOB Papua harmonization
m5obs_8c6b3611a0092f3751858422,neet_rate,idn.81,Maluku,81,2024,source_annual_period,29.43,percent,observed,m5_neet_source_period,m5prov_5f44d02b5481880e37d26d54,bps_current_38_province_2024plus,sakernas_neet_15_24_current38,,BPS national domain 0000; source vertical=38 Provinsi; source selector=turvar:0:Tidak ada|turtahun:0:Tahun; source universe=People age 15 to 24 not in employment education or training under the BPS Sakernas definition; transform=identity; current-boundary panel begins 2024 to avoid silent pre-DOB Papua harmonization
m5obs_4d0ad1f0e29f5e3b5dd71ce4,poverty_rate,idn.81,Maluku,81,2024,Maret,16.05,percent,observed,m5_poverty_march,m5prov_03abc8d1b5e9677c16c7cf31,bps_current_38_province_2024plus,susenas_poverty_march_current38,,BPS national domain 0000; source vertical=38 Provinsi; source selector=turvar:434:Jumlah|turtahun:61:Semester 1 (Maret); source universe=Population under the official BPS poverty-line methodology; transform=identity; current-boundary panel begins 2024 to avoid silent pre-DOB Papua harmonization
m5obs_f587e558f3d013d0c8cda452,real_grdp_per_capita,idn.81,Maluku,81,2024,Tahun,19.12476,million_rupiah_per_person_constant_2010,derived,m5_real_grdp_pc_adhk2010,m5prov_de3818b738ca6c01659133dd,bps_current_38_province_2024plus,bps_grdp_per_capita_series2010_adhk,constant_2010_prices,BPS national domain 0000; source vertical=38 Provinsi; source selector=turvar:531:Harga Konstan 2010|turtahun:0:Tahun; source universe=Resident population denominator embedded in the official BPS per-capita statistic; transform=divide_1000; current-boundary panel begins 2024 to avoid silent pre-DOB Papua harmonization
m5obs_b20b325e89fb0df58367a4b0,underemployment_rate,idn.81,Maluku,81,2024,source_annual_period,12.12,percent,observed,m5_underemployment_source_period,m5prov_5d566b55a746582520c84604,bps_current_38_province_2024plus,sakernas_underemployment_source_period_current38,,BPS national domain 0000; source vertical=38 Provinsi; source selector=turvar:0:Tidak ada|turtahun:0:Tahun; source universe=Employed population meeting the BPS underemployment definition; transform=identity; current-boundary panel begins 2024 to avoid silent pre-DOB Papua harmonization
m5obs_74469ba5e01372386a9b7475,unemployment_rate,idn.81,Maluku,81,2024,Agustus,6.11,percent,observed,m5_unemployment_august,m5prov_577c6c6aac737a31ac29f70b,bps_current_38_province_2024plus,sakernas_unemployment_august_current38,,BPS national domain 0000; source vertical=38 Provinsi; source selector=turvar:0:Tidak ada|turtahun:190:Agustus; source universe=Labor force under the official Sakernas open-unemployment definition; transform=identity; current-boundary panel begins 2024 to avoid silent pre-DOB Papua harmonization
m5obs_68ae0bf04b9b90d4d5499536,gini_ratio,idn.82,Maluku Utara,82,2024,Maret,0.316,index,observed,m5_gini_march,m5prov_31575ab730cd1c8f44a59a31,bps_current_38_province_2024plus,susenas_gini_march_current38,,BPS national domain 0000; source vertical=38 Provinsi; source selector=turvar:191:Perkotaan+Perdesaan|turtahun:61:Semester 1 (Maret); source universe=Population represented by the Susenas expenditure-welfare aggregate; transform=identity; current-boundary panel begins 2024 to avoid silent pre-DOB Papua harmonization
m5obs_34f36a8dd10ab31ae83504ad,neet_rate,idn.82,Maluku Utara,82,2024,source_annual_period,27.85,percent,observed,m5_neet_source_period,m5prov_5f44d02b5481880e37d26d54,bps_current_38_province_2024plus,sakernas_neet_15_24_current38,,BPS national domain 0000; source vertical=38 Provinsi; source selector=turvar:0:Tidak ada|turtahun:0:Tahun; source universe=People age 15 to 24 not in employment education or training under the BPS Sakernas definition; transform=identity; current-boundary panel begins 2024 to avoid silent pre-DOB Papua harmonization
m5obs_10b3c121884a8a1d7a6fe8a0,poverty_rate,idn.82,Maluku Utara,82,2024,Maret,6.32,percent,observed,m5_poverty_march,m5prov_03abc8d1b5e9677c16c7cf31,bps_current_38_province_2024plus,susenas_poverty_march_current38,,BPS national domain 0000; source vertical=38 Provinsi; source selector=turvar:434:Jumlah|turtahun:61:Semester 1 (Maret); source universe=Population under the official BPS poverty-line methodology; transform=identity; current-boundary panel begins 2024 to avoid silent pre-DOB Papua harmonization
m5obs_c6390c2dcf803a53da2ba760,real_grdp_per_capita,idn.82,Maluku Utara,82,2024,Tahun,41.11836,million_rupiah_per_person_constant_2010,derived,m5_real_grdp_pc_adhk2010,m5prov_de3818b738ca6c01659133dd,bps_current_38_province_2024plus,bps_grdp_per_capita_series2010_adhk,constant_2010_prices,BPS national domain 0000; source vertical=38 Provinsi; source selector=turvar:531:Harga Konstan 2010|turtahun:0:Tahun; source universe=Resident population denominator embedded in the official BPS per-capita statistic; transform=divide_1000; current-boundary panel begins 2024 to avoid silent pre-DOB Papua harmonization
m5obs_238f2fa1b83890f23dee6600,underemployment_rate,idn.82,Maluku Utara,82,2024,source_annual_period,9.14,percent,observed,m5_underemployment_source_period,m5prov_5d566b55a746582520c84604,bps_current_38_province_2024plus,sakernas_underemployment_source_period_current38,,BPS national domain 0000; source vertical=38 Provinsi; source selector=turvar:0:Tidak ada|turtahun:0:Tahun; source universe=Employed population meeting the BPS underemployment definition; transform=identity; current-boundary panel begins 2024 to avoid silent pre-DOB Papua harmonization
m5obs_6a0e7c14581c494a34af3a57,unemployment_rate,idn.82,Maluku Utara,82,2024,Agustus,4.03,percent,observed,m5_unemployment_august,m5prov_577c6c6aac737a31ac29f70b,bps_current_38_province_2024plus,sakernas_unemployment_august_current38,,BPS national domain 0000; source vertical=38 Provinsi; source selector=turvar:0:Tidak ada|turtahun:190:Agustus; source universe=Labor force under the official Sakernas open-unemployment definition; transform=identity; current-boundary panel begins 2024 to avoid silent pre-DOB Papua harmonization
m5obs_2845a05b538d601080ef652c,gini_ratio,idn.91,Papua Barat,91,2024,Maret,0.389,index,observed,m5_gini_march,m5prov_31575ab730cd1c8f44a59a31,bps_current_38_province_2024plus,susenas_gini_march_current38,,BPS national domain 0000; source vertical=38 Provinsi; source selector=turvar:191:Perkotaan+Perdesaan|turtahun:61:Semester 1 (Maret); source universe=Population represented by the Susenas expenditure-welfare aggregate; transform=identity; current-boundary panel begins 2024 to avoid silent pre-DOB Papua harmonization
m5obs_6537bee87cdc029b15027321,neet_rate,idn.91,Papua Barat,91,2024,source_annual_period,26.93,percent,observed,m5_neet_source_period,m5prov_5f44d02b5481880e37d26d54,bps_current_38_province_2024plus,sakernas_neet_15_24_current38,,BPS national domain 0000; source vertical=38 Provinsi; source selector=turvar:0:Tidak ada|turtahun:0:Tahun; source universe=People age 15 to 24 not in employment education or training under the BPS Sakernas definition; transform=identity; current-boundary panel begins 2024 to avoid silent pre-DOB Papua harmonization
m5obs_28aa44f069063871e0f1d6a6,poverty_rate,idn.91,Papua Barat,91,2024,Maret,21.66,percent,observed,m5_poverty_march,m5prov_03abc8d1b5e9677c16c7cf31,bps_current_38_province_2024plus,susenas_poverty_march_current38,,BPS national domain 0000; source vertical=38 Provinsi; source selector=turvar:434:Jumlah|turtahun:61:Semester 1 (Maret); source universe=Population under the official BPS poverty-line methodology; transform=identity; current-boundary panel begins 2024 to avoid silent pre-DOB Papua harmonization
m5obs_4677ecd5f6a9330c7f828836,real_grdp_per_capita,idn.91,Papua Barat,91,2024,Tahun,85.51335,million_rupiah_per_person_constant_2010,derived,m5_real_grdp_pc_adhk2010,m5prov_de3818b738ca6c01659133dd,bps_current_38_province_2024plus,bps_grdp_per_capita_series2010_adhk,constant_2010_prices,BPS national domain 0000; source vertical=38 Provinsi; source selector=turvar:531:Harga Konstan 2010|turtahun:0:Tahun; source universe=Resident population denominator embedded in the official BPS per-capita statistic; transform=divide_1000; current-boundary panel begins 2024 to avoid silent pre-DOB Papua harmonization
m5obs_35578d7c7b378ad1460d7bb3,underemployment_rate,idn.91,Papua Barat,91,2024,source_annual_period,10.9,percent,observed,m5_underemployment_source_period,m5prov_5d566b55a746582520c84604,bps_current_38_province_2024plus,sakernas_underemployment_source_period_current38,,BPS national domain 0000; source vertical=38 Provinsi; source selector=turvar:0:Tidak ada|turtahun:0:Tahun; source universe=Employed population meeting the BPS underemployment definition; transform=identity; current-boundary panel begins 2024 to avoid silent pre-DOB Papua harmonization
m5obs_1747784a8e9f2c8e7fc0b89e,unemployment_rate,idn.91,Papua Barat,91,2024,Agustus,4.13,percent,observed,m5_unemployment_august,m5prov_577c6c6aac737a31ac29f70b,bps_current_38_province_2024plus,sakernas_unemployment_august_current38,,BPS national domain 0000; source vertical=38 Provinsi; source selector=turvar:0:Tidak ada|turtahun:190:Agustus; source universe=Labor force under the official Sakernas open-unemployment definition; transform=identity; current-boundary panel begins 2024 to avoid silent pre-DOB Papua harmonization
m5obs_449c26d8615710e902d99807,gini_ratio,idn.92,Papua Barat Daya,92,2024,Maret,0.346,index,observed,m5_gini_march,m5prov_31575ab730cd1c8f44a59a31,bps_current_38_province_2024plus,susenas_gini_march_current38,,BPS national domain 0000; source vertical=38 Provinsi; source selector=turvar:191:Perkotaan+Perdesaan|turtahun:61:Semester 1 (Maret); source universe=Population represented by the Susenas expenditure-welfare aggregate; transform=identity; current-boundary panel begins 2024 to avoid silent pre-DOB Papua harmonization
m5obs_bf90287811604d4ccc01b898,neet_rate,idn.92,Papua Barat Daya,92,2024,source_annual_period,25.04,percent,observed,m5_neet_source_period,m5prov_5f44d02b5481880e37d26d54,bps_current_38_province_2024plus,sakernas_neet_15_24_current38,,BPS national domain 0000; source vertical=38 Provinsi; source selector=turvar:0:Tidak ada|turtahun:0:Tahun; source universe=People age 15 to 24 not in employment education or training under the BPS Sakernas definition; transform=identity; current-boundary panel begins 2024 to avoid silent pre-DOB Papua harmonization
m5obs_cf1645fc9d418c17f7f470c1,poverty_rate,idn.92,Papua Barat Daya,92,2024,Maret,18.13,percent,observed,m5_poverty_march,m5prov_03abc8d1b5e9677c16c7cf31,bps_current_38_province_2024plus,susenas_poverty_march_current38,,BPS national domain 0000; source vertical=38 Provinsi; source selector=turvar:434:Jumlah|turtahun:61:Semester 1 (Maret); source universe=Population under the official BPS poverty-line methodology; transform=identity; current-boundary panel begins 2024 to avoid silent pre-DOB Papua harmonization
m5obs_fb2f1b38a33ed44d6d92e9f2,real_grdp_per_capita,idn.92,Papua Barat Daya,92,2024,Tahun,39.66297,million_rupiah_per_person_constant_2010,derived,m5_real_grdp_pc_adhk2010,m5prov_de3818b738ca6c01659133dd,bps_current_38_province_2024plus,bps_grdp_per_capita_series2010_adhk,constant_2010_prices,BPS national domain 0000; source vertical=38 Provinsi; source selector=turvar:531:Harga Konstan 2010|turtahun:0:Tahun; source universe=Resident population denominator embedded in the official BPS per-capita statistic; transform=divide_1000; current-boundary panel begins 2024 to avoid silent pre-DOB Papua harmonization
m5obs_282685809743d2da7d5d6d66,underemployment_rate,idn.92,Papua Barat Daya,92,2024,source_annual_period,13.72,percent,observed,m5_underemployment_source_period,m5prov_5d566b55a746582520c84604,bps_current_38_province_2024plus,sakernas_underemployment_source_period_current38,,BPS national domain 0000; source vertical=38 Provinsi; source selector=turvar:0:Tidak ada|turtahun:0:Tahun; source universe=Employed population meeting the BPS underemployment definition; transform=identity; current-boundary panel begins 2024 to avoid silent pre-DOB Papua harmonization
m5obs_6a7fccbe9e8be5a4bfdb7e01,unemployment_rate,idn.92,Papua Barat Daya,92,2024,Agustus,6.48,percent,observed,m5_unemployment_august,m5prov_577c6c6aac737a31ac29f70b,bps_current_38_province_2024plus,sakernas_unemployment_august_current38,,BPS national domain 0000; source vertical=38 Provinsi; source selector=turvar:0:Tidak ada|turtahun:190:Agustus; source universe=Labor force under the official Sakernas open-unemployment definition; transform=identity; current-boundary panel begins 2024 to avoid silent pre-DOB Papua harmonization
m5obs_5cee1040484b26795f038d74,gini_ratio,idn.94,Papua,94,2024,Maret,0.362,index,observed,m5_gini_march,m5prov_31575ab730cd1c8f44a59a31,bps_current_38_province_2024plus,susenas_gini_march_current38,,BPS national domain 0000; source vertical=38 Provinsi; source selector=turvar:191:Perkotaan+Perdesaan|turtahun:61:Semester 1 (Maret); source universe=Population represented by the Susenas expenditure-welfare aggregate; transform=identity; current-boundary panel begins 2024 to avoid silent pre-DOB Papua harmonization
m5obs_17d45d5f69a22fd0b612ea66,neet_rate,idn.94,Papua,94,2024,source_annual_period,27.85,percent,observed,m5_neet_source_period,m5prov_5f44d02b5481880e37d26d54,bps_current_38_province_2024plus,sakernas_neet_15_24_current38,,BPS national domain 0000; source vertical=38 Provinsi; source selector=turvar:0:Tidak ada|turtahun:0:Tahun; source universe=People age 15 to 24 not in employment education or training under the BPS Sakernas definition; transform=identity; current-boundary panel begins 2024 to avoid silent pre-DOB Papua harmonization
m5obs_bc674ce8fa9724724a8a0231,poverty_rate,idn.94,Papua,94,2024,Maret,17.26,percent,observed,m5_poverty_march,m5prov_03abc8d1b5e9677c16c7cf31,bps_current_38_province_2024plus,susenas_poverty_march_current38,,BPS national domain 0000; source vertical=38 Provinsi; source selector=turvar:434:Jumlah|turtahun:61:Semester 1 (Maret); source universe=Population under the official BPS poverty-line methodology; transform=identity; current-boundary panel begins 2024 to avoid silent pre-DOB Papua harmonization
m5obs_27490880ef3565fcd9b800e5,real_grdp_per_capita,idn.94,Papua,94,2024,Tahun,48.64184,million_rupiah_per_person_constant_2010,derived,m5_real_grdp_pc_adhk2010,m5prov_de3818b738ca6c01659133dd,bps_current_38_province_2024plus,bps_grdp_per_capita_series2010_adhk,constant_2010_prices,BPS national domain 0000; source vertical=38 Provinsi; source selector=turvar:531:Harga Konstan 2010|turtahun:0:Tahun; source universe=Resident population denominator embedded in the official BPS per-capita statistic; transform=divide_1000; current-boundary panel begins 2024 to avoid silent pre-DOB Papua harmonization
m5obs_9b68f3f3015f46d22238b591,underemployment_rate,idn.94,Papua,94,2024,source_annual_period,8.42,percent,observed,m5_underemployment_source_period,m5prov_5d566b55a746582520c84604,bps_current_38_province_2024plus,sakernas_underemployment_source_period_current38,,BPS national domain 0000; source vertical=38 Provinsi; source selector=turvar:0:Tidak ada|turtahun:0:Tahun; source universe=Employed population meeting the BPS underemployment definition; transform=identity; current-boundary panel begins 2024 to avoid silent pre-DOB Papua harmonization
m5obs_be729360010a73d88055c494,unemployment_rate,idn.94,Papua,94,2024,Agustus,6.48,percent,observed,m5_unemployment_august,m5prov_577c6c6aac737a31ac29f70b,bps_current_38_province_2024plus,sakernas_unemployment_august_current38,,BPS national domain 0000; source vertical=38 Provinsi; source selector=turvar:0:Tidak ada|turtahun:190:Agustus; source universe=Labor force under the official Sakernas open-unemployment definition; transform=identity; current-boundary panel begins 2024 to avoid silent pre-DOB Papua harmonization
m5obs_4d700bf60a01c3ca04a34b22,gini_ratio,idn.95,Papua Selatan,95,2024,Maret,0.404,index,observed,m5_gini_march,m5prov_31575ab730cd1c8f44a59a31,bps_current_38_province_2024plus,susenas_gini_march_current38,,BPS national domain 0000; source vertical=38 Provinsi; source selector=turvar:191:Perkotaan+Perdesaan|turtahun:61:Semester 1 (Maret); source universe=Population represented by the Susenas expenditure-welfare aggregate; transform=identity; current-boundary panel begins 2024 to avoid silent pre-DOB Papua harmonization
m5obs_09ba3739cb046482da18609d,neet_rate,idn.95,Papua Selatan,95,2024,source_annual_period,23.96,percent,observed,m5_neet_source_period,m5prov_5f44d02b5481880e37d26d54,bps_current_38_province_2024plus,sakernas_neet_15_24_current38,,BPS national domain 0000; source vertical=38 Provinsi; source selector=turvar:0:Tidak ada|turtahun:0:Tahun; source universe=People age 15 to 24 not in employment education or training under the BPS Sakernas definition; transform=identity; current-boundary panel begins 2024 to avoid silent pre-DOB Papua harmonization
m5obs_11eb50b17cf9a6b9395497f5,poverty_rate,idn.95,Papua Selatan,95,2024,Maret,17.44,percent,observed,m5_poverty_march,m5prov_03abc8d1b5e9677c16c7cf31,bps_current_38_province_2024plus,susenas_poverty_march_current38,,BPS national domain 0000; source vertical=38 Provinsi; source selector=turvar:434:Jumlah|turtahun:61:Semester 1 (Maret); source universe=Population under the official BPS poverty-line methodology; transform=identity; current-boundary panel begins 2024 to avoid silent pre-DOB Papua harmonization
m5obs_dd7dd8957ca2e5137b78ef31,real_grdp_per_capita,idn.95,Papua Selatan,95,2024,Tahun,35.16397,million_rupiah_per_person_constant_2010,derived,m5_real_grdp_pc_adhk2010,m5prov_de3818b738ca6c01659133dd,bps_current_38_province_2024plus,bps_grdp_per_capita_series2010_adhk,constant_2010_prices,BPS national domain 0000; source vertical=38 Provinsi; source selector=turvar:531:Harga Konstan 2010|turtahun:0:Tahun; source universe=Resident population denominator embedded in the official BPS per-capita statistic; transform=divide_1000; current-boundary panel begins 2024 to avoid silent pre-DOB Papua harmonization
m5obs_74d8e5d4759b3e4ff88b7e0a,underemployment_rate,idn.95,Papua Selatan,95,2024,source_annual_period,7.09,percent,observed,m5_underemployment_source_period,m5prov_5d566b55a746582520c84604,bps_current_38_province_2024plus,sakernas_underemployment_source_period_current38,,BPS national domain 0000; source vertical=38 Provinsi; source selector=turvar:0:Tidak ada|turtahun:0:Tahun; source universe=Employed population meeting the BPS underemployment definition; transform=identity; current-boundary panel begins 2024 to avoid silent pre-DOB Papua harmonization
m5obs_a168e9480c265a9ebbcf28e7,unemployment_rate,idn.95,Papua Selatan,95,2024,Agustus,4.05,percent,observed,m5_unemployment_august,m5prov_577c6c6aac737a31ac29f70b,bps_current_38_province_2024plus,sakernas_unemployment_august_current38,,BPS national domain 0000; source vertical=38 Provinsi; source selector=turvar:0:Tidak ada|turtahun:190:Agustus; source universe=Labor force under the official Sakernas open-unemployment definition; transform=identity; current-boundary panel begins 2024 to avoid silent pre-DOB Papua harmonization
m5obs_0a40a780f4343e5b05d0104d,gini_ratio,idn.96,Papua Tengah,96,2024,Maret,0.381,index,observed,m5_gini_march,m5prov_31575ab730cd1c8f44a59a31,bps_current_38_province_2024plus,susenas_gini_march_current38,,BPS national domain 0000; source vertical=38 Provinsi; source selector=turvar:191:Perkotaan+Perdesaan|turtahun:61:Semester 1 (Maret); source universe=Population represented by the Susenas expenditure-welfare aggregate; transform=identity; current-boundary panel begins 2024 to avoid silent pre-DOB Papua harmonization
m5obs_e4cbcd90af1c7c8c16bda3c4,neet_rate,idn.96,Papua Tengah,96,2024,source_annual_period,31.2,percent,observed,m5_neet_source_period,m5prov_5f44d02b5481880e37d26d54,bps_current_38_province_2024plus,sakernas_neet_15_24_current38,,BPS national domain 0000; source vertical=38 Provinsi; source selector=turvar:0:Tidak ada|turtahun:0:Tahun; source universe=People age 15 to 24 not in employment education or training under the BPS Sakernas definition; transform=identity; current-boundary panel begins 2024 to avoid silent pre-DOB Papua harmonization
m5obs_55ad11b871a3ce34ee88c80d,poverty_rate,idn.96,Papua Tengah,96,2024,Maret,29.76,percent,observed,m5_poverty_march,m5prov_03abc8d1b5e9677c16c7cf31,bps_current_38_province_2024plus,susenas_poverty_march_current38,,BPS national domain 0000; source vertical=38 Provinsi; source selector=turvar:434:Jumlah|turtahun:61:Semester 1 (Maret); source universe=Population under the official BPS poverty-line methodology; transform=identity; current-boundary panel begins 2024 to avoid silent pre-DOB Papua harmonization
m5obs_bb6ff693ad8208d9d5193fdd,real_grdp_per_capita,idn.96,Papua Tengah,96,2024,Tahun,71.60813,million_rupiah_per_person_constant_2010,derived,m5_real_grdp_pc_adhk2010,m5prov_de3818b738ca6c01659133dd,bps_current_38_province_2024plus,bps_grdp_per_capita_series2010_adhk,constant_2010_prices,BPS national domain 0000; source vertical=38 Provinsi; source selector=turvar:531:Harga Konstan 2010|turtahun:0:Tahun; source universe=Resident population denominator embedded in the official BPS per-capita statistic; transform=divide_1000; current-boundary panel begins 2024 to avoid silent pre-DOB Papua harmonization
m5obs_18183ba6e7be173788641a3f,underemployment_rate,idn.96,Papua Tengah,96,2024,source_annual_period,5.84,percent,observed,m5_underemployment_source_period,m5prov_5d566b55a746582520c84604,bps_current_38_province_2024plus,sakernas_underemployment_source_period_current38,,BPS national domain 0000; source vertical=38 Provinsi; source selector=turvar:0:Tidak ada|turtahun:0:Tahun; source universe=Employed population meeting the BPS underemployment definition; transform=identity; current-boundary panel begins 2024 to avoid silent pre-DOB Papua harmonization
m5obs_24176adcc11cb740a321b10d,unemployment_rate,idn.96,Papua Tengah,96,2024,Agustus,2.75,percent,observed,m5_unemployment_august,m5prov_577c6c6aac737a31ac29f70b,bps_current_38_province_2024plus,sakernas_unemployment_august_current38,,BPS national domain 0000; source vertical=38 Provinsi; source selector=turvar:0:Tidak ada|turtahun:190:Agustus; source universe=Labor force under the official Sakernas open-unemployment definition; transform=identity; current-boundary panel begins 2024 to avoid silent pre-DOB Papua harmonization
m5obs_5cae70e55ddc3d8419675972,gini_ratio,idn.97,Papua Pegunungan,97,2024,Maret,0.34,index,observed,m5_gini_march,m5prov_31575ab730cd1c8f44a59a31,bps_current_38_province_2024plus,susenas_gini_march_current38,,BPS national domain 0000; source vertical=38 Provinsi; source selector=turvar:191:Perkotaan+Perdesaan|turtahun:61:Semester 1 (Maret); source universe=Population represented by the Susenas expenditure-welfare aggregate; transform=identity; current-boundary panel begins 2024 to avoid silent pre-DOB Papua harmonization
m5obs_6f000d2d9c273b361975258a,neet_rate,idn.97,Papua Pegunungan,97,2024,source_annual_period,17.74,percent,observed,m5_neet_source_period,m5prov_5f44d02b5481880e37d26d54,bps_current_38_province_2024plus,sakernas_neet_15_24_current38,,BPS national domain 0000; source vertical=38 Provinsi; source selector=turvar:0:Tidak ada|turtahun:0:Tahun; source universe=People age 15 to 24 not in employment education or training under the BPS Sakernas definition; transform=identity; current-boundary panel begins 2024 to avoid silent pre-DOB Papua harmonization
m5obs_0eb74d068568b9271bafd5c1,poverty_rate,idn.97,Papua Pegunungan,97,2024,Maret,32.97,percent,observed,m5_poverty_march,m5prov_03abc8d1b5e9677c16c7cf31,bps_current_38_province_2024plus,susenas_poverty_march_current38,,BPS national domain 0000; source vertical=38 Provinsi; source selector=turvar:434:Jumlah|turtahun:61:Semester 1 (Maret); source universe=Population under the official BPS poverty-line methodology; transform=identity; current-boundary panel begins 2024 to avoid silent pre-DOB Papua harmonization
m5obs_f9c9cda496f7635360ccf89d,real_grdp_per_capita,idn.97,Papua Pegunungan,97,2024,Tahun,9.4058,million_rupiah_per_person_constant_2010,derived,m5_real_grdp_pc_adhk2010,m5prov_de3818b738ca6c01659133dd,bps_current_38_province_2024plus,bps_grdp_per_capita_series2010_adhk,constant_2010_prices,BPS national domain 0000; source vertical=38 Provinsi; source selector=turvar:531:Harga Konstan 2010|turtahun:0:Tahun; source universe=Resident population denominator embedded in the official BPS per-capita statistic; transform=divide_1000; current-boundary panel begins 2024 to avoid silent pre-DOB Papua harmonization
m5obs_09315cb1d5b3c595eff487c6,underemployment_rate,idn.97,Papua Pegunungan,97,2024,source_annual_period,5.89,percent,observed,m5_underemployment_source_period,m5prov_5d566b55a746582520c84604,bps_current_38_province_2024plus,sakernas_underemployment_source_period_current38,,BPS national domain 0000; source vertical=38 Provinsi; source selector=turvar:0:Tidak ada|turtahun:0:Tahun; source universe=Employed population meeting the BPS underemployment definition; transform=identity; current-boundary panel begins 2024 to avoid silent pre-DOB Papua harmonization
m5obs_6c4843d088aca052ae05617a,unemployment_rate,idn.97,Papua Pegunungan,97,2024,Agustus,1.32,percent,observed,m5_unemployment_august,m5prov_577c6c6aac737a31ac29f70b,bps_current_38_province_2024plus,sakernas_unemployment_august_current38,,BPS national domain 0000; source vertical=38 Provinsi; source selector=turvar:0:Tidak ada|turtahun:190:Agustus; source universe=Labor force under the official Sakernas open-unemployment definition; transform=identity; current-boundary panel begins 2024 to avoid silent pre-DOB Papua harmonization
m5obs_f3e2eb886b980534a87b26a9,gini_ratio,idn.11,Aceh,11,2025,Maret,0.282,index,observed,m5_gini_march,m5prov_9325ac10d2e17606bcf2fdfb,bps_current_38_province_2024plus,susenas_gini_march_current38,,BPS national domain 0000; source vertical=38 Provinsi; source selector=turvar:191:Perkotaan+Perdesaan|turtahun:61:Semester 1 (Maret); source universe=Population represented by the Susenas expenditure-welfare aggregate; transform=identity; current-boundary panel begins 2024 to avoid silent pre-DOB Papua harmonization
m5obs_3f6c94b4f1446b3cccfef97f,neet_rate,idn.11,Aceh,11,2025,source_annual_period,24.52,percent,observed,m5_neet_source_period,m5prov_e5925e2ab2cd9425b9e6ea8a,bps_current_38_province_2024plus,sakernas_neet_15_24_current38,,BPS national domain 0000; source vertical=38 Provinsi; source selector=turvar:0:Tidak ada|turtahun:0:Tahun; source universe=People age 15 to 24 not in employment education or training under the BPS Sakernas definition; transform=identity; current-boundary panel begins 2024 to avoid silent pre-DOB Papua harmonization
m5obs_b92dc6aa8ae7e68760d79155,poverty_rate,idn.11,Aceh,11,2025,Maret,12.33,percent,observed,m5_poverty_march,m5prov_c4a68e4cd387608533c7030a,bps_current_38_province_2024plus,susenas_poverty_march_current38,,BPS national domain 0000; source vertical=38 Provinsi; source selector=turvar:434:Jumlah|turtahun:61:Semester 1 (Maret); source universe=Population under the official BPS poverty-line methodology; transform=identity; current-boundary panel begins 2024 to avoid silent pre-DOB Papua harmonization
m5obs_5794c138e149ad0d5de0ff2c,real_grdp_per_capita,idn.11,Aceh,11,2025,Tahun,28.1446,million_rupiah_per_person_constant_2010,derived,m5_real_grdp_pc_adhk2010,m5prov_5eb61e46b3ff5ef90cc17fa4,bps_current_38_province_2024plus,bps_grdp_per_capita_series2010_adhk,constant_2010_prices,BPS national domain 0000; source vertical=38 Provinsi; source selector=turvar:531:Harga Konstan 2010|turtahun:0:Tahun; source universe=Resident population denominator embedded in the official BPS per-capita statistic; transform=divide_1000; current-boundary panel begins 2024 to avoid silent pre-DOB Papua harmonization
m5obs_87b1ca4bb61fc20f2c8561eb,underemployment_rate,idn.11,Aceh,11,2025,source_annual_period,13.83,percent,observed,m5_underemployment_source_period,m5prov_cd9b7ab9b641726502141282,bps_current_38_province_2024plus,sakernas_underemployment_source_period_current38,,BPS national domain 0000; source vertical=38 Provinsi; source selector=turvar:0:Tidak ada|turtahun:0:Tahun; source universe=Employed population meeting the BPS underemployment definition; transform=identity; current-boundary panel begins 2024 to avoid silent pre-DOB Papua harmonization
m5obs_9d291be93f67a61b2130a90d,unemployment_rate,idn.11,Aceh,11,2025,Agustus,5.64,percent,observed,m5_unemployment_august,m5prov_6520459329cad74d272fe92e,bps_current_38_province_2024plus,sakernas_unemployment_august_current38,,BPS national domain 0000; source vertical=38 Provinsi; source selector=turvar:0:Tidak ada|turtahun:190:Agustus; source universe=Labor force under the official Sakernas open-unemployment definition; transform=identity; current-boundary panel begins 2024 to avoid silent pre-DOB Papua harmonization
m5obs_d163286f070dd9ccd3d79abe,gini_ratio,idn.12,Sumatera Utara,12,2025,Maret,0.295,index,observed,m5_gini_march,m5prov_9325ac10d2e17606bcf2fdfb,bps_current_38_province_2024plus,susenas_gini_march_current38,,BPS national domain 0000; source vertical=38 Provinsi; source selector=turvar:191:Perkotaan+Perdesaan|turtahun:61:Semester 1 (Maret); source universe=Population represented by the Susenas expenditure-welfare aggregate; transform=identity; current-boundary panel begins 2024 to avoid silent pre-DOB Papua harmonization
m5obs_3f21979f5e1a815aa038e4bb,neet_rate,idn.12,Sumatera Utara,12,2025,source_annual_period,17.42,percent,observed,m5_neet_source_period,m5prov_e5925e2ab2cd9425b9e6ea8a,bps_current_38_province_2024plus,sakernas_neet_15_24_current38,,BPS national domain 0000; source vertical=38 Provinsi; source selector=turvar:0:Tidak ada|turtahun:0:Tahun; source universe=People age 15 to 24 not in employment education or training under the BPS Sakernas definition; transform=identity; current-boundary panel begins 2024 to avoid silent pre-DOB Papua harmonization
m5obs_7e0a6a3f26f87cc2591ed059,poverty_rate,idn.12,Sumatera Utara,12,2025,Maret,7.36,percent,observed,m5_poverty_march,m5prov_c4a68e4cd387608533c7030a,bps_current_38_province_2024plus,susenas_poverty_march_current38,,BPS national domain 0000; source vertical=38 Provinsi; source selector=turvar:434:Jumlah|turtahun:61:Semester 1 (Maret); source universe=Population under the official BPS poverty-line methodology; transform=identity; current-boundary panel begins 2024 to avoid silent pre-DOB Papua harmonization
m5obs_95dbb389fda9c46cf7d16ab8,real_grdp_per_capita,idn.12,Sumatera Utara,12,2025,Tahun,41.88591,million_rupiah_per_person_constant_2010,derived,m5_real_grdp_pc_adhk2010,m5prov_5eb61e46b3ff5ef90cc17fa4,bps_current_38_province_2024plus,bps_grdp_per_capita_series2010_adhk,constant_2010_prices,BPS national domain 0000; source vertical=38 Provinsi; source selector=turvar:531:Harga Konstan 2010|turtahun:0:Tahun; source universe=Resident population denominator embedded in the official BPS per-capita statistic; transform=divide_1000; current-boundary panel begins 2024 to avoid silent pre-DOB Papua harmonization
m5obs_f50a11085859ff57e2329c59,underemployment_rate,idn.12,Sumatera Utara,12,2025,source_annual_period,9.05,percent,observed,m5_underemployment_source_period,m5prov_cd9b7ab9b641726502141282,bps_current_38_province_2024plus,sakernas_underemployment_source_period_current38,,BPS national domain 0000; source vertical=38 Provinsi; source selector=turvar:0:Tidak ada|turtahun:0:Tahun; source universe=Employed population meeting the BPS underemployment definition; transform=identity; current-boundary panel begins 2024 to avoid silent pre-DOB Papua harmonization
m5obs_f992da8eae73ab0ba8d9ff3f,unemployment_rate,idn.12,Sumatera Utara,12,2025,Agustus,5.32,percent,observed,m5_unemployment_august,m5prov_6520459329cad74d272fe92e,bps_current_38_province_2024plus,sakernas_unemployment_august_current38,,BPS national domain 0000; source vertical=38 Provinsi; source selector=turvar:0:Tidak ada|turtahun:190:Agustus; source universe=Labor force under the official Sakernas open-unemployment definition; transform=identity; current-boundary panel begins 2024 to avoid silent pre-DOB Papua harmonization
m5obs_a41cd8e9e11a3c5364c3443d,gini_ratio,idn.13,Sumatera Barat,13,2025,Maret,0.282,index,observed,m5_gini_march,m5prov_9325ac10d2e17606bcf2fdfb,bps_current_38_province_2024plus,susenas_gini_march_current38,,BPS national domain 0000; source vertical=38 Provinsi; source selector=turvar:191:Perkotaan+Perdesaan|turtahun:61:Semester 1 (Maret); source universe=Population represented by the Susenas expenditure-welfare aggregate; transform=identity; current-boundary panel begins 2024 to avoid silent pre-DOB Papua harmonization
m5obs_f97ea87fadcac4ac4852e0c7,neet_rate,idn.13,Sumatera Barat,13,2025,source_annual_period,18.42,percent,observed,m5_neet_source_period,m5prov_e5925e2ab2cd9425b9e6ea8a,bps_current_38_province_2024plus,sakernas_neet_15_24_current38,,BPS national domain 0000; source vertical=38 Provinsi; source selector=turvar:0:Tidak ada|turtahun:0:Tahun; source universe=People age 15 to 24 not in employment education or training under the BPS Sakernas definition; transform=identity; current-boundary panel begins 2024 to avoid silent pre-DOB Papua harmonization
m5obs_d9f920897b26e4ae760d8876,poverty_rate,idn.13,Sumatera Barat,13,2025,Maret,5.35,percent,observed,m5_poverty_march,m5prov_c4a68e4cd387608533c7030a,bps_current_38_province_2024plus,susenas_poverty_march_current38,,BPS national domain 0000; source vertical=38 Provinsi; source selector=turvar:434:Jumlah|turtahun:61:Semester 1 (Maret); source universe=Population under the official BPS poverty-line methodology; transform=identity; current-boundary panel begins 2024 to avoid silent pre-DOB Papua harmonization
m5obs_1b9af07808c2da05653aea0b,real_grdp_per_capita,idn.13,Sumatera Barat,13,2025,Tahun,34.85417,million_rupiah_per_person_constant_2010,derived,m5_real_grdp_pc_adhk2010,m5prov_5eb61e46b3ff5ef90cc17fa4,bps_current_38_province_2024plus,bps_grdp_per_capita_series2010_adhk,constant_2010_prices,BPS national domain 0000; source vertical=38 Provinsi; source selector=turvar:531:Harga Konstan 2010|turtahun:0:Tahun; source universe=Resident population denominator embedded in the official BPS per-capita statistic; transform=divide_1000; current-boundary panel begins 2024 to avoid silent pre-DOB Papua harmonization
m5obs_dfedd00eff8fcfdff534e222,underemployment_rate,idn.13,Sumatera Barat,13,2025,source_annual_period,10.69,percent,observed,m5_underemployment_source_period,m5prov_cd9b7ab9b641726502141282,bps_current_38_province_2024plus,sakernas_underemployment_source_period_current38,,BPS national domain 0000; source vertical=38 Provinsi; source selector=turvar:0:Tidak ada|turtahun:0:Tahun; source universe=Employed population meeting the BPS underemployment definition; transform=identity; current-boundary panel begins 2024 to avoid silent pre-DOB Papua harmonization
m5obs_8ace0aece8c975b4893feb18,unemployment_rate,idn.13,Sumatera Barat,13,2025,Agustus,5.62,percent,observed,m5_unemployment_august,m5prov_6520459329cad74d272fe92e,bps_current_38_province_2024plus,sakernas_unemployment_august_current38,,BPS national domain 0000; source vertical=38 Provinsi; source selector=turvar:0:Tidak ada|turtahun:190:Agustus; source universe=Labor force under the official Sakernas open-unemployment definition; transform=identity; current-boundary panel begins 2024 to avoid silent pre-DOB Papua harmonization
m5obs_3138e1b099c299d7756e3d76,gini_ratio,idn.14,Riau,14,2025,Maret,0.307,index,observed,m5_gini_march,m5prov_9325ac10d2e17606bcf2fdfb,bps_current_38_province_2024plus,susenas_gini_march_current38,,BPS national domain 0000; source vertical=38 Provinsi; source selector=turvar:191:Perkotaan+Perdesaan|turtahun:61:Semester 1 (Maret); source universe=Population represented by the Susenas expenditure-welfare aggregate; transform=identity; current-boundary panel begins 2024 to avoid silent pre-DOB Papua harmonization
m5obs_2f32bf89bbf644bef10c6c3d,neet_rate,idn.14,Riau,14,2025,source_annual_period,19.49,percent,observed,m5_neet_source_period,m5prov_e5925e2ab2cd9425b9e6ea8a,bps_current_38_province_2024plus,sakernas_neet_15_24_current38,,BPS national domain 0000; source vertical=38 Provinsi; source selector=turvar:0:Tidak ada|turtahun:0:Tahun; source universe=People age 15 to 24 not in employment education or training under the BPS Sakernas definition; transform=identity; current-boundary panel begins 2024 to avoid silent pre-DOB Papua harmonization
m5obs_5d8f56d1eb55261c342c58d4,poverty_rate,idn.14,Riau,14,2025,Maret,6.16,percent,observed,m5_poverty_march,m5prov_c4a68e4cd387608533c7030a,bps_current_38_province_2024plus,susenas_poverty_march_current38,,BPS national domain 0000; source vertical=38 Provinsi; source selector=turvar:434:Jumlah|turtahun:61:Semester 1 (Maret); source universe=Population under the official BPS poverty-line methodology; transform=identity; current-boundary panel begins 2024 to avoid silent pre-DOB Papua harmonization
m5obs_bb288c6c54767c1af4e36b46,real_grdp_per_capita,idn.14,Riau,14,2025,Tahun,87.88674,million_rupiah_per_person_constant_2010,derived,m5_real_grdp_pc_adhk2010,m5prov_5eb61e46b3ff5ef90cc17fa4,bps_current_38_province_2024plus,bps_grdp_per_capita_series2010_adhk,constant_2010_prices,BPS national domain 0000; source vertical=38 Provinsi; source selector=turvar:531:Harga Konstan 2010|turtahun:0:Tahun; source universe=Resident population denominator embedded in the official BPS per-capita statistic; transform=divide_1000; current-boundary panel begins 2024 to avoid silent pre-DOB Papua harmonization
m5obs_db7422beb1c737885fcaaecc,underemployment_rate,idn.14,Riau,14,2025,source_annual_period,8.98,percent,observed,m5_underemployment_source_period,m5prov_cd9b7ab9b641726502141282,bps_current_38_province_2024plus,sakernas_underemployment_source_period_current38,,BPS national domain 0000; source vertical=38 Provinsi; source selector=turvar:0:Tidak ada|turtahun:0:Tahun; source universe=Employed population meeting the BPS underemployment definition; transform=identity; current-boundary panel begins 2024 to avoid silent pre-DOB Papua harmonization
m5obs_a86152a3e06cb06149a33706,unemployment_rate,idn.14,Riau,14,2025,Agustus,4.16,percent,observed,m5_unemployment_august,m5prov_6520459329cad74d272fe92e,bps_current_38_province_2024plus,sakernas_unemployment_august_current38,,BPS national domain 0000; source vertical=38 Provinsi; source selector=turvar:0:Tidak ada|turtahun:190:Agustus; source universe=Labor force under the official Sakernas open-unemployment definition; transform=identity; current-boundary panel begins 2024 to avoid silent pre-DOB Papua harmonization
m5obs_48899e2924b2a5fa1473becc,gini_ratio,idn.15,Jambi,15,2025,Maret,0.301,index,observed,m5_gini_march,m5prov_9325ac10d2e17606bcf2fdfb,bps_current_38_province_2024plus,susenas_gini_march_current38,,BPS national domain 0000; source vertical=38 Provinsi; source selector=turvar:191:Perkotaan+Perdesaan|turtahun:61:Semester 1 (Maret); source universe=Population represented by the Susenas expenditure-welfare aggregate; transform=identity; current-boundary panel begins 2024 to avoid silent pre-DOB Papua harmonization
m5obs_2b78fc12c4e99c384228daf5,neet_rate,idn.15,Jambi,15,2025,source_annual_period,19.46,percent,observed,m5_neet_source_period,m5prov_e5925e2ab2cd9425b9e6ea8a,bps_current_38_province_2024plus,sakernas_neet_15_24_current38,,BPS national domain 0000; source vertical=38 Provinsi; source selector=turvar:0:Tidak ada|turtahun:0:Tahun; source universe=People age 15 to 24 not in employment education or training under the BPS Sakernas definition; transform=identity; current-boundary panel begins 2024 to avoid silent pre-DOB Papua harmonization
m5obs_8bc1d15130a743f86b72a460,poverty_rate,idn.15,Jambi,15,2025,Maret,7.19,percent,observed,m5_poverty_march,m5prov_c4a68e4cd387608533c7030a,bps_current_38_province_2024plus,susenas_poverty_march_current38,,BPS national domain 0000; source vertical=38 Provinsi; source selector=turvar:434:Jumlah|turtahun:61:Semester 1 (Maret); source universe=Population under the official BPS poverty-line methodology; transform=identity; current-boundary panel begins 2024 to avoid silent pre-DOB Papua harmonization
m5obs_b3ee537f2a4e96886f90c0d1,real_grdp_per_capita,idn.15,Jambi,15,2025,Tahun,49.24588,million_rupiah_per_person_constant_2010,derived,m5_real_grdp_pc_adhk2010,m5prov_5eb61e46b3ff5ef90cc17fa4,bps_current_38_province_2024plus,bps_grdp_per_capita_series2010_adhk,constant_2010_prices,BPS national domain 0000; source vertical=38 Provinsi; source selector=turvar:531:Harga Konstan 2010|turtahun:0:Tahun; source universe=Resident population denominator embedded in the official BPS per-capita statistic; transform=divide_1000; current-boundary panel begins 2024 to avoid silent pre-DOB Papua harmonization
m5obs_0a6e329e0c29aec5b3715784,underemployment_rate,idn.15,Jambi,15,2025,source_annual_period,9.27,percent,observed,m5_underemployment_source_period,m5prov_cd9b7ab9b641726502141282,bps_current_38_province_2024plus,sakernas_underemployment_source_period_current38,,BPS national domain 0000; source vertical=38 Provinsi; source selector=turvar:0:Tidak ada|turtahun:0:Tahun; source universe=Employed population meeting the BPS underemployment definition; transform=identity; current-boundary panel begins 2024 to avoid silent pre-DOB Papua harmonization
m5obs_3fad945bd4e6121dec7b388a,unemployment_rate,idn.15,Jambi,15,2025,Agustus,4.26,percent,observed,m5_unemployment_august,m5prov_6520459329cad74d272fe92e,bps_current_38_province_2024plus,sakernas_unemployment_august_current38,,BPS national domain 0000; source vertical=38 Provinsi; source selector=turvar:0:Tidak ada|turtahun:190:Agustus; source universe=Labor force under the official Sakernas open-unemployment definition; transform=identity; current-boundary panel begins 2024 to avoid silent pre-DOB Papua harmonization
m5obs_52eb8344d3d0db8845d06497,gini_ratio,idn.16,Sumatera Selatan,16,2025,Maret,0.311,index,observed,m5_gini_march,m5prov_9325ac10d2e17606bcf2fdfb,bps_current_38_province_2024plus,susenas_gini_march_current38,,BPS national domain 0000; source vertical=38 Provinsi; source selector=turvar:191:Perkotaan+Perdesaan|turtahun:61:Semester 1 (Maret); source universe=Population represented by the Susenas expenditure-welfare aggregate; transform=identity; current-boundary panel begins 2024 to avoid silent pre-DOB Papua harmonization
m5obs_6a776e74451e81af8633c8ac,neet_rate,idn.16,Sumatera Selatan,16,2025,source_annual_period,21.35,percent,observed,m5_neet_source_period,m5prov_e5925e2ab2cd9425b9e6ea8a,bps_current_38_province_2024plus,sakernas_neet_15_24_current38,,BPS national domain 0000; source vertical=38 Provinsi; source selector=turvar:0:Tidak ada|turtahun:0:Tahun; source universe=People age 15 to 24 not in employment education or training under the BPS Sakernas definition; transform=identity; current-boundary panel begins 2024 to avoid silent pre-DOB Papua harmonization
m5obs_c2ebcc90279b55a7b21ecd55,poverty_rate,idn.16,Sumatera Selatan,16,2025,Maret,10.15,percent,observed,m5_poverty_march,m5prov_c4a68e4cd387608533c7030a,bps_current_38_province_2024plus,susenas_poverty_march_current38,,BPS national domain 0000; source vertical=38 Provinsi; source selector=turvar:434:Jumlah|turtahun:61:Semester 1 (Maret); source universe=Population under the official BPS poverty-line methodology; transform=identity; current-boundary panel begins 2024 to avoid silent pre-DOB Papua harmonization
m5obs_c227372cbc2010d855f4ee09,real_grdp_per_capita,idn.16,Sumatera Selatan,16,2025,Tahun,44.73149,million_rupiah_per_person_constant_2010,derived,m5_real_grdp_pc_adhk2010,m5prov_5eb61e46b3ff5ef90cc17fa4,bps_current_38_province_2024plus,bps_grdp_per_capita_series2010_adhk,constant_2010_prices,BPS national domain 0000; source vertical=38 Provinsi; source selector=turvar:531:Harga Konstan 2010|turtahun:0:Tahun; source universe=Resident population denominator embedded in the official BPS per-capita statistic; transform=divide_1000; current-boundary panel begins 2024 to avoid silent pre-DOB Papua harmonization
m5obs_9334d7d450f11da7a233ac9a,underemployment_rate,idn.16,Sumatera Selatan,16,2025,source_annual_period,8.98,percent,observed,m5_underemployment_source_period,m5prov_cd9b7ab9b641726502141282,bps_current_38_province_2024plus,sakernas_underemployment_source_period_current38,,BPS national domain 0000; source vertical=38 Provinsi; source selector=turvar:0:Tidak ada|turtahun:0:Tahun; source universe=Employed population meeting the BPS underemployment definition; transform=identity; current-boundary panel begins 2024 to avoid silent pre-DOB Papua harmonization
m5obs_cc2b4594dbf0b0ffe62e1b6f,unemployment_rate,idn.16,Sumatera Selatan,16,2025,Agustus,3.69,percent,observed,m5_unemployment_august,m5prov_6520459329cad74d272fe92e,bps_current_38_province_2024plus,sakernas_unemployment_august_current38,,BPS national domain 0000; source vertical=38 Provinsi; source selector=turvar:0:Tidak ada|turtahun:190:Agustus; source universe=Labor force under the official Sakernas open-unemployment definition; transform=identity; current-boundary panel begins 2024 to avoid silent pre-DOB Papua harmonization
m5obs_9bd150aa5a53c47abad4a61d,gini_ratio,idn.17,Bengkulu,17,2025,Maret,0.349,index,observed,m5_gini_march,m5prov_9325ac10d2e17606bcf2fdfb,bps_current_38_province_2024plus,susenas_gini_march_current38,,BPS national domain 0000; source vertical=38 Provinsi; source selector=turvar:191:Perkotaan+Perdesaan|turtahun:61:Semester 1 (Maret); source universe=Population represented by the Susenas expenditure-welfare aggregate; transform=identity; current-boundary panel begins 2024 to avoid silent pre-DOB Papua harmonization
m5obs_c237ea7d411d63040192365d,neet_rate,idn.17,Bengkulu,17,2025,source_annual_period,18.61,percent,observed,m5_neet_source_period,m5prov_e5925e2ab2cd9425b9e6ea8a,bps_current_38_province_2024plus,sakernas_neet_15_24_current38,,BPS national domain 0000; source vertical=38 Provinsi; source selector=turvar:0:Tidak ada|turtahun:0:Tahun; source universe=People age 15 to 24 not in employment education or training under the BPS Sakernas definition; transform=identity; current-boundary panel begins 2024 to avoid silent pre-DOB Papua harmonization
m5obs_1c24e6177bebc7e6ce19db2d,poverty_rate,idn.17,Bengkulu,17,2025,Maret,12.08,percent,observed,m5_poverty_march,m5prov_c4a68e4cd387608533c7030a,bps_current_38_province_2024plus,susenas_poverty_march_current38,,BPS national domain 0000; source vertical=38 Provinsi; source selector=turvar:434:Jumlah|turtahun:61:Semester 1 (Maret); source universe=Population under the official BPS poverty-line methodology; transform=identity; current-boundary panel begins 2024 to avoid silent pre-DOB Papua harmonization
m5obs_a198cba530e3d50e463b0eca,real_grdp_per_capita,idn.17,Bengkulu,17,2025,Tahun,26.69113,million_rupiah_per_person_constant_2010,derived,m5_real_grdp_pc_adhk2010,m5prov_5eb61e46b3ff5ef90cc17fa4,bps_current_38_province_2024plus,bps_grdp_per_capita_series2010_adhk,constant_2010_prices,BPS national domain 0000; source vertical=38 Provinsi; source selector=turvar:531:Harga Konstan 2010|turtahun:0:Tahun; source universe=Resident population denominator embedded in the official BPS per-capita statistic; transform=divide_1000; current-boundary panel begins 2024 to avoid silent pre-DOB Papua harmonization
m5obs_b36a3d29412df4dd427f8207,underemployment_rate,idn.17,Bengkulu,17,2025,source_annual_period,9.71,percent,observed,m5_underemployment_source_period,m5prov_cd9b7ab9b641726502141282,bps_current_38_province_2024plus,sakernas_underemployment_source_period_current38,,BPS national domain 0000; source vertical=38 Provinsi; source selector=turvar:0:Tidak ada|turtahun:0:Tahun; source universe=Employed population meeting the BPS underemployment definition; transform=identity; current-boundary panel begins 2024 to avoid silent pre-DOB Papua harmonization
m5obs_f871435a37330b6598d2889b,unemployment_rate,idn.17,Bengkulu,17,2025,Agustus,3.41,percent,observed,m5_unemployment_august,m5prov_6520459329cad74d272fe92e,bps_current_38_province_2024plus,sakernas_unemployment_august_current38,,BPS national domain 0000; source vertical=38 Provinsi; source selector=turvar:0:Tidak ada|turtahun:190:Agustus; source universe=Labor force under the official Sakernas open-unemployment definition; transform=identity; current-boundary panel begins 2024 to avoid silent pre-DOB Papua harmonization
m5obs_6b299c2689dda35953c3f97c,gini_ratio,idn.18,Lampung,18,2025,Maret,0.292,index,observed,m5_gini_march,m5prov_9325ac10d2e17606bcf2fdfb,bps_current_38_province_2024plus,susenas_gini_march_current38,,BPS national domain 0000; source vertical=38 Provinsi; source selector=turvar:191:Perkotaan+Perdesaan|turtahun:61:Semester 1 (Maret); source universe=Population represented by the Susenas expenditure-welfare aggregate; transform=identity; current-boundary panel begins 2024 to avoid silent pre-DOB Papua harmonization
m5obs_ff649c7daf6e54053566ee08,neet_rate,idn.18,Lampung,18,2025,source_annual_period,18.07,percent,observed,m5_neet_source_period,m5prov_e5925e2ab2cd9425b9e6ea8a,bps_current_38_province_2024plus,sakernas_neet_15_24_current38,,BPS national domain 0000; source vertical=38 Provinsi; source selector=turvar:0:Tidak ada|turtahun:0:Tahun; source universe=People age 15 to 24 not in employment education or training under the BPS Sakernas definition; transform=identity; current-boundary panel begins 2024 to avoid silent pre-DOB Papua harmonization
m5obs_b17104c6de82c1d65cf5c607,poverty_rate,idn.18,Lampung,18,2025,Maret,10,percent,observed,m5_poverty_march,m5prov_c4a68e4cd387608533c7030a,bps_current_38_province_2024plus,susenas_poverty_march_current38,,BPS national domain 0000; source vertical=38 Provinsi; source selector=turvar:434:Jumlah|turtahun:61:Semester 1 (Maret); source universe=Population under the official BPS poverty-line methodology; transform=identity; current-boundary panel begins 2024 to avoid silent pre-DOB Papua harmonization
m5obs_e11c94cbb8dd2357da615d8f,real_grdp_per_capita,idn.18,Lampung,18,2025,Tahun,31.1271,million_rupiah_per_person_constant_2010,derived,m5_real_grdp_pc_adhk2010,m5prov_5eb61e46b3ff5ef90cc17fa4,bps_current_38_province_2024plus,bps_grdp_per_capita_series2010_adhk,constant_2010_prices,BPS national domain 0000; source vertical=38 Provinsi; source selector=turvar:531:Harga Konstan 2010|turtahun:0:Tahun; source universe=Resident population denominator embedded in the official BPS per-capita statistic; transform=divide_1000; current-boundary panel begins 2024 to avoid silent pre-DOB Papua harmonization
m5obs_7b9b7a7650f1a9692829eb21,underemployment_rate,idn.18,Lampung,18,2025,source_annual_period,11.29,percent,observed,m5_underemployment_source_period,m5prov_cd9b7ab9b641726502141282,bps_current_38_province_2024plus,sakernas_underemployment_source_period_current38,,BPS national domain 0000; source vertical=38 Provinsi; source selector=turvar:0:Tidak ada|turtahun:0:Tahun; source universe=Employed population meeting the BPS underemployment definition; transform=identity; current-boundary panel begins 2024 to avoid silent pre-DOB Papua harmonization
m5obs_7e20c790c70c7977c0ab7a72,unemployment_rate,idn.18,Lampung,18,2025,Agustus,4.21,percent,observed,m5_unemployment_august,m5prov_6520459329cad74d272fe92e,bps_current_38_province_2024plus,sakernas_unemployment_august_current38,,BPS national domain 0000; source vertical=38 Provinsi; source selector=turvar:0:Tidak ada|turtahun:190:Agustus; source universe=Labor force under the official Sakernas open-unemployment definition; transform=identity; current-boundary panel begins 2024 to avoid silent pre-DOB Papua harmonization
m5obs_909b94b5c0ad88df7ff9ae0e,gini_ratio,idn.19,Kepulauan Bangka Belitung,19,2025,Maret,0.222,index,observed,m5_gini_march,m5prov_9325ac10d2e17606bcf2fdfb,bps_current_38_province_2024plus,susenas_gini_march_current38,,BPS national domain 0000; source vertical=38 Provinsi; source selector=turvar:191:Perkotaan+Perdesaan|turtahun:61:Semester 1 (Maret); source universe=Population represented by the Susenas expenditure-welfare aggregate; transform=identity; current-boundary panel begins 2024 to avoid silent pre-DOB Papua harmonization
m5obs_7c5cb46aeca69c36ce8b9b3c,neet_rate,idn.19,Kepulauan Bangka Belitung,19,2025,source_annual_period,18.16,percent,observed,m5_neet_source_period,m5prov_e5925e2ab2cd9425b9e6ea8a,bps_current_38_province_2024plus,sakernas_neet_15_24_current38,,BPS national domain 0000; source vertical=38 Provinsi; source selector=turvar:0:Tidak ada|turtahun:0:Tahun; source universe=People age 15 to 24 not in employment education or training under the BPS Sakernas definition; transform=identity; current-boundary panel begins 2024 to avoid silent pre-DOB Papua harmonization
m5obs_79da3f041fa4ed4a2a9923ef,poverty_rate,idn.19,Kepulauan Bangka Belitung,19,2025,Maret,5,percent,observed,m5_poverty_march,m5prov_c4a68e4cd387608533c7030a,bps_current_38_province_2024plus,susenas_poverty_march_current38,,BPS national domain 0000; source vertical=38 Provinsi; source selector=turvar:434:Jumlah|turtahun:61:Semester 1 (Maret); source universe=Population under the official BPS poverty-line methodology; transform=identity; current-boundary panel begins 2024 to avoid silent pre-DOB Papua harmonization
m5obs_3551086488f5f9bc60e08947,real_grdp_per_capita,idn.19,Kepulauan Bangka Belitung,19,2025,Tahun,40.81139,million_rupiah_per_person_constant_2010,derived,m5_real_grdp_pc_adhk2010,m5prov_5eb61e46b3ff5ef90cc17fa4,bps_current_38_province_2024plus,bps_grdp_per_capita_series2010_adhk,constant_2010_prices,BPS national domain 0000; source vertical=38 Provinsi; source selector=turvar:531:Harga Konstan 2010|turtahun:0:Tahun; source universe=Resident population denominator embedded in the official BPS per-capita statistic; transform=divide_1000; current-boundary panel begins 2024 to avoid silent pre-DOB Papua harmonization
m5obs_21ea753bed2dc350b523dd43,underemployment_rate,idn.19,Kepulauan Bangka Belitung,19,2025,source_annual_period,7.38,percent,observed,m5_underemployment_source_period,m5prov_cd9b7ab9b641726502141282,bps_current_38_province_2024plus,sakernas_underemployment_source_period_current38,,BPS national domain 0000; source vertical=38 Provinsi; source selector=turvar:0:Tidak ada|turtahun:0:Tahun; source universe=Employed population meeting the BPS underemployment definition; transform=identity; current-boundary panel begins 2024 to avoid silent pre-DOB Papua harmonization
m5obs_ec4dc4286ea5a0b93c8426e3,unemployment_rate,idn.19,Kepulauan Bangka Belitung,19,2025,Agustus,4.45,percent,observed,m5_unemployment_august,m5prov_6520459329cad74d272fe92e,bps_current_38_province_2024plus,sakernas_unemployment_august_current38,,BPS national domain 0000; source vertical=38 Provinsi; source selector=turvar:0:Tidak ada|turtahun:190:Agustus; source universe=Labor force under the official Sakernas open-unemployment definition; transform=identity; current-boundary panel begins 2024 to avoid silent pre-DOB Papua harmonization
m5obs_22d013aa71e74230b9557a14,gini_ratio,idn.21,Kepulauan Riau,21,2025,Maret,0.382,index,observed,m5_gini_march,m5prov_9325ac10d2e17606bcf2fdfb,bps_current_38_province_2024plus,susenas_gini_march_current38,,BPS national domain 0000; source vertical=38 Provinsi; source selector=turvar:191:Perkotaan+Perdesaan|turtahun:61:Semester 1 (Maret); source universe=Population represented by the Susenas expenditure-welfare aggregate; transform=identity; current-boundary panel begins 2024 to avoid silent pre-DOB Papua harmonization
m5obs_3a9c1a06115845d4885122c5,neet_rate,idn.21,Kepulauan Riau,21,2025,source_annual_period,16.16,percent,observed,m5_neet_source_period,m5prov_e5925e2ab2cd9425b9e6ea8a,bps_current_38_province_2024plus,sakernas_neet_15_24_current38,,BPS national domain 0000; source vertical=38 Provinsi; source selector=turvar:0:Tidak ada|turtahun:0:Tahun; source universe=People age 15 to 24 not in employment education or training under the BPS Sakernas definition; transform=identity; current-boundary panel begins 2024 to avoid silent pre-DOB Papua harmonization
m5obs_a9affc8bb3b15f197abec00d,poverty_rate,idn.21,Kepulauan Riau,21,2025,Maret,4.44,percent,observed,m5_poverty_march,m5prov_c4a68e4cd387608533c7030a,bps_current_38_province_2024plus,susenas_poverty_march_current38,,BPS national domain 0000; source vertical=38 Provinsi; source selector=turvar:434:Jumlah|turtahun:61:Semester 1 (Maret); source universe=Population under the official BPS poverty-line methodology; transform=identity; current-boundary panel begins 2024 to avoid silent pre-DOB Papua harmonization
m5obs_62014f2bf14434fbdf36acc9,real_grdp_per_capita,idn.21,Kepulauan Riau,21,2025,Tahun,101.42723,million_rupiah_per_person_constant_2010,derived,m5_real_grdp_pc_adhk2010,m5prov_5eb61e46b3ff5ef90cc17fa4,bps_current_38_province_2024plus,bps_grdp_per_capita_series2010_adhk,constant_2010_prices,BPS national domain 0000; source vertical=38 Provinsi; source selector=turvar:531:Harga Konstan 2010|turtahun:0:Tahun; source universe=Resident population denominator embedded in the official BPS per-capita statistic; transform=divide_1000; current-boundary panel begins 2024 to avoid silent pre-DOB Papua harmonization
m5obs_cabee439b0ef7770b5252c51,underemployment_rate,idn.21,Kepulauan Riau,21,2025,source_annual_period,5.01,percent,observed,m5_underemployment_source_period,m5prov_cd9b7ab9b641726502141282,bps_current_38_province_2024plus,sakernas_underemployment_source_period_current38,,BPS national domain 0000; source vertical=38 Provinsi; source selector=turvar:0:Tidak ada|turtahun:0:Tahun; source universe=Employed population meeting the BPS underemployment definition; transform=identity; current-boundary panel begins 2024 to avoid silent pre-DOB Papua harmonization
m5obs_7229e20a72a37b57e755ddc7,unemployment_rate,idn.21,Kepulauan Riau,21,2025,Agustus,6.45,percent,observed,m5_unemployment_august,m5prov_6520459329cad74d272fe92e,bps_current_38_province_2024plus,sakernas_unemployment_august_current38,,BPS national domain 0000; source vertical=38 Provinsi; source selector=turvar:0:Tidak ada|turtahun:190:Agustus; source universe=Labor force under the official Sakernas open-unemployment definition; transform=identity; current-boundary panel begins 2024 to avoid silent pre-DOB Papua harmonization
m5obs_7cf55b1e187d28efdebd8ab6,gini_ratio,idn.31,DKI Jakarta,31,2025,Maret,0.441,index,observed,m5_gini_march,m5prov_9325ac10d2e17606bcf2fdfb,bps_current_38_province_2024plus,susenas_gini_march_current38,,BPS national domain 0000; source vertical=38 Provinsi; source selector=turvar:191:Perkotaan+Perdesaan|turtahun:61:Semester 1 (Maret); source universe=Population represented by the Susenas expenditure-welfare aggregate; transform=identity; current-boundary panel begins 2024 to avoid silent pre-DOB Papua harmonization
m5obs_a031b6202ecb2f34c4563ca4,neet_rate,idn.31,DKI Jakarta,31,2025,source_annual_period,12.83,percent,observed,m5_neet_source_period,m5prov_e5925e2ab2cd9425b9e6ea8a,bps_current_38_province_2024plus,sakernas_neet_15_24_current38,,BPS national domain 0000; source vertical=38 Provinsi; source selector=turvar:0:Tidak ada|turtahun:0:Tahun; source universe=People age 15 to 24 not in employment education or training under the BPS Sakernas definition; transform=identity; current-boundary panel begins 2024 to avoid silent pre-DOB Papua harmonization
m5obs_d9f73796fef8830639d55df6,poverty_rate,idn.31,DKI Jakarta,31,2025,Maret,4.28,percent,observed,m5_poverty_march,m5prov_c4a68e4cd387608533c7030a,bps_current_38_province_2024plus,susenas_poverty_march_current38,,BPS national domain 0000; source vertical=38 Provinsi; source selector=turvar:434:Jumlah|turtahun:61:Semester 1 (Maret); source universe=Population under the official BPS poverty-line methodology; transform=identity; current-boundary panel begins 2024 to avoid silent pre-DOB Papua harmonization
m5obs_c0fa57ece75f8b29b90066d7,real_grdp_per_capita,idn.31,DKI Jakarta,31,2025,Tahun,211.95377,million_rupiah_per_person_constant_2010,derived,m5_real_grdp_pc_adhk2010,m5prov_5eb61e46b3ff5ef90cc17fa4,bps_current_38_province_2024plus,bps_grdp_per_capita_series2010_adhk,constant_2010_prices,BPS national domain 0000; source vertical=38 Provinsi; source selector=turvar:531:Harga Konstan 2010|turtahun:0:Tahun; source universe=Resident population denominator embedded in the official BPS per-capita statistic; transform=divide_1000; current-boundary panel begins 2024 to avoid silent pre-DOB Papua harmonization
m5obs_05f75a14f4535fe986d5c3e5,underemployment_rate,idn.31,DKI Jakarta,31,2025,source_annual_period,3.22,percent,observed,m5_underemployment_source_period,m5prov_cd9b7ab9b641726502141282,bps_current_38_province_2024plus,sakernas_underemployment_source_period_current38,,BPS national domain 0000; source vertical=38 Provinsi; source selector=turvar:0:Tidak ada|turtahun:0:Tahun; source universe=Employed population meeting the BPS underemployment definition; transform=identity; current-boundary panel begins 2024 to avoid silent pre-DOB Papua harmonization
m5obs_7c485eb873878ec5102b0e46,unemployment_rate,idn.31,DKI Jakarta,31,2025,Agustus,6.05,percent,observed,m5_unemployment_august,m5prov_6520459329cad74d272fe92e,bps_current_38_province_2024plus,sakernas_unemployment_august_current38,,BPS national domain 0000; source vertical=38 Provinsi; source selector=turvar:0:Tidak ada|turtahun:190:Agustus; source universe=Labor force under the official Sakernas open-unemployment definition; transform=identity; current-boundary panel begins 2024 to avoid silent pre-DOB Papua harmonization
m5obs_cf289ca52e0e74a80caa027d,gini_ratio,idn.32,Jawa Barat,32,2025,Maret,0.416,index,observed,m5_gini_march,m5prov_9325ac10d2e17606bcf2fdfb,bps_current_38_province_2024plus,susenas_gini_march_current38,,BPS national domain 0000; source vertical=38 Provinsi; source selector=turvar:191:Perkotaan+Perdesaan|turtahun:61:Semester 1 (Maret); source universe=Population represented by the Susenas expenditure-welfare aggregate; transform=identity; current-boundary panel begins 2024 to avoid silent pre-DOB Papua harmonization
m5obs_8d0cd85fc15e7e3c48696169,neet_rate,idn.32,Jawa Barat,32,2025,source_annual_period,24.84,percent,observed,m5_neet_source_period,m5prov_e5925e2ab2cd9425b9e6ea8a,bps_current_38_province_2024plus,sakernas_neet_15_24_current38,,BPS national domain 0000; source vertical=38 Provinsi; source selector=turvar:0:Tidak ada|turtahun:0:Tahun; source universe=People age 15 to 24 not in employment education or training under the BPS Sakernas definition; transform=identity; current-boundary panel begins 2024 to avoid silent pre-DOB Papua harmonization
m5obs_ceab8f2d67d09c2e68e295e2,poverty_rate,idn.32,Jawa Barat,32,2025,Maret,7.02,percent,observed,m5_poverty_march,m5prov_c4a68e4cd387608533c7030a,bps_current_38_province_2024plus,susenas_poverty_march_current38,,BPS national domain 0000; source vertical=38 Provinsi; source selector=turvar:434:Jumlah|turtahun:61:Semester 1 (Maret); source universe=Population under the official BPS poverty-line methodology; transform=identity; current-boundary panel begins 2024 to avoid silent pre-DOB Papua harmonization
m5obs_02a2de8b78cfaab6eff85b85,real_grdp_per_capita,idn.32,Jawa Barat,32,2025,Tahun,36.35447,million_rupiah_per_person_constant_2010,derived,m5_real_grdp_pc_adhk2010,m5prov_5eb61e46b3ff5ef90cc17fa4,bps_current_38_province_2024plus,bps_grdp_per_capita_series2010_adhk,constant_2010_prices,BPS national domain 0000; source vertical=38 Provinsi; source selector=turvar:531:Harga Konstan 2010|turtahun:0:Tahun; source universe=Resident population denominator embedded in the official BPS per-capita statistic; transform=divide_1000; current-boundary panel begins 2024 to avoid silent pre-DOB Papua harmonization
m5obs_002009c709ed936f85cc7542,underemployment_rate,idn.32,Jawa Barat,32,2025,source_annual_period,8.35,percent,observed,m5_underemployment_source_period,m5prov_cd9b7ab9b641726502141282,bps_current_38_province_2024plus,sakernas_underemployment_source_period_current38,,BPS national domain 0000; source vertical=38 Provinsi; source selector=turvar:0:Tidak ada|turtahun:0:Tahun; source universe=Employed population meeting the BPS underemployment definition; transform=identity; current-boundary panel begins 2024 to avoid silent pre-DOB Papua harmonization
m5obs_a3775f113d50ff0f083808d9,unemployment_rate,idn.32,Jawa Barat,32,2025,Agustus,6.77,percent,observed,m5_unemployment_august,m5prov_6520459329cad74d272fe92e,bps_current_38_province_2024plus,sakernas_unemployment_august_current38,,BPS national domain 0000; source vertical=38 Provinsi; source selector=turvar:0:Tidak ada|turtahun:190:Agustus; source universe=Labor force under the official Sakernas open-unemployment definition; transform=identity; current-boundary panel begins 2024 to avoid silent pre-DOB Papua harmonization
m5obs_d7ec0120c0ddb1142c944b42,gini_ratio,idn.33,Jawa Tengah,33,2025,Maret,0.359,index,observed,m5_gini_march,m5prov_9325ac10d2e17606bcf2fdfb,bps_current_38_province_2024plus,susenas_gini_march_current38,,BPS national domain 0000; source vertical=38 Provinsi; source selector=turvar:191:Perkotaan+Perdesaan|turtahun:61:Semester 1 (Maret); source universe=Population represented by the Susenas expenditure-welfare aggregate; transform=identity; current-boundary panel begins 2024 to avoid silent pre-DOB Papua harmonization
m5obs_a878ae6c7be3ac15786eb654,neet_rate,idn.33,Jawa Tengah,33,2025,source_annual_period,16.67,percent,observed,m5_neet_source_period,m5prov_e5925e2ab2cd9425b9e6ea8a,bps_current_38_province_2024plus,sakernas_neet_15_24_current38,,BPS national domain 0000; source vertical=38 Provinsi; source selector=turvar:0:Tidak ada|turtahun:0:Tahun; source universe=People age 15 to 24 not in employment education or training under the BPS Sakernas definition; transform=identity; current-boundary panel begins 2024 to avoid silent pre-DOB Papua harmonization
m5obs_cf7100a5fada50da4c731ae7,poverty_rate,idn.33,Jawa Tengah,33,2025,Maret,9.48,percent,observed,m5_poverty_march,m5prov_c4a68e4cd387608533c7030a,bps_current_38_province_2024plus,susenas_poverty_march_current38,,BPS national domain 0000; source vertical=38 Provinsi; source selector=turvar:434:Jumlah|turtahun:61:Semester 1 (Maret); source universe=Population under the official BPS poverty-line methodology; transform=identity; current-boundary panel begins 2024 to avoid silent pre-DOB Papua harmonization
m5obs_223d55e90b5ac330c0d5edc3,real_grdp_per_capita,idn.33,Jawa Tengah,33,2025,Tahun,31.88656,million_rupiah_per_person_constant_2010,derived,m5_real_grdp_pc_adhk2010,m5prov_5eb61e46b3ff5ef90cc17fa4,bps_current_38_province_2024plus,bps_grdp_per_capita_series2010_adhk,constant_2010_prices,BPS national domain 0000; source vertical=38 Provinsi; source selector=turvar:531:Harga Konstan 2010|turtahun:0:Tahun; source universe=Resident population denominator embedded in the official BPS per-capita statistic; transform=divide_1000; current-boundary panel begins 2024 to avoid silent pre-DOB Papua harmonization
m5obs_ff754c012eae08b0ab11ce0c,underemployment_rate,idn.33,Jawa Tengah,33,2025,source_annual_period,7,percent,observed,m5_underemployment_source_period,m5prov_cd9b7ab9b641726502141282,bps_current_38_province_2024plus,sakernas_underemployment_source_period_current38,,BPS national domain 0000; source vertical=38 Provinsi; source selector=turvar:0:Tidak ada|turtahun:0:Tahun; source universe=Employed population meeting the BPS underemployment definition; transform=identity; current-boundary panel begins 2024 to avoid silent pre-DOB Papua harmonization
m5obs_661aa2b224962007ac9dc53e,unemployment_rate,idn.33,Jawa Tengah,33,2025,Agustus,4.66,percent,observed,m5_unemployment_august,m5prov_6520459329cad74d272fe92e,bps_current_38_province_2024plus,sakernas_unemployment_august_current38,,BPS national domain 0000; source vertical=38 Provinsi; source selector=turvar:0:Tidak ada|turtahun:190:Agustus; source universe=Labor force under the official Sakernas open-unemployment definition; transform=identity; current-boundary panel begins 2024 to avoid silent pre-DOB Papua harmonization
m5obs_534e58c2ca9e2585273e351f,gini_ratio,idn.34,DI Yogyakarta,34,2025,Maret,0.426,index,observed,m5_gini_march,m5prov_9325ac10d2e17606bcf2fdfb,bps_current_38_province_2024plus,susenas_gini_march_current38,,BPS national domain 0000; source vertical=38 Provinsi; source selector=turvar:191:Perkotaan+Perdesaan|turtahun:61:Semester 1 (Maret); source universe=Population represented by the Susenas expenditure-welfare aggregate; transform=identity; current-boundary panel begins 2024 to avoid silent pre-DOB Papua harmonization
m5obs_1e498dce66b74ba4a296e937,neet_rate,idn.34,DI Yogyakarta,34,2025,source_annual_period,11.25,percent,observed,m5_neet_source_period,m5prov_e5925e2ab2cd9425b9e6ea8a,bps_current_38_province_2024plus,sakernas_neet_15_24_current38,,BPS national domain 0000; source vertical=38 Provinsi; source selector=turvar:0:Tidak ada|turtahun:0:Tahun; source universe=People age 15 to 24 not in employment education or training under the BPS Sakernas definition; transform=identity; current-boundary panel begins 2024 to avoid silent pre-DOB Papua harmonization
m5obs_86b9680d2ad3ff519c3eee74,poverty_rate,idn.34,DI Yogyakarta,34,2025,Maret,10.23,percent,observed,m5_poverty_march,m5prov_c4a68e4cd387608533c7030a,bps_current_38_province_2024plus,susenas_poverty_march_current38,,BPS national domain 0000; source vertical=38 Provinsi; source selector=turvar:434:Jumlah|turtahun:61:Semester 1 (Maret); source universe=Population under the official BPS poverty-line methodology; transform=identity; current-boundary panel begins 2024 to avoid silent pre-DOB Papua harmonization
m5obs_fabdde9ca5d140f6cab070c0,real_grdp_per_capita,idn.34,DI Yogyakarta,34,2025,Tahun,34.75717,million_rupiah_per_person_constant_2010,derived,m5_real_grdp_pc_adhk2010,m5prov_5eb61e46b3ff5ef90cc17fa4,bps_current_38_province_2024plus,bps_grdp_per_capita_series2010_adhk,constant_2010_prices,BPS national domain 0000; source vertical=38 Provinsi; source selector=turvar:531:Harga Konstan 2010|turtahun:0:Tahun; source universe=Resident population denominator embedded in the official BPS per-capita statistic; transform=divide_1000; current-boundary panel begins 2024 to avoid silent pre-DOB Papua harmonization
m5obs_b6b96b86814765bc77434be4,underemployment_rate,idn.34,DI Yogyakarta,34,2025,source_annual_period,5.56,percent,observed,m5_underemployment_source_period,m5prov_cd9b7ab9b641726502141282,bps_current_38_province_2024plus,sakernas_underemployment_source_period_current38,,BPS national domain 0000; source vertical=38 Provinsi; source selector=turvar:0:Tidak ada|turtahun:0:Tahun; source universe=Employed population meeting the BPS underemployment definition; transform=identity; current-boundary panel begins 2024 to avoid silent pre-DOB Papua harmonization
m5obs_8c9bd01bcda6a1f1eaa1fa3a,unemployment_rate,idn.34,DI Yogyakarta,34,2025,Agustus,3.46,percent,observed,m5_unemployment_august,m5prov_6520459329cad74d272fe92e,bps_current_38_province_2024plus,sakernas_unemployment_august_current38,,BPS national domain 0000; source vertical=38 Provinsi; source selector=turvar:0:Tidak ada|turtahun:190:Agustus; source universe=Labor force under the official Sakernas open-unemployment definition; transform=identity; current-boundary panel begins 2024 to avoid silent pre-DOB Papua harmonization
m5obs_0bcd50c4098ea0e2efdec2ce,gini_ratio,idn.35,Jawa Timur,35,2025,Maret,0.369,index,observed,m5_gini_march,m5prov_9325ac10d2e17606bcf2fdfb,bps_current_38_province_2024plus,susenas_gini_march_current38,,BPS national domain 0000; source vertical=38 Provinsi; source selector=turvar:191:Perkotaan+Perdesaan|turtahun:61:Semester 1 (Maret); source universe=Population represented by the Susenas expenditure-welfare aggregate; transform=identity; current-boundary panel begins 2024 to avoid silent pre-DOB Papua harmonization
m5obs_c1a3a24b38321f8b6ed31b73,neet_rate,idn.35,Jawa Timur,35,2025,source_annual_period,16.76,percent,observed,m5_neet_source_period,m5prov_e5925e2ab2cd9425b9e6ea8a,bps_current_38_province_2024plus,sakernas_neet_15_24_current38,,BPS national domain 0000; source vertical=38 Provinsi; source selector=turvar:0:Tidak ada|turtahun:0:Tahun; source universe=People age 15 to 24 not in employment education or training under the BPS Sakernas definition; transform=identity; current-boundary panel begins 2024 to avoid silent pre-DOB Papua harmonization
m5obs_d713ca75cc2704189246ca42,poverty_rate,idn.35,Jawa Timur,35,2025,Maret,9.5,percent,observed,m5_poverty_march,m5prov_c4a68e4cd387608533c7030a,bps_current_38_province_2024plus,susenas_poverty_march_current38,,BPS national domain 0000; source vertical=38 Provinsi; source selector=turvar:434:Jumlah|turtahun:61:Semester 1 (Maret); source universe=Population under the official BPS poverty-line methodology; transform=identity; current-boundary panel begins 2024 to avoid silent pre-DOB Papua harmonization
m5obs_f4ab2121307ec6a6c53c2b25,real_grdp_per_capita,idn.35,Jawa Timur,35,2025,Tahun,48.44374,million_rupiah_per_person_constant_2010,derived,m5_real_grdp_pc_adhk2010,m5prov_5eb61e46b3ff5ef90cc17fa4,bps_current_38_province_2024plus,bps_grdp_per_capita_series2010_adhk,constant_2010_prices,BPS national domain 0000; source vertical=38 Provinsi; source selector=turvar:531:Harga Konstan 2010|turtahun:0:Tahun; source universe=Resident population denominator embedded in the official BPS per-capita statistic; transform=divide_1000; current-boundary panel begins 2024 to avoid silent pre-DOB Papua harmonization
m5obs_b71852f8954450530bf6c768,underemployment_rate,idn.35,Jawa Timur,35,2025,source_annual_period,6.56,percent,observed,m5_underemployment_source_period,m5prov_cd9b7ab9b641726502141282,bps_current_38_province_2024plus,sakernas_underemployment_source_period_current38,,BPS national domain 0000; source vertical=38 Provinsi; source selector=turvar:0:Tidak ada|turtahun:0:Tahun; source universe=Employed population meeting the BPS underemployment definition; transform=identity; current-boundary panel begins 2024 to avoid silent pre-DOB Papua harmonization
m5obs_3362f90cde3a283206093f63,unemployment_rate,idn.35,Jawa Timur,35,2025,Agustus,3.88,percent,observed,m5_unemployment_august,m5prov_6520459329cad74d272fe92e,bps_current_38_province_2024plus,sakernas_unemployment_august_current38,,BPS national domain 0000; source vertical=38 Provinsi; source selector=turvar:0:Tidak ada|turtahun:190:Agustus; source universe=Labor force under the official Sakernas open-unemployment definition; transform=identity; current-boundary panel begins 2024 to avoid silent pre-DOB Papua harmonization
m5obs_89d483c421a8abce91d6cb91,gini_ratio,idn.36,Banten,36,2025,Maret,0.33,index,observed,m5_gini_march,m5prov_9325ac10d2e17606bcf2fdfb,bps_current_38_province_2024plus,susenas_gini_march_current38,,BPS national domain 0000; source vertical=38 Provinsi; source selector=turvar:191:Perkotaan+Perdesaan|turtahun:61:Semester 1 (Maret); source universe=Population represented by the Susenas expenditure-welfare aggregate; transform=identity; current-boundary panel begins 2024 to avoid silent pre-DOB Papua harmonization
m5obs_7ad50a32eda540fdbf935dd9,neet_rate,idn.36,Banten,36,2025,source_annual_period,23.72,percent,observed,m5_neet_source_period,m5prov_e5925e2ab2cd9425b9e6ea8a,bps_current_38_province_2024plus,sakernas_neet_15_24_current38,,BPS national domain 0000; source vertical=38 Provinsi; source selector=turvar:0:Tidak ada|turtahun:0:Tahun; source universe=People age 15 to 24 not in employment education or training under the BPS Sakernas definition; transform=identity; current-boundary panel begins 2024 to avoid silent pre-DOB Papua harmonization
m5obs_4ac3dbd86392c66adbe0b9b4,poverty_rate,idn.36,Banten,36,2025,Maret,5.63,percent,observed,m5_poverty_march,m5prov_c4a68e4cd387608533c7030a,bps_current_38_province_2024plus,susenas_poverty_march_current38,,BPS national domain 0000; source vertical=38 Provinsi; source selector=turvar:434:Jumlah|turtahun:61:Semester 1 (Maret); source universe=Population under the official BPS poverty-line methodology; transform=identity; current-boundary panel begins 2024 to avoid silent pre-DOB Papua harmonization
m5obs_08494e50228fced430f6bf09,real_grdp_per_capita,idn.36,Banten,36,2025,Tahun,44.68783,million_rupiah_per_person_constant_2010,derived,m5_real_grdp_pc_adhk2010,m5prov_5eb61e46b3ff5ef90cc17fa4,bps_current_38_province_2024plus,bps_grdp_per_capita_series2010_adhk,constant_2010_prices,BPS national domain 0000; source vertical=38 Provinsi; source selector=turvar:531:Harga Konstan 2010|turtahun:0:Tahun; source universe=Resident population denominator embedded in the official BPS per-capita statistic; transform=divide_1000; current-boundary panel begins 2024 to avoid silent pre-DOB Papua harmonization
m5obs_583d0253c89cdb3eae569c3d,underemployment_rate,idn.36,Banten,36,2025,source_annual_period,6.66,percent,observed,m5_underemployment_source_period,m5prov_cd9b7ab9b641726502141282,bps_current_38_province_2024plus,sakernas_underemployment_source_period_current38,,BPS national domain 0000; source vertical=38 Provinsi; source selector=turvar:0:Tidak ada|turtahun:0:Tahun; source universe=Employed population meeting the BPS underemployment definition; transform=identity; current-boundary panel begins 2024 to avoid silent pre-DOB Papua harmonization
m5obs_daa4b52ac0a7beae3b6edc25,unemployment_rate,idn.36,Banten,36,2025,Agustus,6.69,percent,observed,m5_unemployment_august,m5prov_6520459329cad74d272fe92e,bps_current_38_province_2024plus,sakernas_unemployment_august_current38,,BPS national domain 0000; source vertical=38 Provinsi; source selector=turvar:0:Tidak ada|turtahun:190:Agustus; source universe=Labor force under the official Sakernas open-unemployment definition; transform=identity; current-boundary panel begins 2024 to avoid silent pre-DOB Papua harmonization
m5obs_4095c001a8a6b21cd8c00110,gini_ratio,idn.51,Bali,51,2025,Maret,0.353,index,observed,m5_gini_march,m5prov_9325ac10d2e17606bcf2fdfb,bps_current_38_province_2024plus,susenas_gini_march_current38,,BPS national domain 0000; source vertical=38 Provinsi; source selector=turvar:191:Perkotaan+Perdesaan|turtahun:61:Semester 1 (Maret); source universe=Population represented by the Susenas expenditure-welfare aggregate; transform=identity; current-boundary panel begins 2024 to avoid silent pre-DOB Papua harmonization
m5obs_39526487b0e6422c446f2aeb,neet_rate,idn.51,Bali,51,2025,source_annual_period,5.33,percent,observed,m5_neet_source_period,m5prov_e5925e2ab2cd9425b9e6ea8a,bps_current_38_province_2024plus,sakernas_neet_15_24_current38,,BPS national domain 0000; source vertical=38 Provinsi; source selector=turvar:0:Tidak ada|turtahun:0:Tahun; source universe=People age 15 to 24 not in employment education or training under the BPS Sakernas definition; transform=identity; current-boundary panel begins 2024 to avoid silent pre-DOB Papua harmonization
m5obs_50386c504ef157cc4728b64d,poverty_rate,idn.51,Bali,51,2025,Maret,3.72,percent,observed,m5_poverty_march,m5prov_c4a68e4cd387608533c7030a,bps_current_38_province_2024plus,susenas_poverty_march_current38,,BPS national domain 0000; source vertical=38 Provinsi; source selector=turvar:434:Jumlah|turtahun:61:Semester 1 (Maret); source universe=Population under the official BPS poverty-line methodology; transform=identity; current-boundary panel begins 2024 to avoid silent pre-DOB Papua harmonization
m5obs_0bb6e51872dfed37294510d1,real_grdp_per_capita,idn.51,Bali,51,2025,Tahun,39.8974,million_rupiah_per_person_constant_2010,derived,m5_real_grdp_pc_adhk2010,m5prov_5eb61e46b3ff5ef90cc17fa4,bps_current_38_province_2024plus,bps_grdp_per_capita_series2010_adhk,constant_2010_prices,BPS national domain 0000; source vertical=38 Provinsi; source selector=turvar:531:Harga Konstan 2010|turtahun:0:Tahun; source universe=Resident population denominator embedded in the official BPS per-capita statistic; transform=divide_1000; current-boundary panel begins 2024 to avoid silent pre-DOB Papua harmonization
m5obs_dd28c08f39a9f3924a348f8e,underemployment_rate,idn.51,Bali,51,2025,source_annual_period,2.8,percent,observed,m5_underemployment_source_period,m5prov_cd9b7ab9b641726502141282,bps_current_38_province_2024plus,sakernas_underemployment_source_period_current38,,BPS national domain 0000; source vertical=38 Provinsi; source selector=turvar:0:Tidak ada|turtahun:0:Tahun; source universe=Employed population meeting the BPS underemployment definition; transform=identity; current-boundary panel begins 2024 to avoid silent pre-DOB Papua harmonization
m5obs_82a22d1ecbb0cc96b64d4d3b,unemployment_rate,idn.51,Bali,51,2025,Agustus,1.49,percent,observed,m5_unemployment_august,m5prov_6520459329cad74d272fe92e,bps_current_38_province_2024plus,sakernas_unemployment_august_current38,,BPS national domain 0000; source vertical=38 Provinsi; source selector=turvar:0:Tidak ada|turtahun:190:Agustus; source universe=Labor force under the official Sakernas open-unemployment definition; transform=identity; current-boundary panel begins 2024 to avoid silent pre-DOB Papua harmonization
m5obs_daf04f7eebc7d0cb3fbbe1a6,gini_ratio,idn.52,Nusa Tenggara Barat,52,2025,Maret,0.369,index,observed,m5_gini_march,m5prov_9325ac10d2e17606bcf2fdfb,bps_current_38_province_2024plus,susenas_gini_march_current38,,BPS national domain 0000; source vertical=38 Provinsi; source selector=turvar:191:Perkotaan+Perdesaan|turtahun:61:Semester 1 (Maret); source universe=Population represented by the Susenas expenditure-welfare aggregate; transform=identity; current-boundary panel begins 2024 to avoid silent pre-DOB Papua harmonization
m5obs_b2f2b9bed52ae1a7e2cdf82b,neet_rate,idn.52,Nusa Tenggara Barat,52,2025,source_annual_period,16.37,percent,observed,m5_neet_source_period,m5prov_e5925e2ab2cd9425b9e6ea8a,bps_current_38_province_2024plus,sakernas_neet_15_24_current38,,BPS national domain 0000; source vertical=38 Provinsi; source selector=turvar:0:Tidak ada|turtahun:0:Tahun; source universe=People age 15 to 24 not in employment education or training under the BPS Sakernas definition; transform=identity; current-boundary panel begins 2024 to avoid silent pre-DOB Papua harmonization
m5obs_9535cc3ed982852043554072,poverty_rate,idn.52,Nusa Tenggara Barat,52,2025,Maret,11.78,percent,observed,m5_poverty_march,m5prov_c4a68e4cd387608533c7030a,bps_current_38_province_2024plus,susenas_poverty_march_current38,,BPS national domain 0000; source vertical=38 Provinsi; source selector=turvar:434:Jumlah|turtahun:61:Semester 1 (Maret); source universe=Population under the official BPS poverty-line methodology; transform=identity; current-boundary panel begins 2024 to avoid silent pre-DOB Papua harmonization
m5obs_4535384e2eb18713dd65ee1f,real_grdp_per_capita,idn.52,Nusa Tenggara Barat,52,2025,Tahun,19.70632,million_rupiah_per_person_constant_2010,derived,m5_real_grdp_pc_adhk2010,m5prov_5eb61e46b3ff5ef90cc17fa4,bps_current_38_province_2024plus,bps_grdp_per_capita_series2010_adhk,constant_2010_prices,BPS national domain 0000; source vertical=38 Provinsi; source selector=turvar:531:Harga Konstan 2010|turtahun:0:Tahun; source universe=Resident population denominator embedded in the official BPS per-capita statistic; transform=divide_1000; current-boundary panel begins 2024 to avoid silent pre-DOB Papua harmonization
m5obs_964822790969ca3dca1827c9,underemployment_rate,idn.52,Nusa Tenggara Barat,52,2025,source_annual_period,13.94,percent,observed,m5_underemployment_source_period,m5prov_cd9b7ab9b641726502141282,bps_current_38_province_2024plus,sakernas_underemployment_source_period_current38,,BPS national domain 0000; source vertical=38 Provinsi; source selector=turvar:0:Tidak ada|turtahun:0:Tahun; source universe=Employed population meeting the BPS underemployment definition; transform=identity; current-boundary panel begins 2024 to avoid silent pre-DOB Papua harmonization
m5obs_7c50c3895a17f2c35d0e3040,unemployment_rate,idn.52,Nusa Tenggara Barat,52,2025,Agustus,3.06,percent,observed,m5_unemployment_august,m5prov_6520459329cad74d272fe92e,bps_current_38_province_2024plus,sakernas_unemployment_august_current38,,BPS national domain 0000; source vertical=38 Provinsi; source selector=turvar:0:Tidak ada|turtahun:190:Agustus; source universe=Labor force under the official Sakernas open-unemployment definition; transform=identity; current-boundary panel begins 2024 to avoid silent pre-DOB Papua harmonization
m5obs_cfb7a10243f53c5cbba44d85,gini_ratio,idn.53,Nusa Tenggara Timur,53,2025,Maret,0.315,index,observed,m5_gini_march,m5prov_9325ac10d2e17606bcf2fdfb,bps_current_38_province_2024plus,susenas_gini_march_current38,,BPS national domain 0000; source vertical=38 Provinsi; source selector=turvar:191:Perkotaan+Perdesaan|turtahun:61:Semester 1 (Maret); source universe=Population represented by the Susenas expenditure-welfare aggregate; transform=identity; current-boundary panel begins 2024 to avoid silent pre-DOB Papua harmonization
m5obs_2e622889261ebf32fc3a6009,neet_rate,idn.53,Nusa Tenggara Timur,53,2025,source_annual_period,17.62,percent,observed,m5_neet_source_period,m5prov_e5925e2ab2cd9425b9e6ea8a,bps_current_38_province_2024plus,sakernas_neet_15_24_current38,,BPS national domain 0000; source vertical=38 Provinsi; source selector=turvar:0:Tidak ada|turtahun:0:Tahun; source universe=People age 15 to 24 not in employment education or training under the BPS Sakernas definition; transform=identity; current-boundary panel begins 2024 to avoid silent pre-DOB Papua harmonization
m5obs_abc6f7b33a807c595baaa0ea,poverty_rate,idn.53,Nusa Tenggara Timur,53,2025,Maret,18.6,percent,observed,m5_poverty_march,m5prov_c4a68e4cd387608533c7030a,bps_current_38_province_2024plus,susenas_poverty_march_current38,,BPS national domain 0000; source vertical=38 Provinsi; source selector=turvar:434:Jumlah|turtahun:61:Semester 1 (Maret); source universe=Population under the official BPS poverty-line methodology; transform=identity; current-boundary panel begins 2024 to avoid silent pre-DOB Papua harmonization
m5obs_6e4567cf435b5bb355086d51,real_grdp_per_capita,idn.53,Nusa Tenggara Timur,53,2025,Tahun,14.31007,million_rupiah_per_person_constant_2010,derived,m5_real_grdp_pc_adhk2010,m5prov_5eb61e46b3ff5ef90cc17fa4,bps_current_38_province_2024plus,bps_grdp_per_capita_series2010_adhk,constant_2010_prices,BPS national domain 0000; source vertical=38 Provinsi; source selector=turvar:531:Harga Konstan 2010|turtahun:0:Tahun; source universe=Resident population denominator embedded in the official BPS per-capita statistic; transform=divide_1000; current-boundary panel begins 2024 to avoid silent pre-DOB Papua harmonization
m5obs_875318cdeefc591ea1f6198c,underemployment_rate,idn.53,Nusa Tenggara Timur,53,2025,source_annual_period,11.44,percent,observed,m5_underemployment_source_period,m5prov_cd9b7ab9b641726502141282,bps_current_38_province_2024plus,sakernas_underemployment_source_period_current38,,BPS national domain 0000; source vertical=38 Provinsi; source selector=turvar:0:Tidak ada|turtahun:0:Tahun; source universe=Employed population meeting the BPS underemployment definition; transform=identity; current-boundary panel begins 2024 to avoid silent pre-DOB Papua harmonization
m5obs_bcb1cc79c905444a511ebb41,unemployment_rate,idn.53,Nusa Tenggara Timur,53,2025,Agustus,3.31,percent,observed,m5_unemployment_august,m5prov_6520459329cad74d272fe92e,bps_current_38_province_2024plus,sakernas_unemployment_august_current38,,BPS national domain 0000; source vertical=38 Provinsi; source selector=turvar:0:Tidak ada|turtahun:190:Agustus; source universe=Labor force under the official Sakernas open-unemployment definition; transform=identity; current-boundary panel begins 2024 to avoid silent pre-DOB Papua harmonization
m5obs_ddca5c5393fefc0fb03bf31b,gini_ratio,idn.61,Kalimantan Barat,61,2025,Maret,0.316,index,observed,m5_gini_march,m5prov_9325ac10d2e17606bcf2fdfb,bps_current_38_province_2024plus,susenas_gini_march_current38,,BPS national domain 0000; source vertical=38 Provinsi; source selector=turvar:191:Perkotaan+Perdesaan|turtahun:61:Semester 1 (Maret); source universe=Population represented by the Susenas expenditure-welfare aggregate; transform=identity; current-boundary panel begins 2024 to avoid silent pre-DOB Papua harmonization
m5obs_da9648e48ee1fe0b6621b31a,neet_rate,idn.61,Kalimantan Barat,61,2025,source_annual_period,19.63,percent,observed,m5_neet_source_period,m5prov_e5925e2ab2cd9425b9e6ea8a,bps_current_38_province_2024plus,sakernas_neet_15_24_current38,,BPS national domain 0000; source vertical=38 Provinsi; source selector=turvar:0:Tidak ada|turtahun:0:Tahun; source universe=People age 15 to 24 not in employment education or training under the BPS Sakernas definition; transform=identity; current-boundary panel begins 2024 to avoid silent pre-DOB Papua harmonization
m5obs_0fba75f514b8f04c003b7435,poverty_rate,idn.61,Kalimantan Barat,61,2025,Maret,6.16,percent,observed,m5_poverty_march,m5prov_c4a68e4cd387608533c7030a,bps_current_38_province_2024plus,susenas_poverty_march_current38,,BPS national domain 0000; source vertical=38 Provinsi; source selector=turvar:434:Jumlah|turtahun:61:Semester 1 (Maret); source universe=Population under the official BPS poverty-line methodology; transform=identity; current-boundary panel begins 2024 to avoid silent pre-DOB Papua harmonization
m5obs_f67d84abb662955490cc2014,real_grdp_per_capita,idn.61,Kalimantan Barat,61,2025,Tahun,29.7138,million_rupiah_per_person_constant_2010,derived,m5_real_grdp_pc_adhk2010,m5prov_5eb61e46b3ff5ef90cc17fa4,bps_current_38_province_2024plus,bps_grdp_per_capita_series2010_adhk,constant_2010_prices,BPS national domain 0000; source vertical=38 Provinsi; source selector=turvar:531:Harga Konstan 2010|turtahun:0:Tahun; source universe=Resident population denominator embedded in the official BPS per-capita statistic; transform=divide_1000; current-boundary panel begins 2024 to avoid silent pre-DOB Papua harmonization
m5obs_778f70ca6fc2490774bf409f,underemployment_rate,idn.61,Kalimantan Barat,61,2025,source_annual_period,8.39,percent,observed,m5_underemployment_source_period,m5prov_cd9b7ab9b641726502141282,bps_current_38_province_2024plus,sakernas_underemployment_source_period_current38,,BPS national domain 0000; source vertical=38 Provinsi; source selector=turvar:0:Tidak ada|turtahun:0:Tahun; source universe=Employed population meeting the BPS underemployment definition; transform=identity; current-boundary panel begins 2024 to avoid silent pre-DOB Papua harmonization
m5obs_69b3c40512e0fcca02121e47,unemployment_rate,idn.61,Kalimantan Barat,61,2025,Agustus,4.82,percent,observed,m5_unemployment_august,m5prov_6520459329cad74d272fe92e,bps_current_38_province_2024plus,sakernas_unemployment_august_current38,,BPS national domain 0000; source vertical=38 Provinsi; source selector=turvar:0:Tidak ada|turtahun:190:Agustus; source universe=Labor force under the official Sakernas open-unemployment definition; transform=identity; current-boundary panel begins 2024 to avoid silent pre-DOB Papua harmonization
m5obs_517d82d35b450087fd573c6b,gini_ratio,idn.62,Kalimantan Tengah,62,2025,Maret,0.292,index,observed,m5_gini_march,m5prov_9325ac10d2e17606bcf2fdfb,bps_current_38_province_2024plus,susenas_gini_march_current38,,BPS national domain 0000; source vertical=38 Provinsi; source selector=turvar:191:Perkotaan+Perdesaan|turtahun:61:Semester 1 (Maret); source universe=Population represented by the Susenas expenditure-welfare aggregate; transform=identity; current-boundary panel begins 2024 to avoid silent pre-DOB Papua harmonization
m5obs_7f4786dc08334b1f6f2a940a,neet_rate,idn.62,Kalimantan Tengah,62,2025,source_annual_period,21.72,percent,observed,m5_neet_source_period,m5prov_e5925e2ab2cd9425b9e6ea8a,bps_current_38_province_2024plus,sakernas_neet_15_24_current38,,BPS national domain 0000; source vertical=38 Provinsi; source selector=turvar:0:Tidak ada|turtahun:0:Tahun; source universe=People age 15 to 24 not in employment education or training under the BPS Sakernas definition; transform=identity; current-boundary panel begins 2024 to avoid silent pre-DOB Papua harmonization
m5obs_23943e15611b238bdb8fc457,poverty_rate,idn.62,Kalimantan Tengah,62,2025,Maret,5.19,percent,observed,m5_poverty_march,m5prov_c4a68e4cd387608533c7030a,bps_current_38_province_2024plus,susenas_poverty_march_current38,,BPS national domain 0000; source vertical=38 Provinsi; source selector=turvar:434:Jumlah|turtahun:61:Semester 1 (Maret); source universe=Population under the official BPS poverty-line methodology; transform=identity; current-boundary panel begins 2024 to avoid silent pre-DOB Papua harmonization
m5obs_1dd4e1175c789f3404661bdc,real_grdp_per_capita,idn.62,Kalimantan Tengah,62,2025,Tahun,43.71851,million_rupiah_per_person_constant_2010,derived,m5_real_grdp_pc_adhk2010,m5prov_5eb61e46b3ff5ef90cc17fa4,bps_current_38_province_2024plus,bps_grdp_per_capita_series2010_adhk,constant_2010_prices,BPS national domain 0000; source vertical=38 Provinsi; source selector=turvar:531:Harga Konstan 2010|turtahun:0:Tahun; source universe=Resident population denominator embedded in the official BPS per-capita statistic; transform=divide_1000; current-boundary panel begins 2024 to avoid silent pre-DOB Papua harmonization
m5obs_69713c014f4cd6fc32d72dc3,underemployment_rate,idn.62,Kalimantan Tengah,62,2025,source_annual_period,5.97,percent,observed,m5_underemployment_source_period,m5prov_cd9b7ab9b641726502141282,bps_current_38_province_2024plus,sakernas_underemployment_source_period_current38,,BPS national domain 0000; source vertical=38 Provinsi; source selector=turvar:0:Tidak ada|turtahun:0:Tahun; source universe=Employed population meeting the BPS underemployment definition; transform=identity; current-boundary panel begins 2024 to avoid silent pre-DOB Papua harmonization
m5obs_11ac421836dec7cc17e94e6a,unemployment_rate,idn.62,Kalimantan Tengah,62,2025,Agustus,3.97,percent,observed,m5_unemployment_august,m5prov_6520459329cad74d272fe92e,bps_current_38_province_2024plus,sakernas_unemployment_august_current38,,BPS national domain 0000; source vertical=38 Provinsi; source selector=turvar:0:Tidak ada|turtahun:190:Agustus; source universe=Labor force under the official Sakernas open-unemployment definition; transform=identity; current-boundary panel begins 2024 to avoid silent pre-DOB Papua harmonization
m5obs_39602d2a8b7f63f1b0039f8f,gini_ratio,idn.63,Kalimantan Selatan,63,2025,Maret,0.287,index,observed,m5_gini_march,m5prov_9325ac10d2e17606bcf2fdfb,bps_current_38_province_2024plus,susenas_gini_march_current38,,BPS national domain 0000; source vertical=38 Provinsi; source selector=turvar:191:Perkotaan+Perdesaan|turtahun:61:Semester 1 (Maret); source universe=Population represented by the Susenas expenditure-welfare aggregate; transform=identity; current-boundary panel begins 2024 to avoid silent pre-DOB Papua harmonization
m5obs_74fe6fc0a24dbafa47b99a42,neet_rate,idn.63,Kalimantan Selatan,63,2025,source_annual_period,18.59,percent,observed,m5_neet_source_period,m5prov_e5925e2ab2cd9425b9e6ea8a,bps_current_38_province_2024plus,sakernas_neet_15_24_current38,,BPS national domain 0000; source vertical=38 Provinsi; source selector=turvar:0:Tidak ada|turtahun:0:Tahun; source universe=People age 15 to 24 not in employment education or training under the BPS Sakernas definition; transform=identity; current-boundary panel begins 2024 to avoid silent pre-DOB Papua harmonization
m5obs_3d1fd3c7d644b94ca61681de,poverty_rate,idn.63,Kalimantan Selatan,63,2025,Maret,3.84,percent,observed,m5_poverty_march,m5prov_c4a68e4cd387608533c7030a,bps_current_38_province_2024plus,susenas_poverty_march_current38,,BPS national domain 0000; source vertical=38 Provinsi; source selector=turvar:434:Jumlah|turtahun:61:Semester 1 (Maret); source universe=Population under the official BPS poverty-line methodology; transform=identity; current-boundary panel begins 2024 to avoid silent pre-DOB Papua harmonization
m5obs_d0b2787049e373245f640cb9,real_grdp_per_capita,idn.63,Kalimantan Selatan,63,2025,Tahun,38.15538,million_rupiah_per_person_constant_2010,derived,m5_real_grdp_pc_adhk2010,m5prov_5eb61e46b3ff5ef90cc17fa4,bps_current_38_province_2024plus,bps_grdp_per_capita_series2010_adhk,constant_2010_prices,BPS national domain 0000; source vertical=38 Provinsi; source selector=turvar:531:Harga Konstan 2010|turtahun:0:Tahun; source universe=Resident population denominator embedded in the official BPS per-capita statistic; transform=divide_1000; current-boundary panel begins 2024 to avoid silent pre-DOB Papua harmonization
m5obs_58f69828d77a0d9993eab57d,underemployment_rate,idn.63,Kalimantan Selatan,63,2025,source_annual_period,7.39,percent,observed,m5_underemployment_source_period,m5prov_cd9b7ab9b641726502141282,bps_current_38_province_2024plus,sakernas_underemployment_source_period_current38,,BPS national domain 0000; source vertical=38 Provinsi; source selector=turvar:0:Tidak ada|turtahun:0:Tahun; source universe=Employed population meeting the BPS underemployment definition; transform=identity; current-boundary panel begins 2024 to avoid silent pre-DOB Papua harmonization
m5obs_4a45a14b2721726990963062,unemployment_rate,idn.63,Kalimantan Selatan,63,2025,Agustus,4.16,percent,observed,m5_unemployment_august,m5prov_6520459329cad74d272fe92e,bps_current_38_province_2024plus,sakernas_unemployment_august_current38,,BPS national domain 0000; source vertical=38 Provinsi; source selector=turvar:0:Tidak ada|turtahun:190:Agustus; source universe=Labor force under the official Sakernas open-unemployment definition; transform=identity; current-boundary panel begins 2024 to avoid silent pre-DOB Papua harmonization
m5obs_1f556bf8375084ab00f4f311,gini_ratio,idn.64,Kalimantan Timur,64,2025,Maret,0.312,index,observed,m5_gini_march,m5prov_9325ac10d2e17606bcf2fdfb,bps_current_38_province_2024plus,susenas_gini_march_current38,,BPS national domain 0000; source vertical=38 Provinsi; source selector=turvar:191:Perkotaan+Perdesaan|turtahun:61:Semester 1 (Maret); source universe=Population represented by the Susenas expenditure-welfare aggregate; transform=identity; current-boundary panel begins 2024 to avoid silent pre-DOB Papua harmonization
m5obs_b9d001c041780e2ae7d1ff35,neet_rate,idn.64,Kalimantan Timur,64,2025,source_annual_period,18.29,percent,observed,m5_neet_source_period,m5prov_e5925e2ab2cd9425b9e6ea8a,bps_current_38_province_2024plus,sakernas_neet_15_24_current38,,BPS national domain 0000; source vertical=38 Provinsi; source selector=turvar:0:Tidak ada|turtahun:0:Tahun; source universe=People age 15 to 24 not in employment education or training under the BPS Sakernas definition; transform=identity; current-boundary panel begins 2024 to avoid silent pre-DOB Papua harmonization
m5obs_da7a6f20122df825d005c325,poverty_rate,idn.64,Kalimantan Timur,64,2025,Maret,5.17,percent,observed,m5_poverty_march,m5prov_c4a68e4cd387608533c7030a,bps_current_38_province_2024plus,susenas_poverty_march_current38,,BPS national domain 0000; source vertical=38 Provinsi; source selector=turvar:434:Jumlah|turtahun:61:Semester 1 (Maret); source universe=Population under the official BPS poverty-line methodology; transform=identity; current-boundary panel begins 2024 to avoid silent pre-DOB Papua harmonization
m5obs_50b07a20805e6ac5ee740b5f,real_grdp_per_capita,idn.64,Kalimantan Timur,64,2025,Tahun,139.81182,million_rupiah_per_person_constant_2010,derived,m5_real_grdp_pc_adhk2010,m5prov_5eb61e46b3ff5ef90cc17fa4,bps_current_38_province_2024plus,bps_grdp_per_capita_series2010_adhk,constant_2010_prices,BPS national domain 0000; source vertical=38 Provinsi; source selector=turvar:531:Harga Konstan 2010|turtahun:0:Tahun; source universe=Resident population denominator embedded in the official BPS per-capita statistic; transform=divide_1000; current-boundary panel begins 2024 to avoid silent pre-DOB Papua harmonization
m5obs_fad4fcdb27acb0bc4f132209,underemployment_rate,idn.64,Kalimantan Timur,64,2025,source_annual_period,5.66,percent,observed,m5_underemployment_source_period,m5prov_cd9b7ab9b641726502141282,bps_current_38_province_2024plus,sakernas_underemployment_source_period_current38,,BPS national domain 0000; source vertical=38 Provinsi; source selector=turvar:0:Tidak ada|turtahun:0:Tahun; source universe=Employed population meeting the BPS underemployment definition; transform=identity; current-boundary panel begins 2024 to avoid silent pre-DOB Papua harmonization
m5obs_bb800c9cb5fc3ebc441f7352,unemployment_rate,idn.64,Kalimantan Timur,64,2025,Agustus,5.18,percent,observed,m5_unemployment_august,m5prov_6520459329cad74d272fe92e,bps_current_38_province_2024plus,sakernas_unemployment_august_current38,,BPS national domain 0000; source vertical=38 Provinsi; source selector=turvar:0:Tidak ada|turtahun:190:Agustus; source universe=Labor force under the official Sakernas open-unemployment definition; transform=identity; current-boundary panel begins 2024 to avoid silent pre-DOB Papua harmonization
m5obs_082d1bc7cee072ea451e3d1e,gini_ratio,idn.65,Kalimantan Utara,65,2025,Maret,0.261,index,observed,m5_gini_march,m5prov_9325ac10d2e17606bcf2fdfb,bps_current_38_province_2024plus,susenas_gini_march_current38,,BPS national domain 0000; source vertical=38 Provinsi; source selector=turvar:191:Perkotaan+Perdesaan|turtahun:61:Semester 1 (Maret); source universe=Population represented by the Susenas expenditure-welfare aggregate; transform=identity; current-boundary panel begins 2024 to avoid silent pre-DOB Papua harmonization
m5obs_2d3df1318d140634f593b3f4,neet_rate,idn.65,Kalimantan Utara,65,2025,source_annual_period,18.88,percent,observed,m5_neet_source_period,m5prov_e5925e2ab2cd9425b9e6ea8a,bps_current_38_province_2024plus,sakernas_neet_15_24_current38,,BPS national domain 0000; source vertical=38 Provinsi; source selector=turvar:0:Tidak ada|turtahun:0:Tahun; source universe=People age 15 to 24 not in employment education or training under the BPS Sakernas definition; transform=identity; current-boundary panel begins 2024 to avoid silent pre-DOB Papua harmonization
m5obs_5fd57d71a698546939b43394,poverty_rate,idn.65,Kalimantan Utara,65,2025,Maret,5.54,percent,observed,m5_poverty_march,m5prov_c4a68e4cd387608533c7030a,bps_current_38_province_2024plus,susenas_poverty_march_current38,,BPS national domain 0000; source vertical=38 Provinsi; source selector=turvar:434:Jumlah|turtahun:61:Semester 1 (Maret); source universe=Population under the official BPS poverty-line methodology; transform=identity; current-boundary panel begins 2024 to avoid silent pre-DOB Papua harmonization
m5obs_c668f1dc19cb5f002e92dc5d,real_grdp_per_capita,idn.65,Kalimantan Utara,65,2025,Tahun,102.04464,million_rupiah_per_person_constant_2010,derived,m5_real_grdp_pc_adhk2010,m5prov_5eb61e46b3ff5ef90cc17fa4,bps_current_38_province_2024plus,bps_grdp_per_capita_series2010_adhk,constant_2010_prices,BPS national domain 0000; source vertical=38 Provinsi; source selector=turvar:531:Harga Konstan 2010|turtahun:0:Tahun; source universe=Resident population denominator embedded in the official BPS per-capita statistic; transform=divide_1000; current-boundary panel begins 2024 to avoid silent pre-DOB Papua harmonization
m5obs_d95e502a8628b9fa30ea9905,underemployment_rate,idn.65,Kalimantan Utara,65,2025,source_annual_period,4.71,percent,observed,m5_underemployment_source_period,m5prov_cd9b7ab9b641726502141282,bps_current_38_province_2024plus,sakernas_underemployment_source_period_current38,,BPS national domain 0000; source vertical=38 Provinsi; source selector=turvar:0:Tidak ada|turtahun:0:Tahun; source universe=Employed population meeting the BPS underemployment definition; transform=identity; current-boundary panel begins 2024 to avoid silent pre-DOB Papua harmonization
m5obs_339cd2d05b76b550eabe253d,unemployment_rate,idn.65,Kalimantan Utara,65,2025,Agustus,3.85,percent,observed,m5_unemployment_august,m5prov_6520459329cad74d272fe92e,bps_current_38_province_2024plus,sakernas_unemployment_august_current38,,BPS national domain 0000; source vertical=38 Provinsi; source selector=turvar:0:Tidak ada|turtahun:190:Agustus; source universe=Labor force under the official Sakernas open-unemployment definition; transform=identity; current-boundary panel begins 2024 to avoid silent pre-DOB Papua harmonization
m5obs_d5d3c3cf01d0a30d769c0b82,gini_ratio,idn.71,Sulawesi Utara,71,2025,Maret,0.343,index,observed,m5_gini_march,m5prov_9325ac10d2e17606bcf2fdfb,bps_current_38_province_2024plus,susenas_gini_march_current38,,BPS national domain 0000; source vertical=38 Provinsi; source selector=turvar:191:Perkotaan+Perdesaan|turtahun:61:Semester 1 (Maret); source universe=Population represented by the Susenas expenditure-welfare aggregate; transform=identity; current-boundary panel begins 2024 to avoid silent pre-DOB Papua harmonization
m5obs_b74f628960ecac784e9c6713,neet_rate,idn.71,Sulawesi Utara,71,2025,source_annual_period,29.52,percent,observed,m5_neet_source_period,m5prov_e5925e2ab2cd9425b9e6ea8a,bps_current_38_province_2024plus,sakernas_neet_15_24_current38,,BPS national domain 0000; source vertical=38 Provinsi; source selector=turvar:0:Tidak ada|turtahun:0:Tahun; source universe=People age 15 to 24 not in employment education or training under the BPS Sakernas definition; transform=identity; current-boundary panel begins 2024 to avoid silent pre-DOB Papua harmonization
m5obs_1f17dd8d89627371f68d0146,poverty_rate,idn.71,Sulawesi Utara,71,2025,Maret,6.71,percent,observed,m5_poverty_march,m5prov_c4a68e4cd387608533c7030a,bps_current_38_province_2024plus,susenas_poverty_march_current38,,BPS national domain 0000; source vertical=38 Provinsi; source selector=turvar:434:Jumlah|turtahun:61:Semester 1 (Maret); source universe=Population under the official BPS poverty-line methodology; transform=identity; current-boundary panel begins 2024 to avoid silent pre-DOB Papua harmonization
m5obs_a5cc763a779d8a8ccc59063c,real_grdp_per_capita,idn.71,Sulawesi Utara,71,2025,Tahun,41.76448,million_rupiah_per_person_constant_2010,derived,m5_real_grdp_pc_adhk2010,m5prov_5eb61e46b3ff5ef90cc17fa4,bps_current_38_province_2024plus,bps_grdp_per_capita_series2010_adhk,constant_2010_prices,BPS national domain 0000; source vertical=38 Provinsi; source selector=turvar:531:Harga Konstan 2010|turtahun:0:Tahun; source universe=Resident population denominator embedded in the official BPS per-capita statistic; transform=divide_1000; current-boundary panel begins 2024 to avoid silent pre-DOB Papua harmonization
m5obs_15d1cc536bc9f0536cd387e4,underemployment_rate,idn.71,Sulawesi Utara,71,2025,source_annual_period,7.77,percent,observed,m5_underemployment_source_period,m5prov_cd9b7ab9b641726502141282,bps_current_38_province_2024plus,sakernas_underemployment_source_period_current38,,BPS national domain 0000; source vertical=38 Provinsi; source selector=turvar:0:Tidak ada|turtahun:0:Tahun; source universe=Employed population meeting the BPS underemployment definition; transform=identity; current-boundary panel begins 2024 to avoid silent pre-DOB Papua harmonization
m5obs_69412068db4a9dd347d13dc8,unemployment_rate,idn.71,Sulawesi Utara,71,2025,Agustus,5.99,percent,observed,m5_unemployment_august,m5prov_6520459329cad74d272fe92e,bps_current_38_province_2024plus,sakernas_unemployment_august_current38,,BPS national domain 0000; source vertical=38 Provinsi; source selector=turvar:0:Tidak ada|turtahun:190:Agustus; source universe=Labor force under the official Sakernas open-unemployment definition; transform=identity; current-boundary panel begins 2024 to avoid silent pre-DOB Papua harmonization
m5obs_9a2f6a8554a076fe1cc9bc01,gini_ratio,idn.72,Sulawesi Tengah,72,2025,Maret,0.279,index,observed,m5_gini_march,m5prov_9325ac10d2e17606bcf2fdfb,bps_current_38_province_2024plus,susenas_gini_march_current38,,BPS national domain 0000; source vertical=38 Provinsi; source selector=turvar:191:Perkotaan+Perdesaan|turtahun:61:Semester 1 (Maret); source universe=Population represented by the Susenas expenditure-welfare aggregate; transform=identity; current-boundary panel begins 2024 to avoid silent pre-DOB Papua harmonization
m5obs_6e3a24e430a8e1f5a64d0a7a,neet_rate,idn.72,Sulawesi Tengah,72,2025,source_annual_period,20.14,percent,observed,m5_neet_source_period,m5prov_e5925e2ab2cd9425b9e6ea8a,bps_current_38_province_2024plus,sakernas_neet_15_24_current38,,BPS national domain 0000; source vertical=38 Provinsi; source selector=turvar:0:Tidak ada|turtahun:0:Tahun; source universe=People age 15 to 24 not in employment education or training under the BPS Sakernas definition; transform=identity; current-boundary panel begins 2024 to avoid silent pre-DOB Papua harmonization
m5obs_83378b49e0055e22a159edec,poverty_rate,idn.72,Sulawesi Tengah,72,2025,Maret,10.92,percent,observed,m5_poverty_march,m5prov_c4a68e4cd387608533c7030a,bps_current_38_province_2024plus,susenas_poverty_march_current38,,BPS national domain 0000; source vertical=38 Provinsi; source selector=turvar:434:Jumlah|turtahun:61:Semester 1 (Maret); source universe=Population under the official BPS poverty-line methodology; transform=identity; current-boundary panel begins 2024 to avoid silent pre-DOB Papua harmonization
m5obs_0a90b4512715084509f154fa,real_grdp_per_capita,idn.72,Sulawesi Tengah,72,2025,Tahun,72.95874,million_rupiah_per_person_constant_2010,derived,m5_real_grdp_pc_adhk2010,m5prov_5eb61e46b3ff5ef90cc17fa4,bps_current_38_province_2024plus,bps_grdp_per_capita_series2010_adhk,constant_2010_prices,BPS national domain 0000; source vertical=38 Provinsi; source selector=turvar:531:Harga Konstan 2010|turtahun:0:Tahun; source universe=Resident population denominator embedded in the official BPS per-capita statistic; transform=divide_1000; current-boundary panel begins 2024 to avoid silent pre-DOB Papua harmonization
m5obs_febc2236a76454c3c22dfc27,underemployment_rate,idn.72,Sulawesi Tengah,72,2025,source_annual_period,8.04,percent,observed,m5_underemployment_source_period,m5prov_cd9b7ab9b641726502141282,bps_current_38_province_2024plus,sakernas_underemployment_source_period_current38,,BPS national domain 0000; source vertical=38 Provinsi; source selector=turvar:0:Tidak ada|turtahun:0:Tahun; source universe=Employed population meeting the BPS underemployment definition; transform=identity; current-boundary panel begins 2024 to avoid silent pre-DOB Papua harmonization
m5obs_cd2e4d4ea7be15bc7158249c,unemployment_rate,idn.72,Sulawesi Tengah,72,2025,Agustus,2.92,percent,observed,m5_unemployment_august,m5prov_6520459329cad74d272fe92e,bps_current_38_province_2024plus,sakernas_unemployment_august_current38,,BPS national domain 0000; source vertical=38 Provinsi; source selector=turvar:0:Tidak ada|turtahun:190:Agustus; source universe=Labor force under the official Sakernas open-unemployment definition; transform=identity; current-boundary panel begins 2024 to avoid silent pre-DOB Papua harmonization
m5obs_ce279468ef6d5067d07b04ae,gini_ratio,idn.73,Sulawesi Selatan,73,2025,Maret,0.363,index,observed,m5_gini_march,m5prov_9325ac10d2e17606bcf2fdfb,bps_current_38_province_2024plus,susenas_gini_march_current38,,BPS national domain 0000; source vertical=38 Provinsi; source selector=turvar:191:Perkotaan+Perdesaan|turtahun:61:Semester 1 (Maret); source universe=Population represented by the Susenas expenditure-welfare aggregate; transform=identity; current-boundary panel begins 2024 to avoid silent pre-DOB Papua harmonization
m5obs_88b9a9a936c416d393af7493,neet_rate,idn.73,Sulawesi Selatan,73,2025,source_annual_period,19.2,percent,observed,m5_neet_source_period,m5prov_e5925e2ab2cd9425b9e6ea8a,bps_current_38_province_2024plus,sakernas_neet_15_24_current38,,BPS national domain 0000; source vertical=38 Provinsi; source selector=turvar:0:Tidak ada|turtahun:0:Tahun; source universe=People age 15 to 24 not in employment education or training under the BPS Sakernas definition; transform=identity; current-boundary panel begins 2024 to avoid silent pre-DOB Papua harmonization
m5obs_ed52d6887edf7153d177c5a8,poverty_rate,idn.73,Sulawesi Selatan,73,2025,Maret,7.6,percent,observed,m5_poverty_march,m5prov_c4a68e4cd387608533c7030a,bps_current_38_province_2024plus,susenas_poverty_march_current38,,BPS national domain 0000; source vertical=38 Provinsi; source selector=turvar:434:Jumlah|turtahun:61:Semester 1 (Maret); source universe=Population under the official BPS poverty-line methodology; transform=identity; current-boundary panel begins 2024 to avoid silent pre-DOB Papua harmonization
m5obs_eb11ba486786bcc133191272,real_grdp_per_capita,idn.73,Sulawesi Selatan,73,2025,Tahun,43.67127,million_rupiah_per_person_constant_2010,derived,m5_real_grdp_pc_adhk2010,m5prov_5eb61e46b3ff5ef90cc17fa4,bps_current_38_province_2024plus,bps_grdp_per_capita_series2010_adhk,constant_2010_prices,BPS national domain 0000; source vertical=38 Provinsi; source selector=turvar:531:Harga Konstan 2010|turtahun:0:Tahun; source universe=Resident population denominator embedded in the official BPS per-capita statistic; transform=divide_1000; current-boundary panel begins 2024 to avoid silent pre-DOB Papua harmonization
m5obs_9f9f398c33f6b58788332cac,underemployment_rate,idn.73,Sulawesi Selatan,73,2025,source_annual_period,7.93,percent,observed,m5_underemployment_source_period,m5prov_cd9b7ab9b641726502141282,bps_current_38_province_2024plus,sakernas_underemployment_source_period_current38,,BPS national domain 0000; source vertical=38 Provinsi; source selector=turvar:0:Tidak ada|turtahun:0:Tahun; source universe=Employed population meeting the BPS underemployment definition; transform=identity; current-boundary panel begins 2024 to avoid silent pre-DOB Papua harmonization
m5obs_171de3dabd6a573d81888a71,unemployment_rate,idn.73,Sulawesi Selatan,73,2025,Agustus,4.21,percent,observed,m5_unemployment_august,m5prov_6520459329cad74d272fe92e,bps_current_38_province_2024plus,sakernas_unemployment_august_current38,,BPS national domain 0000; source vertical=38 Provinsi; source selector=turvar:0:Tidak ada|turtahun:190:Agustus; source universe=Labor force under the official Sakernas open-unemployment definition; transform=identity; current-boundary panel begins 2024 to avoid silent pre-DOB Papua harmonization
m5obs_3d7a9e22ddad6829d99e75ce,gini_ratio,idn.74,Sulawesi Tenggara,74,2025,Maret,0.363,index,observed,m5_gini_march,m5prov_9325ac10d2e17606bcf2fdfb,bps_current_38_province_2024plus,susenas_gini_march_current38,,BPS national domain 0000; source vertical=38 Provinsi; source selector=turvar:191:Perkotaan+Perdesaan|turtahun:61:Semester 1 (Maret); source universe=Population represented by the Susenas expenditure-welfare aggregate; transform=identity; current-boundary panel begins 2024 to avoid silent pre-DOB Papua harmonization
m5obs_96cc5a28f49c5ff73d94fcd8,neet_rate,idn.74,Sulawesi Tenggara,74,2025,source_annual_period,19.84,percent,observed,m5_neet_source_period,m5prov_e5925e2ab2cd9425b9e6ea8a,bps_current_38_province_2024plus,sakernas_neet_15_24_current38,,BPS national domain 0000; source vertical=38 Provinsi; source selector=turvar:0:Tidak ada|turtahun:0:Tahun; source universe=People age 15 to 24 not in employment education or training under the BPS Sakernas definition; transform=identity; current-boundary panel begins 2024 to avoid silent pre-DOB Papua harmonization
m5obs_b5387eca43912b9c5f8e5747,poverty_rate,idn.74,Sulawesi Tenggara,74,2025,Maret,10.54,percent,observed,m5_poverty_march,m5prov_c4a68e4cd387608533c7030a,bps_current_38_province_2024plus,susenas_poverty_march_current38,,BPS national domain 0000; source vertical=38 Provinsi; source selector=turvar:434:Jumlah|turtahun:61:Semester 1 (Maret); source universe=Population under the official BPS poverty-line methodology; transform=identity; current-boundary panel begins 2024 to avoid silent pre-DOB Papua harmonization
m5obs_48dbc836b509e5c991784178,real_grdp_per_capita,idn.74,Sulawesi Tenggara,74,2025,Tahun,42.51017,million_rupiah_per_person_constant_2010,derived,m5_real_grdp_pc_adhk2010,m5prov_5eb61e46b3ff5ef90cc17fa4,bps_current_38_province_2024plus,bps_grdp_per_capita_series2010_adhk,constant_2010_prices,BPS national domain 0000; source vertical=38 Provinsi; source selector=turvar:531:Harga Konstan 2010|turtahun:0:Tahun; source universe=Resident population denominator embedded in the official BPS per-capita statistic; transform=divide_1000; current-boundary panel begins 2024 to avoid silent pre-DOB Papua harmonization
m5obs_ee50f8128b035caed9c73a5a,underemployment_rate,idn.74,Sulawesi Tenggara,74,2025,source_annual_period,7.94,percent,observed,m5_underemployment_source_period,m5prov_cd9b7ab9b641726502141282,bps_current_38_province_2024plus,sakernas_underemployment_source_period_current38,,BPS national domain 0000; source vertical=38 Provinsi; source selector=turvar:0:Tidak ada|turtahun:0:Tahun; source universe=Employed population meeting the BPS underemployment definition; transform=identity; current-boundary panel begins 2024 to avoid silent pre-DOB Papua harmonization
m5obs_13ef86f1d66d9074c47bcdbc,unemployment_rate,idn.74,Sulawesi Tenggara,74,2025,Agustus,3.31,percent,observed,m5_unemployment_august,m5prov_6520459329cad74d272fe92e,bps_current_38_province_2024plus,sakernas_unemployment_august_current38,,BPS national domain 0000; source vertical=38 Provinsi; source selector=turvar:0:Tidak ada|turtahun:190:Agustus; source universe=Labor force under the official Sakernas open-unemployment definition; transform=identity; current-boundary panel begins 2024 to avoid silent pre-DOB Papua harmonization
m5obs_4df765154b3f869ab286f88b,gini_ratio,idn.75,Gorontalo,75,2025,Maret,0.392,index,observed,m5_gini_march,m5prov_9325ac10d2e17606bcf2fdfb,bps_current_38_province_2024plus,susenas_gini_march_current38,,BPS national domain 0000; source vertical=38 Provinsi; source selector=turvar:191:Perkotaan+Perdesaan|turtahun:61:Semester 1 (Maret); source universe=Population represented by the Susenas expenditure-welfare aggregate; transform=identity; current-boundary panel begins 2024 to avoid silent pre-DOB Papua harmonization
m5obs_54c3b692d8e4779b54d9a9d6,neet_rate,idn.75,Gorontalo,75,2025,source_annual_period,23.9,percent,observed,m5_neet_source_period,m5prov_e5925e2ab2cd9425b9e6ea8a,bps_current_38_province_2024plus,sakernas_neet_15_24_current38,,BPS national domain 0000; source vertical=38 Provinsi; source selector=turvar:0:Tidak ada|turtahun:0:Tahun; source universe=People age 15 to 24 not in employment education or training under the BPS Sakernas definition; transform=identity; current-boundary panel begins 2024 to avoid silent pre-DOB Papua harmonization
m5obs_03f6c2ad7607de7dca369ff4,poverty_rate,idn.75,Gorontalo,75,2025,Maret,13.24,percent,observed,m5_poverty_march,m5prov_c4a68e4cd387608533c7030a,bps_current_38_province_2024plus,susenas_poverty_march_current38,,BPS national domain 0000; source vertical=38 Provinsi; source selector=turvar:434:Jumlah|turtahun:61:Semester 1 (Maret); source universe=Population under the official BPS poverty-line methodology; transform=identity; current-boundary panel begins 2024 to avoid silent pre-DOB Papua harmonization
m5obs_a51dd85be8ba82dc24016b32,real_grdp_per_capita,idn.75,Gorontalo,75,2025,Tahun,28.0417,million_rupiah_per_person_constant_2010,derived,m5_real_grdp_pc_adhk2010,m5prov_5eb61e46b3ff5ef90cc17fa4,bps_current_38_province_2024plus,bps_grdp_per_capita_series2010_adhk,constant_2010_prices,BPS national domain 0000; source vertical=38 Provinsi; source selector=turvar:531:Harga Konstan 2010|turtahun:0:Tahun; source universe=Resident population denominator embedded in the official BPS per-capita statistic; transform=divide_1000; current-boundary panel begins 2024 to avoid silent pre-DOB Papua harmonization
m5obs_2aad8abed4c84cfad524b5a8,underemployment_rate,idn.75,Gorontalo,75,2025,source_annual_period,6.82,percent,observed,m5_underemployment_source_period,m5prov_cd9b7ab9b641726502141282,bps_current_38_province_2024plus,sakernas_underemployment_source_period_current38,,BPS national domain 0000; source vertical=38 Provinsi; source selector=turvar:0:Tidak ada|turtahun:0:Tahun; source universe=Employed population meeting the BPS underemployment definition; transform=identity; current-boundary panel begins 2024 to avoid silent pre-DOB Papua harmonization
m5obs_ab2c544f042efa3fb788abf6,unemployment_rate,idn.75,Gorontalo,75,2025,Agustus,3.42,percent,observed,m5_unemployment_august,m5prov_6520459329cad74d272fe92e,bps_current_38_province_2024plus,sakernas_unemployment_august_current38,,BPS national domain 0000; source vertical=38 Provinsi; source selector=turvar:0:Tidak ada|turtahun:190:Agustus; source universe=Labor force under the official Sakernas open-unemployment definition; transform=identity; current-boundary panel begins 2024 to avoid silent pre-DOB Papua harmonization
m5obs_4f2e39dead3140c8bb517fb2,gini_ratio,idn.76,Sulawesi Barat,76,2025,Maret,0.316,index,observed,m5_gini_march,m5prov_9325ac10d2e17606bcf2fdfb,bps_current_38_province_2024plus,susenas_gini_march_current38,,BPS national domain 0000; source vertical=38 Provinsi; source selector=turvar:191:Perkotaan+Perdesaan|turtahun:61:Semester 1 (Maret); source universe=Population represented by the Susenas expenditure-welfare aggregate; transform=identity; current-boundary panel begins 2024 to avoid silent pre-DOB Papua harmonization
m5obs_c563ba55712b03a5e4262787,neet_rate,idn.76,Sulawesi Barat,76,2025,source_annual_period,18.97,percent,observed,m5_neet_source_period,m5prov_e5925e2ab2cd9425b9e6ea8a,bps_current_38_province_2024plus,sakernas_neet_15_24_current38,,BPS national domain 0000; source vertical=38 Provinsi; source selector=turvar:0:Tidak ada|turtahun:0:Tahun; source universe=People age 15 to 24 not in employment education or training under the BPS Sakernas definition; transform=identity; current-boundary panel begins 2024 to avoid silent pre-DOB Papua harmonization
m5obs_19691f69898142f662380db2,poverty_rate,idn.76,Sulawesi Barat,76,2025,Maret,10.41,percent,observed,m5_poverty_march,m5prov_c4a68e4cd387608533c7030a,bps_current_38_province_2024plus,susenas_poverty_march_current38,,BPS national domain 0000; source vertical=38 Provinsi; source selector=turvar:434:Jumlah|turtahun:61:Semester 1 (Maret); source universe=Population under the official BPS poverty-line methodology; transform=identity; current-boundary panel begins 2024 to avoid silent pre-DOB Papua harmonization
m5obs_8f0d9efa7d5e0ddf75570d0d,real_grdp_per_capita,idn.76,Sulawesi Barat,76,2025,Tahun,25.61779,million_rupiah_per_person_constant_2010,derived,m5_real_grdp_pc_adhk2010,m5prov_5eb61e46b3ff5ef90cc17fa4,bps_current_38_province_2024plus,bps_grdp_per_capita_series2010_adhk,constant_2010_prices,BPS national domain 0000; source vertical=38 Provinsi; source selector=turvar:531:Harga Konstan 2010|turtahun:0:Tahun; source universe=Resident population denominator embedded in the official BPS per-capita statistic; transform=divide_1000; current-boundary panel begins 2024 to avoid silent pre-DOB Papua harmonization
m5obs_6968739d912ed92e292a6f8b,underemployment_rate,idn.76,Sulawesi Barat,76,2025,source_annual_period,11.33,percent,observed,m5_underemployment_source_period,m5prov_cd9b7ab9b641726502141282,bps_current_38_province_2024plus,sakernas_underemployment_source_period_current38,,BPS national domain 0000; source vertical=38 Provinsi; source selector=turvar:0:Tidak ada|turtahun:0:Tahun; source universe=Employed population meeting the BPS underemployment definition; transform=identity; current-boundary panel begins 2024 to avoid silent pre-DOB Papua harmonization
m5obs_741b38fb7e53ab1780f4843a,unemployment_rate,idn.76,Sulawesi Barat,76,2025,Agustus,2.86,percent,observed,m5_unemployment_august,m5prov_6520459329cad74d272fe92e,bps_current_38_province_2024plus,sakernas_unemployment_august_current38,,BPS national domain 0000; source vertical=38 Provinsi; source selector=turvar:0:Tidak ada|turtahun:190:Agustus; source universe=Labor force under the official Sakernas open-unemployment definition; transform=identity; current-boundary panel begins 2024 to avoid silent pre-DOB Papua harmonization
m5obs_f331a304219b3cc30efdd5a0,gini_ratio,idn.81,Maluku,81,2025,Maret,0.296,index,observed,m5_gini_march,m5prov_9325ac10d2e17606bcf2fdfb,bps_current_38_province_2024plus,susenas_gini_march_current38,,BPS national domain 0000; source vertical=38 Provinsi; source selector=turvar:191:Perkotaan+Perdesaan|turtahun:61:Semester 1 (Maret); source universe=Population represented by the Susenas expenditure-welfare aggregate; transform=identity; current-boundary panel begins 2024 to avoid silent pre-DOB Papua harmonization
m5obs_ae2bd19c6bc1eb0c66c424b2,neet_rate,idn.81,Maluku,81,2025,source_annual_period,28.49,percent,observed,m5_neet_source_period,m5prov_e5925e2ab2cd9425b9e6ea8a,bps_current_38_province_2024plus,sakernas_neet_15_24_current38,,BPS national domain 0000; source vertical=38 Provinsi; source selector=turvar:0:Tidak ada|turtahun:0:Tahun; source universe=People age 15 to 24 not in employment education or training under the BPS Sakernas definition; transform=identity; current-boundary panel begins 2024 to avoid silent pre-DOB Papua harmonization
m5obs_1ae7d666b9d796e1fd408e0f,poverty_rate,idn.81,Maluku,81,2025,Maret,15.38,percent,observed,m5_poverty_march,m5prov_c4a68e4cd387608533c7030a,bps_current_38_province_2024plus,susenas_poverty_march_current38,,BPS national domain 0000; source vertical=38 Provinsi; source selector=turvar:434:Jumlah|turtahun:61:Semester 1 (Maret); source universe=Population under the official BPS poverty-line methodology; transform=identity; current-boundary panel begins 2024 to avoid silent pre-DOB Papua harmonization
m5obs_d43064331481932c73499ffd,real_grdp_per_capita,idn.81,Maluku,81,2025,Tahun,19.74362,million_rupiah_per_person_constant_2010,derived,m5_real_grdp_pc_adhk2010,m5prov_5eb61e46b3ff5ef90cc17fa4,bps_current_38_province_2024plus,bps_grdp_per_capita_series2010_adhk,constant_2010_prices,BPS national domain 0000; source vertical=38 Provinsi; source selector=turvar:531:Harga Konstan 2010|turtahun:0:Tahun; source universe=Resident population denominator embedded in the official BPS per-capita statistic; transform=divide_1000; current-boundary panel begins 2024 to avoid silent pre-DOB Papua harmonization
m5obs_7500b3617990ebf09535575e,underemployment_rate,idn.81,Maluku,81,2025,source_annual_period,11.49,percent,observed,m5_underemployment_source_period,m5prov_cd9b7ab9b641726502141282,bps_current_38_province_2024plus,sakernas_underemployment_source_period_current38,,BPS national domain 0000; source vertical=38 Provinsi; source selector=turvar:0:Tidak ada|turtahun:0:Tahun; source universe=Employed population meeting the BPS underemployment definition; transform=identity; current-boundary panel begins 2024 to avoid silent pre-DOB Papua harmonization
m5obs_d1853dd0973116a887a33f19,unemployment_rate,idn.81,Maluku,81,2025,Agustus,6.27,percent,observed,m5_unemployment_august,m5prov_6520459329cad74d272fe92e,bps_current_38_province_2024plus,sakernas_unemployment_august_current38,,BPS national domain 0000; source vertical=38 Provinsi; source selector=turvar:0:Tidak ada|turtahun:190:Agustus; source universe=Labor force under the official Sakernas open-unemployment definition; transform=identity; current-boundary panel begins 2024 to avoid silent pre-DOB Papua harmonization
m5obs_528b286cb0ea86868216ec63,gini_ratio,idn.82,Maluku Utara,82,2025,Maret,0.299,index,observed,m5_gini_march,m5prov_9325ac10d2e17606bcf2fdfb,bps_current_38_province_2024plus,susenas_gini_march_current38,,BPS national domain 0000; source vertical=38 Provinsi; source selector=turvar:191:Perkotaan+Perdesaan|turtahun:61:Semester 1 (Maret); source universe=Population represented by the Susenas expenditure-welfare aggregate; transform=identity; current-boundary panel begins 2024 to avoid silent pre-DOB Papua harmonization
m5obs_45041296a8f4076fe2529c3a,neet_rate,idn.82,Maluku Utara,82,2025,source_annual_period,25.65,percent,observed,m5_neet_source_period,m5prov_e5925e2ab2cd9425b9e6ea8a,bps_current_38_province_2024plus,sakernas_neet_15_24_current38,,BPS national domain 0000; source vertical=38 Provinsi; source selector=turvar:0:Tidak ada|turtahun:0:Tahun; source universe=People age 15 to 24 not in employment education or training under the BPS Sakernas definition; transform=identity; current-boundary panel begins 2024 to avoid silent pre-DOB Papua harmonization
m5obs_58e265be3a5135592c397f03,poverty_rate,idn.82,Maluku Utara,82,2025,Maret,5.81,percent,observed,m5_poverty_march,m5prov_c4a68e4cd387608533c7030a,bps_current_38_province_2024plus,susenas_poverty_march_current38,,BPS national domain 0000; source vertical=38 Provinsi; source selector=turvar:434:Jumlah|turtahun:61:Semester 1 (Maret); source universe=Population under the official BPS poverty-line methodology; transform=identity; current-boundary panel begins 2024 to avoid silent pre-DOB Papua harmonization
m5obs_d09bf16a39f00d862824a2e9,real_grdp_per_capita,idn.82,Maluku Utara,82,2025,Tahun,54.43949,million_rupiah_per_person_constant_2010,derived,m5_real_grdp_pc_adhk2010,m5prov_5eb61e46b3ff5ef90cc17fa4,bps_current_38_province_2024plus,bps_grdp_per_capita_series2010_adhk,constant_2010_prices,BPS national domain 0000; source vertical=38 Provinsi; source selector=turvar:531:Harga Konstan 2010|turtahun:0:Tahun; source universe=Resident population denominator embedded in the official BPS per-capita statistic; transform=divide_1000; current-boundary panel begins 2024 to avoid silent pre-DOB Papua harmonization
m5obs_47aa29740689fa34e0713ee3,underemployment_rate,idn.82,Maluku Utara,82,2025,source_annual_period,10.56,percent,observed,m5_underemployment_source_period,m5prov_cd9b7ab9b641726502141282,bps_current_38_province_2024plus,sakernas_underemployment_source_period_current38,,BPS national domain 0000; source vertical=38 Provinsi; source selector=turvar:0:Tidak ada|turtahun:0:Tahun; source universe=Employed population meeting the BPS underemployment definition; transform=identity; current-boundary panel begins 2024 to avoid silent pre-DOB Papua harmonization
m5obs_19e89beb2652c3ec9fe4eb38,unemployment_rate,idn.82,Maluku Utara,82,2025,Agustus,4.55,percent,observed,m5_unemployment_august,m5prov_6520459329cad74d272fe92e,bps_current_38_province_2024plus,sakernas_unemployment_august_current38,,BPS national domain 0000; source vertical=38 Provinsi; source selector=turvar:0:Tidak ada|turtahun:190:Agustus; source universe=Labor force under the official Sakernas open-unemployment definition; transform=identity; current-boundary panel begins 2024 to avoid silent pre-DOB Papua harmonization
m5obs_bd74c55616ddd23b1d125b91,gini_ratio,idn.91,Papua Barat,91,2025,Maret,0.374,index,observed,m5_gini_march,m5prov_9325ac10d2e17606bcf2fdfb,bps_current_38_province_2024plus,susenas_gini_march_current38,,BPS national domain 0000; source vertical=38 Provinsi; source selector=turvar:191:Perkotaan+Perdesaan|turtahun:61:Semester 1 (Maret); source universe=Population represented by the Susenas expenditure-welfare aggregate; transform=identity; current-boundary panel begins 2024 to avoid silent pre-DOB Papua harmonization
m5obs_9538b681b69a28e3b3967f0c,neet_rate,idn.91,Papua Barat,91,2025,source_annual_period,24.64,percent,observed,m5_neet_source_period,m5prov_e5925e2ab2cd9425b9e6ea8a,bps_current_38_province_2024plus,sakernas_neet_15_24_current38,,BPS national domain 0000; source vertical=38 Provinsi; source selector=turvar:0:Tidak ada|turtahun:0:Tahun; source universe=People age 15 to 24 not in employment education or training under the BPS Sakernas definition; transform=identity; current-boundary panel begins 2024 to avoid silent pre-DOB Papua harmonization
m5obs_e87328d662c1c32c27b7fc74,poverty_rate,idn.91,Papua Barat,91,2025,Maret,20.66,percent,observed,m5_poverty_march,m5prov_c4a68e4cd387608533c7030a,bps_current_38_province_2024plus,susenas_poverty_march_current38,,BPS national domain 0000; source vertical=38 Provinsi; source selector=turvar:434:Jumlah|turtahun:61:Semester 1 (Maret); source universe=Population under the official BPS poverty-line methodology; transform=identity; current-boundary panel begins 2024 to avoid silent pre-DOB Papua harmonization
m5obs_efd8f219ee051be302c0e01a,real_grdp_per_capita,idn.91,Papua Barat,91,2025,Tahun,89.65173,million_rupiah_per_person_constant_2010,derived,m5_real_grdp_pc_adhk2010,m5prov_5eb61e46b3ff5ef90cc17fa4,bps_current_38_province_2024plus,bps_grdp_per_capita_series2010_adhk,constant_2010_prices,BPS national domain 0000; source vertical=38 Provinsi; source selector=turvar:531:Harga Konstan 2010|turtahun:0:Tahun; source universe=Resident population denominator embedded in the official BPS per-capita statistic; transform=divide_1000; current-boundary panel begins 2024 to avoid silent pre-DOB Papua harmonization
m5obs_61e388346697a6fe63ba4521,underemployment_rate,idn.91,Papua Barat,91,2025,source_annual_period,9.74,percent,observed,m5_underemployment_source_period,m5prov_cd9b7ab9b641726502141282,bps_current_38_province_2024plus,sakernas_underemployment_source_period_current38,,BPS national domain 0000; source vertical=38 Provinsi; source selector=turvar:0:Tidak ada|turtahun:0:Tahun; source universe=Employed population meeting the BPS underemployment definition; transform=identity; current-boundary panel begins 2024 to avoid silent pre-DOB Papua harmonization
m5obs_6711074d3182a1fc17c978a6,unemployment_rate,idn.91,Papua Barat,91,2025,Agustus,4.55,percent,observed,m5_unemployment_august,m5prov_6520459329cad74d272fe92e,bps_current_38_province_2024plus,sakernas_unemployment_august_current38,,BPS national domain 0000; source vertical=38 Provinsi; source selector=turvar:0:Tidak ada|turtahun:190:Agustus; source universe=Labor force under the official Sakernas open-unemployment definition; transform=identity; current-boundary panel begins 2024 to avoid silent pre-DOB Papua harmonization
m5obs_b1d93ff317a985639b4771ee,gini_ratio,idn.92,Papua Barat Daya,92,2025,Maret,0.363,index,observed,m5_gini_march,m5prov_9325ac10d2e17606bcf2fdfb,bps_current_38_province_2024plus,susenas_gini_march_current38,,BPS national domain 0000; source vertical=38 Provinsi; source selector=turvar:191:Perkotaan+Perdesaan|turtahun:61:Semester 1 (Maret); source universe=Population represented by the Susenas expenditure-welfare aggregate; transform=identity; current-boundary panel begins 2024 to avoid silent pre-DOB Papua harmonization
m5obs_386b6c61fdfa6c353963b8fc,neet_rate,idn.92,Papua Barat Daya,92,2025,source_annual_period,24.97,percent,observed,m5_neet_source_period,m5prov_e5925e2ab2cd9425b9e6ea8a,bps_current_38_province_2024plus,sakernas_neet_15_24_current38,,BPS national domain 0000; source vertical=38 Provinsi; source selector=turvar:0:Tidak ada|turtahun:0:Tahun; source universe=People age 15 to 24 not in employment education or training under the BPS Sakernas definition; transform=identity; current-boundary panel begins 2024 to avoid silent pre-DOB Papua harmonization
m5obs_63b9017ce59b7ff93ca39b63,poverty_rate,idn.92,Papua Barat Daya,92,2025,Maret,17.95,percent,observed,m5_poverty_march,m5prov_c4a68e4cd387608533c7030a,bps_current_38_province_2024plus,susenas_poverty_march_current38,,BPS national domain 0000; source vertical=38 Provinsi; source selector=turvar:434:Jumlah|turtahun:61:Semester 1 (Maret); source universe=Population under the official BPS poverty-line methodology; transform=identity; current-boundary panel begins 2024 to avoid silent pre-DOB Papua harmonization
m5obs_5b0f843d4d2b760ced0b761c,real_grdp_per_capita,idn.92,Papua Barat Daya,92,2025,Tahun,40.65659,million_rupiah_per_person_constant_2010,derived,m5_real_grdp_pc_adhk2010,m5prov_5eb61e46b3ff5ef90cc17fa4,bps_current_38_province_2024plus,bps_grdp_per_capita_series2010_adhk,constant_2010_prices,BPS national domain 0000; source vertical=38 Provinsi; source selector=turvar:531:Harga Konstan 2010|turtahun:0:Tahun; source universe=Resident population denominator embedded in the official BPS per-capita statistic; transform=divide_1000; current-boundary panel begins 2024 to avoid silent pre-DOB Papua harmonization
m5obs_2a9b8d8f2e576cd3347594a2,underemployment_rate,idn.92,Papua Barat Daya,92,2025,source_annual_period,7.49,percent,observed,m5_underemployment_source_period,m5prov_cd9b7ab9b641726502141282,bps_current_38_province_2024plus,sakernas_underemployment_source_period_current38,,BPS national domain 0000; source vertical=38 Provinsi; source selector=turvar:0:Tidak ada|turtahun:0:Tahun; source universe=Employed population meeting the BPS underemployment definition; transform=identity; current-boundary panel begins 2024 to avoid silent pre-DOB Papua harmonization
m5obs_0fbf9fc748458288d468cf0b,unemployment_rate,idn.92,Papua Barat Daya,92,2025,Agustus,6.85,percent,observed,m5_unemployment_august,m5prov_6520459329cad74d272fe92e,bps_current_38_province_2024plus,sakernas_unemployment_august_current38,,BPS national domain 0000; source vertical=38 Provinsi; source selector=turvar:0:Tidak ada|turtahun:190:Agustus; source universe=Labor force under the official Sakernas open-unemployment definition; transform=identity; current-boundary panel begins 2024 to avoid silent pre-DOB Papua harmonization
m5obs_058de67dfda5e45450e37de2,gini_ratio,idn.94,Papua,94,2025,Maret,0.404,index,observed,m5_gini_march,m5prov_9325ac10d2e17606bcf2fdfb,bps_current_38_province_2024plus,susenas_gini_march_current38,,BPS national domain 0000; source vertical=38 Provinsi; source selector=turvar:191:Perkotaan+Perdesaan|turtahun:61:Semester 1 (Maret); source universe=Population represented by the Susenas expenditure-welfare aggregate; transform=identity; current-boundary panel begins 2024 to avoid silent pre-DOB Papua harmonization
m5obs_8fb1f58f32871f7df0e7c081,neet_rate,idn.94,Papua,94,2025,source_annual_period,26.34,percent,observed,m5_neet_source_period,m5prov_e5925e2ab2cd9425b9e6ea8a,bps_current_38_province_2024plus,sakernas_neet_15_24_current38,,BPS national domain 0000; source vertical=38 Provinsi; source selector=turvar:0:Tidak ada|turtahun:0:Tahun; source universe=People age 15 to 24 not in employment education or training under the BPS Sakernas definition; transform=identity; current-boundary panel begins 2024 to avoid silent pre-DOB Papua harmonization
m5obs_d47e88bd5696264a96c7684d,poverty_rate,idn.94,Papua,94,2025,Maret,19.16,percent,observed,m5_poverty_march,m5prov_c4a68e4cd387608533c7030a,bps_current_38_province_2024plus,susenas_poverty_march_current38,,BPS national domain 0000; source vertical=38 Provinsi; source selector=turvar:434:Jumlah|turtahun:61:Semester 1 (Maret); source universe=Population under the official BPS poverty-line methodology; transform=identity; current-boundary panel begins 2024 to avoid silent pre-DOB Papua harmonization
m5obs_f490ede2dc1d50f384589c74,real_grdp_per_capita,idn.94,Papua,94,2025,Tahun,49.95604,million_rupiah_per_person_constant_2010,derived,m5_real_grdp_pc_adhk2010,m5prov_5eb61e46b3ff5ef90cc17fa4,bps_current_38_province_2024plus,bps_grdp_per_capita_series2010_adhk,constant_2010_prices,BPS national domain 0000; source vertical=38 Provinsi; source selector=turvar:531:Harga Konstan 2010|turtahun:0:Tahun; source universe=Resident population denominator embedded in the official BPS per-capita statistic; transform=divide_1000; current-boundary panel begins 2024 to avoid silent pre-DOB Papua harmonization
m5obs_a0fae0118fccb09252157d5c,underemployment_rate,idn.94,Papua,94,2025,source_annual_period,8.63,percent,observed,m5_underemployment_source_period,m5prov_cd9b7ab9b641726502141282,bps_current_38_province_2024plus,sakernas_underemployment_source_period_current38,,BPS national domain 0000; source vertical=38 Provinsi; source selector=turvar:0:Tidak ada|turtahun:0:Tahun; source universe=Employed population meeting the BPS underemployment definition; transform=identity; current-boundary panel begins 2024 to avoid silent pre-DOB Papua harmonization
m5obs_0dc9428b12d66a74c269b60c,unemployment_rate,idn.94,Papua,94,2025,Agustus,6.96,percent,observed,m5_unemployment_august,m5prov_6520459329cad74d272fe92e,bps_current_38_province_2024plus,sakernas_unemployment_august_current38,,BPS national domain 0000; source vertical=38 Provinsi; source selector=turvar:0:Tidak ada|turtahun:190:Agustus; source universe=Labor force under the official Sakernas open-unemployment definition; transform=identity; current-boundary panel begins 2024 to avoid silent pre-DOB Papua harmonization
m5obs_10466d8275cb81c1cb108420,gini_ratio,idn.95,Papua Selatan,95,2025,Maret,0.412,index,observed,m5_gini_march,m5prov_9325ac10d2e17606bcf2fdfb,bps_current_38_province_2024plus,susenas_gini_march_current38,,BPS national domain 0000; source vertical=38 Provinsi; source selector=turvar:191:Perkotaan+Perdesaan|turtahun:61:Semester 1 (Maret); source universe=Population represented by the Susenas expenditure-welfare aggregate; transform=identity; current-boundary panel begins 2024 to avoid silent pre-DOB Papua harmonization
m5obs_397c3d7f1c04d4717eb36d91,neet_rate,idn.95,Papua Selatan,95,2025,source_annual_period,21.95,percent,observed,m5_neet_source_period,m5prov_e5925e2ab2cd9425b9e6ea8a,bps_current_38_province_2024plus,sakernas_neet_15_24_current38,,BPS national domain 0000; source vertical=38 Provinsi; source selector=turvar:0:Tidak ada|turtahun:0:Tahun; source universe=People age 15 to 24 not in employment education or training under the BPS Sakernas definition; transform=identity; current-boundary panel begins 2024 to avoid silent pre-DOB Papua harmonization
m5obs_5de76f965cfa1c635c47d5a4,poverty_rate,idn.95,Papua Selatan,95,2025,Maret,19.71,percent,observed,m5_poverty_march,m5prov_c4a68e4cd387608533c7030a,bps_current_38_province_2024plus,susenas_poverty_march_current38,,BPS national domain 0000; source vertical=38 Provinsi; source selector=turvar:434:Jumlah|turtahun:61:Semester 1 (Maret); source universe=Population under the official BPS poverty-line methodology; transform=identity; current-boundary panel begins 2024 to avoid silent pre-DOB Papua harmonization
m5obs_e40c69fb173548b29e3dd3b0,real_grdp_per_capita,idn.95,Papua Selatan,95,2025,Tahun,35.85322,million_rupiah_per_person_constant_2010,derived,m5_real_grdp_pc_adhk2010,m5prov_5eb61e46b3ff5ef90cc17fa4,bps_current_38_province_2024plus,bps_grdp_per_capita_series2010_adhk,constant_2010_prices,BPS national domain 0000; source vertical=38 Provinsi; source selector=turvar:531:Harga Konstan 2010|turtahun:0:Tahun; source universe=Resident population denominator embedded in the official BPS per-capita statistic; transform=divide_1000; current-boundary panel begins 2024 to avoid silent pre-DOB Papua harmonization
m5obs_9a39b7eed358538f77250329,underemployment_rate,idn.95,Papua Selatan,95,2025,source_annual_period,6.45,percent,observed,m5_underemployment_source_period,m5prov_cd9b7ab9b641726502141282,bps_current_38_province_2024plus,sakernas_underemployment_source_period_current38,,BPS national domain 0000; source vertical=38 Provinsi; source selector=turvar:0:Tidak ada|turtahun:0:Tahun; source universe=Employed population meeting the BPS underemployment definition; transform=identity; current-boundary panel begins 2024 to avoid silent pre-DOB Papua harmonization
m5obs_00fe985036cb2efaf6556786,unemployment_rate,idn.95,Papua Selatan,95,2025,Agustus,4.04,percent,observed,m5_unemployment_august,m5prov_6520459329cad74d272fe92e,bps_current_38_province_2024plus,sakernas_unemployment_august_current38,,BPS national domain 0000; source vertical=38 Provinsi; source selector=turvar:0:Tidak ada|turtahun:190:Agustus; source universe=Labor force under the official Sakernas open-unemployment definition; transform=identity; current-boundary panel begins 2024 to avoid silent pre-DOB Papua harmonization
m5obs_6007d3fdb767d9dfeec4ebeb,gini_ratio,idn.96,Papua Tengah,96,2025,Maret,0.333,index,observed,m5_gini_march,m5prov_9325ac10d2e17606bcf2fdfb,bps_current_38_province_2024plus,susenas_gini_march_current38,,BPS national domain 0000; source vertical=38 Provinsi; source selector=turvar:191:Perkotaan+Perdesaan|turtahun:61:Semester 1 (Maret); source universe=Population represented by the Susenas expenditure-welfare aggregate; transform=identity; current-boundary panel begins 2024 to avoid silent pre-DOB Papua harmonization
m5obs_bd528e8c48dbe1fa7f8cbb95,neet_rate,idn.96,Papua Tengah,96,2025,source_annual_period,21.18,percent,observed,m5_neet_source_period,m5prov_e5925e2ab2cd9425b9e6ea8a,bps_current_38_province_2024plus,sakernas_neet_15_24_current38,,BPS national domain 0000; source vertical=38 Provinsi; source selector=turvar:0:Tidak ada|turtahun:0:Tahun; source universe=People age 15 to 24 not in employment education or training under the BPS Sakernas definition; transform=identity; current-boundary panel begins 2024 to avoid silent pre-DOB Papua harmonization
m5obs_7334ffa6ba4646e546938cdd,poverty_rate,idn.96,Papua Tengah,96,2025,Maret,28.9,percent,observed,m5_poverty_march,m5prov_c4a68e4cd387608533c7030a,bps_current_38_province_2024plus,susenas_poverty_march_current38,,BPS national domain 0000; source vertical=38 Provinsi; source selector=turvar:434:Jumlah|turtahun:61:Semester 1 (Maret); source universe=Population under the official BPS poverty-line methodology; transform=identity; current-boundary panel begins 2024 to avoid silent pre-DOB Papua harmonization
m5obs_2f0d37669b89cb82fabbfbad,real_grdp_per_capita,idn.96,Papua Tengah,96,2025,Tahun,55.26777,million_rupiah_per_person_constant_2010,derived,m5_real_grdp_pc_adhk2010,m5prov_5eb61e46b3ff5ef90cc17fa4,bps_current_38_province_2024plus,bps_grdp_per_capita_series2010_adhk,constant_2010_prices,BPS national domain 0000; source vertical=38 Provinsi; source selector=turvar:531:Harga Konstan 2010|turtahun:0:Tahun; source universe=Resident population denominator embedded in the official BPS per-capita statistic; transform=divide_1000; current-boundary panel begins 2024 to avoid silent pre-DOB Papua harmonization
m5obs_8ce048a982a60051093a954c,underemployment_rate,idn.96,Papua Tengah,96,2025,source_annual_period,16.89,percent,observed,m5_underemployment_source_period,m5prov_cd9b7ab9b641726502141282,bps_current_38_province_2024plus,sakernas_underemployment_source_period_current38,,BPS national domain 0000; source vertical=38 Provinsi; source selector=turvar:0:Tidak ada|turtahun:0:Tahun; source universe=Employed population meeting the BPS underemployment definition; transform=identity; current-boundary panel begins 2024 to avoid silent pre-DOB Papua harmonization
m5obs_e609164c0bb206e0605fc976,unemployment_rate,idn.96,Papua Tengah,96,2025,Agustus,3.62,percent,observed,m5_unemployment_august,m5prov_6520459329cad74d272fe92e,bps_current_38_province_2024plus,sakernas_unemployment_august_current38,,BPS national domain 0000; source vertical=38 Provinsi; source selector=turvar:0:Tidak ada|turtahun:190:Agustus; source universe=Labor force under the official Sakernas open-unemployment definition; transform=identity; current-boundary panel begins 2024 to avoid silent pre-DOB Papua harmonization
m5obs_22fde3ac537bf56f500251ba,gini_ratio,idn.97,Papua Pegunungan,97,2025,Maret,0.349,index,observed,m5_gini_march,m5prov_9325ac10d2e17606bcf2fdfb,bps_current_38_province_2024plus,susenas_gini_march_current38,,BPS national domain 0000; source vertical=38 Provinsi; source selector=turvar:191:Perkotaan+Perdesaan|turtahun:61:Semester 1 (Maret); source universe=Population represented by the Susenas expenditure-welfare aggregate; transform=identity; current-boundary panel begins 2024 to avoid silent pre-DOB Papua harmonization
m5obs_6dda91cb8fe2f82e37154274,neet_rate,idn.97,Papua Pegunungan,97,2025,source_annual_period,11.62,percent,observed,m5_neet_source_period,m5prov_e5925e2ab2cd9425b9e6ea8a,bps_current_38_province_2024plus,sakernas_neet_15_24_current38,,BPS national domain 0000; source vertical=38 Provinsi; source selector=turvar:0:Tidak ada|turtahun:0:Tahun; source universe=People age 15 to 24 not in employment education or training under the BPS Sakernas definition; transform=identity; current-boundary panel begins 2024 to avoid silent pre-DOB Papua harmonization
m5obs_31fbe3e731ff6050fbf742e3,poverty_rate,idn.97,Papua Pegunungan,97,2025,Maret,30.03,percent,observed,m5_poverty_march,m5prov_c4a68e4cd387608533c7030a,bps_current_38_province_2024plus,susenas_poverty_march_current38,,BPS national domain 0000; source vertical=38 Provinsi; source selector=turvar:434:Jumlah|turtahun:61:Semester 1 (Maret); source universe=Population under the official BPS poverty-line methodology; transform=identity; current-boundary panel begins 2024 to avoid silent pre-DOB Papua harmonization
m5obs_51d37b7ba3da40562392827f,real_grdp_per_capita,idn.97,Papua Pegunungan,97,2025,Tahun,9.64104,million_rupiah_per_person_constant_2010,derived,m5_real_grdp_pc_adhk2010,m5prov_5eb61e46b3ff5ef90cc17fa4,bps_current_38_province_2024plus,bps_grdp_per_capita_series2010_adhk,constant_2010_prices,BPS national domain 0000; source vertical=38 Provinsi; source selector=turvar:531:Harga Konstan 2010|turtahun:0:Tahun; source universe=Resident population denominator embedded in the official BPS per-capita statistic; transform=divide_1000; current-boundary panel begins 2024 to avoid silent pre-DOB Papua harmonization
m5obs_fa70ea05ba9e58c11cfca3b0,underemployment_rate,idn.97,Papua Pegunungan,97,2025,source_annual_period,5.37,percent,observed,m5_underemployment_source_period,m5prov_cd9b7ab9b641726502141282,bps_current_38_province_2024plus,sakernas_underemployment_source_period_current38,,BPS national domain 0000; source vertical=38 Provinsi; source selector=turvar:0:Tidak ada|turtahun:0:Tahun; source universe=Employed population meeting the BPS underemployment definition; transform=identity; current-boundary panel begins 2024 to avoid silent pre-DOB Papua harmonization
m5obs_baab80a564574a866550c1dd,unemployment_rate,idn.97,Papua Pegunungan,97,2025,Agustus,1.68,percent,observed,m5_unemployment_august,m5prov_6520459329cad74d272fe92e,bps_current_38_province_2024plus,sakernas_unemployment_august_current38,,BPS national domain 0000; source vertical=38 Provinsi; source selector=turvar:0:Tidak ada|turtahun:190:Agustus; source universe=Labor force under the official Sakernas open-unemployment definition; transform=identity; current-boundary panel begins 2024 to avoid silent pre-DOB Papua harmonization
