observation_id,indicator_id,geography_id,time_start,time_end,frequency,value_numeric,unit,claim_type,provenance_id,suppressed,comparable,methodology_version,price_basis,notes
bpsm4obs_02dd6eb580c72eeeef87bc97,urban_population_share,idn.13.1301,2020-01-01,2020-12-31,annual,19.84,percent,model_estimate,bpsm4prov_1212b1534732c5a2edae043f,false,true,bps_projection_sp2010,,series_id=m4_urban_share_2020; source_var=512; source_period=2020; source_geography=1301:Kab. Kepulauan Mentawai; transform=identity; source_value=19.84; selected_turvar=0; source_universe=Population classified urban in the BPS SP2010-based population projection; qualification=Projection source is explicit so claim type remains model_estimate;
bpsm4obs_033a9bd1528861f491c0181e,net_migration_rate,idn.13.1373,2025-01-01,2025-12-31,census_or_survey,24.3,per_1000,derived,bpsm4prov_558e401d7c68a9be65a79899,false,true,supas2025_recent_migration,,series_id=m4_net_migration_2025; source_var=883; source_period=2025; source_geography=1373:Kota Sawahlunto; transform=multiply_10; source_value_per_100=2.43; selected_turvar=1475; multiplier=10; source_universe=Population covered by the SUPAS recent-migration definition; qualification=Source publishes recent net migration per 100 population; canonical value converts deterministically to per 1000;
bpsm4obs_03dbe1f5457b82e0eb94c081,foreign_investment_realization,idn.13.1376,2024-01-01,2024-12-31,annual,0,million_rupiah,observed,bpsm4prov_df1ae195f815d526db816be2,false,true,bps_pma_additional_investment,nominal_2024,series_id=m4_pma_2024; source_var=729; source_period=2024; source_geography=1376:Kota Payakumbuh; transform=identity; source_value=0; selected_turvar=1179; source_universe=Realized PMA projects under the official investment reporting system; qualification=Selects Tambahan Investasi rather than project or employment counts;
bpsm4obs_04bc232d1fb95a66b1c52cae,neet_rate,idn.13.1373,2025-01-01,2025-12-31,annual,15.33,percent,observed,bpsm4prov_3ee4f2abc7a9db17db23dd1f,false,true,sakernas_neet_15_24,,series_id=m4_neet_2025; source_var=774; source_period=2025; source_geography=1373:Kota Sawahlunto; transform=identity; source_value=15.33; selected_turvar=0; source_universe=People age 15 to 24 not in employment education or training; qualification=Source is BPS Sakernas; no exact within-year reference month is inferred from current API metadata;
bpsm4obs_04e16a7fe79373f09ac59fae,unemployed_population,idn.13.1308,2025-08-01,2025-08-31,annual,8795,persons,observed,bpsm4prov_c3fb155f6c559283a1539940,false,true,sakernas_august_unemployed,,series_id=m4_unemployed_2025; source_var=473; source_period=2025; source_geography=1308:Kab. Lima Puluh Kota; transform=identity; source_value=8795; selected_turvar=843; source_universe=Population age 15+ classified as openly unemployed; qualification=Source note explicitly identifies Sakernas August;
bpsm4obs_05845a70280c7b0fbdaf08f5,household_expenditure_per_capita_monthly,idn.13.1303,2024-01-01,2024-12-31,annual_or_survey,1292857,rupiah_per_person_month,observed,bpsm4prov_e1033999b00eb0865d520df1,false,true,susenas_total_monthly_expenditure,nominal_2024,series_id=m4_expenditure_2024; source_var=492; source_period=2024; source_geography=1303:Kab. Solok; transform=identity; source_value=1292857; selected_turvar=880; source_universe=Persons represented by the Susenas household expenditure aggregate; qualification=Selects total food plus non-food expenditure turvar 880;
bpsm4obs_061b8a2cb9f24503aa212fdf,road_condition_good,idn.13.1309,2024-01-01,2024-12-31,annual,63.950685,percent,derived,bpsm4prov_e45b125b514491799bcd91c2,false,true,bps_provincial_road_condition,,series_id=m4_road_good_2024; source_var=555; source_period=2024; source_geography=1309:Kab. Pasaman; transform=share_selected_over_sum_turvar_ids; numerator=908:116.71; denominator_components=908:116.71|909:18.3|910:13.8|911:33.69; source_universe=Provincial-authority road length classified by condition; qualification=Good-condition km divided by total km across good medium damaged and heavily damaged categories;
bpsm4obs_06b57c3d78403330b309c4c2,elderly_population_share,idn.13.1307,2025-01-01,2025-12-31,census_or_survey,14.61,percent,observed,bpsm4prov_e0534872b73e7b7566696b9e,false,true,supas2025_elderly_share,,series_id=m4_elderly_2025; source_var=884; source_period=2025; source_geography=1307:Kab. Agam; transform=identity; source_value=14.61; selected_turvar=0; source_universe=Population classified as elderly under the SUPAS definition; qualification=Preserve the official source age threshold and survey methodology;
bpsm4obs_0769837d5206ba8156c9c4b3,labor_force_count,idn.13.1307,2025-08-01,2025-08-31,annual,305287,persons,observed,bpsm4prov_c3fb155f6c559283a1539940,false,true,sakernas_august_labor_force,,series_id=m4_labor_force_2025; source_var=473; source_period=2025; source_geography=1307:Kab. Agam; transform=identity; source_value=305287; selected_turvar=844; source_universe=Population age 15+ in the labor force; qualification=Source note explicitly identifies Sakernas August;
bpsm4obs_07795423b68ea1881287eb6e,large_medium_industry_employment,idn.13.1303,2022-01-01,2022-12-31,annual,648,persons,observed,bpsm4prov_95e85bf46c862d5e02d02b71,false,true,bps_annual_large_medium_industry_survey,,series_id=m4_large_medium_industry_employment_2022; source_var=773; source_period=2022; source_geography=1303:Kab.Solok; transform=identity; source_value=648; selected_turvar=1241; source_universe=Workers in large and medium industrial establishments; qualification=Kepulauan Mentawai 1301 is absent from the source table and remains missing rather than being imputed as zero; source_geography_1301_Kepulauan_Mentawai_absent_not_zero_imputed;
bpsm4obs_08559385b2bb0f7e49613c48,total_fertility_rate,idn.13.1304,2025-01-01,2025-12-31,census_or_survey,2.44,births_per_woman,observed,bpsm4prov_cad0406a0cd9b500ac2914ed,false,true,supas2025_tfr,,series_id=m4_tfr_2025; source_var=876; source_period=2025; source_geography=1304:Kab. Sijunjung; transform=identity; source_value=2.44; selected_turvar=0; source_universe=Women under the official BPS age-specific fertility estimation schedule; qualification=Canonical unit follows the official BPS TFR definition;
bpsm4obs_08d1608419129f5b43bac606,under_five_mortality_rate,idn.13.1372,2025-01-01,2025-12-31,census_or_survey,15.18,per_1000_live_births,observed,bpsm4prov_11159d80c18e32d8b4f871df,false,true,supas2025_u5mr,,series_id=m4_u5mr_2025; source_var=879; source_period=2025; source_geography=1372:Kota Solok; transform=identity; source_value=15.18; selected_turvar=0; source_universe=Children before age five under the official SUPAS mortality estimation definition; qualification=API unit metadata is blank; retain exact SUPAS U5MR methodology in provenance;
bpsm4obs_08d69552a386e0bb46a0c0e4,foreign_investment_realization,idn.13.1311,2024-01-01,2024-12-31,annual,6054.73,million_rupiah,observed,bpsm4prov_df1ae195f815d526db816be2,false,true,bps_pma_additional_investment,nominal_2024,series_id=m4_pma_2024; source_var=729; source_period=2024; source_geography=1311:Kab. Dharmasraya; transform=identity; source_value=6054.73; selected_turvar=1179; source_universe=Realized PMA projects under the official investment reporting system; qualification=Selects Tambahan Investasi rather than project or employment counts;
bpsm4obs_091f76012bafe8ba8f3f3307,unemployed_population,idn.13.1302,2025-08-01,2025-08-31,annual,14644,persons,observed,bpsm4prov_c3fb155f6c559283a1539940,false,true,sakernas_august_unemployed,,series_id=m4_unemployed_2025; source_var=473; source_period=2025; source_geography=1302:Kab. Pesisir Selatan; transform=identity; source_value=14644; selected_turvar=843; source_universe=Population age 15+ classified as openly unemployed; qualification=Source note explicitly identifies Sakernas August;
bpsm4obs_09bb2fdf4504074533764ad9,elderly_population_share,idn.13.1302,2025-01-01,2025-12-31,census_or_survey,12.1,percent,observed,bpsm4prov_e0534872b73e7b7566696b9e,false,true,supas2025_elderly_share,,series_id=m4_elderly_2025; source_var=884; source_period=2025; source_geography=1302:Kab. Pesisir Selatan; transform=identity; source_value=12.1; selected_turvar=0; source_universe=Population classified as elderly under the SUPAS definition; qualification=Preserve the official source age threshold and survey methodology;
bpsm4obs_0a426ce37eba171f852f6d3e,net_migration_rate,idn.13.1375,2025-01-01,2025-12-31,census_or_survey,-76.9,per_1000,derived,bpsm4prov_558e401d7c68a9be65a79899,false,true,supas2025_recent_migration,,series_id=m4_net_migration_2025; source_var=883; source_period=2025; source_geography=1375:Kota Bukittinggi; transform=multiply_10; source_value_per_100=-7.69; selected_turvar=1475; multiplier=10; source_universe=Population covered by the SUPAS recent-migration definition; qualification=Source publishes recent net migration per 100 population; canonical value converts deterministically to per 1000;
bpsm4obs_0aa498ef5bca2dbab6d519fa,child_mortality_rate,idn.13.1306,2025-01-01,2025-12-31,census_or_survey,2.41,per_1000_live_births,observed,bpsm4prov_e1c5940c862b82de962fe727,false,true,supas2025_cmr,,series_id=m4_cmr_2025; source_var=878; source_period=2025; source_geography=1306:Kab. Padang Pariaman; transform=identity; source_value=2.41; selected_turvar=0; source_universe=Children age 1 to 4 under the official SUPAS mortality estimation definition; qualification=API unit metadata is blank; retain exact SUPAS CMR methodology in provenance;
bpsm4obs_0ac20846530f32d3d962963d,provincial_road_length,idn.13.1371,2024-01-01,2024-12-31,annual,37.52,kilometres,derived,bpsm4prov_e45b125b514491799bcd91c2,false,true,bps_provincial_road_condition,,series_id=m4_provincial_road_length_2024; source_var=555; source_period=2024; source_geography=1371:Kota Padang; transform=sum_turvar_ids; source_components=908:22.19|909:0.5|910:0.1|911:14.73; source_universe=Provincial-authority roads represented by four condition categories; qualification=Sum of good medium damaged and heavily damaged provincial-road lengths;
bpsm4obs_0b16f451a534360587a6d0ee,neet_rate,idn.13.1309,2025-01-01,2025-12-31,annual,18.85,percent,observed,bpsm4prov_3ee4f2abc7a9db17db23dd1f,false,true,sakernas_neet_15_24,,series_id=m4_neet_2025; source_var=774; source_period=2025; source_geography=1309:Kab. Pasaman; transform=identity; source_value=18.85; selected_turvar=0; source_universe=People age 15 to 24 not in employment education or training; qualification=Source is BPS Sakernas; no exact within-year reference month is inferred from current API metadata;
bpsm4obs_0c7a8e696f0d74e447d31e20,domestic_investment_realization,idn.13.1371,2024-01-01,2024-12-31,annual,1710848.16,million_rupiah,observed,bpsm4prov_562d86f57441beb695cb64bb,false,true,bps_pmdn_additional_investment,nominal_2024,series_id=m4_pmdn_2024; source_var=727; source_period=2024; source_geography=1371:Kota Padang; transform=identity; source_value=1710848.16; selected_turvar=1175; source_universe=Realized PMDN projects under the official investment reporting system; qualification=Selects Tambahan Investasi rather than project or employment counts;
bpsm4obs_0ca6382c1ee72df3e9186970,urban_population_share,idn.13.1303,2020-01-01,2020-12-31,annual,16.17,percent,model_estimate,bpsm4prov_1212b1534732c5a2edae043f,false,true,bps_projection_sp2010,,series_id=m4_urban_share_2020; source_var=512; source_period=2020; source_geography=1303:Kab. Solok; transform=identity; source_value=16.17; selected_turvar=0; source_universe=Population classified urban in the BPS SP2010-based population projection; qualification=Projection source is explicit so claim type remains model_estimate;
bpsm4obs_0cd8f30a28fad8212b5654d9,under_five_mortality_rate,idn.13.1311,2025-01-01,2025-12-31,census_or_survey,19.21,per_1000_live_births,observed,bpsm4prov_11159d80c18e32d8b4f871df,false,true,supas2025_u5mr,,series_id=m4_u5mr_2025; source_var=879; source_period=2025; source_geography=1311:Kab. Dharmasraya; transform=identity; source_value=19.21; selected_turvar=0; source_universe=Children before age five under the official SUPAS mortality estimation definition; qualification=API unit metadata is blank; retain exact SUPAS U5MR methodology in provenance;
bpsm4obs_0d17f3ad618824cbbb7a0d3e,domestic_investment_realization,idn.13.1309,2024-01-01,2024-12-31,annual,23549.5,million_rupiah,observed,bpsm4prov_562d86f57441beb695cb64bb,false,true,bps_pmdn_additional_investment,nominal_2024,series_id=m4_pmdn_2024; source_var=727; source_period=2024; source_geography=1309:Kab. Pasaman; transform=identity; source_value=23549.5; selected_turvar=1175; source_universe=Realized PMDN projects under the official investment reporting system; qualification=Selects Tambahan Investasi rather than project or employment counts;
bpsm4obs_0d5a2095c9cfb0478002b6e6,dependency_ratio,idn.13.1310,2025-01-01,2025-12-31,census_or_survey,46.27,dependents_per_100_working_age,observed,bpsm4prov_6b57e3f09f8c6ee54b7243b3,false,true,supas2025_dependency_ratio,,series_id=m4_dependency_2025; source_var=875; source_period=2025; source_geography=1310:Kab. Solok Selatan; transform=identity; source_value=46.27; selected_turvar=0; source_universe=Population age 0 to 14 plus 65+ relative to age 15 to 64; qualification=Canonical unit follows the official BPS dependency-ratio definition;
bpsm4obs_0da04068ab68599b236706d7,employed_population,idn.13.1308,2025-08-01,2025-08-31,annual,224091,persons,observed,bpsm4prov_c3fb155f6c559283a1539940,false,true,sakernas_august_employed,,series_id=m4_employed_2025; source_var=473; source_period=2025; source_geography=1308:Kab. Lima Puluh Kota; transform=identity; source_value=224091; selected_turvar=842; source_universe=Population age 15+ classified as employed; qualification=Source note explicitly identifies Sakernas August;
bpsm4obs_0ecfd7b0f23eac4b4a9e340d,under_five_mortality_rate,idn.13.1312,2025-01-01,2025-12-31,census_or_survey,24.29,per_1000_live_births,observed,bpsm4prov_11159d80c18e32d8b4f871df,false,true,supas2025_u5mr,,series_id=m4_u5mr_2025; source_var=879; source_period=2025; source_geography=1312:Kab. Pasaman Barat; transform=identity; source_value=24.29; selected_turvar=0; source_universe=Children before age five under the official SUPAS mortality estimation definition; qualification=API unit metadata is blank; retain exact SUPAS U5MR methodology in provenance;
bpsm4obs_0fe31999639c2b2238bb78f3,elderly_population_share,idn.13.1371,2025-01-01,2025-12-31,census_or_survey,11.91,percent,observed,bpsm4prov_e0534872b73e7b7566696b9e,false,true,supas2025_elderly_share,,series_id=m4_elderly_2025; source_var=884; source_period=2025; source_geography=1371:Kota Padang; transform=identity; source_value=11.91; selected_turvar=0; source_universe=Population classified as elderly under the SUPAS definition; qualification=Preserve the official source age threshold and survey methodology;
bpsm4obs_1014ce126c832d0351198165,infant_mortality_rate,idn.13.1306,2025-01-01,2025-12-31,census_or_survey,14.43,per_1000_live_births,observed,bpsm4prov_6bf49de3e81a23c25397ec47,false,true,supas2025_imr,,series_id=m4_imr_2025; source_var=877; source_period=2025; source_geography=1306:Kab. Padang Pariaman; transform=identity; source_value=14.43; selected_turvar=0; source_universe=Children under age one under the official SUPAS mortality estimation definition; qualification=API unit metadata is blank; canonical unit is qualified from the official BPS IMR definition;
bpsm4obs_105ba5266526de7406dafa9f,foreign_investment_realization,idn.13.1371,2024-01-01,2024-12-31,annual,15008,million_rupiah,observed,bpsm4prov_df1ae195f815d526db816be2,false,true,bps_pma_additional_investment,nominal_2024,series_id=m4_pma_2024; source_var=729; source_period=2024; source_geography=1371:Kota Padang; transform=identity; source_value=15008; selected_turvar=1179; source_universe=Realized PMA projects under the official investment reporting system; qualification=Selects Tambahan Investasi rather than project or employment counts;
bpsm4obs_11d1403b867d0dadd62477b8,domestic_investment_realization,idn.13.1304,2024-01-01,2024-12-31,annual,437346.7,million_rupiah,observed,bpsm4prov_562d86f57441beb695cb64bb,false,true,bps_pmdn_additional_investment,nominal_2024,series_id=m4_pmdn_2024; source_var=727; source_period=2024; source_geography=1304:Kab. Sijunjung; transform=identity; source_value=437346.7; selected_turvar=1175; source_universe=Realized PMDN projects under the official investment reporting system; qualification=Selects Tambahan Investasi rather than project or employment counts;
bpsm4obs_11f75fa54a0411ea3e5e94f4,child_mortality_rate,idn.13.1301,2025-01-01,2025-12-31,census_or_survey,4.78,per_1000_live_births,observed,bpsm4prov_e1c5940c862b82de962fe727,false,true,supas2025_cmr,,series_id=m4_cmr_2025; source_var=878; source_period=2025; source_geography=1301:Kab. Kepulauan Mentawai; transform=identity; source_value=4.78; selected_turvar=0; source_universe=Children age 1 to 4 under the official SUPAS mortality estimation definition; qualification=API unit metadata is blank; retain exact SUPAS CMR methodology in provenance;
bpsm4obs_12482fde7cd5d85f9dd412ba,elderly_population_share,idn.13.1376,2025-01-01,2025-12-31,census_or_survey,12.02,percent,observed,bpsm4prov_e0534872b73e7b7566696b9e,false,true,supas2025_elderly_share,,series_id=m4_elderly_2025; source_var=884; source_period=2025; source_geography=1376:Kota Payakumbuh; transform=identity; source_value=12.02; selected_turvar=0; source_universe=Population classified as elderly under the SUPAS definition; qualification=Preserve the official source age threshold and survey methodology;
bpsm4obs_12f0d4cafad8a8e636b67e00,food_inadequacy_prevalence,idn.13.1372,2024-01-01,2024-12-31,annual,7.89,percent,observed,bpsm4prov_a81da9a3ad0b58fa3febccb0,false,true,bps_food_inadequacy,,series_id=m4_food_inadequacy_2024; source_var=760; source_period=2024; source_geography=1372:Kota Solok; transform=identity; source_value=7.89; selected_turvar=0; source_universe=Population under the official food-inadequacy estimation methodology; qualification=Retain source methodology and do not reinterpret as observed calorie intake for individuals;
bpsm4obs_13a267bda39c855b626f5c7c,unemployed_population,idn.13.1306,2025-08-01,2025-08-31,annual,15462,persons,observed,bpsm4prov_c3fb155f6c559283a1539940,false,true,sakernas_august_unemployed,,series_id=m4_unemployed_2025; source_var=473; source_period=2025; source_geography=1306:Kab. Padang Pariaman; transform=identity; source_value=15462; selected_turvar=843; source_universe=Population age 15+ classified as openly unemployed; qualification=Source note explicitly identifies Sakernas August;
bpsm4obs_13ba58fbb1d69a5e58331bd2,net_migration_rate,idn.13.1309,2025-01-01,2025-12-31,census_or_survey,4.3,per_1000,derived,bpsm4prov_558e401d7c68a9be65a79899,false,true,supas2025_recent_migration,,series_id=m4_net_migration_2025; source_var=883; source_period=2025; source_geography=1309:Kab. Pasaman; transform=multiply_10; source_value_per_100=0.43; selected_turvar=1475; multiplier=10; source_universe=Population covered by the SUPAS recent-migration definition; qualification=Source publishes recent net migration per 100 population; canonical value converts deterministically to per 1000;
bpsm4obs_152be85560f29854f83ab883,road_condition_good,idn.13.1373,2024-01-01,2024-12-31,annual,69.384615,percent,derived,bpsm4prov_e45b125b514491799bcd91c2,false,true,bps_provincial_road_condition,,series_id=m4_road_good_2024; source_var=555; source_period=2024; source_geography=1373:Kota Sawahlunto; transform=share_selected_over_sum_turvar_ids; numerator=908:22.55; denominator_components=908:22.55|909:3|910:2|911:4.95; source_universe=Provincial-authority road length classified by condition; qualification=Good-condition km divided by total km across good medium damaged and heavily damaged categories;
bpsm4obs_1634f1b54cf71f883aff91c4,large_medium_industry_employment,idn.13.1372,2022-01-01,2022-12-31,annual,15,persons,observed,bpsm4prov_95e85bf46c862d5e02d02b71,false,true,bps_annual_large_medium_industry_survey,,series_id=m4_large_medium_industry_employment_2022; source_var=773; source_period=2022; source_geography=1372:Kota Solok; transform=identity; source_value=15; selected_turvar=1241; source_universe=Workers in large and medium industrial establishments; qualification=Kepulauan Mentawai 1301 is absent from the source table and remains missing rather than being imputed as zero; source_geography_1301_Kepulauan_Mentawai_absent_not_zero_imputed;
bpsm4obs_16489d3e226a1352fa731798,mobile_phone_use,idn.13.1305,2025-01-01,2025-12-31,annual,93.83,percent,observed,bpsm4prov_87a8c749f76d1accba7eea4a,false,true,susenas_mobile_3month,,series_id=m4_mobile_2025; source_var=319; source_period=2025; source_geography=1305:Kab. Tanah Datar; transform=identity; source_value=93.83; selected_turvar=34; source_universe=Persons age 5+ using a mobile phone in the previous 3 months; qualification=Selects combined male and female category turvar 34;
bpsm4obs_16837a43c1a283bf709b6baa,urban_population_share,idn.13.1307,2020-01-01,2020-12-31,annual,43.95,percent,model_estimate,bpsm4prov_1212b1534732c5a2edae043f,false,true,bps_projection_sp2010,,series_id=m4_urban_share_2020; source_var=512; source_period=2020; source_geography=1307:Kab. Agam; transform=identity; source_value=43.95; selected_turvar=0; source_universe=Population classified urban in the BPS SP2010-based population projection; qualification=Projection source is explicit so claim type remains model_estimate;
bpsm4obs_17b16ec608ca5fbc73a93f93,provincial_road_length,idn.13.1374,2024-01-01,2024-12-31,annual,0,kilometres,derived,bpsm4prov_e45b125b514491799bcd91c2,false,true,bps_provincial_road_condition,,series_id=m4_provincial_road_length_2024; source_var=555; source_period=2024; source_geography=1374:Kota Padang Panjang; transform=sum_turvar_ids; source_components=908:0|909:0|910:0|911:0; source_universe=Provincial-authority roads represented by four condition categories; qualification=Sum of good medium damaged and heavily damaged provincial-road lengths;
bpsm4obs_188b03f9c4bb499cae91f01f,unemployed_population,idn.13.1311,2025-08-01,2025-08-31,annual,7617,persons,observed,bpsm4prov_c3fb155f6c559283a1539940,false,true,sakernas_august_unemployed,,series_id=m4_unemployed_2025; source_var=473; source_period=2025; source_geography=1311:Kab. Dharmasraya; transform=identity; source_value=7617; selected_turvar=843; source_universe=Population age 15+ classified as openly unemployed; qualification=Source note explicitly identifies Sakernas August;
bpsm4obs_191cb4613c9fd382e39bf702,provincial_road_length,idn.13.1372,2024-01-01,2024-12-31,annual,1,kilometres,derived,bpsm4prov_e45b125b514491799bcd91c2,false,true,bps_provincial_road_condition,,series_id=m4_provincial_road_length_2024; source_var=555; source_period=2024; source_geography=1372:Kota Solok; transform=sum_turvar_ids; source_components=908:1|909:0|910:0|911:0; source_universe=Provincial-authority roads represented by four condition categories; qualification=Sum of good medium damaged and heavily damaged provincial-road lengths;
bpsm4obs_19adaf059346b389bee48845,household_expenditure_per_capita_monthly,idn.13.1311,2024-01-01,2024-12-31,annual_or_survey,1657575,rupiah_per_person_month,observed,bpsm4prov_e1033999b00eb0865d520df1,false,true,susenas_total_monthly_expenditure,nominal_2024,series_id=m4_expenditure_2024; source_var=492; source_period=2024; source_geography=1311:Kab. Dharmasraya; transform=identity; source_value=1657575; selected_turvar=880; source_universe=Persons represented by the Susenas household expenditure aggregate; qualification=Selects total food plus non-food expenditure turvar 880;
bpsm4obs_1c808b73e553bc8f085a76e5,infant_mortality_rate,idn.13.1310,2025-01-01,2025-12-31,census_or_survey,22.54,per_1000_live_births,observed,bpsm4prov_6bf49de3e81a23c25397ec47,false,true,supas2025_imr,,series_id=m4_imr_2025; source_var=877; source_period=2025; source_geography=1310:Kab. Solok Selatan; transform=identity; source_value=22.54; selected_turvar=0; source_universe=Children under age one under the official SUPAS mortality estimation definition; qualification=API unit metadata is blank; canonical unit is qualified from the official BPS IMR definition;
bpsm4obs_1c9838d3b930ca7cac8a87c2,household_expenditure_per_capita_monthly,idn.13.1305,2024-01-01,2024-12-31,annual_or_survey,1362747,rupiah_per_person_month,observed,bpsm4prov_e1033999b00eb0865d520df1,false,true,susenas_total_monthly_expenditure,nominal_2024,series_id=m4_expenditure_2024; source_var=492; source_period=2024; source_geography=1305:Kab. Tanah Datar; transform=identity; source_value=1362747; selected_turvar=880; source_universe=Persons represented by the Susenas household expenditure aggregate; qualification=Selects total food plus non-food expenditure turvar 880;
bpsm4obs_1d80f7bdc18771d434748cf5,labor_force_count,idn.13.1303,2025-08-01,2025-08-31,annual,243322,persons,observed,bpsm4prov_c3fb155f6c559283a1539940,false,true,sakernas_august_labor_force,,series_id=m4_labor_force_2025; source_var=473; source_period=2025; source_geography=1303:Kab. Solok; transform=identity; source_value=243322; selected_turvar=844; source_universe=Population age 15+ in the labor force; qualification=Source note explicitly identifies Sakernas August;
bpsm4obs_1dafbb1d516727688652633d,under_five_mortality_rate,idn.13.1376,2025-01-01,2025-12-31,census_or_survey,14.43,per_1000_live_births,observed,bpsm4prov_11159d80c18e32d8b4f871df,false,true,supas2025_u5mr,,series_id=m4_u5mr_2025; source_var=879; source_period=2025; source_geography=1376:Kota Payakumbuh; transform=identity; source_value=14.43; selected_turvar=0; source_universe=Children before age five under the official SUPAS mortality estimation definition; qualification=API unit metadata is blank; retain exact SUPAS U5MR methodology in provenance;
bpsm4obs_1eb83fb39fbe42cfb21aa77f,under_five_mortality_rate,idn.13.1305,2025-01-01,2025-12-31,census_or_survey,17.26,per_1000_live_births,observed,bpsm4prov_11159d80c18e32d8b4f871df,false,true,supas2025_u5mr,,series_id=m4_u5mr_2025; source_var=879; source_period=2025; source_geography=1305:Kab. Tanah Datar; transform=identity; source_value=17.26; selected_turvar=0; source_universe=Children before age five under the official SUPAS mortality estimation definition; qualification=API unit metadata is blank; retain exact SUPAS U5MR methodology in provenance;
bpsm4obs_1f242e57aad2f148db7b3990,total_fertility_rate,idn.13.1377,2025-01-01,2025-12-31,census_or_survey,2.37,births_per_woman,observed,bpsm4prov_cad0406a0cd9b500ac2914ed,false,true,supas2025_tfr,,series_id=m4_tfr_2025; source_var=876; source_period=2025; source_geography=1377:Kota Pariaman; transform=identity; source_value=2.37; selected_turvar=0; source_universe=Women under the official BPS age-specific fertility estimation schedule; qualification=Canonical unit follows the official BPS TFR definition;
bpsm4obs_1fa8952ed13db33cf71f8dd6,average_employee_wage,idn.13.1309,2024-08-01,2024-08-31,annual,2430026,rupiah_per_month,observed,bpsm4prov_513dba76f70cbe416f6ed30c,false,true,sakernas_august_net_wage,nominal_2024,series_id=m4_wage_2024; source_var=289; source_period=2024; source_geography=1309:Kab. Pasaman; transform=identity; source_value=2430026; selected_turvar=0; source_universe=Employees or wage workers under Sakernas August; qualification=Source note explicitly identifies Sakernas August and average net monthly wage salary;
bpsm4obs_1fac6bea9bd55ed7884d5e68,mobile_phone_use,idn.13.1375,2025-01-01,2025-12-31,annual,95.22,percent,observed,bpsm4prov_87a8c749f76d1accba7eea4a,false,true,susenas_mobile_3month,,series_id=m4_mobile_2025; source_var=319; source_period=2025; source_geography=1375:Kota Bukittinggi; transform=identity; source_value=95.22; selected_turvar=34; source_universe=Persons age 5+ using a mobile phone in the previous 3 months; qualification=Selects combined male and female category turvar 34;
bpsm4obs_20d6d2c22c073ce3411b75c6,under_five_mortality_rate,idn.13.1375,2025-01-01,2025-12-31,census_or_survey,12.01,per_1000_live_births,observed,bpsm4prov_11159d80c18e32d8b4f871df,false,true,supas2025_u5mr,,series_id=m4_u5mr_2025; source_var=879; source_period=2025; source_geography=1375:Kota Bukittinggi; transform=identity; source_value=12.01; selected_turvar=0; source_universe=Children before age five under the official SUPAS mortality estimation definition; qualification=API unit metadata is blank; retain exact SUPAS U5MR methodology in provenance;
bpsm4obs_2120650541bc0396fac9c5a3,employed_population,idn.13.1306,2025-08-01,2025-08-31,annual,223124,persons,observed,bpsm4prov_c3fb155f6c559283a1539940,false,true,sakernas_august_employed,,series_id=m4_employed_2025; source_var=473; source_period=2025; source_geography=1306:Kab. Padang Pariaman; transform=identity; source_value=223124; selected_turvar=842; source_universe=Population age 15+ classified as employed; qualification=Source note explicitly identifies Sakernas August;
bpsm4obs_21328d3caa65395c167bb1b3,foreign_investment_realization,idn.13.1309,2024-01-01,2024-12-31,annual,1099.37,million_rupiah,observed,bpsm4prov_df1ae195f815d526db816be2,false,true,bps_pma_additional_investment,nominal_2024,series_id=m4_pma_2024; source_var=729; source_period=2024; source_geography=1309:Kab. Pasaman; transform=identity; source_value=1099.37; selected_turvar=1179; source_universe=Realized PMA projects under the official investment reporting system; qualification=Selects Tambahan Investasi rather than project or employment counts;
bpsm4obs_220b2bf18e3f8e31daf0ce37,large_medium_industry_employment,idn.13.1374,2022-01-01,2022-12-31,annual,25,persons,observed,bpsm4prov_95e85bf46c862d5e02d02b71,false,true,bps_annual_large_medium_industry_survey,,series_id=m4_large_medium_industry_employment_2022; source_var=773; source_period=2022; source_geography=1374:Kota Padang Panjang; transform=identity; source_value=25; selected_turvar=1241; source_universe=Workers in large and medium industrial establishments; qualification=Kepulauan Mentawai 1301 is absent from the source table and remains missing rather than being imputed as zero; source_geography_1301_Kepulauan_Mentawai_absent_not_zero_imputed;
bpsm4obs_22892deaa7229405d4793446,mobile_phone_use,idn.13.1376,2025-01-01,2025-12-31,annual,94.04,percent,observed,bpsm4prov_87a8c749f76d1accba7eea4a,false,true,susenas_mobile_3month,,series_id=m4_mobile_2025; source_var=319; source_period=2025; source_geography=1376:Kota Payakumbuh; transform=identity; source_value=94.04; selected_turvar=34; source_universe=Persons age 5+ using a mobile phone in the previous 3 months; qualification=Selects combined male and female category turvar 34;
bpsm4obs_24bc6ea30fb8c9fbddd5dbab,total_fertility_rate,idn.13.1307,2025-01-01,2025-12-31,census_or_survey,2.51,births_per_woman,observed,bpsm4prov_cad0406a0cd9b500ac2914ed,false,true,supas2025_tfr,,series_id=m4_tfr_2025; source_var=876; source_period=2025; source_geography=1307:Kab. Agam; transform=identity; source_value=2.51; selected_turvar=0; source_universe=Women under the official BPS age-specific fertility estimation schedule; qualification=Canonical unit follows the official BPS TFR definition;
bpsm4obs_251e6e1d41d0cef395a11024,elderly_population_share,idn.13.1301,2025-01-01,2025-12-31,census_or_survey,7.99,percent,observed,bpsm4prov_e0534872b73e7b7566696b9e,false,true,supas2025_elderly_share,,series_id=m4_elderly_2025; source_var=884; source_period=2025; source_geography=1301:Kab. Kepulauan Mentawai; transform=identity; source_value=7.99; selected_turvar=0; source_universe=Population classified as elderly under the SUPAS definition; qualification=Preserve the official source age threshold and survey methodology;
bpsm4obs_252cd946041bd7812fafe7de,employed_population,idn.13.1312,2025-08-01,2025-08-31,annual,217749,persons,observed,bpsm4prov_c3fb155f6c559283a1539940,false,true,sakernas_august_employed,,series_id=m4_employed_2025; source_var=473; source_period=2025; source_geography=1312:Kab. Pasaman Barat; transform=identity; source_value=217749; selected_turvar=842; source_universe=Population age 15+ classified as employed; qualification=Source note explicitly identifies Sakernas August;
bpsm4obs_256178e151653e9336cc2b93,provincial_road_length,idn.13.1373,2024-01-01,2024-12-31,annual,32.5,kilometres,derived,bpsm4prov_e45b125b514491799bcd91c2,false,true,bps_provincial_road_condition,,series_id=m4_provincial_road_length_2024; source_var=555; source_period=2024; source_geography=1373:Kota Sawahlunto; transform=sum_turvar_ids; source_components=908:22.55|909:3|910:2|911:4.95; source_universe=Provincial-authority roads represented by four condition categories; qualification=Sum of good medium damaged and heavily damaged provincial-road lengths;
bpsm4obs_25d1cdd79a91baf5cdac2467,unemployed_population,idn.13.1305,2025-08-01,2025-08-31,annual,11818,persons,observed,bpsm4prov_c3fb155f6c559283a1539940,false,true,sakernas_august_unemployed,,series_id=m4_unemployed_2025; source_var=473; source_period=2025; source_geography=1305:Kab. Tanah Datar; transform=identity; source_value=11818; selected_turvar=843; source_universe=Population age 15+ classified as openly unemployed; qualification=Source note explicitly identifies Sakernas August;
bpsm4obs_262906061640c100d6c4a68f,total_fertility_rate,idn.13.1310,2025-01-01,2025-12-31,census_or_survey,2.52,births_per_woman,observed,bpsm4prov_cad0406a0cd9b500ac2914ed,false,true,supas2025_tfr,,series_id=m4_tfr_2025; source_var=876; source_period=2025; source_geography=1310:Kab. Solok Selatan; transform=identity; source_value=2.52; selected_turvar=0; source_universe=Women under the official BPS age-specific fertility estimation schedule; qualification=Canonical unit follows the official BPS TFR definition;
bpsm4obs_2760465a52310d9d3cfe9401,average_employee_wage,idn.13.1308,2024-08-01,2024-08-31,annual,2343721,rupiah_per_month,observed,bpsm4prov_513dba76f70cbe416f6ed30c,false,true,sakernas_august_net_wage,nominal_2024,series_id=m4_wage_2024; source_var=289; source_period=2024; source_geography=1308:Kab. Lima Puluh Kota; transform=identity; source_value=2343721; selected_turvar=0; source_universe=Employees or wage workers under Sakernas August; qualification=Source note explicitly identifies Sakernas August and average net monthly wage salary;
bpsm4obs_2cb0332e9a336dca36ece35d,urban_population_share,idn.13.1304,2020-01-01,2020-12-31,annual,25.59,percent,model_estimate,bpsm4prov_1212b1534732c5a2edae043f,false,true,bps_projection_sp2010,,series_id=m4_urban_share_2020; source_var=512; source_period=2020; source_geography=1304:Kab. Sijunjung; transform=identity; source_value=25.59; selected_turvar=0; source_universe=Population classified urban in the BPS SP2010-based population projection; qualification=Projection source is explicit so claim type remains model_estimate;
bpsm4obs_2e1bd603c6ced82d732219d2,dependency_ratio,idn.13.1302,2025-01-01,2025-12-31,census_or_survey,48.85,dependents_per_100_working_age,observed,bpsm4prov_6b57e3f09f8c6ee54b7243b3,false,true,supas2025_dependency_ratio,,series_id=m4_dependency_2025; source_var=875; source_period=2025; source_geography=1302:Kab. Pesisir Selatan; transform=identity; source_value=48.85; selected_turvar=0; source_universe=Population age 0 to 14 plus 65+ relative to age 15 to 64; qualification=Canonical unit follows the official BPS dependency-ratio definition;
bpsm4obs_2e7da593903134e5d9c57508,large_medium_industry_employment,idn.13.1376,2022-01-01,2022-12-31,annual,332,persons,observed,bpsm4prov_95e85bf46c862d5e02d02b71,false,true,bps_annual_large_medium_industry_survey,,series_id=m4_large_medium_industry_employment_2022; source_var=773; source_period=2022; source_geography=1376:Kota Payakumbuh; transform=identity; source_value=332; selected_turvar=1241; source_universe=Workers in large and medium industrial establishments; qualification=Kepulauan Mentawai 1301 is absent from the source table and remains missing rather than being imputed as zero; source_geography_1301_Kepulauan_Mentawai_absent_not_zero_imputed;
bpsm4obs_2ecb4228a79fe0921cfa298b,unemployed_population,idn.13.1371,2025-08-01,2025-08-31,annual,47869,persons,observed,bpsm4prov_c3fb155f6c559283a1539940,false,true,sakernas_august_unemployed,,series_id=m4_unemployed_2025; source_var=473; source_period=2025; source_geography=1371:Kota Padang; transform=identity; source_value=47869; selected_turvar=843; source_universe=Population age 15+ classified as openly unemployed; qualification=Source note explicitly identifies Sakernas August;
bpsm4obs_2fac8bf62fd861a7dbcc9f1e,child_mortality_rate,idn.13.1302,2025-01-01,2025-12-31,census_or_survey,2.64,per_1000_live_births,observed,bpsm4prov_e1c5940c862b82de962fe727,false,true,supas2025_cmr,,series_id=m4_cmr_2025; source_var=878; source_period=2025; source_geography=1302:Kab. Pesisir Selatan; transform=identity; source_value=2.64; selected_turvar=0; source_universe=Children age 1 to 4 under the official SUPAS mortality estimation definition; qualification=API unit metadata is blank; retain exact SUPAS CMR methodology in provenance;
bpsm4obs_2fc368c1b11a234274bf77d5,road_condition_good,idn.13.1310,2024-01-01,2024-12-31,annual,43.085106,percent,derived,bpsm4prov_e45b125b514491799bcd91c2,false,true,bps_provincial_road_condition,,series_id=m4_road_good_2024; source_var=555; source_period=2024; source_geography=1310:Kab. Solok Selatan; transform=share_selected_over_sum_turvar_ids; numerator=908:40.5; denominator_components=908:40.5|909:10.2|910:5.9|911:37.4; source_universe=Provincial-authority road length classified by condition; qualification=Good-condition km divided by total km across good medium damaged and heavily damaged categories;
bpsm4obs_2fde270f1abb9a5f7e09d221,child_mortality_rate,idn.13.1311,2025-01-01,2025-12-31,census_or_survey,2.85,per_1000_live_births,observed,bpsm4prov_e1c5940c862b82de962fe727,false,true,supas2025_cmr,,series_id=m4_cmr_2025; source_var=878; source_period=2025; source_geography=1311:Kab. Dharmasraya; transform=identity; source_value=2.85; selected_turvar=0; source_universe=Children age 1 to 4 under the official SUPAS mortality estimation definition; qualification=API unit metadata is blank; retain exact SUPAS CMR methodology in provenance;
bpsm4obs_3107fb04859d4d514ad0ad43,provincial_road_length,idn.13.1305,2024-01-01,2024-12-31,annual,138.85,kilometres,derived,bpsm4prov_e45b125b514491799bcd91c2,false,true,bps_provincial_road_condition,,series_id=m4_provincial_road_length_2024; source_var=555; source_period=2024; source_geography=1305:Kab. Tanah Datar; transform=sum_turvar_ids; source_components=908:64.05|909:35.4|910:26.5|911:12.9; source_universe=Provincial-authority roads represented by four condition categories; qualification=Sum of good medium damaged and heavily damaged provincial-road lengths;
bpsm4obs_324bb50a890066f37c017efd,total_fertility_rate,idn.13.1301,2025-01-01,2025-12-31,census_or_survey,2.73,births_per_woman,observed,bpsm4prov_cad0406a0cd9b500ac2914ed,false,true,supas2025_tfr,,series_id=m4_tfr_2025; source_var=876; source_period=2025; source_geography=1301:Kab. Kepulauan Mentawai; transform=identity; source_value=2.73; selected_turvar=0; source_universe=Women under the official BPS age-specific fertility estimation schedule; qualification=Canonical unit follows the official BPS TFR definition;
bpsm4obs_32c6479d17f99082c08c31cd,unemployed_population,idn.13.1303,2025-08-01,2025-08-31,annual,11426,persons,observed,bpsm4prov_c3fb155f6c559283a1539940,false,true,sakernas_august_unemployed,,series_id=m4_unemployed_2025; source_var=473; source_period=2025; source_geography=1303:Kab. Solok; transform=identity; source_value=11426; selected_turvar=843; source_universe=Population age 15+ classified as openly unemployed; qualification=Source note explicitly identifies Sakernas August;
bpsm4obs_34a3aa8224ccdba61d607c9a,labor_force_count,idn.13.1371,2025-08-01,2025-08-31,annual,493647,persons,observed,bpsm4prov_c3fb155f6c559283a1539940,false,true,sakernas_august_labor_force,,series_id=m4_labor_force_2025; source_var=473; source_period=2025; source_geography=1371:Kota Padang; transform=identity; source_value=493647; selected_turvar=844; source_universe=Population age 15+ in the labor force; qualification=Source note explicitly identifies Sakernas August;
bpsm4obs_34b368d2bc580d229c59930d,foreign_investment_realization,idn.13.1303,2024-01-01,2024-12-31,annual,7599.75,million_rupiah,observed,bpsm4prov_df1ae195f815d526db816be2,false,true,bps_pma_additional_investment,nominal_2024,series_id=m4_pma_2024; source_var=729; source_period=2024; source_geography=1303:Kab. Solok; transform=identity; source_value=7599.75; selected_turvar=1179; source_universe=Realized PMA projects under the official investment reporting system; qualification=Selects Tambahan Investasi rather than project or employment counts;
bpsm4obs_34d162394c343835ac527f06,neet_rate,idn.13.1374,2025-01-01,2025-12-31,annual,15.4,percent,observed,bpsm4prov_3ee4f2abc7a9db17db23dd1f,false,true,sakernas_neet_15_24,,series_id=m4_neet_2025; source_var=774; source_period=2025; source_geography=1374:Kota Padang Panjang; transform=identity; source_value=15.4; selected_turvar=0; source_universe=People age 15 to 24 not in employment education or training; qualification=Source is BPS Sakernas; no exact within-year reference month is inferred from current API metadata;
bpsm4obs_351455ec11c6daac6a244218,large_medium_industry_employment,idn.13.1307,2022-01-01,2022-12-31,annual,565,persons,observed,bpsm4prov_95e85bf46c862d5e02d02b71,false,true,bps_annual_large_medium_industry_survey,,series_id=m4_large_medium_industry_employment_2022; source_var=773; source_period=2022; source_geography=1307:Kab.Agam; transform=identity; source_value=565; selected_turvar=1241; source_universe=Workers in large and medium industrial establishments; qualification=Kepulauan Mentawai 1301 is absent from the source table and remains missing rather than being imputed as zero; source_geography_1301_Kepulauan_Mentawai_absent_not_zero_imputed;
bpsm4obs_355958c67fadfed1515ad0cb,child_mortality_rate,idn.13.1303,2025-01-01,2025-12-31,census_or_survey,3.71,per_1000_live_births,observed,bpsm4prov_e1c5940c862b82de962fe727,false,true,supas2025_cmr,,series_id=m4_cmr_2025; source_var=878; source_period=2025; source_geography=1303:Kab. Solok; transform=identity; source_value=3.71; selected_turvar=0; source_universe=Children age 1 to 4 under the official SUPAS mortality estimation definition; qualification=API unit metadata is blank; retain exact SUPAS CMR methodology in provenance;
bpsm4obs_35845ac324c3b99a4f59f460,unemployed_population,idn.13.1307,2025-08-01,2025-08-31,annual,14384,persons,observed,bpsm4prov_c3fb155f6c559283a1539940,false,true,sakernas_august_unemployed,,series_id=m4_unemployed_2025; source_var=473; source_period=2025; source_geography=1307:Kab. Agam; transform=identity; source_value=14384; selected_turvar=843; source_universe=Population age 15+ classified as openly unemployed; qualification=Source note explicitly identifies Sakernas August;
bpsm4obs_35da11475a7107370ccaf7a6,dependency_ratio,idn.13.1372,2025-01-01,2025-12-31,census_or_survey,47.95,dependents_per_100_working_age,observed,bpsm4prov_6b57e3f09f8c6ee54b7243b3,false,true,supas2025_dependency_ratio,,series_id=m4_dependency_2025; source_var=875; source_period=2025; source_geography=1372:Kota Solok; transform=identity; source_value=47.95; selected_turvar=0; source_universe=Population age 0 to 14 plus 65+ relative to age 15 to 64; qualification=Canonical unit follows the official BPS dependency-ratio definition;
bpsm4obs_360337bfacdd7b3d4f90e7f9,under_five_mortality_rate,idn.13.1304,2025-01-01,2025-12-31,census_or_survey,24.36,per_1000_live_births,observed,bpsm4prov_11159d80c18e32d8b4f871df,false,true,supas2025_u5mr,,series_id=m4_u5mr_2025; source_var=879; source_period=2025; source_geography=1304:Kab. Sijunjung; transform=identity; source_value=24.36; selected_turvar=0; source_universe=Children before age five under the official SUPAS mortality estimation definition; qualification=API unit metadata is blank; retain exact SUPAS U5MR methodology in provenance;
bpsm4obs_370351721bed9049816d98a2,road_condition_good,idn.13.1308,2024-01-01,2024-12-31,annual,63.274554,percent,derived,bpsm4prov_e45b125b514491799bcd91c2,false,true,bps_provincial_road_condition,,series_id=m4_road_good_2024; source_var=555; source_period=2024; source_geography=1308:Kab. Lima Puluh Kota; transform=share_selected_over_sum_turvar_ids; numerator=908:115.9; denominator_components=908:115.9|909:16.15|910:12.04|911:39.08; source_universe=Provincial-authority road length classified by condition; qualification=Good-condition km divided by total km across good medium damaged and heavily damaged categories;
bpsm4obs_3744590e51ad9d40b0f6d8ba,food_inadequacy_prevalence,idn.13.1373,2024-01-01,2024-12-31,annual,8.19,percent,observed,bpsm4prov_a81da9a3ad0b58fa3febccb0,false,true,bps_food_inadequacy,,series_id=m4_food_inadequacy_2024; source_var=760; source_period=2024; source_geography=1373:Kota Sawahlunto; transform=identity; source_value=8.19; selected_turvar=0; source_universe=Population under the official food-inadequacy estimation methodology; qualification=Retain source methodology and do not reinterpret as observed calorie intake for individuals;
bpsm4obs_378499a9cd9492a73074624a,mobile_phone_use,idn.13.1303,2025-01-01,2025-12-31,annual,87.93,percent,observed,bpsm4prov_87a8c749f76d1accba7eea4a,false,true,susenas_mobile_3month,,series_id=m4_mobile_2025; source_var=319; source_period=2025; source_geography=1303:Kab. Solok; transform=identity; source_value=87.93; selected_turvar=34; source_universe=Persons age 5+ using a mobile phone in the previous 3 months; qualification=Selects combined male and female category turvar 34;
bpsm4obs_3870f22a36533d7e54852b71,mobile_phone_use,idn.13.1377,2025-01-01,2025-12-31,annual,96.43,percent,observed,bpsm4prov_87a8c749f76d1accba7eea4a,false,true,susenas_mobile_3month,,series_id=m4_mobile_2025; source_var=319; source_period=2025; source_geography=1377:Kota Pariaman; transform=identity; source_value=96.43; selected_turvar=34; source_universe=Persons age 5+ using a mobile phone in the previous 3 months; qualification=Selects combined male and female category turvar 34;
bpsm4obs_387d1104fb9c1fcddee90fd5,food_inadequacy_prevalence,idn.13.1308,2024-01-01,2024-12-31,annual,8.83,percent,observed,bpsm4prov_a81da9a3ad0b58fa3febccb0,false,true,bps_food_inadequacy,,series_id=m4_food_inadequacy_2024; source_var=760; source_period=2024; source_geography=1308:Kab. Lima Puluh Kota; transform=identity; source_value=8.83; selected_turvar=0; source_universe=Population under the official food-inadequacy estimation methodology; qualification=Retain source methodology and do not reinterpret as observed calorie intake for individuals;
bpsm4obs_38b203226454383a551560ac,labor_force_count,idn.13.1311,2025-08-01,2025-08-31,annual,138321,persons,observed,bpsm4prov_c3fb155f6c559283a1539940,false,true,sakernas_august_labor_force,,series_id=m4_labor_force_2025; source_var=473; source_period=2025; source_geography=1311:Kab. Dharmasraya; transform=identity; source_value=138321; selected_turvar=844; source_universe=Population age 15+ in the labor force; qualification=Source note explicitly identifies Sakernas August;
bpsm4obs_38b73aed34a7a868838d9fa9,domestic_investment_realization,idn.13.1311,2024-01-01,2024-12-31,annual,424853.2,million_rupiah,observed,bpsm4prov_562d86f57441beb695cb64bb,false,true,bps_pmdn_additional_investment,nominal_2024,series_id=m4_pmdn_2024; source_var=727; source_period=2024; source_geography=1311:Kab. Dharmasraya; transform=identity; source_value=424853.2; selected_turvar=1175; source_universe=Realized PMDN projects under the official investment reporting system; qualification=Selects Tambahan Investasi rather than project or employment counts;
bpsm4obs_38cd7557f5483d5d8de914d9,domestic_investment_realization,idn.13.1377,2024-01-01,2024-12-31,annual,7381.25,million_rupiah,observed,bpsm4prov_562d86f57441beb695cb64bb,false,true,bps_pmdn_additional_investment,nominal_2024,series_id=m4_pmdn_2024; source_var=727; source_period=2024; source_geography=1377:Kota Pariaman; transform=identity; source_value=7381.25; selected_turvar=1175; source_universe=Realized PMDN projects under the official investment reporting system; qualification=Selects Tambahan Investasi rather than project or employment counts;
bpsm4obs_396b237f1906616b3d15d0b5,average_employee_wage,idn.13.1301,2024-08-01,2024-08-31,annual,2429633,rupiah_per_month,observed,bpsm4prov_513dba76f70cbe416f6ed30c,false,true,sakernas_august_net_wage,nominal_2024,series_id=m4_wage_2024; source_var=289; source_period=2024; source_geography=1301:Kab. Kepulauan Mentawai; transform=identity; source_value=2429633; selected_turvar=0; source_universe=Employees or wage workers under Sakernas August; qualification=Source note explicitly identifies Sakernas August and average net monthly wage salary;
bpsm4obs_399034a0138eecd04156709f,dependency_ratio,idn.13.1377,2025-01-01,2025-12-31,census_or_survey,48.47,dependents_per_100_working_age,observed,bpsm4prov_6b57e3f09f8c6ee54b7243b3,false,true,supas2025_dependency_ratio,,series_id=m4_dependency_2025; source_var=875; source_period=2025; source_geography=1377:Kota Pariaman; transform=identity; source_value=48.47; selected_turvar=0; source_universe=Population age 0 to 14 plus 65+ relative to age 15 to 64; qualification=Canonical unit follows the official BPS dependency-ratio definition;
bpsm4obs_39a186368c914e69a31b2488,provincial_road_length,idn.13.1307,2024-01-01,2024-12-31,annual,154.4,kilometres,derived,bpsm4prov_e45b125b514491799bcd91c2,false,true,bps_provincial_road_condition,,series_id=m4_provincial_road_length_2024; source_var=555; source_period=2024; source_geography=1307:Kab. Agam; transform=sum_turvar_ids; source_components=908:114.6|909:14.2|910:14|911:11.6; source_universe=Provincial-authority roads represented by four condition categories; qualification=Sum of good medium damaged and heavily damaged provincial-road lengths;
bpsm4obs_39e9ba1667050af6dd08731f,household_expenditure_per_capita_monthly,idn.13.1307,2024-01-01,2024-12-31,annual_or_survey,1239225,rupiah_per_person_month,observed,bpsm4prov_e1033999b00eb0865d520df1,false,true,susenas_total_monthly_expenditure,nominal_2024,series_id=m4_expenditure_2024; source_var=492; source_period=2024; source_geography=1307:Kab. Agam; transform=identity; source_value=1239225; selected_turvar=880; source_universe=Persons represented by the Susenas household expenditure aggregate; qualification=Selects total food plus non-food expenditure turvar 880;
bpsm4obs_3b34fc61283cf2a49648410b,food_inadequacy_prevalence,idn.13.1371,2024-01-01,2024-12-31,annual,8.57,percent,observed,bpsm4prov_a81da9a3ad0b58fa3febccb0,false,true,bps_food_inadequacy,,series_id=m4_food_inadequacy_2024; source_var=760; source_period=2024; source_geography=1371:Kota Padang; transform=identity; source_value=8.57; selected_turvar=0; source_universe=Population under the official food-inadequacy estimation methodology; qualification=Retain source methodology and do not reinterpret as observed calorie intake for individuals;
bpsm4obs_3c88f540f0fdc7c842faf7ac,net_migration_rate,idn.13.1307,2025-01-01,2025-12-31,census_or_survey,54.7,per_1000,derived,bpsm4prov_558e401d7c68a9be65a79899,false,true,supas2025_recent_migration,,series_id=m4_net_migration_2025; source_var=883; source_period=2025; source_geography=1307:Kab. Agam; transform=multiply_10; source_value_per_100=5.47; selected_turvar=1475; multiplier=10; source_universe=Population covered by the SUPAS recent-migration definition; qualification=Source publishes recent net migration per 100 population; canonical value converts deterministically to per 1000;
bpsm4obs_3d15dbee5f7624d473e619ed,urban_population_share,idn.13.1311,2020-01-01,2020-12-31,annual,48.13,percent,model_estimate,bpsm4prov_1212b1534732c5a2edae043f,false,true,bps_projection_sp2010,,series_id=m4_urban_share_2020; source_var=512; source_period=2020; source_geography=1311:Kab. Dharmasraya; transform=identity; source_value=48.13; selected_turvar=0; source_universe=Population classified urban in the BPS SP2010-based population projection; qualification=Projection source is explicit so claim type remains model_estimate;
bpsm4obs_3e671addbaf4a22475d3271d,elderly_population_share,idn.13.1304,2025-01-01,2025-12-31,census_or_survey,10.77,percent,observed,bpsm4prov_e0534872b73e7b7566696b9e,false,true,supas2025_elderly_share,,series_id=m4_elderly_2025; source_var=884; source_period=2025; source_geography=1304:Kab. Sijunjung; transform=identity; source_value=10.77; selected_turvar=0; source_universe=Population classified as elderly under the SUPAS definition; qualification=Preserve the official source age threshold and survey methodology;
bpsm4obs_3fa38f40da8be27a2f1fefbc,mobile_phone_use,idn.13.1306,2025-01-01,2025-12-31,annual,88.85,percent,observed,bpsm4prov_87a8c749f76d1accba7eea4a,false,true,susenas_mobile_3month,,series_id=m4_mobile_2025; source_var=319; source_period=2025; source_geography=1306:Kab. Padang Pariaman; transform=identity; source_value=88.85; selected_turvar=34; source_universe=Persons age 5+ using a mobile phone in the previous 3 months; qualification=Selects combined male and female category turvar 34;
bpsm4obs_40164503acbd4e1e090aee25,labor_force_count,idn.13.1310,2025-08-01,2025-08-31,annual,115626,persons,observed,bpsm4prov_c3fb155f6c559283a1539940,false,true,sakernas_august_labor_force,,series_id=m4_labor_force_2025; source_var=473; source_period=2025; source_geography=1310:Kab. Solok Selatan; transform=identity; source_value=115626; selected_turvar=844; source_universe=Population age 15+ in the labor force; qualification=Source note explicitly identifies Sakernas August;
bpsm4obs_42630c3ec98a4dae98e7eb42,child_mortality_rate,idn.13.1375,2025-01-01,2025-12-31,census_or_survey,1.65,per_1000_live_births,observed,bpsm4prov_e1c5940c862b82de962fe727,false,true,supas2025_cmr,,series_id=m4_cmr_2025; source_var=878; source_period=2025; source_geography=1375:Kota Bukittinggi; transform=identity; source_value=1.65; selected_turvar=0; source_universe=Children age 1 to 4 under the official SUPAS mortality estimation definition; qualification=API unit metadata is blank; retain exact SUPAS CMR methodology in provenance;
bpsm4obs_42becae2cc352b444d5a887b,provincial_road_length,idn.13.1301,2024-01-01,2024-12-31,annual,11,kilometres,derived,bpsm4prov_e45b125b514491799bcd91c2,false,true,bps_provincial_road_condition,,series_id=m4_provincial_road_length_2024; source_var=555; source_period=2024; source_geography=1301:Kab. Kepulauan Mentawai; transform=sum_turvar_ids; source_components=908:9.22|909:0|910:0.7|911:1.08; source_universe=Provincial-authority roads represented by four condition categories; qualification=Sum of good medium damaged and heavily damaged provincial-road lengths;
bpsm4obs_43fdf33eab47d475fc09c115,food_inadequacy_prevalence,idn.13.1374,2024-01-01,2024-12-31,annual,5.33,percent,observed,bpsm4prov_a81da9a3ad0b58fa3febccb0,false,true,bps_food_inadequacy,,series_id=m4_food_inadequacy_2024; source_var=760; source_period=2024; source_geography=1374:Kota Padang Panjang; transform=identity; source_value=5.33; selected_turvar=0; source_universe=Population under the official food-inadequacy estimation methodology; qualification=Retain source methodology and do not reinterpret as observed calorie intake for individuals;
bpsm4obs_440fa508e6a8d23773041c79,child_mortality_rate,idn.13.1305,2025-01-01,2025-12-31,census_or_survey,2.66,per_1000_live_births,observed,bpsm4prov_e1c5940c862b82de962fe727,false,true,supas2025_cmr,,series_id=m4_cmr_2025; source_var=878; source_period=2025; source_geography=1305:Kab. Tanah Datar; transform=identity; source_value=2.66; selected_turvar=0; source_universe=Children age 1 to 4 under the official SUPAS mortality estimation definition; qualification=API unit metadata is blank; retain exact SUPAS CMR methodology in provenance;
bpsm4obs_453a4d000f3fd8ebf4f428cb,foreign_investment_realization,idn.13.1308,2024-01-01,2024-12-31,annual,2.15,million_rupiah,observed,bpsm4prov_df1ae195f815d526db816be2,false,true,bps_pma_additional_investment,nominal_2024,series_id=m4_pma_2024; source_var=729; source_period=2024; source_geography=1308:Kab. Lima Puluh Kota; transform=identity; source_value=2.15; selected_turvar=1179; source_universe=Realized PMA projects under the official investment reporting system; qualification=Selects Tambahan Investasi rather than project or employment counts;
bpsm4obs_474967f5870c49c91c4d21eb,unemployed_population,idn.13.1377,2025-08-01,2025-08-31,annual,2816,persons,observed,bpsm4prov_c3fb155f6c559283a1539940,false,true,sakernas_august_unemployed,,series_id=m4_unemployed_2025; source_var=473; source_period=2025; source_geography=1377:Kota Pariaman; transform=identity; source_value=2816; selected_turvar=843; source_universe=Population age 15+ classified as openly unemployed; qualification=Source note explicitly identifies Sakernas August;
bpsm4obs_488f12950fc70105ed24dbe6,foreign_investment_realization,idn.13.1302,2024-01-01,2024-12-31,annual,1086.95,million_rupiah,observed,bpsm4prov_df1ae195f815d526db816be2,false,true,bps_pma_additional_investment,nominal_2024,series_id=m4_pma_2024; source_var=729; source_period=2024; source_geography=1302:Kab. Pesisir Selatan; transform=identity; source_value=1086.95; selected_turvar=1179; source_universe=Realized PMA projects under the official investment reporting system; qualification=Selects Tambahan Investasi rather than project or employment counts;
bpsm4obs_48f0a987314b5cbe64906b58,total_fertility_rate,idn.13.1374,2025-01-01,2025-12-31,census_or_survey,2.42,births_per_woman,observed,bpsm4prov_cad0406a0cd9b500ac2914ed,false,true,supas2025_tfr,,series_id=m4_tfr_2025; source_var=876; source_period=2025; source_geography=1374:Kota Padang Panjang; transform=identity; source_value=2.42; selected_turvar=0; source_universe=Women under the official BPS age-specific fertility estimation schedule; qualification=Canonical unit follows the official BPS TFR definition;
bpsm4obs_491312e82805f9eb12d65d78,elderly_population_share,idn.13.1372,2025-01-01,2025-12-31,census_or_survey,9.85,percent,observed,bpsm4prov_e0534872b73e7b7566696b9e,false,true,supas2025_elderly_share,,series_id=m4_elderly_2025; source_var=884; source_period=2025; source_geography=1372:Kota Solok; transform=identity; source_value=9.85; selected_turvar=0; source_universe=Population classified as elderly under the SUPAS definition; qualification=Preserve the official source age threshold and survey methodology;
bpsm4obs_497c90bfd4c39102a69f1541,net_migration_rate,idn.13.1303,2025-01-01,2025-12-31,census_or_survey,4.2,per_1000,derived,bpsm4prov_558e401d7c68a9be65a79899,false,true,supas2025_recent_migration,,series_id=m4_net_migration_2025; source_var=883; source_period=2025; source_geography=1303:Kab. Solok; transform=multiply_10; source_value_per_100=0.42; selected_turvar=1475; multiplier=10; source_universe=Population covered by the SUPAS recent-migration definition; qualification=Source publishes recent net migration per 100 population; canonical value converts deterministically to per 1000;
bpsm4obs_498a12dcf97ecf29c2360f5f,domestic_investment_realization,idn.13.1305,2024-01-01,2024-12-31,annual,36878.08,million_rupiah,observed,bpsm4prov_562d86f57441beb695cb64bb,false,true,bps_pmdn_additional_investment,nominal_2024,series_id=m4_pmdn_2024; source_var=727; source_period=2024; source_geography=1305:Kab. Tanah Datar; transform=identity; source_value=36878.08; selected_turvar=1175; source_universe=Realized PMDN projects under the official investment reporting system; qualification=Selects Tambahan Investasi rather than project or employment counts;
bpsm4obs_49ad8c9c57c42d7ecfa90c90,employed_population,idn.13.1301,2025-08-01,2025-08-31,annual,56343,persons,observed,bpsm4prov_c3fb155f6c559283a1539940,false,true,sakernas_august_employed,,series_id=m4_employed_2025; source_var=473; source_period=2025; source_geography=1301:Kab. Kepulauan Mentawai; transform=identity; source_value=56343; selected_turvar=842; source_universe=Population age 15+ classified as employed; qualification=Source note explicitly identifies Sakernas August;
bpsm4obs_4a28f1f13ccdd77bcfab24ae,labor_force_count,idn.13.1301,2025-08-01,2025-08-31,annual,57220,persons,observed,bpsm4prov_c3fb155f6c559283a1539940,false,true,sakernas_august_labor_force,,series_id=m4_labor_force_2025; source_var=473; source_period=2025; source_geography=1301:Kab. Kepulauan Mentawai; transform=identity; source_value=57220; selected_turvar=844; source_universe=Population age 15+ in the labor force; qualification=Source note explicitly identifies Sakernas August;
bpsm4obs_4a53c70537d447a5d402551b,labor_force_count,idn.13.1305,2025-08-01,2025-08-31,annual,224680,persons,observed,bpsm4prov_c3fb155f6c559283a1539940,false,true,sakernas_august_labor_force,,series_id=m4_labor_force_2025; source_var=473; source_period=2025; source_geography=1305:Kab. Tanah Datar; transform=identity; source_value=224680; selected_turvar=844; source_universe=Population age 15+ in the labor force; qualification=Source note explicitly identifies Sakernas August;
bpsm4obs_4a9b10b40761e70c32f7ae08,foreign_investment_realization,idn.13.1312,2024-01-01,2024-12-31,annual,36431.79,million_rupiah,observed,bpsm4prov_df1ae195f815d526db816be2,false,true,bps_pma_additional_investment,nominal_2024,series_id=m4_pma_2024; source_var=729; source_period=2024; source_geography=1312:Kab. Pasaman Barat; transform=identity; source_value=36431.79; selected_turvar=1179; source_universe=Realized PMA projects under the official investment reporting system; qualification=Selects Tambahan Investasi rather than project or employment counts;
bpsm4obs_4b02eb8df02072b59740272b,provincial_road_length,idn.13.1302,2024-01-01,2024-12-31,annual,102.8,kilometres,derived,bpsm4prov_e45b125b514491799bcd91c2,false,true,bps_provincial_road_condition,,series_id=m4_provincial_road_length_2024; source_var=555; source_period=2024; source_geography=1302:Kab. Pesisir Selatan; transform=sum_turvar_ids; source_components=908:80.8|909:3.2|910:1.3|911:17.5; source_universe=Provincial-authority roads represented by four condition categories; qualification=Sum of good medium damaged and heavily damaged provincial-road lengths;
bpsm4obs_4b52a6989da0487479d5557f,road_condition_good,idn.13.1371,2024-01-01,2024-12-31,annual,59.141791,percent,derived,bpsm4prov_e45b125b514491799bcd91c2,false,true,bps_provincial_road_condition,,series_id=m4_road_good_2024; source_var=555; source_period=2024; source_geography=1371:Kota Padang; transform=share_selected_over_sum_turvar_ids; numerator=908:22.19; denominator_components=908:22.19|909:0.5|910:0.1|911:14.73; source_universe=Provincial-authority road length classified by condition; qualification=Good-condition km divided by total km across good medium damaged and heavily damaged categories;
bpsm4obs_4b7f2ca68d4a0febfb796d93,neet_rate,idn.13.1311,2025-01-01,2025-12-31,annual,15.29,percent,observed,bpsm4prov_3ee4f2abc7a9db17db23dd1f,false,true,sakernas_neet_15_24,,series_id=m4_neet_2025; source_var=774; source_period=2025; source_geography=1311:Kab. Dharmasraya; transform=identity; source_value=15.29; selected_turvar=0; source_universe=People age 15 to 24 not in employment education or training; qualification=Source is BPS Sakernas; no exact within-year reference month is inferred from current API metadata;
bpsm4obs_4b7fc98cb4780732b3c9fbe6,household_expenditure_per_capita_monthly,idn.13.1302,2024-01-01,2024-12-31,annual_or_survey,1195143,rupiah_per_person_month,observed,bpsm4prov_e1033999b00eb0865d520df1,false,true,susenas_total_monthly_expenditure,nominal_2024,series_id=m4_expenditure_2024; source_var=492; source_period=2024; source_geography=1302:Kab. Pesisir Selatan; transform=identity; source_value=1195143; selected_turvar=880; source_universe=Persons represented by the Susenas household expenditure aggregate; qualification=Selects total food plus non-food expenditure turvar 880;
bpsm4obs_4c2d1324e953954503d610a1,provincial_road_length,idn.13.1309,2024-01-01,2024-12-31,annual,182.5,kilometres,derived,bpsm4prov_e45b125b514491799bcd91c2,false,true,bps_provincial_road_condition,,series_id=m4_provincial_road_length_2024; source_var=555; source_period=2024; source_geography=1309:Kab. Pasaman; transform=sum_turvar_ids; source_components=908:116.71|909:18.3|910:13.8|911:33.69; source_universe=Provincial-authority roads represented by four condition categories; qualification=Sum of good medium damaged and heavily damaged provincial-road lengths;
bpsm4obs_4c5799ce7fbf37a23cf16abe,unemployed_population,idn.13.1312,2025-08-01,2025-08-31,annual,13771,persons,observed,bpsm4prov_c3fb155f6c559283a1539940,false,true,sakernas_august_unemployed,,series_id=m4_unemployed_2025; source_var=473; source_period=2025; source_geography=1312:Kab. Pasaman Barat; transform=identity; source_value=13771; selected_turvar=843; source_universe=Population age 15+ classified as openly unemployed; qualification=Source note explicitly identifies Sakernas August;
bpsm4obs_4d658d91d92ce2ebdee1415b,under_five_mortality_rate,idn.13.1307,2025-01-01,2025-12-31,census_or_survey,16.01,per_1000_live_births,observed,bpsm4prov_11159d80c18e32d8b4f871df,false,true,supas2025_u5mr,,series_id=m4_u5mr_2025; source_var=879; source_period=2025; source_geography=1307:Kab. Agam; transform=identity; source_value=16.01; selected_turvar=0; source_universe=Children before age five under the official SUPAS mortality estimation definition; qualification=API unit metadata is blank; retain exact SUPAS U5MR methodology in provenance;
bpsm4obs_4e858b571cd88e86c8708376,under_five_mortality_rate,idn.13.1310,2025-01-01,2025-12-31,census_or_survey,26.74,per_1000_live_births,observed,bpsm4prov_11159d80c18e32d8b4f871df,false,true,supas2025_u5mr,,series_id=m4_u5mr_2025; source_var=879; source_period=2025; source_geography=1310:Kab. Solok Selatan; transform=identity; source_value=26.74; selected_turvar=0; source_universe=Children before age five under the official SUPAS mortality estimation definition; qualification=API unit metadata is blank; retain exact SUPAS U5MR methodology in provenance;
bpsm4obs_4ea759a98b1abbea4a6ab9ba,infant_mortality_rate,idn.13.1308,2025-01-01,2025-12-31,census_or_survey,17.73,per_1000_live_births,observed,bpsm4prov_6bf49de3e81a23c25397ec47,false,true,supas2025_imr,,series_id=m4_imr_2025; source_var=877; source_period=2025; source_geography=1308:Kab. Lima Puluh Kota; transform=identity; source_value=17.73; selected_turvar=0; source_universe=Children under age one under the official SUPAS mortality estimation definition; qualification=API unit metadata is blank; canonical unit is qualified from the official BPS IMR definition;
bpsm4obs_4ebfe3ad5592f8e11c214893,dependency_ratio,idn.13.1373,2025-01-01,2025-12-31,census_or_survey,48.37,dependents_per_100_working_age,observed,bpsm4prov_6b57e3f09f8c6ee54b7243b3,false,true,supas2025_dependency_ratio,,series_id=m4_dependency_2025; source_var=875; source_period=2025; source_geography=1373:Kota Sawahlunto; transform=identity; source_value=48.37; selected_turvar=0; source_universe=Population age 0 to 14 plus 65+ relative to age 15 to 64; qualification=Canonical unit follows the official BPS dependency-ratio definition;
bpsm4obs_4ef682625074a9f6331f737f,elderly_population_share,idn.13.1311,2025-01-01,2025-12-31,census_or_survey,9.32,percent,observed,bpsm4prov_e0534872b73e7b7566696b9e,false,true,supas2025_elderly_share,,series_id=m4_elderly_2025; source_var=884; source_period=2025; source_geography=1311:Kab. Dharmasraya; transform=identity; source_value=9.32; selected_turvar=0; source_universe=Population classified as elderly under the SUPAS definition; qualification=Preserve the official source age threshold and survey methodology;
bpsm4obs_4f16a10839615f8d6aa8bb49,unemployed_population,idn.13.1374,2025-08-01,2025-08-31,annual,1566,persons,observed,bpsm4prov_c3fb155f6c559283a1539940,false,true,sakernas_august_unemployed,,series_id=m4_unemployed_2025; source_var=473; source_period=2025; source_geography=1374:Kota Padang Panjang; transform=identity; source_value=1566; selected_turvar=843; source_universe=Population age 15+ classified as openly unemployed; qualification=Source note explicitly identifies Sakernas August;
bpsm4obs_500eba2f7e726b70b9451dc1,infant_mortality_rate,idn.13.1309,2025-01-01,2025-12-31,census_or_survey,22.94,per_1000_live_births,observed,bpsm4prov_6bf49de3e81a23c25397ec47,false,true,supas2025_imr,,series_id=m4_imr_2025; source_var=877; source_period=2025; source_geography=1309:Kab. Pasaman; transform=identity; source_value=22.94; selected_turvar=0; source_universe=Children under age one under the official SUPAS mortality estimation definition; qualification=API unit metadata is blank; canonical unit is qualified from the official BPS IMR definition;
bpsm4obs_500f81e83178e69a1cc3bbdf,neet_rate,idn.13.1377,2025-01-01,2025-12-31,annual,15.37,percent,observed,bpsm4prov_3ee4f2abc7a9db17db23dd1f,false,true,sakernas_neet_15_24,,series_id=m4_neet_2025; source_var=774; source_period=2025; source_geography=1377:Kota Pariaman; transform=identity; source_value=15.37; selected_turvar=0; source_universe=People age 15 to 24 not in employment education or training; qualification=Source is BPS Sakernas; no exact within-year reference month is inferred from current API metadata;
bpsm4obs_50bfd9cfbd5730a9152fa644,labor_force_count,idn.13.1376,2025-08-01,2025-08-31,annual,80600,persons,observed,bpsm4prov_c3fb155f6c559283a1539940,false,true,sakernas_august_labor_force,,series_id=m4_labor_force_2025; source_var=473; source_period=2025; source_geography=1376:Kota Payakumbuh; transform=identity; source_value=80600; selected_turvar=844; source_universe=Population age 15+ in the labor force; qualification=Source note explicitly identifies Sakernas August;
bpsm4obs_510a3f3ed5ee4f3a81e1357a,food_inadequacy_prevalence,idn.13.1312,2024-01-01,2024-12-31,annual,8.55,percent,observed,bpsm4prov_a81da9a3ad0b58fa3febccb0,false,true,bps_food_inadequacy,,series_id=m4_food_inadequacy_2024; source_var=760; source_period=2024; source_geography=1312:Kab. Pasaman Barat; transform=identity; source_value=8.55; selected_turvar=0; source_universe=Population under the official food-inadequacy estimation methodology; qualification=Retain source methodology and do not reinterpret as observed calorie intake for individuals;
bpsm4obs_52a71ded386eaa2ff6cc451e,road_condition_good,idn.13.1305,2024-01-01,2024-12-31,annual,46.128916,percent,derived,bpsm4prov_e45b125b514491799bcd91c2,false,true,bps_provincial_road_condition,,series_id=m4_road_good_2024; source_var=555; source_period=2024; source_geography=1305:Kab. Tanah Datar; transform=share_selected_over_sum_turvar_ids; numerator=908:64.05; denominator_components=908:64.05|909:35.4|910:26.5|911:12.9; source_universe=Provincial-authority road length classified by condition; qualification=Good-condition km divided by total km across good medium damaged and heavily damaged categories;
bpsm4obs_52abf2fdd7c3b32a61202353,food_inadequacy_prevalence,idn.13.1302,2024-01-01,2024-12-31,annual,8.82,percent,observed,bpsm4prov_a81da9a3ad0b58fa3febccb0,false,true,bps_food_inadequacy,,series_id=m4_food_inadequacy_2024; source_var=760; source_period=2024; source_geography=1302:Kab. Pesisir Selatan; transform=identity; source_value=8.82; selected_turvar=0; source_universe=Population under the official food-inadequacy estimation methodology; qualification=Retain source methodology and do not reinterpret as observed calorie intake for individuals;
bpsm4obs_531095b1e3d23147525e40fe,unemployed_population,idn.13.1375,2025-08-01,2025-08-31,annual,2933,persons,observed,bpsm4prov_c3fb155f6c559283a1539940,false,true,sakernas_august_unemployed,,series_id=m4_unemployed_2025; source_var=473; source_period=2025; source_geography=1375:Kota Bukittinggi; transform=identity; source_value=2933; selected_turvar=843; source_universe=Population age 15+ classified as openly unemployed; qualification=Source note explicitly identifies Sakernas August;
bpsm4obs_53284f38dd54efc4e43df458,road_condition_good,idn.13.1312,2024-01-01,2024-12-31,annual,52.183158,percent,derived,bpsm4prov_e45b125b514491799bcd91c2,false,true,bps_provincial_road_condition,,series_id=m4_road_good_2024; source_var=555; source_period=2024; source_geography=1312:Kab. Pasaman Barat; transform=share_selected_over_sum_turvar_ids; numerator=908:105.53; denominator_components=908:105.53|909:10.3|910:3.1|911:83.3; source_universe=Provincial-authority road length classified by condition; qualification=Good-condition km divided by total km across good medium damaged and heavily damaged categories;
bpsm4obs_537170e42299e28894db8b1c,dependency_ratio,idn.13.1301,2025-01-01,2025-12-31,census_or_survey,45.17,dependents_per_100_working_age,observed,bpsm4prov_6b57e3f09f8c6ee54b7243b3,false,true,supas2025_dependency_ratio,,series_id=m4_dependency_2025; source_var=875; source_period=2025; source_geography=1301:Kab. Kepulauan Mentawai; transform=identity; source_value=45.17; selected_turvar=0; source_universe=Population age 0 to 14 plus 65+ relative to age 15 to 64; qualification=Canonical unit follows the official BPS dependency-ratio definition;
bpsm4obs_53f3632d4a0e2a233b77904f,net_migration_rate,idn.13.1311,2025-01-01,2025-12-31,census_or_survey,25.2,per_1000,derived,bpsm4prov_558e401d7c68a9be65a79899,false,true,supas2025_recent_migration,,series_id=m4_net_migration_2025; source_var=883; source_period=2025; source_geography=1311:Kab. Dharmasraya; transform=multiply_10; source_value_per_100=2.52; selected_turvar=1475; multiplier=10; source_universe=Population covered by the SUPAS recent-migration definition; qualification=Source publishes recent net migration per 100 population; canonical value converts deterministically to per 1000;
bpsm4obs_54389626d80ebad759ea98f3,household_expenditure_per_capita_monthly,idn.13.1301,2024-01-01,2024-12-31,annual_or_survey,1194950,rupiah_per_person_month,observed,bpsm4prov_e1033999b00eb0865d520df1,false,true,susenas_total_monthly_expenditure,nominal_2024,series_id=m4_expenditure_2024; source_var=492; source_period=2024; source_geography=1301:Kab. Kepulauan Mentawai; transform=identity; source_value=1194950; selected_turvar=880; source_universe=Persons represented by the Susenas household expenditure aggregate; qualification=Selects total food plus non-food expenditure turvar 880;
bpsm4obs_546760831469ab758f49b951,household_expenditure_per_capita_monthly,idn.13.1375,2024-01-01,2024-12-31,annual_or_survey,1869348,rupiah_per_person_month,observed,bpsm4prov_e1033999b00eb0865d520df1,false,true,susenas_total_monthly_expenditure,nominal_2024,series_id=m4_expenditure_2024; source_var=492; source_period=2024; source_geography=1375:Kota Bukittinggi; transform=identity; source_value=1869348; selected_turvar=880; source_universe=Persons represented by the Susenas household expenditure aggregate; qualification=Selects total food plus non-food expenditure turvar 880;
bpsm4obs_54a57bc85b9686dce1592795,provincial_road_length,idn.13.1304,2024-01-01,2024-12-31,annual,87.23,kilometres,derived,bpsm4prov_e45b125b514491799bcd91c2,false,true,bps_provincial_road_condition,,series_id=m4_provincial_road_length_2024; source_var=555; source_period=2024; source_geography=1304:Kab. Sijunjung; transform=sum_turvar_ids; source_components=908:40.71|909:19.04|910:9.75|911:17.73; source_universe=Provincial-authority roads represented by four condition categories; qualification=Sum of good medium damaged and heavily damaged provincial-road lengths;
bpsm4obs_54a94d0279386ba751a75a05,large_medium_industry_employment,idn.13.1309,2022-01-01,2022-12-31,annual,110,persons,observed,bpsm4prov_95e85bf46c862d5e02d02b71,false,true,bps_annual_large_medium_industry_survey,,series_id=m4_large_medium_industry_employment_2022; source_var=773; source_period=2022; source_geography=1309:Kab.Pasaman; transform=identity; source_value=110; selected_turvar=1241; source_universe=Workers in large and medium industrial establishments; qualification=Kepulauan Mentawai 1301 is absent from the source table and remains missing rather than being imputed as zero; source_geography_1301_Kepulauan_Mentawai_absent_not_zero_imputed;
bpsm4obs_55bfc76d32dd1e0be507fe1b,total_fertility_rate,idn.13.1305,2025-01-01,2025-12-31,census_or_survey,2.37,births_per_woman,observed,bpsm4prov_cad0406a0cd9b500ac2914ed,false,true,supas2025_tfr,,series_id=m4_tfr_2025; source_var=876; source_period=2025; source_geography=1305:Kab. Tanah Datar; transform=identity; source_value=2.37; selected_turvar=0; source_universe=Women under the official BPS age-specific fertility estimation schedule; qualification=Canonical unit follows the official BPS TFR definition;
bpsm4obs_56551908e0497afd43946437,dependency_ratio,idn.13.1311,2025-01-01,2025-12-31,census_or_survey,45.39,dependents_per_100_working_age,observed,bpsm4prov_6b57e3f09f8c6ee54b7243b3,false,true,supas2025_dependency_ratio,,series_id=m4_dependency_2025; source_var=875; source_period=2025; source_geography=1311:Kab. Dharmasraya; transform=identity; source_value=45.39; selected_turvar=0; source_universe=Population age 0 to 14 plus 65+ relative to age 15 to 64; qualification=Canonical unit follows the official BPS dependency-ratio definition;
bpsm4obs_56c72be641baea7074ff63e7,total_fertility_rate,idn.13.1311,2025-01-01,2025-12-31,census_or_survey,2.33,births_per_woman,observed,bpsm4prov_cad0406a0cd9b500ac2914ed,false,true,supas2025_tfr,,series_id=m4_tfr_2025; source_var=876; source_period=2025; source_geography=1311:Kab. Dharmasraya; transform=identity; source_value=2.33; selected_turvar=0; source_universe=Women under the official BPS age-specific fertility estimation schedule; qualification=Canonical unit follows the official BPS TFR definition;
bpsm4obs_5743f348cfa3cb9091559842,internet_access,idn.13.1302,2025-01-01,2025-12-31,annual,74.56,percent,observed,bpsm4prov_ae16dfdec8b9dbf58400b495,false,true,susenas_internet_3month,,series_id=m4_internet_2025; source_var=320; source_period=2025; source_geography=1302:Kab. Pesisir Selatan; transform=identity; source_value=74.56; selected_turvar=595; source_universe=Persons age 5+ who accessed the internet in the previous 3 months; qualification=Selects BPS turvar 595 Pernah Mengakses Internet;
bpsm4obs_578cf53d2e4ed896c2267485,household_expenditure_per_capita_monthly,idn.13.1373,2024-01-01,2024-12-31,annual_or_survey,1758433,rupiah_per_person_month,observed,bpsm4prov_e1033999b00eb0865d520df1,false,true,susenas_total_monthly_expenditure,nominal_2024,series_id=m4_expenditure_2024; source_var=492; source_period=2024; source_geography=1373:Kota Sawahlunto; transform=identity; source_value=1758433; selected_turvar=880; source_universe=Persons represented by the Susenas household expenditure aggregate; qualification=Selects total food plus non-food expenditure turvar 880;
bpsm4obs_57ee4940da7f12f31390d957,employed_population,idn.13.1310,2025-08-01,2025-08-31,annual,113166,persons,observed,bpsm4prov_c3fb155f6c559283a1539940,false,true,sakernas_august_employed,,series_id=m4_employed_2025; source_var=473; source_period=2025; source_geography=1310:Kab. Solok Selatan; transform=identity; source_value=113166; selected_turvar=842; source_universe=Population age 15+ classified as employed; qualification=Source note explicitly identifies Sakernas August;
bpsm4obs_581e27109af6a80a5f130f33,urban_population_share,idn.13.1312,2020-01-01,2020-12-31,annual,25.93,percent,model_estimate,bpsm4prov_1212b1534732c5a2edae043f,false,true,bps_projection_sp2010,,series_id=m4_urban_share_2020; source_var=512; source_period=2020; source_geography=1312:Kab. Pasaman Barat; transform=identity; source_value=25.93; selected_turvar=0; source_universe=Population classified urban in the BPS SP2010-based population projection; qualification=Projection source is explicit so claim type remains model_estimate;
bpsm4obs_583a75585b1cd07949738662,urban_population_share,idn.13.1306,2020-01-01,2020-12-31,annual,43.47,percent,model_estimate,bpsm4prov_1212b1534732c5a2edae043f,false,true,bps_projection_sp2010,,series_id=m4_urban_share_2020; source_var=512; source_period=2020; source_geography=1306:Kab. Padang Pariaman; transform=identity; source_value=43.47; selected_turvar=0; source_universe=Population classified urban in the BPS SP2010-based population projection; qualification=Projection source is explicit so claim type remains model_estimate;
bpsm4obs_58940a4ea4e3a868c1767667,labor_force_count,idn.13.1373,2025-08-01,2025-08-31,annual,39100,persons,observed,bpsm4prov_c3fb155f6c559283a1539940,false,true,sakernas_august_labor_force,,series_id=m4_labor_force_2025; source_var=473; source_period=2025; source_geography=1373:Kota Sawahlunto; transform=identity; source_value=39100; selected_turvar=844; source_universe=Population age 15+ in the labor force; qualification=Source note explicitly identifies Sakernas August;
bpsm4obs_58df644ff32577666ce2e778,neet_rate,idn.13.1304,2025-01-01,2025-12-31,annual,16.58,percent,observed,bpsm4prov_3ee4f2abc7a9db17db23dd1f,false,true,sakernas_neet_15_24,,series_id=m4_neet_2025; source_var=774; source_period=2025; source_geography=1304:Kab. Sijunjung; transform=identity; source_value=16.58; selected_turvar=0; source_universe=People age 15 to 24 not in employment education or training; qualification=Source is BPS Sakernas; no exact within-year reference month is inferred from current API metadata;
bpsm4obs_58e145b8d771513018098a52,labor_force_count,idn.13.1309,2025-08-01,2025-08-31,annual,175349,persons,observed,bpsm4prov_c3fb155f6c559283a1539940,false,true,sakernas_august_labor_force,,series_id=m4_labor_force_2025; source_var=473; source_period=2025; source_geography=1309:Kab. Pasaman; transform=identity; source_value=175349; selected_turvar=844; source_universe=Population age 15+ in the labor force; qualification=Source note explicitly identifies Sakernas August;
bpsm4obs_598756b0fa92542711e5c25a,foreign_investment_realization,idn.13.1377,2024-01-01,2024-12-31,annual,0,million_rupiah,observed,bpsm4prov_df1ae195f815d526db816be2,false,true,bps_pma_additional_investment,nominal_2024,series_id=m4_pma_2024; source_var=729; source_period=2024; source_geography=1377:Kota Pariaman; transform=identity; source_value=0; selected_turvar=1179; source_universe=Realized PMA projects under the official investment reporting system; qualification=Selects Tambahan Investasi rather than project or employment counts;
bpsm4obs_59a8946f119b406afc10cf1b,under_five_mortality_rate,idn.13.1309,2025-01-01,2025-12-31,census_or_survey,27.19,per_1000_live_births,observed,bpsm4prov_11159d80c18e32d8b4f871df,false,true,supas2025_u5mr,,series_id=m4_u5mr_2025; source_var=879; source_period=2025; source_geography=1309:Kab. Pasaman; transform=identity; source_value=27.19; selected_turvar=0; source_universe=Children before age five under the official SUPAS mortality estimation definition; qualification=API unit metadata is blank; retain exact SUPAS U5MR methodology in provenance;
bpsm4obs_5bce612d31f3dd505cc70e6c,elderly_population_share,idn.13.1312,2025-01-01,2025-12-31,census_or_survey,8.69,percent,observed,bpsm4prov_e0534872b73e7b7566696b9e,false,true,supas2025_elderly_share,,series_id=m4_elderly_2025; source_var=884; source_period=2025; source_geography=1312:Kab. Pasaman Barat; transform=identity; source_value=8.69; selected_turvar=0; source_universe=Population classified as elderly under the SUPAS definition; qualification=Preserve the official source age threshold and survey methodology;
bpsm4obs_5c1020978937d55fcd6ab69e,employed_population,idn.13.1305,2025-08-01,2025-08-31,annual,212862,persons,observed,bpsm4prov_c3fb155f6c559283a1539940,false,true,sakernas_august_employed,,series_id=m4_employed_2025; source_var=473; source_period=2025; source_geography=1305:Kab. Tanah Datar; transform=identity; source_value=212862; selected_turvar=842; source_universe=Population age 15+ classified as employed; qualification=Source note explicitly identifies Sakernas August;
bpsm4obs_5c330626f765f450bfc991e7,average_employee_wage,idn.13.1373,2024-08-01,2024-08-31,annual,2741492,rupiah_per_month,observed,bpsm4prov_513dba76f70cbe416f6ed30c,false,true,sakernas_august_net_wage,nominal_2024,series_id=m4_wage_2024; source_var=289; source_period=2024; source_geography=1373:Kota Sawahlunto; transform=identity; source_value=2741492; selected_turvar=0; source_universe=Employees or wage workers under Sakernas August; qualification=Source note explicitly identifies Sakernas August and average net monthly wage salary;
bpsm4obs_5dc5ba930b27d677c6546ba2,food_inadequacy_prevalence,idn.13.1305,2024-01-01,2024-12-31,annual,9.1,percent,observed,bpsm4prov_a81da9a3ad0b58fa3febccb0,false,true,bps_food_inadequacy,,series_id=m4_food_inadequacy_2024; source_var=760; source_period=2024; source_geography=1305:Kab. Tanah Datar; transform=identity; source_value=9.1; selected_turvar=0; source_universe=Population under the official food-inadequacy estimation methodology; qualification=Retain source methodology and do not reinterpret as observed calorie intake for individuals;
bpsm4obs_5dc7c23284d957cecefdf777,elderly_population_share,idn.13.1305,2025-01-01,2025-12-31,census_or_survey,15.93,percent,observed,bpsm4prov_e0534872b73e7b7566696b9e,false,true,supas2025_elderly_share,,series_id=m4_elderly_2025; source_var=884; source_period=2025; source_geography=1305:Kab. Tanah Datar; transform=identity; source_value=15.93; selected_turvar=0; source_universe=Population classified as elderly under the SUPAS definition; qualification=Preserve the official source age threshold and survey methodology;
bpsm4obs_5e317a0f957ef259baf7300e,road_condition_good,idn.13.1376,2024-01-01,2024-12-31,annual,44.938821,percent,derived,bpsm4prov_e45b125b514491799bcd91c2,false,true,bps_provincial_road_condition,,series_id=m4_road_good_2024; source_var=555; source_period=2024; source_geography=1376:Kota Payakumbuh; transform=share_selected_over_sum_turvar_ids; numerator=908:8.08; denominator_components=908:8.08|909:7.9|910:1.9|911:0.1; source_universe=Provincial-authority road length classified by condition; qualification=Good-condition km divided by total km across good medium damaged and heavily damaged categories;
bpsm4obs_5eeebe0c4cf044e904a5d047,domestic_investment_realization,idn.13.1375,2024-01-01,2024-12-31,annual,10823.34,million_rupiah,observed,bpsm4prov_562d86f57441beb695cb64bb,false,true,bps_pmdn_additional_investment,nominal_2024,series_id=m4_pmdn_2024; source_var=727; source_period=2024; source_geography=1375:Kota Bukittinggi; transform=identity; source_value=10823.34; selected_turvar=1175; source_universe=Realized PMDN projects under the official investment reporting system; qualification=Selects Tambahan Investasi rather than project or employment counts;
bpsm4obs_5f2c48d573efd0d37f803a6b,child_mortality_rate,idn.13.1310,2025-01-01,2025-12-31,census_or_survey,4.2,per_1000_live_births,observed,bpsm4prov_e1c5940c862b82de962fe727,false,true,supas2025_cmr,,series_id=m4_cmr_2025; source_var=878; source_period=2025; source_geography=1310:Kab. Solok Selatan; transform=identity; source_value=4.2; selected_turvar=0; source_universe=Children age 1 to 4 under the official SUPAS mortality estimation definition; qualification=API unit metadata is blank; retain exact SUPAS CMR methodology in provenance;
bpsm4obs_5fcdb28c2df6f713ddf8a507,mobile_phone_use,idn.13.1308,2025-01-01,2025-12-31,annual,90.77,percent,observed,bpsm4prov_87a8c749f76d1accba7eea4a,false,true,susenas_mobile_3month,,series_id=m4_mobile_2025; source_var=319; source_period=2025; source_geography=1308:Kab. Lima Puluh Kota; transform=identity; source_value=90.77; selected_turvar=34; source_universe=Persons age 5+ using a mobile phone in the previous 3 months; qualification=Selects combined male and female category turvar 34;
bpsm4obs_5fe5df05b3dfae854e676371,neet_rate,idn.13.1310,2025-01-01,2025-12-31,annual,14.99,percent,observed,bpsm4prov_3ee4f2abc7a9db17db23dd1f,false,true,sakernas_neet_15_24,,series_id=m4_neet_2025; source_var=774; source_period=2025; source_geography=1310:Kab. Solok Selatan; transform=identity; source_value=14.99; selected_turvar=0; source_universe=People age 15 to 24 not in employment education or training; qualification=Source is BPS Sakernas; no exact within-year reference month is inferred from current API metadata;
bpsm4obs_60bac82471746c6531426cae,mobile_phone_use,idn.13.1373,2025-01-01,2025-12-31,annual,91.56,percent,observed,bpsm4prov_87a8c749f76d1accba7eea4a,false,true,susenas_mobile_3month,,series_id=m4_mobile_2025; source_var=319; source_period=2025; source_geography=1373:Kota Sawahlunto; transform=identity; source_value=91.56; selected_turvar=34; source_universe=Persons age 5+ using a mobile phone in the previous 3 months; qualification=Selects combined male and female category turvar 34;
bpsm4obs_6472b607c462cc52a733ce34,food_inadequacy_prevalence,idn.13.1310,2024-01-01,2024-12-31,annual,10.95,percent,observed,bpsm4prov_a81da9a3ad0b58fa3febccb0,false,true,bps_food_inadequacy,,series_id=m4_food_inadequacy_2024; source_var=760; source_period=2024; source_geography=1310:Kab. Solok Selatan; transform=identity; source_value=10.95; selected_turvar=0; source_universe=Population under the official food-inadequacy estimation methodology; qualification=Retain source methodology and do not reinterpret as observed calorie intake for individuals;
bpsm4obs_65634782a852fc2bf954bf6b,internet_access,idn.13.1307,2025-01-01,2025-12-31,annual,77.59,percent,observed,bpsm4prov_ae16dfdec8b9dbf58400b495,false,true,susenas_internet_3month,,series_id=m4_internet_2025; source_var=320; source_period=2025; source_geography=1307:Kab. Agam; transform=identity; source_value=77.59; selected_turvar=595; source_universe=Persons age 5+ who accessed the internet in the previous 3 months; qualification=Selects BPS turvar 595 Pernah Mengakses Internet;
bpsm4obs_66354ad8ce25a0b09f5db782,internet_access,idn.13.1304,2025-01-01,2025-12-31,annual,74.32,percent,observed,bpsm4prov_ae16dfdec8b9dbf58400b495,false,true,susenas_internet_3month,,series_id=m4_internet_2025; source_var=320; source_period=2025; source_geography=1304:Kab. Sijunjung; transform=identity; source_value=74.32; selected_turvar=595; source_universe=Persons age 5+ who accessed the internet in the previous 3 months; qualification=Selects BPS turvar 595 Pernah Mengakses Internet;
bpsm4obs_69c37d0633e16f9d4d8ae043,domestic_investment_realization,idn.13.1310,2024-01-01,2024-12-31,annual,388938.13,million_rupiah,observed,bpsm4prov_562d86f57441beb695cb64bb,false,true,bps_pmdn_additional_investment,nominal_2024,series_id=m4_pmdn_2024; source_var=727; source_period=2024; source_geography=1310:Kab. Solok Selatan; transform=identity; source_value=388938.13; selected_turvar=1175; source_universe=Realized PMDN projects under the official investment reporting system; qualification=Selects Tambahan Investasi rather than project or employment counts;
bpsm4obs_69c819afe4698e4fb26e0a2a,elderly_population_share,idn.13.1375,2025-01-01,2025-12-31,census_or_survey,11.61,percent,observed,bpsm4prov_e0534872b73e7b7566696b9e,false,true,supas2025_elderly_share,,series_id=m4_elderly_2025; source_var=884; source_period=2025; source_geography=1375:Kota Bukittinggi; transform=identity; source_value=11.61; selected_turvar=0; source_universe=Population classified as elderly under the SUPAS definition; qualification=Preserve the official source age threshold and survey methodology;
bpsm4obs_69d10020861f3a10cf0f7bbc,dependency_ratio,idn.13.1374,2025-01-01,2025-12-31,census_or_survey,48.9,dependents_per_100_working_age,observed,bpsm4prov_6b57e3f09f8c6ee54b7243b3,false,true,supas2025_dependency_ratio,,series_id=m4_dependency_2025; source_var=875; source_period=2025; source_geography=1374:Kota Padang Panjang; transform=identity; source_value=48.9; selected_turvar=0; source_universe=Population age 0 to 14 plus 65+ relative to age 15 to 64; qualification=Canonical unit follows the official BPS dependency-ratio definition;
bpsm4obs_6ca2d9eca1458710c78547c5,household_expenditure_per_capita_monthly,idn.13.1309,2024-01-01,2024-12-31,annual_or_survey,1118769,rupiah_per_person_month,observed,bpsm4prov_e1033999b00eb0865d520df1,false,true,susenas_total_monthly_expenditure,nominal_2024,series_id=m4_expenditure_2024; source_var=492; source_period=2024; source_geography=1309:Kab. Pasaman; transform=identity; source_value=1118769; selected_turvar=880; source_universe=Persons represented by the Susenas household expenditure aggregate; qualification=Selects total food plus non-food expenditure turvar 880;
bpsm4obs_6d203d41c7d8e92d8b9c33b8,domestic_investment_realization,idn.13.1373,2024-01-01,2024-12-31,annual,266670.4,million_rupiah,observed,bpsm4prov_562d86f57441beb695cb64bb,false,true,bps_pmdn_additional_investment,nominal_2024,series_id=m4_pmdn_2024; source_var=727; source_period=2024; source_geography=1373:Kota Sawahlunto; transform=identity; source_value=266670.4; selected_turvar=1175; source_universe=Realized PMDN projects under the official investment reporting system; qualification=Selects Tambahan Investasi rather than project or employment counts;
bpsm4obs_6d9e2e780fa25f3b9440a939,total_fertility_rate,idn.13.1371,2025-01-01,2025-12-31,census_or_survey,2.2,births_per_woman,observed,bpsm4prov_cad0406a0cd9b500ac2914ed,false,true,supas2025_tfr,,series_id=m4_tfr_2025; source_var=876; source_period=2025; source_geography=1371:Kota Padang; transform=identity; source_value=2.2; selected_turvar=0; source_universe=Women under the official BPS age-specific fertility estimation schedule; qualification=Canonical unit follows the official BPS TFR definition;
bpsm4obs_6df6d4987ec3f09e1af07779,foreign_investment_realization,idn.13.1375,2024-01-01,2024-12-31,annual,1265.46,million_rupiah,observed,bpsm4prov_df1ae195f815d526db816be2,false,true,bps_pma_additional_investment,nominal_2024,series_id=m4_pma_2024; source_var=729; source_period=2024; source_geography=1375:Kota Bukittinggi; transform=identity; source_value=1265.46; selected_turvar=1179; source_universe=Realized PMA projects under the official investment reporting system; qualification=Selects Tambahan Investasi rather than project or employment counts;
bpsm4obs_6e1f342f2f608094f0be1a29,provincial_road_length,idn.13.1311,2024-01-01,2024-12-31,annual,154.98,kilometres,derived,bpsm4prov_e45b125b514491799bcd91c2,false,true,bps_provincial_road_condition,,series_id=m4_provincial_road_length_2024; source_var=555; source_period=2024; source_geography=1311:Kab. Dharmasraya; transform=sum_turvar_ids; source_components=908:93.68|909:20.8|910:18.2|911:22.3; source_universe=Provincial-authority roads represented by four condition categories; qualification=Sum of good medium damaged and heavily damaged provincial-road lengths;
bpsm4obs_7088711bd5e873921602c35b,net_migration_rate,idn.13.1312,2025-01-01,2025-12-31,census_or_survey,7.1,per_1000,derived,bpsm4prov_558e401d7c68a9be65a79899,false,true,supas2025_recent_migration,,series_id=m4_net_migration_2025; source_var=883; source_period=2025; source_geography=1312:Kab. Pasaman Barat; transform=multiply_10; source_value_per_100=0.71; selected_turvar=1475; multiplier=10; source_universe=Population covered by the SUPAS recent-migration definition; qualification=Source publishes recent net migration per 100 population; canonical value converts deterministically to per 1000;
bpsm4obs_70b78e1f71505b3bca448eee,road_condition_good,idn.13.1302,2024-01-01,2024-12-31,annual,78.599222,percent,derived,bpsm4prov_e45b125b514491799bcd91c2,false,true,bps_provincial_road_condition,,series_id=m4_road_good_2024; source_var=555; source_period=2024; source_geography=1302:Kab. Pesisir Selatan; transform=share_selected_over_sum_turvar_ids; numerator=908:80.8; denominator_components=908:80.8|909:3.2|910:1.3|911:17.5; source_universe=Provincial-authority road length classified by condition; qualification=Good-condition km divided by total km across good medium damaged and heavily damaged categories;
bpsm4obs_70ed68352001dfba92d42be5,food_inadequacy_prevalence,idn.13.1377,2024-01-01,2024-12-31,annual,7.3,percent,observed,bpsm4prov_a81da9a3ad0b58fa3febccb0,false,true,bps_food_inadequacy,,series_id=m4_food_inadequacy_2024; source_var=760; source_period=2024; source_geography=1377:Kota Pariaman; transform=identity; source_value=7.3; selected_turvar=0; source_universe=Population under the official food-inadequacy estimation methodology; qualification=Retain source methodology and do not reinterpret as observed calorie intake for individuals;
bpsm4obs_72a0e07fb7afc1d68d2df36a,dependency_ratio,idn.13.1312,2025-01-01,2025-12-31,census_or_survey,46.88,dependents_per_100_working_age,observed,bpsm4prov_6b57e3f09f8c6ee54b7243b3,false,true,supas2025_dependency_ratio,,series_id=m4_dependency_2025; source_var=875; source_period=2025; source_geography=1312:Kab. Pasaman Barat; transform=identity; source_value=46.88; selected_turvar=0; source_universe=Population age 0 to 14 plus 65+ relative to age 15 to 64; qualification=Canonical unit follows the official BPS dependency-ratio definition;
bpsm4obs_72b9be3456c857a76bbb3f03,net_migration_rate,idn.13.1308,2025-01-01,2025-12-31,census_or_survey,25,per_1000,derived,bpsm4prov_558e401d7c68a9be65a79899,false,true,supas2025_recent_migration,,series_id=m4_net_migration_2025; source_var=883; source_period=2025; source_geography=1308:Kab. Lima Puluh Kota; transform=multiply_10; source_value_per_100=2.5; selected_turvar=1475; multiplier=10; source_universe=Population covered by the SUPAS recent-migration definition; qualification=Source publishes recent net migration per 100 population; canonical value converts deterministically to per 1000;
bpsm4obs_733eb944a85f4a251c5395c0,provincial_road_length,idn.13.1377,2024-01-01,2024-12-31,annual,2.44,kilometres,derived,bpsm4prov_e45b125b514491799bcd91c2,false,true,bps_provincial_road_condition,,series_id=m4_provincial_road_length_2024; source_var=555; source_period=2024; source_geography=1377:Kota Pariaman; transform=sum_turvar_ids; source_components=908:1.84|909:0.3|910:0.3|911:0; source_universe=Provincial-authority roads represented by four condition categories; qualification=Sum of good medium damaged and heavily damaged provincial-road lengths;
bpsm4obs_73a74747e9d3cfce63f9cbd7,domestic_investment_realization,idn.13.1301,2024-01-01,2024-12-31,annual,7910.1,million_rupiah,observed,bpsm4prov_562d86f57441beb695cb64bb,false,true,bps_pmdn_additional_investment,nominal_2024,series_id=m4_pmdn_2024; source_var=727; source_period=2024; source_geography=1301:Kab. Kepulauan Mentawai; transform=identity; source_value=7910.1; selected_turvar=1175; source_universe=Realized PMDN projects under the official investment reporting system; qualification=Selects Tambahan Investasi rather than project or employment counts;
bpsm4obs_743557c14cb0afb054347def,internet_access,idn.13.1374,2025-01-01,2025-12-31,annual,91.69,percent,observed,bpsm4prov_ae16dfdec8b9dbf58400b495,false,true,susenas_internet_3month,,series_id=m4_internet_2025; source_var=320; source_period=2025; source_geography=1374:Kota Padang Panjang; transform=identity; source_value=91.69; selected_turvar=595; source_universe=Persons age 5+ who accessed the internet in the previous 3 months; qualification=Selects BPS turvar 595 Pernah Mengakses Internet;
bpsm4obs_74480b70bff7aeb89dcc7a0a,large_medium_industry_employment,idn.13.1373,2022-01-01,2022-12-31,annual,42,persons,observed,bpsm4prov_95e85bf46c862d5e02d02b71,false,true,bps_annual_large_medium_industry_survey,,series_id=m4_large_medium_industry_employment_2022; source_var=773; source_period=2022; source_geography=1373:Kota Sawahlunto; transform=identity; source_value=42; selected_turvar=1241; source_universe=Workers in large and medium industrial establishments; qualification=Kepulauan Mentawai 1301 is absent from the source table and remains missing rather than being imputed as zero; source_geography_1301_Kepulauan_Mentawai_absent_not_zero_imputed;
bpsm4obs_75339c81388d8b3d284b0a6e,under_five_mortality_rate,idn.13.1308,2025-01-01,2025-12-31,census_or_survey,21.05,per_1000_live_births,observed,bpsm4prov_11159d80c18e32d8b4f871df,false,true,supas2025_u5mr,,series_id=m4_u5mr_2025; source_var=879; source_period=2025; source_geography=1308:Kab. Lima Puluh Kota; transform=identity; source_value=21.05; selected_turvar=0; source_universe=Children before age five under the official SUPAS mortality estimation definition; qualification=API unit metadata is blank; retain exact SUPAS U5MR methodology in provenance;
bpsm4obs_75ebaa190b48888b2fc7f834,foreign_investment_realization,idn.13.1301,2024-01-01,2024-12-31,annual,5373.63,million_rupiah,observed,bpsm4prov_df1ae195f815d526db816be2,false,true,bps_pma_additional_investment,nominal_2024,series_id=m4_pma_2024; source_var=729; source_period=2024; source_geography=1301:Kab. Kepulauan Mentawai; transform=identity; source_value=5373.63; selected_turvar=1179; source_universe=Realized PMA projects under the official investment reporting system; qualification=Selects Tambahan Investasi rather than project or employment counts;
bpsm4obs_7782aef0455642c0c62bf5ba,under_five_mortality_rate,idn.13.1306,2025-01-01,2025-12-31,census_or_survey,16.84,per_1000_live_births,observed,bpsm4prov_11159d80c18e32d8b4f871df,false,true,supas2025_u5mr,,series_id=m4_u5mr_2025; source_var=879; source_period=2025; source_geography=1306:Kab. Padang Pariaman; transform=identity; source_value=16.84; selected_turvar=0; source_universe=Children before age five under the official SUPAS mortality estimation definition; qualification=API unit metadata is blank; retain exact SUPAS U5MR methodology in provenance;
bpsm4obs_77f218f59b81ac09dcaa35a0,large_medium_industry_employment,idn.13.1308,2022-01-01,2022-12-31,annual,165,persons,observed,bpsm4prov_95e85bf46c862d5e02d02b71,false,true,bps_annual_large_medium_industry_survey,,series_id=m4_large_medium_industry_employment_2022; source_var=773; source_period=2022; source_geography=1308:Kab.Lima Puluh Kota; transform=identity; source_value=165; selected_turvar=1241; source_universe=Workers in large and medium industrial establishments; qualification=Kepulauan Mentawai 1301 is absent from the source table and remains missing rather than being imputed as zero; source_geography_1301_Kepulauan_Mentawai_absent_not_zero_imputed;
bpsm4obs_7846c7dd76d6087701a412ab,food_inadequacy_prevalence,idn.13.1303,2024-01-01,2024-12-31,annual,8.94,percent,observed,bpsm4prov_a81da9a3ad0b58fa3febccb0,false,true,bps_food_inadequacy,,series_id=m4_food_inadequacy_2024; source_var=760; source_period=2024; source_geography=1303:Kab. Solok; transform=identity; source_value=8.94; selected_turvar=0; source_universe=Population under the official food-inadequacy estimation methodology; qualification=Retain source methodology and do not reinterpret as observed calorie intake for individuals;
bpsm4obs_78a9ff507e340a9d0e54a4ff,net_migration_rate,idn.13.1377,2025-01-01,2025-12-31,census_or_survey,42.5,per_1000,derived,bpsm4prov_558e401d7c68a9be65a79899,false,true,supas2025_recent_migration,,series_id=m4_net_migration_2025; source_var=883; source_period=2025; source_geography=1377:Kota Pariaman; transform=multiply_10; source_value_per_100=4.25; selected_turvar=1475; multiplier=10; source_universe=Population covered by the SUPAS recent-migration definition; qualification=Source publishes recent net migration per 100 population; canonical value converts deterministically to per 1000;
bpsm4obs_796aca10577780f0e9231ff1,domestic_investment_realization,idn.13.1372,2024-01-01,2024-12-31,annual,14966.51,million_rupiah,observed,bpsm4prov_562d86f57441beb695cb64bb,false,true,bps_pmdn_additional_investment,nominal_2024,series_id=m4_pmdn_2024; source_var=727; source_period=2024; source_geography=1372:Kota Solok; transform=identity; source_value=14966.51; selected_turvar=1175; source_universe=Realized PMDN projects under the official investment reporting system; qualification=Selects Tambahan Investasi rather than project or employment counts;
bpsm4obs_7984cd2d74dca5069a6bca0a,unemployed_population,idn.13.1376,2025-08-01,2025-08-31,annual,3999,persons,observed,bpsm4prov_c3fb155f6c559283a1539940,false,true,sakernas_august_unemployed,,series_id=m4_unemployed_2025; source_var=473; source_period=2025; source_geography=1376:Kota Payakumbuh; transform=identity; source_value=3999; selected_turvar=843; source_universe=Population age 15+ classified as openly unemployed; qualification=Source note explicitly identifies Sakernas August;
bpsm4obs_79f56176c78ea765b8f79dc5,under_five_mortality_rate,idn.13.1371,2025-01-01,2025-12-31,census_or_survey,13.05,per_1000_live_births,observed,bpsm4prov_11159d80c18e32d8b4f871df,false,true,supas2025_u5mr,,series_id=m4_u5mr_2025; source_var=879; source_period=2025; source_geography=1371:Kota Padang; transform=identity; source_value=13.05; selected_turvar=0; source_universe=Children before age five under the official SUPAS mortality estimation definition; qualification=API unit metadata is blank; retain exact SUPAS U5MR methodology in provenance;
bpsm4obs_7a41aadf5c4d9c5934e7f301,total_fertility_rate,idn.13.1375,2025-01-01,2025-12-31,census_or_survey,2.3,births_per_woman,observed,bpsm4prov_cad0406a0cd9b500ac2914ed,false,true,supas2025_tfr,,series_id=m4_tfr_2025; source_var=876; source_period=2025; source_geography=1375:Kota Bukittinggi; transform=identity; source_value=2.3; selected_turvar=0; source_universe=Women under the official BPS age-specific fertility estimation schedule; qualification=Canonical unit follows the official BPS TFR definition;
bpsm4obs_7a61952893603b259a512f58,domestic_investment_realization,idn.13.1302,2024-01-01,2024-12-31,annual,459545.77,million_rupiah,observed,bpsm4prov_562d86f57441beb695cb64bb,false,true,bps_pmdn_additional_investment,nominal_2024,series_id=m4_pmdn_2024; source_var=727; source_period=2024; source_geography=1302:Kab. Pesisir Selatan; transform=identity; source_value=459545.77; selected_turvar=1175; source_universe=Realized PMDN projects under the official investment reporting system; qualification=Selects Tambahan Investasi rather than project or employment counts;
bpsm4obs_7b5a1ed310838785deee602d,food_inadequacy_prevalence,idn.13.1376,2024-01-01,2024-12-31,annual,8.17,percent,observed,bpsm4prov_a81da9a3ad0b58fa3febccb0,false,true,bps_food_inadequacy,,series_id=m4_food_inadequacy_2024; source_var=760; source_period=2024; source_geography=1376:Kota Payakumbuh; transform=identity; source_value=8.17; selected_turvar=0; source_universe=Population under the official food-inadequacy estimation methodology; qualification=Retain source methodology and do not reinterpret as observed calorie intake for individuals;
bpsm4obs_7bb4388421aa296d96680231,infant_mortality_rate,idn.13.1303,2025-01-01,2025-12-31,census_or_survey,20.81,per_1000_live_births,observed,bpsm4prov_6bf49de3e81a23c25397ec47,false,true,supas2025_imr,,series_id=m4_imr_2025; source_var=877; source_period=2025; source_geography=1303:Kab. Solok; transform=identity; source_value=20.81; selected_turvar=0; source_universe=Children under age one under the official SUPAS mortality estimation definition; qualification=API unit metadata is blank; canonical unit is qualified from the official BPS IMR definition;
bpsm4obs_7bcdbc634123620a636d495d,infant_mortality_rate,idn.13.1372,2025-01-01,2025-12-31,census_or_survey,13.06,per_1000_live_births,observed,bpsm4prov_6bf49de3e81a23c25397ec47,false,true,supas2025_imr,,series_id=m4_imr_2025; source_var=877; source_period=2025; source_geography=1372:Kota Solok; transform=identity; source_value=13.06; selected_turvar=0; source_universe=Children under age one under the official SUPAS mortality estimation definition; qualification=API unit metadata is blank; canonical unit is qualified from the official BPS IMR definition;
bpsm4obs_7c2927f10ae9be322d4f0d50,large_medium_industry_employment,idn.13.1377,2022-01-01,2022-12-31,annual,176,persons,observed,bpsm4prov_95e85bf46c862d5e02d02b71,false,true,bps_annual_large_medium_industry_survey,,series_id=m4_large_medium_industry_employment_2022; source_var=773; source_period=2022; source_geography=1377:Kota Pariaman; transform=identity; source_value=176; selected_turvar=1241; source_universe=Workers in large and medium industrial establishments; qualification=Kepulauan Mentawai 1301 is absent from the source table and remains missing rather than being imputed as zero; source_geography_1301_Kepulauan_Mentawai_absent_not_zero_imputed;
bpsm4obs_7c9d84ca8ced25eb9c617f3d,household_expenditure_per_capita_monthly,idn.13.1310,2024-01-01,2024-12-31,annual_or_survey,1564472,rupiah_per_person_month,observed,bpsm4prov_e1033999b00eb0865d520df1,false,true,susenas_total_monthly_expenditure,nominal_2024,series_id=m4_expenditure_2024; source_var=492; source_period=2024; source_geography=1310:Kab. Solok Selatan; transform=identity; source_value=1564472; selected_turvar=880; source_universe=Persons represented by the Susenas household expenditure aggregate; qualification=Selects total food plus non-food expenditure turvar 880;
bpsm4obs_7cdded01f76a29824b9b76bd,child_mortality_rate,idn.13.1373,2025-01-01,2025-12-31,census_or_survey,3.12,per_1000_live_births,observed,bpsm4prov_e1c5940c862b82de962fe727,false,true,supas2025_cmr,,series_id=m4_cmr_2025; source_var=878; source_period=2025; source_geography=1373:Kota Sawahlunto; transform=identity; source_value=3.12; selected_turvar=0; source_universe=Children age 1 to 4 under the official SUPAS mortality estimation definition; qualification=API unit metadata is blank; retain exact SUPAS CMR methodology in provenance;
bpsm4obs_7ef9667fb78fd42e7dce3b92,provincial_road_length,idn.13.1312,2024-01-01,2024-12-31,annual,202.23,kilometres,derived,bpsm4prov_e45b125b514491799bcd91c2,false,true,bps_provincial_road_condition,,series_id=m4_provincial_road_length_2024; source_var=555; source_period=2024; source_geography=1312:Kab. Pasaman Barat; transform=sum_turvar_ids; source_components=908:105.53|909:10.3|910:3.1|911:83.3; source_universe=Provincial-authority roads represented by four condition categories; qualification=Sum of good medium damaged and heavily damaged provincial-road lengths;
bpsm4obs_7f54f30900d55b9d928e28cc,labor_force_count,idn.13.1312,2025-08-01,2025-08-31,annual,231520,persons,observed,bpsm4prov_c3fb155f6c559283a1539940,false,true,sakernas_august_labor_force,,series_id=m4_labor_force_2025; source_var=473; source_period=2025; source_geography=1312:Kab. Pasaman Barat; transform=identity; source_value=231520; selected_turvar=844; source_universe=Population age 15+ in the labor force; qualification=Source note explicitly identifies Sakernas August;
bpsm4obs_7f9981f39d07257bcde4d583,unemployed_population,idn.13.1373,2025-08-01,2025-08-31,annual,1814,persons,observed,bpsm4prov_c3fb155f6c559283a1539940,false,true,sakernas_august_unemployed,,series_id=m4_unemployed_2025; source_var=473; source_period=2025; source_geography=1373:Kota Sawahlunto; transform=identity; source_value=1814; selected_turvar=843; source_universe=Population age 15+ classified as openly unemployed; qualification=Source note explicitly identifies Sakernas August;
bpsm4obs_7fa756a6d22f9c513d2a5beb,mobile_phone_use,idn.13.1301,2025-01-01,2025-12-31,annual,68.87,percent,observed,bpsm4prov_87a8c749f76d1accba7eea4a,false,true,susenas_mobile_3month,,series_id=m4_mobile_2025; source_var=319; source_period=2025; source_geography=1301:Kab. Kepulauan Mentawai; transform=identity; source_value=68.87; selected_turvar=34; source_universe=Persons age 5+ using a mobile phone in the previous 3 months; qualification=Selects combined male and female category turvar 34;
bpsm4obs_825ea5bd4a92a3da38440bb2,employed_population,idn.13.1372,2025-08-01,2025-08-31,annual,40420,persons,observed,bpsm4prov_c3fb155f6c559283a1539940,false,true,sakernas_august_employed,,series_id=m4_employed_2025; source_var=473; source_period=2025; source_geography=1372:Kota Solok; transform=identity; source_value=40420; selected_turvar=842; source_universe=Population age 15+ classified as employed; qualification=Source note explicitly identifies Sakernas August;
bpsm4obs_82aed43ab2e51c1de0f4778f,labor_force_count,idn.13.1377,2025-08-01,2025-08-31,annual,54551,persons,observed,bpsm4prov_c3fb155f6c559283a1539940,false,true,sakernas_august_labor_force,,series_id=m4_labor_force_2025; source_var=473; source_period=2025; source_geography=1377:Kota Pariaman; transform=identity; source_value=54551; selected_turvar=844; source_universe=Population age 15+ in the labor force; qualification=Source note explicitly identifies Sakernas August;
bpsm4obs_838c2ea6b84ffc72cd88eb11,foreign_investment_realization,idn.13.1307,2024-01-01,2024-12-31,annual,25402.11,million_rupiah,observed,bpsm4prov_df1ae195f815d526db816be2,false,true,bps_pma_additional_investment,nominal_2024,series_id=m4_pma_2024; source_var=729; source_period=2024; source_geography=1307:Kab. Agam; transform=identity; source_value=25402.11; selected_turvar=1179; source_universe=Realized PMA projects under the official investment reporting system; qualification=Selects Tambahan Investasi rather than project or employment counts;
bpsm4obs_83d8a7acd6112fce2b9c9e2e,average_employee_wage,idn.13.1312,2024-08-01,2024-08-31,annual,2609232,rupiah_per_month,observed,bpsm4prov_513dba76f70cbe416f6ed30c,false,true,sakernas_august_net_wage,nominal_2024,series_id=m4_wage_2024; source_var=289; source_period=2024; source_geography=1312:Kab. Pasaman Barat; transform=identity; source_value=2609232; selected_turvar=0; source_universe=Employees or wage workers under Sakernas August; qualification=Source note explicitly identifies Sakernas August and average net monthly wage salary;
bpsm4obs_83dd77593c216e2ac701ec31,total_fertility_rate,idn.13.1372,2025-01-01,2025-12-31,census_or_survey,2.37,births_per_woman,observed,bpsm4prov_cad0406a0cd9b500ac2914ed,false,true,supas2025_tfr,,series_id=m4_tfr_2025; source_var=876; source_period=2025; source_geography=1372:Kota Solok; transform=identity; source_value=2.37; selected_turvar=0; source_universe=Women under the official BPS age-specific fertility estimation schedule; qualification=Canonical unit follows the official BPS TFR definition;
bpsm4obs_8459887748f5421a5dadbe1d,net_migration_rate,idn.13.1301,2025-01-01,2025-12-31,census_or_survey,13.1,per_1000,derived,bpsm4prov_558e401d7c68a9be65a79899,false,true,supas2025_recent_migration,,series_id=m4_net_migration_2025; source_var=883; source_period=2025; source_geography=1301:Kab. Kepulauan Mentawai; transform=multiply_10; source_value_per_100=1.31; selected_turvar=1475; multiplier=10; source_universe=Population covered by the SUPAS recent-migration definition; qualification=Source publishes recent net migration per 100 population; canonical value converts deterministically to per 1000;
bpsm4obs_85f939b3bd1e2a893b05a516,child_mortality_rate,idn.13.1304,2025-01-01,2025-12-31,census_or_survey,3.8,per_1000_live_births,observed,bpsm4prov_e1c5940c862b82de962fe727,false,true,supas2025_cmr,,series_id=m4_cmr_2025; source_var=878; source_period=2025; source_geography=1304:Kab. Sijunjung; transform=identity; source_value=3.8; selected_turvar=0; source_universe=Children age 1 to 4 under the official SUPAS mortality estimation definition; qualification=API unit metadata is blank; retain exact SUPAS CMR methodology in provenance;
bpsm4obs_860d85c3d966e8236be526e9,road_condition_good,idn.13.1307,2024-01-01,2024-12-31,annual,74.222798,percent,derived,bpsm4prov_e45b125b514491799bcd91c2,false,true,bps_provincial_road_condition,,series_id=m4_road_good_2024; source_var=555; source_period=2024; source_geography=1307:Kab. Agam; transform=share_selected_over_sum_turvar_ids; numerator=908:114.6; denominator_components=908:114.6|909:14.2|910:14|911:11.6; source_universe=Provincial-authority road length classified by condition; qualification=Good-condition km divided by total km across good medium damaged and heavily damaged categories;
bpsm4obs_876f509b5413093924a5464c,average_employee_wage,idn.13.1307,2024-08-01,2024-08-31,annual,2627037,rupiah_per_month,observed,bpsm4prov_513dba76f70cbe416f6ed30c,false,true,sakernas_august_net_wage,nominal_2024,series_id=m4_wage_2024; source_var=289; source_period=2024; source_geography=1307:Kab. Agam; transform=identity; source_value=2627037; selected_turvar=0; source_universe=Employees or wage workers under Sakernas August; qualification=Source note explicitly identifies Sakernas August and average net monthly wage salary;
bpsm4obs_88427258f1ca755d46a1cbec,infant_mortality_rate,idn.13.1374,2025-01-01,2025-12-31,census_or_survey,13.22,per_1000_live_births,observed,bpsm4prov_6bf49de3e81a23c25397ec47,false,true,supas2025_imr,,series_id=m4_imr_2025; source_var=877; source_period=2025; source_geography=1374:Kota Padang Panjang; transform=identity; source_value=13.22; selected_turvar=0; source_universe=Children under age one under the official SUPAS mortality estimation definition; qualification=API unit metadata is blank; canonical unit is qualified from the official BPS IMR definition;
bpsm4obs_88ed4969b87434ce1ea7e6e9,urban_population_share,idn.13.1310,2020-01-01,2020-12-31,annual,32.14,percent,model_estimate,bpsm4prov_1212b1534732c5a2edae043f,false,true,bps_projection_sp2010,,series_id=m4_urban_share_2020; source_var=512; source_period=2020; source_geography=1310:Kab. Solok Selatan; transform=identity; source_value=32.14; selected_turvar=0; source_universe=Population classified urban in the BPS SP2010-based population projection; qualification=Projection source is explicit so claim type remains model_estimate;
bpsm4obs_88ee5f8c5316ae4d1a138597,employed_population,idn.13.1377,2025-08-01,2025-08-31,annual,51735,persons,observed,bpsm4prov_c3fb155f6c559283a1539940,false,true,sakernas_august_employed,,series_id=m4_employed_2025; source_var=473; source_period=2025; source_geography=1377:Kota Pariaman; transform=identity; source_value=51735; selected_turvar=842; source_universe=Population age 15+ classified as employed; qualification=Source note explicitly identifies Sakernas August;
bpsm4obs_890bce20be07375314eb3dad,elderly_population_share,idn.13.1374,2025-01-01,2025-12-31,census_or_survey,10.71,percent,observed,bpsm4prov_e0534872b73e7b7566696b9e,false,true,supas2025_elderly_share,,series_id=m4_elderly_2025; source_var=884; source_period=2025; source_geography=1374:Kota Padang Panjang; transform=identity; source_value=10.71; selected_turvar=0; source_universe=Population classified as elderly under the SUPAS definition; qualification=Preserve the official source age threshold and survey methodology;
bpsm4obs_89136e50801e4d97a831e085,average_employee_wage,idn.13.1304,2024-08-01,2024-08-31,annual,2558029,rupiah_per_month,observed,bpsm4prov_513dba76f70cbe416f6ed30c,false,true,sakernas_august_net_wage,nominal_2024,series_id=m4_wage_2024; source_var=289; source_period=2024; source_geography=1304:Kab. Sijunjung; transform=identity; source_value=2558029; selected_turvar=0; source_universe=Employees or wage workers under Sakernas August; qualification=Source note explicitly identifies Sakernas August and average net monthly wage salary;
bpsm4obs_892376addb52b80a3f839356,foreign_investment_realization,idn.13.1372,2024-01-01,2024-12-31,annual,1257.21,million_rupiah,observed,bpsm4prov_df1ae195f815d526db816be2,false,true,bps_pma_additional_investment,nominal_2024,series_id=m4_pma_2024; source_var=729; source_period=2024; source_geography=1372:Kota Solok; transform=identity; source_value=1257.21; selected_turvar=1179; source_universe=Realized PMA projects under the official investment reporting system; qualification=Selects Tambahan Investasi rather than project or employment counts;
bpsm4obs_8a25794d05a9212980dbc92c,infant_mortality_rate,idn.13.1376,2025-01-01,2025-12-31,census_or_survey,12.79,per_1000_live_births,observed,bpsm4prov_6bf49de3e81a23c25397ec47,false,true,supas2025_imr,,series_id=m4_imr_2025; source_var=877; source_period=2025; source_geography=1376:Kota Payakumbuh; transform=identity; source_value=12.79; selected_turvar=0; source_universe=Children under age one under the official SUPAS mortality estimation definition; qualification=API unit metadata is blank; canonical unit is qualified from the official BPS IMR definition;
bpsm4obs_8ac230d0e263d1d951f00f80,average_employee_wage,idn.13.1375,2024-08-01,2024-08-31,annual,3260014,rupiah_per_month,observed,bpsm4prov_513dba76f70cbe416f6ed30c,false,true,sakernas_august_net_wage,nominal_2024,series_id=m4_wage_2024; source_var=289; source_period=2024; source_geography=1375:Kota Bukittinggi; transform=identity; source_value=3260014; selected_turvar=0; source_universe=Employees or wage workers under Sakernas August; qualification=Source note explicitly identifies Sakernas August and average net monthly wage salary;
bpsm4obs_8ac67e9d9fbde52a225c1741,neet_rate,idn.13.1308,2025-01-01,2025-12-31,annual,19.51,percent,observed,bpsm4prov_3ee4f2abc7a9db17db23dd1f,false,true,sakernas_neet_15_24,,series_id=m4_neet_2025; source_var=774; source_period=2025; source_geography=1308:Kab. Lima Puluh Kota; transform=identity; source_value=19.51; selected_turvar=0; source_universe=People age 15 to 24 not in employment education or training; qualification=Source is BPS Sakernas; no exact within-year reference month is inferred from current API metadata;
bpsm4obs_8c0ec6374288b1a797b33ba0,mobile_phone_use,idn.13.1311,2025-01-01,2025-12-31,annual,97.03,percent,observed,bpsm4prov_87a8c749f76d1accba7eea4a,false,true,susenas_mobile_3month,,series_id=m4_mobile_2025; source_var=319; source_period=2025; source_geography=1311:Kab. Dharmasraya; transform=identity; source_value=97.03; selected_turvar=34; source_universe=Persons age 5+ using a mobile phone in the previous 3 months; qualification=Selects combined male and female category turvar 34;
bpsm4obs_8c22bb9aa7b469f8f62e1ad2,total_fertility_rate,idn.13.1302,2025-01-01,2025-12-31,census_or_survey,2.49,births_per_woman,observed,bpsm4prov_cad0406a0cd9b500ac2914ed,false,true,supas2025_tfr,,series_id=m4_tfr_2025; source_var=876; source_period=2025; source_geography=1302:Kab. Pesisir Selatan; transform=identity; source_value=2.49; selected_turvar=0; source_universe=Women under the official BPS age-specific fertility estimation schedule; qualification=Canonical unit follows the official BPS TFR definition;
bpsm4obs_8d4b9d5e7b60549529073f60,urban_population_share,idn.13.1371,2020-01-01,2020-12-31,annual,100,percent,model_estimate,bpsm4prov_1212b1534732c5a2edae043f,false,true,bps_projection_sp2010,,series_id=m4_urban_share_2020; source_var=512; source_period=2020; source_geography=1371:Kota Padang; transform=identity; source_value=100; selected_turvar=0; source_universe=Population classified urban in the BPS SP2010-based population projection; qualification=Projection source is explicit so claim type remains model_estimate;
bpsm4obs_8d8115989961b1a2f77ee170,elderly_population_share,idn.13.1310,2025-01-01,2025-12-31,census_or_survey,9.62,percent,observed,bpsm4prov_e0534872b73e7b7566696b9e,false,true,supas2025_elderly_share,,series_id=m4_elderly_2025; source_var=884; source_period=2025; source_geography=1310:Kab. Solok Selatan; transform=identity; source_value=9.62; selected_turvar=0; source_universe=Population classified as elderly under the SUPAS definition; qualification=Preserve the official source age threshold and survey methodology;
bpsm4obs_8dd94df30bc4ff2ee9acc6ee,child_mortality_rate,idn.13.1374,2025-01-01,2025-12-31,census_or_survey,2.33,per_1000_live_births,observed,bpsm4prov_e1c5940c862b82de962fe727,false,true,supas2025_cmr,,series_id=m4_cmr_2025; source_var=878; source_period=2025; source_geography=1374:Kota Padang Panjang; transform=identity; source_value=2.33; selected_turvar=0; source_universe=Children age 1 to 4 under the official SUPAS mortality estimation definition; qualification=API unit metadata is blank; retain exact SUPAS CMR methodology in provenance;
bpsm4obs_8e4a9af4e5e8c323e15d6dca,employed_population,idn.13.1376,2025-08-01,2025-08-31,annual,76601,persons,observed,bpsm4prov_c3fb155f6c559283a1539940,false,true,sakernas_august_employed,,series_id=m4_employed_2025; source_var=473; source_period=2025; source_geography=1376:Kota Payakumbuh; transform=identity; source_value=76601; selected_turvar=842; source_universe=Population age 15+ classified as employed; qualification=Source note explicitly identifies Sakernas August;
bpsm4obs_8f8943446b4ca629f04900e2,unemployed_population,idn.13.1309,2025-08-01,2025-08-31,annual,9276,persons,observed,bpsm4prov_c3fb155f6c559283a1539940,false,true,sakernas_august_unemployed,,series_id=m4_unemployed_2025; source_var=473; source_period=2025; source_geography=1309:Kab. Pasaman; transform=identity; source_value=9276; selected_turvar=843; source_universe=Population age 15+ classified as openly unemployed; qualification=Source note explicitly identifies Sakernas August;
bpsm4obs_9012bfbd125dfa60a7bc0337,large_medium_industry_employment,idn.13.1304,2022-01-01,2022-12-31,annual,447,persons,observed,bpsm4prov_95e85bf46c862d5e02d02b71,false,true,bps_annual_large_medium_industry_survey,,series_id=m4_large_medium_industry_employment_2022; source_var=773; source_period=2022; source_geography=1304:Kab.Sijunjung; transform=identity; source_value=447; selected_turvar=1241; source_universe=Workers in large and medium industrial establishments; qualification=Kepulauan Mentawai 1301 is absent from the source table and remains missing rather than being imputed as zero; source_geography_1301_Kepulauan_Mentawai_absent_not_zero_imputed;
bpsm4obs_904c7d0b702301007fb074bc,infant_mortality_rate,idn.13.1371,2025-01-01,2025-12-31,census_or_survey,11.26,per_1000_live_births,observed,bpsm4prov_6bf49de3e81a23c25397ec47,false,true,supas2025_imr,,series_id=m4_imr_2025; source_var=877; source_period=2025; source_geography=1371:Kota Padang; transform=identity; source_value=11.26; selected_turvar=0; source_universe=Children under age one under the official SUPAS mortality estimation definition; qualification=API unit metadata is blank; canonical unit is qualified from the official BPS IMR definition;
bpsm4obs_91167146c1670b7514f458c3,infant_mortality_rate,idn.13.1377,2025-01-01,2025-12-31,census_or_survey,14.29,per_1000_live_births,observed,bpsm4prov_6bf49de3e81a23c25397ec47,false,true,supas2025_imr,,series_id=m4_imr_2025; source_var=877; source_period=2025; source_geography=1377:Kota Pariaman; transform=identity; source_value=14.29; selected_turvar=0; source_universe=Children under age one under the official SUPAS mortality estimation definition; qualification=API unit metadata is blank; canonical unit is qualified from the official BPS IMR definition;
bpsm4obs_913919a1da54ff0a46b29932,labor_force_count,idn.13.1306,2025-08-01,2025-08-31,annual,238586,persons,observed,bpsm4prov_c3fb155f6c559283a1539940,false,true,sakernas_august_labor_force,,series_id=m4_labor_force_2025; source_var=473; source_period=2025; source_geography=1306:Kab. Padang Pariaman; transform=identity; source_value=238586; selected_turvar=844; source_universe=Population age 15+ in the labor force; qualification=Source note explicitly identifies Sakernas August;
bpsm4obs_9165c6289555d114a91adb70,neet_rate,idn.13.1301,2025-01-01,2025-12-31,annual,9.01,percent,observed,bpsm4prov_3ee4f2abc7a9db17db23dd1f,false,true,sakernas_neet_15_24,,series_id=m4_neet_2025; source_var=774; source_period=2025; source_geography=1301:Kab. Kepulauan Mentawai; transform=identity; source_value=9.01; selected_turvar=0; source_universe=People age 15 to 24 not in employment education or training; qualification=Source is BPS Sakernas; no exact within-year reference month is inferred from current API metadata;
bpsm4obs_9217914daa7b18de4314210e,elderly_population_share,idn.13.1303,2025-01-01,2025-12-31,census_or_survey,12.05,percent,observed,bpsm4prov_e0534872b73e7b7566696b9e,false,true,supas2025_elderly_share,,series_id=m4_elderly_2025; source_var=884; source_period=2025; source_geography=1303:Kab. Solok; transform=identity; source_value=12.05; selected_turvar=0; source_universe=Population classified as elderly under the SUPAS definition; qualification=Preserve the official source age threshold and survey methodology;
bpsm4obs_93ab4789a29f6cdcef2b7cbd,child_mortality_rate,idn.13.1377,2025-01-01,2025-12-31,census_or_survey,2.54,per_1000_live_births,observed,bpsm4prov_e1c5940c862b82de962fe727,false,true,supas2025_cmr,,series_id=m4_cmr_2025; source_var=878; source_period=2025; source_geography=1377:Kota Pariaman; transform=identity; source_value=2.54; selected_turvar=0; source_universe=Children age 1 to 4 under the official SUPAS mortality estimation definition; qualification=API unit metadata is blank; retain exact SUPAS CMR methodology in provenance;
bpsm4obs_941d6d1a0f566d381e2860f0,neet_rate,idn.13.1307,2025-01-01,2025-12-31,annual,20.09,percent,observed,bpsm4prov_3ee4f2abc7a9db17db23dd1f,false,true,sakernas_neet_15_24,,series_id=m4_neet_2025; source_var=774; source_period=2025; source_geography=1307:Kab. Agam; transform=identity; source_value=20.09; selected_turvar=0; source_universe=People age 15 to 24 not in employment education or training; qualification=Source is BPS Sakernas; no exact within-year reference month is inferred from current API metadata;
bpsm4obs_94284a00f737196e167eb22b,mobile_phone_use,idn.13.1302,2025-01-01,2025-12-31,annual,91.98,percent,observed,bpsm4prov_87a8c749f76d1accba7eea4a,false,true,susenas_mobile_3month,,series_id=m4_mobile_2025; source_var=319; source_period=2025; source_geography=1302:Kab. Pesisir Selatan; transform=identity; source_value=91.98; selected_turvar=34; source_universe=Persons age 5+ using a mobile phone in the previous 3 months; qualification=Selects combined male and female category turvar 34;
bpsm4obs_9438a0ea820a831a2640b598,foreign_investment_realization,idn.13.1304,2024-01-01,2024-12-31,annual,0,million_rupiah,observed,bpsm4prov_df1ae195f815d526db816be2,false,true,bps_pma_additional_investment,nominal_2024,series_id=m4_pma_2024; source_var=729; source_period=2024; source_geography=1304:Kab. Sijunjung; transform=identity; source_value=0; selected_turvar=1179; source_universe=Realized PMA projects under the official investment reporting system; qualification=Selects Tambahan Investasi rather than project or employment counts;
bpsm4obs_944e870d82f05f832084fcb2,domestic_investment_realization,idn.13.1306,2024-01-01,2024-12-31,annual,3422044.63,million_rupiah,observed,bpsm4prov_562d86f57441beb695cb64bb,false,true,bps_pmdn_additional_investment,nominal_2024,series_id=m4_pmdn_2024; source_var=727; source_period=2024; source_geography=1306:Kab. Padang Pariaman; transform=identity; source_value=3422044.63; selected_turvar=1175; source_universe=Realized PMDN projects under the official investment reporting system; qualification=Selects Tambahan Investasi rather than project or employment counts;
bpsm4obs_9494b32f6a638523b43d5229,domestic_investment_realization,idn.13.1312,2024-01-01,2024-12-31,annual,941068.06,million_rupiah,observed,bpsm4prov_562d86f57441beb695cb64bb,false,true,bps_pmdn_additional_investment,nominal_2024,series_id=m4_pmdn_2024; source_var=727; source_period=2024; source_geography=1312:Kab. Pasaman Barat; transform=identity; source_value=941068.06; selected_turvar=1175; source_universe=Realized PMDN projects under the official investment reporting system; qualification=Selects Tambahan Investasi rather than project or employment counts;
bpsm4obs_94aeb699e739402fd23b36e7,food_inadequacy_prevalence,idn.13.1307,2024-01-01,2024-12-31,annual,9.24,percent,observed,bpsm4prov_a81da9a3ad0b58fa3febccb0,false,true,bps_food_inadequacy,,series_id=m4_food_inadequacy_2024; source_var=760; source_period=2024; source_geography=1307:Kab. Agam; transform=identity; source_value=9.24; selected_turvar=0; source_universe=Population under the official food-inadequacy estimation methodology; qualification=Retain source methodology and do not reinterpret as observed calorie intake for individuals;
bpsm4obs_94b59a4351f90ea5db156612,road_condition_good,idn.13.1304,2024-01-01,2024-12-31,annual,46.669724,percent,derived,bpsm4prov_e45b125b514491799bcd91c2,false,true,bps_provincial_road_condition,,series_id=m4_road_good_2024; source_var=555; source_period=2024; source_geography=1304:Kab. Sijunjung; transform=share_selected_over_sum_turvar_ids; numerator=908:40.71; denominator_components=908:40.71|909:19.04|910:9.75|911:17.73; source_universe=Provincial-authority road length classified by condition; qualification=Good-condition km divided by total km across good medium damaged and heavily damaged categories;
bpsm4obs_958b219e0c59349b3126fe2c,employed_population,idn.13.1375,2025-08-01,2025-08-31,annual,63602,persons,observed,bpsm4prov_c3fb155f6c559283a1539940,false,true,sakernas_august_employed,,series_id=m4_employed_2025; source_var=473; source_period=2025; source_geography=1375:Kota Bukittinggi; transform=identity; source_value=63602; selected_turvar=842; source_universe=Population age 15+ classified as employed; qualification=Source note explicitly identifies Sakernas August;
bpsm4obs_95edbb67490b9e12bb8d1440,labor_force_count,idn.13.1375,2025-08-01,2025-08-31,annual,66535,persons,observed,bpsm4prov_c3fb155f6c559283a1539940,false,true,sakernas_august_labor_force,,series_id=m4_labor_force_2025; source_var=473; source_period=2025; source_geography=1375:Kota Bukittinggi; transform=identity; source_value=66535; selected_turvar=844; source_universe=Population age 15+ in the labor force; qualification=Source note explicitly identifies Sakernas August;
bpsm4obs_9732a19159f7d124091ba8f6,road_condition_good,idn.13.1306,2024-01-01,2024-12-31,annual,74.700041,percent,derived,bpsm4prov_e45b125b514491799bcd91c2,false,true,bps_provincial_road_condition,,series_id=m4_road_good_2024; source_var=555; source_period=2024; source_geography=1306:Kab. Padang Pariaman; transform=share_selected_over_sum_turvar_ids; numerator=908:72.22; denominator_components=908:72.22|909:5.4|910:3.4|911:15.66; source_universe=Provincial-authority road length classified by condition; qualification=Good-condition km divided by total km across good medium damaged and heavily damaged categories;
bpsm4obs_97499928988da3e0c1afd3bd,dependency_ratio,idn.13.1307,2025-01-01,2025-12-31,census_or_survey,49.1,dependents_per_100_working_age,observed,bpsm4prov_6b57e3f09f8c6ee54b7243b3,false,true,supas2025_dependency_ratio,,series_id=m4_dependency_2025; source_var=875; source_period=2025; source_geography=1307:Kab. Agam; transform=identity; source_value=49.1; selected_turvar=0; source_universe=Population age 0 to 14 plus 65+ relative to age 15 to 64; qualification=Canonical unit follows the official BPS dependency-ratio definition;
bpsm4obs_976c47ad6737b3b0e2b1abbe,total_fertility_rate,idn.13.1303,2025-01-01,2025-12-31,census_or_survey,2.33,births_per_woman,observed,bpsm4prov_cad0406a0cd9b500ac2914ed,false,true,supas2025_tfr,,series_id=m4_tfr_2025; source_var=876; source_period=2025; source_geography=1303:Kab. Solok; transform=identity; source_value=2.33; selected_turvar=0; source_universe=Women under the official BPS age-specific fertility estimation schedule; qualification=Canonical unit follows the official BPS TFR definition;
bpsm4obs_986241393019598a151aceb2,labor_force_count,idn.13.1308,2025-08-01,2025-08-31,annual,232886,persons,observed,bpsm4prov_c3fb155f6c559283a1539940,false,true,sakernas_august_labor_force,,series_id=m4_labor_force_2025; source_var=473; source_period=2025; source_geography=1308:Kab. Lima Puluh Kota; transform=identity; source_value=232886; selected_turvar=844; source_universe=Population age 15+ in the labor force; qualification=Source note explicitly identifies Sakernas August;
bpsm4obs_9a5e079a569faf20edcbf1a5,elderly_population_share,idn.13.1373,2025-01-01,2025-12-31,census_or_survey,13.09,percent,observed,bpsm4prov_e0534872b73e7b7566696b9e,false,true,supas2025_elderly_share,,series_id=m4_elderly_2025; source_var=884; source_period=2025; source_geography=1373:Kota Sawahlunto; transform=identity; source_value=13.09; selected_turvar=0; source_universe=Population classified as elderly under the SUPAS definition; qualification=Preserve the official source age threshold and survey methodology;
bpsm4obs_9abe0785c2d8f52e9901f18f,total_fertility_rate,idn.13.1306,2025-01-01,2025-12-31,census_or_survey,2.45,births_per_woman,observed,bpsm4prov_cad0406a0cd9b500ac2914ed,false,true,supas2025_tfr,,series_id=m4_tfr_2025; source_var=876; source_period=2025; source_geography=1306:Kab. Padang Pariaman; transform=identity; source_value=2.45; selected_turvar=0; source_universe=Women under the official BPS age-specific fertility estimation schedule; qualification=Canonical unit follows the official BPS TFR definition;
bpsm4obs_9b02cddad41d64b8570fd417,internet_access,idn.13.1377,2025-01-01,2025-12-31,annual,84.07,percent,observed,bpsm4prov_ae16dfdec8b9dbf58400b495,false,true,susenas_internet_3month,,series_id=m4_internet_2025; source_var=320; source_period=2025; source_geography=1377:Kota Pariaman; transform=identity; source_value=84.07; selected_turvar=595; source_universe=Persons age 5+ who accessed the internet in the previous 3 months; qualification=Selects BPS turvar 595 Pernah Mengakses Internet;
bpsm4obs_9b0601656e99a491fbb338f6,urban_population_share,idn.13.1377,2020-01-01,2020-12-31,annual,86.38,percent,model_estimate,bpsm4prov_1212b1534732c5a2edae043f,false,true,bps_projection_sp2010,,series_id=m4_urban_share_2020; source_var=512; source_period=2020; source_geography=1377:Kota Pariaman; transform=identity; source_value=86.38; selected_turvar=0; source_universe=Population classified urban in the BPS SP2010-based population projection; qualification=Projection source is explicit so claim type remains model_estimate;
bpsm4obs_9b1f14c7b09c5d6bcf711b10,net_migration_rate,idn.13.1302,2025-01-01,2025-12-31,census_or_survey,20.2,per_1000,derived,bpsm4prov_558e401d7c68a9be65a79899,false,true,supas2025_recent_migration,,series_id=m4_net_migration_2025; source_var=883; source_period=2025; source_geography=1302:Kab. Pesisir Selatan; transform=multiply_10; source_value_per_100=2.02; selected_turvar=1475; multiplier=10; source_universe=Population covered by the SUPAS recent-migration definition; qualification=Source publishes recent net migration per 100 population; canonical value converts deterministically to per 1000;
bpsm4obs_9b6a379391df5a6a75690d69,mobile_phone_use,idn.13.1309,2025-01-01,2025-12-31,annual,91.8,percent,observed,bpsm4prov_87a8c749f76d1accba7eea4a,false,true,susenas_mobile_3month,,series_id=m4_mobile_2025; source_var=319; source_period=2025; source_geography=1309:Kab. Pasaman; transform=identity; source_value=91.8; selected_turvar=34; source_universe=Persons age 5+ using a mobile phone in the previous 3 months; qualification=Selects combined male and female category turvar 34;
bpsm4obs_9c141fd7b76a0a83bcc72bac,food_inadequacy_prevalence,idn.13.1309,2024-01-01,2024-12-31,annual,8.74,percent,observed,bpsm4prov_a81da9a3ad0b58fa3febccb0,false,true,bps_food_inadequacy,,series_id=m4_food_inadequacy_2024; source_var=760; source_period=2024; source_geography=1309:Kab. Pasaman; transform=identity; source_value=8.74; selected_turvar=0; source_universe=Population under the official food-inadequacy estimation methodology; qualification=Retain source methodology and do not reinterpret as observed calorie intake for individuals;
bpsm4obs_9c2cf372883eff2c2a6f1fd7,mobile_phone_use,idn.13.1310,2025-01-01,2025-12-31,annual,93.66,percent,observed,bpsm4prov_87a8c749f76d1accba7eea4a,false,true,susenas_mobile_3month,,series_id=m4_mobile_2025; source_var=319; source_period=2025; source_geography=1310:Kab. Solok Selatan; transform=identity; source_value=93.66; selected_turvar=34; source_universe=Persons age 5+ using a mobile phone in the previous 3 months; qualification=Selects combined male and female category turvar 34;
bpsm4obs_9d4062afeaa8a74584025e77,urban_population_share,idn.13.1308,2020-01-01,2020-12-31,annual,20.67,percent,model_estimate,bpsm4prov_1212b1534732c5a2edae043f,false,true,bps_projection_sp2010,,series_id=m4_urban_share_2020; source_var=512; source_period=2020; source_geography=1308:Kab. Lima Puluh Kota; transform=identity; source_value=20.67; selected_turvar=0; source_universe=Population classified urban in the BPS SP2010-based population projection; qualification=Projection source is explicit so claim type remains model_estimate;
bpsm4obs_9e01597e786cc78abc8f83c8,dependency_ratio,idn.13.1308,2025-01-01,2025-12-31,census_or_survey,47.51,dependents_per_100_working_age,observed,bpsm4prov_6b57e3f09f8c6ee54b7243b3,false,true,supas2025_dependency_ratio,,series_id=m4_dependency_2025; source_var=875; source_period=2025; source_geography=1308:Kab. Lima Puluh Kota; transform=identity; source_value=47.51; selected_turvar=0; source_universe=Population age 0 to 14 plus 65+ relative to age 15 to 64; qualification=Canonical unit follows the official BPS dependency-ratio definition;
bpsm4obs_9e2b7f000a3d8cbe589e79ec,internet_access,idn.13.1312,2025-01-01,2025-12-31,annual,74.68,percent,observed,bpsm4prov_ae16dfdec8b9dbf58400b495,false,true,susenas_internet_3month,,series_id=m4_internet_2025; source_var=320; source_period=2025; source_geography=1312:Kab. Pasaman Barat; transform=identity; source_value=74.68; selected_turvar=595; source_universe=Persons age 5+ who accessed the internet in the previous 3 months; qualification=Selects BPS turvar 595 Pernah Mengakses Internet;
bpsm4obs_9e426c4f62e0328c07178c6e,child_mortality_rate,idn.13.1372,2025-01-01,2025-12-31,census_or_survey,2.13,per_1000_live_births,observed,bpsm4prov_e1c5940c862b82de962fe727,false,true,supas2025_cmr,,series_id=m4_cmr_2025; source_var=878; source_period=2025; source_geography=1372:Kota Solok; transform=identity; source_value=2.13; selected_turvar=0; source_universe=Children age 1 to 4 under the official SUPAS mortality estimation definition; qualification=API unit metadata is blank; retain exact SUPAS CMR methodology in provenance;
bpsm4obs_9edb3ddfb6875a634bb2bd63,child_mortality_rate,idn.13.1376,2025-01-01,2025-12-31,census_or_survey,1.64,per_1000_live_births,observed,bpsm4prov_e1c5940c862b82de962fe727,false,true,supas2025_cmr,,series_id=m4_cmr_2025; source_var=878; source_period=2025; source_geography=1376:Kota Payakumbuh; transform=identity; source_value=1.64; selected_turvar=0; source_universe=Children age 1 to 4 under the official SUPAS mortality estimation definition; qualification=API unit metadata is blank; retain exact SUPAS CMR methodology in provenance;
bpsm4obs_9f3e09cc0c5eb2d512e25dd6,dependency_ratio,idn.13.1371,2025-01-01,2025-12-31,census_or_survey,46.3,dependents_per_100_working_age,observed,bpsm4prov_6b57e3f09f8c6ee54b7243b3,false,true,supas2025_dependency_ratio,,series_id=m4_dependency_2025; source_var=875; source_period=2025; source_geography=1371:Kota Padang; transform=identity; source_value=46.3; selected_turvar=0; source_universe=Population age 0 to 14 plus 65+ relative to age 15 to 64; qualification=Canonical unit follows the official BPS dependency-ratio definition;
bpsm4obs_9f4c868b1ee69432c9269b4c,internet_access,idn.13.1309,2025-01-01,2025-12-31,annual,76.72,percent,observed,bpsm4prov_ae16dfdec8b9dbf58400b495,false,true,susenas_internet_3month,,series_id=m4_internet_2025; source_var=320; source_period=2025; source_geography=1309:Kab. Pasaman; transform=identity; source_value=76.72; selected_turvar=595; source_universe=Persons age 5+ who accessed the internet in the previous 3 months; qualification=Selects BPS turvar 595 Pernah Mengakses Internet;
bpsm4obs_a1f69314ec4234aa8657fdcd,average_employee_wage,idn.13.1374,2024-08-01,2024-08-31,annual,3334028,rupiah_per_month,observed,bpsm4prov_513dba76f70cbe416f6ed30c,false,true,sakernas_august_net_wage,nominal_2024,series_id=m4_wage_2024; source_var=289; source_period=2024; source_geography=1374:Kota Padang Panjang; transform=identity; source_value=3334028; selected_turvar=0; source_universe=Employees or wage workers under Sakernas August; qualification=Source note explicitly identifies Sakernas August and average net monthly wage salary;
bpsm4obs_a1f6a7e8ed738120cd46a433,internet_access,idn.13.1303,2025-01-01,2025-12-31,annual,79.58,percent,observed,bpsm4prov_ae16dfdec8b9dbf58400b495,false,true,susenas_internet_3month,,series_id=m4_internet_2025; source_var=320; source_period=2025; source_geography=1303:Kab. Solok; transform=identity; source_value=79.58; selected_turvar=595; source_universe=Persons age 5+ who accessed the internet in the previous 3 months; qualification=Selects BPS turvar 595 Pernah Mengakses Internet;
bpsm4obs_a24aed698a8d08e21c2b848e,household_expenditure_per_capita_monthly,idn.13.1376,2024-01-01,2024-12-31,annual_or_survey,1741566,rupiah_per_person_month,observed,bpsm4prov_e1033999b00eb0865d520df1,false,true,susenas_total_monthly_expenditure,nominal_2024,series_id=m4_expenditure_2024; source_var=492; source_period=2024; source_geography=1376:Kota Payakumbuh; transform=identity; source_value=1741566; selected_turvar=880; source_universe=Persons represented by the Susenas household expenditure aggregate; qualification=Selects total food plus non-food expenditure turvar 880;
bpsm4obs_a2e08b33496605049d47b2b1,under_five_mortality_rate,idn.13.1301,2025-01-01,2025-12-31,census_or_survey,29.48,per_1000_live_births,observed,bpsm4prov_11159d80c18e32d8b4f871df,false,true,supas2025_u5mr,,series_id=m4_u5mr_2025; source_var=879; source_period=2025; source_geography=1301:Kab. Kepulauan Mentawai; transform=identity; source_value=29.48; selected_turvar=0; source_universe=Children before age five under the official SUPAS mortality estimation definition; qualification=API unit metadata is blank; retain exact SUPAS U5MR methodology in provenance;
bpsm4obs_a311311fcd75fcb0ba6b57e5,internet_access,idn.13.1371,2025-01-01,2025-12-31,annual,88.3,percent,observed,bpsm4prov_ae16dfdec8b9dbf58400b495,false,true,susenas_internet_3month,,series_id=m4_internet_2025; source_var=320; source_period=2025; source_geography=1371:Kota Padang; transform=identity; source_value=88.3; selected_turvar=595; source_universe=Persons age 5+ who accessed the internet in the previous 3 months; qualification=Selects BPS turvar 595 Pernah Mengakses Internet;
bpsm4obs_a3d6f6491a0a8ddeb3dcafaf,employed_population,idn.13.1373,2025-08-01,2025-08-31,annual,37286,persons,observed,bpsm4prov_c3fb155f6c559283a1539940,false,true,sakernas_august_employed,,series_id=m4_employed_2025; source_var=473; source_period=2025; source_geography=1373:Kota Sawahlunto; transform=identity; source_value=37286; selected_turvar=842; source_universe=Population age 15+ classified as employed; qualification=Source note explicitly identifies Sakernas August;
bpsm4obs_a4accf774774bb0fb4abdf0d,child_mortality_rate,idn.13.1312,2025-01-01,2025-12-31,census_or_survey,3.39,per_1000_live_births,observed,bpsm4prov_e1c5940c862b82de962fe727,false,true,supas2025_cmr,,series_id=m4_cmr_2025; source_var=878; source_period=2025; source_geography=1312:Kab. Pasaman Barat; transform=identity; source_value=3.39; selected_turvar=0; source_universe=Children age 1 to 4 under the official SUPAS mortality estimation definition; qualification=API unit metadata is blank; retain exact SUPAS CMR methodology in provenance;
bpsm4obs_a4f78b830c654ff53e20f67a,under_five_mortality_rate,idn.13.1303,2025-01-01,2025-12-31,census_or_survey,24.52,per_1000_live_births,observed,bpsm4prov_11159d80c18e32d8b4f871df,false,true,supas2025_u5mr,,series_id=m4_u5mr_2025; source_var=879; source_period=2025; source_geography=1303:Kab. Solok; transform=identity; source_value=24.52; selected_turvar=0; source_universe=Children before age five under the official SUPAS mortality estimation definition; qualification=API unit metadata is blank; retain exact SUPAS U5MR methodology in provenance;
bpsm4obs_a6cb186a5498cfd0c1193ee8,large_medium_industry_employment,idn.13.1375,2022-01-01,2022-12-31,annual,113,persons,observed,bpsm4prov_95e85bf46c862d5e02d02b71,false,true,bps_annual_large_medium_industry_survey,,series_id=m4_large_medium_industry_employment_2022; source_var=773; source_period=2022; source_geography=1375:Kota Bukittinggi; transform=identity; source_value=113; selected_turvar=1241; source_universe=Workers in large and medium industrial establishments; qualification=Kepulauan Mentawai 1301 is absent from the source table and remains missing rather than being imputed as zero; source_geography_1301_Kepulauan_Mentawai_absent_not_zero_imputed;
bpsm4obs_a6e8557996232230f4f37858,provincial_road_length,idn.13.1376,2024-01-01,2024-12-31,annual,17.98,kilometres,derived,bpsm4prov_e45b125b514491799bcd91c2,false,true,bps_provincial_road_condition,,series_id=m4_provincial_road_length_2024; source_var=555; source_period=2024; source_geography=1376:Kota Payakumbuh; transform=sum_turvar_ids; source_components=908:8.08|909:7.9|910:1.9|911:0.1; source_universe=Provincial-authority roads represented by four condition categories; qualification=Sum of good medium damaged and heavily damaged provincial-road lengths;
bpsm4obs_a6fcb49f40d8ba5c47b6aeb0,neet_rate,idn.13.1305,2025-01-01,2025-12-31,annual,16.97,percent,observed,bpsm4prov_3ee4f2abc7a9db17db23dd1f,false,true,sakernas_neet_15_24,,series_id=m4_neet_2025; source_var=774; source_period=2025; source_geography=1305:Kab. Tanah Datar; transform=identity; source_value=16.97; selected_turvar=0; source_universe=People age 15 to 24 not in employment education or training; qualification=Source is BPS Sakernas; no exact within-year reference month is inferred from current API metadata;
bpsm4obs_a808db03512e71e3d289e07f,infant_mortality_rate,idn.13.1312,2025-01-01,2025-12-31,census_or_survey,20.89,per_1000_live_births,observed,bpsm4prov_6bf49de3e81a23c25397ec47,false,true,supas2025_imr,,series_id=m4_imr_2025; source_var=877; source_period=2025; source_geography=1312:Kab. Pasaman Barat; transform=identity; source_value=20.89; selected_turvar=0; source_universe=Children under age one under the official SUPAS mortality estimation definition; qualification=API unit metadata is blank; canonical unit is qualified from the official BPS IMR definition;
bpsm4obs_a82998be79e25a8d8dff234e,dependency_ratio,idn.13.1303,2025-01-01,2025-12-31,census_or_survey,47.28,dependents_per_100_working_age,observed,bpsm4prov_6b57e3f09f8c6ee54b7243b3,false,true,supas2025_dependency_ratio,,series_id=m4_dependency_2025; source_var=875; source_period=2025; source_geography=1303:Kab. Solok; transform=identity; source_value=47.28; selected_turvar=0; source_universe=Population age 0 to 14 plus 65+ relative to age 15 to 64; qualification=Canonical unit follows the official BPS dependency-ratio definition;
bpsm4obs_a82c068d8e18f5b802959b34,net_migration_rate,idn.13.1304,2025-01-01,2025-12-31,census_or_survey,-10,per_1000,derived,bpsm4prov_558e401d7c68a9be65a79899,false,true,supas2025_recent_migration,,series_id=m4_net_migration_2025; source_var=883; source_period=2025; source_geography=1304:Kab. Sijunjung; transform=multiply_10; source_value_per_100=-1; selected_turvar=1475; multiplier=10; source_universe=Population covered by the SUPAS recent-migration definition; qualification=Source publishes recent net migration per 100 population; canonical value converts deterministically to per 1000;
bpsm4obs_a84588908206ff2ff230fc4c,total_fertility_rate,idn.13.1312,2025-01-01,2025-12-31,census_or_survey,2.43,births_per_woman,observed,bpsm4prov_cad0406a0cd9b500ac2914ed,false,true,supas2025_tfr,,series_id=m4_tfr_2025; source_var=876; source_period=2025; source_geography=1312:Kab. Pasaman Barat; transform=identity; source_value=2.43; selected_turvar=0; source_universe=Women under the official BPS age-specific fertility estimation schedule; qualification=Canonical unit follows the official BPS TFR definition;
bpsm4obs_a8be4c85299d47ec30622b9d,provincial_road_length,idn.13.1375,2024-01-01,2024-12-31,annual,0,kilometres,derived,bpsm4prov_e45b125b514491799bcd91c2,false,true,bps_provincial_road_condition,,series_id=m4_provincial_road_length_2024; source_var=555; source_period=2024; source_geography=1375:Kota Bukittinggi; transform=sum_turvar_ids; source_components=908:0|909:0|910:0|911:0; source_universe=Provincial-authority roads represented by four condition categories; qualification=Sum of good medium damaged and heavily damaged provincial-road lengths;
bpsm4obs_aa34ab4caba98340ef42a89a,road_condition_good,idn.13.1372,2024-01-01,2024-12-31,annual,100,percent,derived,bpsm4prov_e45b125b514491799bcd91c2,false,true,bps_provincial_road_condition,,series_id=m4_road_good_2024; source_var=555; source_period=2024; source_geography=1372:Kota Solok; transform=share_selected_over_sum_turvar_ids; numerator=908:1; denominator_components=908:1|909:0|910:0|911:0; source_universe=Provincial-authority road length classified by condition; qualification=Good-condition km divided by total km across good medium damaged and heavily damaged categories;
bpsm4obs_aa8bc839505e6e221c70a1e7,child_mortality_rate,idn.13.1309,2025-01-01,2025-12-31,census_or_survey,4.25,per_1000_live_births,observed,bpsm4prov_e1c5940c862b82de962fe727,false,true,supas2025_cmr,,series_id=m4_cmr_2025; source_var=878; source_period=2025; source_geography=1309:Kab. Pasaman; transform=identity; source_value=4.25; selected_turvar=0; source_universe=Children age 1 to 4 under the official SUPAS mortality estimation definition; qualification=API unit metadata is blank; retain exact SUPAS CMR methodology in provenance;
bpsm4obs_ab7ab452fc2352cf911afedd,unemployed_population,idn.13.1301,2025-08-01,2025-08-31,annual,877,persons,observed,bpsm4prov_c3fb155f6c559283a1539940,false,true,sakernas_august_unemployed,,series_id=m4_unemployed_2025; source_var=473; source_period=2025; source_geography=1301:Kab. Kepulauan Mentawai; transform=identity; source_value=877; selected_turvar=843; source_universe=Population age 15+ classified as openly unemployed; qualification=Source note explicitly identifies Sakernas August;
bpsm4obs_ab9939751033b28a6f4f3557,household_expenditure_per_capita_monthly,idn.13.1374,2024-01-01,2024-12-31,annual_or_survey,2182164,rupiah_per_person_month,observed,bpsm4prov_e1033999b00eb0865d520df1,false,true,susenas_total_monthly_expenditure,nominal_2024,series_id=m4_expenditure_2024; source_var=492; source_period=2024; source_geography=1374:Kota Padang Panjang; transform=identity; source_value=2182164; selected_turvar=880; source_universe=Persons represented by the Susenas household expenditure aggregate; qualification=Selects total food plus non-food expenditure turvar 880;
bpsm4obs_abafdf44b16456f729e00eb7,internet_access,idn.13.1310,2025-01-01,2025-12-31,annual,85,percent,observed,bpsm4prov_ae16dfdec8b9dbf58400b495,false,true,susenas_internet_3month,,series_id=m4_internet_2025; source_var=320; source_period=2025; source_geography=1310:Kab. Solok Selatan; transform=identity; source_value=85; selected_turvar=595; source_universe=Persons age 5+ who accessed the internet in the previous 3 months; qualification=Selects BPS turvar 595 Pernah Mengakses Internet;
bpsm4obs_abce3a89563900d9b2e8b89d,mobile_phone_use,idn.13.1372,2025-01-01,2025-12-31,annual,98.02,percent,observed,bpsm4prov_87a8c749f76d1accba7eea4a,false,true,susenas_mobile_3month,,series_id=m4_mobile_2025; source_var=319; source_period=2025; source_geography=1372:Kota Solok; transform=identity; source_value=98.02; selected_turvar=34; source_universe=Persons age 5+ using a mobile phone in the previous 3 months; qualification=Selects combined male and female category turvar 34;
bpsm4obs_ac788c30ab3701e8dceed96c,net_migration_rate,idn.13.1371,2025-01-01,2025-12-31,census_or_survey,-27.2,per_1000,derived,bpsm4prov_558e401d7c68a9be65a79899,false,true,supas2025_recent_migration,,series_id=m4_net_migration_2025; source_var=883; source_period=2025; source_geography=1371:Kota Padang; transform=multiply_10; source_value_per_100=-2.72; selected_turvar=1475; multiplier=10; source_universe=Population covered by the SUPAS recent-migration definition; qualification=Source publishes recent net migration per 100 population; canonical value converts deterministically to per 1000;
bpsm4obs_acfdda20130f9538f42b11b8,dependency_ratio,idn.13.1375,2025-01-01,2025-12-31,census_or_survey,47.73,dependents_per_100_working_age,observed,bpsm4prov_6b57e3f09f8c6ee54b7243b3,false,true,supas2025_dependency_ratio,,series_id=m4_dependency_2025; source_var=875; source_period=2025; source_geography=1375:Kota Bukittinggi; transform=identity; source_value=47.73; selected_turvar=0; source_universe=Population age 0 to 14 plus 65+ relative to age 15 to 64; qualification=Canonical unit follows the official BPS dependency-ratio definition;
bpsm4obs_ad39b76c0ab83b243b4b35e5,under_five_mortality_rate,idn.13.1374,2025-01-01,2025-12-31,census_or_survey,15.55,per_1000_live_births,observed,bpsm4prov_11159d80c18e32d8b4f871df,false,true,supas2025_u5mr,,series_id=m4_u5mr_2025; source_var=879; source_period=2025; source_geography=1374:Kota Padang Panjang; transform=identity; source_value=15.55; selected_turvar=0; source_universe=Children before age five under the official SUPAS mortality estimation definition; qualification=API unit metadata is blank; retain exact SUPAS U5MR methodology in provenance;
bpsm4obs_ada11869ad80ac9f6956306e,domestic_investment_realization,idn.13.1307,2024-01-01,2024-12-31,annual,323096.05,million_rupiah,observed,bpsm4prov_562d86f57441beb695cb64bb,false,true,bps_pmdn_additional_investment,nominal_2024,series_id=m4_pmdn_2024; source_var=727; source_period=2024; source_geography=1307:Kab. Agam; transform=identity; source_value=323096.05; selected_turvar=1175; source_universe=Realized PMDN projects under the official investment reporting system; qualification=Selects Tambahan Investasi rather than project or employment counts;
bpsm4obs_adb7815fe0866df904059f70,employed_population,idn.13.1304,2025-08-01,2025-08-31,annual,134647,persons,observed,bpsm4prov_c3fb155f6c559283a1539940,false,true,sakernas_august_employed,,series_id=m4_employed_2025; source_var=473; source_period=2025; source_geography=1304:Kab. Sijunjung; transform=identity; source_value=134647; selected_turvar=842; source_universe=Population age 15+ classified as employed; qualification=Source note explicitly identifies Sakernas August;
bpsm4obs_adf0f3bd4221a34d9031c873,employed_population,idn.13.1309,2025-08-01,2025-08-31,annual,166073,persons,observed,bpsm4prov_c3fb155f6c559283a1539940,false,true,sakernas_august_employed,,series_id=m4_employed_2025; source_var=473; source_period=2025; source_geography=1309:Kab. Pasaman; transform=identity; source_value=166073; selected_turvar=842; source_universe=Population age 15+ classified as employed; qualification=Source note explicitly identifies Sakernas August;
bpsm4obs_ae87c420e32727f646a7c66e,net_migration_rate,idn.13.1374,2025-01-01,2025-12-31,census_or_survey,10.2,per_1000,derived,bpsm4prov_558e401d7c68a9be65a79899,false,true,supas2025_recent_migration,,series_id=m4_net_migration_2025; source_var=883; source_period=2025; source_geography=1374:Kota Padang Panjang; transform=multiply_10; source_value_per_100=1.02; selected_turvar=1475; multiplier=10; source_universe=Population covered by the SUPAS recent-migration definition; qualification=Source publishes recent net migration per 100 population; canonical value converts deterministically to per 1000;
bpsm4obs_b00964967837f6b62bb9b2d6,average_employee_wage,idn.13.1306,2024-08-01,2024-08-31,annual,2411883,rupiah_per_month,observed,bpsm4prov_513dba76f70cbe416f6ed30c,false,true,sakernas_august_net_wage,nominal_2024,series_id=m4_wage_2024; source_var=289; source_period=2024; source_geography=1306:Kab. Padang Pariaman; transform=identity; source_value=2411883; selected_turvar=0; source_universe=Employees or wage workers under Sakernas August; qualification=Source note explicitly identifies Sakernas August and average net monthly wage salary;
bpsm4obs_b1343001b152a4c47540903e,internet_access,idn.13.1301,2025-01-01,2025-12-31,annual,54.01,percent,observed,bpsm4prov_ae16dfdec8b9dbf58400b495,false,true,susenas_internet_3month,,series_id=m4_internet_2025; source_var=320; source_period=2025; source_geography=1301:Kab. Kepulauan Mentawai; transform=identity; source_value=54.01; selected_turvar=595; source_universe=Persons age 5+ who accessed the internet in the previous 3 months; qualification=Selects BPS turvar 595 Pernah Mengakses Internet;
bpsm4obs_b28c5411682ea979fde5ed4e,urban_population_share,idn.13.1376,2020-01-01,2020-12-31,annual,88.95,percent,model_estimate,bpsm4prov_1212b1534732c5a2edae043f,false,true,bps_projection_sp2010,,series_id=m4_urban_share_2020; source_var=512; source_period=2020; source_geography=1376:Kota Payakumbuh; transform=identity; source_value=88.95; selected_turvar=0; source_universe=Population classified urban in the BPS SP2010-based population projection; qualification=Projection source is explicit so claim type remains model_estimate;
bpsm4obs_b33f42e1ef3d886a4dbf0994,mobile_phone_use,idn.13.1374,2025-01-01,2025-12-31,annual,96.19,percent,observed,bpsm4prov_87a8c749f76d1accba7eea4a,false,true,susenas_mobile_3month,,series_id=m4_mobile_2025; source_var=319; source_period=2025; source_geography=1374:Kota Padang Panjang; transform=identity; source_value=96.19; selected_turvar=34; source_universe=Persons age 5+ using a mobile phone in the previous 3 months; qualification=Selects combined male and female category turvar 34;
bpsm4obs_b342fd75f20dc14e28c0ff01,unemployed_population,idn.13.1310,2025-08-01,2025-08-31,annual,2460,persons,observed,bpsm4prov_c3fb155f6c559283a1539940,false,true,sakernas_august_unemployed,,series_id=m4_unemployed_2025; source_var=473; source_period=2025; source_geography=1310:Kab. Solok Selatan; transform=identity; source_value=2460; selected_turvar=843; source_universe=Population age 15+ classified as openly unemployed; qualification=Source note explicitly identifies Sakernas August;
bpsm4obs_b37a21654b491841c7ab14ce,food_inadequacy_prevalence,idn.13.1306,2024-01-01,2024-12-31,annual,8.68,percent,observed,bpsm4prov_a81da9a3ad0b58fa3febccb0,false,true,bps_food_inadequacy,,series_id=m4_food_inadequacy_2024; source_var=760; source_period=2024; source_geography=1306:Kab. Padang Pariaman; transform=identity; source_value=8.68; selected_turvar=0; source_universe=Population under the official food-inadequacy estimation methodology; qualification=Retain source methodology and do not reinterpret as observed calorie intake for individuals;
bpsm4obs_b409683f29cbaef1646b0797,large_medium_industry_employment,idn.13.1302,2022-01-01,2022-12-31,annual,611,persons,observed,bpsm4prov_95e85bf46c862d5e02d02b71,false,true,bps_annual_large_medium_industry_survey,,series_id=m4_large_medium_industry_employment_2022; source_var=773; source_period=2022; source_geography=1302:Kab.Pesisir Selatan; transform=identity; source_value=611; selected_turvar=1241; source_universe=Workers in large and medium industrial establishments; qualification=Kepulauan Mentawai 1301 is absent from the source table and remains missing rather than being imputed as zero; source_geography_1301_Kepulauan_Mentawai_absent_not_zero_imputed;
bpsm4obs_b45f1da469aaf4fb02f2c0b8,household_expenditure_per_capita_monthly,idn.13.1371,2024-01-01,2024-12-31,annual_or_survey,1974411,rupiah_per_person_month,observed,bpsm4prov_e1033999b00eb0865d520df1,false,true,susenas_total_monthly_expenditure,nominal_2024,series_id=m4_expenditure_2024; source_var=492; source_period=2024; source_geography=1371:Kota Padang; transform=identity; source_value=1974411; selected_turvar=880; source_universe=Persons represented by the Susenas household expenditure aggregate; qualification=Selects total food plus non-food expenditure turvar 880;
bpsm4obs_b5dbdc86adb8f2177725c09e,neet_rate,idn.13.1303,2025-01-01,2025-12-31,annual,18.88,percent,observed,bpsm4prov_3ee4f2abc7a9db17db23dd1f,false,true,sakernas_neet_15_24,,series_id=m4_neet_2025; source_var=774; source_period=2025; source_geography=1303:Kab. Solok; transform=identity; source_value=18.88; selected_turvar=0; source_universe=People age 15 to 24 not in employment education or training; qualification=Source is BPS Sakernas; no exact within-year reference month is inferred from current API metadata;
bpsm4obs_b6025a0f9ba526fa0b7182a2,foreign_investment_realization,idn.13.1373,2024-01-01,2024-12-31,annual,0,million_rupiah,observed,bpsm4prov_df1ae195f815d526db816be2,false,true,bps_pma_additional_investment,nominal_2024,series_id=m4_pma_2024; source_var=729; source_period=2024; source_geography=1373:Kota Sawahlunto; transform=identity; source_value=0; selected_turvar=1179; source_universe=Realized PMA projects under the official investment reporting system; qualification=Selects Tambahan Investasi rather than project or employment counts;
bpsm4obs_b60fbbc7c668b404c4944bd9,household_expenditure_per_capita_monthly,idn.13.1308,2024-01-01,2024-12-31,annual_or_survey,1387214,rupiah_per_person_month,observed,bpsm4prov_e1033999b00eb0865d520df1,false,true,susenas_total_monthly_expenditure,nominal_2024,series_id=m4_expenditure_2024; source_var=492; source_period=2024; source_geography=1308:Kab. Lima Puluh Kota; transform=identity; source_value=1387214; selected_turvar=880; source_universe=Persons represented by the Susenas household expenditure aggregate; qualification=Selects total food plus non-food expenditure turvar 880;
bpsm4obs_b6498f6fc24c4d8bc724882b,labor_force_count,idn.13.1372,2025-08-01,2025-08-31,annual,42046,persons,observed,bpsm4prov_c3fb155f6c559283a1539940,false,true,sakernas_august_labor_force,,series_id=m4_labor_force_2025; source_var=473; source_period=2025; source_geography=1372:Kota Solok; transform=identity; source_value=42046; selected_turvar=844; source_universe=Population age 15+ in the labor force; qualification=Source note explicitly identifies Sakernas August;
bpsm4obs_b656aa410df6dcaf41cb4c35,unemployed_population,idn.13.1304,2025-08-01,2025-08-31,annual,6481,persons,observed,bpsm4prov_c3fb155f6c559283a1539940,false,true,sakernas_august_unemployed,,series_id=m4_unemployed_2025; source_var=473; source_period=2025; source_geography=1304:Kab. Sijunjung; transform=identity; source_value=6481; selected_turvar=843; source_universe=Population age 15+ classified as openly unemployed; qualification=Source note explicitly identifies Sakernas August;
bpsm4obs_b6719758af56ddf0bee6ff96,employed_population,idn.13.1311,2025-08-01,2025-08-31,annual,130704,persons,observed,bpsm4prov_c3fb155f6c559283a1539940,false,true,sakernas_august_employed,,series_id=m4_employed_2025; source_var=473; source_period=2025; source_geography=1311:Kab. Dharmasraya; transform=identity; source_value=130704; selected_turvar=842; source_universe=Population age 15+ classified as employed; qualification=Source note explicitly identifies Sakernas August;
bpsm4obs_b690ff784a3b0978054e7eb8,internet_access,idn.13.1311,2025-01-01,2025-12-31,annual,93.34,percent,observed,bpsm4prov_ae16dfdec8b9dbf58400b495,false,true,susenas_internet_3month,,series_id=m4_internet_2025; source_var=320; source_period=2025; source_geography=1311:Kab. Dharmasraya; transform=identity; source_value=93.34; selected_turvar=595; source_universe=Persons age 5+ who accessed the internet in the previous 3 months; qualification=Selects BPS turvar 595 Pernah Mengakses Internet;
bpsm4obs_b7c4f4c83c4217b202c57df7,total_fertility_rate,idn.13.1373,2025-01-01,2025-12-31,census_or_survey,2.33,births_per_woman,observed,bpsm4prov_cad0406a0cd9b500ac2914ed,false,true,supas2025_tfr,,series_id=m4_tfr_2025; source_var=876; source_period=2025; source_geography=1373:Kota Sawahlunto; transform=identity; source_value=2.33; selected_turvar=0; source_universe=Women under the official BPS age-specific fertility estimation schedule; qualification=Canonical unit follows the official BPS TFR definition;
bpsm4obs_b857fcd13553fd632b98d84c,large_medium_industry_employment,idn.13.1305,2022-01-01,2022-12-31,annual,340,persons,observed,bpsm4prov_95e85bf46c862d5e02d02b71,false,true,bps_annual_large_medium_industry_survey,,series_id=m4_large_medium_industry_employment_2022; source_var=773; source_period=2022; source_geography=1305:Kab.Tanah Datar; transform=identity; source_value=340; selected_turvar=1241; source_universe=Workers in large and medium industrial establishments; qualification=Kepulauan Mentawai 1301 is absent from the source table and remains missing rather than being imputed as zero; source_geography_1301_Kepulauan_Mentawai_absent_not_zero_imputed;
bpsm4obs_b950e91b0013e6b40e5a354c,dependency_ratio,idn.13.1306,2025-01-01,2025-12-31,census_or_survey,49.66,dependents_per_100_working_age,observed,bpsm4prov_6b57e3f09f8c6ee54b7243b3,false,true,supas2025_dependency_ratio,,series_id=m4_dependency_2025; source_var=875; source_period=2025; source_geography=1306:Kab. Padang Pariaman; transform=identity; source_value=49.66; selected_turvar=0; source_universe=Population age 0 to 14 plus 65+ relative to age 15 to 64; qualification=Canonical unit follows the official BPS dependency-ratio definition;
bpsm4obs_bad7f34a5c956fbf04b87ca6,net_migration_rate,idn.13.1305,2025-01-01,2025-12-31,census_or_survey,44.3,per_1000,derived,bpsm4prov_558e401d7c68a9be65a79899,false,true,supas2025_recent_migration,,series_id=m4_net_migration_2025; source_var=883; source_period=2025; source_geography=1305:Kab. Tanah Datar; transform=multiply_10; source_value_per_100=4.43; selected_turvar=1475; multiplier=10; source_universe=Population covered by the SUPAS recent-migration definition; qualification=Source publishes recent net migration per 100 population; canonical value converts deterministically to per 1000;
bpsm4obs_bc4b12be279357ed4627cbf9,foreign_investment_realization,idn.13.1310,2024-01-01,2024-12-31,annual,19767.14,million_rupiah,observed,bpsm4prov_df1ae195f815d526db816be2,false,true,bps_pma_additional_investment,nominal_2024,series_id=m4_pma_2024; source_var=729; source_period=2024; source_geography=1310:Kab. Solok Selatan; transform=identity; source_value=19767.14; selected_turvar=1179; source_universe=Realized PMA projects under the official investment reporting system; qualification=Selects Tambahan Investasi rather than project or employment counts;
bpsm4obs_bc9f98063d554c42c5d92c8d,child_mortality_rate,idn.13.1371,2025-01-01,2025-12-31,census_or_survey,1.78,per_1000_live_births,observed,bpsm4prov_e1c5940c862b82de962fe727,false,true,supas2025_cmr,,series_id=m4_cmr_2025; source_var=878; source_period=2025; source_geography=1371:Kota Padang; transform=identity; source_value=1.78; selected_turvar=0; source_universe=Children age 1 to 4 under the official SUPAS mortality estimation definition; qualification=API unit metadata is blank; retain exact SUPAS CMR methodology in provenance;
bpsm4obs_bd1e89ab69eb7b0e02986cfa,average_employee_wage,idn.13.1377,2024-08-01,2024-08-31,annual,3087313,rupiah_per_month,observed,bpsm4prov_513dba76f70cbe416f6ed30c,false,true,sakernas_august_net_wage,nominal_2024,series_id=m4_wage_2024; source_var=289; source_period=2024; source_geography=1377:Kota Pariaman; transform=identity; source_value=3087313; selected_turvar=0; source_universe=Employees or wage workers under Sakernas August; qualification=Source note explicitly identifies Sakernas August and average net monthly wage salary;
bpsm4obs_bd76e9a24bdd365c917b6df2,internet_access,idn.13.1305,2025-01-01,2025-12-31,annual,79.1,percent,observed,bpsm4prov_ae16dfdec8b9dbf58400b495,false,true,susenas_internet_3month,,series_id=m4_internet_2025; source_var=320; source_period=2025; source_geography=1305:Kab. Tanah Datar; transform=identity; source_value=79.1; selected_turvar=595; source_universe=Persons age 5+ who accessed the internet in the previous 3 months; qualification=Selects BPS turvar 595 Pernah Mengakses Internet;
bpsm4obs_bdaa665602baca82caf03b72,urban_population_share,idn.13.1305,2020-01-01,2020-12-31,annual,33.37,percent,model_estimate,bpsm4prov_1212b1534732c5a2edae043f,false,true,bps_projection_sp2010,,series_id=m4_urban_share_2020; source_var=512; source_period=2020; source_geography=1305:Kab. Tanah Datar; transform=identity; source_value=33.37; selected_turvar=0; source_universe=Population classified urban in the BPS SP2010-based population projection; qualification=Projection source is explicit so claim type remains model_estimate;
bpsm4obs_be4389f83126b18a6570f1cb,elderly_population_share,idn.13.1306,2025-01-01,2025-12-31,census_or_survey,12.88,percent,observed,bpsm4prov_e0534872b73e7b7566696b9e,false,true,supas2025_elderly_share,,series_id=m4_elderly_2025; source_var=884; source_period=2025; source_geography=1306:Kab. Padang Pariaman; transform=identity; source_value=12.88; selected_turvar=0; source_universe=Population classified as elderly under the SUPAS definition; qualification=Preserve the official source age threshold and survey methodology;
bpsm4obs_beca540b7a972db77f8cb723,provincial_road_length,idn.13.1306,2024-01-01,2024-12-31,annual,96.68,kilometres,derived,bpsm4prov_e45b125b514491799bcd91c2,false,true,bps_provincial_road_condition,,series_id=m4_provincial_road_length_2024; source_var=555; source_period=2024; source_geography=1306:Kab. Padang Pariaman; transform=sum_turvar_ids; source_components=908:72.22|909:5.4|910:3.4|911:15.66; source_universe=Provincial-authority roads represented by four condition categories; qualification=Sum of good medium damaged and heavily damaged provincial-road lengths;
bpsm4obs_bf205d3ccbb4e95d2e09c951,household_expenditure_per_capita_monthly,idn.13.1312,2024-01-01,2024-12-31,annual_or_survey,1307330,rupiah_per_person_month,observed,bpsm4prov_e1033999b00eb0865d520df1,false,true,susenas_total_monthly_expenditure,nominal_2024,series_id=m4_expenditure_2024; source_var=492; source_period=2024; source_geography=1312:Kab. Pasaman Barat; transform=identity; source_value=1307330; selected_turvar=880; source_universe=Persons represented by the Susenas household expenditure aggregate; qualification=Selects total food plus non-food expenditure turvar 880;
bpsm4obs_bf56e2cb72efde845dd036e2,internet_access,idn.13.1306,2025-01-01,2025-12-31,annual,74.52,percent,observed,bpsm4prov_ae16dfdec8b9dbf58400b495,false,true,susenas_internet_3month,,series_id=m4_internet_2025; source_var=320; source_period=2025; source_geography=1306:Kab. Padang Pariaman; transform=identity; source_value=74.52; selected_turvar=595; source_universe=Persons age 5+ who accessed the internet in the previous 3 months; qualification=Selects BPS turvar 595 Pernah Mengakses Internet;
bpsm4obs_c04965f7129c8366b4b64414,large_medium_industry_employment,idn.13.1306,2022-01-01,2022-12-31,annual,2236,persons,observed,bpsm4prov_95e85bf46c862d5e02d02b71,false,true,bps_annual_large_medium_industry_survey,,series_id=m4_large_medium_industry_employment_2022; source_var=773; source_period=2022; source_geography=1306:Kab.Padang Pariaman; transform=identity; source_value=2236; selected_turvar=1241; source_universe=Workers in large and medium industrial establishments; qualification=Kepulauan Mentawai 1301 is absent from the source table and remains missing rather than being imputed as zero; source_geography_1301_Kepulauan_Mentawai_absent_not_zero_imputed;
bpsm4obs_c108107b36446e5b4f015421,dependency_ratio,idn.13.1309,2025-01-01,2025-12-31,census_or_survey,47.51,dependents_per_100_working_age,observed,bpsm4prov_6b57e3f09f8c6ee54b7243b3,false,true,supas2025_dependency_ratio,,series_id=m4_dependency_2025; source_var=875; source_period=2025; source_geography=1309:Kab. Pasaman; transform=identity; source_value=47.51; selected_turvar=0; source_universe=Population age 0 to 14 plus 65+ relative to age 15 to 64; qualification=Canonical unit follows the official BPS dependency-ratio definition;
bpsm4obs_c22a425dac6afdc9fed6b840,food_inadequacy_prevalence,idn.13.1375,2024-01-01,2024-12-31,annual,7.35,percent,observed,bpsm4prov_a81da9a3ad0b58fa3febccb0,false,true,bps_food_inadequacy,,series_id=m4_food_inadequacy_2024; source_var=760; source_period=2024; source_geography=1375:Kota Bukittinggi; transform=identity; source_value=7.35; selected_turvar=0; source_universe=Population under the official food-inadequacy estimation methodology; qualification=Retain source methodology and do not reinterpret as observed calorie intake for individuals;
bpsm4obs_c22ebe836ebb5f95957239bb,dependency_ratio,idn.13.1305,2025-01-01,2025-12-31,census_or_survey,47.89,dependents_per_100_working_age,observed,bpsm4prov_6b57e3f09f8c6ee54b7243b3,false,true,supas2025_dependency_ratio,,series_id=m4_dependency_2025; source_var=875; source_period=2025; source_geography=1305:Kab. Tanah Datar; transform=identity; source_value=47.89; selected_turvar=0; source_universe=Population age 0 to 14 plus 65+ relative to age 15 to 64; qualification=Canonical unit follows the official BPS dependency-ratio definition;
bpsm4obs_c33fe296c35685fe71f4b258,mobile_phone_use,idn.13.1312,2025-01-01,2025-12-31,annual,82,percent,observed,bpsm4prov_87a8c749f76d1accba7eea4a,false,true,susenas_mobile_3month,,series_id=m4_mobile_2025; source_var=319; source_period=2025; source_geography=1312:Kab. Pasaman Barat; transform=identity; source_value=82; selected_turvar=34; source_universe=Persons age 5+ using a mobile phone in the previous 3 months; qualification=Selects combined male and female category turvar 34;
bpsm4obs_c3c659582173dfa4bb341a5b,large_medium_industry_employment,idn.13.1312,2022-01-01,2022-12-31,annual,1827,persons,observed,bpsm4prov_95e85bf46c862d5e02d02b71,false,true,bps_annual_large_medium_industry_survey,,series_id=m4_large_medium_industry_employment_2022; source_var=773; source_period=2022; source_geography=1312:Kab.Pasaman Barat; transform=identity; source_value=1827; selected_turvar=1241; source_universe=Workers in large and medium industrial establishments; qualification=Kepulauan Mentawai 1301 is absent from the source table and remains missing rather than being imputed as zero; source_geography_1301_Kepulauan_Mentawai_absent_not_zero_imputed;
bpsm4obs_c565a3c61d0b4baacb535a55,infant_mortality_rate,idn.13.1373,2025-01-01,2025-12-31,census_or_survey,17.96,per_1000_live_births,observed,bpsm4prov_6bf49de3e81a23c25397ec47,false,true,supas2025_imr,,series_id=m4_imr_2025; source_var=877; source_period=2025; source_geography=1373:Kota Sawahlunto; transform=identity; source_value=17.96; selected_turvar=0; source_universe=Children under age one under the official SUPAS mortality estimation definition; qualification=API unit metadata is blank; canonical unit is qualified from the official BPS IMR definition;
bpsm4obs_c58eb1dbe5fd0ea5b2a177cd,domestic_investment_realization,idn.13.1376,2024-01-01,2024-12-31,annual,85806.19,million_rupiah,observed,bpsm4prov_562d86f57441beb695cb64bb,false,true,bps_pmdn_additional_investment,nominal_2024,series_id=m4_pmdn_2024; source_var=727; source_period=2024; source_geography=1376:Kota Payakumbuh; transform=identity; source_value=85806.19; selected_turvar=1175; source_universe=Realized PMDN projects under the official investment reporting system; qualification=Selects Tambahan Investasi rather than project or employment counts;
bpsm4obs_c590496d6b6887c39ca3fd30,foreign_investment_realization,idn.13.1305,2024-01-01,2024-12-31,annual,353.08,million_rupiah,observed,bpsm4prov_df1ae195f815d526db816be2,false,true,bps_pma_additional_investment,nominal_2024,series_id=m4_pma_2024; source_var=729; source_period=2024; source_geography=1305:Kab. Tanah Datar; transform=identity; source_value=353.08; selected_turvar=1179; source_universe=Realized PMA projects under the official investment reporting system; qualification=Selects Tambahan Investasi rather than project or employment counts;
bpsm4obs_c5e96bccada710c0401ad228,average_employee_wage,idn.13.1305,2024-08-01,2024-08-31,annual,2539714,rupiah_per_month,observed,bpsm4prov_513dba76f70cbe416f6ed30c,false,true,sakernas_august_net_wage,nominal_2024,series_id=m4_wage_2024; source_var=289; source_period=2024; source_geography=1305:Kab. Tanah Datar; transform=identity; source_value=2539714; selected_turvar=0; source_universe=Employees or wage workers under Sakernas August; qualification=Source note explicitly identifies Sakernas August and average net monthly wage salary;
bpsm4obs_c6193fb74674de3c3b2da464,total_fertility_rate,idn.13.1308,2025-01-01,2025-12-31,census_or_survey,2.38,births_per_woman,observed,bpsm4prov_cad0406a0cd9b500ac2914ed,false,true,supas2025_tfr,,series_id=m4_tfr_2025; source_var=876; source_period=2025; source_geography=1308:Kab. Lima Puluh Kota; transform=identity; source_value=2.38; selected_turvar=0; source_universe=Women under the official BPS age-specific fertility estimation schedule; qualification=Canonical unit follows the official BPS TFR definition;
bpsm4obs_c6cbe0e013be5ff9b29d701c,internet_access,idn.13.1376,2025-01-01,2025-12-31,annual,88.15,percent,observed,bpsm4prov_ae16dfdec8b9dbf58400b495,false,true,susenas_internet_3month,,series_id=m4_internet_2025; source_var=320; source_period=2025; source_geography=1376:Kota Payakumbuh; transform=identity; source_value=88.15; selected_turvar=595; source_universe=Persons age 5+ who accessed the internet in the previous 3 months; qualification=Selects BPS turvar 595 Pernah Mengakses Internet;
bpsm4obs_c6cd1f152b5a6724391072e6,food_inadequacy_prevalence,idn.13.1304,2024-01-01,2024-12-31,annual,8.67,percent,observed,bpsm4prov_a81da9a3ad0b58fa3febccb0,false,true,bps_food_inadequacy,,series_id=m4_food_inadequacy_2024; source_var=760; source_period=2024; source_geography=1304:Kab. Sijunjung; transform=identity; source_value=8.67; selected_turvar=0; source_universe=Population under the official food-inadequacy estimation methodology; qualification=Retain source methodology and do not reinterpret as observed calorie intake for individuals;
bpsm4obs_c6ebfdf4d15341c64e1cb04d,neet_rate,idn.13.1302,2025-01-01,2025-12-31,annual,23.84,percent,observed,bpsm4prov_3ee4f2abc7a9db17db23dd1f,false,true,sakernas_neet_15_24,,series_id=m4_neet_2025; source_var=774; source_period=2025; source_geography=1302:Kab. Pesisir Selatan; transform=identity; source_value=23.84; selected_turvar=0; source_universe=People age 15 to 24 not in employment education or training; qualification=Source is BPS Sakernas; no exact within-year reference month is inferred from current API metadata;
bpsm4obs_c7699c037b563ceebb8c102b,domestic_investment_realization,idn.13.1374,2024-01-01,2024-12-31,annual,21500.14,million_rupiah,observed,bpsm4prov_562d86f57441beb695cb64bb,false,true,bps_pmdn_additional_investment,nominal_2024,series_id=m4_pmdn_2024; source_var=727; source_period=2024; source_geography=1374:Kota Padang Panjang; transform=identity; source_value=21500.14; selected_turvar=1175; source_universe=Realized PMDN projects under the official investment reporting system; qualification=Selects Tambahan Investasi rather than project or employment counts;
bpsm4obs_c7b0a0ae5ac7324895826ce2,mobile_phone_use,idn.13.1307,2025-01-01,2025-12-31,annual,86.57,percent,observed,bpsm4prov_87a8c749f76d1accba7eea4a,false,true,susenas_mobile_3month,,series_id=m4_mobile_2025; source_var=319; source_period=2025; source_geography=1307:Kab. Agam; transform=identity; source_value=86.57; selected_turvar=34; source_universe=Persons age 5+ using a mobile phone in the previous 3 months; qualification=Selects combined male and female category turvar 34;
bpsm4obs_c7d5d5c710e2edb2dddb1d51,large_medium_industry_employment,idn.13.1371,2022-01-01,2022-12-31,annual,7231,persons,observed,bpsm4prov_95e85bf46c862d5e02d02b71,false,true,bps_annual_large_medium_industry_survey,,series_id=m4_large_medium_industry_employment_2022; source_var=773; source_period=2022; source_geography=1371:Kota Padang; transform=identity; source_value=7231; selected_turvar=1241; source_universe=Workers in large and medium industrial establishments; qualification=Kepulauan Mentawai 1301 is absent from the source table and remains missing rather than being imputed as zero; source_geography_1301_Kepulauan_Mentawai_absent_not_zero_imputed;
bpsm4obs_c85c8e2886dc4b512d5e6ad0,food_inadequacy_prevalence,idn.13.1311,2024-01-01,2024-12-31,annual,7.51,percent,observed,bpsm4prov_a81da9a3ad0b58fa3febccb0,false,true,bps_food_inadequacy,,series_id=m4_food_inadequacy_2024; source_var=760; source_period=2024; source_geography=1311:Kab. Dharmasraya; transform=identity; source_value=7.51; selected_turvar=0; source_universe=Population under the official food-inadequacy estimation methodology; qualification=Retain source methodology and do not reinterpret as observed calorie intake for individuals;
bpsm4obs_c92642c12bfcb750558f9446,household_expenditure_per_capita_monthly,idn.13.1306,2024-01-01,2024-12-31,annual_or_survey,1317747,rupiah_per_person_month,observed,bpsm4prov_e1033999b00eb0865d520df1,false,true,susenas_total_monthly_expenditure,nominal_2024,series_id=m4_expenditure_2024; source_var=492; source_period=2024; source_geography=1306:Kab. Padang Pariaman; transform=identity; source_value=1317747; selected_turvar=880; source_universe=Persons represented by the Susenas household expenditure aggregate; qualification=Selects total food plus non-food expenditure turvar 880;
bpsm4obs_c9ee37ef293d5950ce24cf02,household_expenditure_per_capita_monthly,idn.13.1372,2024-01-01,2024-12-31,annual_or_survey,1638899,rupiah_per_person_month,observed,bpsm4prov_e1033999b00eb0865d520df1,false,true,susenas_total_monthly_expenditure,nominal_2024,series_id=m4_expenditure_2024; source_var=492; source_period=2024; source_geography=1372:Kota Solok; transform=identity; source_value=1638899; selected_turvar=880; source_universe=Persons represented by the Susenas household expenditure aggregate; qualification=Selects total food plus non-food expenditure turvar 880;
bpsm4obs_ca5f013ce7975c7de5b23933,infant_mortality_rate,idn.13.1301,2025-01-01,2025-12-31,census_or_survey,24.7,per_1000_live_births,observed,bpsm4prov_6bf49de3e81a23c25397ec47,false,true,supas2025_imr,,series_id=m4_imr_2025; source_var=877; source_period=2025; source_geography=1301:Kab. Kepulauan Mentawai; transform=identity; source_value=24.7; selected_turvar=0; source_universe=Children under age one under the official SUPAS mortality estimation definition; qualification=API unit metadata is blank; canonical unit is qualified from the official BPS IMR definition;
bpsm4obs_cba281c9a55afd2128f4de80,average_employee_wage,idn.13.1371,2024-08-01,2024-08-31,annual,3226305,rupiah_per_month,observed,bpsm4prov_513dba76f70cbe416f6ed30c,false,true,sakernas_august_net_wage,nominal_2024,series_id=m4_wage_2024; source_var=289; source_period=2024; source_geography=1371:Kota Padang; transform=identity; source_value=3226305; selected_turvar=0; source_universe=Employees or wage workers under Sakernas August; qualification=Source note explicitly identifies Sakernas August and average net monthly wage salary;
bpsm4obs_cbe3a3b5979dddd7728fe5ad,employed_population,idn.13.1303,2025-08-01,2025-08-31,annual,231896,persons,observed,bpsm4prov_c3fb155f6c559283a1539940,false,true,sakernas_august_employed,,series_id=m4_employed_2025; source_var=473; source_period=2025; source_geography=1303:Kab. Solok; transform=identity; source_value=231896; selected_turvar=842; source_universe=Population age 15+ classified as employed; qualification=Source note explicitly identifies Sakernas August;
bpsm4obs_cc69d4309a84fb95aa9fb9b1,average_employee_wage,idn.13.1303,2024-08-01,2024-08-31,annual,2314010,rupiah_per_month,observed,bpsm4prov_513dba76f70cbe416f6ed30c,false,true,sakernas_august_net_wage,nominal_2024,series_id=m4_wage_2024; source_var=289; source_period=2024; source_geography=1303:Kab. Solok; transform=identity; source_value=2314010; selected_turvar=0; source_universe=Employees or wage workers under Sakernas August; qualification=Source note explicitly identifies Sakernas August and average net monthly wage salary;
bpsm4obs_cc712090d9e33c14f2bba366,neet_rate,idn.13.1306,2025-01-01,2025-12-31,annual,17.45,percent,observed,bpsm4prov_3ee4f2abc7a9db17db23dd1f,false,true,sakernas_neet_15_24,,series_id=m4_neet_2025; source_var=774; source_period=2025; source_geography=1306:Kab. Padang Pariaman; transform=identity; source_value=17.45; selected_turvar=0; source_universe=People age 15 to 24 not in employment education or training; qualification=Source is BPS Sakernas; no exact within-year reference month is inferred from current API metadata;
bpsm4obs_cc8d0bf1f12775888806f859,food_inadequacy_prevalence,idn.13.1301,2024-01-01,2024-12-31,annual,9.31,percent,observed,bpsm4prov_a81da9a3ad0b58fa3febccb0,false,true,bps_food_inadequacy,,series_id=m4_food_inadequacy_2024; source_var=760; source_period=2024; source_geography=1301:Kab. Kepulauan Mentawai; transform=identity; source_value=9.31; selected_turvar=0; source_universe=Population under the official food-inadequacy estimation methodology; qualification=Retain source methodology and do not reinterpret as observed calorie intake for individuals;
bpsm4obs_ccb95339951f883da9265922,under_five_mortality_rate,idn.13.1377,2025-01-01,2025-12-31,census_or_survey,16.83,per_1000_live_births,observed,bpsm4prov_11159d80c18e32d8b4f871df,false,true,supas2025_u5mr,,series_id=m4_u5mr_2025; source_var=879; source_period=2025; source_geography=1377:Kota Pariaman; transform=identity; source_value=16.83; selected_turvar=0; source_universe=Children before age five under the official SUPAS mortality estimation definition; qualification=API unit metadata is blank; retain exact SUPAS U5MR methodology in provenance;
bpsm4obs_cdc4dce6a769d0ecc67870a5,neet_rate,idn.13.1372,2025-01-01,2025-12-31,annual,21.06,percent,observed,bpsm4prov_3ee4f2abc7a9db17db23dd1f,false,true,sakernas_neet_15_24,,series_id=m4_neet_2025; source_var=774; source_period=2025; source_geography=1372:Kota Solok; transform=identity; source_value=21.06; selected_turvar=0; source_universe=People age 15 to 24 not in employment education or training; qualification=Source is BPS Sakernas; no exact within-year reference month is inferred from current API metadata;
bpsm4obs_ce1080805f185a52fc2aad9e,provincial_road_length,idn.13.1310,2024-01-01,2024-12-31,annual,94,kilometres,derived,bpsm4prov_e45b125b514491799bcd91c2,false,true,bps_provincial_road_condition,,series_id=m4_provincial_road_length_2024; source_var=555; source_period=2024; source_geography=1310:Kab. Solok Selatan; transform=sum_turvar_ids; source_components=908:40.5|909:10.2|910:5.9|911:37.4; source_universe=Provincial-authority roads represented by four condition categories; qualification=Sum of good medium damaged and heavily damaged provincial-road lengths;
bpsm4obs_cfdf28141476ffe05b0910bd,neet_rate,idn.13.1375,2025-01-01,2025-12-31,annual,11.28,percent,observed,bpsm4prov_3ee4f2abc7a9db17db23dd1f,false,true,sakernas_neet_15_24,,series_id=m4_neet_2025; source_var=774; source_period=2025; source_geography=1375:Kota Bukittinggi; transform=identity; source_value=11.28; selected_turvar=0; source_universe=People age 15 to 24 not in employment education or training; qualification=Source is BPS Sakernas; no exact within-year reference month is inferred from current API metadata;
bpsm4obs_d07e56446bebde1ae3a035d4,mobile_phone_use,idn.13.1371,2025-01-01,2025-12-31,annual,94.36,percent,observed,bpsm4prov_87a8c749f76d1accba7eea4a,false,true,susenas_mobile_3month,,series_id=m4_mobile_2025; source_var=319; source_period=2025; source_geography=1371:Kota Padang; transform=identity; source_value=94.36; selected_turvar=34; source_universe=Persons age 5+ using a mobile phone in the previous 3 months; qualification=Selects combined male and female category turvar 34;
bpsm4obs_d266cd00d67a6e5c8e5d504a,urban_population_share,idn.13.1373,2020-01-01,2020-12-31,annual,73.18,percent,model_estimate,bpsm4prov_1212b1534732c5a2edae043f,false,true,bps_projection_sp2010,,series_id=m4_urban_share_2020; source_var=512; source_period=2020; source_geography=1373:Kota Sawahlunto; transform=identity; source_value=73.18; selected_turvar=0; source_universe=Population classified urban in the BPS SP2010-based population projection; qualification=Projection source is explicit so claim type remains model_estimate;
bpsm4obs_d433c2cab59ebf205439df1c,unemployed_population,idn.13.1372,2025-08-01,2025-08-31,annual,1626,persons,observed,bpsm4prov_c3fb155f6c559283a1539940,false,true,sakernas_august_unemployed,,series_id=m4_unemployed_2025; source_var=473; source_period=2025; source_geography=1372:Kota Solok; transform=identity; source_value=1626; selected_turvar=843; source_universe=Population age 15+ classified as openly unemployed; qualification=Source note explicitly identifies Sakernas August;
bpsm4obs_d45f176537cd721f93aab882,total_fertility_rate,idn.13.1376,2025-01-01,2025-12-31,census_or_survey,2.33,births_per_woman,observed,bpsm4prov_cad0406a0cd9b500ac2914ed,false,true,supas2025_tfr,,series_id=m4_tfr_2025; source_var=876; source_period=2025; source_geography=1376:Kota Payakumbuh; transform=identity; source_value=2.33; selected_turvar=0; source_universe=Women under the official BPS age-specific fertility estimation schedule; qualification=Canonical unit follows the official BPS TFR definition;
bpsm4obs_d4cae98e7679b13fc583658d,large_medium_industry_employment,idn.13.1311,2022-01-01,2022-12-31,annual,1310,persons,observed,bpsm4prov_95e85bf46c862d5e02d02b71,false,true,bps_annual_large_medium_industry_survey,,series_id=m4_large_medium_industry_employment_2022; source_var=773; source_period=2022; source_geography=1311:Kab.Dharmasraya; transform=identity; source_value=1310; selected_turvar=1241; source_universe=Workers in large and medium industrial establishments; qualification=Kepulauan Mentawai 1301 is absent from the source table and remains missing rather than being imputed as zero; source_geography_1301_Kepulauan_Mentawai_absent_not_zero_imputed;
bpsm4obs_d4cbc8ca0d7e01d4aa1f5763,child_mortality_rate,idn.13.1307,2025-01-01,2025-12-31,census_or_survey,2.26,per_1000_live_births,observed,bpsm4prov_e1c5940c862b82de962fe727,false,true,supas2025_cmr,,series_id=m4_cmr_2025; source_var=878; source_period=2025; source_geography=1307:Kab. Agam; transform=identity; source_value=2.26; selected_turvar=0; source_universe=Children age 1 to 4 under the official SUPAS mortality estimation definition; qualification=API unit metadata is blank; retain exact SUPAS CMR methodology in provenance;
bpsm4obs_d4d26e75a207bc50b9b3482a,internet_access,idn.13.1308,2025-01-01,2025-12-31,annual,77.16,percent,observed,bpsm4prov_ae16dfdec8b9dbf58400b495,false,true,susenas_internet_3month,,series_id=m4_internet_2025; source_var=320; source_period=2025; source_geography=1308:Kab. Lima Puluh Kota; transform=identity; source_value=77.16; selected_turvar=595; source_universe=Persons age 5+ who accessed the internet in the previous 3 months; qualification=Selects BPS turvar 595 Pernah Mengakses Internet;
bpsm4obs_d5e9dcae2585870ba7d9fdd5,neet_rate,idn.13.1312,2025-01-01,2025-12-31,annual,26.45,percent,observed,bpsm4prov_3ee4f2abc7a9db17db23dd1f,false,true,sakernas_neet_15_24,,series_id=m4_neet_2025; source_var=774; source_period=2025; source_geography=1312:Kab. Pasaman Barat; transform=identity; source_value=26.45; selected_turvar=0; source_universe=People age 15 to 24 not in employment education or training; qualification=Source is BPS Sakernas; no exact within-year reference month is inferred from current API metadata;
bpsm4obs_d6468f84d45582988664428b,employed_population,idn.13.1371,2025-08-01,2025-08-31,annual,445778,persons,observed,bpsm4prov_c3fb155f6c559283a1539940,false,true,sakernas_august_employed,,series_id=m4_employed_2025; source_var=473; source_period=2025; source_geography=1371:Kota Padang; transform=identity; source_value=445778; selected_turvar=842; source_universe=Population age 15+ classified as employed; qualification=Source note explicitly identifies Sakernas August;
bpsm4obs_d648e553c854eeb32ca07a5a,road_condition_good,idn.13.1303,2024-01-01,2024-12-31,annual,51.678695,percent,derived,bpsm4prov_e45b125b514491799bcd91c2,false,true,bps_provincial_road_condition,,series_id=m4_road_good_2024; source_var=555; source_period=2024; source_geography=1303:Kab. Solok; transform=share_selected_over_sum_turvar_ids; numerator=908:98.82; denominator_components=908:98.82|909:19.55|910:13.5|911:59.35; source_universe=Provincial-authority road length classified by condition; qualification=Good-condition km divided by total km across good medium damaged and heavily damaged categories;
bpsm4obs_d73eac6472f91362ddf6ad39,average_employee_wage,idn.13.1302,2024-08-01,2024-08-31,annual,2381367,rupiah_per_month,observed,bpsm4prov_513dba76f70cbe416f6ed30c,false,true,sakernas_august_net_wage,nominal_2024,series_id=m4_wage_2024; source_var=289; source_period=2024; source_geography=1302:Kab. Pesisir Selatan; transform=identity; source_value=2381367; selected_turvar=0; source_universe=Employees or wage workers under Sakernas August; qualification=Source note explicitly identifies Sakernas August and average net monthly wage salary;
bpsm4obs_d763a98ae8af8f1024bc4026,foreign_investment_realization,idn.13.1306,2024-01-01,2024-12-31,annual,837.05,million_rupiah,observed,bpsm4prov_df1ae195f815d526db816be2,false,true,bps_pma_additional_investment,nominal_2024,series_id=m4_pma_2024; source_var=729; source_period=2024; source_geography=1306:Kab. Padang Pariaman; transform=identity; source_value=837.05; selected_turvar=1179; source_universe=Realized PMA projects under the official investment reporting system; qualification=Selects Tambahan Investasi rather than project or employment counts;
bpsm4obs_d882fd2ea29ad665cc046ee2,infant_mortality_rate,idn.13.1304,2025-01-01,2025-12-31,census_or_survey,20.56,per_1000_live_births,observed,bpsm4prov_6bf49de3e81a23c25397ec47,false,true,supas2025_imr,,series_id=m4_imr_2025; source_var=877; source_period=2025; source_geography=1304:Kab. Sijunjung; transform=identity; source_value=20.56; selected_turvar=0; source_universe=Children under age one under the official SUPAS mortality estimation definition; qualification=API unit metadata is blank; canonical unit is qualified from the official BPS IMR definition;
bpsm4obs_d923f91f75b2ade3a8986125,child_mortality_rate,idn.13.1308,2025-01-01,2025-12-31,census_or_survey,3.31,per_1000_live_births,observed,bpsm4prov_e1c5940c862b82de962fe727,false,true,supas2025_cmr,,series_id=m4_cmr_2025; source_var=878; source_period=2025; source_geography=1308:Kab. Lima Puluh Kota; transform=identity; source_value=3.31; selected_turvar=0; source_universe=Children age 1 to 4 under the official SUPAS mortality estimation definition; qualification=API unit metadata is blank; retain exact SUPAS CMR methodology in provenance;
bpsm4obs_d963672476c506deb3e89ab9,labor_force_count,idn.13.1374,2025-08-01,2025-08-31,annual,30900,persons,observed,bpsm4prov_c3fb155f6c559283a1539940,false,true,sakernas_august_labor_force,,series_id=m4_labor_force_2025; source_var=473; source_period=2025; source_geography=1374:Kota Padang Panjang; transform=identity; source_value=30900; selected_turvar=844; source_universe=Population age 15+ in the labor force; qualification=Source note explicitly identifies Sakernas August;
bpsm4obs_db714e6777d0fd8e44d7933a,domestic_investment_realization,idn.13.1308,2024-01-01,2024-12-31,annual,201961.16,million_rupiah,observed,bpsm4prov_562d86f57441beb695cb64bb,false,true,bps_pmdn_additional_investment,nominal_2024,series_id=m4_pmdn_2024; source_var=727; source_period=2024; source_geography=1308:Kab. Lima Puluh Kota; transform=identity; source_value=201961.16; selected_turvar=1175; source_universe=Realized PMDN projects under the official investment reporting system; qualification=Selects Tambahan Investasi rather than project or employment counts;
bpsm4obs_dbc8371c1ad5da4651f8917c,employed_population,idn.13.1302,2025-08-01,2025-08-31,annual,272268,persons,observed,bpsm4prov_c3fb155f6c559283a1539940,false,true,sakernas_august_employed,,series_id=m4_employed_2025; source_var=473; source_period=2025; source_geography=1302:Kab. Pesisir Selatan; transform=identity; source_value=272268; selected_turvar=842; source_universe=Population age 15+ classified as employed; qualification=Source note explicitly identifies Sakernas August;
bpsm4obs_dbd74f3fdb5cfe1826ea4a4c,average_employee_wage,idn.13.1310,2024-08-01,2024-08-31,annual,3052717,rupiah_per_month,observed,bpsm4prov_513dba76f70cbe416f6ed30c,false,true,sakernas_august_net_wage,nominal_2024,series_id=m4_wage_2024; source_var=289; source_period=2024; source_geography=1310:Kab. Solok Selatan; transform=identity; source_value=3052717; selected_turvar=0; source_universe=Employees or wage workers under Sakernas August; qualification=Source note explicitly identifies Sakernas August and average net monthly wage salary;
bpsm4obs_dbecafbed4bdb90e88858936,provincial_road_length,idn.13.1308,2024-01-01,2024-12-31,annual,183.17,kilometres,derived,bpsm4prov_e45b125b514491799bcd91c2,false,true,bps_provincial_road_condition,,series_id=m4_provincial_road_length_2024; source_var=555; source_period=2024; source_geography=1308:Kab. Lima Puluh Kota; transform=sum_turvar_ids; source_components=908:115.9|909:16.15|910:12.04|911:39.08; source_universe=Provincial-authority roads represented by four condition categories; qualification=Sum of good medium damaged and heavily damaged provincial-road lengths;
bpsm4obs_ddb97a5086c67572fbfa8aa6,internet_access,idn.13.1375,2025-01-01,2025-12-31,annual,89.48,percent,observed,bpsm4prov_ae16dfdec8b9dbf58400b495,false,true,susenas_internet_3month,,series_id=m4_internet_2025; source_var=320; source_period=2025; source_geography=1375:Kota Bukittinggi; transform=identity; source_value=89.48; selected_turvar=595; source_universe=Persons age 5+ who accessed the internet in the previous 3 months; qualification=Selects BPS turvar 595 Pernah Mengakses Internet;
bpsm4obs_ddbb4f5b0abbc78a68a12668,average_employee_wage,idn.13.1376,2024-08-01,2024-08-31,annual,2934764,rupiah_per_month,observed,bpsm4prov_513dba76f70cbe416f6ed30c,false,true,sakernas_august_net_wage,nominal_2024,series_id=m4_wage_2024; source_var=289; source_period=2024; source_geography=1376:Kota Payakumbuh; transform=identity; source_value=2934764; selected_turvar=0; source_universe=Employees or wage workers under Sakernas August; qualification=Source note explicitly identifies Sakernas August and average net monthly wage salary;
bpsm4obs_dddfa2beafeac2923b82f510,net_migration_rate,idn.13.1310,2025-01-01,2025-12-31,census_or_survey,35.8,per_1000,derived,bpsm4prov_558e401d7c68a9be65a79899,false,true,supas2025_recent_migration,,series_id=m4_net_migration_2025; source_var=883; source_period=2025; source_geography=1310:Kab. Solok Selatan; transform=multiply_10; source_value_per_100=3.58; selected_turvar=1475; multiplier=10; source_universe=Population covered by the SUPAS recent-migration definition; qualification=Source publishes recent net migration per 100 population; canonical value converts deterministically to per 1000;
bpsm4obs_dfb8c94b0631bcd50f3cf372,average_employee_wage,idn.13.1311,2024-08-01,2024-08-31,annual,2651515,rupiah_per_month,observed,bpsm4prov_513dba76f70cbe416f6ed30c,false,true,sakernas_august_net_wage,nominal_2024,series_id=m4_wage_2024; source_var=289; source_period=2024; source_geography=1311:Kab. Dharmasraya; transform=identity; source_value=2651515; selected_turvar=0; source_universe=Employees or wage workers under Sakernas August; qualification=Source note explicitly identifies Sakernas August and average net monthly wage salary;
bpsm4obs_e0acc2b9ef97ce0b014c6bde,road_condition_good,idn.13.1311,2024-01-01,2024-12-31,annual,60.446509,percent,derived,bpsm4prov_e45b125b514491799bcd91c2,false,true,bps_provincial_road_condition,,series_id=m4_road_good_2024; source_var=555; source_period=2024; source_geography=1311:Kab. Dharmasraya; transform=share_selected_over_sum_turvar_ids; numerator=908:93.68; denominator_components=908:93.68|909:20.8|910:18.2|911:22.3; source_universe=Provincial-authority road length classified by condition; qualification=Good-condition km divided by total km across good medium damaged and heavily damaged categories;
bpsm4obs_e238f68586fd327e7078a6c8,elderly_population_share,idn.13.1377,2025-01-01,2025-12-31,census_or_survey,11.86,percent,observed,bpsm4prov_e0534872b73e7b7566696b9e,false,true,supas2025_elderly_share,,series_id=m4_elderly_2025; source_var=884; source_period=2025; source_geography=1377:Kota Pariaman; transform=identity; source_value=11.86; selected_turvar=0; source_universe=Population classified as elderly under the SUPAS definition; qualification=Preserve the official source age threshold and survey methodology;
bpsm4obs_e28ed929e63ff5908a26241f,under_five_mortality_rate,idn.13.1302,2025-01-01,2025-12-31,census_or_survey,18.79,per_1000_live_births,observed,bpsm4prov_11159d80c18e32d8b4f871df,false,true,supas2025_u5mr,,series_id=m4_u5mr_2025; source_var=879; source_period=2025; source_geography=1302:Kab. Pesisir Selatan; transform=identity; source_value=18.79; selected_turvar=0; source_universe=Children before age five under the official SUPAS mortality estimation definition; qualification=API unit metadata is blank; retain exact SUPAS U5MR methodology in provenance;
bpsm4obs_e2f70760fb1ef493337fefb3,average_employee_wage,idn.13.1372,2024-08-01,2024-08-31,annual,3314700,rupiah_per_month,observed,bpsm4prov_513dba76f70cbe416f6ed30c,false,true,sakernas_august_net_wage,nominal_2024,series_id=m4_wage_2024; source_var=289; source_period=2024; source_geography=1372:Kota Solok; transform=identity; source_value=3314700; selected_turvar=0; source_universe=Employees or wage workers under Sakernas August; qualification=Source note explicitly identifies Sakernas August and average net monthly wage salary;
bpsm4obs_e52f0fe5875ded91fb478251,neet_rate,idn.13.1376,2025-01-01,2025-12-31,annual,16.34,percent,observed,bpsm4prov_3ee4f2abc7a9db17db23dd1f,false,true,sakernas_neet_15_24,,series_id=m4_neet_2025; source_var=774; source_period=2025; source_geography=1376:Kota Payakumbuh; transform=identity; source_value=16.34; selected_turvar=0; source_universe=People age 15 to 24 not in employment education or training; qualification=Source is BPS Sakernas; no exact within-year reference month is inferred from current API metadata;
bpsm4obs_e5310b5aba95a1809a7d5911,dependency_ratio,idn.13.1376,2025-01-01,2025-12-31,census_or_survey,48.1,dependents_per_100_working_age,observed,bpsm4prov_6b57e3f09f8c6ee54b7243b3,false,true,supas2025_dependency_ratio,,series_id=m4_dependency_2025; source_var=875; source_period=2025; source_geography=1376:Kota Payakumbuh; transform=identity; source_value=48.1; selected_turvar=0; source_universe=Population age 0 to 14 plus 65+ relative to age 15 to 64; qualification=Canonical unit follows the official BPS dependency-ratio definition;
bpsm4obs_e57c40d922a6721e7536018d,urban_population_share,idn.13.1309,2020-01-01,2020-12-31,annual,23.69,percent,model_estimate,bpsm4prov_1212b1534732c5a2edae043f,false,true,bps_projection_sp2010,,series_id=m4_urban_share_2020; source_var=512; source_period=2020; source_geography=1309:Kab. Pasaman; transform=identity; source_value=23.69; selected_turvar=0; source_universe=Population classified urban in the BPS SP2010-based population projection; qualification=Projection source is explicit so claim type remains model_estimate;
bpsm4obs_e6432bb0466f0965874298ae,urban_population_share,idn.13.1302,2020-01-01,2020-12-31,annual,20.79,percent,model_estimate,bpsm4prov_1212b1534732c5a2edae043f,false,true,bps_projection_sp2010,,series_id=m4_urban_share_2020; source_var=512; source_period=2020; source_geography=1302:Kab. Pesisir Selatan; transform=identity; source_value=20.79; selected_turvar=0; source_universe=Population classified urban in the BPS SP2010-based population projection; qualification=Projection source is explicit so claim type remains model_estimate;
bpsm4obs_e69d19462dcffacef502c378,household_expenditure_per_capita_monthly,idn.13.1377,2024-01-01,2024-12-31,annual_or_survey,1540189,rupiah_per_person_month,observed,bpsm4prov_e1033999b00eb0865d520df1,false,true,susenas_total_monthly_expenditure,nominal_2024,series_id=m4_expenditure_2024; source_var=492; source_period=2024; source_geography=1377:Kota Pariaman; transform=identity; source_value=1540189; selected_turvar=880; source_universe=Persons represented by the Susenas household expenditure aggregate; qualification=Selects total food plus non-food expenditure turvar 880;
bpsm4obs_e7f725330fa8cc2277c74c3b,provincial_road_length,idn.13.1303,2024-01-01,2024-12-31,annual,191.22,kilometres,derived,bpsm4prov_e45b125b514491799bcd91c2,false,true,bps_provincial_road_condition,,series_id=m4_provincial_road_length_2024; source_var=555; source_period=2024; source_geography=1303:Kab. Solok; transform=sum_turvar_ids; source_components=908:98.82|909:19.55|910:13.5|911:59.35; source_universe=Provincial-authority roads represented by four condition categories; qualification=Sum of good medium damaged and heavily damaged provincial-road lengths;
bpsm4obs_e8e267bfe0e069a9c5833150,mobile_phone_use,idn.13.1304,2025-01-01,2025-12-31,annual,85.15,percent,observed,bpsm4prov_87a8c749f76d1accba7eea4a,false,true,susenas_mobile_3month,,series_id=m4_mobile_2025; source_var=319; source_period=2025; source_geography=1304:Kab. Sijunjung; transform=identity; source_value=85.15; selected_turvar=34; source_universe=Persons age 5+ using a mobile phone in the previous 3 months; qualification=Selects combined male and female category turvar 34;
bpsm4obs_e97f90ba3cdc07e045453f1f,domestic_investment_realization,idn.13.1303,2024-01-01,2024-12-31,annual,23903.12,million_rupiah,observed,bpsm4prov_562d86f57441beb695cb64bb,false,true,bps_pmdn_additional_investment,nominal_2024,series_id=m4_pmdn_2024; source_var=727; source_period=2024; source_geography=1303:Kab. Solok; transform=identity; source_value=23903.12; selected_turvar=1175; source_universe=Realized PMDN projects under the official investment reporting system; qualification=Selects Tambahan Investasi rather than project or employment counts;
bpsm4obs_e9959f4311ac1712a551b12b,road_condition_good,idn.13.1377,2024-01-01,2024-12-31,annual,75.409836,percent,derived,bpsm4prov_e45b125b514491799bcd91c2,false,true,bps_provincial_road_condition,,series_id=m4_road_good_2024; source_var=555; source_period=2024; source_geography=1377:Kota Pariaman; transform=share_selected_over_sum_turvar_ids; numerator=908:1.84; denominator_components=908:1.84|909:0.3|910:0.3|911:0; source_universe=Provincial-authority road length classified by condition; qualification=Good-condition km divided by total km across good medium damaged and heavily damaged categories;
bpsm4obs_ea0be365be3803c8a6a3a9b0,internet_access,idn.13.1372,2025-01-01,2025-12-31,annual,92.68,percent,observed,bpsm4prov_ae16dfdec8b9dbf58400b495,false,true,susenas_internet_3month,,series_id=m4_internet_2025; source_var=320; source_period=2025; source_geography=1372:Kota Solok; transform=identity; source_value=92.68; selected_turvar=595; source_universe=Persons age 5+ who accessed the internet in the previous 3 months; qualification=Selects BPS turvar 595 Pernah Mengakses Internet;
bpsm4obs_eaa51b0a200faf71ab26efcf,household_expenditure_per_capita_monthly,idn.13.1304,2024-01-01,2024-12-31,annual_or_survey,1343515,rupiah_per_person_month,observed,bpsm4prov_e1033999b00eb0865d520df1,false,true,susenas_total_monthly_expenditure,nominal_2024,series_id=m4_expenditure_2024; source_var=492; source_period=2024; source_geography=1304:Kab. Sijunjung; transform=identity; source_value=1343515; selected_turvar=880; source_universe=Persons represented by the Susenas household expenditure aggregate; qualification=Selects total food plus non-food expenditure turvar 880;
bpsm4obs_eb17a59e49986b100e531c62,internet_access,idn.13.1373,2025-01-01,2025-12-31,annual,82.43,percent,observed,bpsm4prov_ae16dfdec8b9dbf58400b495,false,true,susenas_internet_3month,,series_id=m4_internet_2025; source_var=320; source_period=2025; source_geography=1373:Kota Sawahlunto; transform=identity; source_value=82.43; selected_turvar=595; source_universe=Persons age 5+ who accessed the internet in the previous 3 months; qualification=Selects BPS turvar 595 Pernah Mengakses Internet;
bpsm4obs_eb257c9b9afa450f6f69de5d,net_migration_rate,idn.13.1372,2025-01-01,2025-12-31,census_or_survey,13.6,per_1000,derived,bpsm4prov_558e401d7c68a9be65a79899,false,true,supas2025_recent_migration,,series_id=m4_net_migration_2025; source_var=883; source_period=2025; source_geography=1372:Kota Solok; transform=multiply_10; source_value_per_100=1.36; selected_turvar=1475; multiplier=10; source_universe=Population covered by the SUPAS recent-migration definition; qualification=Source publishes recent net migration per 100 population; canonical value converts deterministically to per 1000;
bpsm4obs_ebf656277fdf7c51c79005d0,elderly_population_share,idn.13.1308,2025-01-01,2025-12-31,census_or_survey,13.7,percent,observed,bpsm4prov_e0534872b73e7b7566696b9e,false,true,supas2025_elderly_share,,series_id=m4_elderly_2025; source_var=884; source_period=2025; source_geography=1308:Kab. Lima Puluh Kota; transform=identity; source_value=13.7; selected_turvar=0; source_universe=Population classified as elderly under the SUPAS definition; qualification=Preserve the official source age threshold and survey methodology;
bpsm4obs_ec34ca3167595a1749da9a7b,urban_population_share,idn.13.1372,2020-01-01,2020-12-31,annual,100,percent,model_estimate,bpsm4prov_1212b1534732c5a2edae043f,false,true,bps_projection_sp2010,,series_id=m4_urban_share_2020; source_var=512; source_period=2020; source_geography=1372:Kota Solok; transform=identity; source_value=100; selected_turvar=0; source_universe=Population classified urban in the BPS SP2010-based population projection; qualification=Projection source is explicit so claim type remains model_estimate;
bpsm4obs_ed13e422bed29355afc76442,under_five_mortality_rate,idn.13.1373,2025-01-01,2025-12-31,census_or_survey,21.08,per_1000_live_births,observed,bpsm4prov_11159d80c18e32d8b4f871df,false,true,supas2025_u5mr,,series_id=m4_u5mr_2025; source_var=879; source_period=2025; source_geography=1373:Kota Sawahlunto; transform=identity; source_value=21.08; selected_turvar=0; source_universe=Children before age five under the official SUPAS mortality estimation definition; qualification=API unit metadata is blank; retain exact SUPAS U5MR methodology in provenance;
bpsm4obs_ed794475144d77a19f84c2a1,total_fertility_rate,idn.13.1309,2025-01-01,2025-12-31,census_or_survey,2.53,births_per_woman,observed,bpsm4prov_cad0406a0cd9b500ac2914ed,false,true,supas2025_tfr,,series_id=m4_tfr_2025; source_var=876; source_period=2025; source_geography=1309:Kab. Pasaman; transform=identity; source_value=2.53; selected_turvar=0; source_universe=Women under the official BPS age-specific fertility estimation schedule; qualification=Canonical unit follows the official BPS TFR definition;
bpsm4obs_ede24d1d9cea4997b594895b,urban_population_share,idn.13.1375,2020-01-01,2020-12-31,annual,100,percent,model_estimate,bpsm4prov_1212b1534732c5a2edae043f,false,true,bps_projection_sp2010,,series_id=m4_urban_share_2020; source_var=512; source_period=2020; source_geography=1375:Kota Bukittinggi; transform=identity; source_value=100; selected_turvar=0; source_universe=Population classified urban in the BPS SP2010-based population projection; qualification=Projection source is explicit so claim type remains model_estimate;
bpsm4obs_ef336be17685b46a4a44f899,large_medium_industry_employment,idn.13.1310,2022-01-01,2022-12-31,annual,590,persons,observed,bpsm4prov_95e85bf46c862d5e02d02b71,false,true,bps_annual_large_medium_industry_survey,,series_id=m4_large_medium_industry_employment_2022; source_var=773; source_period=2022; source_geography=1310:Kab.Solok Selatan; transform=identity; source_value=590; selected_turvar=1241; source_universe=Workers in large and medium industrial establishments; qualification=Kepulauan Mentawai 1301 is absent from the source table and remains missing rather than being imputed as zero; source_geography_1301_Kepulauan_Mentawai_absent_not_zero_imputed;
bpsm4obs_f0c208ce664c572772a688e7,foreign_investment_realization,idn.13.1374,2024-01-01,2024-12-31,annual,0,million_rupiah,observed,bpsm4prov_df1ae195f815d526db816be2,false,true,bps_pma_additional_investment,nominal_2024,series_id=m4_pma_2024; source_var=729; source_period=2024; source_geography=1374:Kota Padang Panjang; transform=identity; source_value=0; selected_turvar=1179; source_universe=Realized PMA projects under the official investment reporting system; qualification=Selects Tambahan Investasi rather than project or employment counts;
bpsm4obs_f2f9796b39fe92e6ce49f0a7,infant_mortality_rate,idn.13.1307,2025-01-01,2025-12-31,census_or_survey,13.75,per_1000_live_births,observed,bpsm4prov_6bf49de3e81a23c25397ec47,false,true,supas2025_imr,,series_id=m4_imr_2025; source_var=877; source_period=2025; source_geography=1307:Kab. Agam; transform=identity; source_value=13.75; selected_turvar=0; source_universe=Children under age one under the official SUPAS mortality estimation definition; qualification=API unit metadata is blank; canonical unit is qualified from the official BPS IMR definition;
bpsm4obs_f34483f939410e86b394265c,infant_mortality_rate,idn.13.1302,2025-01-01,2025-12-31,census_or_survey,16.15,per_1000_live_births,observed,bpsm4prov_6bf49de3e81a23c25397ec47,false,true,supas2025_imr,,series_id=m4_imr_2025; source_var=877; source_period=2025; source_geography=1302:Kab. Pesisir Selatan; transform=identity; source_value=16.15; selected_turvar=0; source_universe=Children under age one under the official SUPAS mortality estimation definition; qualification=API unit metadata is blank; canonical unit is qualified from the official BPS IMR definition;
bpsm4obs_f48d3a8cdafd0559e806d2dc,neet_rate,idn.13.1371,2025-01-01,2025-12-31,annual,14.91,percent,observed,bpsm4prov_3ee4f2abc7a9db17db23dd1f,false,true,sakernas_neet_15_24,,series_id=m4_neet_2025; source_var=774; source_period=2025; source_geography=1371:Kota Padang; transform=identity; source_value=14.91; selected_turvar=0; source_universe=People age 15 to 24 not in employment education or training; qualification=Source is BPS Sakernas; no exact within-year reference month is inferred from current API metadata;
bpsm4obs_f5f586e2751d9f3ff6c306c7,road_condition_good,idn.13.1301,2024-01-01,2024-12-31,annual,83.818182,percent,derived,bpsm4prov_e45b125b514491799bcd91c2,false,true,bps_provincial_road_condition,,series_id=m4_road_good_2024; source_var=555; source_period=2024; source_geography=1301:Kab. Kepulauan Mentawai; transform=share_selected_over_sum_turvar_ids; numerator=908:9.22; denominator_components=908:9.22|909:0|910:0.7|911:1.08; source_universe=Provincial-authority road length classified by condition; qualification=Good-condition km divided by total km across good medium damaged and heavily damaged categories;
bpsm4obs_f7b5b385b17bf1ad5a52af30,labor_force_count,idn.13.1302,2025-08-01,2025-08-31,annual,286912,persons,observed,bpsm4prov_c3fb155f6c559283a1539940,false,true,sakernas_august_labor_force,,series_id=m4_labor_force_2025; source_var=473; source_period=2025; source_geography=1302:Kab. Pesisir Selatan; transform=identity; source_value=286912; selected_turvar=844; source_universe=Population age 15+ in the labor force; qualification=Source note explicitly identifies Sakernas August;
bpsm4obs_f8552ac27973ed57b2f9d50a,employed_population,idn.13.1307,2025-08-01,2025-08-31,annual,290903,persons,observed,bpsm4prov_c3fb155f6c559283a1539940,false,true,sakernas_august_employed,,series_id=m4_employed_2025; source_var=473; source_period=2025; source_geography=1307:Kab. Agam; transform=identity; source_value=290903; selected_turvar=842; source_universe=Population age 15+ classified as employed; qualification=Source note explicitly identifies Sakernas August;
bpsm4obs_fc20478d0619e9c473708f3b,infant_mortality_rate,idn.13.1375,2025-01-01,2025-12-31,census_or_survey,10.36,per_1000_live_births,observed,bpsm4prov_6bf49de3e81a23c25397ec47,false,true,supas2025_imr,,series_id=m4_imr_2025; source_var=877; source_period=2025; source_geography=1375:Kota Bukittinggi; transform=identity; source_value=10.36; selected_turvar=0; source_universe=Children under age one under the official SUPAS mortality estimation definition; qualification=API unit metadata is blank; canonical unit is qualified from the official BPS IMR definition;
bpsm4obs_fc3f89ec9dcc8c0dfbe53df3,dependency_ratio,idn.13.1304,2025-01-01,2025-12-31,census_or_survey,47.25,dependents_per_100_working_age,observed,bpsm4prov_6b57e3f09f8c6ee54b7243b3,false,true,supas2025_dependency_ratio,,series_id=m4_dependency_2025; source_var=875; source_period=2025; source_geography=1304:Kab. Sijunjung; transform=identity; source_value=47.25; selected_turvar=0; source_universe=Population age 0 to 14 plus 65+ relative to age 15 to 64; qualification=Canonical unit follows the official BPS dependency-ratio definition;
bpsm4obs_fc8c5016958a556cddfa9111,infant_mortality_rate,idn.13.1305,2025-01-01,2025-12-31,census_or_survey,14.6,per_1000_live_births,observed,bpsm4prov_6bf49de3e81a23c25397ec47,false,true,supas2025_imr,,series_id=m4_imr_2025; source_var=877; source_period=2025; source_geography=1305:Kab. Tanah Datar; transform=identity; source_value=14.6; selected_turvar=0; source_universe=Children under age one under the official SUPAS mortality estimation definition; qualification=API unit metadata is blank; canonical unit is qualified from the official BPS IMR definition;
bpsm4obs_fcd8b4a6983ea90cbfdee6d5,employed_population,idn.13.1374,2025-08-01,2025-08-31,annual,29334,persons,observed,bpsm4prov_c3fb155f6c559283a1539940,false,true,sakernas_august_employed,,series_id=m4_employed_2025; source_var=473; source_period=2025; source_geography=1374:Kota Padang Panjang; transform=identity; source_value=29334; selected_turvar=842; source_universe=Population age 15+ classified as employed; qualification=Source note explicitly identifies Sakernas August;
bpsm4obs_fd206ab2a0960e4a31ff5d1f,labor_force_count,idn.13.1304,2025-08-01,2025-08-31,annual,141128,persons,observed,bpsm4prov_c3fb155f6c559283a1539940,false,true,sakernas_august_labor_force,,series_id=m4_labor_force_2025; source_var=473; source_period=2025; source_geography=1304:Kab. Sijunjung; transform=identity; source_value=141128; selected_turvar=844; source_universe=Population age 15+ in the labor force; qualification=Source note explicitly identifies Sakernas August;
bpsm4obs_fda43c3251fa2806a9905e52,elderly_population_share,idn.13.1309,2025-01-01,2025-12-31,census_or_survey,10.65,percent,observed,bpsm4prov_e0534872b73e7b7566696b9e,false,true,supas2025_elderly_share,,series_id=m4_elderly_2025; source_var=884; source_period=2025; source_geography=1309:Kab. Pasaman; transform=identity; source_value=10.65; selected_turvar=0; source_universe=Population classified as elderly under the SUPAS definition; qualification=Preserve the official source age threshold and survey methodology;
bpsm4obs_ff1f25ad5701bc7a14a236e6,urban_population_share,idn.13.1374,2020-01-01,2020-12-31,annual,100,percent,model_estimate,bpsm4prov_1212b1534732c5a2edae043f,false,true,bps_projection_sp2010,,series_id=m4_urban_share_2020; source_var=512; source_period=2020; source_geography=1374:Kota Padang Panjang; transform=identity; source_value=100; selected_turvar=0; source_universe=Population classified urban in the BPS SP2010-based population projection; qualification=Projection source is explicit so claim type remains model_estimate;
bpsm4obs_ffb077545e302407bc1e2155,net_migration_rate,idn.13.1376,2025-01-01,2025-12-31,census_or_survey,24.1,per_1000,derived,bpsm4prov_558e401d7c68a9be65a79899,false,true,supas2025_recent_migration,,series_id=m4_net_migration_2025; source_var=883; source_period=2025; source_geography=1376:Kota Payakumbuh; transform=multiply_10; source_value_per_100=2.41; selected_turvar=1475; multiplier=10; source_universe=Population covered by the SUPAS recent-migration definition; qualification=Source publishes recent net migration per 100 population; canonical value converts deterministically to per 1000;
bpsm4obs_ffc343e3ec1cc1ce01ec4252,infant_mortality_rate,idn.13.1311,2025-01-01,2025-12-31,census_or_survey,16.35,per_1000_live_births,observed,bpsm4prov_6bf49de3e81a23c25397ec47,false,true,supas2025_imr,,series_id=m4_imr_2025; source_var=877; source_period=2025; source_geography=1311:Kab. Dharmasraya; transform=identity; source_value=16.35; selected_turvar=0; source_universe=Children under age one under the official SUPAS mortality estimation definition; qualification=API unit metadata is blank; canonical unit is qualified from the official BPS IMR definition;
bpsm4obs_fffcd41501abb74202ea5449,net_migration_rate,idn.13.1306,2025-01-01,2025-12-31,census_or_survey,16.5,per_1000,derived,bpsm4prov_558e401d7c68a9be65a79899,false,true,supas2025_recent_migration,,series_id=m4_net_migration_2025; source_var=883; source_period=2025; source_geography=1306:Kab. Padang Pariaman; transform=multiply_10; source_value_per_100=1.65; selected_turvar=1475; multiplier=10; source_universe=Population covered by the SUPAS recent-migration definition; qualification=Source publishes recent net migration per 100 population; canonical value converts deterministically to per 1000;
