contract_item_id,source_id,role,year,month,locator,source_release,transport_identity,identity_sha256,identity_scope,content_length_bytes,notes
big_sumbar_kabkota_june_2026_snapshot,big_admin_boundaries_june_2026,zonal_geometry_source,2026,6,https://geoservices.big.go.id/rbi/rest/services/BATASWILAYAH/BATAS_KABKOTA_AR/MapServer/0/query?where=WADMPR%3D%27Sumatera+Barat%27&outFields=OBJECTID%2CKDPKAB%2CWADMKK%2CWADMPR%2CMETADATA&returnGeometry=true&returnZ=false&returnM=false&outSR=4326&orderByFields=OBJECTID+ASC&f=geojson,Juni 2026,1782439584,7ff9b6bd0a570c10f20d5ab1d5b1d9b0ce7f2a6c4cfcf610a3a0dd0a5a766175,sha256_full_geojson_query_response,12904438,current boundary snapshot only; historical boundary continuity is not established
chirps_v3_final_1981_01,chirps_v3,monthly_rainfall_source_cog,1981,1,https://data.chc.ucsb.edu/products/CHIRPS/v3.0/monthly/global/cogs/chirps-v3.0.1981.01.cog,"Tue, 25 Feb 2025 18:21:00 GMT","""67be0a0c-1cbf1b0""",b069655c35d4ec110003f9eb52a2d50e409d4b417554b2e8c9a72100b877439e,sha256_first_16384_bytes_not_full_file_checksum,30142896,content_range=bytes 0-16383/30142896; bytes_read=16384
chirps_v3_final_1981_02,chirps_v3,monthly_rainfall_source_cog,1981,2,https://data.chc.ucsb.edu/products/CHIRPS/v3.0/monthly/global/cogs/chirps-v3.0.1981.02.cog,"Tue, 25 Feb 2025 18:21:03 GMT","""67be0a0f-1cca80b""",b0ced9a481d8ba1a2427f93d92bf6ccb09e234e5f16cec938f00022247a82ab0,sha256_first_16384_bytes_not_full_file_checksum,30189579,content_range=bytes 0-16383/30189579; bytes_read=16384
chirps_v3_final_1981_03,chirps_v3,monthly_rainfall_source_cog,1981,3,https://data.chc.ucsb.edu/products/CHIRPS/v3.0/monthly/global/cogs/chirps-v3.0.1981.03.cog,"Tue, 25 Feb 2025 18:21:06 GMT","""67be0a12-1c39287""",ae0059f73000bf1a6d2d94a9558282b4aa04ede8a3658e92e7c2c04e5bc34479,sha256_first_16384_bytes_not_full_file_checksum,29594247,content_range=bytes 0-16383/29594247; bytes_read=16384
chirps_v3_final_1981_04,chirps_v3,monthly_rainfall_source_cog,1981,4,https://data.chc.ucsb.edu/products/CHIRPS/v3.0/monthly/global/cogs/chirps-v3.0.1981.04.cog,"Tue, 25 Feb 2025 18:21:09 GMT","""67be0a15-1c825c4""",83e54227e8497584b200c11dc558cae3aa85f5a478acc7e4741a54afc88f0bda,sha256_first_16384_bytes_not_full_file_checksum,29894084,content_range=bytes 0-16383/29894084; bytes_read=16384
chirps_v3_final_1981_05,chirps_v3,monthly_rainfall_source_cog,1981,5,https://data.chc.ucsb.edu/products/CHIRPS/v3.0/monthly/global/cogs/chirps-v3.0.1981.05.cog,"Tue, 25 Feb 2025 18:21:12 GMT","""67be0a18-1d37696""",e478f4d0184d0f31ce357d8b2da349d92bb13f47dc0541b61424c4a06afb6554,sha256_first_16384_bytes_not_full_file_checksum,30635670,content_range=bytes 0-16383/30635670; bytes_read=16384
chirps_v3_final_1981_06,chirps_v3,monthly_rainfall_source_cog,1981,6,https://data.chc.ucsb.edu/products/CHIRPS/v3.0/monthly/global/cogs/chirps-v3.0.1981.06.cog,"Tue, 25 Feb 2025 18:21:15 GMT","""67be0a1b-1c894fb""",144f42926c1aff9c16b9e048bdc682e9aa4c04fc22b1536041b812570ba7defb,sha256_first_16384_bytes_not_full_file_checksum,29922555,content_range=bytes 0-16383/29922555; bytes_read=16384
chirps_v3_final_1981_07,chirps_v3,monthly_rainfall_source_cog,1981,7,https://data.chc.ucsb.edu/products/CHIRPS/v3.0/monthly/global/cogs/chirps-v3.0.1981.07.cog,"Tue, 25 Feb 2025 18:21:18 GMT","""67be0a1e-1c55240""",a1ea081ffa04d41c40f8dc8e6e431f478bcea95fa6e21fb1f654a1316b886f28,sha256_first_16384_bytes_not_full_file_checksum,29708864,content_range=bytes 0-16383/29708864; bytes_read=16384
chirps_v3_final_1981_08,chirps_v3,monthly_rainfall_source_cog,1981,8,https://data.chc.ucsb.edu/products/CHIRPS/v3.0/monthly/global/cogs/chirps-v3.0.1981.08.cog,"Tue, 25 Feb 2025 18:21:21 GMT","""67be0a21-1cec2ec""",db5d855bcf37200b2d1bc3db2a7cb2d9ac2220f5f31ae0c823426e489805dd48,sha256_first_16384_bytes_not_full_file_checksum,30327532,content_range=bytes 0-16383/30327532; bytes_read=16384
chirps_v3_final_1981_09,chirps_v3,monthly_rainfall_source_cog,1981,9,https://data.chc.ucsb.edu/products/CHIRPS/v3.0/monthly/global/cogs/chirps-v3.0.1981.09.cog,"Tue, 25 Feb 2025 18:21:24 GMT","""67be0a24-1cc69ef""",b368c9d1e94e09c166b451b3cba61fb8885bc1524ff2846960597c4dc11cd5ce,sha256_first_16384_bytes_not_full_file_checksum,30173679,content_range=bytes 0-16383/30173679; bytes_read=16384
chirps_v3_final_1981_10,chirps_v3,monthly_rainfall_source_cog,1981,10,https://data.chc.ucsb.edu/products/CHIRPS/v3.0/monthly/global/cogs/chirps-v3.0.1981.10.cog,"Tue, 25 Feb 2025 18:21:27 GMT","""67be0a27-1d3e5c9""",4527a0422b53c9ba25b42283d5389104a3f59e9b736868aace6cd399556a4d4e,sha256_first_16384_bytes_not_full_file_checksum,30664137,content_range=bytes 0-16383/30664137; bytes_read=16384
chirps_v3_final_1981_11,chirps_v3,monthly_rainfall_source_cog,1981,11,https://data.chc.ucsb.edu/products/CHIRPS/v3.0/monthly/global/cogs/chirps-v3.0.1981.11.cog,"Tue, 25 Feb 2025 18:21:30 GMT","""67be0a2a-1baae5f""",9961e841df93f446be5ac26c7ee353490f6cddbf584f14661734efb207135a00,sha256_first_16384_bytes_not_full_file_checksum,29011551,content_range=bytes 0-16383/29011551; bytes_read=16384
chirps_v3_final_1981_12,chirps_v3,monthly_rainfall_source_cog,1981,12,https://data.chc.ucsb.edu/products/CHIRPS/v3.0/monthly/global/cogs/chirps-v3.0.1981.12.cog,"Tue, 25 Feb 2025 18:21:33 GMT","""67be0a2d-1c408bb""",d35e1701512ae42f6dbed88bfa1a27fe5493831d0b054ea474c38a5b468d5101,sha256_first_16384_bytes_not_full_file_checksum,29624507,content_range=bytes 0-16383/29624507; bytes_read=16384
chirps_v3_final_1982_01,chirps_v3,monthly_rainfall_source_cog,1982,1,https://data.chc.ucsb.edu/products/CHIRPS/v3.0/monthly/global/cogs/chirps-v3.0.1982.01.cog,"Tue, 25 Feb 2025 18:21:36 GMT","""67be0a30-1d2a2a8""",6c87dc6bf96b0fbc20f7b0a191a9f0864ae1a74eb471bbd883d55c92b4c671f5,sha256_first_16384_bytes_not_full_file_checksum,30581416,content_range=bytes 0-16383/30581416; bytes_read=16384
chirps_v3_final_1982_02,chirps_v3,monthly_rainfall_source_cog,1982,2,https://data.chc.ucsb.edu/products/CHIRPS/v3.0/monthly/global/cogs/chirps-v3.0.1982.02.cog,"Tue, 25 Feb 2025 18:21:39 GMT","""67be0a33-1c62e92""",7b60dd8c1deed46cab5283e51f466f033f35a9f05c6c490fc89826c8f2c400a9,sha256_first_16384_bytes_not_full_file_checksum,29765266,content_range=bytes 0-16383/29765266; bytes_read=16384
chirps_v3_final_1982_03,chirps_v3,monthly_rainfall_source_cog,1982,3,https://data.chc.ucsb.edu/products/CHIRPS/v3.0/monthly/global/cogs/chirps-v3.0.1982.03.cog,"Tue, 25 Feb 2025 18:21:43 GMT","""67be0a37-1cb507f""",13c3bd7eb5e60468b6613924b2f371be104fbae680c75a750dcdec3e7a70ecad,sha256_first_16384_bytes_not_full_file_checksum,30101631,content_range=bytes 0-16383/30101631; bytes_read=16384
chirps_v3_final_1982_04,chirps_v3,monthly_rainfall_source_cog,1982,4,https://data.chc.ucsb.edu/products/CHIRPS/v3.0/monthly/global/cogs/chirps-v3.0.1982.04.cog,"Tue, 25 Feb 2025 18:21:46 GMT","""67be0a3a-1c7f424""",6cf711a7008fb26fef83f6c1f5194e9e89d0e998aab19c8661e643be63feb023,sha256_first_16384_bytes_not_full_file_checksum,29881380,content_range=bytes 0-16383/29881380; bytes_read=16384
chirps_v3_final_1982_05,chirps_v3,monthly_rainfall_source_cog,1982,5,https://data.chc.ucsb.edu/products/CHIRPS/v3.0/monthly/global/cogs/chirps-v3.0.1982.05.cog,"Tue, 25 Feb 2025 18:21:49 GMT","""67be0a3d-1d17b2f""",c8a6ef7a07035f3d9199b55d8206eee78ee272052375e5c6ea488b5d978209aa,sha256_first_16384_bytes_not_full_file_checksum,30505775,content_range=bytes 0-16383/30505775; bytes_read=16384
chirps_v3_final_1982_06,chirps_v3,monthly_rainfall_source_cog,1982,6,https://data.chc.ucsb.edu/products/CHIRPS/v3.0/monthly/global/cogs/chirps-v3.0.1982.06.cog,"Tue, 25 Feb 2025 18:21:52 GMT","""67be0a40-1cf2da5""",9ca634eff8981a9366591af77c0028f70b8b721d78d37bd6521928d6d21de3a2,sha256_first_16384_bytes_not_full_file_checksum,30354853,content_range=bytes 0-16383/30354853; bytes_read=16384
chirps_v3_final_1982_07,chirps_v3,monthly_rainfall_source_cog,1982,7,https://data.chc.ucsb.edu/products/CHIRPS/v3.0/monthly/global/cogs/chirps-v3.0.1982.07.cog,"Tue, 25 Feb 2025 18:21:55 GMT","""67be0a43-1d3a327""",b8523a20c616cdb9b7a543980a14b78a8686dc4c7f06673def9cf3d5a25f4cc5,sha256_first_16384_bytes_not_full_file_checksum,30647079,content_range=bytes 0-16383/30647079; bytes_read=16384
chirps_v3_final_1982_08,chirps_v3,monthly_rainfall_source_cog,1982,8,https://data.chc.ucsb.edu/products/CHIRPS/v3.0/monthly/global/cogs/chirps-v3.0.1982.08.cog,"Tue, 25 Feb 2025 18:21:58 GMT","""67be0a46-1d1d45c""",83bde59110034bdf6d1658bdd0c265bad58d8db51228ace1e9666938b66870ee,sha256_first_16384_bytes_not_full_file_checksum,30528604,content_range=bytes 0-16383/30528604; bytes_read=16384
chirps_v3_final_1982_09,chirps_v3,monthly_rainfall_source_cog,1982,9,https://data.chc.ucsb.edu/products/CHIRPS/v3.0/monthly/global/cogs/chirps-v3.0.1982.09.cog,"Tue, 25 Feb 2025 18:22:02 GMT","""67be0a4a-1ceebb7""",6461e2a92b77d79b4013b38346084ec30775d8bd64f09565b0c44ce896e4aa6c,sha256_first_16384_bytes_not_full_file_checksum,30337975,content_range=bytes 0-16383/30337975; bytes_read=16384
chirps_v3_final_1982_10,chirps_v3,monthly_rainfall_source_cog,1982,10,https://data.chc.ucsb.edu/products/CHIRPS/v3.0/monthly/global/cogs/chirps-v3.0.1982.10.cog,"Tue, 25 Feb 2025 18:22:05 GMT","""67be0a4d-1d463b1""",9204493868900c69c89c5142cc1c85a13b7b3ef0bfd1f6af147ab27a9b4d9810,sha256_first_16384_bytes_not_full_file_checksum,30696369,content_range=bytes 0-16383/30696369; bytes_read=16384
chirps_v3_final_1982_11,chirps_v3,monthly_rainfall_source_cog,1982,11,https://data.chc.ucsb.edu/products/CHIRPS/v3.0/monthly/global/cogs/chirps-v3.0.1982.11.cog,"Tue, 25 Feb 2025 18:22:08 GMT","""67be0a50-1c24670""",fe67472b8299dc930acb821f67bd98a0c16e759c4083fc6ee76ae9e90dd28348,sha256_first_16384_bytes_not_full_file_checksum,29509232,content_range=bytes 0-16383/29509232; bytes_read=16384
chirps_v3_final_1982_12,chirps_v3,monthly_rainfall_source_cog,1982,12,https://data.chc.ucsb.edu/products/CHIRPS/v3.0/monthly/global/cogs/chirps-v3.0.1982.12.cog,"Tue, 25 Feb 2025 18:22:12 GMT","""67be0a54-1cac3f7""",c933ded8560584605ec4084a3d089503b8666fac2189bd956c7a1d96a5984f52,sha256_first_16384_bytes_not_full_file_checksum,30065655,content_range=bytes 0-16383/30065655; bytes_read=16384
chirps_v3_final_1983_01,chirps_v3,monthly_rainfall_source_cog,1983,1,https://data.chc.ucsb.edu/products/CHIRPS/v3.0/monthly/global/cogs/chirps-v3.0.1983.01.cog,"Tue, 25 Feb 2025 18:22:15 GMT","""67be0a57-1cb0caf""",9c2577d31e325d760ac8371dbfde634afd7ab5f32f1fc61b690b1679349348d3,sha256_first_16384_bytes_not_full_file_checksum,30084271,content_range=bytes 0-16383/30084271; bytes_read=16384
chirps_v3_final_1983_02,chirps_v3,monthly_rainfall_source_cog,1983,2,https://data.chc.ucsb.edu/products/CHIRPS/v3.0/monthly/global/cogs/chirps-v3.0.1983.02.cog,"Tue, 25 Feb 2025 18:22:18 GMT","""67be0a5a-1ae4e7f""",a250e3fc2e0ecd8ef477b64473c7bccabcfcc30ad8d69bf9e6ba9238ea61ea4c,sha256_first_16384_bytes_not_full_file_checksum,28200575,content_range=bytes 0-16383/28200575; bytes_read=16384
chirps_v3_final_1983_03,chirps_v3,monthly_rainfall_source_cog,1983,3,https://data.chc.ucsb.edu/products/CHIRPS/v3.0/monthly/global/cogs/chirps-v3.0.1983.03.cog,"Tue, 25 Feb 2025 18:22:21 GMT","""67be0a5d-1c84ce8""",0afbf144cfd5c73b54e4765a9aa93ae1fc999c8b032ca592b270854b35c950e2,sha256_first_16384_bytes_not_full_file_checksum,29904104,content_range=bytes 0-16383/29904104; bytes_read=16384
chirps_v3_final_1983_04,chirps_v3,monthly_rainfall_source_cog,1983,4,https://data.chc.ucsb.edu/products/CHIRPS/v3.0/monthly/global/cogs/chirps-v3.0.1983.04.cog,"Tue, 25 Feb 2025 18:22:25 GMT","""67be0a61-1d0c210""",3aecca0b5cff4ecc7e4ab968759f1b4045b91ccaa4383b360c38f9438d1d6519,sha256_first_16384_bytes_not_full_file_checksum,30458384,content_range=bytes 0-16383/30458384; bytes_read=16384
chirps_v3_final_1983_05,chirps_v3,monthly_rainfall_source_cog,1983,5,https://data.chc.ucsb.edu/products/CHIRPS/v3.0/monthly/global/cogs/chirps-v3.0.1983.05.cog,"Tue, 25 Feb 2025 18:22:29 GMT","""67be0a65-1d0b098""",0ba23e9f1c89352471f8744132ee0a8571fdc1a860f1982038d4725f77ce3c04,sha256_first_16384_bytes_not_full_file_checksum,30453912,content_range=bytes 0-16383/30453912; bytes_read=16384
chirps_v3_final_1983_06,chirps_v3,monthly_rainfall_source_cog,1983,6,https://data.chc.ucsb.edu/products/CHIRPS/v3.0/monthly/global/cogs/chirps-v3.0.1983.06.cog,"Tue, 25 Feb 2025 18:22:32 GMT","""67be0a68-1d68db4""",036ca19bc0c730d3f969a266d6adcf3f82bceec9b74e8803cee52c3e642a539c,sha256_first_16384_bytes_not_full_file_checksum,30838196,content_range=bytes 0-16383/30838196; bytes_read=16384
chirps_v3_final_1983_07,chirps_v3,monthly_rainfall_source_cog,1983,7,https://data.chc.ucsb.edu/products/CHIRPS/v3.0/monthly/global/cogs/chirps-v3.0.1983.07.cog,"Tue, 25 Feb 2025 18:22:35 GMT","""67be0a6b-1d3b778""",504274366e79efd3b169be9dd1f1f8e696ca814e71d5ee3017c77cb8adf274a5,sha256_first_16384_bytes_not_full_file_checksum,30652280,content_range=bytes 0-16383/30652280; bytes_read=16384
chirps_v3_final_1983_08,chirps_v3,monthly_rainfall_source_cog,1983,8,https://data.chc.ucsb.edu/products/CHIRPS/v3.0/monthly/global/cogs/chirps-v3.0.1983.08.cog,"Tue, 25 Feb 2025 18:22:38 GMT","""67be0a6e-1d4dd1f""",00fe87dfdbec750b4997d368fa4b1e750596718ffba6b2be2de9f7883eba83f4,sha256_first_16384_bytes_not_full_file_checksum,30727455,content_range=bytes 0-16383/30727455; bytes_read=16384
chirps_v3_final_1983_09,chirps_v3,monthly_rainfall_source_cog,1983,9,https://data.chc.ucsb.edu/products/CHIRPS/v3.0/monthly/global/cogs/chirps-v3.0.1983.09.cog,"Tue, 25 Feb 2025 18:22:41 GMT","""67be0a71-1d21492""",af52f4e002ca4200fa516aca564a637335d7326db15d5669c9ee630e400d56cf,sha256_first_16384_bytes_not_full_file_checksum,30545042,content_range=bytes 0-16383/30545042; bytes_read=16384
chirps_v3_final_1983_10,chirps_v3,monthly_rainfall_source_cog,1983,10,https://data.chc.ucsb.edu/products/CHIRPS/v3.0/monthly/global/cogs/chirps-v3.0.1983.10.cog,"Tue, 25 Feb 2025 18:22:44 GMT","""67be0a74-1c439f9""",08a9f121da24760b4fef146cb2ea66d6dbe3d5cd62c843ffb87c226eea2668ed,sha256_first_16384_bytes_not_full_file_checksum,29637113,content_range=bytes 0-16383/29637113; bytes_read=16384
chirps_v3_final_1983_11,chirps_v3,monthly_rainfall_source_cog,1983,11,https://data.chc.ucsb.edu/products/CHIRPS/v3.0/monthly/global/cogs/chirps-v3.0.1983.11.cog,"Tue, 25 Feb 2025 18:22:46 GMT","""67be0a76-1bcc36f""",6d42bcd9694b5da93526ac93e64e8ca14674edc055edd7e97524fe73ca38fdf7,sha256_first_16384_bytes_not_full_file_checksum,29148015,content_range=bytes 0-16383/29148015; bytes_read=16384
chirps_v3_final_1983_12,chirps_v3,monthly_rainfall_source_cog,1983,12,https://data.chc.ucsb.edu/products/CHIRPS/v3.0/monthly/global/cogs/chirps-v3.0.1983.12.cog,"Tue, 25 Feb 2025 18:22:49 GMT","""67be0a79-1ab862e""",d85f553c8123a5ee232e5fd5444605b2086edf6969f51edcd11536db44c937be,sha256_first_16384_bytes_not_full_file_checksum,28018222,content_range=bytes 0-16383/28018222; bytes_read=16384
chirps_v3_final_1984_01,chirps_v3,monthly_rainfall_source_cog,1984,1,https://data.chc.ucsb.edu/products/CHIRPS/v3.0/monthly/global/cogs/chirps-v3.0.1984.01.cog,"Tue, 25 Feb 2025 18:22:52 GMT","""67be0a7c-1b1de0b""",d785dfdd59a0aee637ab0e06cb0d59e561204c85681ca315e6aa84d9ec925897,sha256_first_16384_bytes_not_full_file_checksum,28433931,content_range=bytes 0-16383/28433931; bytes_read=16384
chirps_v3_final_1984_02,chirps_v3,monthly_rainfall_source_cog,1984,2,https://data.chc.ucsb.edu/products/CHIRPS/v3.0/monthly/global/cogs/chirps-v3.0.1984.02.cog,"Tue, 25 Feb 2025 18:22:55 GMT","""67be0a7f-1d1e573""",840a7f5a30d0924f71b26d0b256394bdc885382fdbb1bfc7fc47f185646f2048,sha256_first_16384_bytes_not_full_file_checksum,30532979,content_range=bytes 0-16383/30532979; bytes_read=16384
chirps_v3_final_1984_03,chirps_v3,monthly_rainfall_source_cog,1984,3,https://data.chc.ucsb.edu/products/CHIRPS/v3.0/monthly/global/cogs/chirps-v3.0.1984.03.cog,"Tue, 25 Feb 2025 18:22:57 GMT","""67be0a81-1c466a3""",0a46e6dc7d9e37a65e469f836e3baeeb02d8c97b6b8af417438c883645af859f,sha256_first_16384_bytes_not_full_file_checksum,29648547,content_range=bytes 0-16383/29648547; bytes_read=16384
chirps_v3_final_1984_04,chirps_v3,monthly_rainfall_source_cog,1984,4,https://data.chc.ucsb.edu/products/CHIRPS/v3.0/monthly/global/cogs/chirps-v3.0.1984.04.cog,"Tue, 25 Feb 2025 18:23:01 GMT","""67be0a85-1d0f3d0""",39f5e2ab0195b45d5089d6f384f9a7546c1a2d841296d20fbc1b37020ed67894,sha256_first_16384_bytes_not_full_file_checksum,30471120,content_range=bytes 0-16383/30471120; bytes_read=16384
chirps_v3_final_1984_05,chirps_v3,monthly_rainfall_source_cog,1984,5,https://data.chc.ucsb.edu/products/CHIRPS/v3.0/monthly/global/cogs/chirps-v3.0.1984.05.cog,"Tue, 25 Feb 2025 18:23:04 GMT","""67be0a88-1d8f621""",4e3407785e005b618c60c50ef2e38212a15155071300759662df6af698d90ba5,sha256_first_16384_bytes_not_full_file_checksum,30996001,content_range=bytes 0-16383/30996001; bytes_read=16384
chirps_v3_final_1984_06,chirps_v3,monthly_rainfall_source_cog,1984,6,https://data.chc.ucsb.edu/products/CHIRPS/v3.0/monthly/global/cogs/chirps-v3.0.1984.06.cog,"Tue, 25 Feb 2025 18:23:06 GMT","""67be0a8a-1da9dab""",ed7a1f23855ec59fd9ea3d2072dff58cec64dc1056c95dc6f2cbde35f3cc77fc,sha256_first_16384_bytes_not_full_file_checksum,31104427,content_range=bytes 0-16383/31104427; bytes_read=16384
chirps_v3_final_1984_07,chirps_v3,monthly_rainfall_source_cog,1984,7,https://data.chc.ucsb.edu/products/CHIRPS/v3.0/monthly/global/cogs/chirps-v3.0.1984.07.cog,"Tue, 25 Feb 2025 18:23:09 GMT","""67be0a8d-1e067f0""",43ef22c2ff53436f2e74f1f36bcb6be169ad222a97b3db91d1f6c848f64b6e32,sha256_first_16384_bytes_not_full_file_checksum,31483888,content_range=bytes 0-16383/31483888; bytes_read=16384
chirps_v3_final_1984_08,chirps_v3,monthly_rainfall_source_cog,1984,8,https://data.chc.ucsb.edu/products/CHIRPS/v3.0/monthly/global/cogs/chirps-v3.0.1984.08.cog,"Tue, 25 Feb 2025 18:23:12 GMT","""67be0a90-1e1d9a5""",8185ed70accbd3ccdc3025b46c56c30351805923b19ba0ab86b63c308b589674,sha256_first_16384_bytes_not_full_file_checksum,31578533,content_range=bytes 0-16383/31578533; bytes_read=16384
chirps_v3_final_1984_09,chirps_v3,monthly_rainfall_source_cog,1984,9,https://data.chc.ucsb.edu/products/CHIRPS/v3.0/monthly/global/cogs/chirps-v3.0.1984.09.cog,"Tue, 25 Feb 2025 18:23:15 GMT","""67be0a93-1e14b96""",249807c0e952576ed55d2d04433eff36577b0994c52af225dd632a58015d8803,sha256_first_16384_bytes_not_full_file_checksum,31542166,content_range=bytes 0-16383/31542166; bytes_read=16384
chirps_v3_final_1984_10,chirps_v3,monthly_rainfall_source_cog,1984,10,https://data.chc.ucsb.edu/products/CHIRPS/v3.0/monthly/global/cogs/chirps-v3.0.1984.10.cog,"Tue, 25 Feb 2025 18:23:18 GMT","""67be0a96-1dba95d""",598af290c089ef8d65ebef4790a34b6424f9455fb0f9c77a4a9b2078a954fcc8,sha256_first_16384_bytes_not_full_file_checksum,31172957,content_range=bytes 0-16383/31172957; bytes_read=16384
chirps_v3_final_1984_11,chirps_v3,monthly_rainfall_source_cog,1984,11,https://data.chc.ucsb.edu/products/CHIRPS/v3.0/monthly/global/cogs/chirps-v3.0.1984.11.cog,"Tue, 25 Feb 2025 18:23:22 GMT","""67be0a9a-1d84431""",4e120e8cd19cd5c3e4bd9a3c584d25a908ab1d1c2b085ebc5780625bb5e431ab,sha256_first_16384_bytes_not_full_file_checksum,30950449,content_range=bytes 0-16383/30950449; bytes_read=16384
chirps_v3_final_1984_12,chirps_v3,monthly_rainfall_source_cog,1984,12,https://data.chc.ucsb.edu/products/CHIRPS/v3.0/monthly/global/cogs/chirps-v3.0.1984.12.cog,"Tue, 25 Feb 2025 18:23:24 GMT","""67be0a9c-1cc6651""",55d776bc0a9f72d5ffb81bf6fabfcc9dd925182238723e968fac9c68e413722c,sha256_first_16384_bytes_not_full_file_checksum,30172753,content_range=bytes 0-16383/30172753; bytes_read=16384
chirps_v3_final_1985_01,chirps_v3,monthly_rainfall_source_cog,1985,1,https://data.chc.ucsb.edu/products/CHIRPS/v3.0/monthly/global/cogs/chirps-v3.0.1985.01.cog,"Tue, 25 Feb 2025 18:23:27 GMT","""67be0a9f-1c650ba""",99670c59e653cdd795d5574794fd5bae7e868b977dce7d3240b191974fd5426b,sha256_first_16384_bytes_not_full_file_checksum,29774010,content_range=bytes 0-16383/29774010; bytes_read=16384
chirps_v3_final_1985_02,chirps_v3,monthly_rainfall_source_cog,1985,2,https://data.chc.ucsb.edu/products/CHIRPS/v3.0/monthly/global/cogs/chirps-v3.0.1985.02.cog,"Tue, 25 Feb 2025 18:23:30 GMT","""67be0aa2-1b3a3ff""",7601b3a29b1e99cab83fdee0d64c8cc51fb5aba9d72d45d95536dbe7cfbf7046,sha256_first_16384_bytes_not_full_file_checksum,28550143,content_range=bytes 0-16383/28550143; bytes_read=16384
chirps_v3_final_1985_03,chirps_v3,monthly_rainfall_source_cog,1985,3,https://data.chc.ucsb.edu/products/CHIRPS/v3.0/monthly/global/cogs/chirps-v3.0.1985.03.cog,"Tue, 25 Feb 2025 18:23:33 GMT","""67be0aa5-1cbe1a2""",a7d99cb90115141405c4c0bcdd8d008effdee7f99548f43992a35d3538937de8,sha256_first_16384_bytes_not_full_file_checksum,30138786,content_range=bytes 0-16383/30138786; bytes_read=16384
chirps_v3_final_1985_04,chirps_v3,monthly_rainfall_source_cog,1985,4,https://data.chc.ucsb.edu/products/CHIRPS/v3.0/monthly/global/cogs/chirps-v3.0.1985.04.cog,"Tue, 25 Feb 2025 18:23:36 GMT","""67be0aa8-1c908c7""",27602d11e42eac04b6a567e54c8cefe7db9bc3179bad856dde185e9b9a319132,sha256_first_16384_bytes_not_full_file_checksum,29952199,content_range=bytes 0-16383/29952199; bytes_read=16384
chirps_v3_final_1985_05,chirps_v3,monthly_rainfall_source_cog,1985,5,https://data.chc.ucsb.edu/products/CHIRPS/v3.0/monthly/global/cogs/chirps-v3.0.1985.05.cog,"Tue, 25 Feb 2025 18:23:39 GMT","""67be0aab-1d2d3e5""",ed335fbeff829d620abadb5300dea7cd823a61e1cc7c0b6e78297001e94819ff,sha256_first_16384_bytes_not_full_file_checksum,30594021,content_range=bytes 0-16383/30594021; bytes_read=16384
chirps_v3_final_1985_06,chirps_v3,monthly_rainfall_source_cog,1985,6,https://data.chc.ucsb.edu/products/CHIRPS/v3.0/monthly/global/cogs/chirps-v3.0.1985.06.cog,"Tue, 25 Feb 2025 18:23:42 GMT","""67be0aae-1c3d0fa""",f31e23851ccf6410a9cdb99e1813370473754364f08d5b4ce5544df9737c6640,sha256_first_16384_bytes_not_full_file_checksum,29610234,content_range=bytes 0-16383/29610234; bytes_read=16384
chirps_v3_final_1985_07,chirps_v3,monthly_rainfall_source_cog,1985,7,https://data.chc.ucsb.edu/products/CHIRPS/v3.0/monthly/global/cogs/chirps-v3.0.1985.07.cog,"Tue, 25 Feb 2025 18:23:45 GMT","""67be0ab1-1d50e99""",6ad10645819a41aa1719f4541beab0d0ebfc688c98725f1745bc078895b44370,sha256_first_16384_bytes_not_full_file_checksum,30740121,content_range=bytes 0-16383/30740121; bytes_read=16384
chirps_v3_final_1985_08,chirps_v3,monthly_rainfall_source_cog,1985,8,https://data.chc.ucsb.edu/products/CHIRPS/v3.0/monthly/global/cogs/chirps-v3.0.1985.08.cog,"Tue, 25 Feb 2025 18:23:48 GMT","""67be0ab4-1d7e683""",15152c3fd1194d80ba517153b6057b410e71eb3aaa453e4e7f5d57c9f2d7f39b,sha256_first_16384_bytes_not_full_file_checksum,30926467,content_range=bytes 0-16383/30926467; bytes_read=16384
chirps_v3_final_1985_09,chirps_v3,monthly_rainfall_source_cog,1985,9,https://data.chc.ucsb.edu/products/CHIRPS/v3.0/monthly/global/cogs/chirps-v3.0.1985.09.cog,"Tue, 25 Feb 2025 18:23:53 GMT","""67be0ab9-1d348bb""",6d4c67c79d749ca0e4b3f2296503dc98fa930f4dd18f9eb56abecc14e5b65035,sha256_first_16384_bytes_not_full_file_checksum,30623931,content_range=bytes 0-16383/30623931; bytes_read=16384
chirps_v3_final_1985_10,chirps_v3,monthly_rainfall_source_cog,1985,10,https://data.chc.ucsb.edu/products/CHIRPS/v3.0/monthly/global/cogs/chirps-v3.0.1985.10.cog,"Tue, 25 Feb 2025 18:23:56 GMT","""67be0abc-1c46631""",03be555d35bfe877c69e2a3271483514b4a932db706658cfbab2fec00f5e9577,sha256_first_16384_bytes_not_full_file_checksum,29648433,content_range=bytes 0-16383/29648433; bytes_read=16384
chirps_v3_final_1985_11,chirps_v3,monthly_rainfall_source_cog,1985,11,https://data.chc.ucsb.edu/products/CHIRPS/v3.0/monthly/global/cogs/chirps-v3.0.1985.11.cog,"Tue, 25 Feb 2025 18:23:59 GMT","""67be0abf-1c402f1""",197d318f4bb175ec8fab5f7ace0864a5b934b6297ef3824d9dc464c88469e859,sha256_first_16384_bytes_not_full_file_checksum,29623025,content_range=bytes 0-16383/29623025; bytes_read=16384
chirps_v3_final_1985_12,chirps_v3,monthly_rainfall_source_cog,1985,12,https://data.chc.ucsb.edu/products/CHIRPS/v3.0/monthly/global/cogs/chirps-v3.0.1985.12.cog,"Tue, 25 Feb 2025 18:24:02 GMT","""67be0ac2-1cc8548""",093f14e55f0368040028744cb58fc72580bba1652dcf44dfb108163f5ab041b7,sha256_first_16384_bytes_not_full_file_checksum,30180680,content_range=bytes 0-16383/30180680; bytes_read=16384
chirps_v3_final_1986_01,chirps_v3,monthly_rainfall_source_cog,1986,1,https://data.chc.ucsb.edu/products/CHIRPS/v3.0/monthly/global/cogs/chirps-v3.0.1986.01.cog,"Tue, 25 Feb 2025 18:24:05 GMT","""67be0ac5-1ab072f""",8587d9cb053c8a246cf8bcb9669e5cd64abaa627f046e98b42f5527e463f4fc6,sha256_first_16384_bytes_not_full_file_checksum,27985711,content_range=bytes 0-16383/27985711; bytes_read=16384
chirps_v3_final_1986_02,chirps_v3,monthly_rainfall_source_cog,1986,2,https://data.chc.ucsb.edu/products/CHIRPS/v3.0/monthly/global/cogs/chirps-v3.0.1986.02.cog,"Tue, 25 Feb 2025 18:24:08 GMT","""67be0ac8-1c4c5c3""",d0346340dee84a5d40065a2161e6aec1c0f37498de7931c1a19b17da7975eb25,sha256_first_16384_bytes_not_full_file_checksum,29672899,content_range=bytes 0-16383/29672899; bytes_read=16384
chirps_v3_final_1986_03,chirps_v3,monthly_rainfall_source_cog,1986,3,https://data.chc.ucsb.edu/products/CHIRPS/v3.0/monthly/global/cogs/chirps-v3.0.1986.03.cog,"Tue, 25 Feb 2025 18:24:11 GMT","""67be0acb-1cf991e""",076840a2c8ac2877fc4a5351da74301d0abd2d05e8cb5e18c77c21117263ce1c,sha256_first_16384_bytes_not_full_file_checksum,30382366,content_range=bytes 0-16383/30382366; bytes_read=16384
chirps_v3_final_1986_04,chirps_v3,monthly_rainfall_source_cog,1986,4,https://data.chc.ucsb.edu/products/CHIRPS/v3.0/monthly/global/cogs/chirps-v3.0.1986.04.cog,"Tue, 25 Feb 2025 18:24:14 GMT","""67be0ace-1e07659""",9bf8da93741231de2b3709899394a38d5dcb554c46096e3727745bdc6729d7b4,sha256_first_16384_bytes_not_full_file_checksum,31487577,content_range=bytes 0-16383/31487577; bytes_read=16384
chirps_v3_final_1986_05,chirps_v3,monthly_rainfall_source_cog,1986,5,https://data.chc.ucsb.edu/products/CHIRPS/v3.0/monthly/global/cogs/chirps-v3.0.1986.05.cog,"Tue, 25 Feb 2025 18:24:17 GMT","""67be0ad1-1c3f8b3""",2c7222af02f9c85d905f6d47bd81dda3c23220fcffa26ae0a27ea1e17dd21380,sha256_first_16384_bytes_not_full_file_checksum,29620403,content_range=bytes 0-16383/29620403; bytes_read=16384
chirps_v3_final_1986_06,chirps_v3,monthly_rainfall_source_cog,1986,6,https://data.chc.ucsb.edu/products/CHIRPS/v3.0/monthly/global/cogs/chirps-v3.0.1986.06.cog,"Tue, 25 Feb 2025 18:24:20 GMT","""67be0ad4-1df4cf0""",c750c14184051b0095b5e650ba2729d8c7e633a89db0a2aa8dc8bcdc35daf12c,sha256_first_16384_bytes_not_full_file_checksum,31411440,content_range=bytes 0-16383/31411440; bytes_read=16384
chirps_v3_final_1986_07,chirps_v3,monthly_rainfall_source_cog,1986,7,https://data.chc.ucsb.edu/products/CHIRPS/v3.0/monthly/global/cogs/chirps-v3.0.1986.07.cog,"Tue, 25 Feb 2025 18:24:23 GMT","""67be0ad7-1d381fd""",528b03f79c4940d1da5a15572b906ccd7d417de009df7cabbb450b2df9e700e8,sha256_first_16384_bytes_not_full_file_checksum,30638589,content_range=bytes 0-16383/30638589; bytes_read=16384
chirps_v3_final_1986_08,chirps_v3,monthly_rainfall_source_cog,1986,8,https://data.chc.ucsb.edu/products/CHIRPS/v3.0/monthly/global/cogs/chirps-v3.0.1986.08.cog,"Tue, 25 Feb 2025 18:24:26 GMT","""67be0ada-1d6a7ae""",d9542ba856a727e1f3b1f3c43fe88bd8dbb33c18d4a54d475cef755dd9f9ba91,sha256_first_16384_bytes_not_full_file_checksum,30844846,content_range=bytes 0-16383/30844846; bytes_read=16384
chirps_v3_final_1986_09,chirps_v3,monthly_rainfall_source_cog,1986,9,https://data.chc.ucsb.edu/products/CHIRPS/v3.0/monthly/global/cogs/chirps-v3.0.1986.09.cog,"Tue, 25 Feb 2025 18:24:29 GMT","""67be0add-1d86bd8""",d19a5155c750138dfa802d936173ca96f548ebcd5542326b4565e7bd98a53697,sha256_first_16384_bytes_not_full_file_checksum,30960600,content_range=bytes 0-16383/30960600; bytes_read=16384
chirps_v3_final_1986_10,chirps_v3,monthly_rainfall_source_cog,1986,10,https://data.chc.ucsb.edu/products/CHIRPS/v3.0/monthly/global/cogs/chirps-v3.0.1986.10.cog,"Tue, 25 Feb 2025 18:24:32 GMT","""67be0ae0-1dc70c1""",f08360d114da808641416e17269aceb51247dd3e5a9d69a91b6a590241b30e10,sha256_first_16384_bytes_not_full_file_checksum,31224001,content_range=bytes 0-16383/31224001; bytes_read=16384
chirps_v3_final_1986_11,chirps_v3,monthly_rainfall_source_cog,1986,11,https://data.chc.ucsb.edu/products/CHIRPS/v3.0/monthly/global/cogs/chirps-v3.0.1986.11.cog,"Tue, 25 Feb 2025 18:24:35 GMT","""67be0ae3-1dcd828""",3f44737798df0069a3924437b70a8cf2826ac55d2c2070dfc1218984919430b7,sha256_first_16384_bytes_not_full_file_checksum,31250472,content_range=bytes 0-16383/31250472; bytes_read=16384
chirps_v3_final_1986_12,chirps_v3,monthly_rainfall_source_cog,1986,12,https://data.chc.ucsb.edu/products/CHIRPS/v3.0/monthly/global/cogs/chirps-v3.0.1986.12.cog,"Tue, 25 Feb 2025 18:24:38 GMT","""67be0ae6-1d1de10""",1fc07273f419a0b2051f1ebbf7b3850cb16873bea673d843ae49369bce396620,sha256_first_16384_bytes_not_full_file_checksum,30531088,content_range=bytes 0-16383/30531088; bytes_read=16384
chirps_v3_final_1987_01,chirps_v3,monthly_rainfall_source_cog,1987,1,https://data.chc.ucsb.edu/products/CHIRPS/v3.0/monthly/global/cogs/chirps-v3.0.1987.01.cog,"Tue, 25 Feb 2025 18:24:41 GMT","""67be0ae9-1ad5935""",664012993e11f79d3e5a72940223a9630c789ca6d91bb4e4dd737dc943972ea7,sha256_first_16384_bytes_not_full_file_checksum,28137781,content_range=bytes 0-16383/28137781; bytes_read=16384
chirps_v3_final_1987_02,chirps_v3,monthly_rainfall_source_cog,1987,2,https://data.chc.ucsb.edu/products/CHIRPS/v3.0/monthly/global/cogs/chirps-v3.0.1987.02.cog,"Tue, 25 Feb 2025 18:24:44 GMT","""67be0aec-1c9cbff""",cc2f2eb72b1b7df8096da0808b2d33e9631a55bfb64388755c074b5560cbb8d3,sha256_first_16384_bytes_not_full_file_checksum,30002175,content_range=bytes 0-16383/30002175; bytes_read=16384
chirps_v3_final_1987_03,chirps_v3,monthly_rainfall_source_cog,1987,3,https://data.chc.ucsb.edu/products/CHIRPS/v3.0/monthly/global/cogs/chirps-v3.0.1987.03.cog,"Tue, 25 Feb 2025 18:24:47 GMT","""67be0aef-1c9f922""",850bd8a75a6cf670bb1a9555f821244791734b4bbd52fb58327c77922a4d0a26,sha256_first_16384_bytes_not_full_file_checksum,30013730,content_range=bytes 0-16383/30013730; bytes_read=16384
chirps_v3_final_1987_04,chirps_v3,monthly_rainfall_source_cog,1987,4,https://data.chc.ucsb.edu/products/CHIRPS/v3.0/monthly/global/cogs/chirps-v3.0.1987.04.cog,"Tue, 25 Feb 2025 18:24:50 GMT","""67be0af2-1c33ce3""",95c6cc5b24d33b72909c831cbbd7ded09a5d6800d466e2ffb55af98bc1fea882,sha256_first_16384_bytes_not_full_file_checksum,29572323,content_range=bytes 0-16383/29572323; bytes_read=16384
chirps_v3_final_1987_05,chirps_v3,monthly_rainfall_source_cog,1987,5,https://data.chc.ucsb.edu/products/CHIRPS/v3.0/monthly/global/cogs/chirps-v3.0.1987.05.cog,"Tue, 25 Feb 2025 18:24:53 GMT","""67be0af5-1d35633""",8b12939e26d701987ba4ab2f83bf7d7b8a60a0e3b2047e6d7184b7a9b6f04d6a,sha256_first_16384_bytes_not_full_file_checksum,30627379,content_range=bytes 0-16383/30627379; bytes_read=16384
chirps_v3_final_1987_06,chirps_v3,monthly_rainfall_source_cog,1987,6,https://data.chc.ucsb.edu/products/CHIRPS/v3.0/monthly/global/cogs/chirps-v3.0.1987.06.cog,"Tue, 25 Feb 2025 18:24:56 GMT","""67be0af8-1d5a34a""",abfd80bc3f7f73c04efc4080677f20566b514203b94af41d54afa591d5cafdad,sha256_first_16384_bytes_not_full_file_checksum,30778186,content_range=bytes 0-16383/30778186; bytes_read=16384
chirps_v3_final_1987_07,chirps_v3,monthly_rainfall_source_cog,1987,7,https://data.chc.ucsb.edu/products/CHIRPS/v3.0/monthly/global/cogs/chirps-v3.0.1987.07.cog,"Tue, 25 Feb 2025 18:24:59 GMT","""67be0afb-1d3e01b""",bb0be68873a058a2f8a78230ffa1c97aafd7669a59275e9872aa47a4aa713985,sha256_first_16384_bytes_not_full_file_checksum,30662683,content_range=bytes 0-16383/30662683; bytes_read=16384
chirps_v3_final_1987_08,chirps_v3,monthly_rainfall_source_cog,1987,8,https://data.chc.ucsb.edu/products/CHIRPS/v3.0/monthly/global/cogs/chirps-v3.0.1987.08.cog,"Tue, 25 Feb 2025 18:25:02 GMT","""67be0afe-1d37923""",db4c2822c3ad2c90bbbcbdc76632a2f4ef8aac9be84a082a0124aebdfc6b8773,sha256_first_16384_bytes_not_full_file_checksum,30636323,content_range=bytes 0-16383/30636323; bytes_read=16384
chirps_v3_final_1987_09,chirps_v3,monthly_rainfall_source_cog,1987,9,https://data.chc.ucsb.edu/products/CHIRPS/v3.0/monthly/global/cogs/chirps-v3.0.1987.09.cog,"Tue, 25 Feb 2025 18:25:05 GMT","""67be0b01-1d95303""",b29fd4f85c90df603341fd4ec233ef2f8fac3a0ea91c2102931c2fadc94674bc,sha256_first_16384_bytes_not_full_file_checksum,31019779,content_range=bytes 0-16383/31019779; bytes_read=16384
chirps_v3_final_1987_10,chirps_v3,monthly_rainfall_source_cog,1987,10,https://data.chc.ucsb.edu/products/CHIRPS/v3.0/monthly/global/cogs/chirps-v3.0.1987.10.cog,"Tue, 25 Feb 2025 18:25:08 GMT","""67be0b04-1d3de48""",4cb38e8e2b5cf7906cfc6b6a218a05b63c0a7de3f546f5fdb82b9da41d8f5bc9,sha256_first_16384_bytes_not_full_file_checksum,30662216,content_range=bytes 0-16383/30662216; bytes_read=16384
chirps_v3_final_1987_11,chirps_v3,monthly_rainfall_source_cog,1987,11,https://data.chc.ucsb.edu/products/CHIRPS/v3.0/monthly/global/cogs/chirps-v3.0.1987.11.cog,"Tue, 25 Feb 2025 18:25:11 GMT","""67be0b07-1c1b271""",9b3744de409d4bc5e05bccec1e9c0260c356bcfabf5cb0c8714e5cab2cf09c5f,sha256_first_16384_bytes_not_full_file_checksum,29471345,content_range=bytes 0-16383/29471345; bytes_read=16384
chirps_v3_final_1987_12,chirps_v3,monthly_rainfall_source_cog,1987,12,https://data.chc.ucsb.edu/products/CHIRPS/v3.0/monthly/global/cogs/chirps-v3.0.1987.12.cog,"Tue, 25 Feb 2025 18:25:14 GMT","""67be0b0a-1c7c3f3""",19d2ac21119f036dc96bef26540337542deba7931bfef86e9b213213bf2d8685,sha256_first_16384_bytes_not_full_file_checksum,29869043,content_range=bytes 0-16383/29869043; bytes_read=16384
chirps_v3_final_1988_01,chirps_v3,monthly_rainfall_source_cog,1988,1,https://data.chc.ucsb.edu/products/CHIRPS/v3.0/monthly/global/cogs/chirps-v3.0.1988.01.cog,"Tue, 25 Feb 2025 18:25:17 GMT","""67be0b0d-1cce768""",dcd90452f32944fd532a84566b69106646496404a765527ae24efe81035daa6e,sha256_first_16384_bytes_not_full_file_checksum,30205800,content_range=bytes 0-16383/30205800; bytes_read=16384
chirps_v3_final_1988_02,chirps_v3,monthly_rainfall_source_cog,1988,2,https://data.chc.ucsb.edu/products/CHIRPS/v3.0/monthly/global/cogs/chirps-v3.0.1988.02.cog,"Tue, 25 Feb 2025 18:25:20 GMT","""67be0b10-1d22a96""",1ec41884d83260bc9aefc884b8b9becff25c8f4f3b1da856e62b06c8c3832a10,sha256_first_16384_bytes_not_full_file_checksum,30550678,content_range=bytes 0-16383/30550678; bytes_read=16384
chirps_v3_final_1988_03,chirps_v3,monthly_rainfall_source_cog,1988,3,https://data.chc.ucsb.edu/products/CHIRPS/v3.0/monthly/global/cogs/chirps-v3.0.1988.03.cog,"Tue, 25 Feb 2025 18:25:23 GMT","""67be0b13-1b3057a""",583e762988880e64341f77d6772dc8270efb3b46bd4ff9aacd1e75ab65f9ee93,sha256_first_16384_bytes_not_full_file_checksum,28509562,content_range=bytes 0-16383/28509562; bytes_read=16384
chirps_v3_final_1988_04,chirps_v3,monthly_rainfall_source_cog,1988,4,https://data.chc.ucsb.edu/products/CHIRPS/v3.0/monthly/global/cogs/chirps-v3.0.1988.04.cog,"Tue, 25 Feb 2025 18:25:26 GMT","""67be0b16-1c41b4f""",b155157fd763dcd8f0cbb0f9e602dbc5647548a7abee1b44902e19774ae6c4fe,sha256_first_16384_bytes_not_full_file_checksum,29629263,content_range=bytes 0-16383/29629263; bytes_read=16384
chirps_v3_final_1988_05,chirps_v3,monthly_rainfall_source_cog,1988,5,https://data.chc.ucsb.edu/products/CHIRPS/v3.0/monthly/global/cogs/chirps-v3.0.1988.05.cog,"Tue, 25 Feb 2025 18:25:29 GMT","""67be0b19-1bcff74""",3a71db44f6d4a4cb83d1ce12300f00b094c06207aef6923408664c6ed7b8c537,sha256_first_16384_bytes_not_full_file_checksum,29163380,content_range=bytes 0-16383/29163380; bytes_read=16384
chirps_v3_final_1988_06,chirps_v3,monthly_rainfall_source_cog,1988,6,https://data.chc.ucsb.edu/products/CHIRPS/v3.0/monthly/global/cogs/chirps-v3.0.1988.06.cog,"Tue, 25 Feb 2025 18:25:32 GMT","""67be0b1c-1cc6a8d""",47a188208ad8e4f558c2cc4b3f26b56d9b907874cecf1163c346806213afd8de,sha256_first_16384_bytes_not_full_file_checksum,30173837,content_range=bytes 0-16383/30173837; bytes_read=16384
chirps_v3_final_1988_07,chirps_v3,monthly_rainfall_source_cog,1988,7,https://data.chc.ucsb.edu/products/CHIRPS/v3.0/monthly/global/cogs/chirps-v3.0.1988.07.cog,"Tue, 25 Feb 2025 18:25:36 GMT","""67be0b20-1d5a23e""",f1d94ceede2b0aad13477df43a5bf6a9430de6d9e947d194d68cf8aa75b10c3f,sha256_first_16384_bytes_not_full_file_checksum,30777918,content_range=bytes 0-16383/30777918; bytes_read=16384
chirps_v3_final_1988_08,chirps_v3,monthly_rainfall_source_cog,1988,8,https://data.chc.ucsb.edu/products/CHIRPS/v3.0/monthly/global/cogs/chirps-v3.0.1988.08.cog,"Tue, 25 Feb 2025 18:25:39 GMT","""67be0b23-1d71afd""",d813106fdc86925560e898c251fc548989000aaeb7430e3b07333d393e5cb48d,sha256_first_16384_bytes_not_full_file_checksum,30874365,content_range=bytes 0-16383/30874365; bytes_read=16384
chirps_v3_final_1988_09,chirps_v3,monthly_rainfall_source_cog,1988,9,https://data.chc.ucsb.edu/products/CHIRPS/v3.0/monthly/global/cogs/chirps-v3.0.1988.09.cog,"Tue, 25 Feb 2025 18:25:42 GMT","""67be0b26-1d34adb""",f3a940a50194fa0661edb4759e5dbd2a21bcd12fcf17782e84a6cc79aeaecb7a,sha256_first_16384_bytes_not_full_file_checksum,30624475,content_range=bytes 0-16383/30624475; bytes_read=16384
chirps_v3_final_1988_10,chirps_v3,monthly_rainfall_source_cog,1988,10,https://data.chc.ucsb.edu/products/CHIRPS/v3.0/monthly/global/cogs/chirps-v3.0.1988.10.cog,"Tue, 25 Feb 2025 18:25:45 GMT","""67be0b29-1c896a3""",cbc59358ec68618302c3319cd0aaa113784aef2c1aeb71bffd78d04cc5baa1e3,sha256_first_16384_bytes_not_full_file_checksum,29922979,content_range=bytes 0-16383/29922979; bytes_read=16384
chirps_v3_final_1988_11,chirps_v3,monthly_rainfall_source_cog,1988,11,https://data.chc.ucsb.edu/products/CHIRPS/v3.0/monthly/global/cogs/chirps-v3.0.1988.11.cog,"Tue, 25 Feb 2025 18:25:48 GMT","""67be0b2c-1be64f5""",98ca2b002787f8d3ba051135dda83c48850bc22bbb3115cb3546cadfffa962d1,sha256_first_16384_bytes_not_full_file_checksum,29254901,content_range=bytes 0-16383/29254901; bytes_read=16384
chirps_v3_final_1988_12,chirps_v3,monthly_rainfall_source_cog,1988,12,https://data.chc.ucsb.edu/products/CHIRPS/v3.0/monthly/global/cogs/chirps-v3.0.1988.12.cog,"Tue, 25 Feb 2025 18:25:51 GMT","""67be0b2f-1caef4a""",a1a0e6de3c3ee90fdb0b444aa90a1ce46f45a1b2c1bd8718a6f79ff6b5575c15,sha256_first_16384_bytes_not_full_file_checksum,30076746,content_range=bytes 0-16383/30076746; bytes_read=16384
chirps_v3_final_1989_01,chirps_v3,monthly_rainfall_source_cog,1989,1,https://data.chc.ucsb.edu/products/CHIRPS/v3.0/monthly/global/cogs/chirps-v3.0.1989.01.cog,"Tue, 25 Feb 2025 18:25:54 GMT","""67be0b32-1ba88aa""",989a882a6b7c1cb5b901d013beb1b931ab47380836dede293dfdd9f903905160,sha256_first_16384_bytes_not_full_file_checksum,29001898,content_range=bytes 0-16383/29001898; bytes_read=16384
chirps_v3_final_1989_02,chirps_v3,monthly_rainfall_source_cog,1989,2,https://data.chc.ucsb.edu/products/CHIRPS/v3.0/monthly/global/cogs/chirps-v3.0.1989.02.cog,"Tue, 25 Feb 2025 18:25:57 GMT","""67be0b35-1baa417""",f231b7493b052dba0bc1fce90d4103ed78632e6060372bda67b737a8f252664d,sha256_first_16384_bytes_not_full_file_checksum,29008919,content_range=bytes 0-16383/29008919; bytes_read=16384
chirps_v3_final_1989_03,chirps_v3,monthly_rainfall_source_cog,1989,3,https://data.chc.ucsb.edu/products/CHIRPS/v3.0/monthly/global/cogs/chirps-v3.0.1989.03.cog,"Tue, 25 Feb 2025 18:26:00 GMT","""67be0b38-1b710ae""",ff32686a918e8bf369a0736d755e4b7af9ab53f2f8dfcefc5357c02c7e9389a5,sha256_first_16384_bytes_not_full_file_checksum,28774574,content_range=bytes 0-16383/28774574; bytes_read=16384
chirps_v3_final_1989_04,chirps_v3,monthly_rainfall_source_cog,1989,4,https://data.chc.ucsb.edu/products/CHIRPS/v3.0/monthly/global/cogs/chirps-v3.0.1989.04.cog,"Tue, 25 Feb 2025 18:26:03 GMT","""67be0b3b-1bedcab""",14845f8bc2df57b58c8939b643bd5a5d1b7d90047a313f9e26858fc73d2adf92,sha256_first_16384_bytes_not_full_file_checksum,29285547,content_range=bytes 0-16383/29285547; bytes_read=16384
chirps_v3_final_1989_05,chirps_v3,monthly_rainfall_source_cog,1989,5,https://data.chc.ucsb.edu/products/CHIRPS/v3.0/monthly/global/cogs/chirps-v3.0.1989.05.cog,"Tue, 25 Feb 2025 18:26:06 GMT","""67be0b3e-1c9d518""",76e07ee7461b491f1f18d5264074f1be56b893e5bc240db4dd7d59742727048f,sha256_first_16384_bytes_not_full_file_checksum,30004504,content_range=bytes 0-16383/30004504; bytes_read=16384
chirps_v3_final_1989_06,chirps_v3,monthly_rainfall_source_cog,1989,6,https://data.chc.ucsb.edu/products/CHIRPS/v3.0/monthly/global/cogs/chirps-v3.0.1989.06.cog,"Tue, 25 Feb 2025 18:26:10 GMT","""67be0b42-1d325bd""",c26380a83ef4188cf11da26977ab4d5e543259c3a010c44b03c320ce4574e424,sha256_first_16384_bytes_not_full_file_checksum,30614973,content_range=bytes 0-16383/30614973; bytes_read=16384
chirps_v3_final_1989_07,chirps_v3,monthly_rainfall_source_cog,1989,7,https://data.chc.ucsb.edu/products/CHIRPS/v3.0/monthly/global/cogs/chirps-v3.0.1989.07.cog,"Tue, 25 Feb 2025 18:26:13 GMT","""67be0b45-1d6e113""",6cf727b7d2dcaa220deab39af17ad6eaaae382e10ec506284b723fd240965cef,sha256_first_16384_bytes_not_full_file_checksum,30859539,content_range=bytes 0-16383/30859539; bytes_read=16384
chirps_v3_final_1989_08,chirps_v3,monthly_rainfall_source_cog,1989,8,https://data.chc.ucsb.edu/products/CHIRPS/v3.0/monthly/global/cogs/chirps-v3.0.1989.08.cog,"Tue, 25 Feb 2025 18:26:16 GMT","""67be0b48-1d5092e""",6b1ca5bc8f75b3df7a77b78a77dc926a61b2915b1be7f85b5f5472b217b07f8f,sha256_first_16384_bytes_not_full_file_checksum,30738734,content_range=bytes 0-16383/30738734; bytes_read=16384
chirps_v3_final_1989_09,chirps_v3,monthly_rainfall_source_cog,1989,9,https://data.chc.ucsb.edu/products/CHIRPS/v3.0/monthly/global/cogs/chirps-v3.0.1989.09.cog,"Tue, 25 Feb 2025 18:26:19 GMT","""67be0b4b-1d5d01f""",af724b81c856168219184bc4a2fe3713f0a220487a0a02e2e6801b8a932dfa7f,sha256_first_16384_bytes_not_full_file_checksum,30789663,content_range=bytes 0-16383/30789663; bytes_read=16384
chirps_v3_final_1989_10,chirps_v3,monthly_rainfall_source_cog,1989,10,https://data.chc.ucsb.edu/products/CHIRPS/v3.0/monthly/global/cogs/chirps-v3.0.1989.10.cog,"Tue, 25 Feb 2025 18:26:22 GMT","""67be0b4e-1c4e41b""",ea268eb8f2c731c2ae7e11584a466a231bec1b0f74a875c8c32aec085dda0bb2,sha256_first_16384_bytes_not_full_file_checksum,29680667,content_range=bytes 0-16383/29680667; bytes_read=16384
chirps_v3_final_1989_11,chirps_v3,monthly_rainfall_source_cog,1989,11,https://data.chc.ucsb.edu/products/CHIRPS/v3.0/monthly/global/cogs/chirps-v3.0.1989.11.cog,"Tue, 25 Feb 2025 18:26:25 GMT","""67be0b51-1c8c747""",a3408d03152216807a0f9f44cd10974d3823df8985cdd4f3ee32a5d20ffdd1a1,sha256_first_16384_bytes_not_full_file_checksum,29935431,content_range=bytes 0-16383/29935431; bytes_read=16384
chirps_v3_final_1989_12,chirps_v3,monthly_rainfall_source_cog,1989,12,https://data.chc.ucsb.edu/products/CHIRPS/v3.0/monthly/global/cogs/chirps-v3.0.1989.12.cog,"Tue, 25 Feb 2025 18:26:28 GMT","""67be0b54-1bc08f4""",ef1448a93f1ee4c94112b226e378feb518b48066a0e9e5c35c027737d46ed947,sha256_first_16384_bytes_not_full_file_checksum,29100276,content_range=bytes 0-16383/29100276; bytes_read=16384
chirps_v3_final_1990_01,chirps_v3,monthly_rainfall_source_cog,1990,1,https://data.chc.ucsb.edu/products/CHIRPS/v3.0/monthly/global/cogs/chirps-v3.0.1990.01.cog,"Tue, 25 Feb 2025 18:26:31 GMT","""67be0b57-1ca6c86""",d9a67a1ef0d1d9f557a476d3da043424a9d6805943be2110b8d640f3ed9b614b,sha256_first_16384_bytes_not_full_file_checksum,30043270,content_range=bytes 0-16383/30043270; bytes_read=16384
chirps_v3_final_1990_02,chirps_v3,monthly_rainfall_source_cog,1990,2,https://data.chc.ucsb.edu/products/CHIRPS/v3.0/monthly/global/cogs/chirps-v3.0.1990.02.cog,"Tue, 25 Feb 2025 18:26:34 GMT","""67be0b5a-1c18f07""",589f4735ad22c2cec3171b32902fd6e7f7c41bb79dfe86bb19dc90cac54a9db1,sha256_first_16384_bytes_not_full_file_checksum,29462279,content_range=bytes 0-16383/29462279; bytes_read=16384
chirps_v3_final_1990_03,chirps_v3,monthly_rainfall_source_cog,1990,3,https://data.chc.ucsb.edu/products/CHIRPS/v3.0/monthly/global/cogs/chirps-v3.0.1990.03.cog,"Tue, 25 Feb 2025 18:26:37 GMT","""67be0b5d-1b51e78""",0053d62019a040084ab7f7299047c0fee31c48bbf4217d6f8334e174744dbd22,sha256_first_16384_bytes_not_full_file_checksum,28647032,content_range=bytes 0-16383/28647032; bytes_read=16384
chirps_v3_final_1990_04,chirps_v3,monthly_rainfall_source_cog,1990,4,https://data.chc.ucsb.edu/products/CHIRPS/v3.0/monthly/global/cogs/chirps-v3.0.1990.04.cog,"Tue, 25 Feb 2025 18:26:40 GMT","""67be0b60-1c4d8b1""",145595ffb2c4e8f47856b0f179029fbb9a02618cb572d93b1aca5440aea862e8,sha256_first_16384_bytes_not_full_file_checksum,29677745,content_range=bytes 0-16383/29677745; bytes_read=16384
chirps_v3_final_1990_05,chirps_v3,monthly_rainfall_source_cog,1990,5,https://data.chc.ucsb.edu/products/CHIRPS/v3.0/monthly/global/cogs/chirps-v3.0.1990.05.cog,"Tue, 25 Feb 2025 18:26:43 GMT","""67be0b63-1be9270""",cf7e5344c08732a35c13284d220fb26e782fdb9c07f861a7327b47a1c5bd9d4b,sha256_first_16384_bytes_not_full_file_checksum,29266544,content_range=bytes 0-16383/29266544; bytes_read=16384
chirps_v3_final_1990_06,chirps_v3,monthly_rainfall_source_cog,1990,6,https://data.chc.ucsb.edu/products/CHIRPS/v3.0/monthly/global/cogs/chirps-v3.0.1990.06.cog,"Tue, 25 Feb 2025 18:26:46 GMT","""67be0b66-1c31551""",86cb7dec0df7f4ba624179f6ef952856396c584c002318236e8286e6d014f85c,sha256_first_16384_bytes_not_full_file_checksum,29562193,content_range=bytes 0-16383/29562193; bytes_read=16384
chirps_v3_final_1990_07,chirps_v3,monthly_rainfall_source_cog,1990,7,https://data.chc.ucsb.edu/products/CHIRPS/v3.0/monthly/global/cogs/chirps-v3.0.1990.07.cog,"Tue, 25 Feb 2025 18:26:50 GMT","""67be0b6a-1d4a838""",90e85a35bdeb564528f72bbb1764cc50ec7a9ea26d863048a9f20de0fcba59a4,sha256_first_16384_bytes_not_full_file_checksum,30713912,content_range=bytes 0-16383/30713912; bytes_read=16384
chirps_v3_final_1990_08,chirps_v3,monthly_rainfall_source_cog,1990,8,https://data.chc.ucsb.edu/products/CHIRPS/v3.0/monthly/global/cogs/chirps-v3.0.1990.08.cog,"Tue, 25 Feb 2025 18:26:53 GMT","""67be0b6d-1d1a05b""",eda67e30c413382ea4f9cd8d1c76d2507cc72e2416f5f033df0e97d49c5dae0f,sha256_first_16384_bytes_not_full_file_checksum,30515291,content_range=bytes 0-16383/30515291; bytes_read=16384
chirps_v3_final_1990_09,chirps_v3,monthly_rainfall_source_cog,1990,9,https://data.chc.ucsb.edu/products/CHIRPS/v3.0/monthly/global/cogs/chirps-v3.0.1990.09.cog,"Tue, 25 Feb 2025 18:26:56 GMT","""67be0b70-1d05f25""",3d3919e4b5f05383611abf64e999546c30a040b4c5140b39a730e3fabba71366,sha256_first_16384_bytes_not_full_file_checksum,30433061,content_range=bytes 0-16383/30433061; bytes_read=16384
chirps_v3_final_1990_10,chirps_v3,monthly_rainfall_source_cog,1990,10,https://data.chc.ucsb.edu/products/CHIRPS/v3.0/monthly/global/cogs/chirps-v3.0.1990.10.cog,"Tue, 25 Feb 2025 18:26:59 GMT","""67be0b73-1c903b3""",ebda262592c9ccd87811524af1ba197bf851fc92446c870b42d973ec3c1f388d,sha256_first_16384_bytes_not_full_file_checksum,29950899,content_range=bytes 0-16383/29950899; bytes_read=16384
chirps_v3_final_1990_11,chirps_v3,monthly_rainfall_source_cog,1990,11,https://data.chc.ucsb.edu/products/CHIRPS/v3.0/monthly/global/cogs/chirps-v3.0.1990.11.cog,"Tue, 25 Feb 2025 18:27:02 GMT","""67be0b76-1bf2157""",e5024fda3051d9c64c7bddfd6ea92c3047280b76cc8d6c0712334e9ed716cacc,sha256_first_16384_bytes_not_full_file_checksum,29303127,content_range=bytes 0-16383/29303127; bytes_read=16384
chirps_v3_final_1990_12,chirps_v3,monthly_rainfall_source_cog,1990,12,https://data.chc.ucsb.edu/products/CHIRPS/v3.0/monthly/global/cogs/chirps-v3.0.1990.12.cog,"Tue, 25 Feb 2025 18:27:06 GMT","""67be0b7a-1c578d5""",686d3a33a540c277d738f99663241fe41f47c8153f3d5daa35806c4cd9d69a61,sha256_first_16384_bytes_not_full_file_checksum,29718741,content_range=bytes 0-16383/29718741; bytes_read=16384
chirps_v3_final_1991_01,chirps_v3,monthly_rainfall_source_cog,1991,1,https://data.chc.ucsb.edu/products/CHIRPS/v3.0/monthly/global/cogs/chirps-v3.0.1991.01.cog,"Tue, 25 Feb 2025 18:27:09 GMT","""67be0b7d-1c029b0""",59be650afd41e5df592ef13cf7c54448d6ebd6d1fe2e7bbaed203564a2ad6252,sha256_first_16384_bytes_not_full_file_checksum,29370800,content_range=bytes 0-16383/29370800; bytes_read=16384
chirps_v3_final_1991_02,chirps_v3,monthly_rainfall_source_cog,1991,2,https://data.chc.ucsb.edu/products/CHIRPS/v3.0/monthly/global/cogs/chirps-v3.0.1991.02.cog,"Tue, 25 Feb 2025 18:27:12 GMT","""67be0b80-1bd8251""",6c2161b71f79baf902289e989c681ff1880fd3cc0a4d9432f5718437594ef208,sha256_first_16384_bytes_not_full_file_checksum,29196881,content_range=bytes 0-16383/29196881; bytes_read=16384
chirps_v3_final_1991_03,chirps_v3,monthly_rainfall_source_cog,1991,3,https://data.chc.ucsb.edu/products/CHIRPS/v3.0/monthly/global/cogs/chirps-v3.0.1991.03.cog,"Tue, 25 Feb 2025 18:27:15 GMT","""67be0b83-1c65989""",7e7343d0ed0cd7aad6a37ca20e1ede0e121243b84a9d8e04d4aaf8253226f65b,sha256_first_16384_bytes_not_full_file_checksum,29776265,content_range=bytes 0-16383/29776265; bytes_read=16384
chirps_v3_final_1991_04,chirps_v3,monthly_rainfall_source_cog,1991,4,https://data.chc.ucsb.edu/products/CHIRPS/v3.0/monthly/global/cogs/chirps-v3.0.1991.04.cog,"Tue, 25 Feb 2025 18:27:18 GMT","""67be0b86-1be218d""",10972ffb114cd36647838ff04e5e6403cf7c38e518436c313aa3e42061dabf52,sha256_first_16384_bytes_not_full_file_checksum,29237645,content_range=bytes 0-16383/29237645; bytes_read=16384
chirps_v3_final_1991_05,chirps_v3,monthly_rainfall_source_cog,1991,5,https://data.chc.ucsb.edu/products/CHIRPS/v3.0/monthly/global/cogs/chirps-v3.0.1991.05.cog,"Tue, 25 Feb 2025 18:27:21 GMT","""67be0b89-1cf4838""",3941d20411bbee31fbbfae5cf2d6be39dc859ce3d16e5eb5679985c7b6e03426,sha256_first_16384_bytes_not_full_file_checksum,30361656,content_range=bytes 0-16383/30361656; bytes_read=16384
chirps_v3_final_1991_06,chirps_v3,monthly_rainfall_source_cog,1991,6,https://data.chc.ucsb.edu/products/CHIRPS/v3.0/monthly/global/cogs/chirps-v3.0.1991.06.cog,"Tue, 25 Feb 2025 18:27:24 GMT","""67be0b8c-1cba351""",6ae8b1aa574af64835df6f6f7b4957bf028e1cfea5f6f1908b76b4d55291ac4a,sha256_first_16384_bytes_not_full_file_checksum,30122833,content_range=bytes 0-16383/30122833; bytes_read=16384
chirps_v3_final_1991_07,chirps_v3,monthly_rainfall_source_cog,1991,7,https://data.chc.ucsb.edu/products/CHIRPS/v3.0/monthly/global/cogs/chirps-v3.0.1991.07.cog,"Tue, 25 Feb 2025 18:27:27 GMT","""67be0b8f-1d4f84d""",754f628e58fb33e2b6354f182c437ada836e3a93224f9bc2705ea8f6e7ebcec0,sha256_first_16384_bytes_not_full_file_checksum,30734413,content_range=bytes 0-16383/30734413; bytes_read=16384
chirps_v3_final_1991_08,chirps_v3,monthly_rainfall_source_cog,1991,8,https://data.chc.ucsb.edu/products/CHIRPS/v3.0/monthly/global/cogs/chirps-v3.0.1991.08.cog,"Tue, 25 Feb 2025 18:27:30 GMT","""67be0b92-1d07cd7""",9020f1a203ae76b9711c4a627935334b59d0b2e82510569a41ae5b23e296c937,sha256_first_16384_bytes_not_full_file_checksum,30440663,content_range=bytes 0-16383/30440663; bytes_read=16384
chirps_v3_final_1991_09,chirps_v3,monthly_rainfall_source_cog,1991,9,https://data.chc.ucsb.edu/products/CHIRPS/v3.0/monthly/global/cogs/chirps-v3.0.1991.09.cog,"Tue, 25 Feb 2025 18:27:33 GMT","""67be0b95-1cfc7e0""",357867f4d297300ca8dd083d91d074104c52e43f7492a9d9fec82f4f4f8a74f8,sha256_first_16384_bytes_not_full_file_checksum,30394336,content_range=bytes 0-16383/30394336; bytes_read=16384
chirps_v3_final_1991_10,chirps_v3,monthly_rainfall_source_cog,1991,10,https://data.chc.ucsb.edu/products/CHIRPS/v3.0/monthly/global/cogs/chirps-v3.0.1991.10.cog,"Tue, 25 Feb 2025 18:27:37 GMT","""67be0b99-1c4d359""",875ff3c276edde02d268d805bb243856897815ed17a9a3205e04a46ada90d03a,sha256_first_16384_bytes_not_full_file_checksum,29676377,content_range=bytes 0-16383/29676377; bytes_read=16384
chirps_v3_final_1991_11,chirps_v3,monthly_rainfall_source_cog,1991,11,https://data.chc.ucsb.edu/products/CHIRPS/v3.0/monthly/global/cogs/chirps-v3.0.1991.11.cog,"Tue, 25 Feb 2025 18:27:39 GMT","""67be0b9b-1c23688""",521f96f21385a0bbe0e702ff3b6224a7ba44a07d4cdbd3b56fd67ce0badb64a9,sha256_first_16384_bytes_not_full_file_checksum,29505160,content_range=bytes 0-16383/29505160; bytes_read=16384
chirps_v3_final_1991_12,chirps_v3,monthly_rainfall_source_cog,1991,12,https://data.chc.ucsb.edu/products/CHIRPS/v3.0/monthly/global/cogs/chirps-v3.0.1991.12.cog,"Tue, 25 Feb 2025 18:27:42 GMT","""67be0b9e-1c8271b""",d2a4e4e39b5111894665a11d8c108e7b4f258acadb803bcd2dfaab093d1f782e,sha256_first_16384_bytes_not_full_file_checksum,29894427,content_range=bytes 0-16383/29894427; bytes_read=16384
chirps_v3_final_1992_01,chirps_v3,monthly_rainfall_source_cog,1992,1,https://data.chc.ucsb.edu/products/CHIRPS/v3.0/monthly/global/cogs/chirps-v3.0.1992.01.cog,"Tue, 25 Feb 2025 18:27:45 GMT","""67be0ba1-1b89abf""",37f51f994e611e3ce14b17d8e19825830d43cc7ffb72bde615b33e3e9c760e96,sha256_first_16384_bytes_not_full_file_checksum,28875455,content_range=bytes 0-16383/28875455; bytes_read=16384
chirps_v3_final_1992_02,chirps_v3,monthly_rainfall_source_cog,1992,2,https://data.chc.ucsb.edu/products/CHIRPS/v3.0/monthly/global/cogs/chirps-v3.0.1992.02.cog,"Tue, 25 Feb 2025 18:27:48 GMT","""67be0ba4-1b7df16""",f6467eba5ff6ab9c54a858c32630bbbc54606a625f6d00663b3d0b5c1b8c6c5c,sha256_first_16384_bytes_not_full_file_checksum,28827414,content_range=bytes 0-16383/28827414; bytes_read=16384
chirps_v3_final_1992_03,chirps_v3,monthly_rainfall_source_cog,1992,3,https://data.chc.ucsb.edu/products/CHIRPS/v3.0/monthly/global/cogs/chirps-v3.0.1992.03.cog,"Tue, 25 Feb 2025 18:27:52 GMT","""67be0ba8-1d4a2fb""",927c702f2beaf47f748d3abc3ad636214c54070307e586cd409162c2a457c299,sha256_first_16384_bytes_not_full_file_checksum,30712571,content_range=bytes 0-16383/30712571; bytes_read=16384
chirps_v3_final_1992_04,chirps_v3,monthly_rainfall_source_cog,1992,4,https://data.chc.ucsb.edu/products/CHIRPS/v3.0/monthly/global/cogs/chirps-v3.0.1992.04.cog,"Tue, 25 Feb 2025 18:27:55 GMT","""67be0bab-1ce1cab""",07219fe8e3ba08ce7c6697245f4897d67efe36113d06987c6c160e7cc1a632f2,sha256_first_16384_bytes_not_full_file_checksum,30284971,content_range=bytes 0-16383/30284971; bytes_read=16384
chirps_v3_final_1992_05,chirps_v3,monthly_rainfall_source_cog,1992,5,https://data.chc.ucsb.edu/products/CHIRPS/v3.0/monthly/global/cogs/chirps-v3.0.1992.05.cog,"Tue, 25 Feb 2025 18:27:58 GMT","""67be0bae-1d2e288""",7fbae9a057b43d4da6179fbd315fb6503766ce9d1c4c18d449248e62de8de545,sha256_first_16384_bytes_not_full_file_checksum,30597768,content_range=bytes 0-16383/30597768; bytes_read=16384
chirps_v3_final_1992_06,chirps_v3,monthly_rainfall_source_cog,1992,6,https://data.chc.ucsb.edu/products/CHIRPS/v3.0/monthly/global/cogs/chirps-v3.0.1992.06.cog,"Tue, 25 Feb 2025 18:28:01 GMT","""67be0bb1-1cad54c""",ae772e92a21562cbd4eac7a92f5144682ba0619fd33968a6f4e123c1c12fa7e4,sha256_first_16384_bytes_not_full_file_checksum,30070092,content_range=bytes 0-16383/30070092; bytes_read=16384
chirps_v3_final_1992_07,chirps_v3,monthly_rainfall_source_cog,1992,7,https://data.chc.ucsb.edu/products/CHIRPS/v3.0/monthly/global/cogs/chirps-v3.0.1992.07.cog,"Tue, 25 Feb 2025 18:28:04 GMT","""67be0bb4-1dc0007""",847e043332067d1b195409ba5b2a9a372d0177adf5b30addad8de881c1560794,sha256_first_16384_bytes_not_full_file_checksum,31195143,content_range=bytes 0-16383/31195143; bytes_read=16384
chirps_v3_final_1992_08,chirps_v3,monthly_rainfall_source_cog,1992,8,https://data.chc.ucsb.edu/products/CHIRPS/v3.0/monthly/global/cogs/chirps-v3.0.1992.08.cog,"Tue, 25 Feb 2025 18:28:07 GMT","""67be0bb7-1d477c1""",70b5d1cd4b6b13fc816a4723544089ea519a6903b86965b2fd0a6cf87f9e08db,sha256_first_16384_bytes_not_full_file_checksum,30701505,content_range=bytes 0-16383/30701505; bytes_read=16384
chirps_v3_final_1992_09,chirps_v3,monthly_rainfall_source_cog,1992,9,https://data.chc.ucsb.edu/products/CHIRPS/v3.0/monthly/global/cogs/chirps-v3.0.1992.09.cog,"Tue, 25 Feb 2025 18:28:10 GMT","""67be0bba-1d2b1ed""",aebf50b6b07e1f52d59ae0f83083f0a4ff0fb4ea61a4b6ba8814d68350670baa,sha256_first_16384_bytes_not_full_file_checksum,30585325,content_range=bytes 0-16383/30585325; bytes_read=16384
chirps_v3_final_1992_10,chirps_v3,monthly_rainfall_source_cog,1992,10,https://data.chc.ucsb.edu/products/CHIRPS/v3.0/monthly/global/cogs/chirps-v3.0.1992.10.cog,"Tue, 25 Feb 2025 18:28:13 GMT","""67be0bbd-1c21128""",64e3de0360aad4f991297232ec80a4f1548a3b3fbfa8a5e92d23c8aee7f507bb,sha256_first_16384_bytes_not_full_file_checksum,29495592,content_range=bytes 0-16383/29495592; bytes_read=16384
chirps_v3_final_1992_11,chirps_v3,monthly_rainfall_source_cog,1992,11,https://data.chc.ucsb.edu/products/CHIRPS/v3.0/monthly/global/cogs/chirps-v3.0.1992.11.cog,"Tue, 25 Feb 2025 18:28:17 GMT","""67be0bc1-1c0bd93""",4d878c7eb4d69267f03762f175784d5dbe77e46663fff707eb43b016f3beec30,sha256_first_16384_bytes_not_full_file_checksum,29408659,content_range=bytes 0-16383/29408659; bytes_read=16384
chirps_v3_final_1992_12,chirps_v3,monthly_rainfall_source_cog,1992,12,https://data.chc.ucsb.edu/products/CHIRPS/v3.0/monthly/global/cogs/chirps-v3.0.1992.12.cog,"Tue, 25 Feb 2025 18:28:20 GMT","""67be0bc4-1c53395""",39c2e8dc33af6b11b47248028ec094fb065d0d5efdf06189a7110c796d5dfce6,sha256_first_16384_bytes_not_full_file_checksum,29701013,content_range=bytes 0-16383/29701013; bytes_read=16384
chirps_v3_final_1993_01,chirps_v3,monthly_rainfall_source_cog,1993,1,https://data.chc.ucsb.edu/products/CHIRPS/v3.0/monthly/global/cogs/chirps-v3.0.1993.01.cog,"Tue, 25 Feb 2025 18:28:23 GMT","""67be0bc7-1bf7bfe""",2d64fce3082643e4602687df4a1763c2071b891847e642c67f66fe50c0dc3882,sha256_first_16384_bytes_not_full_file_checksum,29326334,content_range=bytes 0-16383/29326334; bytes_read=16384
chirps_v3_final_1993_02,chirps_v3,monthly_rainfall_source_cog,1993,2,https://data.chc.ucsb.edu/products/CHIRPS/v3.0/monthly/global/cogs/chirps-v3.0.1993.02.cog,"Tue, 25 Feb 2025 18:28:26 GMT","""67be0bca-1b65575""",e7607a2c07e8a86ed3e9fef16af0eec8d467b321baa09c119df73784ce5c64bc,sha256_first_16384_bytes_not_full_file_checksum,28726645,content_range=bytes 0-16383/28726645; bytes_read=16384
chirps_v3_final_1993_03,chirps_v3,monthly_rainfall_source_cog,1993,3,https://data.chc.ucsb.edu/products/CHIRPS/v3.0/monthly/global/cogs/chirps-v3.0.1993.03.cog,"Tue, 25 Feb 2025 18:28:29 GMT","""67be0bcd-1c4b511""",fef5702df1642a059b8fefd8ad6cd012a5f3a2ef2d07da0a5b76b82a5b69fa1c,sha256_first_16384_bytes_not_full_file_checksum,29668625,content_range=bytes 0-16383/29668625; bytes_read=16384
chirps_v3_final_1993_04,chirps_v3,monthly_rainfall_source_cog,1993,4,https://data.chc.ucsb.edu/products/CHIRPS/v3.0/monthly/global/cogs/chirps-v3.0.1993.04.cog,"Tue, 25 Feb 2025 18:28:32 GMT","""67be0bd0-1c986d4""",e4cf5abb668f57ae57ce520c27c7ee5aa3eafc6203a73ee475ea3dd8d6e7815b,sha256_first_16384_bytes_not_full_file_checksum,29984468,content_range=bytes 0-16383/29984468; bytes_read=16384
chirps_v3_final_1993_05,chirps_v3,monthly_rainfall_source_cog,1993,5,https://data.chc.ucsb.edu/products/CHIRPS/v3.0/monthly/global/cogs/chirps-v3.0.1993.05.cog,"Tue, 25 Feb 2025 18:28:35 GMT","""67be0bd3-1d0b5d1""",63a0dbe88a5a84c16d268bd94eedf221f0cdc7b0a19b3570fc785123dd8d7a79,sha256_first_16384_bytes_not_full_file_checksum,30455249,content_range=bytes 0-16383/30455249; bytes_read=16384
chirps_v3_final_1993_06,chirps_v3,monthly_rainfall_source_cog,1993,6,https://data.chc.ucsb.edu/products/CHIRPS/v3.0/monthly/global/cogs/chirps-v3.0.1993.06.cog,"Tue, 25 Feb 2025 18:28:38 GMT","""67be0bd6-1c70b16""",f59731f2498416be1dc2284d9dbe6b6ddcfb634bad8c9900eb1fea2e94601049,sha256_first_16384_bytes_not_full_file_checksum,29821718,content_range=bytes 0-16383/29821718; bytes_read=16384
chirps_v3_final_1993_07,chirps_v3,monthly_rainfall_source_cog,1993,7,https://data.chc.ucsb.edu/products/CHIRPS/v3.0/monthly/global/cogs/chirps-v3.0.1993.07.cog,"Tue, 25 Feb 2025 18:28:41 GMT","""67be0bd9-1d2d304""",6508a5cc753b112cc352377907ff7e4ecb4a0d8fb2ab2258d8131e7154432529,sha256_first_16384_bytes_not_full_file_checksum,30593796,content_range=bytes 0-16383/30593796; bytes_read=16384
chirps_v3_final_1993_08,chirps_v3,monthly_rainfall_source_cog,1993,8,https://data.chc.ucsb.edu/products/CHIRPS/v3.0/monthly/global/cogs/chirps-v3.0.1993.08.cog,"Tue, 25 Feb 2025 18:28:44 GMT","""67be0bdc-1d8a26e""",c00ad9814dc6588e42044e2f25032fc09ae021bcfd0f84d499b8531cbb7e95e9,sha256_first_16384_bytes_not_full_file_checksum,30974574,content_range=bytes 0-16383/30974574; bytes_read=16384
chirps_v3_final_1993_09,chirps_v3,monthly_rainfall_source_cog,1993,9,https://data.chc.ucsb.edu/products/CHIRPS/v3.0/monthly/global/cogs/chirps-v3.0.1993.09.cog,"Tue, 25 Feb 2025 18:28:47 GMT","""67be0bdf-1d29610""",aaa073e535ce1ec1ace7541a486d1b92b75bb2a0f3876a7d29dc3230bbbb0f9b,sha256_first_16384_bytes_not_full_file_checksum,30578192,content_range=bytes 0-16383/30578192; bytes_read=16384
chirps_v3_final_1993_10,chirps_v3,monthly_rainfall_source_cog,1993,10,https://data.chc.ucsb.edu/products/CHIRPS/v3.0/monthly/global/cogs/chirps-v3.0.1993.10.cog,"Tue, 25 Feb 2025 18:28:51 GMT","""67be0be3-1cbaf1d""",c168cd415c30ce52d93493a5832414600d4b1156db18d32f5e36f856c01cc178,sha256_first_16384_bytes_not_full_file_checksum,30125853,content_range=bytes 0-16383/30125853; bytes_read=16384
chirps_v3_final_1993_11,chirps_v3,monthly_rainfall_source_cog,1993,11,https://data.chc.ucsb.edu/products/CHIRPS/v3.0/monthly/global/cogs/chirps-v3.0.1993.11.cog,"Tue, 25 Feb 2025 18:28:54 GMT","""67be0be6-1ceed0e""",725027cba4aa10de884085d1352aa65f5edbc6c8659d368bbfce610a886117c8,sha256_first_16384_bytes_not_full_file_checksum,30338318,content_range=bytes 0-16383/30338318; bytes_read=16384
chirps_v3_final_1993_12,chirps_v3,monthly_rainfall_source_cog,1993,12,https://data.chc.ucsb.edu/products/CHIRPS/v3.0/monthly/global/cogs/chirps-v3.0.1993.12.cog,"Tue, 25 Feb 2025 18:28:57 GMT","""67be0be9-1c6b78d""",8e0fef029753b42c30367d2f8102aaef4f55fd555795417f74e187c029f13fbe,sha256_first_16384_bytes_not_full_file_checksum,29800333,content_range=bytes 0-16383/29800333; bytes_read=16384
chirps_v3_final_1994_01,chirps_v3,monthly_rainfall_source_cog,1994,1,https://data.chc.ucsb.edu/products/CHIRPS/v3.0/monthly/global/cogs/chirps-v3.0.1994.01.cog,"Tue, 25 Feb 2025 18:29:00 GMT","""67be0bec-1b78a7e""",0ee89be78171f5d6a39b95f60124aef024940a5d8bc3c1c3d8712a17543a60ca,sha256_first_16384_bytes_not_full_file_checksum,28805758,content_range=bytes 0-16383/28805758; bytes_read=16384
chirps_v3_final_1994_02,chirps_v3,monthly_rainfall_source_cog,1994,2,https://data.chc.ucsb.edu/products/CHIRPS/v3.0/monthly/global/cogs/chirps-v3.0.1994.02.cog,"Tue, 25 Feb 2025 18:29:03 GMT","""67be0bef-1ac00ec""",41af37d869824d52cfbd79838abc7b26a6c46e996f294f6f845425c69d70acca,sha256_first_16384_bytes_not_full_file_checksum,28049644,content_range=bytes 0-16383/28049644; bytes_read=16384
chirps_v3_final_1994_03,chirps_v3,monthly_rainfall_source_cog,1994,3,https://data.chc.ucsb.edu/products/CHIRPS/v3.0/monthly/global/cogs/chirps-v3.0.1994.03.cog,"Tue, 25 Feb 2025 18:29:06 GMT","""67be0bf2-1b700bb""",682e32b6c2eb54dba473c6e41df52dce0b85692eaef10989dcb2ab2829e53162,sha256_first_16384_bytes_not_full_file_checksum,28770491,content_range=bytes 0-16383/28770491; bytes_read=16384
chirps_v3_final_1994_04,chirps_v3,monthly_rainfall_source_cog,1994,4,https://data.chc.ucsb.edu/products/CHIRPS/v3.0/monthly/global/cogs/chirps-v3.0.1994.04.cog,"Tue, 25 Feb 2025 18:29:09 GMT","""67be0bf5-1cb3829""",e842261bc71133f438f9b4a8533e8bdbb0ef73fe04d3ccdeba4cfed62e086fd4,sha256_first_16384_bytes_not_full_file_checksum,30095401,content_range=bytes 0-16383/30095401; bytes_read=16384
chirps_v3_final_1994_05,chirps_v3,monthly_rainfall_source_cog,1994,5,https://data.chc.ucsb.edu/products/CHIRPS/v3.0/monthly/global/cogs/chirps-v3.0.1994.05.cog,"Tue, 25 Feb 2025 18:29:12 GMT","""67be0bf8-1c28011""",1954d506a8ed1546d5f3a8811bddee6d83ee3b070bd62f4a004d6a72db19680e,sha256_first_16384_bytes_not_full_file_checksum,29523985,content_range=bytes 0-16383/29523985; bytes_read=16384
chirps_v3_final_1994_06,chirps_v3,monthly_rainfall_source_cog,1994,6,https://data.chc.ucsb.edu/products/CHIRPS/v3.0/monthly/global/cogs/chirps-v3.0.1994.06.cog,"Tue, 25 Feb 2025 18:29:15 GMT","""67be0bfb-1c34025""",f12333a90c642e772f2dfc7b7cedee16d68a4e20be1c1442f178b0171b75fbd8,sha256_first_16384_bytes_not_full_file_checksum,29573157,content_range=bytes 0-16383/29573157; bytes_read=16384
chirps_v3_final_1994_07,chirps_v3,monthly_rainfall_source_cog,1994,7,https://data.chc.ucsb.edu/products/CHIRPS/v3.0/monthly/global/cogs/chirps-v3.0.1994.07.cog,"Tue, 25 Feb 2025 18:29:18 GMT","""67be0bfe-1d433fe""",58aaed6b4ada04e6f51a3f14759e13061bb89d3a2a1f3147e5f066c6fd840d24,sha256_first_16384_bytes_not_full_file_checksum,30684158,content_range=bytes 0-16383/30684158; bytes_read=16384
chirps_v3_final_1994_08,chirps_v3,monthly_rainfall_source_cog,1994,8,https://data.chc.ucsb.edu/products/CHIRPS/v3.0/monthly/global/cogs/chirps-v3.0.1994.08.cog,"Tue, 25 Feb 2025 18:29:21 GMT","""67be0c01-1d11065""",fb12685720c0d90a91b7d6533af5f37138bce5be2b6a328789855b282852d211,sha256_first_16384_bytes_not_full_file_checksum,30478437,content_range=bytes 0-16383/30478437; bytes_read=16384
chirps_v3_final_1994_09,chirps_v3,monthly_rainfall_source_cog,1994,9,https://data.chc.ucsb.edu/products/CHIRPS/v3.0/monthly/global/cogs/chirps-v3.0.1994.09.cog,"Tue, 25 Feb 2025 18:29:24 GMT","""67be0c04-1d8fdad""",ca86302e89ed4ee92cdf5d63f07cd3153e3706136721ae88c24c35249e52e840,sha256_first_16384_bytes_not_full_file_checksum,30997933,content_range=bytes 0-16383/30997933; bytes_read=16384
chirps_v3_final_1994_10,chirps_v3,monthly_rainfall_source_cog,1994,10,https://data.chc.ucsb.edu/products/CHIRPS/v3.0/monthly/global/cogs/chirps-v3.0.1994.10.cog,"Tue, 25 Feb 2025 18:29:27 GMT","""67be0c07-1ceaee6""",bbff60cb87176b82cf55d088ed25f5ffb8418de923a0359767ca23f30d29fa28,sha256_first_16384_bytes_not_full_file_checksum,30322406,content_range=bytes 0-16383/30322406; bytes_read=16384
chirps_v3_final_1994_11,chirps_v3,monthly_rainfall_source_cog,1994,11,https://data.chc.ucsb.edu/products/CHIRPS/v3.0/monthly/global/cogs/chirps-v3.0.1994.11.cog,"Tue, 25 Feb 2025 18:29:30 GMT","""67be0c0a-1c3f578""",8c11f136144edbe06881cd4bfc61b1f4d1c0c4d3d1eafe104c2b168f09ec6a73,sha256_first_16384_bytes_not_full_file_checksum,29619576,content_range=bytes 0-16383/29619576; bytes_read=16384
chirps_v3_final_1994_12,chirps_v3,monthly_rainfall_source_cog,1994,12,https://data.chc.ucsb.edu/products/CHIRPS/v3.0/monthly/global/cogs/chirps-v3.0.1994.12.cog,"Tue, 25 Feb 2025 18:29:33 GMT","""67be0c0d-1c6280e""",397c00bddd54e0ff10a56dee34cb6903d3af5e1f7fc5de97c80927eb9f231110,sha256_first_16384_bytes_not_full_file_checksum,29763598,content_range=bytes 0-16383/29763598; bytes_read=16384
chirps_v3_final_1995_01,chirps_v3,monthly_rainfall_source_cog,1995,1,https://data.chc.ucsb.edu/products/CHIRPS/v3.0/monthly/global/cogs/chirps-v3.0.1995.01.cog,"Tue, 25 Feb 2025 18:29:36 GMT","""67be0c10-1ae3d18""",179a3de673d13b5962fa889449743dc93b197b9f927f66515abfb9e2975fdda4,sha256_first_16384_bytes_not_full_file_checksum,28196120,content_range=bytes 0-16383/28196120; bytes_read=16384
chirps_v3_final_1995_02,chirps_v3,monthly_rainfall_source_cog,1995,2,https://data.chc.ucsb.edu/products/CHIRPS/v3.0/monthly/global/cogs/chirps-v3.0.1995.02.cog,"Tue, 25 Feb 2025 18:29:39 GMT","""67be0c13-1a941c8""",cf1e065adedba2fbe112aae0664c6353c3e8c840bf547a12637f0da35828afe1,sha256_first_16384_bytes_not_full_file_checksum,27869640,content_range=bytes 0-16383/27869640; bytes_read=16384
chirps_v3_final_1995_03,chirps_v3,monthly_rainfall_source_cog,1995,3,https://data.chc.ucsb.edu/products/CHIRPS/v3.0/monthly/global/cogs/chirps-v3.0.1995.03.cog,"Tue, 25 Feb 2025 18:29:42 GMT","""67be0c16-1c68058""",951eb0948a1978e94281199e81b6d11a310914c7d029f5b5bdd065159355708c,sha256_first_16384_bytes_not_full_file_checksum,29786200,content_range=bytes 0-16383/29786200; bytes_read=16384
chirps_v3_final_1995_04,chirps_v3,monthly_rainfall_source_cog,1995,4,https://data.chc.ucsb.edu/products/CHIRPS/v3.0/monthly/global/cogs/chirps-v3.0.1995.04.cog,"Tue, 25 Feb 2025 18:29:45 GMT","""67be0c19-1cbf9df""",4487c9c98b9b042980d1f99f08d5dc535706260fd900dd166059b895ef4b02de,sha256_first_16384_bytes_not_full_file_checksum,30144991,content_range=bytes 0-16383/30144991; bytes_read=16384
chirps_v3_final_1995_05,chirps_v3,monthly_rainfall_source_cog,1995,5,https://data.chc.ucsb.edu/products/CHIRPS/v3.0/monthly/global/cogs/chirps-v3.0.1995.05.cog,"Tue, 25 Feb 2025 18:29:48 GMT","""67be0c1c-1c6c61f""",95aace1427622c817e39baf1ca419c7d2555bbf8477e5ff6b2dff938da3faeb6,sha256_first_16384_bytes_not_full_file_checksum,29804063,content_range=bytes 0-16383/29804063; bytes_read=16384
chirps_v3_final_1995_06,chirps_v3,monthly_rainfall_source_cog,1995,6,https://data.chc.ucsb.edu/products/CHIRPS/v3.0/monthly/global/cogs/chirps-v3.0.1995.06.cog,"Tue, 25 Feb 2025 18:29:51 GMT","""67be0c1f-1c78333""",ccc8c8a9b7da2d4b10a1348d7882d301f32584edbf928a7f9617e50faccc18a7,sha256_first_16384_bytes_not_full_file_checksum,29852467,content_range=bytes 0-16383/29852467; bytes_read=16384
chirps_v3_final_1995_07,chirps_v3,monthly_rainfall_source_cog,1995,7,https://data.chc.ucsb.edu/products/CHIRPS/v3.0/monthly/global/cogs/chirps-v3.0.1995.07.cog,"Tue, 25 Feb 2025 18:29:54 GMT","""67be0c22-1d40a59""",6131f9668bdcbbd2555a976937f79e499e2c083e4ee6be3b5ae9002acd83f89a,sha256_first_16384_bytes_not_full_file_checksum,30673497,content_range=bytes 0-16383/30673497; bytes_read=16384
chirps_v3_final_1995_08,chirps_v3,monthly_rainfall_source_cog,1995,8,https://data.chc.ucsb.edu/products/CHIRPS/v3.0/monthly/global/cogs/chirps-v3.0.1995.08.cog,"Tue, 25 Feb 2025 18:29:57 GMT","""67be0c25-1d39e47""",67c11ec75711a339933c95617997e2b8b827abfd7f72fb3186e2d6b5fe9dd0c2,sha256_first_16384_bytes_not_full_file_checksum,30645831,content_range=bytes 0-16383/30645831; bytes_read=16384
chirps_v3_final_1995_09,chirps_v3,monthly_rainfall_source_cog,1995,9,https://data.chc.ucsb.edu/products/CHIRPS/v3.0/monthly/global/cogs/chirps-v3.0.1995.09.cog,"Tue, 25 Feb 2025 18:30:01 GMT","""67be0c29-1d6dcce""",5af77b01b74515ec70d55f2d24ec2af6972910a2baf43679749163ec8aef8efb,sha256_first_16384_bytes_not_full_file_checksum,30858446,content_range=bytes 0-16383/30858446; bytes_read=16384
chirps_v3_final_1995_10,chirps_v3,monthly_rainfall_source_cog,1995,10,https://data.chc.ucsb.edu/products/CHIRPS/v3.0/monthly/global/cogs/chirps-v3.0.1995.10.cog,"Tue, 25 Feb 2025 18:30:03 GMT","""67be0c2b-1c70ebb""",055b891bebc79551db106760e8630e764d174214f8aade71c9df3cf2437fe82f,sha256_first_16384_bytes_not_full_file_checksum,29822651,content_range=bytes 0-16383/29822651; bytes_read=16384
chirps_v3_final_1995_11,chirps_v3,monthly_rainfall_source_cog,1995,11,https://data.chc.ucsb.edu/products/CHIRPS/v3.0/monthly/global/cogs/chirps-v3.0.1995.11.cog,"Tue, 25 Feb 2025 18:30:06 GMT","""67be0c2e-1bc635e""",5d7507e6302046933dc2c755dd66728933221a80eb88aeec8f045ccd62790c71,sha256_first_16384_bytes_not_full_file_checksum,29123422,content_range=bytes 0-16383/29123422; bytes_read=16384
chirps_v3_final_1995_12,chirps_v3,monthly_rainfall_source_cog,1995,12,https://data.chc.ucsb.edu/products/CHIRPS/v3.0/monthly/global/cogs/chirps-v3.0.1995.12.cog,"Tue, 25 Feb 2025 18:30:09 GMT","""67be0c31-1ca33cd""",85c62ce5ba9ce75cfe27a589b781b768d2e3cf05b324ba1f59529ea2d0bd0b0c,sha256_first_16384_bytes_not_full_file_checksum,30028749,content_range=bytes 0-16383/30028749; bytes_read=16384
chirps_v3_final_1996_01,chirps_v3,monthly_rainfall_source_cog,1996,1,https://data.chc.ucsb.edu/products/CHIRPS/v3.0/monthly/global/cogs/chirps-v3.0.1996.01.cog,"Tue, 25 Feb 2025 18:30:12 GMT","""67be0c34-1b6c321""",6c37970f93e1bda9282c56af5fc27bca71ca9e24fa1ccc78eb6259f4a4f0a627,sha256_first_16384_bytes_not_full_file_checksum,28754721,content_range=bytes 0-16383/28754721; bytes_read=16384
chirps_v3_final_1996_02,chirps_v3,monthly_rainfall_source_cog,1996,2,https://data.chc.ucsb.edu/products/CHIRPS/v3.0/monthly/global/cogs/chirps-v3.0.1996.02.cog,"Tue, 25 Feb 2025 18:30:15 GMT","""67be0c37-1b9eeac""",7ca3ff59d6c97561dab558a299064983460ed9f7f8319c177309b63be77a7b97,sha256_first_16384_bytes_not_full_file_checksum,28962476,content_range=bytes 0-16383/28962476; bytes_read=16384
chirps_v3_final_1996_03,chirps_v3,monthly_rainfall_source_cog,1996,3,https://data.chc.ucsb.edu/products/CHIRPS/v3.0/monthly/global/cogs/chirps-v3.0.1996.03.cog,"Tue, 25 Feb 2025 18:30:19 GMT","""67be0c3b-1be4628""",dc2c764bf31216c581a3e2e54cfd23d841ee7a594378bab6a7a0c19695fc9c13,sha256_first_16384_bytes_not_full_file_checksum,29247016,content_range=bytes 0-16383/29247016; bytes_read=16384
chirps_v3_final_1996_04,chirps_v3,monthly_rainfall_source_cog,1996,4,https://data.chc.ucsb.edu/products/CHIRPS/v3.0/monthly/global/cogs/chirps-v3.0.1996.04.cog,"Tue, 25 Feb 2025 18:30:21 GMT","""67be0c3d-1bd6edd""",09897147ed39cebf6b8a828f9bac38253544fb47253551a16d9a49a322a853b1,sha256_first_16384_bytes_not_full_file_checksum,29191901,content_range=bytes 0-16383/29191901; bytes_read=16384
chirps_v3_final_1996_05,chirps_v3,monthly_rainfall_source_cog,1996,5,https://data.chc.ucsb.edu/products/CHIRPS/v3.0/monthly/global/cogs/chirps-v3.0.1996.05.cog,"Tue, 25 Feb 2025 18:30:25 GMT","""67be0c41-1ca5247""",e4712f916067f149b6b2706d102ff3084c9d8d5c989f7351b89d4754f1dc776a,sha256_first_16384_bytes_not_full_file_checksum,30036551,content_range=bytes 0-16383/30036551; bytes_read=16384
chirps_v3_final_1996_06,chirps_v3,monthly_rainfall_source_cog,1996,6,https://data.chc.ucsb.edu/products/CHIRPS/v3.0/monthly/global/cogs/chirps-v3.0.1996.06.cog,"Tue, 25 Feb 2025 18:30:28 GMT","""67be0c44-1c87201""",2fc9816da28272fb155d7f5a587fa0a23d3aa50d652138b41e7acd33c36c253e,sha256_first_16384_bytes_not_full_file_checksum,29913601,content_range=bytes 0-16383/29913601; bytes_read=16384
chirps_v3_final_1996_07,chirps_v3,monthly_rainfall_source_cog,1996,7,https://data.chc.ucsb.edu/products/CHIRPS/v3.0/monthly/global/cogs/chirps-v3.0.1996.07.cog,"Tue, 25 Feb 2025 18:30:31 GMT","""67be0c47-1d03de8""",e86274e5fe743059ad5b5428fc091c2f8a7bb4bc043899312a54e437a41c7ada,sha256_first_16384_bytes_not_full_file_checksum,30424552,content_range=bytes 0-16383/30424552; bytes_read=16384
chirps_v3_final_1996_08,chirps_v3,monthly_rainfall_source_cog,1996,8,https://data.chc.ucsb.edu/products/CHIRPS/v3.0/monthly/global/cogs/chirps-v3.0.1996.08.cog,"Tue, 25 Feb 2025 18:30:34 GMT","""67be0c4a-1d07560""",6b690ccafaf9d6b1d71504fb4310ea3e43e19e0ddb48d73635a870248a80f09f,sha256_first_16384_bytes_not_full_file_checksum,30438752,content_range=bytes 0-16383/30438752; bytes_read=16384
chirps_v3_final_1996_09,chirps_v3,monthly_rainfall_source_cog,1996,9,https://data.chc.ucsb.edu/products/CHIRPS/v3.0/monthly/global/cogs/chirps-v3.0.1996.09.cog,"Tue, 25 Feb 2025 18:30:37 GMT","""67be0c4d-1d62f4b""",5bc0eab832bc66868dce8d2ffd4ed1b14f9add45b606e7f38c14607f059c15fe,sha256_first_16384_bytes_not_full_file_checksum,30814027,content_range=bytes 0-16383/30814027; bytes_read=16384
chirps_v3_final_1996_10,chirps_v3,monthly_rainfall_source_cog,1996,10,https://data.chc.ucsb.edu/products/CHIRPS/v3.0/monthly/global/cogs/chirps-v3.0.1996.10.cog,"Tue, 25 Feb 2025 18:30:40 GMT","""67be0c50-1ca7e0f""",3f83ef23a7da6b1d840d1c5ed394c6e7f913aad60e9595e1cb419fdbb29f414a,sha256_first_16384_bytes_not_full_file_checksum,30047759,content_range=bytes 0-16383/30047759; bytes_read=16384
chirps_v3_final_1996_11,chirps_v3,monthly_rainfall_source_cog,1996,11,https://data.chc.ucsb.edu/products/CHIRPS/v3.0/monthly/global/cogs/chirps-v3.0.1996.11.cog,"Tue, 25 Feb 2025 18:30:44 GMT","""67be0c54-1b9903c""",b8a1f688243d6381521bdeb6c972de370d10677e98a92d57bb46e8aa54c67b60,sha256_first_16384_bytes_not_full_file_checksum,28938300,content_range=bytes 0-16383/28938300; bytes_read=16384
chirps_v3_final_1996_12,chirps_v3,monthly_rainfall_source_cog,1996,12,https://data.chc.ucsb.edu/products/CHIRPS/v3.0/monthly/global/cogs/chirps-v3.0.1996.12.cog,"Tue, 25 Feb 2025 18:30:47 GMT","""67be0c57-1c14df7""",7258874dfc0c7302e72dc9921db8fc03839ad70f0dd21fbe7c527a526c11d11e,sha256_first_16384_bytes_not_full_file_checksum,29445623,content_range=bytes 0-16383/29445623; bytes_read=16384
chirps_v3_final_1997_01,chirps_v3,monthly_rainfall_source_cog,1997,1,https://data.chc.ucsb.edu/products/CHIRPS/v3.0/monthly/global/cogs/chirps-v3.0.1997.01.cog,"Tue, 25 Feb 2025 18:30:50 GMT","""67be0c5a-1bf5032""",cc412c45dc9ca95b565e0be4e4736e7c20862e1cbbea8982fc5c5fcfdc025606,sha256_first_16384_bytes_not_full_file_checksum,29315122,content_range=bytes 0-16383/29315122; bytes_read=16384
chirps_v3_final_1997_02,chirps_v3,monthly_rainfall_source_cog,1997,2,https://data.chc.ucsb.edu/products/CHIRPS/v3.0/monthly/global/cogs/chirps-v3.0.1997.02.cog,"Tue, 25 Feb 2025 18:30:53 GMT","""67be0c5d-19ccf11""",c71d998665e1bf4292af24ab845770a80dbc622f473a884afea63ee669c8ac49,sha256_first_16384_bytes_not_full_file_checksum,27053841,content_range=bytes 0-16383/27053841; bytes_read=16384
chirps_v3_final_1997_03,chirps_v3,monthly_rainfall_source_cog,1997,3,https://data.chc.ucsb.edu/products/CHIRPS/v3.0/monthly/global/cogs/chirps-v3.0.1997.03.cog,"Tue, 25 Feb 2025 18:30:57 GMT","""67be0c61-1ba4686""",6ce3b4a7e24cf41195bba937ec783eaa7f984a159f5692b7cba9b6ea5d9be4db,sha256_first_16384_bytes_not_full_file_checksum,28984966,content_range=bytes 0-16383/28984966; bytes_read=16384
chirps_v3_final_1997_04,chirps_v3,monthly_rainfall_source_cog,1997,4,https://data.chc.ucsb.edu/products/CHIRPS/v3.0/monthly/global/cogs/chirps-v3.0.1997.04.cog,"Tue, 25 Feb 2025 18:31:00 GMT","""67be0c64-1b8a3c4""",9af01e9cb534d82a6527d48df43abb3f64120a7bed15482a268cd5827f66f3f4,sha256_first_16384_bytes_not_full_file_checksum,28877764,content_range=bytes 0-16383/28877764; bytes_read=16384
chirps_v3_final_1997_05,chirps_v3,monthly_rainfall_source_cog,1997,5,https://data.chc.ucsb.edu/products/CHIRPS/v3.0/monthly/global/cogs/chirps-v3.0.1997.05.cog,"Tue, 25 Feb 2025 18:31:03 GMT","""67be0c67-1cdf854""",04cc4563872ae853b475766b0239ccef610b95098120982583acee188a85bf8a,sha256_first_16384_bytes_not_full_file_checksum,30275668,content_range=bytes 0-16383/30275668; bytes_read=16384
chirps_v3_final_1997_06,chirps_v3,monthly_rainfall_source_cog,1997,6,https://data.chc.ucsb.edu/products/CHIRPS/v3.0/monthly/global/cogs/chirps-v3.0.1997.06.cog,"Tue, 25 Feb 2025 18:31:06 GMT","""67be0c6a-1d3c25e""",3b8f90530f66d9f7a8cdba75a72114e98f3b0008ae79af515862b7903132a96a,sha256_first_16384_bytes_not_full_file_checksum,30655070,content_range=bytes 0-16383/30655070; bytes_read=16384
chirps_v3_final_1997_07,chirps_v3,monthly_rainfall_source_cog,1997,7,https://data.chc.ucsb.edu/products/CHIRPS/v3.0/monthly/global/cogs/chirps-v3.0.1997.07.cog,"Tue, 25 Feb 2025 18:31:10 GMT","""67be0c6e-1d271f7""",a2aeb1a1fec4198595d855caab268f55de55034bb40a726a438a8df9b958bb56,sha256_first_16384_bytes_not_full_file_checksum,30568951,content_range=bytes 0-16383/30568951; bytes_read=16384
chirps_v3_final_1997_08,chirps_v3,monthly_rainfall_source_cog,1997,8,https://data.chc.ucsb.edu/products/CHIRPS/v3.0/monthly/global/cogs/chirps-v3.0.1997.08.cog,"Tue, 25 Feb 2025 18:31:13 GMT","""67be0c71-1dbf58c""",93e7144504ff7944843097709a807b7a698d624a9f7d916efda4bd48546c138e,sha256_first_16384_bytes_not_full_file_checksum,31192460,content_range=bytes 0-16383/31192460; bytes_read=16384
chirps_v3_final_1997_09,chirps_v3,monthly_rainfall_source_cog,1997,9,https://data.chc.ucsb.edu/products/CHIRPS/v3.0/monthly/global/cogs/chirps-v3.0.1997.09.cog,"Tue, 25 Feb 2025 18:31:16 GMT","""67be0c74-1d7ef48""",25fd68f8585e40909c3030c7f7463bbe2157f4e09f1d2236f019d142f3d42571,sha256_first_16384_bytes_not_full_file_checksum,30928712,content_range=bytes 0-16383/30928712; bytes_read=16384
chirps_v3_final_1997_10,chirps_v3,monthly_rainfall_source_cog,1997,10,https://data.chc.ucsb.edu/products/CHIRPS/v3.0/monthly/global/cogs/chirps-v3.0.1997.10.cog,"Tue, 25 Feb 2025 18:31:20 GMT","""67be0c78-1ce408b""",b081e3e7102598c26f601dd60f8016850e69d74eb8864b76f01360a32672a717,sha256_first_16384_bytes_not_full_file_checksum,30294155,content_range=bytes 0-16383/30294155; bytes_read=16384
chirps_v3_final_1997_11,chirps_v3,monthly_rainfall_source_cog,1997,11,https://data.chc.ucsb.edu/products/CHIRPS/v3.0/monthly/global/cogs/chirps-v3.0.1997.11.cog,"Tue, 25 Feb 2025 18:31:23 GMT","""67be0c7b-1cbe81f""",597119e40e23328b8e9031aa019aa6e9f33d728245edd8bca1806d5835722fdc,sha256_first_16384_bytes_not_full_file_checksum,30140447,content_range=bytes 0-16383/30140447; bytes_read=16384
chirps_v3_final_1997_12,chirps_v3,monthly_rainfall_source_cog,1997,12,https://data.chc.ucsb.edu/products/CHIRPS/v3.0/monthly/global/cogs/chirps-v3.0.1997.12.cog,"Tue, 25 Feb 2025 18:31:26 GMT","""67be0c7e-1c97a44""",8d695fb5ce66aa50dbf74ad46bb3b2a23a702ac9e334a71da14e47751c250ae8,sha256_first_16384_bytes_not_full_file_checksum,29981252,content_range=bytes 0-16383/29981252; bytes_read=16384
chirps_v3_final_1998_01,chirps_v3,monthly_rainfall_source_cog,1998,1,https://data.chc.ucsb.edu/products/CHIRPS/v3.0/monthly/global/cogs/chirps-v3.0.1998.01.cog,"Tue, 25 Feb 2025 18:31:29 GMT","""67be0c81-1cecac2""",e1ac14fb523f28a8352e3b292ae36dc2a666782be1aa5885279ba94d8b5eb91b,sha256_first_16384_bytes_not_full_file_checksum,30329538,content_range=bytes 0-16383/30329538; bytes_read=16384
chirps_v3_final_1998_02,chirps_v3,monthly_rainfall_source_cog,1998,2,https://data.chc.ucsb.edu/products/CHIRPS/v3.0/monthly/global/cogs/chirps-v3.0.1998.02.cog,"Tue, 25 Feb 2025 18:31:32 GMT","""67be0c84-1bf8cb9""",d1f0b91f7aa9383032293c8100dcbb94a0f1d0b51a1607f6fd536df3b813e4a5,sha256_first_16384_bytes_not_full_file_checksum,29330617,content_range=bytes 0-16383/29330617; bytes_read=16384
chirps_v3_final_1998_03,chirps_v3,monthly_rainfall_source_cog,1998,3,https://data.chc.ucsb.edu/products/CHIRPS/v3.0/monthly/global/cogs/chirps-v3.0.1998.03.cog,"Tue, 25 Feb 2025 18:31:35 GMT","""67be0c87-1c65a2d""",3ec24169418ff2d31b3afd042a6d478d48cdfd0a19055d86d2001bc8906d1fd1,sha256_first_16384_bytes_not_full_file_checksum,29776429,content_range=bytes 0-16383/29776429; bytes_read=16384
chirps_v3_final_1998_04,chirps_v3,monthly_rainfall_source_cog,1998,4,https://data.chc.ucsb.edu/products/CHIRPS/v3.0/monthly/global/cogs/chirps-v3.0.1998.04.cog,"Tue, 25 Feb 2025 18:31:39 GMT","""67be0c8b-1ca27a7""",4d2656209cd4569d37db3c2aa8fd05b431cb6e6c048187e55113283574222e6f,sha256_first_16384_bytes_not_full_file_checksum,30025639,content_range=bytes 0-16383/30025639; bytes_read=16384
chirps_v3_final_1998_05,chirps_v3,monthly_rainfall_source_cog,1998,5,https://data.chc.ucsb.edu/products/CHIRPS/v3.0/monthly/global/cogs/chirps-v3.0.1998.05.cog,"Tue, 25 Feb 2025 18:31:42 GMT","""67be0c8e-1d631bf""",a7af4fcc62476882740a3451a16c38a635d629b17de3287e733aadd3037c0567,sha256_first_16384_bytes_not_full_file_checksum,30814655,content_range=bytes 0-16383/30814655; bytes_read=16384
chirps_v3_final_1998_06,chirps_v3,monthly_rainfall_source_cog,1998,6,https://data.chc.ucsb.edu/products/CHIRPS/v3.0/monthly/global/cogs/chirps-v3.0.1998.06.cog,"Tue, 25 Feb 2025 18:31:45 GMT","""67be0c91-1c8c0c7""",91c120024cab153482a9d95081fb151d521f3014fe033d0bc64949c1bc50347d,sha256_first_16384_bytes_not_full_file_checksum,29933767,content_range=bytes 0-16383/29933767; bytes_read=16384
chirps_v3_final_1998_07,chirps_v3,monthly_rainfall_source_cog,1998,7,https://data.chc.ucsb.edu/products/CHIRPS/v3.0/monthly/global/cogs/chirps-v3.0.1998.07.cog,"Tue, 25 Feb 2025 18:31:48 GMT","""67be0c94-1d001ad""",8296d8f6f308cd8ade7b8a958761f92879bbe9cf7066c0304903593e6455c3b6,sha256_first_16384_bytes_not_full_file_checksum,30409133,content_range=bytes 0-16383/30409133; bytes_read=16384
chirps_v3_final_1998_08,chirps_v3,monthly_rainfall_source_cog,1998,8,https://data.chc.ucsb.edu/products/CHIRPS/v3.0/monthly/global/cogs/chirps-v3.0.1998.08.cog,"Tue, 25 Feb 2025 18:31:51 GMT","""67be0c97-1d4f983""",4edb05fefcb5a7f0762b60c9154d86810787c7736865a969685af5308b6c3052,sha256_first_16384_bytes_not_full_file_checksum,30734723,content_range=bytes 0-16383/30734723; bytes_read=16384
chirps_v3_final_1998_09,chirps_v3,monthly_rainfall_source_cog,1998,9,https://data.chc.ucsb.edu/products/CHIRPS/v3.0/monthly/global/cogs/chirps-v3.0.1998.09.cog,"Tue, 25 Feb 2025 18:31:55 GMT","""67be0c9b-1d9d931""",3731ef6ecc2c6fc1e38df90ed15ea16edefdfb2555b7d67e83053a1a7995a64e,sha256_first_16384_bytes_not_full_file_checksum,31054129,content_range=bytes 0-16383/31054129; bytes_read=16384
chirps_v3_final_1998_10,chirps_v3,monthly_rainfall_source_cog,1998,10,https://data.chc.ucsb.edu/products/CHIRPS/v3.0/monthly/global/cogs/chirps-v3.0.1998.10.cog,"Tue, 25 Feb 2025 18:31:58 GMT","""67be0c9e-1c9a5c9""",a0295d235ae07ac027311b2235cedc329d049cd180ad782b0144fd33224dd068,sha256_first_16384_bytes_not_full_file_checksum,29992393,content_range=bytes 0-16383/29992393; bytes_read=16384
chirps_v3_final_1998_11,chirps_v3,monthly_rainfall_source_cog,1998,11,https://data.chc.ucsb.edu/products/CHIRPS/v3.0/monthly/global/cogs/chirps-v3.0.1998.11.cog,"Tue, 25 Feb 2025 18:32:01 GMT","""67be0ca1-1b9c116""",89136ebecbf4fe9c7ad6446e505698078e768f06bdd2c3d52d7eed457878253e,sha256_first_16384_bytes_not_full_file_checksum,28950806,content_range=bytes 0-16383/28950806; bytes_read=16384
chirps_v3_final_1998_12,chirps_v3,monthly_rainfall_source_cog,1998,12,https://data.chc.ucsb.edu/products/CHIRPS/v3.0/monthly/global/cogs/chirps-v3.0.1998.12.cog,"Tue, 25 Feb 2025 18:32:04 GMT","""67be0ca4-1c13b96""",dd6c2564b853df82468b5bf1f85836039e0e4acb8abdabf5773c0be03fa1dde0,sha256_first_16384_bytes_not_full_file_checksum,29440918,content_range=bytes 0-16383/29440918; bytes_read=16384
chirps_v3_final_1999_01,chirps_v3,monthly_rainfall_source_cog,1999,1,https://data.chc.ucsb.edu/products/CHIRPS/v3.0/monthly/global/cogs/chirps-v3.0.1999.01.cog,"Tue, 25 Feb 2025 18:32:07 GMT","""67be0ca7-1bcd6db""",0dadd0e644604d480f76a691311af1693aa1aa229b6122757ec3944ec4601351,sha256_first_16384_bytes_not_full_file_checksum,29152987,content_range=bytes 0-16383/29152987; bytes_read=16384
chirps_v3_final_1999_02,chirps_v3,monthly_rainfall_source_cog,1999,2,https://data.chc.ucsb.edu/products/CHIRPS/v3.0/monthly/global/cogs/chirps-v3.0.1999.02.cog,"Tue, 25 Feb 2025 18:32:10 GMT","""67be0caa-1bd64a7""",795819a53b7b0a6130814311b7a0e0e2dfb3da7c9d17e35230a016b4c06c0bb7,sha256_first_16384_bytes_not_full_file_checksum,29189287,content_range=bytes 0-16383/29189287; bytes_read=16384
chirps_v3_final_1999_03,chirps_v3,monthly_rainfall_source_cog,1999,3,https://data.chc.ucsb.edu/products/CHIRPS/v3.0/monthly/global/cogs/chirps-v3.0.1999.03.cog,"Tue, 25 Feb 2025 18:32:13 GMT","""67be0cad-1b02401""",f6cee92115051a17eb2bb4283877f08ec5900a786aa7261940c70ced64bfd5d0,sha256_first_16384_bytes_not_full_file_checksum,28320769,content_range=bytes 0-16383/28320769; bytes_read=16384
chirps_v3_final_1999_04,chirps_v3,monthly_rainfall_source_cog,1999,4,https://data.chc.ucsb.edu/products/CHIRPS/v3.0/monthly/global/cogs/chirps-v3.0.1999.04.cog,"Tue, 25 Feb 2025 18:32:17 GMT","""67be0cb1-1bbce20""",bfb0ce85d5ee1a0f645f9a66e26517d2fa1c8b7aa12ca9547a074b470fca338c,sha256_first_16384_bytes_not_full_file_checksum,29085216,content_range=bytes 0-16383/29085216; bytes_read=16384
chirps_v3_final_1999_05,chirps_v3,monthly_rainfall_source_cog,1999,5,https://data.chc.ucsb.edu/products/CHIRPS/v3.0/monthly/global/cogs/chirps-v3.0.1999.05.cog,"Tue, 25 Feb 2025 18:32:20 GMT","""67be0cb4-1c1653d""",1db3bf91736aec6e397705d81a3e0b4fce080ce4970ebbb56cfb27cfc17f4fbb,sha256_first_16384_bytes_not_full_file_checksum,29451581,content_range=bytes 0-16383/29451581; bytes_read=16384
chirps_v3_final_1999_06,chirps_v3,monthly_rainfall_source_cog,1999,6,https://data.chc.ucsb.edu/products/CHIRPS/v3.0/monthly/global/cogs/chirps-v3.0.1999.06.cog,"Tue, 25 Feb 2025 18:32:23 GMT","""67be0cb7-1c35a22""",c94afa5b15dca13ae0529ac0caf481929d01887cc5f22523c968d1b81072379f,sha256_first_16384_bytes_not_full_file_checksum,29579810,content_range=bytes 0-16383/29579810; bytes_read=16384
chirps_v3_final_1999_07,chirps_v3,monthly_rainfall_source_cog,1999,7,https://data.chc.ucsb.edu/products/CHIRPS/v3.0/monthly/global/cogs/chirps-v3.0.1999.07.cog,"Tue, 25 Feb 2025 18:32:26 GMT","""67be0cba-1d0d83d""",40b90f247969cb17c8a48603354bf37b2dde1bfeb4ac51ad76e1e7a0945f3ee6,sha256_first_16384_bytes_not_full_file_checksum,30464061,content_range=bytes 0-16383/30464061; bytes_read=16384
chirps_v3_final_1999_08,chirps_v3,monthly_rainfall_source_cog,1999,8,https://data.chc.ucsb.edu/products/CHIRPS/v3.0/monthly/global/cogs/chirps-v3.0.1999.08.cog,"Tue, 25 Feb 2025 18:32:30 GMT","""67be0cbe-1d4c4cd""",d2dac690b349519b857e69e79dd46cf75a66f8b72d2d0d071b41161e763df07b,sha256_first_16384_bytes_not_full_file_checksum,30721229,content_range=bytes 0-16383/30721229; bytes_read=16384
chirps_v3_final_1999_09,chirps_v3,monthly_rainfall_source_cog,1999,9,https://data.chc.ucsb.edu/products/CHIRPS/v3.0/monthly/global/cogs/chirps-v3.0.1999.09.cog,"Tue, 25 Feb 2025 18:32:33 GMT","""67be0cc1-1d65cb5""",6a9487db7126b5862cf6b10da7253024c911448fcaa2bda6d83da99596e0c76d,sha256_first_16384_bytes_not_full_file_checksum,30825653,content_range=bytes 0-16383/30825653; bytes_read=16384
chirps_v3_final_1999_10,chirps_v3,monthly_rainfall_source_cog,1999,10,https://data.chc.ucsb.edu/products/CHIRPS/v3.0/monthly/global/cogs/chirps-v3.0.1999.10.cog,"Tue, 25 Feb 2025 18:32:36 GMT","""67be0cc4-1d20d4b""",9b7ec86b72d83aefc89354eea5b8daa511db43ae66ae11c7f688e9d877317dff,sha256_first_16384_bytes_not_full_file_checksum,30543179,content_range=bytes 0-16383/30543179; bytes_read=16384
chirps_v3_final_1999_11,chirps_v3,monthly_rainfall_source_cog,1999,11,https://data.chc.ucsb.edu/products/CHIRPS/v3.0/monthly/global/cogs/chirps-v3.0.1999.11.cog,"Tue, 25 Feb 2025 18:32:39 GMT","""67be0cc7-1c78f29""",79c4258da1eb5b57e02bb7ceaf899875b2926183da234d1c9b3f0886746081e9,sha256_first_16384_bytes_not_full_file_checksum,29855529,content_range=bytes 0-16383/29855529; bytes_read=16384
chirps_v3_final_1999_12,chirps_v3,monthly_rainfall_source_cog,1999,12,https://data.chc.ucsb.edu/products/CHIRPS/v3.0/monthly/global/cogs/chirps-v3.0.1999.12.cog,"Tue, 25 Feb 2025 18:32:42 GMT","""67be0cca-1bdcba2""",275bd9ca44bcecbb0066ce8922db2df5800063ccd527dfbcabbefaadfa09ecff,sha256_first_16384_bytes_not_full_file_checksum,29215650,content_range=bytes 0-16383/29215650; bytes_read=16384
chirps_v3_final_2000_01,chirps_v3,monthly_rainfall_source_cog,2000,1,https://data.chc.ucsb.edu/products/CHIRPS/v3.0/monthly/global/cogs/chirps-v3.0.2000.01.cog,"Tue, 25 Feb 2025 18:32:46 GMT","""67be0cce-1bd155a""",cb0c6e5af9444911dbe617260f77e15c2419fa730b7430a6d3420a04f91a1f47,sha256_first_16384_bytes_not_full_file_checksum,29168986,content_range=bytes 0-16383/29168986; bytes_read=16384
chirps_v3_final_2000_02,chirps_v3,monthly_rainfall_source_cog,2000,2,https://data.chc.ucsb.edu/products/CHIRPS/v3.0/monthly/global/cogs/chirps-v3.0.2000.02.cog,"Tue, 25 Feb 2025 18:32:49 GMT","""67be0cd1-1a03767""",99a48e8e042057500fcefdcce15dfbf83271ef80df14d1bfb0edb4ee65844fdc,sha256_first_16384_bytes_not_full_file_checksum,27277159,content_range=bytes 0-16383/27277159; bytes_read=16384
chirps_v3_final_2000_03,chirps_v3,monthly_rainfall_source_cog,2000,3,https://data.chc.ucsb.edu/products/CHIRPS/v3.0/monthly/global/cogs/chirps-v3.0.2000.03.cog,"Tue, 25 Feb 2025 18:32:52 GMT","""67be0cd4-1b80d44""",8f0ac5cf2342dd048d96b7b794af465a9f949ad89be884aa7e8880c17a2f0c14,sha256_first_16384_bytes_not_full_file_checksum,28839236,content_range=bytes 0-16383/28839236; bytes_read=16384
chirps_v3_final_2000_04,chirps_v3,monthly_rainfall_source_cog,2000,4,https://data.chc.ucsb.edu/products/CHIRPS/v3.0/monthly/global/cogs/chirps-v3.0.2000.04.cog,"Tue, 25 Feb 2025 18:32:56 GMT","""67be0cd8-1c500b6""",6fbfee75ff370b87c1beca08d34377fa2ccf8dd13c7e68298659b6df8d625e7e,sha256_first_16384_bytes_not_full_file_checksum,29687990,content_range=bytes 0-16383/29687990; bytes_read=16384
chirps_v3_final_2000_05,chirps_v3,monthly_rainfall_source_cog,2000,5,https://data.chc.ucsb.edu/products/CHIRPS/v3.0/monthly/global/cogs/chirps-v3.0.2000.05.cog,"Tue, 25 Feb 2025 18:32:59 GMT","""67be0cdb-1c5a0f6""",ce6ca86815c66e5e80858d1b8d0de0b84e239f810a5f7b0d17596be2f6075bb5,sha256_first_16384_bytes_not_full_file_checksum,29729014,content_range=bytes 0-16383/29729014; bytes_read=16384
chirps_v3_final_2000_06,chirps_v3,monthly_rainfall_source_cog,2000,6,https://data.chc.ucsb.edu/products/CHIRPS/v3.0/monthly/global/cogs/chirps-v3.0.2000.06.cog,"Tue, 25 Feb 2025 18:33:03 GMT","""67be0cdf-1c6c18a""",d0519bb78f2531db40b16741b126f7d28132e909b72859a8beae0f766528144a,sha256_first_16384_bytes_not_full_file_checksum,29802890,content_range=bytes 0-16383/29802890; bytes_read=16384
chirps_v3_final_2000_07,chirps_v3,monthly_rainfall_source_cog,2000,7,https://data.chc.ucsb.edu/products/CHIRPS/v3.0/monthly/global/cogs/chirps-v3.0.2000.07.cog,"Tue, 25 Feb 2025 18:33:06 GMT","""67be0ce2-1cffe6b""",4f0e076af7c494cf1909e8e612926ed6442f4b6d52a2ed86fccd9a020f5288ae,sha256_first_16384_bytes_not_full_file_checksum,30408299,content_range=bytes 0-16383/30408299; bytes_read=16384
chirps_v3_final_2000_08,chirps_v3,monthly_rainfall_source_cog,2000,8,https://data.chc.ucsb.edu/products/CHIRPS/v3.0/monthly/global/cogs/chirps-v3.0.2000.08.cog,"Tue, 25 Feb 2025 18:33:09 GMT","""67be0ce5-1cfefd0""",4be9150e699f6eeeaae2b39de3985c3f2d0590709fb0fdc32a4559080c646326,sha256_first_16384_bytes_not_full_file_checksum,30404560,content_range=bytes 0-16383/30404560; bytes_read=16384
chirps_v3_final_2000_09,chirps_v3,monthly_rainfall_source_cog,2000,9,https://data.chc.ucsb.edu/products/CHIRPS/v3.0/monthly/global/cogs/chirps-v3.0.2000.09.cog,"Tue, 25 Feb 2025 18:33:12 GMT","""67be0ce8-1d71349""",2fb4db034c3ad6ce680ad1552e9114fa56be4f142d84d777becdaae9fe14751e,sha256_first_16384_bytes_not_full_file_checksum,30872393,content_range=bytes 0-16383/30872393; bytes_read=16384
chirps_v3_final_2000_10,chirps_v3,monthly_rainfall_source_cog,2000,10,https://data.chc.ucsb.edu/products/CHIRPS/v3.0/monthly/global/cogs/chirps-v3.0.2000.10.cog,"Tue, 25 Feb 2025 18:33:16 GMT","""67be0cec-1d69520""",41cf7ce8f4805c4f7df8e9ad4e72c58b0b046b2c5fca86129464bcd3158c849e,sha256_first_16384_bytes_not_full_file_checksum,30840096,content_range=bytes 0-16383/30840096; bytes_read=16384
chirps_v3_final_2000_11,chirps_v3,monthly_rainfall_source_cog,2000,11,https://data.chc.ucsb.edu/products/CHIRPS/v3.0/monthly/global/cogs/chirps-v3.0.2000.11.cog,"Tue, 25 Feb 2025 18:33:19 GMT","""67be0cef-1d3c8d0""",aa269883d7770250f5a21659c1fe10baa3fd9d01eb85b6dfb6bf71a8362266eb,sha256_first_16384_bytes_not_full_file_checksum,30656720,content_range=bytes 0-16383/30656720; bytes_read=16384
chirps_v3_final_2000_12,chirps_v3,monthly_rainfall_source_cog,2000,12,https://data.chc.ucsb.edu/products/CHIRPS/v3.0/monthly/global/cogs/chirps-v3.0.2000.12.cog,"Tue, 25 Feb 2025 18:33:22 GMT","""67be0cf2-1d0eb1b""",702d02307a943d6b7bcb447f6434e8a8a0ccdca445c8667610f36d0c2ff53bbd,sha256_first_16384_bytes_not_full_file_checksum,30468891,content_range=bytes 0-16383/30468891; bytes_read=16384
chirps_v3_final_2001_01,chirps_v3,monthly_rainfall_source_cog,2001,1,https://data.chc.ucsb.edu/products/CHIRPS/v3.0/monthly/global/cogs/chirps-v3.0.2001.01.cog,"Tue, 25 Feb 2025 18:33:25 GMT","""67be0cf5-1bff4db""",453644f769e106efa958017887bc7886d5d2e003e9447328bdc59e5d529fba3e,sha256_first_16384_bytes_not_full_file_checksum,29357275,content_range=bytes 0-16383/29357275; bytes_read=16384
chirps_v3_final_2001_02,chirps_v3,monthly_rainfall_source_cog,2001,2,https://data.chc.ucsb.edu/products/CHIRPS/v3.0/monthly/global/cogs/chirps-v3.0.2001.02.cog,"Tue, 25 Feb 2025 18:33:29 GMT","""67be0cf9-1cad355""",d87c0e8c0eb31246bae7597248540ef394e92418a9f3e904957ab9fcbeec687e,sha256_first_16384_bytes_not_full_file_checksum,30069589,content_range=bytes 0-16383/30069589; bytes_read=16384
chirps_v3_final_2001_03,chirps_v3,monthly_rainfall_source_cog,2001,3,https://data.chc.ucsb.edu/products/CHIRPS/v3.0/monthly/global/cogs/chirps-v3.0.2001.03.cog,"Tue, 25 Feb 2025 18:33:32 GMT","""67be0cfc-1c96263""",babe83fee7afba1387e3bebfd11c29464daebdeeef1cb7d6908cef649df2092a,sha256_first_16384_bytes_not_full_file_checksum,29975139,content_range=bytes 0-16383/29975139; bytes_read=16384
chirps_v3_final_2001_04,chirps_v3,monthly_rainfall_source_cog,2001,4,https://data.chc.ucsb.edu/products/CHIRPS/v3.0/monthly/global/cogs/chirps-v3.0.2001.04.cog,"Tue, 25 Feb 2025 18:33:35 GMT","""67be0cff-1ca9fef""",42c90d03bc3c91e601d98862480c12173e358ab7a56af6dcf678da974728b75d,sha256_first_16384_bytes_not_full_file_checksum,30056431,content_range=bytes 0-16383/30056431; bytes_read=16384
chirps_v3_final_2001_05,chirps_v3,monthly_rainfall_source_cog,2001,5,https://data.chc.ucsb.edu/products/CHIRPS/v3.0/monthly/global/cogs/chirps-v3.0.2001.05.cog,"Tue, 25 Feb 2025 18:33:38 GMT","""67be0d02-1c5ebe3""",bb7140f9eccbc7064a433a79ebb7e3e3e6d7e1ff8ff6bd9bf01fac8f071e9f75,sha256_first_16384_bytes_not_full_file_checksum,29748195,content_range=bytes 0-16383/29748195; bytes_read=16384
chirps_v3_final_2001_06,chirps_v3,monthly_rainfall_source_cog,2001,6,https://data.chc.ucsb.edu/products/CHIRPS/v3.0/monthly/global/cogs/chirps-v3.0.2001.06.cog,"Tue, 25 Feb 2025 18:33:41 GMT","""67be0d05-1c37562""",834f0c6e2455681be9f17c3711ea2a20d294aa412fabc61531d0f0beebf04989,sha256_first_16384_bytes_not_full_file_checksum,29586786,content_range=bytes 0-16383/29586786; bytes_read=16384
chirps_v3_final_2001_07,chirps_v3,monthly_rainfall_source_cog,2001,7,https://data.chc.ucsb.edu/products/CHIRPS/v3.0/monthly/global/cogs/chirps-v3.0.2001.07.cog,"Tue, 25 Feb 2025 18:33:44 GMT","""67be0d08-1d78207""",07dddf57706d81a0fa44c77832c8bf493f237b651b9a6f38965a7cd548d0763f,sha256_first_16384_bytes_not_full_file_checksum,30900743,content_range=bytes 0-16383/30900743; bytes_read=16384
chirps_v3_final_2001_08,chirps_v3,monthly_rainfall_source_cog,2001,8,https://data.chc.ucsb.edu/products/CHIRPS/v3.0/monthly/global/cogs/chirps-v3.0.2001.08.cog,"Tue, 25 Feb 2025 18:33:48 GMT","""67be0d0c-1d981b0""",19e13b771cb44a4335f239a5065d8592ba1c0a59533fdf6b338798d5585034e9,sha256_first_16384_bytes_not_full_file_checksum,31031728,content_range=bytes 0-16383/31031728; bytes_read=16384
chirps_v3_final_2001_09,chirps_v3,monthly_rainfall_source_cog,2001,9,https://data.chc.ucsb.edu/products/CHIRPS/v3.0/monthly/global/cogs/chirps-v3.0.2001.09.cog,"Tue, 25 Feb 2025 18:33:51 GMT","""67be0d0f-1d86a25""",2302be19365cc909a6e10aa65e73dd66c47fdafb96a45c3e32940de14e31ce8c,sha256_first_16384_bytes_not_full_file_checksum,30960165,content_range=bytes 0-16383/30960165; bytes_read=16384
chirps_v3_final_2001_10,chirps_v3,monthly_rainfall_source_cog,2001,10,https://data.chc.ucsb.edu/products/CHIRPS/v3.0/monthly/global/cogs/chirps-v3.0.2001.10.cog,"Tue, 25 Feb 2025 18:33:54 GMT","""67be0d12-1cc4b77""",94df77669e7ef86627e3d96e5c86106c350af275ddb1936269ddb98752dbed3f,sha256_first_16384_bytes_not_full_file_checksum,30165879,content_range=bytes 0-16383/30165879; bytes_read=16384
chirps_v3_final_2001_11,chirps_v3,monthly_rainfall_source_cog,2001,11,https://data.chc.ucsb.edu/products/CHIRPS/v3.0/monthly/global/cogs/chirps-v3.0.2001.11.cog,"Tue, 25 Feb 2025 18:33:57 GMT","""67be0d15-1c0fe85""",2f35728ebe408e7533ca6bc0e5ee5b4ca9cd9c5b4e29d19a0c6ce26cff3881f3,sha256_first_16384_bytes_not_full_file_checksum,29425285,content_range=bytes 0-16383/29425285; bytes_read=16384
chirps_v3_final_2001_12,chirps_v3,monthly_rainfall_source_cog,2001,12,https://data.chc.ucsb.edu/products/CHIRPS/v3.0/monthly/global/cogs/chirps-v3.0.2001.12.cog,"Tue, 25 Feb 2025 18:34:00 GMT","""67be0d18-1d16539""",d24ff23b0c2ddfef9f2e15a60df34fedf0140ace1ca0e511ce6e858e2cf8f1ab,sha256_first_16384_bytes_not_full_file_checksum,30500153,content_range=bytes 0-16383/30500153; bytes_read=16384
chirps_v3_final_2002_01,chirps_v3,monthly_rainfall_source_cog,2002,1,https://data.chc.ucsb.edu/products/CHIRPS/v3.0/monthly/global/cogs/chirps-v3.0.2002.01.cog,"Tue, 25 Feb 2025 18:34:04 GMT","""67be0d1c-1c8e139""",e6816ccc484dcd58c2a5632381e05e9b50d457c2643664476334c93e34bd9de5,sha256_first_16384_bytes_not_full_file_checksum,29942073,content_range=bytes 0-16383/29942073; bytes_read=16384
chirps_v3_final_2002_02,chirps_v3,monthly_rainfall_source_cog,2002,2,https://data.chc.ucsb.edu/products/CHIRPS/v3.0/monthly/global/cogs/chirps-v3.0.2002.02.cog,"Tue, 25 Feb 2025 18:34:07 GMT","""67be0d1f-1cc7ff9""",94e905b7c9f224038b3b58f46bbf13cb212be2bf5ecdb61d6e9203725ab8f7d3,sha256_first_16384_bytes_not_full_file_checksum,30179321,content_range=bytes 0-16383/30179321; bytes_read=16384
chirps_v3_final_2002_03,chirps_v3,monthly_rainfall_source_cog,2002,3,https://data.chc.ucsb.edu/products/CHIRPS/v3.0/monthly/global/cogs/chirps-v3.0.2002.03.cog,"Tue, 25 Feb 2025 18:34:11 GMT","""67be0d23-1d58c9c""",bedc99e092efdbdfb043cae0904349eb6a9e845fcd9db6186515d64ade123ea5,sha256_first_16384_bytes_not_full_file_checksum,30772380,content_range=bytes 0-16383/30772380; bytes_read=16384
chirps_v3_final_2002_04,chirps_v3,monthly_rainfall_source_cog,2002,4,https://data.chc.ucsb.edu/products/CHIRPS/v3.0/monthly/global/cogs/chirps-v3.0.2002.04.cog,"Tue, 25 Feb 2025 18:34:14 GMT","""67be0d26-1cf6e9b""",99e6637606f534ebb1a3f045c69846fac8a4e76b6959cdfcf6fcb400c0977cd4,sha256_first_16384_bytes_not_full_file_checksum,30371483,content_range=bytes 0-16383/30371483; bytes_read=16384
chirps_v3_final_2002_05,chirps_v3,monthly_rainfall_source_cog,2002,5,https://data.chc.ucsb.edu/products/CHIRPS/v3.0/monthly/global/cogs/chirps-v3.0.2002.05.cog,"Tue, 25 Feb 2025 18:34:17 GMT","""67be0d29-1c7069a""",efe4970f8dc1ded331e8719cf49efb8f124eaf2aab172d2b82b3bc27bd6542b9,sha256_first_16384_bytes_not_full_file_checksum,29820570,content_range=bytes 0-16383/29820570; bytes_read=16384
chirps_v3_final_2002_06,chirps_v3,monthly_rainfall_source_cog,2002,6,https://data.chc.ucsb.edu/products/CHIRPS/v3.0/monthly/global/cogs/chirps-v3.0.2002.06.cog,"Tue, 25 Feb 2025 18:34:20 GMT","""67be0d2c-1c6ffcb""",bfc1aa97284c095a81716bcd5008d32d2016708528f90d2545b9adcf0b6d02f7,sha256_first_16384_bytes_not_full_file_checksum,29818827,content_range=bytes 0-16383/29818827; bytes_read=16384
chirps_v3_final_2002_07,chirps_v3,monthly_rainfall_source_cog,2002,7,https://data.chc.ucsb.edu/products/CHIRPS/v3.0/monthly/global/cogs/chirps-v3.0.2002.07.cog,"Tue, 25 Feb 2025 18:34:23 GMT","""67be0d2f-1d4a8b5""",0e9e794a99282dbc6fe7093930305eac758295adab8181faac2e66628a3ac321,sha256_first_16384_bytes_not_full_file_checksum,30714037,content_range=bytes 0-16383/30714037; bytes_read=16384
chirps_v3_final_2002_08,chirps_v3,monthly_rainfall_source_cog,2002,8,https://data.chc.ucsb.edu/products/CHIRPS/v3.0/monthly/global/cogs/chirps-v3.0.2002.08.cog,"Tue, 25 Feb 2025 18:34:26 GMT","""67be0d32-1d94f20""",11e06dbbf14bbbeb65845fc4322f3f941d01a0a9e70514403c4878ac39eed585,sha256_first_16384_bytes_not_full_file_checksum,31018784,content_range=bytes 0-16383/31018784; bytes_read=16384
chirps_v3_final_2002_09,chirps_v3,monthly_rainfall_source_cog,2002,9,https://data.chc.ucsb.edu/products/CHIRPS/v3.0/monthly/global/cogs/chirps-v3.0.2002.09.cog,"Tue, 25 Feb 2025 18:34:30 GMT","""67be0d36-1db5d63""",50a19163521b1306ab549e12fe509b7bdab03f2cd6aeb2d8b49d27ba15915f36,sha256_first_16384_bytes_not_full_file_checksum,31153507,content_range=bytes 0-16383/31153507; bytes_read=16384
chirps_v3_final_2002_10,chirps_v3,monthly_rainfall_source_cog,2002,10,https://data.chc.ucsb.edu/products/CHIRPS/v3.0/monthly/global/cogs/chirps-v3.0.2002.10.cog,"Tue, 25 Feb 2025 18:34:33 GMT","""67be0d39-1d634fc""",dab08627b5214a42b2f850bdfced11d227adfefa8346ca9cbca607d24a4dfbab,sha256_first_16384_bytes_not_full_file_checksum,30815484,content_range=bytes 0-16383/30815484; bytes_read=16384
chirps_v3_final_2002_11,chirps_v3,monthly_rainfall_source_cog,2002,11,https://data.chc.ucsb.edu/products/CHIRPS/v3.0/monthly/global/cogs/chirps-v3.0.2002.11.cog,"Tue, 25 Feb 2025 18:34:36 GMT","""67be0d3c-1c7cc9d""",e86c94318a6572e1f6eac087566a0d32ae9d1d5069530a4553f5bc5ed7d2507f,sha256_first_16384_bytes_not_full_file_checksum,29871261,content_range=bytes 0-16383/29871261; bytes_read=16384
chirps_v3_final_2002_12,chirps_v3,monthly_rainfall_source_cog,2002,12,https://data.chc.ucsb.edu/products/CHIRPS/v3.0/monthly/global/cogs/chirps-v3.0.2002.12.cog,"Tue, 25 Feb 2025 18:34:40 GMT","""67be0d40-1d5bc92""",57420f3a29c9a91f99567b756fdfe69cff5af15e49859f443d3a35ed212df954,sha256_first_16384_bytes_not_full_file_checksum,30784658,content_range=bytes 0-16383/30784658; bytes_read=16384
chirps_v3_final_2003_01,chirps_v3,monthly_rainfall_source_cog,2003,1,https://data.chc.ucsb.edu/products/CHIRPS/v3.0/monthly/global/cogs/chirps-v3.0.2003.01.cog,"Tue, 25 Feb 2025 18:34:43 GMT","""67be0d43-1c2d4a6""",27009a12958e48f882a5df634b69e29ec5a498d001e34afac7c5a9b554663347,sha256_first_16384_bytes_not_full_file_checksum,29545638,content_range=bytes 0-16383/29545638; bytes_read=16384
chirps_v3_final_2003_02,chirps_v3,monthly_rainfall_source_cog,2003,2,https://data.chc.ucsb.edu/products/CHIRPS/v3.0/monthly/global/cogs/chirps-v3.0.2003.02.cog,"Tue, 25 Feb 2025 18:34:46 GMT","""67be0d46-1caa30a""",d94358b1b7ec614bb7173868de1e9a2782d9c4a87df72d16d9f747772b0724ba,sha256_first_16384_bytes_not_full_file_checksum,30057226,content_range=bytes 0-16383/30057226; bytes_read=16384
chirps_v3_final_2003_03,chirps_v3,monthly_rainfall_source_cog,2003,3,https://data.chc.ucsb.edu/products/CHIRPS/v3.0/monthly/global/cogs/chirps-v3.0.2003.03.cog,"Tue, 25 Feb 2025 18:34:50 GMT","""67be0d4a-1c3181e""",4d8a2d419525e7e0b506b70e11ed50a8c0a8b8ed5982582eb7ce45a81fcfa12a,sha256_first_16384_bytes_not_full_file_checksum,29562910,content_range=bytes 0-16383/29562910; bytes_read=16384
chirps_v3_final_2003_04,chirps_v3,monthly_rainfall_source_cog,2003,4,https://data.chc.ucsb.edu/products/CHIRPS/v3.0/monthly/global/cogs/chirps-v3.0.2003.04.cog,"Tue, 25 Feb 2025 18:34:53 GMT","""67be0d4d-1d2d450""",97254540bd35d20498eac5dc411199c18512bf684f9f158f341da2db39e85c93,sha256_first_16384_bytes_not_full_file_checksum,30594128,content_range=bytes 0-16383/30594128; bytes_read=16384
chirps_v3_final_2003_05,chirps_v3,monthly_rainfall_source_cog,2003,5,https://data.chc.ucsb.edu/products/CHIRPS/v3.0/monthly/global/cogs/chirps-v3.0.2003.05.cog,"Tue, 25 Feb 2025 18:34:56 GMT","""67be0d50-1cfaf9b""",fe61eeac3a470587ffc7365b5defa2c4c22f3c989d04bfe0b2a98db007e51cd2,sha256_first_16384_bytes_not_full_file_checksum,30388123,content_range=bytes 0-16383/30388123; bytes_read=16384
chirps_v3_final_2003_06,chirps_v3,monthly_rainfall_source_cog,2003,6,https://data.chc.ucsb.edu/products/CHIRPS/v3.0/monthly/global/cogs/chirps-v3.0.2003.06.cog,"Tue, 25 Feb 2025 18:34:59 GMT","""67be0d53-1d2601a""",cbc7ba45a56e3b3e05d167d4fa3f75820186cacae779dfc2f6f7eb4124a25cf1,sha256_first_16384_bytes_not_full_file_checksum,30564378,content_range=bytes 0-16383/30564378; bytes_read=16384
chirps_v3_final_2003_07,chirps_v3,monthly_rainfall_source_cog,2003,7,https://data.chc.ucsb.edu/products/CHIRPS/v3.0/monthly/global/cogs/chirps-v3.0.2003.07.cog,"Tue, 25 Feb 2025 18:35:02 GMT","""67be0d56-1da5f18""",ac7fec4892750de17472ba558972e09c186965068118c15d04132305c020aa31,sha256_first_16384_bytes_not_full_file_checksum,31088408,content_range=bytes 0-16383/31088408; bytes_read=16384
chirps_v3_final_2003_08,chirps_v3,monthly_rainfall_source_cog,2003,8,https://data.chc.ucsb.edu/products/CHIRPS/v3.0/monthly/global/cogs/chirps-v3.0.2003.08.cog,"Tue, 25 Feb 2025 18:35:06 GMT","""67be0d5a-1da55e5""",68fda8c6d011d923d1909491035a9c309ee1d7c7d7fc844dedb75f82c08767fa,sha256_first_16384_bytes_not_full_file_checksum,31086053,content_range=bytes 0-16383/31086053; bytes_read=16384
chirps_v3_final_2003_09,chirps_v3,monthly_rainfall_source_cog,2003,9,https://data.chc.ucsb.edu/products/CHIRPS/v3.0/monthly/global/cogs/chirps-v3.0.2003.09.cog,"Tue, 25 Feb 2025 18:35:09 GMT","""67be0d5d-1d749e3""",6cb01b83a4e1f148a14f7c97c31fc1d6b815908039bd412c28f66e96a6c4a364,sha256_first_16384_bytes_not_full_file_checksum,30886371,content_range=bytes 0-16383/30886371; bytes_read=16384
chirps_v3_final_2003_10,chirps_v3,monthly_rainfall_source_cog,2003,10,https://data.chc.ucsb.edu/products/CHIRPS/v3.0/monthly/global/cogs/chirps-v3.0.2003.10.cog,"Tue, 25 Feb 2025 18:35:13 GMT","""67be0d61-1d60436""",ce56544f80902f24aaf4aac2fbe4818f4b0a1477d9018e734edd45087a42f455,sha256_first_16384_bytes_not_full_file_checksum,30802998,content_range=bytes 0-16383/30802998; bytes_read=16384
chirps_v3_final_2003_11,chirps_v3,monthly_rainfall_source_cog,2003,11,https://data.chc.ucsb.edu/products/CHIRPS/v3.0/monthly/global/cogs/chirps-v3.0.2003.11.cog,"Tue, 25 Feb 2025 18:35:16 GMT","""67be0d64-1cdace0""",849a51be135c05ae6a521d6ec4767db603009f08e6041a1d22bb6d65ea5ffb11,sha256_first_16384_bytes_not_full_file_checksum,30256352,content_range=bytes 0-16383/30256352; bytes_read=16384
chirps_v3_final_2003_12,chirps_v3,monthly_rainfall_source_cog,2003,12,https://data.chc.ucsb.edu/products/CHIRPS/v3.0/monthly/global/cogs/chirps-v3.0.2003.12.cog,"Tue, 25 Feb 2025 18:35:19 GMT","""67be0d67-1ca6b29""",f42fef08d5455db6478041500c658cb96b392efb580a26fa2434e6b00f3d2e0c,sha256_first_16384_bytes_not_full_file_checksum,30042921,content_range=bytes 0-16383/30042921; bytes_read=16384
chirps_v3_final_2004_01,chirps_v3,monthly_rainfall_source_cog,2004,1,https://data.chc.ucsb.edu/products/CHIRPS/v3.0/monthly/global/cogs/chirps-v3.0.2004.01.cog,"Tue, 25 Feb 2025 18:35:22 GMT","""67be0d6a-1cd98c8""",72b9a520bdc210bccf8e91b76acae13305da780598c995ecc4fe2ee088374149,sha256_first_16384_bytes_not_full_file_checksum,30251208,content_range=bytes 0-16383/30251208; bytes_read=16384
chirps_v3_final_2004_02,chirps_v3,monthly_rainfall_source_cog,2004,2,https://data.chc.ucsb.edu/products/CHIRPS/v3.0/monthly/global/cogs/chirps-v3.0.2004.02.cog,"Tue, 25 Feb 2025 18:35:26 GMT","""67be0d6e-1c96065""",1614a8855621fdef2fa9a93dabf2c341545728531a518dbb9edd3ee98ab4a701,sha256_first_16384_bytes_not_full_file_checksum,29974629,content_range=bytes 0-16383/29974629; bytes_read=16384
chirps_v3_final_2004_03,chirps_v3,monthly_rainfall_source_cog,2004,3,https://data.chc.ucsb.edu/products/CHIRPS/v3.0/monthly/global/cogs/chirps-v3.0.2004.03.cog,"Tue, 25 Feb 2025 18:35:30 GMT","""67be0d72-1ce9176""",e841ba418652f6e744576c86b7de59841d5e085ef496e23ce90f09bde8031bb8,sha256_first_16384_bytes_not_full_file_checksum,30314870,content_range=bytes 0-16383/30314870; bytes_read=16384
chirps_v3_final_2004_04,chirps_v3,monthly_rainfall_source_cog,2004,4,https://data.chc.ucsb.edu/products/CHIRPS/v3.0/monthly/global/cogs/chirps-v3.0.2004.04.cog,"Tue, 25 Feb 2025 18:35:33 GMT","""67be0d75-1ce4455""",5bf7b841e68c6b891b48b9226709f0dcb81869375892f00b98b9e435a977409f,sha256_first_16384_bytes_not_full_file_checksum,30295125,content_range=bytes 0-16383/30295125; bytes_read=16384
chirps_v3_final_2004_05,chirps_v3,monthly_rainfall_source_cog,2004,5,https://data.chc.ucsb.edu/products/CHIRPS/v3.0/monthly/global/cogs/chirps-v3.0.2004.05.cog,"Tue, 25 Feb 2025 18:35:36 GMT","""67be0d78-1c011c5""",63afe015f6a3b6baead9419241cfbe3f715ad6f1cc071b37dcbebba57282aa65,sha256_first_16384_bytes_not_full_file_checksum,29364677,content_range=bytes 0-16383/29364677; bytes_read=16384
chirps_v3_final_2004_06,chirps_v3,monthly_rainfall_source_cog,2004,6,https://data.chc.ucsb.edu/products/CHIRPS/v3.0/monthly/global/cogs/chirps-v3.0.2004.06.cog,"Tue, 25 Feb 2025 18:35:39 GMT","""67be0d7b-1c90234""",9a4b02c0a1949299d997f032360ad3ef59404efca98ba60404ab744f16ee1594,sha256_first_16384_bytes_not_full_file_checksum,29950516,content_range=bytes 0-16383/29950516; bytes_read=16384
chirps_v3_final_2004_07,chirps_v3,monthly_rainfall_source_cog,2004,7,https://data.chc.ucsb.edu/products/CHIRPS/v3.0/monthly/global/cogs/chirps-v3.0.2004.07.cog,"Tue, 25 Feb 2025 18:35:42 GMT","""67be0d7e-1d4fed8""",16de21bf942d71af069708ffc91ef2ec46ba4df5363ce7f13c4d91de85a9d3b3,sha256_first_16384_bytes_not_full_file_checksum,30736088,content_range=bytes 0-16383/30736088; bytes_read=16384
chirps_v3_final_2004_08,chirps_v3,monthly_rainfall_source_cog,2004,8,https://data.chc.ucsb.edu/products/CHIRPS/v3.0/monthly/global/cogs/chirps-v3.0.2004.08.cog,"Tue, 25 Feb 2025 18:35:46 GMT","""67be0d82-1d550da""",4fd00d45498eae21224be3313fc6936747eeed94aa165093a283cd53f53d1816,sha256_first_16384_bytes_not_full_file_checksum,30757082,content_range=bytes 0-16383/30757082; bytes_read=16384
chirps_v3_final_2004_09,chirps_v3,monthly_rainfall_source_cog,2004,9,https://data.chc.ucsb.edu/products/CHIRPS/v3.0/monthly/global/cogs/chirps-v3.0.2004.09.cog,"Tue, 25 Feb 2025 18:35:49 GMT","""67be0d85-1d3c22b""",41957d7c41d80dfb50730b6c215ca8e92a9ebe0c2cc5eb5c86bcceb264ef2c7f,sha256_first_16384_bytes_not_full_file_checksum,30655019,content_range=bytes 0-16383/30655019; bytes_read=16384
chirps_v3_final_2004_10,chirps_v3,monthly_rainfall_source_cog,2004,10,https://data.chc.ucsb.edu/products/CHIRPS/v3.0/monthly/global/cogs/chirps-v3.0.2004.10.cog,"Tue, 25 Feb 2025 18:35:52 GMT","""67be0d88-1d11522""",199ee1b5ee182508f2bfa60cf3cbc35a01abaa006c063f355f857379ad7ebcdf,sha256_first_16384_bytes_not_full_file_checksum,30479650,content_range=bytes 0-16383/30479650; bytes_read=16384
chirps_v3_final_2004_11,chirps_v3,monthly_rainfall_source_cog,2004,11,https://data.chc.ucsb.edu/products/CHIRPS/v3.0/monthly/global/cogs/chirps-v3.0.2004.11.cog,"Tue, 25 Feb 2025 18:35:55 GMT","""67be0d8b-1ccf3eb""",c39fe75108ef9a55ec47f54d8cf40d42af439d6ded724743a0b460ecc2f58412,sha256_first_16384_bytes_not_full_file_checksum,30209003,content_range=bytes 0-16383/30209003; bytes_read=16384
chirps_v3_final_2004_12,chirps_v3,monthly_rainfall_source_cog,2004,12,https://data.chc.ucsb.edu/products/CHIRPS/v3.0/monthly/global/cogs/chirps-v3.0.2004.12.cog,"Tue, 25 Feb 2025 18:35:58 GMT","""67be0d8e-1cc890d""",928ce916c0e94afa4a81ec1fadbea62329c4af2d4c814d2f5c05fbdfff8f1db6,sha256_first_16384_bytes_not_full_file_checksum,30181645,content_range=bytes 0-16383/30181645; bytes_read=16384
chirps_v3_final_2005_01,chirps_v3,monthly_rainfall_source_cog,2005,1,https://data.chc.ucsb.edu/products/CHIRPS/v3.0/monthly/global/cogs/chirps-v3.0.2005.01.cog,"Tue, 25 Feb 2025 18:36:02 GMT","""67be0d92-1bcc9c1""",c5e42c09b2483de28b6f0b60ed5cc3c07f414c4e17b71a491afe55754263485f,sha256_first_16384_bytes_not_full_file_checksum,29149633,content_range=bytes 0-16383/29149633; bytes_read=16384
chirps_v3_final_2005_02,chirps_v3,monthly_rainfall_source_cog,2005,2,https://data.chc.ucsb.edu/products/CHIRPS/v3.0/monthly/global/cogs/chirps-v3.0.2005.02.cog,"Tue, 25 Feb 2025 18:36:05 GMT","""67be0d95-1c2c323""",af45cd4666ca3c884cab9a5c9f73cc32bdde138c21f377a635f2ac43e6a8a7ab,sha256_first_16384_bytes_not_full_file_checksum,29541155,content_range=bytes 0-16383/29541155; bytes_read=16384
chirps_v3_final_2005_03,chirps_v3,monthly_rainfall_source_cog,2005,3,https://data.chc.ucsb.edu/products/CHIRPS/v3.0/monthly/global/cogs/chirps-v3.0.2005.03.cog,"Tue, 25 Feb 2025 18:36:08 GMT","""67be0d98-1cb75b1""",f333070114b954f8a063e03d5d017ad7e1843850375fdb4ae0995c0209340d6c,sha256_first_16384_bytes_not_full_file_checksum,30111153,content_range=bytes 0-16383/30111153; bytes_read=16384
chirps_v3_final_2005_04,chirps_v3,monthly_rainfall_source_cog,2005,4,https://data.chc.ucsb.edu/products/CHIRPS/v3.0/monthly/global/cogs/chirps-v3.0.2005.04.cog,"Tue, 25 Feb 2025 18:36:11 GMT","""67be0d9b-1d5bfc1""",0654e2078cb956d3c71cb49f9c5b27b7cbe4f2c68b46cc292ade434be5f53114,sha256_first_16384_bytes_not_full_file_checksum,30785473,content_range=bytes 0-16383/30785473; bytes_read=16384
chirps_v3_final_2005_05,chirps_v3,monthly_rainfall_source_cog,2005,5,https://data.chc.ucsb.edu/products/CHIRPS/v3.0/monthly/global/cogs/chirps-v3.0.2005.05.cog,"Tue, 25 Feb 2025 18:36:14 GMT","""67be0d9e-1d111b5""",45e4cfdfac0d5a1b2ff9199a358bb4d46258b9cafdc9b224cf09e8bce66c992e,sha256_first_16384_bytes_not_full_file_checksum,30478773,content_range=bytes 0-16383/30478773; bytes_read=16384
chirps_v3_final_2005_06,chirps_v3,monthly_rainfall_source_cog,2005,6,https://data.chc.ucsb.edu/products/CHIRPS/v3.0/monthly/global/cogs/chirps-v3.0.2005.06.cog,"Tue, 25 Feb 2025 18:36:17 GMT","""67be0da1-1d23333""",04aae9705008c8f82b8fb3d5dea317708dff656d44d4cf908e661560cf0c238c,sha256_first_16384_bytes_not_full_file_checksum,30552883,content_range=bytes 0-16383/30552883; bytes_read=16384
chirps_v3_final_2005_07,chirps_v3,monthly_rainfall_source_cog,2005,7,https://data.chc.ucsb.edu/products/CHIRPS/v3.0/monthly/global/cogs/chirps-v3.0.2005.07.cog,"Tue, 25 Feb 2025 18:36:21 GMT","""67be0da5-1d1874c""",3882f5955e474d92490ce1d9e085438126d4e6b7dd1311bd61a3fb49c51724c0,sha256_first_16384_bytes_not_full_file_checksum,30508876,content_range=bytes 0-16383/30508876; bytes_read=16384
chirps_v3_final_2005_08,chirps_v3,monthly_rainfall_source_cog,2005,8,https://data.chc.ucsb.edu/products/CHIRPS/v3.0/monthly/global/cogs/chirps-v3.0.2005.08.cog,"Tue, 25 Feb 2025 18:36:24 GMT","""67be0da8-1d7734c""",5e28d3561efd6aa94ea51d2d12cdbaf8d8dd804115a840c2dc3edb30fe8931d6,sha256_first_16384_bytes_not_full_file_checksum,30896972,content_range=bytes 0-16383/30896972; bytes_read=16384
chirps_v3_final_2005_09,chirps_v3,monthly_rainfall_source_cog,2005,9,https://data.chc.ucsb.edu/products/CHIRPS/v3.0/monthly/global/cogs/chirps-v3.0.2005.09.cog,"Tue, 25 Feb 2025 18:36:28 GMT","""67be0dac-1d91ac1""",1f37403f984dbe2da8ef91ff81da93025234db7e95fd6bbdacd56696c33831a2,sha256_first_16384_bytes_not_full_file_checksum,31005377,content_range=bytes 0-16383/31005377; bytes_read=16384
chirps_v3_final_2005_10,chirps_v3,monthly_rainfall_source_cog,2005,10,https://data.chc.ucsb.edu/products/CHIRPS/v3.0/monthly/global/cogs/chirps-v3.0.2005.10.cog,"Tue, 25 Feb 2025 18:36:31 GMT","""67be0daf-1cfd40c""",e72d1adda45ad1967edef1d33e6db3093eb4fa8004f2b14bf3963474f33d482f,sha256_first_16384_bytes_not_full_file_checksum,30397452,content_range=bytes 0-16383/30397452; bytes_read=16384
chirps_v3_final_2005_11,chirps_v3,monthly_rainfall_source_cog,2005,11,https://data.chc.ucsb.edu/products/CHIRPS/v3.0/monthly/global/cogs/chirps-v3.0.2005.11.cog,"Tue, 25 Feb 2025 18:36:34 GMT","""67be0db2-1c70c5b""",41fe4e4ebe2ca5232cd7e4459faa52184968a3a3cd5c0d7f71e07304ea83fd0f,sha256_first_16384_bytes_not_full_file_checksum,29822043,content_range=bytes 0-16383/29822043; bytes_read=16384
chirps_v3_final_2005_12,chirps_v3,monthly_rainfall_source_cog,2005,12,https://data.chc.ucsb.edu/products/CHIRPS/v3.0/monthly/global/cogs/chirps-v3.0.2005.12.cog,"Tue, 25 Feb 2025 18:36:37 GMT","""67be0db5-1c4f5aa""",93c8a59ee423c82736811dd47745e6123638c0e68054caca67a698e71d6d1424,sha256_first_16384_bytes_not_full_file_checksum,29685162,content_range=bytes 0-16383/29685162; bytes_read=16384
chirps_v3_final_2006_01,chirps_v3,monthly_rainfall_source_cog,2006,1,https://data.chc.ucsb.edu/products/CHIRPS/v3.0/monthly/global/cogs/chirps-v3.0.2006.01.cog,"Tue, 25 Feb 2025 18:36:41 GMT","""67be0db9-1d30b37""",6fc4d97968f93d0530f12309861e7286038ce54577f6269eb4a6f40139713ba1,sha256_first_16384_bytes_not_full_file_checksum,30608183,content_range=bytes 0-16383/30608183; bytes_read=16384
chirps_v3_final_2006_02,chirps_v3,monthly_rainfall_source_cog,2006,2,https://data.chc.ucsb.edu/products/CHIRPS/v3.0/monthly/global/cogs/chirps-v3.0.2006.02.cog,"Tue, 25 Feb 2025 18:36:44 GMT","""67be0dbc-1d356d1""",427c4bf03fa7835390aa8752bc6682013f7cbbe8da47431882812b9f6bb0b8d2,sha256_first_16384_bytes_not_full_file_checksum,30627537,content_range=bytes 0-16383/30627537; bytes_read=16384
chirps_v3_final_2006_03,chirps_v3,monthly_rainfall_source_cog,2006,3,https://data.chc.ucsb.edu/products/CHIRPS/v3.0/monthly/global/cogs/chirps-v3.0.2006.03.cog,"Tue, 25 Feb 2025 18:36:48 GMT","""67be0dc0-1c2e573""",f57ede8a72520cfb866e3999ca939ddb0a02ba96132b84ff6837166aa2d60e1b,sha256_first_16384_bytes_not_full_file_checksum,29549939,content_range=bytes 0-16383/29549939; bytes_read=16384
chirps_v3_final_2006_04,chirps_v3,monthly_rainfall_source_cog,2006,4,https://data.chc.ucsb.edu/products/CHIRPS/v3.0/monthly/global/cogs/chirps-v3.0.2006.04.cog,"Tue, 25 Feb 2025 18:36:52 GMT","""67be0dc4-1cd4393""",0f57722b5582994b543f83b0ec92275c3671e19b6856f434ca0ed3f887a49952,sha256_first_16384_bytes_not_full_file_checksum,30229395,content_range=bytes 0-16383/30229395; bytes_read=16384
chirps_v3_final_2006_05,chirps_v3,monthly_rainfall_source_cog,2006,5,https://data.chc.ucsb.edu/products/CHIRPS/v3.0/monthly/global/cogs/chirps-v3.0.2006.05.cog,"Tue, 25 Feb 2025 18:36:55 GMT","""67be0dc7-1cfcdb9""",944cb97560f4096a92e53e2abf9a165f924637f81df60615e2b0f903da48b6f5,sha256_first_16384_bytes_not_full_file_checksum,30395833,content_range=bytes 0-16383/30395833; bytes_read=16384
chirps_v3_final_2006_06,chirps_v3,monthly_rainfall_source_cog,2006,6,https://data.chc.ucsb.edu/products/CHIRPS/v3.0/monthly/global/cogs/chirps-v3.0.2006.06.cog,"Tue, 25 Feb 2025 18:36:58 GMT","""67be0dca-1cc1baa""",dd48b0bfb80e152121450c0a47c614459a646f12be28a84fa560fe19c6170fb1,sha256_first_16384_bytes_not_full_file_checksum,30153642,content_range=bytes 0-16383/30153642; bytes_read=16384
chirps_v3_final_2006_07,chirps_v3,monthly_rainfall_source_cog,2006,7,https://data.chc.ucsb.edu/products/CHIRPS/v3.0/monthly/global/cogs/chirps-v3.0.2006.07.cog,"Tue, 25 Feb 2025 18:37:02 GMT","""67be0dce-1d6ec5b""",f68186b20ea7712c07de1314994a479b71188ddd7aa36310b77cd70780ddf3ea,sha256_first_16384_bytes_not_full_file_checksum,30862427,content_range=bytes 0-16383/30862427; bytes_read=16384
chirps_v3_final_2006_08,chirps_v3,monthly_rainfall_source_cog,2006,8,https://data.chc.ucsb.edu/products/CHIRPS/v3.0/monthly/global/cogs/chirps-v3.0.2006.08.cog,"Tue, 25 Feb 2025 18:37:05 GMT","""67be0dd1-1da60c1""",e50ec09bfe6b731222df09cbcb358763f6fd6be1c3f62c587c24bf6b93ba2797,sha256_first_16384_bytes_not_full_file_checksum,31088833,content_range=bytes 0-16383/31088833; bytes_read=16384
chirps_v3_final_2006_09,chirps_v3,monthly_rainfall_source_cog,2006,9,https://data.chc.ucsb.edu/products/CHIRPS/v3.0/monthly/global/cogs/chirps-v3.0.2006.09.cog,"Tue, 25 Feb 2025 18:37:09 GMT","""67be0dd5-1db5bca""",85399f832d85d959fa1c22071968e24cb89e5326c2b511f0c645536554903623,sha256_first_16384_bytes_not_full_file_checksum,31153098,content_range=bytes 0-16383/31153098; bytes_read=16384
chirps_v3_final_2006_10,chirps_v3,monthly_rainfall_source_cog,2006,10,https://data.chc.ucsb.edu/products/CHIRPS/v3.0/monthly/global/cogs/chirps-v3.0.2006.10.cog,"Tue, 25 Feb 2025 18:37:12 GMT","""67be0dd8-1dbcfe9""",43bf2dab2a3c51d15a61aafc4571ab7af1dc4ec3a6849a3f6fed54e6a512c58e,sha256_first_16384_bytes_not_full_file_checksum,31182825,content_range=bytes 0-16383/31182825; bytes_read=16384
chirps_v3_final_2006_11,chirps_v3,monthly_rainfall_source_cog,2006,11,https://data.chc.ucsb.edu/products/CHIRPS/v3.0/monthly/global/cogs/chirps-v3.0.2006.11.cog,"Tue, 25 Feb 2025 18:37:15 GMT","""67be0ddb-1cb0b00""",ccb886d4aa77a37030af3730bb9ce575b442773b4d8640be13f060a6765c0860,sha256_first_16384_bytes_not_full_file_checksum,30083840,content_range=bytes 0-16383/30083840; bytes_read=16384
chirps_v3_final_2006_12,chirps_v3,monthly_rainfall_source_cog,2006,12,https://data.chc.ucsb.edu/products/CHIRPS/v3.0/monthly/global/cogs/chirps-v3.0.2006.12.cog,"Tue, 25 Feb 2025 18:37:18 GMT","""67be0dde-1cb9c53""",d70000595435dd55dfb9dc0630b600140d7203e2d4355dc530d5f8a5462221f5,sha256_first_16384_bytes_not_full_file_checksum,30121043,content_range=bytes 0-16383/30121043; bytes_read=16384
chirps_v3_final_2007_01,chirps_v3,monthly_rainfall_source_cog,2007,1,https://data.chc.ucsb.edu/products/CHIRPS/v3.0/monthly/global/cogs/chirps-v3.0.2007.01.cog,"Tue, 25 Feb 2025 18:37:22 GMT","""67be0de2-1c2897b""",264e052a42600a014637a80e2101488b6ad1b18d40109e89f1837634a13b1cd0,sha256_first_16384_bytes_not_full_file_checksum,29526395,content_range=bytes 0-16383/29526395; bytes_read=16384
chirps_v3_final_2007_02,chirps_v3,monthly_rainfall_source_cog,2007,2,https://data.chc.ucsb.edu/products/CHIRPS/v3.0/monthly/global/cogs/chirps-v3.0.2007.02.cog,"Tue, 25 Feb 2025 18:37:25 GMT","""67be0de5-1d0395e""",a07eda908ce75b66141add0ffe8c6a6574b7ee4bd8ca938a0f29b4b815017e13,sha256_first_16384_bytes_not_full_file_checksum,30423390,content_range=bytes 0-16383/30423390; bytes_read=16384
chirps_v3_final_2007_03,chirps_v3,monthly_rainfall_source_cog,2007,3,https://data.chc.ucsb.edu/products/CHIRPS/v3.0/monthly/global/cogs/chirps-v3.0.2007.03.cog,"Tue, 25 Feb 2025 18:37:28 GMT","""67be0de8-1c64271""",72161e07e17b8ade17ab63da76bdf789ee33008119779b01c0451f675c3be76b,sha256_first_16384_bytes_not_full_file_checksum,29770353,content_range=bytes 0-16383/29770353; bytes_read=16384
chirps_v3_final_2007_04,chirps_v3,monthly_rainfall_source_cog,2007,4,https://data.chc.ucsb.edu/products/CHIRPS/v3.0/monthly/global/cogs/chirps-v3.0.2007.04.cog,"Tue, 25 Feb 2025 18:37:31 GMT","""67be0deb-1d313fc""",f357b3a787abbdf949f069242777fd8a358e86e03d40c26c43bf16e7551ec475,sha256_first_16384_bytes_not_full_file_checksum,30610428,content_range=bytes 0-16383/30610428; bytes_read=16384
chirps_v3_final_2007_05,chirps_v3,monthly_rainfall_source_cog,2007,5,https://data.chc.ucsb.edu/products/CHIRPS/v3.0/monthly/global/cogs/chirps-v3.0.2007.05.cog,"Tue, 25 Feb 2025 18:37:34 GMT","""67be0dee-1ccf80a""",b1690c81fb43de6a12c14246c1aaa6b869f47e26d7d6df66998be0236c22fa72,sha256_first_16384_bytes_not_full_file_checksum,30210058,content_range=bytes 0-16383/30210058; bytes_read=16384
chirps_v3_final_2007_06,chirps_v3,monthly_rainfall_source_cog,2007,6,https://data.chc.ucsb.edu/products/CHIRPS/v3.0/monthly/global/cogs/chirps-v3.0.2007.06.cog,"Tue, 25 Feb 2025 18:37:37 GMT","""67be0df1-1cbaa96""",39d9266be505181c197349d451d01640eb500904e6ef6aa8de21bd36a92b7a3e,sha256_first_16384_bytes_not_full_file_checksum,30124694,content_range=bytes 0-16383/30124694; bytes_read=16384
chirps_v3_final_2007_07,chirps_v3,monthly_rainfall_source_cog,2007,7,https://data.chc.ucsb.edu/products/CHIRPS/v3.0/monthly/global/cogs/chirps-v3.0.2007.07.cog,"Tue, 25 Feb 2025 18:37:40 GMT","""67be0df4-1d5c733""",a8b240644a70d94cde48a4d2939af2ce2140252197cffa8b8d7668d81165e16f,sha256_first_16384_bytes_not_full_file_checksum,30787379,content_range=bytes 0-16383/30787379; bytes_read=16384
chirps_v3_final_2007_08,chirps_v3,monthly_rainfall_source_cog,2007,8,https://data.chc.ucsb.edu/products/CHIRPS/v3.0/monthly/global/cogs/chirps-v3.0.2007.08.cog,"Tue, 25 Feb 2025 18:37:43 GMT","""67be0df7-1d952c4""",bc4675b0e565a5786335fc7ede7206b7a9e4c0485e6a061924b9a68bd319a20a,sha256_first_16384_bytes_not_full_file_checksum,31019716,content_range=bytes 0-16383/31019716; bytes_read=16384
chirps_v3_final_2007_09,chirps_v3,monthly_rainfall_source_cog,2007,9,https://data.chc.ucsb.edu/products/CHIRPS/v3.0/monthly/global/cogs/chirps-v3.0.2007.09.cog,"Tue, 25 Feb 2025 18:37:47 GMT","""67be0dfb-1d599c8""",b0dc83e4648a824681c12657b2d65d89642cbbabdba590674e91fc18fb54b6cc,sha256_first_16384_bytes_not_full_file_checksum,30775752,content_range=bytes 0-16383/30775752; bytes_read=16384
chirps_v3_final_2007_10,chirps_v3,monthly_rainfall_source_cog,2007,10,https://data.chc.ucsb.edu/products/CHIRPS/v3.0/monthly/global/cogs/chirps-v3.0.2007.10.cog,"Tue, 25 Feb 2025 18:37:50 GMT","""67be0dfe-1cb02f4""",7be7c874594e346d6ddb05e61314c66198e929f86da19a3c25db82713fe6d0c9,sha256_first_16384_bytes_not_full_file_checksum,30081780,content_range=bytes 0-16383/30081780; bytes_read=16384
chirps_v3_final_2007_11,chirps_v3,monthly_rainfall_source_cog,2007,11,https://data.chc.ucsb.edu/products/CHIRPS/v3.0/monthly/global/cogs/chirps-v3.0.2007.11.cog,"Tue, 25 Feb 2025 18:37:53 GMT","""67be0e01-1c4ec36""",d00a1453b4ab817af750f52f0dee211286a38e394253c5bb28f70925a0f5eadd,sha256_first_16384_bytes_not_full_file_checksum,29682742,content_range=bytes 0-16383/29682742; bytes_read=16384
chirps_v3_final_2007_12,chirps_v3,monthly_rainfall_source_cog,2007,12,https://data.chc.ucsb.edu/products/CHIRPS/v3.0/monthly/global/cogs/chirps-v3.0.2007.12.cog,"Tue, 25 Feb 2025 18:37:56 GMT","""67be0e04-1cb05a4""",49c8d94681ba4ce9833f6e350792b9940fb74153e2e5cf305dadfa261fdd062b,sha256_first_16384_bytes_not_full_file_checksum,30082468,content_range=bytes 0-16383/30082468; bytes_read=16384
chirps_v3_final_2008_01,chirps_v3,monthly_rainfall_source_cog,2008,1,https://data.chc.ucsb.edu/products/CHIRPS/v3.0/monthly/global/cogs/chirps-v3.0.2008.01.cog,"Tue, 25 Feb 2025 18:37:59 GMT","""67be0e07-1c2bca8""",0e9040c57f0ce9ce638e562039a4791c72dd6c58b332dc496cd0f6f77acbfb6d,sha256_first_16384_bytes_not_full_file_checksum,29539496,content_range=bytes 0-16383/29539496; bytes_read=16384
chirps_v3_final_2008_02,chirps_v3,monthly_rainfall_source_cog,2008,2,https://data.chc.ucsb.edu/products/CHIRPS/v3.0/monthly/global/cogs/chirps-v3.0.2008.02.cog,"Tue, 25 Feb 2025 18:38:03 GMT","""67be0e0b-1b270ee""",d1787789abcc3ac5dd0d82a106451872b050dcab8f9f56e4e1117ca0081f2111,sha256_first_16384_bytes_not_full_file_checksum,28471534,content_range=bytes 0-16383/28471534; bytes_read=16384
chirps_v3_final_2008_03,chirps_v3,monthly_rainfall_source_cog,2008,3,https://data.chc.ucsb.edu/products/CHIRPS/v3.0/monthly/global/cogs/chirps-v3.0.2008.03.cog,"Tue, 25 Feb 2025 18:38:06 GMT","""67be0e0e-1c08179""",bc6dffec3cd51d2b23ff2361e23b1731404c3da073f409b1b1db31d240987470,sha256_first_16384_bytes_not_full_file_checksum,29393273,content_range=bytes 0-16383/29393273; bytes_read=16384
chirps_v3_final_2008_04,chirps_v3,monthly_rainfall_source_cog,2008,4,https://data.chc.ucsb.edu/products/CHIRPS/v3.0/monthly/global/cogs/chirps-v3.0.2008.04.cog,"Tue, 25 Feb 2025 18:38:09 GMT","""67be0e11-1cf7660""",681a85898e9488576c2a891ff5c469e4f6e5605aaaa62e8ca5b7c6922b5f60d9,sha256_first_16384_bytes_not_full_file_checksum,30373472,content_range=bytes 0-16383/30373472; bytes_read=16384
chirps_v3_final_2008_05,chirps_v3,monthly_rainfall_source_cog,2008,5,https://data.chc.ucsb.edu/products/CHIRPS/v3.0/monthly/global/cogs/chirps-v3.0.2008.05.cog,"Tue, 25 Feb 2025 18:38:12 GMT","""67be0e14-1cfc588""",a7ef7a9551b36dc4627bbf4d8c6ca359338b529b3a87a96fffdf95f8b553c90a,sha256_first_16384_bytes_not_full_file_checksum,30393736,content_range=bytes 0-16383/30393736; bytes_read=16384
chirps_v3_final_2008_06,chirps_v3,monthly_rainfall_source_cog,2008,6,https://data.chc.ucsb.edu/products/CHIRPS/v3.0/monthly/global/cogs/chirps-v3.0.2008.06.cog,"Tue, 25 Feb 2025 18:38:15 GMT","""67be0e17-1c664e1""",acbfd234fc5e662eab7ff96dc2f021b77f8ac9dcc38c939a8da6fad0ac7f2a2b,sha256_first_16384_bytes_not_full_file_checksum,29779169,content_range=bytes 0-16383/29779169; bytes_read=16384
chirps_v3_final_2008_07,chirps_v3,monthly_rainfall_source_cog,2008,7,https://data.chc.ucsb.edu/products/CHIRPS/v3.0/monthly/global/cogs/chirps-v3.0.2008.07.cog,"Tue, 25 Feb 2025 18:38:19 GMT","""67be0e1b-1d20d00""",0bad1ee786a232e70babcc2a28997a7d97eedd0a5e497b898c4b3e47758490ba,sha256_first_16384_bytes_not_full_file_checksum,30543104,content_range=bytes 0-16383/30543104; bytes_read=16384
chirps_v3_final_2008_08,chirps_v3,monthly_rainfall_source_cog,2008,8,https://data.chc.ucsb.edu/products/CHIRPS/v3.0/monthly/global/cogs/chirps-v3.0.2008.08.cog,"Tue, 25 Feb 2025 18:38:22 GMT","""67be0e1e-1d442cf""",0bbfccba7f18268353627f52b3fb0fc4ab19770038e39d317896b37db7b3a6dc,sha256_first_16384_bytes_not_full_file_checksum,30687951,content_range=bytes 0-16383/30687951; bytes_read=16384
chirps_v3_final_2008_09,chirps_v3,monthly_rainfall_source_cog,2008,9,https://data.chc.ucsb.edu/products/CHIRPS/v3.0/monthly/global/cogs/chirps-v3.0.2008.09.cog,"Tue, 25 Feb 2025 18:38:25 GMT","""67be0e21-1d92e26""",db710b3aaa44cb53e229e4c02ec42af799c160f584cd4448cc445a084cd83181,sha256_first_16384_bytes_not_full_file_checksum,31010342,content_range=bytes 0-16383/31010342; bytes_read=16384
chirps_v3_final_2008_10,chirps_v3,monthly_rainfall_source_cog,2008,10,https://data.chc.ucsb.edu/products/CHIRPS/v3.0/monthly/global/cogs/chirps-v3.0.2008.10.cog,"Tue, 25 Feb 2025 18:38:28 GMT","""67be0e24-1d44d02""",fd9654f116f35c2e4992f5d3c6349dfbe102ef5d43d09b87094db7e42d195dee,sha256_first_16384_bytes_not_full_file_checksum,30690562,content_range=bytes 0-16383/30690562; bytes_read=16384
chirps_v3_final_2008_11,chirps_v3,monthly_rainfall_source_cog,2008,11,https://data.chc.ucsb.edu/products/CHIRPS/v3.0/monthly/global/cogs/chirps-v3.0.2008.11.cog,"Tue, 25 Feb 2025 18:38:31 GMT","""67be0e27-1c7f68e""",f23fdfa147ba4c28c8b34c1012f2cda8e345f5bcc9ffd5b83dcd5e43c788e2b7,sha256_first_16384_bytes_not_full_file_checksum,29881998,content_range=bytes 0-16383/29881998; bytes_read=16384
chirps_v3_final_2008_12,chirps_v3,monthly_rainfall_source_cog,2008,12,https://data.chc.ucsb.edu/products/CHIRPS/v3.0/monthly/global/cogs/chirps-v3.0.2008.12.cog,"Tue, 25 Feb 2025 18:38:35 GMT","""67be0e2b-1cd1519""",8fba3ebc66161b6688a71373337223c4bc04a65d7d154188e3cc5ca6f6e24b3d,sha256_first_16384_bytes_not_full_file_checksum,30217497,content_range=bytes 0-16383/30217497; bytes_read=16384
chirps_v3_final_2009_01,chirps_v3,monthly_rainfall_source_cog,2009,1,https://data.chc.ucsb.edu/products/CHIRPS/v3.0/monthly/global/cogs/chirps-v3.0.2009.01.cog,"Tue, 25 Feb 2025 18:38:38 GMT","""67be0e2e-1d65921""",40bedac5b1c3d2dbec8d52b5fc73b92eb01c5873ac7052fcf4d4a3fecbe02803,sha256_first_16384_bytes_not_full_file_checksum,30824737,content_range=bytes 0-16383/30824737; bytes_read=16384
chirps_v3_final_2009_02,chirps_v3,monthly_rainfall_source_cog,2009,2,https://data.chc.ucsb.edu/products/CHIRPS/v3.0/monthly/global/cogs/chirps-v3.0.2009.02.cog,"Tue, 25 Feb 2025 18:38:41 GMT","""67be0e31-1c56da5""",d82ea51ed97d6eed8c987ccefcb0f091a3d64706c81f02aeea1c4d290d1977d7,sha256_first_16384_bytes_not_full_file_checksum,29715877,content_range=bytes 0-16383/29715877; bytes_read=16384
chirps_v3_final_2009_03,chirps_v3,monthly_rainfall_source_cog,2009,3,https://data.chc.ucsb.edu/products/CHIRPS/v3.0/monthly/global/cogs/chirps-v3.0.2009.03.cog,"Tue, 25 Feb 2025 18:38:44 GMT","""67be0e34-1cf1b8b""",328c0a2f60e75c6cd687d39feb8a448b30918f7ff8b02fbd85166ad8838a3e9f,sha256_first_16384_bytes_not_full_file_checksum,30350219,content_range=bytes 0-16383/30350219; bytes_read=16384
chirps_v3_final_2009_04,chirps_v3,monthly_rainfall_source_cog,2009,4,https://data.chc.ucsb.edu/products/CHIRPS/v3.0/monthly/global/cogs/chirps-v3.0.2009.04.cog,"Tue, 25 Feb 2025 18:38:47 GMT","""67be0e37-1cd6e6f""",592ec08b9cfbe17f8f664ecc0d617f409f21bcfa9da763302b2fd9097df579ed,sha256_first_16384_bytes_not_full_file_checksum,30240367,content_range=bytes 0-16383/30240367; bytes_read=16384
chirps_v3_final_2009_05,chirps_v3,monthly_rainfall_source_cog,2009,5,https://data.chc.ucsb.edu/products/CHIRPS/v3.0/monthly/global/cogs/chirps-v3.0.2009.05.cog,"Tue, 25 Feb 2025 18:38:51 GMT","""67be0e3b-1d188a5""",cae3d634c00a6c4487a09d822173b34c90054b0ab619cee62315d4c80c2a7a0a,sha256_first_16384_bytes_not_full_file_checksum,30509221,content_range=bytes 0-16383/30509221; bytes_read=16384
chirps_v3_final_2009_06,chirps_v3,monthly_rainfall_source_cog,2009,6,https://data.chc.ucsb.edu/products/CHIRPS/v3.0/monthly/global/cogs/chirps-v3.0.2009.06.cog,"Tue, 25 Feb 2025 18:38:54 GMT","""67be0e3e-1d49547""",bf38cf4c4a2a4aa531329ac87413b33e777469c5d93865534429c1b8774e0c96,sha256_first_16384_bytes_not_full_file_checksum,30709063,content_range=bytes 0-16383/30709063; bytes_read=16384
chirps_v3_final_2009_07,chirps_v3,monthly_rainfall_source_cog,2009,7,https://data.chc.ucsb.edu/products/CHIRPS/v3.0/monthly/global/cogs/chirps-v3.0.2009.07.cog,"Tue, 25 Feb 2025 18:38:57 GMT","""67be0e41-1d6efbb""",699b593418ffdecb9afa20124994be3f91bbf2304b85b18b4e84523cdd4700ce,sha256_first_16384_bytes_not_full_file_checksum,30863291,content_range=bytes 0-16383/30863291; bytes_read=16384
chirps_v3_final_2009_08,chirps_v3,monthly_rainfall_source_cog,2009,8,https://data.chc.ucsb.edu/products/CHIRPS/v3.0/monthly/global/cogs/chirps-v3.0.2009.08.cog,"Tue, 25 Feb 2025 18:39:00 GMT","""67be0e44-1d4e36e""",48c7254841ded3912b0d01790f7eed08940df41ec7a90c5102acfe0501186122,sha256_first_16384_bytes_not_full_file_checksum,30729070,content_range=bytes 0-16383/30729070; bytes_read=16384
chirps_v3_final_2009_09,chirps_v3,monthly_rainfall_source_cog,2009,9,https://data.chc.ucsb.edu/products/CHIRPS/v3.0/monthly/global/cogs/chirps-v3.0.2009.09.cog,"Tue, 25 Feb 2025 18:39:03 GMT","""67be0e47-1dc5ffd""",29f0da54ba5db1a0bdb622527a2ab1b80bdd14965d6f7c01abf1bdafbdfb6dba,sha256_first_16384_bytes_not_full_file_checksum,31219709,content_range=bytes 0-16383/31219709; bytes_read=16384
chirps_v3_final_2009_10,chirps_v3,monthly_rainfall_source_cog,2009,10,https://data.chc.ucsb.edu/products/CHIRPS/v3.0/monthly/global/cogs/chirps-v3.0.2009.10.cog,"Tue, 25 Feb 2025 18:39:06 GMT","""67be0e4a-1d291c5""",7e292d7f2060e438c3d6552ecdc47086e77ce1c5d054eba91e0e2c09d59829e1,sha256_first_16384_bytes_not_full_file_checksum,30577093,content_range=bytes 0-16383/30577093; bytes_read=16384
chirps_v3_final_2009_11,chirps_v3,monthly_rainfall_source_cog,2009,11,https://data.chc.ucsb.edu/products/CHIRPS/v3.0/monthly/global/cogs/chirps-v3.0.2009.11.cog,"Tue, 25 Feb 2025 18:39:09 GMT","""67be0e4d-1d33bfa""",b46296f1ac498f4d0c47c516c68ada143664f6039aa3c663a3139b1707b47a9c,sha256_first_16384_bytes_not_full_file_checksum,30620666,content_range=bytes 0-16383/30620666; bytes_read=16384
chirps_v3_final_2009_12,chirps_v3,monthly_rainfall_source_cog,2009,12,https://data.chc.ucsb.edu/products/CHIRPS/v3.0/monthly/global/cogs/chirps-v3.0.2009.12.cog,"Tue, 25 Feb 2025 18:39:13 GMT","""67be0e51-1d0401b""",ca80c6af56f9a58e2d6666c7492c2b554e532be9250e3c886f17cd29d4499c81,sha256_first_16384_bytes_not_full_file_checksum,30425115,content_range=bytes 0-16383/30425115; bytes_read=16384
chirps_v3_final_2010_01,chirps_v3,monthly_rainfall_source_cog,2010,1,https://data.chc.ucsb.edu/products/CHIRPS/v3.0/monthly/global/cogs/chirps-v3.0.2010.01.cog,"Tue, 25 Feb 2025 18:39:16 GMT","""67be0e54-1ca984b""",4a99c9a8377be1343d6ff47eecce0048261c34c4ba46d69a043b5fe3162162fb,sha256_first_16384_bytes_not_full_file_checksum,30054475,content_range=bytes 0-16383/30054475; bytes_read=16384
chirps_v3_final_2010_02,chirps_v3,monthly_rainfall_source_cog,2010,2,https://data.chc.ucsb.edu/products/CHIRPS/v3.0/monthly/global/cogs/chirps-v3.0.2010.02.cog,"Tue, 25 Feb 2025 18:39:19 GMT","""67be0e57-1bda11d""",29eac71307167fab9697ae168323b6244133f5349d658df05f762546a1863e63,sha256_first_16384_bytes_not_full_file_checksum,29204765,content_range=bytes 0-16383/29204765; bytes_read=16384
chirps_v3_final_2010_03,chirps_v3,monthly_rainfall_source_cog,2010,3,https://data.chc.ucsb.edu/products/CHIRPS/v3.0/monthly/global/cogs/chirps-v3.0.2010.03.cog,"Tue, 25 Feb 2025 18:39:22 GMT","""67be0e5a-1c7acc8""",e757b633b0e29e3cab7c382df7f218ef8bb79c65e75d616a3b04aa070b5ace46,sha256_first_16384_bytes_not_full_file_checksum,29863112,content_range=bytes 0-16383/29863112; bytes_read=16384
chirps_v3_final_2010_04,chirps_v3,monthly_rainfall_source_cog,2010,4,https://data.chc.ucsb.edu/products/CHIRPS/v3.0/monthly/global/cogs/chirps-v3.0.2010.04.cog,"Tue, 25 Feb 2025 18:39:26 GMT","""67be0e5e-1d55cd8""",2b79fb7c955d3fcf504b0b40e2f3f79d6cbe6044ab10a2b6d7545fc51a49a5fc,sha256_first_16384_bytes_not_full_file_checksum,30760152,content_range=bytes 0-16383/30760152; bytes_read=16384
chirps_v3_final_2010_05,chirps_v3,monthly_rainfall_source_cog,2010,5,https://data.chc.ucsb.edu/products/CHIRPS/v3.0/monthly/global/cogs/chirps-v3.0.2010.05.cog,"Tue, 25 Feb 2025 18:39:29 GMT","""67be0e61-1cfaea0""",c1305dfc74d7ba1c09a07469e4fd6c20c309bcf35ac6014035d7b2e691e4805d,sha256_first_16384_bytes_not_full_file_checksum,30387872,content_range=bytes 0-16383/30387872; bytes_read=16384
chirps_v3_final_2010_06,chirps_v3,monthly_rainfall_source_cog,2010,6,https://data.chc.ucsb.edu/products/CHIRPS/v3.0/monthly/global/cogs/chirps-v3.0.2010.06.cog,"Tue, 25 Feb 2025 18:39:32 GMT","""67be0e64-1cb2741""",c02aff6f99a5bf208a3ef5d23b556a31e59f4f0e72f2b64a1eb127120c6b26fd,sha256_first_16384_bytes_not_full_file_checksum,30091073,content_range=bytes 0-16383/30091073; bytes_read=16384
chirps_v3_final_2010_07,chirps_v3,monthly_rainfall_source_cog,2010,7,https://data.chc.ucsb.edu/products/CHIRPS/v3.0/monthly/global/cogs/chirps-v3.0.2010.07.cog,"Tue, 25 Feb 2025 18:39:36 GMT","""67be0e68-1d2a466""",e93dcce03c291e0cfbab313dc872a93b948085f97f3435db7d6543f8f4f95bfa,sha256_first_16384_bytes_not_full_file_checksum,30581862,content_range=bytes 0-16383/30581862; bytes_read=16384
chirps_v3_final_2010_08,chirps_v3,monthly_rainfall_source_cog,2010,8,https://data.chc.ucsb.edu/products/CHIRPS/v3.0/monthly/global/cogs/chirps-v3.0.2010.08.cog,"Tue, 25 Feb 2025 18:39:39 GMT","""67be0e6b-1d721bb""",6b019a224298da09fa216e1ffdf1115ac703dff89d38dd4492a529c7e7031017,sha256_first_16384_bytes_not_full_file_checksum,30876091,content_range=bytes 0-16383/30876091; bytes_read=16384
chirps_v3_final_2010_09,chirps_v3,monthly_rainfall_source_cog,2010,9,https://data.chc.ucsb.edu/products/CHIRPS/v3.0/monthly/global/cogs/chirps-v3.0.2010.09.cog,"Tue, 25 Feb 2025 18:39:42 GMT","""67be0e6e-1d83dca""",3ed24a3b598b208e4447d10c553d30dcb51d29220bd590ee6fed76ee571e8812,sha256_first_16384_bytes_not_full_file_checksum,30948810,content_range=bytes 0-16383/30948810; bytes_read=16384
chirps_v3_final_2010_10,chirps_v3,monthly_rainfall_source_cog,2010,10,https://data.chc.ucsb.edu/products/CHIRPS/v3.0/monthly/global/cogs/chirps-v3.0.2010.10.cog,"Tue, 25 Feb 2025 18:39:45 GMT","""67be0e71-1d44aef""",7101a2456ea960508ceac13806bd2b79201f222f80482414a10c48c740e54098,sha256_first_16384_bytes_not_full_file_checksum,30690031,content_range=bytes 0-16383/30690031; bytes_read=16384
chirps_v3_final_2010_11,chirps_v3,monthly_rainfall_source_cog,2010,11,https://data.chc.ucsb.edu/products/CHIRPS/v3.0/monthly/global/cogs/chirps-v3.0.2010.11.cog,"Tue, 25 Feb 2025 18:39:48 GMT","""67be0e74-1bb8dc0""",44217ba5d15661d95b3c4cb1bff50d8d6d86f57c42eaa526d9e52560ce1061c6,sha256_first_16384_bytes_not_full_file_checksum,29068736,content_range=bytes 0-16383/29068736; bytes_read=16384
chirps_v3_final_2010_12,chirps_v3,monthly_rainfall_source_cog,2010,12,https://data.chc.ucsb.edu/products/CHIRPS/v3.0/monthly/global/cogs/chirps-v3.0.2010.12.cog,"Tue, 25 Feb 2025 18:39:52 GMT","""67be0e78-1c07c0c""",c4f432544aed5653f56610882185d20210ceca29c51e25d0d35d8896ed3a3fde,sha256_first_16384_bytes_not_full_file_checksum,29391884,content_range=bytes 0-16383/29391884; bytes_read=16384
chirps_v3_final_2011_01,chirps_v3,monthly_rainfall_source_cog,2011,1,https://data.chc.ucsb.edu/products/CHIRPS/v3.0/monthly/global/cogs/chirps-v3.0.2011.01.cog,"Tue, 25 Feb 2025 18:39:55 GMT","""67be0e7b-1c3eb1c""",c2e07902137982a04eb44a70887eecc2aa0beb269976eca937ab0f62786a5edb,sha256_first_16384_bytes_not_full_file_checksum,29616924,content_range=bytes 0-16383/29616924; bytes_read=16384
chirps_v3_final_2011_02,chirps_v3,monthly_rainfall_source_cog,2011,2,https://data.chc.ucsb.edu/products/CHIRPS/v3.0/monthly/global/cogs/chirps-v3.0.2011.02.cog,"Tue, 25 Feb 2025 18:39:58 GMT","""67be0e7e-1c0c91e""",3f29b88b612c8c1dddad437f8b061e4b5392277580af341a782d690b9b7aaee4,sha256_first_16384_bytes_not_full_file_checksum,29411614,content_range=bytes 0-16383/29411614; bytes_read=16384
chirps_v3_final_2011_03,chirps_v3,monthly_rainfall_source_cog,2011,3,https://data.chc.ucsb.edu/products/CHIRPS/v3.0/monthly/global/cogs/chirps-v3.0.2011.03.cog,"Tue, 25 Feb 2025 18:40:01 GMT","""67be0e81-1b9e9f1""",48540f7bd9403a2602df3c1c76d097323624e2955886497255d70c7b389ccfa5,sha256_first_16384_bytes_not_full_file_checksum,28961265,content_range=bytes 0-16383/28961265; bytes_read=16384
chirps_v3_final_2011_04,chirps_v3,monthly_rainfall_source_cog,2011,4,https://data.chc.ucsb.edu/products/CHIRPS/v3.0/monthly/global/cogs/chirps-v3.0.2011.04.cog,"Tue, 25 Feb 2025 18:40:04 GMT","""67be0e84-1cece67""",7584abb23242099117ab83f7a3a46ae3a5c8fcd48e0e9120dbd8734156c99c2d,sha256_first_16384_bytes_not_full_file_checksum,30330471,content_range=bytes 0-16383/30330471; bytes_read=16384
chirps_v3_final_2011_05,chirps_v3,monthly_rainfall_source_cog,2011,5,https://data.chc.ucsb.edu/products/CHIRPS/v3.0/monthly/global/cogs/chirps-v3.0.2011.05.cog,"Tue, 25 Feb 2025 18:40:07 GMT","""67be0e87-1d13377""",d52a89438b5c847eb31f4cda800b239c6d9b095b44126126de424ab455273ae7,sha256_first_16384_bytes_not_full_file_checksum,30487415,content_range=bytes 0-16383/30487415; bytes_read=16384
chirps_v3_final_2011_06,chirps_v3,monthly_rainfall_source_cog,2011,6,https://data.chc.ucsb.edu/products/CHIRPS/v3.0/monthly/global/cogs/chirps-v3.0.2011.06.cog,"Tue, 25 Feb 2025 18:40:10 GMT","""67be0e8a-1cd63e7""",93d0151e1a307da11f11db45f07ef9546535d840285ac93e4ea7725ee180702a,sha256_first_16384_bytes_not_full_file_checksum,30237671,content_range=bytes 0-16383/30237671; bytes_read=16384
chirps_v3_final_2011_07,chirps_v3,monthly_rainfall_source_cog,2011,7,https://data.chc.ucsb.edu/products/CHIRPS/v3.0/monthly/global/cogs/chirps-v3.0.2011.07.cog,"Tue, 25 Feb 2025 18:40:14 GMT","""67be0e8e-1d7b14f""",ddef8e3c4721f797d0b0e5afe52952adcf6964632aaa233f58b517da0a5b11cd,sha256_first_16384_bytes_not_full_file_checksum,30912847,content_range=bytes 0-16383/30912847; bytes_read=16384
chirps_v3_final_2011_08,chirps_v3,monthly_rainfall_source_cog,2011,8,https://data.chc.ucsb.edu/products/CHIRPS/v3.0/monthly/global/cogs/chirps-v3.0.2011.08.cog,"Tue, 25 Feb 2025 18:40:17 GMT","""67be0e91-1d99536""",523af42530f99dd34cded21dca513f658f4e1781d5ba889b7053737a2f76a08f,sha256_first_16384_bytes_not_full_file_checksum,31036726,content_range=bytes 0-16383/31036726; bytes_read=16384
chirps_v3_final_2011_09,chirps_v3,monthly_rainfall_source_cog,2011,9,https://data.chc.ucsb.edu/products/CHIRPS/v3.0/monthly/global/cogs/chirps-v3.0.2011.09.cog,"Tue, 25 Feb 2025 18:40:20 GMT","""67be0e94-1d51fa4""",f30e1ba0c1ec4c4103adeeb0f5eec990a436bd95e259b4c5bd6aa9aec88b959e,sha256_first_16384_bytes_not_full_file_checksum,30744484,content_range=bytes 0-16383/30744484; bytes_read=16384
chirps_v3_final_2011_10,chirps_v3,monthly_rainfall_source_cog,2011,10,https://data.chc.ucsb.edu/products/CHIRPS/v3.0/monthly/global/cogs/chirps-v3.0.2011.10.cog,"Tue, 25 Feb 2025 18:40:24 GMT","""67be0e98-1d4818d""",804d8302fa7b6b614601126e8fe869d283d2e901150058d9a1a5caa9e8f02edb,sha256_first_16384_bytes_not_full_file_checksum,30704013,content_range=bytes 0-16383/30704013; bytes_read=16384
chirps_v3_final_2011_11,chirps_v3,monthly_rainfall_source_cog,2011,11,https://data.chc.ucsb.edu/products/CHIRPS/v3.0/monthly/global/cogs/chirps-v3.0.2011.11.cog,"Tue, 25 Feb 2025 18:40:27 GMT","""67be0e9b-1c2557e""",2710e09d2dc2a393f6690cd36c3872f2a178046c6e2b2024ed23f85f09bb3dfa,sha256_first_16384_bytes_not_full_file_checksum,29513086,content_range=bytes 0-16383/29513086; bytes_read=16384
chirps_v3_final_2011_12,chirps_v3,monthly_rainfall_source_cog,2011,12,https://data.chc.ucsb.edu/products/CHIRPS/v3.0/monthly/global/cogs/chirps-v3.0.2011.12.cog,"Tue, 25 Feb 2025 18:40:30 GMT","""67be0e9e-1b583a3""",22c0891144b85b3fe30b6cfd1e7f9e0f20c50c69c502575e46867faa1b50a6c7,sha256_first_16384_bytes_not_full_file_checksum,28672931,content_range=bytes 0-16383/28672931; bytes_read=16384
chirps_v3_final_2012_01,chirps_v3,monthly_rainfall_source_cog,2012,1,https://data.chc.ucsb.edu/products/CHIRPS/v3.0/monthly/global/cogs/chirps-v3.0.2012.01.cog,"Tue, 25 Feb 2025 18:40:33 GMT","""67be0ea1-1a8502b""",404cb267c0d46f9cc5218515f017a8214288352fa733bd4ddbbaa8a079b38c70,sha256_first_16384_bytes_not_full_file_checksum,27807787,content_range=bytes 0-16383/27807787; bytes_read=16384
chirps_v3_final_2012_02,chirps_v3,monthly_rainfall_source_cog,2012,2,https://data.chc.ucsb.edu/products/CHIRPS/v3.0/monthly/global/cogs/chirps-v3.0.2012.02.cog,"Tue, 25 Feb 2025 18:40:36 GMT","""67be0ea4-1b897fc""",f3422d9798fc2efd3662296fbc3c1b989b7fa6dcc444a64fa312bc86571acbbb,sha256_first_16384_bytes_not_full_file_checksum,28874748,content_range=bytes 0-16383/28874748; bytes_read=16384
chirps_v3_final_2012_03,chirps_v3,monthly_rainfall_source_cog,2012,3,https://data.chc.ucsb.edu/products/CHIRPS/v3.0/monthly/global/cogs/chirps-v3.0.2012.03.cog,"Tue, 25 Feb 2025 18:40:39 GMT","""67be0ea7-1ca83b6""",df59fab64342009cec56d57bb23f279c93c70e2a07192d62fadcb0a8b1071fd8,sha256_first_16384_bytes_not_full_file_checksum,30049206,content_range=bytes 0-16383/30049206; bytes_read=16384
chirps_v3_final_2012_04,chirps_v3,monthly_rainfall_source_cog,2012,4,https://data.chc.ucsb.edu/products/CHIRPS/v3.0/monthly/global/cogs/chirps-v3.0.2012.04.cog,"Tue, 25 Feb 2025 18:40:43 GMT","""67be0eab-1ce25e0""",ea8d2edadcea3f964221b751fa9edb274f551ad859a332b5eda2b2769e1b4865,sha256_first_16384_bytes_not_full_file_checksum,30287328,content_range=bytes 0-16383/30287328; bytes_read=16384
chirps_v3_final_2012_05,chirps_v3,monthly_rainfall_source_cog,2012,5,https://data.chc.ucsb.edu/products/CHIRPS/v3.0/monthly/global/cogs/chirps-v3.0.2012.05.cog,"Tue, 25 Feb 2025 18:40:46 GMT","""67be0eae-1cce77b""",4d14d485e2890266025037a4e97e9e88e07dc4617bf28ca194c97fdf26d629a5,sha256_first_16384_bytes_not_full_file_checksum,30205819,content_range=bytes 0-16383/30205819; bytes_read=16384
chirps_v3_final_2012_06,chirps_v3,monthly_rainfall_source_cog,2012,6,https://data.chc.ucsb.edu/products/CHIRPS/v3.0/monthly/global/cogs/chirps-v3.0.2012.06.cog,"Tue, 25 Feb 2025 18:40:50 GMT","""67be0eb2-1cafb32""",5735273a41412013321648f53bbde084ca0be289f09b6e114cdfd8da0abae7c9,sha256_first_16384_bytes_not_full_file_checksum,30079794,content_range=bytes 0-16383/30079794; bytes_read=16384
chirps_v3_final_2012_07,chirps_v3,monthly_rainfall_source_cog,2012,7,https://data.chc.ucsb.edu/products/CHIRPS/v3.0/monthly/global/cogs/chirps-v3.0.2012.07.cog,"Tue, 25 Feb 2025 18:40:53 GMT","""67be0eb5-1d1e4a1""",210091e152b807982665407f5001e102474f0a3157c3c65988baa6337f4940e7,sha256_first_16384_bytes_not_full_file_checksum,30532769,content_range=bytes 0-16383/30532769; bytes_read=16384
chirps_v3_final_2012_08,chirps_v3,monthly_rainfall_source_cog,2012,8,https://data.chc.ucsb.edu/products/CHIRPS/v3.0/monthly/global/cogs/chirps-v3.0.2012.08.cog,"Tue, 25 Feb 2025 18:40:56 GMT","""67be0eb8-1d6d4b7""",387fad2228d56a4895ad91c13837456c8bbf6f71b48421991d29a24e2b7963f1,sha256_first_16384_bytes_not_full_file_checksum,30856375,content_range=bytes 0-16383/30856375; bytes_read=16384
chirps_v3_final_2012_09,chirps_v3,monthly_rainfall_source_cog,2012,9,https://data.chc.ucsb.edu/products/CHIRPS/v3.0/monthly/global/cogs/chirps-v3.0.2012.09.cog,"Tue, 25 Feb 2025 18:40:59 GMT","""67be0ebb-1d92dd7""",4b2246a0fa218ece5e8cbf31451489d0dd3b4ffc29d5e179e6452f4ac9b2391b,sha256_first_16384_bytes_not_full_file_checksum,31010263,content_range=bytes 0-16383/31010263; bytes_read=16384
chirps_v3_final_2012_10,chirps_v3,monthly_rainfall_source_cog,2012,10,https://data.chc.ucsb.edu/products/CHIRPS/v3.0/monthly/global/cogs/chirps-v3.0.2012.10.cog,"Tue, 25 Feb 2025 18:41:03 GMT","""67be0ebf-1daf97a""",2a09d5d1b0d553496aa66efb383369c922ccb8cefa2fa338cc8add7c75c2fd3c,sha256_first_16384_bytes_not_full_file_checksum,31127930,content_range=bytes 0-16383/31127930; bytes_read=16384
chirps_v3_final_2012_11,chirps_v3,monthly_rainfall_source_cog,2012,11,https://data.chc.ucsb.edu/products/CHIRPS/v3.0/monthly/global/cogs/chirps-v3.0.2012.11.cog,"Tue, 25 Feb 2025 18:41:06 GMT","""67be0ec2-1d11776""",4a7f4e14100e286019f13558694caf4c7da8c377393bcf4b5f35a78f7ff0bc7b,sha256_first_16384_bytes_not_full_file_checksum,30480246,content_range=bytes 0-16383/30480246; bytes_read=16384
chirps_v3_final_2012_12,chirps_v3,monthly_rainfall_source_cog,2012,12,https://data.chc.ucsb.edu/products/CHIRPS/v3.0/monthly/global/cogs/chirps-v3.0.2012.12.cog,"Tue, 25 Feb 2025 18:41:09 GMT","""67be0ec5-1d0cce4""",0b2b5efb3f45b9998be7183d20fe1a67ea6554917168f2ea556e46a33d95b970,sha256_first_16384_bytes_not_full_file_checksum,30461156,content_range=bytes 0-16383/30461156; bytes_read=16384
chirps_v3_final_2013_01,chirps_v3,monthly_rainfall_source_cog,2013,1,https://data.chc.ucsb.edu/products/CHIRPS/v3.0/monthly/global/cogs/chirps-v3.0.2013.01.cog,"Tue, 25 Feb 2025 18:41:12 GMT","""67be0ec8-1cf464b""",7de0cf7af9b87e141ce042429ae6d4ef3ff4d3e5ccc0b04a63c65dbde70e37ab,sha256_first_16384_bytes_not_full_file_checksum,30361163,content_range=bytes 0-16383/30361163; bytes_read=16384
chirps_v3_final_2013_02,chirps_v3,monthly_rainfall_source_cog,2013,2,https://data.chc.ucsb.edu/products/CHIRPS/v3.0/monthly/global/cogs/chirps-v3.0.2013.02.cog,"Tue, 25 Feb 2025 18:41:16 GMT","""67be0ecc-1c352b1""",e9872261e53f05a3ce390a62d432c9b8a9cc0a570b30ff4f68eb4858637e963c,sha256_first_16384_bytes_not_full_file_checksum,29577905,content_range=bytes 0-16383/29577905; bytes_read=16384
chirps_v3_final_2013_03,chirps_v3,monthly_rainfall_source_cog,2013,3,https://data.chc.ucsb.edu/products/CHIRPS/v3.0/monthly/global/cogs/chirps-v3.0.2013.03.cog,"Tue, 25 Feb 2025 18:41:19 GMT","""67be0ecf-1cfbecb""",3468ae876ac2e26f19f0a7d639ddb3b021ca5379a0c524ebc7499dffe84141f8,sha256_first_16384_bytes_not_full_file_checksum,30392011,content_range=bytes 0-16383/30392011; bytes_read=16384
chirps_v3_final_2013_04,chirps_v3,monthly_rainfall_source_cog,2013,4,https://data.chc.ucsb.edu/products/CHIRPS/v3.0/monthly/global/cogs/chirps-v3.0.2013.04.cog,"Tue, 25 Feb 2025 18:41:22 GMT","""67be0ed2-1ca35ce""",8e359de97d61bbf4715819b7ca0d18786c470424685d54b87277500b5307306c,sha256_first_16384_bytes_not_full_file_checksum,30029262,content_range=bytes 0-16383/30029262; bytes_read=16384
chirps_v3_final_2013_05,chirps_v3,monthly_rainfall_source_cog,2013,5,https://data.chc.ucsb.edu/products/CHIRPS/v3.0/monthly/global/cogs/chirps-v3.0.2013.05.cog,"Tue, 25 Feb 2025 18:41:26 GMT","""67be0ed6-1c9be6f""",a979ed04bf11ce9dc6dc6714db4050101f4329278e2b9a4f72f1a71a2fe84cbd,sha256_first_16384_bytes_not_full_file_checksum,29998703,content_range=bytes 0-16383/29998703; bytes_read=16384
chirps_v3_final_2013_06,chirps_v3,monthly_rainfall_source_cog,2013,6,https://data.chc.ucsb.edu/products/CHIRPS/v3.0/monthly/global/cogs/chirps-v3.0.2013.06.cog,"Tue, 25 Feb 2025 18:41:30 GMT","""67be0eda-1cadcb1""",7f53452120c04624493fd166bd491e7b3a040949dda08be7c47cfcd60910e477,sha256_first_16384_bytes_not_full_file_checksum,30071985,content_range=bytes 0-16383/30071985; bytes_read=16384
chirps_v3_final_2013_07,chirps_v3,monthly_rainfall_source_cog,2013,7,https://data.chc.ucsb.edu/products/CHIRPS/v3.0/monthly/global/cogs/chirps-v3.0.2013.07.cog,"Tue, 25 Feb 2025 18:41:33 GMT","""67be0edd-1d7f7a0""",b468cf52c9cb9bb046eabdecab47643fb3657df469842c52cba16cc059e74ee1,sha256_first_16384_bytes_not_full_file_checksum,30930848,content_range=bytes 0-16383/30930848; bytes_read=16384
chirps_v3_final_2013_08,chirps_v3,monthly_rainfall_source_cog,2013,8,https://data.chc.ucsb.edu/products/CHIRPS/v3.0/monthly/global/cogs/chirps-v3.0.2013.08.cog,"Tue, 25 Feb 2025 18:41:37 GMT","""67be0ee1-1d81d59""",baa37c8c4907291343766096110018247c4683c0d3091797e44515e6455454ed,sha256_first_16384_bytes_not_full_file_checksum,30940505,content_range=bytes 0-16383/30940505; bytes_read=16384
chirps_v3_final_2013_09,chirps_v3,monthly_rainfall_source_cog,2013,9,https://data.chc.ucsb.edu/products/CHIRPS/v3.0/monthly/global/cogs/chirps-v3.0.2013.09.cog,"Tue, 25 Feb 2025 18:41:40 GMT","""67be0ee4-1d8a223""",3ed2e802138edbd3d16dad10617c73a1a49c7c8e6ca16b55776f50f5d715add1,sha256_first_16384_bytes_not_full_file_checksum,30974499,content_range=bytes 0-16383/30974499; bytes_read=16384
chirps_v3_final_2013_10,chirps_v3,monthly_rainfall_source_cog,2013,10,https://data.chc.ucsb.edu/products/CHIRPS/v3.0/monthly/global/cogs/chirps-v3.0.2013.10.cog,"Tue, 25 Feb 2025 18:41:43 GMT","""67be0ee7-1c691bb""",7e559b64feaff1e151ac66a1e9ff666cfb8a9e6570d0f6de3d70a3d7a4a6f56f,sha256_first_16384_bytes_not_full_file_checksum,29790651,content_range=bytes 0-16383/29790651; bytes_read=16384
chirps_v3_final_2013_11,chirps_v3,monthly_rainfall_source_cog,2013,11,https://data.chc.ucsb.edu/products/CHIRPS/v3.0/monthly/global/cogs/chirps-v3.0.2013.11.cog,"Tue, 25 Feb 2025 18:41:46 GMT","""67be0eea-1cfbac9""",14a159a287ae9483a9914fd27b0dc17f08a5810ed2f95919ea0c1f5d90f5b6f4,sha256_first_16384_bytes_not_full_file_checksum,30390985,content_range=bytes 0-16383/30390985; bytes_read=16384
chirps_v3_final_2013_12,chirps_v3,monthly_rainfall_source_cog,2013,12,https://data.chc.ucsb.edu/products/CHIRPS/v3.0/monthly/global/cogs/chirps-v3.0.2013.12.cog,"Tue, 25 Feb 2025 18:41:50 GMT","""67be0eee-1c81749""",831e87cb61548850fd3ec7b75c01f0de4bbbeb1ec6f505f08a67b5055de69832,sha256_first_16384_bytes_not_full_file_checksum,29890377,content_range=bytes 0-16383/29890377; bytes_read=16384
chirps_v3_final_2014_01,chirps_v3,monthly_rainfall_source_cog,2014,1,https://data.chc.ucsb.edu/products/CHIRPS/v3.0/monthly/global/cogs/chirps-v3.0.2014.01.cog,"Tue, 25 Feb 2025 18:41:53 GMT","""67be0ef1-1c64ded""",826c8e7b4b0ba306146361c92aa59e22e0db5103c97ee12708f5d72216f14a77,sha256_first_16384_bytes_not_full_file_checksum,29773293,content_range=bytes 0-16383/29773293; bytes_read=16384
chirps_v3_final_2014_02,chirps_v3,monthly_rainfall_source_cog,2014,2,https://data.chc.ucsb.edu/products/CHIRPS/v3.0/monthly/global/cogs/chirps-v3.0.2014.02.cog,"Tue, 25 Feb 2025 18:41:56 GMT","""67be0ef4-1bb1de1""",3d85d4f69faa5ce250424c3bf2173b20e760269ae1ea029a2643397f359f0118,sha256_first_16384_bytes_not_full_file_checksum,29040097,content_range=bytes 0-16383/29040097; bytes_read=16384
chirps_v3_final_2014_03,chirps_v3,monthly_rainfall_source_cog,2014,3,https://data.chc.ucsb.edu/products/CHIRPS/v3.0/monthly/global/cogs/chirps-v3.0.2014.03.cog,"Tue, 25 Feb 2025 18:41:59 GMT","""67be0ef7-1ca88e0""",6d5efdce41e9d2fd317f5fae9c56a957a5fc110df4c989a8e57f177069d56552,sha256_first_16384_bytes_not_full_file_checksum,30050528,content_range=bytes 0-16383/30050528; bytes_read=16384
chirps_v3_final_2014_04,chirps_v3,monthly_rainfall_source_cog,2014,4,https://data.chc.ucsb.edu/products/CHIRPS/v3.0/monthly/global/cogs/chirps-v3.0.2014.04.cog,"Tue, 25 Feb 2025 18:42:03 GMT","""67be0efb-1d16751""",da1a03e930d060aa581d6aed53d95bb9346600b1bfcf186ec376936e72a442e1,sha256_first_16384_bytes_not_full_file_checksum,30500689,content_range=bytes 0-16383/30500689; bytes_read=16384
chirps_v3_final_2014_05,chirps_v3,monthly_rainfall_source_cog,2014,5,https://data.chc.ucsb.edu/products/CHIRPS/v3.0/monthly/global/cogs/chirps-v3.0.2014.05.cog,"Tue, 25 Feb 2025 18:42:06 GMT","""67be0efe-1d930d3""",f23cbaf3cc78af59d27bc4a5cc84977a04732e3db666ad4cc30a554874249614,sha256_first_16384_bytes_not_full_file_checksum,31011027,content_range=bytes 0-16383/31011027; bytes_read=16384
chirps_v3_final_2014_06,chirps_v3,monthly_rainfall_source_cog,2014,6,https://data.chc.ucsb.edu/products/CHIRPS/v3.0/monthly/global/cogs/chirps-v3.0.2014.06.cog,"Tue, 25 Feb 2025 18:42:09 GMT","""67be0f01-1c9c788""",08b05830af1c6fc247adb3869c24fb4dda12ad36d3b5403f0b9a7d97632f6a80,sha256_first_16384_bytes_not_full_file_checksum,30001032,content_range=bytes 0-16383/30001032; bytes_read=16384
chirps_v3_final_2014_07,chirps_v3,monthly_rainfall_source_cog,2014,7,https://data.chc.ucsb.edu/products/CHIRPS/v3.0/monthly/global/cogs/chirps-v3.0.2014.07.cog,"Tue, 25 Feb 2025 18:42:13 GMT","""67be0f05-1d46196""",2878b6e34a723380f526d0b4cc7e7db031d4e30dc76acc931bc2fafe0cb0303d,sha256_first_16384_bytes_not_full_file_checksum,30695830,content_range=bytes 0-16383/30695830; bytes_read=16384
chirps_v3_final_2014_08,chirps_v3,monthly_rainfall_source_cog,2014,8,https://data.chc.ucsb.edu/products/CHIRPS/v3.0/monthly/global/cogs/chirps-v3.0.2014.08.cog,"Tue, 25 Feb 2025 18:42:16 GMT","""67be0f08-1d58e1a""",cd81feb459f92ffdc43bf68d7f3a64aaf98bab0cd529363d28639ddde24fe8a8,sha256_first_16384_bytes_not_full_file_checksum,30772762,content_range=bytes 0-16383/30772762; bytes_read=16384
chirps_v3_final_2014_09,chirps_v3,monthly_rainfall_source_cog,2014,9,https://data.chc.ucsb.edu/products/CHIRPS/v3.0/monthly/global/cogs/chirps-v3.0.2014.09.cog,"Tue, 25 Feb 2025 18:42:19 GMT","""67be0f0b-1d8bb93""",6cf3c3d95b102ba249911a64f268bbeaf2747edbf2360b0de89b2d13d4ee2896,sha256_first_16384_bytes_not_full_file_checksum,30981011,content_range=bytes 0-16383/30981011; bytes_read=16384
chirps_v3_final_2014_10,chirps_v3,monthly_rainfall_source_cog,2014,10,https://data.chc.ucsb.edu/products/CHIRPS/v3.0/monthly/global/cogs/chirps-v3.0.2014.10.cog,"Tue, 25 Feb 2025 18:42:22 GMT","""67be0f0e-1d24476""",9a1d8af6b232ac7636155201d05a22f4a64cc161809e027af40033ce32937039,sha256_first_16384_bytes_not_full_file_checksum,30557302,content_range=bytes 0-16383/30557302; bytes_read=16384
chirps_v3_final_2014_11,chirps_v3,monthly_rainfall_source_cog,2014,11,https://data.chc.ucsb.edu/products/CHIRPS/v3.0/monthly/global/cogs/chirps-v3.0.2014.11.cog,"Tue, 25 Feb 2025 18:42:25 GMT","""67be0f11-1cf6b72""",8f957436445da99b37f6ff83b9ab5e13c8a0ae26a70a0a253767ffb0caf63e76,sha256_first_16384_bytes_not_full_file_checksum,30370674,content_range=bytes 0-16383/30370674; bytes_read=16384
chirps_v3_final_2014_12,chirps_v3,monthly_rainfall_source_cog,2014,12,https://data.chc.ucsb.edu/products/CHIRPS/v3.0/monthly/global/cogs/chirps-v3.0.2014.12.cog,"Tue, 25 Feb 2025 18:42:28 GMT","""67be0f14-1c10dbb""",74287acf7b44da1eeb8732dcbf5b9e202f8f535812e465a0230d6ecc0b19182c,sha256_first_16384_bytes_not_full_file_checksum,29429179,content_range=bytes 0-16383/29429179; bytes_read=16384
chirps_v3_final_2015_01,chirps_v3,monthly_rainfall_source_cog,2015,1,https://data.chc.ucsb.edu/products/CHIRPS/v3.0/monthly/global/cogs/chirps-v3.0.2015.01.cog,"Tue, 25 Feb 2025 18:42:32 GMT","""67be0f18-1cd2c7d""",92804b52210a51fdbcb9def2a0bf8d55a73cd4e8098835821d15547c5dadda85,sha256_first_16384_bytes_not_full_file_checksum,30223485,content_range=bytes 0-16383/30223485; bytes_read=16384
chirps_v3_final_2015_02,chirps_v3,monthly_rainfall_source_cog,2015,2,https://data.chc.ucsb.edu/products/CHIRPS/v3.0/monthly/global/cogs/chirps-v3.0.2015.02.cog,"Tue, 25 Feb 2025 18:42:35 GMT","""67be0f1b-1ce7d5b""",3c6f40e67541bf8879d59d627575c5788a860aae15f8a6f603692d3825f7dbb7,sha256_first_16384_bytes_not_full_file_checksum,30309723,content_range=bytes 0-16383/30309723; bytes_read=16384
chirps_v3_final_2015_03,chirps_v3,monthly_rainfall_source_cog,2015,3,https://data.chc.ucsb.edu/products/CHIRPS/v3.0/monthly/global/cogs/chirps-v3.0.2015.03.cog,"Tue, 25 Feb 2025 18:42:38 GMT","""67be0f1e-1d1ad46""",6e01870a97ea74866fb794f693962e8f81965ba7292455272cf311d1e9e5e928,sha256_first_16384_bytes_not_full_file_checksum,30518598,content_range=bytes 0-16383/30518598; bytes_read=16384
chirps_v3_final_2015_04,chirps_v3,monthly_rainfall_source_cog,2015,4,https://data.chc.ucsb.edu/products/CHIRPS/v3.0/monthly/global/cogs/chirps-v3.0.2015.04.cog,"Tue, 25 Feb 2025 18:42:41 GMT","""67be0f21-1c046c2""",da9aa116639f857388296dcb790b7ff8db99d7f91337900d39465249dfd15779,sha256_first_16384_bytes_not_full_file_checksum,29378242,content_range=bytes 0-16383/29378242; bytes_read=16384
chirps_v3_final_2015_05,chirps_v3,monthly_rainfall_source_cog,2015,5,https://data.chc.ucsb.edu/products/CHIRPS/v3.0/monthly/global/cogs/chirps-v3.0.2015.05.cog,"Tue, 25 Feb 2025 18:42:45 GMT","""67be0f25-1cdfc54""",b47559bdb94cf5fe4d99030cca78e7d45a22834c4c7c1534cd99584ad5fc6aa3,sha256_first_16384_bytes_not_full_file_checksum,30276692,content_range=bytes 0-16383/30276692; bytes_read=16384
chirps_v3_final_2015_06,chirps_v3,monthly_rainfall_source_cog,2015,6,https://data.chc.ucsb.edu/products/CHIRPS/v3.0/monthly/global/cogs/chirps-v3.0.2015.06.cog,"Tue, 25 Feb 2025 18:42:48 GMT","""67be0f28-1cbd377""",104b35e2f08a8cfe058b9be3966344de3ff850382c57c29e841638c15a103c03,sha256_first_16384_bytes_not_full_file_checksum,30135159,content_range=bytes 0-16383/30135159; bytes_read=16384
chirps_v3_final_2015_07,chirps_v3,monthly_rainfall_source_cog,2015,7,https://data.chc.ucsb.edu/products/CHIRPS/v3.0/monthly/global/cogs/chirps-v3.0.2015.07.cog,"Tue, 25 Feb 2025 18:42:52 GMT","""67be0f2c-1d679a6""",ecc36efb323b6b920174e1542e7920ee59e5b7e49c2e789894bbd073aa1040b1,sha256_first_16384_bytes_not_full_file_checksum,30833062,content_range=bytes 0-16383/30833062; bytes_read=16384
chirps_v3_final_2015_08,chirps_v3,monthly_rainfall_source_cog,2015,8,https://data.chc.ucsb.edu/products/CHIRPS/v3.0/monthly/global/cogs/chirps-v3.0.2015.08.cog,"Tue, 25 Feb 2025 18:42:56 GMT","""67be0f30-1dc3d34""",676728212cb47e0a46dcd8100ff5bfd3269b57b56a9d3c9b858320bb264f1c26,sha256_first_16384_bytes_not_full_file_checksum,31210804,content_range=bytes 0-16383/31210804; bytes_read=16384
chirps_v3_final_2015_09,chirps_v3,monthly_rainfall_source_cog,2015,9,https://data.chc.ucsb.edu/products/CHIRPS/v3.0/monthly/global/cogs/chirps-v3.0.2015.09.cog,"Tue, 25 Feb 2025 18:42:59 GMT","""67be0f33-1dce16b""",e7b06b2426bec3ff7fbeaf76af309ae1af8eac22ee91e0713be29ec6c6eb0268,sha256_first_16384_bytes_not_full_file_checksum,31252843,content_range=bytes 0-16383/31252843; bytes_read=16384
chirps_v3_final_2015_10,chirps_v3,monthly_rainfall_source_cog,2015,10,https://data.chc.ucsb.edu/products/CHIRPS/v3.0/monthly/global/cogs/chirps-v3.0.2015.10.cog,"Tue, 25 Feb 2025 18:43:02 GMT","""67be0f36-1daac7e""",26e24fe47bf54e8a252939732cb34fe7b5757be461f1d6adb5a19fd2a6846e07,sha256_first_16384_bytes_not_full_file_checksum,31108222,content_range=bytes 0-16383/31108222; bytes_read=16384
chirps_v3_final_2015_11,chirps_v3,monthly_rainfall_source_cog,2015,11,https://data.chc.ucsb.edu/products/CHIRPS/v3.0/monthly/global/cogs/chirps-v3.0.2015.11.cog,"Tue, 25 Feb 2025 18:43:06 GMT","""67be0f3a-1c921c5""",3439b7ea0b0e199f55927d2470745af752a06eb7c1c592b1c2e1f20ad7dab66f,sha256_first_16384_bytes_not_full_file_checksum,29958597,content_range=bytes 0-16383/29958597; bytes_read=16384
chirps_v3_final_2015_12,chirps_v3,monthly_rainfall_source_cog,2015,12,https://data.chc.ucsb.edu/products/CHIRPS/v3.0/monthly/global/cogs/chirps-v3.0.2015.12.cog,"Tue, 25 Feb 2025 18:43:09 GMT","""67be0f3d-1c9611f""",c7c7424a8bd388849d6830ed731d1fad753bd96663add3aa9a3e22e456e06902,sha256_first_16384_bytes_not_full_file_checksum,29974815,content_range=bytes 0-16383/29974815; bytes_read=16384
chirps_v3_final_2016_01,chirps_v3,monthly_rainfall_source_cog,2016,1,https://data.chc.ucsb.edu/products/CHIRPS/v3.0/monthly/global/cogs/chirps-v3.0.2016.01.cog,"Tue, 25 Feb 2025 18:43:12 GMT","""67be0f40-1c58260""",9eb78903ff3559e2e43385350da046e3b0e90af4b78456f201035319969c2a8e,sha256_first_16384_bytes_not_full_file_checksum,29721184,content_range=bytes 0-16383/29721184; bytes_read=16384
chirps_v3_final_2016_02,chirps_v3,monthly_rainfall_source_cog,2016,2,https://data.chc.ucsb.edu/products/CHIRPS/v3.0/monthly/global/cogs/chirps-v3.0.2016.02.cog,"Tue, 25 Feb 2025 18:43:16 GMT","""67be0f44-1ba7a7a""",cfe43feaf81ece220a4dc871c8afeb3e10f1e8772450d0551fbdbe80763aab34,sha256_first_16384_bytes_not_full_file_checksum,28998266,content_range=bytes 0-16383/28998266; bytes_read=16384
chirps_v3_final_2016_03,chirps_v3,monthly_rainfall_source_cog,2016,3,https://data.chc.ucsb.edu/products/CHIRPS/v3.0/monthly/global/cogs/chirps-v3.0.2016.03.cog,"Tue, 25 Feb 2025 18:43:19 GMT","""67be0f47-1d745ed""",70b745b71b03264b998eaed928b2f6dc9349549afd24d24f0df5799f70fce1a0,sha256_first_16384_bytes_not_full_file_checksum,30885357,content_range=bytes 0-16383/30885357; bytes_read=16384
chirps_v3_final_2016_04,chirps_v3,monthly_rainfall_source_cog,2016,4,https://data.chc.ucsb.edu/products/CHIRPS/v3.0/monthly/global/cogs/chirps-v3.0.2016.04.cog,"Tue, 25 Feb 2025 18:43:22 GMT","""67be0f4a-1d598f0""",8ff125e9e7cc951864030fda9d6a6dd7c2910b04ebc50fd6749e2987b501c1c5,sha256_first_16384_bytes_not_full_file_checksum,30775536,content_range=bytes 0-16383/30775536; bytes_read=16384
chirps_v3_final_2016_05,chirps_v3,monthly_rainfall_source_cog,2016,5,https://data.chc.ucsb.edu/products/CHIRPS/v3.0/monthly/global/cogs/chirps-v3.0.2016.05.cog,"Tue, 25 Feb 2025 18:43:26 GMT","""67be0f4e-1d42559""",f9dd1e327823a211feaeeb74852604cdb97037d9939dd6c9d0ebe8501d39aa5b,sha256_first_16384_bytes_not_full_file_checksum,30680409,content_range=bytes 0-16383/30680409; bytes_read=16384
chirps_v3_final_2016_06,chirps_v3,monthly_rainfall_source_cog,2016,6,https://data.chc.ucsb.edu/products/CHIRPS/v3.0/monthly/global/cogs/chirps-v3.0.2016.06.cog,"Tue, 25 Feb 2025 18:43:29 GMT","""67be0f51-1cbbcf9""",69a4f9c43c8cb88b75508437c6572cdb9fdb28a56ae315e50773b0744ec20434,sha256_first_16384_bytes_not_full_file_checksum,30129401,content_range=bytes 0-16383/30129401; bytes_read=16384
chirps_v3_final_2016_07,chirps_v3,monthly_rainfall_source_cog,2016,7,https://data.chc.ucsb.edu/products/CHIRPS/v3.0/monthly/global/cogs/chirps-v3.0.2016.07.cog,"Tue, 25 Feb 2025 18:43:32 GMT","""67be0f54-1d6630b""",be6da084912704357ff6a7fc50670034fdddacc5d2cb8bbe406be3ac047ce997,sha256_first_16384_bytes_not_full_file_checksum,30827275,content_range=bytes 0-16383/30827275; bytes_read=16384
chirps_v3_final_2016_08,chirps_v3,monthly_rainfall_source_cog,2016,8,https://data.chc.ucsb.edu/products/CHIRPS/v3.0/monthly/global/cogs/chirps-v3.0.2016.08.cog,"Tue, 25 Feb 2025 18:43:36 GMT","""67be0f58-1d855a3""",7c81e8b0b980899fb1676c346adae09d9c028bbdec369561c194b09f5ff2dfd8,sha256_first_16384_bytes_not_full_file_checksum,30954915,content_range=bytes 0-16383/30954915; bytes_read=16384
chirps_v3_final_2016_09,chirps_v3,monthly_rainfall_source_cog,2016,9,https://data.chc.ucsb.edu/products/CHIRPS/v3.0/monthly/global/cogs/chirps-v3.0.2016.09.cog,"Tue, 25 Feb 2025 18:43:40 GMT","""67be0f5c-1d6d0cb""",049aa3c1402eabea2e897356d0a221ccd9a3b86d1dd24c7b77443ca930e67b3f,sha256_first_16384_bytes_not_full_file_checksum,30855371,content_range=bytes 0-16383/30855371; bytes_read=16384
chirps_v3_final_2016_10,chirps_v3,monthly_rainfall_source_cog,2016,10,https://data.chc.ucsb.edu/products/CHIRPS/v3.0/monthly/global/cogs/chirps-v3.0.2016.10.cog,"Tue, 25 Feb 2025 18:43:44 GMT","""67be0f60-1cfeeae""",9e33bed5a906f94c92c84af383c342e2d406bfb3ced721654c6f8ee80bce06b2,sha256_first_16384_bytes_not_full_file_checksum,30404270,content_range=bytes 0-16383/30404270; bytes_read=16384
chirps_v3_final_2016_11,chirps_v3,monthly_rainfall_source_cog,2016,11,https://data.chc.ucsb.edu/products/CHIRPS/v3.0/monthly/global/cogs/chirps-v3.0.2016.11.cog,"Tue, 25 Feb 2025 18:43:47 GMT","""67be0f63-1d17fb2""",2aee63f93313c2efb5440dbd7e6dcf89e60e7fd391568b1644da96c1fc3f4404,sha256_first_16384_bytes_not_full_file_checksum,30506930,content_range=bytes 0-16383/30506930; bytes_read=16384
chirps_v3_final_2016_12,chirps_v3,monthly_rainfall_source_cog,2016,12,https://data.chc.ucsb.edu/products/CHIRPS/v3.0/monthly/global/cogs/chirps-v3.0.2016.12.cog,"Tue, 25 Feb 2025 18:43:50 GMT","""67be0f66-1cf8538""",72172a1cb9d8e8e32de3800021a0a97409d68107ffb529b8d3bf7d2a59c6fc74,sha256_first_16384_bytes_not_full_file_checksum,30377272,content_range=bytes 0-16383/30377272; bytes_read=16384
chirps_v3_final_2017_01,chirps_v3,monthly_rainfall_source_cog,2017,1,https://data.chc.ucsb.edu/products/CHIRPS/v3.0/monthly/global/cogs/chirps-v3.0.2017.01.cog,"Tue, 25 Feb 2025 18:43:54 GMT","""67be0f6a-1ca4cc3""",1c697e9dc370a120d9c5837721326c612ea9d7a61f37e5b454fb595ae8dfd10f,sha256_first_16384_bytes_not_full_file_checksum,30035139,content_range=bytes 0-16383/30035139; bytes_read=16384
chirps_v3_final_2017_02,chirps_v3,monthly_rainfall_source_cog,2017,2,https://data.chc.ucsb.edu/products/CHIRPS/v3.0/monthly/global/cogs/chirps-v3.0.2017.02.cog,"Tue, 25 Feb 2025 18:43:57 GMT","""67be0f6d-1c1e071""",61c140afa9e498ca7ded6b4c0a715f54cba89dd5968e53a20084fab42021bc38,sha256_first_16384_bytes_not_full_file_checksum,29483121,content_range=bytes 0-16383/29483121; bytes_read=16384
chirps_v3_final_2017_03,chirps_v3,monthly_rainfall_source_cog,2017,3,https://data.chc.ucsb.edu/products/CHIRPS/v3.0/monthly/global/cogs/chirps-v3.0.2017.03.cog,"Tue, 25 Feb 2025 18:44:00 GMT","""67be0f70-1a9b422""",c109445f20f5610454808b84006fa76efc27fe38cf1ece2aeff9c69a83c92263,sha256_first_16384_bytes_not_full_file_checksum,27898914,content_range=bytes 0-16383/27898914; bytes_read=16384
chirps_v3_final_2017_04,chirps_v3,monthly_rainfall_source_cog,2017,4,https://data.chc.ucsb.edu/products/CHIRPS/v3.0/monthly/global/cogs/chirps-v3.0.2017.04.cog,"Tue, 25 Feb 2025 18:44:04 GMT","""67be0f74-1cf4806""",9ffe1f6b926aea47d1f594569e88601e81cb7c0602b8d68b079a3b698bbfce0c,sha256_first_16384_bytes_not_full_file_checksum,30361606,content_range=bytes 0-16383/30361606; bytes_read=16384
chirps_v3_final_2017_05,chirps_v3,monthly_rainfall_source_cog,2017,5,https://data.chc.ucsb.edu/products/CHIRPS/v3.0/monthly/global/cogs/chirps-v3.0.2017.05.cog,"Tue, 25 Feb 2025 18:44:07 GMT","""67be0f77-1d69b60""",8ea858ceee889b82fdebe5b382ce15e9f081d19b2cdf82aa9e7debd948e73625,sha256_first_16384_bytes_not_full_file_checksum,30841696,content_range=bytes 0-16383/30841696; bytes_read=16384
chirps_v3_final_2017_06,chirps_v3,monthly_rainfall_source_cog,2017,6,https://data.chc.ucsb.edu/products/CHIRPS/v3.0/monthly/global/cogs/chirps-v3.0.2017.06.cog,"Tue, 25 Feb 2025 18:44:10 GMT","""67be0f7a-1d1cf8c""",75e14111dd9f6ce479a51921de7ad15794cbc42f919f335475437323b076c9b0,sha256_first_16384_bytes_not_full_file_checksum,30527372,content_range=bytes 0-16383/30527372; bytes_read=16384
chirps_v3_final_2017_07,chirps_v3,monthly_rainfall_source_cog,2017,7,https://data.chc.ucsb.edu/products/CHIRPS/v3.0/monthly/global/cogs/chirps-v3.0.2017.07.cog,"Tue, 25 Feb 2025 18:44:14 GMT","""67be0f7e-1d16add""",833cfdcdfd02d6c883dfb5cd0ce8e176472057461ec2d6b21849b8dee0277283,sha256_first_16384_bytes_not_full_file_checksum,30501597,content_range=bytes 0-16383/30501597; bytes_read=16384
chirps_v3_final_2017_08,chirps_v3,monthly_rainfall_source_cog,2017,8,https://data.chc.ucsb.edu/products/CHIRPS/v3.0/monthly/global/cogs/chirps-v3.0.2017.08.cog,"Tue, 25 Feb 2025 18:44:17 GMT","""67be0f81-1d790df""",cd025ecf2cab18c6809dccff3d8cc294decaea9772bdcf1097d8dd50f6ee2ed6,sha256_first_16384_bytes_not_full_file_checksum,30904543,content_range=bytes 0-16383/30904543; bytes_read=16384
chirps_v3_final_2017_09,chirps_v3,monthly_rainfall_source_cog,2017,9,https://data.chc.ucsb.edu/products/CHIRPS/v3.0/monthly/global/cogs/chirps-v3.0.2017.09.cog,"Tue, 25 Feb 2025 18:44:20 GMT","""67be0f84-1d8855a""",287fb467b0a3fb56a5d028c9b0fc2c4c8ff8ce627347dbbb2e874eb92a793ffd,sha256_first_16384_bytes_not_full_file_checksum,30967130,content_range=bytes 0-16383/30967130; bytes_read=16384
chirps_v3_final_2017_10,chirps_v3,monthly_rainfall_source_cog,2017,10,https://data.chc.ucsb.edu/products/CHIRPS/v3.0/monthly/global/cogs/chirps-v3.0.2017.10.cog,"Tue, 25 Feb 2025 18:44:24 GMT","""67be0f88-1ca112d""",7ac13974abcc0aa723a0d54dd3377ba7ce358c8ebb05546f91917586ba9417ab,sha256_first_16384_bytes_not_full_file_checksum,30019885,content_range=bytes 0-16383/30019885; bytes_read=16384
chirps_v3_final_2017_11,chirps_v3,monthly_rainfall_source_cog,2017,11,https://data.chc.ucsb.edu/products/CHIRPS/v3.0/monthly/global/cogs/chirps-v3.0.2017.11.cog,"Tue, 25 Feb 2025 18:44:27 GMT","""67be0f8b-1c5a2db""",5a7611f7334d7d8ae5ddc6d9278437fffe73e10bf79b75c71ce1ffb8887c6bb8,sha256_first_16384_bytes_not_full_file_checksum,29729499,content_range=bytes 0-16383/29729499; bytes_read=16384
chirps_v3_final_2017_12,chirps_v3,monthly_rainfall_source_cog,2017,12,https://data.chc.ucsb.edu/products/CHIRPS/v3.0/monthly/global/cogs/chirps-v3.0.2017.12.cog,"Tue, 25 Feb 2025 18:44:30 GMT","""67be0f8e-1cef0f3""",fb28f524b07373476596e22ea91a61817e3616f97ed93cb0b1a241a8e2f618cf,sha256_first_16384_bytes_not_full_file_checksum,30339315,content_range=bytes 0-16383/30339315; bytes_read=16384
chirps_v3_final_2018_01,chirps_v3,monthly_rainfall_source_cog,2018,1,https://data.chc.ucsb.edu/products/CHIRPS/v3.0/monthly/global/cogs/chirps-v3.0.2018.01.cog,"Tue, 25 Feb 2025 18:44:34 GMT","""67be0f92-1c14629""",c66760455417d3744bfd1cffc2d6e35a744636cae317a74e2faabd42304234dd,sha256_first_16384_bytes_not_full_file_checksum,29443625,content_range=bytes 0-16383/29443625; bytes_read=16384
chirps_v3_final_2018_02,chirps_v3,monthly_rainfall_source_cog,2018,2,https://data.chc.ucsb.edu/products/CHIRPS/v3.0/monthly/global/cogs/chirps-v3.0.2018.02.cog,"Tue, 25 Feb 2025 18:44:37 GMT","""67be0f95-1cb6033""",7ddb6c11a50404e6ec621a7ac712668185bd90b7c3360e84c76aaf8be8067a3c,sha256_first_16384_bytes_not_full_file_checksum,30105651,content_range=bytes 0-16383/30105651; bytes_read=16384
chirps_v3_final_2018_03,chirps_v3,monthly_rainfall_source_cog,2018,3,https://data.chc.ucsb.edu/products/CHIRPS/v3.0/monthly/global/cogs/chirps-v3.0.2018.03.cog,"Tue, 25 Feb 2025 18:44:41 GMT","""67be0f99-1c9d07d""",07f97b8102f8e9aa1ccc498187d5df95402ff10516b1fbe24bbd2b0b6df1c7c2,sha256_first_16384_bytes_not_full_file_checksum,30003325,content_range=bytes 0-16383/30003325; bytes_read=16384
chirps_v3_final_2018_04,chirps_v3,monthly_rainfall_source_cog,2018,4,https://data.chc.ucsb.edu/products/CHIRPS/v3.0/monthly/global/cogs/chirps-v3.0.2018.04.cog,"Tue, 25 Feb 2025 18:44:44 GMT","""67be0f9c-1caeb79""",d6aec9bbbfad775332295de437f20f1acc09aff64c87a7cea0243cb759a2a88c,sha256_first_16384_bytes_not_full_file_checksum,30075769,content_range=bytes 0-16383/30075769; bytes_read=16384
chirps_v3_final_2018_05,chirps_v3,monthly_rainfall_source_cog,2018,5,https://data.chc.ucsb.edu/products/CHIRPS/v3.0/monthly/global/cogs/chirps-v3.0.2018.05.cog,"Tue, 25 Feb 2025 18:44:48 GMT","""67be0fa0-1d41549""",35f0c6ee2a64ffbdcc4de1d3e3f8f198d1a5b7bc134c8f799d0530d3d08217d0,sha256_first_16384_bytes_not_full_file_checksum,30676297,content_range=bytes 0-16383/30676297; bytes_read=16384
chirps_v3_final_2018_06,chirps_v3,monthly_rainfall_source_cog,2018,6,https://data.chc.ucsb.edu/products/CHIRPS/v3.0/monthly/global/cogs/chirps-v3.0.2018.06.cog,"Tue, 25 Feb 2025 18:44:51 GMT","""67be0fa3-1ccd220""",18df66a8c7e0d9a945b3bea2c276470dc2e5318a12458da056c900034a0f7a97,sha256_first_16384_bytes_not_full_file_checksum,30200352,content_range=bytes 0-16383/30200352; bytes_read=16384
chirps_v3_final_2018_07,chirps_v3,monthly_rainfall_source_cog,2018,7,https://data.chc.ucsb.edu/products/CHIRPS/v3.0/monthly/global/cogs/chirps-v3.0.2018.07.cog,"Tue, 25 Feb 2025 18:44:55 GMT","""67be0fa7-1d4444f""",86e6e2f8f5128674f7a1646d6d258fb1d02a0b54b79ba5317909871ed1574ebf,sha256_first_16384_bytes_not_full_file_checksum,30688335,content_range=bytes 0-16383/30688335; bytes_read=16384
chirps_v3_final_2018_08,chirps_v3,monthly_rainfall_source_cog,2018,8,https://data.chc.ucsb.edu/products/CHIRPS/v3.0/monthly/global/cogs/chirps-v3.0.2018.08.cog,"Tue, 25 Feb 2025 18:44:58 GMT","""67be0faa-1dcd92f""",c02a3a9babab2baa88ae4b38d1f22b1d59dccc56b188eec3db13c87b1a4aa0eb,sha256_first_16384_bytes_not_full_file_checksum,31250735,content_range=bytes 0-16383/31250735; bytes_read=16384
chirps_v3_final_2018_09,chirps_v3,monthly_rainfall_source_cog,2018,9,https://data.chc.ucsb.edu/products/CHIRPS/v3.0/monthly/global/cogs/chirps-v3.0.2018.09.cog,"Tue, 25 Feb 2025 18:45:01 GMT","""67be0fad-1dd03ac""",fb582e4bd7515d13acc357f7d6375d1fa7728a53824ef9340a595fa25a62c60e,sha256_first_16384_bytes_not_full_file_checksum,31261612,content_range=bytes 0-16383/31261612; bytes_read=16384
chirps_v3_final_2018_10,chirps_v3,monthly_rainfall_source_cog,2018,10,https://data.chc.ucsb.edu/products/CHIRPS/v3.0/monthly/global/cogs/chirps-v3.0.2018.10.cog,"Tue, 25 Feb 2025 18:45:05 GMT","""67be0fb1-1dc83ba""",197760ff2f2579ae9f5f580eb5d906909931f38d6764dbc7de4511f16aa09183,sha256_first_16384_bytes_not_full_file_checksum,31228858,content_range=bytes 0-16383/31228858; bytes_read=16384
chirps_v3_final_2018_11,chirps_v3,monthly_rainfall_source_cog,2018,11,https://data.chc.ucsb.edu/products/CHIRPS/v3.0/monthly/global/cogs/chirps-v3.0.2018.11.cog,"Tue, 25 Feb 2025 18:45:08 GMT","""67be0fb4-1d7fdd6""",3537834e5844a606f7f5b68a93e0ac51948adcad861ea1ab9d62581becf7fb27,sha256_first_16384_bytes_not_full_file_checksum,30932438,content_range=bytes 0-16383/30932438; bytes_read=16384
chirps_v3_final_2018_12,chirps_v3,monthly_rainfall_source_cog,2018,12,https://data.chc.ucsb.edu/products/CHIRPS/v3.0/monthly/global/cogs/chirps-v3.0.2018.12.cog,"Tue, 25 Feb 2025 18:45:12 GMT","""67be0fb8-1cb8476""",6b6307f5069a948a4776f6953d3bd596822be7f7ab34671f3fdc01f6df929a02,sha256_first_16384_bytes_not_full_file_checksum,30114934,content_range=bytes 0-16383/30114934; bytes_read=16384
chirps_v3_final_2019_01,chirps_v3,monthly_rainfall_source_cog,2019,1,https://data.chc.ucsb.edu/products/CHIRPS/v3.0/monthly/global/cogs/chirps-v3.0.2019.01.cog,"Tue, 25 Feb 2025 18:45:15 GMT","""67be0fbb-1cdd7db""",194bf51de17166062781e2c3dce48ce8c2154040fe06ab4dd63ad6586ccd0729,sha256_first_16384_bytes_not_full_file_checksum,30267355,content_range=bytes 0-16383/30267355; bytes_read=16384
chirps_v3_final_2019_02,chirps_v3,monthly_rainfall_source_cog,2019,2,https://data.chc.ucsb.edu/products/CHIRPS/v3.0/monthly/global/cogs/chirps-v3.0.2019.02.cog,"Tue, 25 Feb 2025 18:45:18 GMT","""67be0fbe-1cb0c34""",7b7e2c781e36d081e930b332b0f7b31352db23c74401bec50b3537906c8f7eb4,sha256_first_16384_bytes_not_full_file_checksum,30084148,content_range=bytes 0-16383/30084148; bytes_read=16384
chirps_v3_final_2019_03,chirps_v3,monthly_rainfall_source_cog,2019,3,https://data.chc.ucsb.edu/products/CHIRPS/v3.0/monthly/global/cogs/chirps-v3.0.2019.03.cog,"Tue, 25 Feb 2025 18:45:21 GMT","""67be0fc1-1bcc779""",aa0493d912c33ee6be102a62ec21a9a7e7812e8d946bd460eb5018a4061a1b77,sha256_first_16384_bytes_not_full_file_checksum,29149049,content_range=bytes 0-16383/29149049; bytes_read=16384
chirps_v3_final_2019_04,chirps_v3,monthly_rainfall_source_cog,2019,4,https://data.chc.ucsb.edu/products/CHIRPS/v3.0/monthly/global/cogs/chirps-v3.0.2019.04.cog,"Tue, 25 Feb 2025 18:45:25 GMT","""67be0fc5-1cf7774""",d30fdf8341f92169e3c4b267cff1a61438c7d1324654f4a348d4200c350c99d1,sha256_first_16384_bytes_not_full_file_checksum,30373748,content_range=bytes 0-16383/30373748; bytes_read=16384
chirps_v3_final_2019_05,chirps_v3,monthly_rainfall_source_cog,2019,5,https://data.chc.ucsb.edu/products/CHIRPS/v3.0/monthly/global/cogs/chirps-v3.0.2019.05.cog,"Tue, 25 Feb 2025 18:45:29 GMT","""67be0fc9-1d21704""",7e9587e5435f8ecc497d23d123efe96c87f2b92415083a7bca61d17bbdd655b8,sha256_first_16384_bytes_not_full_file_checksum,30545668,content_range=bytes 0-16383/30545668; bytes_read=16384
chirps_v3_final_2019_06,chirps_v3,monthly_rainfall_source_cog,2019,6,https://data.chc.ucsb.edu/products/CHIRPS/v3.0/monthly/global/cogs/chirps-v3.0.2019.06.cog,"Tue, 25 Feb 2025 18:45:32 GMT","""67be0fcc-1ccaeaf""",a54bb8cc5ddb93ca0562c889009c4b42722f51f0c7506d1178e2c5f14ca9435f,sha256_first_16384_bytes_not_full_file_checksum,30191279,content_range=bytes 0-16383/30191279; bytes_read=16384
chirps_v3_final_2019_07,chirps_v3,monthly_rainfall_source_cog,2019,7,https://data.chc.ucsb.edu/products/CHIRPS/v3.0/monthly/global/cogs/chirps-v3.0.2019.07.cog,"Tue, 25 Feb 2025 18:45:35 GMT","""67be0fcf-1d68bfa""",ac314f61f5ea54c834be0f5a42af1b297bd747a63a5d9ab9acb646173d2a9483,sha256_first_16384_bytes_not_full_file_checksum,30837754,content_range=bytes 0-16383/30837754; bytes_read=16384
chirps_v3_final_2019_08,chirps_v3,monthly_rainfall_source_cog,2019,8,https://data.chc.ucsb.edu/products/CHIRPS/v3.0/monthly/global/cogs/chirps-v3.0.2019.08.cog,"Tue, 25 Feb 2025 18:45:39 GMT","""67be0fd3-1d923a1""",099d101e5fa34de141a017a9e8d4d9b23dc6fdd1a255f36d9d44587e2bf14fdc,sha256_first_16384_bytes_not_full_file_checksum,31007649,content_range=bytes 0-16383/31007649; bytes_read=16384
chirps_v3_final_2019_09,chirps_v3,monthly_rainfall_source_cog,2019,9,https://data.chc.ucsb.edu/products/CHIRPS/v3.0/monthly/global/cogs/chirps-v3.0.2019.09.cog,"Tue, 25 Feb 2025 18:45:42 GMT","""67be0fd6-1d8a67e""",57466d1d27ec063e0eba68f7877b8ae03ed093f94887689ed168c6fbbecd2ee7,sha256_first_16384_bytes_not_full_file_checksum,30975614,content_range=bytes 0-16383/30975614; bytes_read=16384
chirps_v3_final_2019_10,chirps_v3,monthly_rainfall_source_cog,2019,10,https://data.chc.ucsb.edu/products/CHIRPS/v3.0/monthly/global/cogs/chirps-v3.0.2019.10.cog,"Tue, 25 Feb 2025 18:45:46 GMT","""67be0fda-1d26f24""",067097e915bd6436282f9af5ae5a7e154edd41712b3c5f86694c260503215516,sha256_first_16384_bytes_not_full_file_checksum,30568228,content_range=bytes 0-16383/30568228; bytes_read=16384
chirps_v3_final_2019_11,chirps_v3,monthly_rainfall_source_cog,2019,11,https://data.chc.ucsb.edu/products/CHIRPS/v3.0/monthly/global/cogs/chirps-v3.0.2019.11.cog,"Tue, 25 Feb 2025 18:45:49 GMT","""67be0fdd-1ca90de""",c7a1d08cd5e9f482932e7aa2f73c60a9d9ea38197de7863fede61dcbc9e0249c,sha256_first_16384_bytes_not_full_file_checksum,30052574,content_range=bytes 0-16383/30052574; bytes_read=16384
chirps_v3_final_2019_12,chirps_v3,monthly_rainfall_source_cog,2019,12,https://data.chc.ucsb.edu/products/CHIRPS/v3.0/monthly/global/cogs/chirps-v3.0.2019.12.cog,"Tue, 25 Feb 2025 18:45:52 GMT","""67be0fe0-1c70c97""",5c1ff07ec1f46930a1455d24e1c2d7de30da0aea3f627f82c12fc9cc63257f79,sha256_first_16384_bytes_not_full_file_checksum,29822103,content_range=bytes 0-16383/29822103; bytes_read=16384
chirps_v3_final_2020_01,chirps_v3,monthly_rainfall_source_cog,2020,1,https://data.chc.ucsb.edu/products/CHIRPS/v3.0/monthly/global/cogs/chirps-v3.0.2020.01.cog,"Tue, 25 Feb 2025 18:45:56 GMT","""67be0fe4-1b798c3""",d58de722b1828a78be596b1cf614874942e71ab88fe2d168ed0e547b6aa06312,sha256_first_16384_bytes_not_full_file_checksum,28809411,content_range=bytes 0-16383/28809411; bytes_read=16384
chirps_v3_final_2020_02,chirps_v3,monthly_rainfall_source_cog,2020,2,https://data.chc.ucsb.edu/products/CHIRPS/v3.0/monthly/global/cogs/chirps-v3.0.2020.02.cog,"Tue, 25 Feb 2025 18:45:59 GMT","""67be0fe7-1b6ec3c""",bbdbc658040d58b9f7eb7ae54a421c908174c4327d4527cd49dbcb6da91db29e,sha256_first_16384_bytes_not_full_file_checksum,28765244,content_range=bytes 0-16383/28765244; bytes_read=16384
chirps_v3_final_2020_03,chirps_v3,monthly_rainfall_source_cog,2020,3,https://data.chc.ucsb.edu/products/CHIRPS/v3.0/monthly/global/cogs/chirps-v3.0.2020.03.cog,"Tue, 25 Feb 2025 18:46:02 GMT","""67be0fea-1b6c154""",763a024f09fe66979770fe323c3e28b57ff358bd43d1c192e3d93210293e3b8f,sha256_first_16384_bytes_not_full_file_checksum,28754260,content_range=bytes 0-16383/28754260; bytes_read=16384
chirps_v3_final_2020_04,chirps_v3,monthly_rainfall_source_cog,2020,4,https://data.chc.ucsb.edu/products/CHIRPS/v3.0/monthly/global/cogs/chirps-v3.0.2020.04.cog,"Tue, 25 Feb 2025 18:46:05 GMT","""67be0fed-1c41a45""",d4e15658303469d322958d47b56edec02d34a5b42fef4a731f74a076b09e39c3,sha256_first_16384_bytes_not_full_file_checksum,29628997,content_range=bytes 0-16383/29628997; bytes_read=16384
chirps_v3_final_2020_05,chirps_v3,monthly_rainfall_source_cog,2020,5,https://data.chc.ucsb.edu/products/CHIRPS/v3.0/monthly/global/cogs/chirps-v3.0.2020.05.cog,"Tue, 25 Feb 2025 18:46:08 GMT","""67be0ff0-1cd8ffb""",c9de7d792e160b32e23176abbef25154726fdf9a6b20cef559d5c0ad781965aa,sha256_first_16384_bytes_not_full_file_checksum,30248955,content_range=bytes 0-16383/30248955; bytes_read=16384
chirps_v3_final_2020_06,chirps_v3,monthly_rainfall_source_cog,2020,6,https://data.chc.ucsb.edu/products/CHIRPS/v3.0/monthly/global/cogs/chirps-v3.0.2020.06.cog,"Tue, 25 Feb 2025 18:46:12 GMT","""67be0ff4-1c97fb7""",30d5b06bb91aea7a258420f360ac61a726c8f309e6645246990c44bcf419711d,sha256_first_16384_bytes_not_full_file_checksum,29982647,content_range=bytes 0-16383/29982647; bytes_read=16384
chirps_v3_final_2020_07,chirps_v3,monthly_rainfall_source_cog,2020,7,https://data.chc.ucsb.edu/products/CHIRPS/v3.0/monthly/global/cogs/chirps-v3.0.2020.07.cog,"Tue, 25 Feb 2025 18:46:15 GMT","""67be0ff7-1d387c1""",4bb4f86205ec0d7e11f3d066c0de4800deb57f0cec54342b516906d4760b1387,sha256_first_16384_bytes_not_full_file_checksum,30640065,content_range=bytes 0-16383/30640065; bytes_read=16384
chirps_v3_final_2020_08,chirps_v3,monthly_rainfall_source_cog,2020,8,https://data.chc.ucsb.edu/products/CHIRPS/v3.0/monthly/global/cogs/chirps-v3.0.2020.08.cog,"Tue, 25 Feb 2025 18:46:19 GMT","""67be0ffb-1d524c5""",0612b2430ca8f9ef0ebde0b1e8b88eef3fefeca6ce3056aba7680048ac2753b2,sha256_first_16384_bytes_not_full_file_checksum,30745797,content_range=bytes 0-16383/30745797; bytes_read=16384
chirps_v3_final_2020_09,chirps_v3,monthly_rainfall_source_cog,2020,9,https://data.chc.ucsb.edu/products/CHIRPS/v3.0/monthly/global/cogs/chirps-v3.0.2020.09.cog,"Tue, 25 Feb 2025 18:46:22 GMT","""67be0ffe-1d6f2a2""",0c8e6e034cb77365e4ace64e9d0b81f0831ff33da98fb2556276b003fd7f53e0,sha256_first_16384_bytes_not_full_file_checksum,30864034,content_range=bytes 0-16383/30864034; bytes_read=16384
chirps_v3_final_2020_10,chirps_v3,monthly_rainfall_source_cog,2020,10,https://data.chc.ucsb.edu/products/CHIRPS/v3.0/monthly/global/cogs/chirps-v3.0.2020.10.cog,"Tue, 25 Feb 2025 18:46:25 GMT","""67be1001-1c4ea61""",1a842c48d239799e874ed39e8dfce37fc196f288eef949331df5b7e4e3453e48,sha256_first_16384_bytes_not_full_file_checksum,29682273,content_range=bytes 0-16383/29682273; bytes_read=16384
chirps_v3_final_2020_11,chirps_v3,monthly_rainfall_source_cog,2020,11,https://data.chc.ucsb.edu/products/CHIRPS/v3.0/monthly/global/cogs/chirps-v3.0.2020.11.cog,"Tue, 25 Feb 2025 18:46:29 GMT","""67be1005-1c26ef6""",4a63330f501a28ec8aa72da1cd206a1ce5e3f455b642ab088e199a5c33a89566,sha256_first_16384_bytes_not_full_file_checksum,29519606,content_range=bytes 0-16383/29519606; bytes_read=16384
chirps_v3_final_2020_12,chirps_v3,monthly_rainfall_source_cog,2020,12,https://data.chc.ucsb.edu/products/CHIRPS/v3.0/monthly/global/cogs/chirps-v3.0.2020.12.cog,"Tue, 25 Feb 2025 18:46:32 GMT","""67be1008-1ac1ad6""",c817432f6cafc591c520e250bebe3c60025739576fd42547735c8719b3e42d90,sha256_first_16384_bytes_not_full_file_checksum,28056278,content_range=bytes 0-16383/28056278; bytes_read=16384
chirps_v3_final_2021_01,chirps_v3,monthly_rainfall_source_cog,2021,1,https://data.chc.ucsb.edu/products/CHIRPS/v3.0/monthly/global/cogs/chirps-v3.0.2021.01.cog,"Tue, 25 Feb 2025 18:46:35 GMT","""67be100b-1bb6c73""",f7bc6c60b5767a05420ffc3247f53f2f88f26ee147c7f45c250445242d1aa99e,sha256_first_16384_bytes_not_full_file_checksum,29060211,content_range=bytes 0-16383/29060211; bytes_read=16384
chirps_v3_final_2021_02,chirps_v3,monthly_rainfall_source_cog,2021,2,https://data.chc.ucsb.edu/products/CHIRPS/v3.0/monthly/global/cogs/chirps-v3.0.2021.02.cog,"Tue, 25 Feb 2025 18:46:38 GMT","""67be100e-1bd5c64""",6abcc0fc9c2600bc3d114898ef157343af6a10d861ef82e245ec7b02c5d406f6,sha256_first_16384_bytes_not_full_file_checksum,29187172,content_range=bytes 0-16383/29187172; bytes_read=16384
chirps_v3_final_2021_03,chirps_v3,monthly_rainfall_source_cog,2021,3,https://data.chc.ucsb.edu/products/CHIRPS/v3.0/monthly/global/cogs/chirps-v3.0.2021.03.cog,"Tue, 25 Feb 2025 18:46:41 GMT","""67be1011-1c408a7""",1f0345113d6de380fbdeee535c3258a522e635f5d1e074b96424c7cbc70a75c8,sha256_first_16384_bytes_not_full_file_checksum,29624487,content_range=bytes 0-16383/29624487; bytes_read=16384
chirps_v3_final_2021_04,chirps_v3,monthly_rainfall_source_cog,2021,4,https://data.chc.ucsb.edu/products/CHIRPS/v3.0/monthly/global/cogs/chirps-v3.0.2021.04.cog,"Tue, 25 Feb 2025 18:46:44 GMT","""67be1014-1ca5a33""",296cbba5f096109d4f828f83b4a24488ccee63ae613b5856b05e8d9c88f78af5,sha256_first_16384_bytes_not_full_file_checksum,30038579,content_range=bytes 0-16383/30038579; bytes_read=16384
chirps_v3_final_2021_05,chirps_v3,monthly_rainfall_source_cog,2021,5,https://data.chc.ucsb.edu/products/CHIRPS/v3.0/monthly/global/cogs/chirps-v3.0.2021.05.cog,"Tue, 25 Feb 2025 18:46:47 GMT","""67be1017-1cb0527""",c1abd95d6447886cfd767b7dfa3a25aeb7c3736d599a4198bf5af065f3c7d094,sha256_first_16384_bytes_not_full_file_checksum,30082343,content_range=bytes 0-16383/30082343; bytes_read=16384
chirps_v3_final_2021_06,chirps_v3,monthly_rainfall_source_cog,2021,6,https://data.chc.ucsb.edu/products/CHIRPS/v3.0/monthly/global/cogs/chirps-v3.0.2021.06.cog,"Tue, 25 Feb 2025 18:46:49 GMT","""67be1019-1ca34ea""",df32b62ad9a8a2df6140a08abc725777a53967ce8ae21304d735b73cf3d0d287,sha256_first_16384_bytes_not_full_file_checksum,30029034,content_range=bytes 0-16383/30029034; bytes_read=16384
chirps_v3_final_2021_07,chirps_v3,monthly_rainfall_source_cog,2021,7,https://data.chc.ucsb.edu/products/CHIRPS/v3.0/monthly/global/cogs/chirps-v3.0.2021.07.cog,"Tue, 25 Feb 2025 18:46:53 GMT","""67be101d-1d25090""",6530343e4e8ee065ea4335a40f79740945affb0d77c2e5022f18ce79c02c1183,sha256_first_16384_bytes_not_full_file_checksum,30560400,content_range=bytes 0-16383/30560400; bytes_read=16384
chirps_v3_final_2021_08,chirps_v3,monthly_rainfall_source_cog,2021,8,https://data.chc.ucsb.edu/products/CHIRPS/v3.0/monthly/global/cogs/chirps-v3.0.2021.08.cog,"Tue, 25 Feb 2025 18:46:56 GMT","""67be1020-1d17d6c""",6f79e8c1c75fbf5c87eb9a54cef3206c338c78d21682d94af857ca877620ab04,sha256_first_16384_bytes_not_full_file_checksum,30506348,content_range=bytes 0-16383/30506348; bytes_read=16384
chirps_v3_final_2021_09,chirps_v3,monthly_rainfall_source_cog,2021,9,https://data.chc.ucsb.edu/products/CHIRPS/v3.0/monthly/global/cogs/chirps-v3.0.2021.09.cog,"Tue, 25 Feb 2025 18:47:00 GMT","""67be1024-1d28fb8""",d9ffde676db4361f6934077161e952fc94c0b615f361e7bd76f0230fa6f3524c,sha256_first_16384_bytes_not_full_file_checksum,30576568,content_range=bytes 0-16383/30576568; bytes_read=16384
chirps_v3_final_2021_10,chirps_v3,monthly_rainfall_source_cog,2021,10,https://data.chc.ucsb.edu/products/CHIRPS/v3.0/monthly/global/cogs/chirps-v3.0.2021.10.cog,"Tue, 25 Feb 2025 18:47:03 GMT","""67be1027-1cea170""",b44d1fdc5f24616dcba26a64e3d1862493ec44b9eccaa2980a020bf7d0713157,sha256_first_16384_bytes_not_full_file_checksum,30318960,content_range=bytes 0-16383/30318960; bytes_read=16384
chirps_v3_final_2021_11,chirps_v3,monthly_rainfall_source_cog,2021,11,https://data.chc.ucsb.edu/products/CHIRPS/v3.0/monthly/global/cogs/chirps-v3.0.2021.11.cog,"Tue, 25 Feb 2025 18:47:06 GMT","""67be102a-1c53e65""",48807985ded937a2863ab979172b70963a532ceb45294f9bc656e82e76345fa5,sha256_first_16384_bytes_not_full_file_checksum,29703781,content_range=bytes 0-16383/29703781; bytes_read=16384
chirps_v3_final_2021_12,chirps_v3,monthly_rainfall_source_cog,2021,12,https://data.chc.ucsb.edu/products/CHIRPS/v3.0/monthly/global/cogs/chirps-v3.0.2021.12.cog,"Tue, 25 Feb 2025 18:47:09 GMT","""67be102d-1be4775""",bc66db7340c1557bad20fbc6a3d1e32f19c6bcff30fc8a52457aa5bec5c2c954,sha256_first_16384_bytes_not_full_file_checksum,29247349,content_range=bytes 0-16383/29247349; bytes_read=16384
chirps_v3_final_2022_01,chirps_v3,monthly_rainfall_source_cog,2022,1,https://data.chc.ucsb.edu/products/CHIRPS/v3.0/monthly/global/cogs/chirps-v3.0.2022.01.cog,"Tue, 25 Feb 2025 18:47:12 GMT","""67be1030-1a9699b""",6403daaff33af6c731c268b6b0f8c40d2b3abdff4c88087aca1161793e7d6af3,sha256_first_16384_bytes_not_full_file_checksum,27879835,content_range=bytes 0-16383/27879835; bytes_read=16384
chirps_v3_final_2022_02,chirps_v3,monthly_rainfall_source_cog,2022,2,https://data.chc.ucsb.edu/products/CHIRPS/v3.0/monthly/global/cogs/chirps-v3.0.2022.02.cog,"Tue, 25 Feb 2025 18:47:15 GMT","""67be1033-1912275""",505373149ad667d4c83e6e5a1df7c0ccad68487a15684117c6c3901dd93fb200,sha256_first_16384_bytes_not_full_file_checksum,26288757,content_range=bytes 0-16383/26288757; bytes_read=16384
chirps_v3_final_2022_03,chirps_v3,monthly_rainfall_source_cog,2022,3,https://data.chc.ucsb.edu/products/CHIRPS/v3.0/monthly/global/cogs/chirps-v3.0.2022.03.cog,"Tue, 25 Feb 2025 18:47:18 GMT","""67be1036-1bc18d6""",dc072601fd352d2b19805e1e4872c05203bf541bbb49b009a6e5c0cd1c33f710,sha256_first_16384_bytes_not_full_file_checksum,29104342,content_range=bytes 0-16383/29104342; bytes_read=16384
chirps_v3_final_2022_04,chirps_v3,monthly_rainfall_source_cog,2022,4,https://data.chc.ucsb.edu/products/CHIRPS/v3.0/monthly/global/cogs/chirps-v3.0.2022.04.cog,"Tue, 25 Feb 2025 18:47:22 GMT","""67be103a-1c077b3""",e25bffd65e92ebc480f8de1315f5fe40fe51a2265b9f4ac8b29f43e67edba5e1,sha256_first_16384_bytes_not_full_file_checksum,29390771,content_range=bytes 0-16383/29390771; bytes_read=16384
chirps_v3_final_2022_05,chirps_v3,monthly_rainfall_source_cog,2022,5,https://data.chc.ucsb.edu/products/CHIRPS/v3.0/monthly/global/cogs/chirps-v3.0.2022.05.cog,"Tue, 25 Feb 2025 18:47:25 GMT","""67be103d-1bdae14""",5067fb95289cc204f31b49fefc9a899e738e697471b27e5380ff3239d336d372,sha256_first_16384_bytes_not_full_file_checksum,29208084,content_range=bytes 0-16383/29208084; bytes_read=16384
chirps_v3_final_2022_06,chirps_v3,monthly_rainfall_source_cog,2022,6,https://data.chc.ucsb.edu/products/CHIRPS/v3.0/monthly/global/cogs/chirps-v3.0.2022.06.cog,"Tue, 25 Feb 2025 18:47:28 GMT","""67be1040-1cc25f3""",609a9c4851ae501749fa471802f495bf2b5047fe4ddbca5fe96e7ed14452ab54,sha256_first_16384_bytes_not_full_file_checksum,30156275,content_range=bytes 0-16383/30156275; bytes_read=16384
chirps_v3_final_2022_07,chirps_v3,monthly_rainfall_source_cog,2022,7,https://data.chc.ucsb.edu/products/CHIRPS/v3.0/monthly/global/cogs/chirps-v3.0.2022.07.cog,"Tue, 25 Feb 2025 18:47:32 GMT","""67be1044-1d74ead""",2f0dfd93e7d856a06600b38c0aa532e4da4e03a5914d5288eac78ff8e817c07f,sha256_first_16384_bytes_not_full_file_checksum,30887597,content_range=bytes 0-16383/30887597; bytes_read=16384
chirps_v3_final_2022_08,chirps_v3,monthly_rainfall_source_cog,2022,8,https://data.chc.ucsb.edu/products/CHIRPS/v3.0/monthly/global/cogs/chirps-v3.0.2022.08.cog,"Tue, 25 Feb 2025 18:47:35 GMT","""67be1047-1d511d6""",d2611813be19e523c7d40e5995fdebb11a4a01f3d5f0ce32a42c6ee00939e5d6,sha256_first_16384_bytes_not_full_file_checksum,30740950,content_range=bytes 0-16383/30740950; bytes_read=16384
chirps_v3_final_2022_09,chirps_v3,monthly_rainfall_source_cog,2022,9,https://data.chc.ucsb.edu/products/CHIRPS/v3.0/monthly/global/cogs/chirps-v3.0.2022.09.cog,"Tue, 25 Feb 2025 18:47:39 GMT","""67be104b-1d48d51""",bf164c71b654b9f40af994e51cb1f1f8fb1d442dc481628efa6770d9a70ab11c,sha256_first_16384_bytes_not_full_file_checksum,30707025,content_range=bytes 0-16383/30707025; bytes_read=16384
chirps_v3_final_2022_10,chirps_v3,monthly_rainfall_source_cog,2022,10,https://data.chc.ucsb.edu/products/CHIRPS/v3.0/monthly/global/cogs/chirps-v3.0.2022.10.cog,"Tue, 25 Feb 2025 18:47:42 GMT","""67be104e-1c834e3""",b19fbe5743e601c58636d6779bb705103df45e712ed82ec708f2ab969864b6e7,sha256_first_16384_bytes_not_full_file_checksum,29897955,content_range=bytes 0-16383/29897955; bytes_read=16384
chirps_v3_final_2022_11,chirps_v3,monthly_rainfall_source_cog,2022,11,https://data.chc.ucsb.edu/products/CHIRPS/v3.0/monthly/global/cogs/chirps-v3.0.2022.11.cog,"Tue, 25 Feb 2025 18:47:45 GMT","""67be1051-1cc2540""",cae0349f592eedd7da5a0562a1163e072855c250b17d2bba0b31616619120d2c,sha256_first_16384_bytes_not_full_file_checksum,30156096,content_range=bytes 0-16383/30156096; bytes_read=16384
chirps_v3_final_2022_12,chirps_v3,monthly_rainfall_source_cog,2022,12,https://data.chc.ucsb.edu/products/CHIRPS/v3.0/monthly/global/cogs/chirps-v3.0.2022.12.cog,"Tue, 25 Feb 2025 18:47:48 GMT","""67be1054-1b6d18a""",c0ced83b0a91210f2301fda8477eeb6682fa0418d99c53759f69d889a28e6868,sha256_first_16384_bytes_not_full_file_checksum,28758410,content_range=bytes 0-16383/28758410; bytes_read=16384
chirps_v3_final_2023_01,chirps_v3,monthly_rainfall_source_cog,2023,1,https://data.chc.ucsb.edu/products/CHIRPS/v3.0/monthly/global/cogs/chirps-v3.0.2023.01.cog,"Tue, 25 Feb 2025 18:47:51 GMT","""67be1057-1b53916""",6e49be589c5c419cc06c9e97a8a5e55c493c96436e78b68fadf1d6b0b0ede58d,sha256_first_16384_bytes_not_full_file_checksum,28653846,content_range=bytes 0-16383/28653846; bytes_read=16384
chirps_v3_final_2023_02,chirps_v3,monthly_rainfall_source_cog,2023,2,https://data.chc.ucsb.edu/products/CHIRPS/v3.0/monthly/global/cogs/chirps-v3.0.2023.02.cog,"Tue, 25 Feb 2025 18:47:54 GMT","""67be105a-1ba79b1""",3668aa27c884df4f8c671f2eb30404a774cb9e5d6c245f55e6f5aa31841b595f,sha256_first_16384_bytes_not_full_file_checksum,28998065,content_range=bytes 0-16383/28998065; bytes_read=16384
chirps_v3_final_2023_03,chirps_v3,monthly_rainfall_source_cog,2023,3,https://data.chc.ucsb.edu/products/CHIRPS/v3.0/monthly/global/cogs/chirps-v3.0.2023.03.cog,"Tue, 25 Feb 2025 18:47:58 GMT","""67be105e-1c5f7aa""",381bde5aba2fdebd2a9e8ab95360ef6a888aedcc81420c6586aecf08e71910ce,sha256_first_16384_bytes_not_full_file_checksum,29751210,content_range=bytes 0-16383/29751210; bytes_read=16384
chirps_v3_final_2023_04,chirps_v3,monthly_rainfall_source_cog,2023,4,https://data.chc.ucsb.edu/products/CHIRPS/v3.0/monthly/global/cogs/chirps-v3.0.2023.04.cog,"Tue, 25 Feb 2025 18:48:01 GMT","""67be1061-1cc4948""",886173393caa2838a97e10832cc8d20a8a88ee7fe4fe4fe0c67afe2590254e12,sha256_first_16384_bytes_not_full_file_checksum,30165320,content_range=bytes 0-16383/30165320; bytes_read=16384
chirps_v3_final_2023_05,chirps_v3,monthly_rainfall_source_cog,2023,5,https://data.chc.ucsb.edu/products/CHIRPS/v3.0/monthly/global/cogs/chirps-v3.0.2023.05.cog,"Tue, 25 Feb 2025 18:48:04 GMT","""67be1064-1d322b2""",d515aec4d41bb3a6afd73e38122cfd47d04f1d5027b4a2bea92fa97465e7c194,sha256_first_16384_bytes_not_full_file_checksum,30614194,content_range=bytes 0-16383/30614194; bytes_read=16384
chirps_v3_final_2023_06,chirps_v3,monthly_rainfall_source_cog,2023,6,https://data.chc.ucsb.edu/products/CHIRPS/v3.0/monthly/global/cogs/chirps-v3.0.2023.06.cog,"Tue, 25 Feb 2025 18:48:07 GMT","""67be1067-1cd4551""",e471000791ef15f490623a34c8bb2192e40037083bb67a09fa8be42ff19a6152,sha256_first_16384_bytes_not_full_file_checksum,30229841,content_range=bytes 0-16383/30229841; bytes_read=16384
chirps_v3_final_2023_07,chirps_v3,monthly_rainfall_source_cog,2023,7,https://data.chc.ucsb.edu/products/CHIRPS/v3.0/monthly/global/cogs/chirps-v3.0.2023.07.cog,"Tue, 25 Feb 2025 18:48:11 GMT","""67be106b-1d280e3""",23e903011b25a37b5c13b1981bfa960df92e3a5b5739c88f9f5857d19ae841e7,sha256_first_16384_bytes_not_full_file_checksum,30572771,content_range=bytes 0-16383/30572771; bytes_read=16384
chirps_v3_final_2023_08,chirps_v3,monthly_rainfall_source_cog,2023,8,https://data.chc.ucsb.edu/products/CHIRPS/v3.0/monthly/global/cogs/chirps-v3.0.2023.08.cog,"Tue, 25 Feb 2025 18:48:15 GMT","""67be106f-1d83cdc""",eb532351b5bc1950b26287989dae3d34a5217fe15bc395cc3e16c9becda73321,sha256_first_16384_bytes_not_full_file_checksum,30948572,content_range=bytes 0-16383/30948572; bytes_read=16384
chirps_v3_final_2023_09,chirps_v3,monthly_rainfall_source_cog,2023,9,https://data.chc.ucsb.edu/products/CHIRPS/v3.0/monthly/global/cogs/chirps-v3.0.2023.09.cog,"Tue, 25 Feb 2025 18:48:18 GMT","""67be1072-1d7ee53""",f825a176e50107f3c846557c9fe79e8af4c1a10e8e60515d2c5ce9ce78129d3d,sha256_first_16384_bytes_not_full_file_checksum,30928467,content_range=bytes 0-16383/30928467; bytes_read=16384
chirps_v3_final_2023_10,chirps_v3,monthly_rainfall_source_cog,2023,10,https://data.chc.ucsb.edu/products/CHIRPS/v3.0/monthly/global/cogs/chirps-v3.0.2023.10.cog,"Tue, 25 Feb 2025 18:48:21 GMT","""67be1075-1ceadda""",b2d9fcd8544631032625e35d266feb3091e3e7f13b1fca58983748598140cecb,sha256_first_16384_bytes_not_full_file_checksum,30322138,content_range=bytes 0-16383/30322138; bytes_read=16384
chirps_v3_final_2023_11,chirps_v3,monthly_rainfall_source_cog,2023,11,https://data.chc.ucsb.edu/products/CHIRPS/v3.0/monthly/global/cogs/chirps-v3.0.2023.11.cog,"Tue, 25 Feb 2025 18:48:25 GMT","""67be1079-1c7eae9""",9763ce90bb44d9632c496d26c01c22105d4138028b58a709b6b29ec3b290253a,sha256_first_16384_bytes_not_full_file_checksum,29879017,content_range=bytes 0-16383/29879017; bytes_read=16384
chirps_v3_final_2023_12,chirps_v3,monthly_rainfall_source_cog,2023,12,https://data.chc.ucsb.edu/products/CHIRPS/v3.0/monthly/global/cogs/chirps-v3.0.2023.12.cog,"Tue, 25 Feb 2025 18:48:28 GMT","""67be107c-1c9ba81""",4649b40f8fd2a1c8ae6a8867a14f82fc06ea42b90c0f4bac44553b1cce1d5c41,sha256_first_16384_bytes_not_full_file_checksum,29997697,content_range=bytes 0-16383/29997697; bytes_read=16384
chirps_v3_final_2024_01,chirps_v3,monthly_rainfall_source_cog,2024,1,https://data.chc.ucsb.edu/products/CHIRPS/v3.0/monthly/global/cogs/chirps-v3.0.2024.01.cog,"Tue, 25 Feb 2025 18:48:31 GMT","""67be107f-1c1270a""",ea07dc04402a6e6ff260a2d79c551508484a4233461343785ab707e8601fee03,sha256_first_16384_bytes_not_full_file_checksum,29435658,content_range=bytes 0-16383/29435658; bytes_read=16384
chirps_v3_final_2024_02,chirps_v3,monthly_rainfall_source_cog,2024,2,https://data.chc.ucsb.edu/products/CHIRPS/v3.0/monthly/global/cogs/chirps-v3.0.2024.02.cog,"Tue, 25 Feb 2025 18:48:35 GMT","""67be1083-1c8dd6c""",8354debf681e6911b621031847e7c273e19fb54197d63f20ae3e4b20c65d059f,sha256_first_16384_bytes_not_full_file_checksum,29941100,content_range=bytes 0-16383/29941100; bytes_read=16384
chirps_v3_final_2024_03,chirps_v3,monthly_rainfall_source_cog,2024,3,https://data.chc.ucsb.edu/products/CHIRPS/v3.0/monthly/global/cogs/chirps-v3.0.2024.03.cog,"Tue, 25 Feb 2025 18:48:39 GMT","""67be1087-1c37485""",7541d7cd8fd40809f562312cf1c2d361098bea9cd5e24119723247b732f06a9c,sha256_first_16384_bytes_not_full_file_checksum,29586565,content_range=bytes 0-16383/29586565; bytes_read=16384
chirps_v3_final_2024_04,chirps_v3,monthly_rainfall_source_cog,2024,4,https://data.chc.ucsb.edu/products/CHIRPS/v3.0/monthly/global/cogs/chirps-v3.0.2024.04.cog,"Tue, 25 Feb 2025 18:48:43 GMT","""67be108b-1c76951""",e02b50033cc2b5c7455e0cb76a3273bd19fd46fd335e7a962fa8ed3d7c9766c8,sha256_first_16384_bytes_not_full_file_checksum,29845841,content_range=bytes 0-16383/29845841; bytes_read=16384
chirps_v3_final_2024_05,chirps_v3,monthly_rainfall_source_cog,2024,5,https://data.chc.ucsb.edu/products/CHIRPS/v3.0/monthly/global/cogs/chirps-v3.0.2024.05.cog,"Tue, 25 Feb 2025 18:48:46 GMT","""67be108e-1c787d7""",79ddc622318abfa67d6f6dfec0c971a1e25120be9bdb202079ace8c76cd3eee9,sha256_first_16384_bytes_not_full_file_checksum,29853655,content_range=bytes 0-16383/29853655; bytes_read=16384
chirps_v3_final_2024_06,chirps_v3,monthly_rainfall_source_cog,2024,6,https://data.chc.ucsb.edu/products/CHIRPS/v3.0/monthly/global/cogs/chirps-v3.0.2024.06.cog,"Tue, 25 Feb 2025 18:48:49 GMT","""67be1091-1c8e4ae""",7f1afaf5b9940503848b7eb0f0d53848b4a4b7f354224de588688aa35573db9a,sha256_first_16384_bytes_not_full_file_checksum,29942958,content_range=bytes 0-16383/29942958; bytes_read=16384
chirps_v3_final_2024_07,chirps_v3,monthly_rainfall_source_cog,2024,7,https://data.chc.ucsb.edu/products/CHIRPS/v3.0/monthly/global/cogs/chirps-v3.0.2024.07.cog,"Tue, 25 Feb 2025 18:48:52 GMT","""67be1094-1d1c1c2""",1ce2bd87aee9b5c0380ec1fb7c99fc459bad89494fdcf2200e0ab872a0cfd892,sha256_first_16384_bytes_not_full_file_checksum,30523842,content_range=bytes 0-16383/30523842; bytes_read=16384
chirps_v3_final_2024_08,chirps_v3,monthly_rainfall_source_cog,2024,8,https://data.chc.ucsb.edu/products/CHIRPS/v3.0/monthly/global/cogs/chirps-v3.0.2024.08.cog,"Tue, 25 Feb 2025 18:48:56 GMT","""67be1098-1d92e22""",01ab7165d2718bec878eee3633f306b78bbaeea715d84c94182570624e7fb50b,sha256_first_16384_bytes_not_full_file_checksum,31010338,content_range=bytes 0-16383/31010338; bytes_read=16384
chirps_v3_final_2024_09,chirps_v3,monthly_rainfall_source_cog,2024,9,https://data.chc.ucsb.edu/products/CHIRPS/v3.0/monthly/global/cogs/chirps-v3.0.2024.09.cog,"Tue, 25 Feb 2025 18:49:00 GMT","""67be109c-1dbbc0a""",a267b38a09c0da02dd434a1fba1dbbbd43da9b04cde9cd2eb0add69f532b53a2,sha256_first_16384_bytes_not_full_file_checksum,31177738,content_range=bytes 0-16383/31177738; bytes_read=16384
chirps_v3_final_2024_10,chirps_v3,monthly_rainfall_source_cog,2024,10,https://data.chc.ucsb.edu/products/CHIRPS/v3.0/monthly/global/cogs/chirps-v3.0.2024.10.cog,"Tue, 25 Feb 2025 18:49:04 GMT","""67be10a0-1ce3132""",f8474aaa7de00642d628ab553963b3a7d5284c6132b29cb7a8483d542269a439,sha256_first_16384_bytes_not_full_file_checksum,30290226,content_range=bytes 0-16383/30290226; bytes_read=16384
chirps_v3_final_2024_11,chirps_v3,monthly_rainfall_source_cog,2024,11,https://data.chc.ucsb.edu/products/CHIRPS/v3.0/monthly/global/cogs/chirps-v3.0.2024.11.cog,"Tue, 25 Feb 2025 18:49:07 GMT","""67be10a3-1c083c5""",0dcef9364b0b99038730c42f0d59438c620b7f1d1dcc2d987dd82338c363fb01,sha256_first_16384_bytes_not_full_file_checksum,29393861,content_range=bytes 0-16383/29393861; bytes_read=16384
chirps_v3_final_2024_12,chirps_v3,monthly_rainfall_source_cog,2024,12,https://data.chc.ucsb.edu/products/CHIRPS/v3.0/monthly/global/cogs/chirps-v3.0.2024.12.cog,"Tue, 25 Feb 2025 18:49:10 GMT","""67be10a6-1bed4a4""",8a556ea93246316a4f18c877a898713562adb7bebbb0c6cd78eda76ca013e85b,sha256_first_16384_bytes_not_full_file_checksum,29283492,content_range=bytes 0-16383/29283492; bytes_read=16384
chirps_v3_final_2025_01,chirps_v3,monthly_rainfall_source_cog,2025,1,https://data.chc.ucsb.edu/products/CHIRPS/v3.0/monthly/global/cogs/chirps-v3.0.2025.01.cog,"Tue, 25 Feb 2025 18:25:44 GMT","""67be0b28-1b53db9""",97c7c94b2a054b1b9ea234818d15c03fcb2db9ce109b5d63da3d95344d137fc6,sha256_first_16384_bytes_not_full_file_checksum,28655033,content_range=bytes 0-16383/28655033; bytes_read=16384
chirps_v3_final_2025_02,chirps_v3,monthly_rainfall_source_cog,2025,2,https://data.chc.ucsb.edu/products/CHIRPS/v3.0/monthly/global/cogs/chirps-v3.0.2025.02.cog,"Fri, 14 Mar 2025 21:48:39 GMT","""67d4a437-1b829e0""",bb2e7ec2afb58bd22cdb498d63eb17a4e8d68e40982ad2837eec5fe98faad3f1,sha256_first_16384_bytes_not_full_file_checksum,28846560,content_range=bytes 0-16383/28846560; bytes_read=16384
chirps_v3_final_2025_03,chirps_v3,monthly_rainfall_source_cog,2025,3,https://data.chc.ucsb.edu/products/CHIRPS/v3.0/monthly/global/cogs/chirps-v3.0.2025.03.cog,"Mon, 14 Apr 2025 18:21:40 GMT","""67fd5234-1bf72f3""",f18eedbec86163c9b998f66a607ccab6935a28858d50337a5feb31f4c8576164,sha256_first_16384_bytes_not_full_file_checksum,29324019,content_range=bytes 0-16383/29324019; bytes_read=16384
chirps_v3_final_2025_04,chirps_v3,monthly_rainfall_source_cog,2025,4,https://data.chc.ucsb.edu/products/CHIRPS/v3.0/monthly/global/cogs/chirps-v3.0.2025.04.cog,"Wed, 14 May 2025 16:49:37 GMT","""6824c9a1-1ba7498""",bae3c926ef4d1d7b208d0b0ae3116939e3f7e79517f5992b73cbd0878b11c8df,sha256_first_16384_bytes_not_full_file_checksum,28996760,content_range=bytes 0-16383/28996760; bytes_read=16384
chirps_v3_final_2025_05,chirps_v3,monthly_rainfall_source_cog,2025,5,https://data.chc.ucsb.edu/products/CHIRPS/v3.0/monthly/global/cogs/chirps-v3.0.2025.05.cog,"Wed, 12 Aug 2026 17:36:08 GMT","""6a7caf08-1c50b71""",8701ce5f39d98b0860f6de0327ca3feb63d1895fb39f0d463137eeca06425a3f,sha256_first_16384_bytes_not_full_file_checksum,29690737,content_range=bytes 0-16383/29690737; bytes_read=16384
chirps_v3_final_2025_06,chirps_v3,monthly_rainfall_source_cog,2025,6,https://data.chc.ucsb.edu/products/CHIRPS/v3.0/monthly/global/cogs/chirps-v3.0.2025.06.cog,"Tue, 15 Jul 2025 21:28:23 GMT","""6876c7f7-1ca0672""",3e054b0e7e794abed4d634abf7e017f9f701603e715154a6bec8af3508893043,sha256_first_16384_bytes_not_full_file_checksum,30017138,content_range=bytes 0-16383/30017138; bytes_read=16384
chirps_v3_final_2025_07,chirps_v3,monthly_rainfall_source_cog,2025,7,https://data.chc.ucsb.edu/products/CHIRPS/v3.0/monthly/global/cogs/chirps-v3.0.2025.07.cog,"Wed, 27 Aug 2025 19:04:03 GMT","""68af56a3-1d1acc3""",76d0fca0f6e4dd6d0da3bb7ed990f25cb18fa0d3113d3ad38037b1d11989a27e,sha256_first_16384_bytes_not_full_file_checksum,30518467,content_range=bytes 0-16383/30518467; bytes_read=16384
chirps_v3_final_2025_08,chirps_v3,monthly_rainfall_source_cog,2025,8,https://data.chc.ucsb.edu/products/CHIRPS/v3.0/monthly/global/cogs/chirps-v3.0.2025.08.cog,"Fri, 12 Sep 2025 23:39:32 GMT","""68c4af34-1d8b8a7""",09289b7caa080f10ba48daf5724ed410f9bb2acceeccbe5f6850a58fdb2c838a,sha256_first_16384_bytes_not_full_file_checksum,30980263,content_range=bytes 0-16383/30980263; bytes_read=16384
chirps_v3_final_2025_09,chirps_v3,monthly_rainfall_source_cog,2025,9,https://data.chc.ucsb.edu/products/CHIRPS/v3.0/monthly/global/cogs/chirps-v3.0.2025.09.cog,"Wed, 15 Oct 2025 23:34:19 GMT","""68f02f7b-1d94f08""",0cec44c238368ff2e8fbf70f257096af4daa7c1f1a8546406b2d8e3b0332bba8,sha256_first_16384_bytes_not_full_file_checksum,31018760,content_range=bytes 0-16383/31018760; bytes_read=16384
chirps_v3_final_2025_10,chirps_v3,monthly_rainfall_source_cog,2025,10,https://data.chc.ucsb.edu/products/CHIRPS/v3.0/monthly/global/cogs/chirps-v3.0.2025.10.cog,"Sat, 15 Nov 2025 00:51:00 GMT","""6917ce74-1c6a698""",765815c78dd7ea0b4c298217a4a830477d3b1c8e1c286c624e89b49460c8a71a,sha256_first_16384_bytes_not_full_file_checksum,29795992,content_range=bytes 0-16383/29795992; bytes_read=16384
chirps_v3_final_2025_11,chirps_v3,monthly_rainfall_source_cog,2025,11,https://data.chc.ucsb.edu/products/CHIRPS/v3.0/monthly/global/cogs/chirps-v3.0.2025.11.cog,"Thu, 11 Dec 2025 22:01:11 GMT","""693b3f27-1ba27a1""",ea0a2e331f27eea71ffeceebb65a6f86f6234a1decbc85e37f09e5edce171049,sha256_first_16384_bytes_not_full_file_checksum,28977057,content_range=bytes 0-16383/28977057; bytes_read=16384
chirps_v3_final_2025_12,chirps_v3,monthly_rainfall_source_cog,2025,12,https://data.chc.ucsb.edu/products/CHIRPS/v3.0/monthly/global/cogs/chirps-v3.0.2025.12.cog,"Fri, 16 Jan 2026 00:25:55 GMT","""69698593-1d1534e""",0fcc4bc101ad39e46160a53b36c672b5e4fee24ce581e153d111ff16687f0fae,sha256_first_16384_bytes_not_full_file_checksum,30495566,content_range=bytes 0-16383/30495566; bytes_read=16384
