observation_id,indicator_id,geography_id,time_start,time_end,frequency,value_numeric,unit,claim_type,provenance_id,suppressed,comparable,methodology_version,price_basis,notes
chirpsobs_005a6897cf5727f3744df41d,annual_rainfall,idn.13.1371,1999-01-01,1999-12-31,annual,4661.824055,millimetres,model_estimate,chirpsprov_8c3023760d15fbc35862fcc4,false,true,chirps_v3_final_monthly_big_june_2026_fixed_boundary_v1,,spatial_frame=fixed_current_boundary_june_2026; historical_boundary_continuity=false; months_complete=12; min_valid_area_fraction=0.99912533; mean_valid_area_fraction=0.99912533; source_product=CHIRPS v3 Final monthly; geometry_source=BIG BATAS_KABKOTA_AR; geometry_source_edition=Juni 2026; observed_station_equivalence=false; comparability_scope=within_CHIRPS_v3_Final_fixed_current_boundary_frame; independent_station_validation=pending
chirpsobs_00a31b5c6e89dea909081aff,annual_rainfall,idn.13.1375,1987-01-01,1987-12-31,annual,2076.119893,millimetres,model_estimate,chirpsprov_7c2bd4ffc29c3c1f203409a0,false,true,chirps_v3_final_monthly_big_june_2026_fixed_boundary_v1,,spatial_frame=fixed_current_boundary_june_2026; historical_boundary_continuity=false; months_complete=12; min_valid_area_fraction=1.00000000; mean_valid_area_fraction=1.00000000; source_product=CHIRPS v3 Final monthly; geometry_source=BIG BATAS_KABKOTA_AR; geometry_source_edition=Juni 2026; observed_station_equivalence=false; comparability_scope=within_CHIRPS_v3_Final_fixed_current_boundary_frame; independent_station_validation=pending
chirpsobs_0177e264a191b22a8376a114,annual_rainfall,idn.13.1312,2007-01-01,2007-12-31,annual,4076.647290,millimetres,model_estimate,chirpsprov_d583a73735d084b8b2496aa8,false,true,chirps_v3_final_monthly_big_june_2026_fixed_boundary_v1,,spatial_frame=fixed_current_boundary_june_2026; historical_boundary_continuity=false; months_complete=12; min_valid_area_fraction=1.00000000; mean_valid_area_fraction=1.00000000; source_product=CHIRPS v3 Final monthly; geometry_source=BIG BATAS_KABKOTA_AR; geometry_source_edition=Juni 2026; observed_station_equivalence=false; comparability_scope=within_CHIRPS_v3_Final_fixed_current_boundary_frame; independent_station_validation=pending
chirpsobs_01a29219124465bd89508057,annual_rainfall,idn.13.1304,2015-01-01,2015-12-31,annual,2157.561188,millimetres,model_estimate,chirpsprov_b12d5727b3360f9d0d1cfcbb,false,true,chirps_v3_final_monthly_big_june_2026_fixed_boundary_v1,,spatial_frame=fixed_current_boundary_june_2026; historical_boundary_continuity=false; months_complete=12; min_valid_area_fraction=1.00000000; mean_valid_area_fraction=1.00000000; source_product=CHIRPS v3 Final monthly; geometry_source=BIG BATAS_KABKOTA_AR; geometry_source_edition=Juni 2026; observed_station_equivalence=false; comparability_scope=within_CHIRPS_v3_Final_fixed_current_boundary_frame; independent_station_validation=pending
chirpsobs_01d7c21889be3e0aa4b37257,annual_rainfall,idn.13.1309,2007-01-01,2007-12-31,annual,3708.364216,millimetres,model_estimate,chirpsprov_d583a73735d084b8b2496aa8,false,true,chirps_v3_final_monthly_big_june_2026_fixed_boundary_v1,,spatial_frame=fixed_current_boundary_june_2026; historical_boundary_continuity=false; months_complete=12; min_valid_area_fraction=1.00000000; mean_valid_area_fraction=1.00000000; source_product=CHIRPS v3 Final monthly; geometry_source=BIG BATAS_KABKOTA_AR; geometry_source_edition=Juni 2026; observed_station_equivalence=false; comparability_scope=within_CHIRPS_v3_Final_fixed_current_boundary_frame; independent_station_validation=pending
chirpsobs_02a8c64413523a7af3f0b80d,annual_rainfall,idn.13.1306,2018-01-01,2018-12-31,annual,4146.259922,millimetres,model_estimate,chirpsprov_c8030a113fbc38a4dd14a894,false,true,chirps_v3_final_monthly_big_june_2026_fixed_boundary_v1,,spatial_frame=fixed_current_boundary_june_2026; historical_boundary_continuity=false; months_complete=12; min_valid_area_fraction=0.99993254; mean_valid_area_fraction=0.99993254; source_product=CHIRPS v3 Final monthly; geometry_source=BIG BATAS_KABKOTA_AR; geometry_source_edition=Juni 2026; observed_station_equivalence=false; comparability_scope=within_CHIRPS_v3_Final_fixed_current_boundary_frame; independent_station_validation=pending
chirpsobs_02d04cabf65e2ed1e8ca779f,annual_rainfall,idn.13.1308,1983-01-01,1983-12-31,annual,2349.989476,millimetres,model_estimate,chirpsprov_5887a41b20f86613f9be9d94,false,true,chirps_v3_final_monthly_big_june_2026_fixed_boundary_v1,,spatial_frame=fixed_current_boundary_june_2026; historical_boundary_continuity=false; months_complete=12; min_valid_area_fraction=1.00000000; mean_valid_area_fraction=1.00000000; source_product=CHIRPS v3 Final monthly; geometry_source=BIG BATAS_KABKOTA_AR; geometry_source_edition=Juni 2026; observed_station_equivalence=false; comparability_scope=within_CHIRPS_v3_Final_fixed_current_boundary_frame; independent_station_validation=pending
chirpsobs_02f610f0a0ae1aee26b50ba4,annual_rainfall,idn.13.1312,2023-01-01,2023-12-31,annual,3782.060938,millimetres,model_estimate,chirpsprov_6f7cb8097bed96485afd3cd3,false,true,chirps_v3_final_monthly_big_june_2026_fixed_boundary_v1,,spatial_frame=fixed_current_boundary_june_2026; historical_boundary_continuity=false; months_complete=12; min_valid_area_fraction=1.00000000; mean_valid_area_fraction=1.00000000; source_product=CHIRPS v3 Final monthly; geometry_source=BIG BATAS_KABKOTA_AR; geometry_source_edition=Juni 2026; observed_station_equivalence=false; comparability_scope=within_CHIRPS_v3_Final_fixed_current_boundary_frame; independent_station_validation=pending
chirpsobs_033ea4f609d7e798f6ecd0a5,annual_rainfall,idn.13.1309,1994-01-01,1994-12-31,annual,2195.190007,millimetres,model_estimate,chirpsprov_1ad925e050f99158259f45a8,false,true,chirps_v3_final_monthly_big_june_2026_fixed_boundary_v1,,spatial_frame=fixed_current_boundary_june_2026; historical_boundary_continuity=false; months_complete=12; min_valid_area_fraction=1.00000000; mean_valid_area_fraction=1.00000000; source_product=CHIRPS v3 Final monthly; geometry_source=BIG BATAS_KABKOTA_AR; geometry_source_edition=Juni 2026; observed_station_equivalence=false; comparability_scope=within_CHIRPS_v3_Final_fixed_current_boundary_frame; independent_station_validation=pending
chirpsobs_03632b653a7909f5524a0b0f,annual_rainfall,idn.13.1372,2015-01-01,2015-12-31,annual,2350.489297,millimetres,model_estimate,chirpsprov_b12d5727b3360f9d0d1cfcbb,false,true,chirps_v3_final_monthly_big_june_2026_fixed_boundary_v1,,spatial_frame=fixed_current_boundary_june_2026; historical_boundary_continuity=false; months_complete=12; min_valid_area_fraction=1.00000000; mean_valid_area_fraction=1.00000000; source_product=CHIRPS v3 Final monthly; geometry_source=BIG BATAS_KABKOTA_AR; geometry_source_edition=Juni 2026; observed_station_equivalence=false; comparability_scope=within_CHIRPS_v3_Final_fixed_current_boundary_frame; independent_station_validation=pending
chirpsobs_036ebe4522011ebff1faef17,annual_rainfall,idn.13.1312,2013-01-01,2013-12-31,annual,4124.222493,millimetres,model_estimate,chirpsprov_5b65845f0a067c46b1ff4bb4,false,true,chirps_v3_final_monthly_big_june_2026_fixed_boundary_v1,,spatial_frame=fixed_current_boundary_june_2026; historical_boundary_continuity=false; months_complete=12; min_valid_area_fraction=1.00000000; mean_valid_area_fraction=1.00000000; source_product=CHIRPS v3 Final monthly; geometry_source=BIG BATAS_KABKOTA_AR; geometry_source_edition=Juni 2026; observed_station_equivalence=false; comparability_scope=within_CHIRPS_v3_Final_fixed_current_boundary_frame; independent_station_validation=pending
chirpsobs_0448912a5f5a2d57af63f11f,annual_rainfall,idn.13.1377,2006-01-01,2006-12-31,annual,3550.697276,millimetres,model_estimate,chirpsprov_33c1360517abf4405894a6a4,false,true,chirps_v3_final_monthly_big_june_2026_fixed_boundary_v1,,spatial_frame=fixed_current_boundary_june_2026; historical_boundary_continuity=false; months_complete=12; min_valid_area_fraction=0.99901085; mean_valid_area_fraction=0.99901085; source_product=CHIRPS v3 Final monthly; geometry_source=BIG BATAS_KABKOTA_AR; geometry_source_edition=Juni 2026; observed_station_equivalence=false; comparability_scope=within_CHIRPS_v3_Final_fixed_current_boundary_frame; independent_station_validation=pending
chirpsobs_04c08c649be9eced7927f836,annual_rainfall,idn.13.1303,2015-01-01,2015-12-31,annual,2163.649621,millimetres,model_estimate,chirpsprov_b12d5727b3360f9d0d1cfcbb,false,true,chirps_v3_final_monthly_big_june_2026_fixed_boundary_v1,,spatial_frame=fixed_current_boundary_june_2026; historical_boundary_continuity=false; months_complete=12; min_valid_area_fraction=1.00000000; mean_valid_area_fraction=1.00000000; source_product=CHIRPS v3 Final monthly; geometry_source=BIG BATAS_KABKOTA_AR; geometry_source_edition=Juni 2026; observed_station_equivalence=false; comparability_scope=within_CHIRPS_v3_Final_fixed_current_boundary_frame; independent_station_validation=pending
chirpsobs_054e5617ef4ea22557416927,annual_rainfall,idn.13.1377,1984-01-01,1984-12-31,annual,4831.861099,millimetres,model_estimate,chirpsprov_105560bf68b24142847709fb,false,true,chirps_v3_final_monthly_big_june_2026_fixed_boundary_v1,,spatial_frame=fixed_current_boundary_june_2026; historical_boundary_continuity=false; months_complete=12; min_valid_area_fraction=0.99901085; mean_valid_area_fraction=0.99901085; source_product=CHIRPS v3 Final monthly; geometry_source=BIG BATAS_KABKOTA_AR; geometry_source_edition=Juni 2026; observed_station_equivalence=false; comparability_scope=within_CHIRPS_v3_Final_fixed_current_boundary_frame; independent_station_validation=pending
chirpsobs_05b017aedbaeff68dd4029c3,annual_rainfall,idn.13.1376,2017-01-01,2017-12-31,annual,2726.317912,millimetres,model_estimate,chirpsprov_dccafa903dab232b9aad0bd5,false,true,chirps_v3_final_monthly_big_june_2026_fixed_boundary_v1,,spatial_frame=fixed_current_boundary_june_2026; historical_boundary_continuity=false; months_complete=12; min_valid_area_fraction=1.00000000; mean_valid_area_fraction=1.00000000; source_product=CHIRPS v3 Final monthly; geometry_source=BIG BATAS_KABKOTA_AR; geometry_source_edition=Juni 2026; observed_station_equivalence=false; comparability_scope=within_CHIRPS_v3_Final_fixed_current_boundary_frame; independent_station_validation=pending
chirpsobs_05d00e22a015e4f0e62cdf2c,annual_rainfall,idn.13.1371,1985-01-01,1985-12-31,annual,3520.520486,millimetres,model_estimate,chirpsprov_245a0c829b03c3b0747fd994,false,true,chirps_v3_final_monthly_big_june_2026_fixed_boundary_v1,,spatial_frame=fixed_current_boundary_june_2026; historical_boundary_continuity=false; months_complete=12; min_valid_area_fraction=0.99912533; mean_valid_area_fraction=0.99912533; source_product=CHIRPS v3 Final monthly; geometry_source=BIG BATAS_KABKOTA_AR; geometry_source_edition=Juni 2026; observed_station_equivalence=false; comparability_scope=within_CHIRPS_v3_Final_fixed_current_boundary_frame; independent_station_validation=pending
chirpsobs_06813cd9bbd4e319bbb4e982,annual_rainfall,idn.13.1303,1993-01-01,1993-12-31,annual,2087.147098,millimetres,model_estimate,chirpsprov_0b1431dfbfc76cd87c567ea3,false,true,chirps_v3_final_monthly_big_june_2026_fixed_boundary_v1,,spatial_frame=fixed_current_boundary_june_2026; historical_boundary_continuity=false; months_complete=12; min_valid_area_fraction=1.00000000; mean_valid_area_fraction=1.00000000; source_product=CHIRPS v3 Final monthly; geometry_source=BIG BATAS_KABKOTA_AR; geometry_source_edition=Juni 2026; observed_station_equivalence=false; comparability_scope=within_CHIRPS_v3_Final_fixed_current_boundary_frame; independent_station_validation=pending
chirpsobs_06898a41bf8b080b0bf975a3,annual_rainfall,idn.13.1309,1993-01-01,1993-12-31,annual,2957.568763,millimetres,model_estimate,chirpsprov_0b1431dfbfc76cd87c567ea3,false,true,chirps_v3_final_monthly_big_june_2026_fixed_boundary_v1,,spatial_frame=fixed_current_boundary_june_2026; historical_boundary_continuity=false; months_complete=12; min_valid_area_fraction=1.00000000; mean_valid_area_fraction=1.00000000; source_product=CHIRPS v3 Final monthly; geometry_source=BIG BATAS_KABKOTA_AR; geometry_source_edition=Juni 2026; observed_station_equivalence=false; comparability_scope=within_CHIRPS_v3_Final_fixed_current_boundary_frame; independent_station_validation=pending
chirpsobs_0690a3871ddb27a9bcca5e3e,annual_rainfall,idn.13.1302,2016-01-01,2016-12-31,annual,3233.085820,millimetres,model_estimate,chirpsprov_bdfc0cb4713e768353b0af59,false,true,chirps_v3_final_monthly_big_june_2026_fixed_boundary_v1,,spatial_frame=fixed_current_boundary_june_2026; historical_boundary_continuity=false; months_complete=12; min_valid_area_fraction=0.99990289; mean_valid_area_fraction=0.99990289; source_product=CHIRPS v3 Final monthly; geometry_source=BIG BATAS_KABKOTA_AR; geometry_source_edition=Juni 2026; observed_station_equivalence=false; comparability_scope=within_CHIRPS_v3_Final_fixed_current_boundary_frame; independent_station_validation=pending
chirpsobs_07110913f8566b7c126c0306,annual_rainfall,idn.13.1373,2010-01-01,2010-12-31,annual,3505.157323,millimetres,model_estimate,chirpsprov_6d539a98f8e70f0f921b9fea,false,true,chirps_v3_final_monthly_big_june_2026_fixed_boundary_v1,,spatial_frame=fixed_current_boundary_june_2026; historical_boundary_continuity=false; months_complete=12; min_valid_area_fraction=1.00000000; mean_valid_area_fraction=1.00000000; source_product=CHIRPS v3 Final monthly; geometry_source=BIG BATAS_KABKOTA_AR; geometry_source_edition=Juni 2026; observed_station_equivalence=false; comparability_scope=within_CHIRPS_v3_Final_fixed_current_boundary_frame; independent_station_validation=pending
chirpsobs_0721bb3d335f00fd05866897,annual_rainfall,idn.13.1305,1990-01-01,1990-12-31,annual,2287.475940,millimetres,model_estimate,chirpsprov_8a1debf06ff2601da517ede7,false,true,chirps_v3_final_monthly_big_june_2026_fixed_boundary_v1,,spatial_frame=fixed_current_boundary_june_2026; historical_boundary_continuity=false; months_complete=12; min_valid_area_fraction=1.00000000; mean_valid_area_fraction=1.00000000; source_product=CHIRPS v3 Final monthly; geometry_source=BIG BATAS_KABKOTA_AR; geometry_source_edition=Juni 2026; observed_station_equivalence=false; comparability_scope=within_CHIRPS_v3_Final_fixed_current_boundary_frame; independent_station_validation=pending
chirpsobs_0747bb680855749ad8ecf2f4,annual_rainfall,idn.13.1308,1990-01-01,1990-12-31,annual,2458.497394,millimetres,model_estimate,chirpsprov_8a1debf06ff2601da517ede7,false,true,chirps_v3_final_monthly_big_june_2026_fixed_boundary_v1,,spatial_frame=fixed_current_boundary_june_2026; historical_boundary_continuity=false; months_complete=12; min_valid_area_fraction=1.00000000; mean_valid_area_fraction=1.00000000; source_product=CHIRPS v3 Final monthly; geometry_source=BIG BATAS_KABKOTA_AR; geometry_source_edition=Juni 2026; observed_station_equivalence=false; comparability_scope=within_CHIRPS_v3_Final_fixed_current_boundary_frame; independent_station_validation=pending
chirpsobs_0756dc08d5a08a3c55970adc,annual_rainfall,idn.13.1303,2014-01-01,2014-12-31,annual,2530.897057,millimetres,model_estimate,chirpsprov_b4a99eb15560b1d88e757010,false,true,chirps_v3_final_monthly_big_june_2026_fixed_boundary_v1,,spatial_frame=fixed_current_boundary_june_2026; historical_boundary_continuity=false; months_complete=12; min_valid_area_fraction=1.00000000; mean_valid_area_fraction=1.00000000; source_product=CHIRPS v3 Final monthly; geometry_source=BIG BATAS_KABKOTA_AR; geometry_source_edition=Juni 2026; observed_station_equivalence=false; comparability_scope=within_CHIRPS_v3_Final_fixed_current_boundary_frame; independent_station_validation=pending
chirpsobs_08965b89fa4d0b9f69d2d3ec,annual_rainfall,idn.13.1307,2014-01-01,2014-12-31,annual,2902.674174,millimetres,model_estimate,chirpsprov_b4a99eb15560b1d88e757010,false,true,chirps_v3_final_monthly_big_june_2026_fixed_boundary_v1,,spatial_frame=fixed_current_boundary_june_2026; historical_boundary_continuity=false; months_complete=12; min_valid_area_fraction=1.00000000; mean_valid_area_fraction=1.00000000; source_product=CHIRPS v3 Final monthly; geometry_source=BIG BATAS_KABKOTA_AR; geometry_source_edition=Juni 2026; observed_station_equivalence=false; comparability_scope=within_CHIRPS_v3_Final_fixed_current_boundary_frame; independent_station_validation=pending
chirpsobs_089ddcc2a794fde98914b65b,annual_rainfall,idn.13.1304,1989-01-01,1989-12-31,annual,2833.835124,millimetres,model_estimate,chirpsprov_dce3ffaedc1a899d204a1612,false,true,chirps_v3_final_monthly_big_june_2026_fixed_boundary_v1,,spatial_frame=fixed_current_boundary_june_2026; historical_boundary_continuity=false; months_complete=12; min_valid_area_fraction=1.00000000; mean_valid_area_fraction=1.00000000; source_product=CHIRPS v3 Final monthly; geometry_source=BIG BATAS_KABKOTA_AR; geometry_source_edition=Juni 2026; observed_station_equivalence=false; comparability_scope=within_CHIRPS_v3_Final_fixed_current_boundary_frame; independent_station_validation=pending
chirpsobs_09a85881d6363048d974fbc1,annual_rainfall,idn.13.1311,1985-01-01,1985-12-31,annual,3259.029249,millimetres,model_estimate,chirpsprov_245a0c829b03c3b0747fd994,false,true,chirps_v3_final_monthly_big_june_2026_fixed_boundary_v1,,spatial_frame=fixed_current_boundary_june_2026; historical_boundary_continuity=false; months_complete=12; min_valid_area_fraction=1.00000000; mean_valid_area_fraction=1.00000000; source_product=CHIRPS v3 Final monthly; geometry_source=BIG BATAS_KABKOTA_AR; geometry_source_edition=Juni 2026; observed_station_equivalence=false; comparability_scope=within_CHIRPS_v3_Final_fixed_current_boundary_frame; independent_station_validation=pending
chirpsobs_0a17bd2c52ec68c7f32259b9,annual_rainfall,idn.13.1376,1997-01-01,1997-12-31,annual,1012.170461,millimetres,model_estimate,chirpsprov_549fb51b47f3004dd71af8d7,false,true,chirps_v3_final_monthly_big_june_2026_fixed_boundary_v1,,spatial_frame=fixed_current_boundary_june_2026; historical_boundary_continuity=false; months_complete=12; min_valid_area_fraction=1.00000000; mean_valid_area_fraction=1.00000000; source_product=CHIRPS v3 Final monthly; geometry_source=BIG BATAS_KABKOTA_AR; geometry_source_edition=Juni 2026; observed_station_equivalence=false; comparability_scope=within_CHIRPS_v3_Final_fixed_current_boundary_frame; independent_station_validation=pending
chirpsobs_0b4c456f782d774d0b582c3f,annual_rainfall,idn.13.1312,2020-01-01,2020-12-31,annual,3748.958598,millimetres,model_estimate,chirpsprov_869749660f299278b4209870,false,true,chirps_v3_final_monthly_big_june_2026_fixed_boundary_v1,,spatial_frame=fixed_current_boundary_june_2026; historical_boundary_continuity=false; months_complete=12; min_valid_area_fraction=1.00000000; mean_valid_area_fraction=1.00000000; source_product=CHIRPS v3 Final monthly; geometry_source=BIG BATAS_KABKOTA_AR; geometry_source_edition=Juni 2026; observed_station_equivalence=false; comparability_scope=within_CHIRPS_v3_Final_fixed_current_boundary_frame; independent_station_validation=pending
chirpsobs_0bce9670809febc981c73b9d,annual_rainfall,idn.13.1375,2012-01-01,2012-12-31,annual,2517.870684,millimetres,model_estimate,chirpsprov_bf295e30ff22919e667a8443,false,true,chirps_v3_final_monthly_big_june_2026_fixed_boundary_v1,,spatial_frame=fixed_current_boundary_june_2026; historical_boundary_continuity=false; months_complete=12; min_valid_area_fraction=1.00000000; mean_valid_area_fraction=1.00000000; source_product=CHIRPS v3 Final monthly; geometry_source=BIG BATAS_KABKOTA_AR; geometry_source_edition=Juni 2026; observed_station_equivalence=false; comparability_scope=within_CHIRPS_v3_Final_fixed_current_boundary_frame; independent_station_validation=pending
chirpsobs_0c55a2ffedcd5dd30710f952,annual_rainfall,idn.13.1373,2024-01-01,2024-12-31,annual,3282.380943,millimetres,model_estimate,chirpsprov_80f1b34a386a8dd06869ba96,false,true,chirps_v3_final_monthly_big_june_2026_fixed_boundary_v1,,spatial_frame=fixed_current_boundary_june_2026; historical_boundary_continuity=false; months_complete=12; min_valid_area_fraction=1.00000000; mean_valid_area_fraction=1.00000000; source_product=CHIRPS v3 Final monthly; geometry_source=BIG BATAS_KABKOTA_AR; geometry_source_edition=Juni 2026; observed_station_equivalence=false; comparability_scope=within_CHIRPS_v3_Final_fixed_current_boundary_frame; independent_station_validation=pending
chirpsobs_0cb4475cb53ab85eeefbc80b,annual_rainfall,idn.13.1377,2008-01-01,2008-12-31,annual,4425.920960,millimetres,model_estimate,chirpsprov_ed07e8adb20331297fea22e4,false,true,chirps_v3_final_monthly_big_june_2026_fixed_boundary_v1,,spatial_frame=fixed_current_boundary_june_2026; historical_boundary_continuity=false; months_complete=12; min_valid_area_fraction=0.99901085; mean_valid_area_fraction=0.99901085; source_product=CHIRPS v3 Final monthly; geometry_source=BIG BATAS_KABKOTA_AR; geometry_source_edition=Juni 2026; observed_station_equivalence=false; comparability_scope=within_CHIRPS_v3_Final_fixed_current_boundary_frame; independent_station_validation=pending
chirpsobs_0d7b19f87cd0f7b3a6e74b6b,annual_rainfall,idn.13.1304,2000-01-01,2000-12-31,annual,2955.734672,millimetres,model_estimate,chirpsprov_fc3b6aa57f2d9a4e61b62b31,false,true,chirps_v3_final_monthly_big_june_2026_fixed_boundary_v1,,spatial_frame=fixed_current_boundary_june_2026; historical_boundary_continuity=false; months_complete=12; min_valid_area_fraction=1.00000000; mean_valid_area_fraction=1.00000000; source_product=CHIRPS v3 Final monthly; geometry_source=BIG BATAS_KABKOTA_AR; geometry_source_edition=Juni 2026; observed_station_equivalence=false; comparability_scope=within_CHIRPS_v3_Final_fixed_current_boundary_frame; independent_station_validation=pending
chirpsobs_0d9c62c08237d882d5dd28a1,annual_rainfall,idn.13.1301,2016-01-01,2016-12-31,annual,3740.186367,millimetres,model_estimate,chirpsprov_bdfc0cb4713e768353b0af59,false,true,chirps_v3_final_monthly_big_june_2026_fixed_boundary_v1,,spatial_frame=fixed_current_boundary_june_2026; historical_boundary_continuity=false; months_complete=12; min_valid_area_fraction=0.99877921; mean_valid_area_fraction=0.99877921; source_product=CHIRPS v3 Final monthly; geometry_source=BIG BATAS_KABKOTA_AR; geometry_source_edition=Juni 2026; observed_station_equivalence=false; comparability_scope=within_CHIRPS_v3_Final_fixed_current_boundary_frame; independent_station_validation=pending
chirpsobs_0db85c74a833a14feea01b89,annual_rainfall,idn.13.1302,1995-01-01,1995-12-31,annual,2715.209733,millimetres,model_estimate,chirpsprov_9ff2f7a1dfcae20618823751,false,true,chirps_v3_final_monthly_big_june_2026_fixed_boundary_v1,,spatial_frame=fixed_current_boundary_june_2026; historical_boundary_continuity=false; months_complete=12; min_valid_area_fraction=0.99990289; mean_valid_area_fraction=0.99990289; source_product=CHIRPS v3 Final monthly; geometry_source=BIG BATAS_KABKOTA_AR; geometry_source_edition=Juni 2026; observed_station_equivalence=false; comparability_scope=within_CHIRPS_v3_Final_fixed_current_boundary_frame; independent_station_validation=pending
chirpsobs_0e392d73034f5baefd4ba39c,annual_rainfall,idn.13.1310,2007-01-01,2007-12-31,annual,2936.950858,millimetres,model_estimate,chirpsprov_d583a73735d084b8b2496aa8,false,true,chirps_v3_final_monthly_big_june_2026_fixed_boundary_v1,,spatial_frame=fixed_current_boundary_june_2026; historical_boundary_continuity=false; months_complete=12; min_valid_area_fraction=1.00000000; mean_valid_area_fraction=1.00000000; source_product=CHIRPS v3 Final monthly; geometry_source=BIG BATAS_KABKOTA_AR; geometry_source_edition=Juni 2026; observed_station_equivalence=false; comparability_scope=within_CHIRPS_v3_Final_fixed_current_boundary_frame; independent_station_validation=pending
chirpsobs_0fa782066fd58ca787727321,annual_rainfall,idn.13.1306,2020-01-01,2020-12-31,annual,4146.372331,millimetres,model_estimate,chirpsprov_869749660f299278b4209870,false,true,chirps_v3_final_monthly_big_june_2026_fixed_boundary_v1,,spatial_frame=fixed_current_boundary_june_2026; historical_boundary_continuity=false; months_complete=12; min_valid_area_fraction=0.99993254; mean_valid_area_fraction=0.99993254; source_product=CHIRPS v3 Final monthly; geometry_source=BIG BATAS_KABKOTA_AR; geometry_source_edition=Juni 2026; observed_station_equivalence=false; comparability_scope=within_CHIRPS_v3_Final_fixed_current_boundary_frame; independent_station_validation=pending
chirpsobs_101fa357a039a6e12c18afbd,annual_rainfall,idn.13.1311,1982-01-01,1982-12-31,annual,2213.879788,millimetres,model_estimate,chirpsprov_d76928f82e8715e9e28c66e3,false,true,chirps_v3_final_monthly_big_june_2026_fixed_boundary_v1,,spatial_frame=fixed_current_boundary_june_2026; historical_boundary_continuity=false; months_complete=12; min_valid_area_fraction=1.00000000; mean_valid_area_fraction=1.00000000; source_product=CHIRPS v3 Final monthly; geometry_source=BIG BATAS_KABKOTA_AR; geometry_source_edition=Juni 2026; observed_station_equivalence=false; comparability_scope=within_CHIRPS_v3_Final_fixed_current_boundary_frame; independent_station_validation=pending
chirpsobs_10d25dc09541b201ce92905b,annual_rainfall,idn.13.1375,2018-01-01,2018-12-31,annual,2342.492157,millimetres,model_estimate,chirpsprov_c8030a113fbc38a4dd14a894,false,true,chirps_v3_final_monthly_big_june_2026_fixed_boundary_v1,,spatial_frame=fixed_current_boundary_june_2026; historical_boundary_continuity=false; months_complete=12; min_valid_area_fraction=1.00000000; mean_valid_area_fraction=1.00000000; source_product=CHIRPS v3 Final monthly; geometry_source=BIG BATAS_KABKOTA_AR; geometry_source_edition=Juni 2026; observed_station_equivalence=false; comparability_scope=within_CHIRPS_v3_Final_fixed_current_boundary_frame; independent_station_validation=pending
chirpsobs_1121a7b91e5a63c1d152d7f3,annual_rainfall,idn.13.1301,2014-01-01,2014-12-31,annual,3259.184370,millimetres,model_estimate,chirpsprov_b4a99eb15560b1d88e757010,false,true,chirps_v3_final_monthly_big_june_2026_fixed_boundary_v1,,spatial_frame=fixed_current_boundary_june_2026; historical_boundary_continuity=false; months_complete=12; min_valid_area_fraction=0.99877921; mean_valid_area_fraction=0.99877921; source_product=CHIRPS v3 Final monthly; geometry_source=BIG BATAS_KABKOTA_AR; geometry_source_edition=Juni 2026; observed_station_equivalence=false; comparability_scope=within_CHIRPS_v3_Final_fixed_current_boundary_frame; independent_station_validation=pending
chirpsobs_12f49ac3ba5113b05e0005f8,annual_rainfall,idn.13.1307,1987-01-01,1987-12-31,annual,3004.890662,millimetres,model_estimate,chirpsprov_7c2bd4ffc29c3c1f203409a0,false,true,chirps_v3_final_monthly_big_june_2026_fixed_boundary_v1,,spatial_frame=fixed_current_boundary_june_2026; historical_boundary_continuity=false; months_complete=12; min_valid_area_fraction=1.00000000; mean_valid_area_fraction=1.00000000; source_product=CHIRPS v3 Final monthly; geometry_source=BIG BATAS_KABKOTA_AR; geometry_source_edition=Juni 2026; observed_station_equivalence=false; comparability_scope=within_CHIRPS_v3_Final_fixed_current_boundary_frame; independent_station_validation=pending
chirpsobs_12fbda2bbf5674e65d156563,annual_rainfall,idn.13.1311,2025-01-01,2025-12-31,annual,3815.589208,millimetres,model_estimate,chirpsprov_895a16cb21d7cc63ddc0f299,false,true,chirps_v3_final_monthly_big_june_2026_fixed_boundary_v1,,spatial_frame=fixed_current_boundary_june_2026; historical_boundary_continuity=false; months_complete=12; min_valid_area_fraction=1.00000000; mean_valid_area_fraction=1.00000000; source_product=CHIRPS v3 Final monthly; geometry_source=BIG BATAS_KABKOTA_AR; geometry_source_edition=Juni 2026; observed_station_equivalence=false; comparability_scope=within_CHIRPS_v3_Final_fixed_current_boundary_frame; independent_station_validation=pending
chirpsobs_13128fa54f2703d33ef2233a,annual_rainfall,idn.13.1377,2013-01-01,2013-12-31,annual,4632.414056,millimetres,model_estimate,chirpsprov_5b65845f0a067c46b1ff4bb4,false,true,chirps_v3_final_monthly_big_june_2026_fixed_boundary_v1,,spatial_frame=fixed_current_boundary_june_2026; historical_boundary_continuity=false; months_complete=12; min_valid_area_fraction=0.99901085; mean_valid_area_fraction=0.99901085; source_product=CHIRPS v3 Final monthly; geometry_source=BIG BATAS_KABKOTA_AR; geometry_source_edition=Juni 2026; observed_station_equivalence=false; comparability_scope=within_CHIRPS_v3_Final_fixed_current_boundary_frame; independent_station_validation=pending
chirpsobs_1349ae562d976606cf691139,annual_rainfall,idn.13.1376,2011-01-01,2011-12-31,annual,2197.296009,millimetres,model_estimate,chirpsprov_f02726b2fbc31c90fe475402,false,true,chirps_v3_final_monthly_big_june_2026_fixed_boundary_v1,,spatial_frame=fixed_current_boundary_june_2026; historical_boundary_continuity=false; months_complete=12; min_valid_area_fraction=1.00000000; mean_valid_area_fraction=1.00000000; source_product=CHIRPS v3 Final monthly; geometry_source=BIG BATAS_KABKOTA_AR; geometry_source_edition=Juni 2026; observed_station_equivalence=false; comparability_scope=within_CHIRPS_v3_Final_fixed_current_boundary_frame; independent_station_validation=pending
chirpsobs_137bb7ac9f591743dd3e687d,annual_rainfall,idn.13.1374,1992-01-01,1992-12-31,annual,2582.136749,millimetres,model_estimate,chirpsprov_938566067d5a0dee5b9cc5f3,false,true,chirps_v3_final_monthly_big_june_2026_fixed_boundary_v1,,spatial_frame=fixed_current_boundary_june_2026; historical_boundary_continuity=false; months_complete=12; min_valid_area_fraction=1.00000000; mean_valid_area_fraction=1.00000000; source_product=CHIRPS v3 Final monthly; geometry_source=BIG BATAS_KABKOTA_AR; geometry_source_edition=Juni 2026; observed_station_equivalence=false; comparability_scope=within_CHIRPS_v3_Final_fixed_current_boundary_frame; independent_station_validation=pending
chirpsobs_13b4793461239163b1f77121,annual_rainfall,idn.13.1309,2008-01-01,2008-12-31,annual,3694.161211,millimetres,model_estimate,chirpsprov_ed07e8adb20331297fea22e4,false,true,chirps_v3_final_monthly_big_june_2026_fixed_boundary_v1,,spatial_frame=fixed_current_boundary_june_2026; historical_boundary_continuity=false; months_complete=12; min_valid_area_fraction=1.00000000; mean_valid_area_fraction=1.00000000; source_product=CHIRPS v3 Final monthly; geometry_source=BIG BATAS_KABKOTA_AR; geometry_source_edition=Juni 2026; observed_station_equivalence=false; comparability_scope=within_CHIRPS_v3_Final_fixed_current_boundary_frame; independent_station_validation=pending
chirpsobs_14bd251575ef98e960abc200,annual_rainfall,idn.13.1306,2019-01-01,2019-12-31,annual,3142.963671,millimetres,model_estimate,chirpsprov_0dbe201c4de4fc57baa56cc7,false,true,chirps_v3_final_monthly_big_june_2026_fixed_boundary_v1,,spatial_frame=fixed_current_boundary_june_2026; historical_boundary_continuity=false; months_complete=12; min_valid_area_fraction=0.99993254; mean_valid_area_fraction=0.99993254; source_product=CHIRPS v3 Final monthly; geometry_source=BIG BATAS_KABKOTA_AR; geometry_source_edition=Juni 2026; observed_station_equivalence=false; comparability_scope=within_CHIRPS_v3_Final_fixed_current_boundary_frame; independent_station_validation=pending
chirpsobs_14cecbeb57097377e649774b,annual_rainfall,idn.13.1311,1998-01-01,1998-12-31,annual,2785.065825,millimetres,model_estimate,chirpsprov_fd5c54c3ffb3d358e77e15f7,false,true,chirps_v3_final_monthly_big_june_2026_fixed_boundary_v1,,spatial_frame=fixed_current_boundary_june_2026; historical_boundary_continuity=false; months_complete=12; min_valid_area_fraction=1.00000000; mean_valid_area_fraction=1.00000000; source_product=CHIRPS v3 Final monthly; geometry_source=BIG BATAS_KABKOTA_AR; geometry_source_edition=Juni 2026; observed_station_equivalence=false; comparability_scope=within_CHIRPS_v3_Final_fixed_current_boundary_frame; independent_station_validation=pending
chirpsobs_14f846b34348b2c18da653be,annual_rainfall,idn.13.1374,1984-01-01,1984-12-31,annual,3138.852160,millimetres,model_estimate,chirpsprov_105560bf68b24142847709fb,false,true,chirps_v3_final_monthly_big_june_2026_fixed_boundary_v1,,spatial_frame=fixed_current_boundary_june_2026; historical_boundary_continuity=false; months_complete=12; min_valid_area_fraction=1.00000000; mean_valid_area_fraction=1.00000000; source_product=CHIRPS v3 Final monthly; geometry_source=BIG BATAS_KABKOTA_AR; geometry_source_edition=Juni 2026; observed_station_equivalence=false; comparability_scope=within_CHIRPS_v3_Final_fixed_current_boundary_frame; independent_station_validation=pending
chirpsobs_151d9863ce6a417d50e4bb6f,annual_rainfall,idn.13.1304,2016-01-01,2016-12-31,annual,2999.819791,millimetres,model_estimate,chirpsprov_bdfc0cb4713e768353b0af59,false,true,chirps_v3_final_monthly_big_june_2026_fixed_boundary_v1,,spatial_frame=fixed_current_boundary_june_2026; historical_boundary_continuity=false; months_complete=12; min_valid_area_fraction=1.00000000; mean_valid_area_fraction=1.00000000; source_product=CHIRPS v3 Final monthly; geometry_source=BIG BATAS_KABKOTA_AR; geometry_source_edition=Juni 2026; observed_station_equivalence=false; comparability_scope=within_CHIRPS_v3_Final_fixed_current_boundary_frame; independent_station_validation=pending
chirpsobs_163eec96279809ede4d546a8,annual_rainfall,idn.13.1371,2023-01-01,2023-12-31,annual,3578.425027,millimetres,model_estimate,chirpsprov_6f7cb8097bed96485afd3cd3,false,true,chirps_v3_final_monthly_big_june_2026_fixed_boundary_v1,,spatial_frame=fixed_current_boundary_june_2026; historical_boundary_continuity=false; months_complete=12; min_valid_area_fraction=0.99912533; mean_valid_area_fraction=0.99912533; source_product=CHIRPS v3 Final monthly; geometry_source=BIG BATAS_KABKOTA_AR; geometry_source_edition=Juni 2026; observed_station_equivalence=false; comparability_scope=within_CHIRPS_v3_Final_fixed_current_boundary_frame; independent_station_validation=pending
chirpsobs_1698d1cd59118cde732cbb14,annual_rainfall,idn.13.1302,1998-01-01,1998-12-31,annual,3184.260441,millimetres,model_estimate,chirpsprov_fd5c54c3ffb3d358e77e15f7,false,true,chirps_v3_final_monthly_big_june_2026_fixed_boundary_v1,,spatial_frame=fixed_current_boundary_june_2026; historical_boundary_continuity=false; months_complete=12; min_valid_area_fraction=0.99990289; mean_valid_area_fraction=0.99990289; source_product=CHIRPS v3 Final monthly; geometry_source=BIG BATAS_KABKOTA_AR; geometry_source_edition=Juni 2026; observed_station_equivalence=false; comparability_scope=within_CHIRPS_v3_Final_fixed_current_boundary_frame; independent_station_validation=pending
chirpsobs_16b53f5bc5965d1719688df4,annual_rainfall,idn.13.1374,1993-01-01,1993-12-31,annual,1934.728935,millimetres,model_estimate,chirpsprov_0b1431dfbfc76cd87c567ea3,false,true,chirps_v3_final_monthly_big_june_2026_fixed_boundary_v1,,spatial_frame=fixed_current_boundary_june_2026; historical_boundary_continuity=false; months_complete=12; min_valid_area_fraction=1.00000000; mean_valid_area_fraction=1.00000000; source_product=CHIRPS v3 Final monthly; geometry_source=BIG BATAS_KABKOTA_AR; geometry_source_edition=Juni 2026; observed_station_equivalence=false; comparability_scope=within_CHIRPS_v3_Final_fixed_current_boundary_frame; independent_station_validation=pending
chirpsobs_16c374868a63062079d62670,annual_rainfall,idn.13.1302,2015-01-01,2015-12-31,annual,2377.341253,millimetres,model_estimate,chirpsprov_b12d5727b3360f9d0d1cfcbb,false,true,chirps_v3_final_monthly_big_june_2026_fixed_boundary_v1,,spatial_frame=fixed_current_boundary_june_2026; historical_boundary_continuity=false; months_complete=12; min_valid_area_fraction=0.99990289; mean_valid_area_fraction=0.99990289; source_product=CHIRPS v3 Final monthly; geometry_source=BIG BATAS_KABKOTA_AR; geometry_source_edition=Juni 2026; observed_station_equivalence=false; comparability_scope=within_CHIRPS_v3_Final_fixed_current_boundary_frame; independent_station_validation=pending
chirpsobs_16d5fd4cfdde1694cb4276e2,annual_rainfall,idn.13.1312,1988-01-01,1988-12-31,annual,4061.861793,millimetres,model_estimate,chirpsprov_9bfc6526f1c0b90065fc7c93,false,true,chirps_v3_final_monthly_big_june_2026_fixed_boundary_v1,,spatial_frame=fixed_current_boundary_june_2026; historical_boundary_continuity=false; months_complete=12; min_valid_area_fraction=1.00000000; mean_valid_area_fraction=1.00000000; source_product=CHIRPS v3 Final monthly; geometry_source=BIG BATAS_KABKOTA_AR; geometry_source_edition=Juni 2026; observed_station_equivalence=false; comparability_scope=within_CHIRPS_v3_Final_fixed_current_boundary_frame; independent_station_validation=pending
chirpsobs_16dd7bfe6f4058cc28b075a9,annual_rainfall,idn.13.1306,2010-01-01,2010-12-31,annual,4702.578636,millimetres,model_estimate,chirpsprov_6d539a98f8e70f0f921b9fea,false,true,chirps_v3_final_monthly_big_june_2026_fixed_boundary_v1,,spatial_frame=fixed_current_boundary_june_2026; historical_boundary_continuity=false; months_complete=12; min_valid_area_fraction=0.99993254; mean_valid_area_fraction=0.99993254; source_product=CHIRPS v3 Final monthly; geometry_source=BIG BATAS_KABKOTA_AR; geometry_source_edition=Juni 2026; observed_station_equivalence=false; comparability_scope=within_CHIRPS_v3_Final_fixed_current_boundary_frame; independent_station_validation=pending
chirpsobs_170859c72b27fa8763b570ef,annual_rainfall,idn.13.1374,2010-01-01,2010-12-31,annual,3347.507967,millimetres,model_estimate,chirpsprov_6d539a98f8e70f0f921b9fea,false,true,chirps_v3_final_monthly_big_june_2026_fixed_boundary_v1,,spatial_frame=fixed_current_boundary_june_2026; historical_boundary_continuity=false; months_complete=12; min_valid_area_fraction=1.00000000; mean_valid_area_fraction=1.00000000; source_product=CHIRPS v3 Final monthly; geometry_source=BIG BATAS_KABKOTA_AR; geometry_source_edition=Juni 2026; observed_station_equivalence=false; comparability_scope=within_CHIRPS_v3_Final_fixed_current_boundary_frame; independent_station_validation=pending
chirpsobs_174d3ace237906cee0ee0216,annual_rainfall,idn.13.1377,2017-01-01,2017-12-31,annual,4506.455565,millimetres,model_estimate,chirpsprov_dccafa903dab232b9aad0bd5,false,true,chirps_v3_final_monthly_big_june_2026_fixed_boundary_v1,,spatial_frame=fixed_current_boundary_june_2026; historical_boundary_continuity=false; months_complete=12; min_valid_area_fraction=0.99901085; mean_valid_area_fraction=0.99901085; source_product=CHIRPS v3 Final monthly; geometry_source=BIG BATAS_KABKOTA_AR; geometry_source_edition=Juni 2026; observed_station_equivalence=false; comparability_scope=within_CHIRPS_v3_Final_fixed_current_boundary_frame; independent_station_validation=pending
chirpsobs_1760392193df33ec38ce2a4e,annual_rainfall,idn.13.1303,2001-01-01,2001-12-31,annual,2583.395217,millimetres,model_estimate,chirpsprov_08cf9a732d039d72eccb02c0,false,true,chirps_v3_final_monthly_big_june_2026_fixed_boundary_v1,,spatial_frame=fixed_current_boundary_june_2026; historical_boundary_continuity=false; months_complete=12; min_valid_area_fraction=1.00000000; mean_valid_area_fraction=1.00000000; source_product=CHIRPS v3 Final monthly; geometry_source=BIG BATAS_KABKOTA_AR; geometry_source_edition=Juni 2026; observed_station_equivalence=false; comparability_scope=within_CHIRPS_v3_Final_fixed_current_boundary_frame; independent_station_validation=pending
chirpsobs_17c18a8d8f0bbbcf4928efa9,annual_rainfall,idn.13.1312,1996-01-01,1996-12-31,annual,3360.509137,millimetres,model_estimate,chirpsprov_864915f0694d4a2f8d62d710,false,true,chirps_v3_final_monthly_big_june_2026_fixed_boundary_v1,,spatial_frame=fixed_current_boundary_june_2026; historical_boundary_continuity=false; months_complete=12; min_valid_area_fraction=1.00000000; mean_valid_area_fraction=1.00000000; source_product=CHIRPS v3 Final monthly; geometry_source=BIG BATAS_KABKOTA_AR; geometry_source_edition=Juni 2026; observed_station_equivalence=false; comparability_scope=within_CHIRPS_v3_Final_fixed_current_boundary_frame; independent_station_validation=pending
chirpsobs_1816c9a1688749b2641f2e6c,annual_rainfall,idn.13.1303,2004-01-01,2004-12-31,annual,2525.982449,millimetres,model_estimate,chirpsprov_96a561b0500081f35c2a6aff,false,true,chirps_v3_final_monthly_big_june_2026_fixed_boundary_v1,,spatial_frame=fixed_current_boundary_june_2026; historical_boundary_continuity=false; months_complete=12; min_valid_area_fraction=1.00000000; mean_valid_area_fraction=1.00000000; source_product=CHIRPS v3 Final monthly; geometry_source=BIG BATAS_KABKOTA_AR; geometry_source_edition=Juni 2026; observed_station_equivalence=false; comparability_scope=within_CHIRPS_v3_Final_fixed_current_boundary_frame; independent_station_validation=pending
chirpsobs_181dda5a9c98230efaa1f473,annual_rainfall,idn.13.1371,2008-01-01,2008-12-31,annual,4063.519507,millimetres,model_estimate,chirpsprov_ed07e8adb20331297fea22e4,false,true,chirps_v3_final_monthly_big_june_2026_fixed_boundary_v1,,spatial_frame=fixed_current_boundary_june_2026; historical_boundary_continuity=false; months_complete=12; min_valid_area_fraction=0.99912533; mean_valid_area_fraction=0.99912533; source_product=CHIRPS v3 Final monthly; geometry_source=BIG BATAS_KABKOTA_AR; geometry_source_edition=Juni 2026; observed_station_equivalence=false; comparability_scope=within_CHIRPS_v3_Final_fixed_current_boundary_frame; independent_station_validation=pending
chirpsobs_185ac8139d8cb40bf9b62162,annual_rainfall,idn.13.1308,2024-01-01,2024-12-31,annual,3123.551995,millimetres,model_estimate,chirpsprov_80f1b34a386a8dd06869ba96,false,true,chirps_v3_final_monthly_big_june_2026_fixed_boundary_v1,,spatial_frame=fixed_current_boundary_june_2026; historical_boundary_continuity=false; months_complete=12; min_valid_area_fraction=1.00000000; mean_valid_area_fraction=1.00000000; source_product=CHIRPS v3 Final monthly; geometry_source=BIG BATAS_KABKOTA_AR; geometry_source_edition=Juni 2026; observed_station_equivalence=false; comparability_scope=within_CHIRPS_v3_Final_fixed_current_boundary_frame; independent_station_validation=pending
chirpsobs_18c21b7151869f83c2d82edb,annual_rainfall,idn.13.1309,2009-01-01,2009-12-31,annual,3347.471400,millimetres,model_estimate,chirpsprov_abb2dd60088714756570bb9f,false,true,chirps_v3_final_monthly_big_june_2026_fixed_boundary_v1,,spatial_frame=fixed_current_boundary_june_2026; historical_boundary_continuity=false; months_complete=12; min_valid_area_fraction=1.00000000; mean_valid_area_fraction=1.00000000; source_product=CHIRPS v3 Final monthly; geometry_source=BIG BATAS_KABKOTA_AR; geometry_source_edition=Juni 2026; observed_station_equivalence=false; comparability_scope=within_CHIRPS_v3_Final_fixed_current_boundary_frame; independent_station_validation=pending
chirpsobs_18f2c4c7049028c62a66dfeb,annual_rainfall,idn.13.1371,2009-01-01,2009-12-31,annual,3573.640370,millimetres,model_estimate,chirpsprov_abb2dd60088714756570bb9f,false,true,chirps_v3_final_monthly_big_june_2026_fixed_boundary_v1,,spatial_frame=fixed_current_boundary_june_2026; historical_boundary_continuity=false; months_complete=12; min_valid_area_fraction=0.99912533; mean_valid_area_fraction=0.99912533; source_product=CHIRPS v3 Final monthly; geometry_source=BIG BATAS_KABKOTA_AR; geometry_source_edition=Juni 2026; observed_station_equivalence=false; comparability_scope=within_CHIRPS_v3_Final_fixed_current_boundary_frame; independent_station_validation=pending
chirpsobs_18fa12439a3ff8c883c5da37,annual_rainfall,idn.13.1310,2003-01-01,2003-12-31,annual,2933.365763,millimetres,model_estimate,chirpsprov_2b5773cbf1c57eb413def781,false,true,chirps_v3_final_monthly_big_june_2026_fixed_boundary_v1,,spatial_frame=fixed_current_boundary_june_2026; historical_boundary_continuity=false; months_complete=12; min_valid_area_fraction=1.00000000; mean_valid_area_fraction=1.00000000; source_product=CHIRPS v3 Final monthly; geometry_source=BIG BATAS_KABKOTA_AR; geometry_source_edition=Juni 2026; observed_station_equivalence=false; comparability_scope=within_CHIRPS_v3_Final_fixed_current_boundary_frame; independent_station_validation=pending
chirpsobs_1927eb34f9087a1c905927ee,annual_rainfall,idn.13.1373,1992-01-01,1992-12-31,annual,2568.947958,millimetres,model_estimate,chirpsprov_938566067d5a0dee5b9cc5f3,false,true,chirps_v3_final_monthly_big_june_2026_fixed_boundary_v1,,spatial_frame=fixed_current_boundary_june_2026; historical_boundary_continuity=false; months_complete=12; min_valid_area_fraction=1.00000000; mean_valid_area_fraction=1.00000000; source_product=CHIRPS v3 Final monthly; geometry_source=BIG BATAS_KABKOTA_AR; geometry_source_edition=Juni 2026; observed_station_equivalence=false; comparability_scope=within_CHIRPS_v3_Final_fixed_current_boundary_frame; independent_station_validation=pending
chirpsobs_193dccda8f825b304a468f86,annual_rainfall,idn.13.1310,1988-01-01,1988-12-31,annual,2870.684050,millimetres,model_estimate,chirpsprov_9bfc6526f1c0b90065fc7c93,false,true,chirps_v3_final_monthly_big_june_2026_fixed_boundary_v1,,spatial_frame=fixed_current_boundary_june_2026; historical_boundary_continuity=false; months_complete=12; min_valid_area_fraction=1.00000000; mean_valid_area_fraction=1.00000000; source_product=CHIRPS v3 Final monthly; geometry_source=BIG BATAS_KABKOTA_AR; geometry_source_edition=Juni 2026; observed_station_equivalence=false; comparability_scope=within_CHIRPS_v3_Final_fixed_current_boundary_frame; independent_station_validation=pending
chirpsobs_1950e9fd15c0c96a481708d2,annual_rainfall,idn.13.1310,1984-01-01,1984-12-31,annual,3506.396401,millimetres,model_estimate,chirpsprov_105560bf68b24142847709fb,false,true,chirps_v3_final_monthly_big_june_2026_fixed_boundary_v1,,spatial_frame=fixed_current_boundary_june_2026; historical_boundary_continuity=false; months_complete=12; min_valid_area_fraction=1.00000000; mean_valid_area_fraction=1.00000000; source_product=CHIRPS v3 Final monthly; geometry_source=BIG BATAS_KABKOTA_AR; geometry_source_edition=Juni 2026; observed_station_equivalence=false; comparability_scope=within_CHIRPS_v3_Final_fixed_current_boundary_frame; independent_station_validation=pending
chirpsobs_19d364cc67617231b894534d,annual_rainfall,idn.13.1306,2004-01-01,2004-12-31,annual,3726.304721,millimetres,model_estimate,chirpsprov_96a561b0500081f35c2a6aff,false,true,chirps_v3_final_monthly_big_june_2026_fixed_boundary_v1,,spatial_frame=fixed_current_boundary_june_2026; historical_boundary_continuity=false; months_complete=12; min_valid_area_fraction=0.99993254; mean_valid_area_fraction=0.99993254; source_product=CHIRPS v3 Final monthly; geometry_source=BIG BATAS_KABKOTA_AR; geometry_source_edition=Juni 2026; observed_station_equivalence=false; comparability_scope=within_CHIRPS_v3_Final_fixed_current_boundary_frame; independent_station_validation=pending
chirpsobs_1a1d864281d5dd3aa7b762cb,annual_rainfall,idn.13.1308,2006-01-01,2006-12-31,annual,2329.425617,millimetres,model_estimate,chirpsprov_33c1360517abf4405894a6a4,false,true,chirps_v3_final_monthly_big_june_2026_fixed_boundary_v1,,spatial_frame=fixed_current_boundary_june_2026; historical_boundary_continuity=false; months_complete=12; min_valid_area_fraction=1.00000000; mean_valid_area_fraction=1.00000000; source_product=CHIRPS v3 Final monthly; geometry_source=BIG BATAS_KABKOTA_AR; geometry_source_edition=Juni 2026; observed_station_equivalence=false; comparability_scope=within_CHIRPS_v3_Final_fixed_current_boundary_frame; independent_station_validation=pending
chirpsobs_1a7bdbdd47e6dee70b576f39,annual_rainfall,idn.13.1308,1993-01-01,1993-12-31,annual,2245.123754,millimetres,model_estimate,chirpsprov_0b1431dfbfc76cd87c567ea3,false,true,chirps_v3_final_monthly_big_june_2026_fixed_boundary_v1,,spatial_frame=fixed_current_boundary_june_2026; historical_boundary_continuity=false; months_complete=12; min_valid_area_fraction=1.00000000; mean_valid_area_fraction=1.00000000; source_product=CHIRPS v3 Final monthly; geometry_source=BIG BATAS_KABKOTA_AR; geometry_source_edition=Juni 2026; observed_station_equivalence=false; comparability_scope=within_CHIRPS_v3_Final_fixed_current_boundary_frame; independent_station_validation=pending
chirpsobs_1b3b3d40515e947d97f5b4ee,annual_rainfall,idn.13.1306,2021-01-01,2021-12-31,annual,4501.844729,millimetres,model_estimate,chirpsprov_46837b82c19c621130eb5220,false,true,chirps_v3_final_monthly_big_june_2026_fixed_boundary_v1,,spatial_frame=fixed_current_boundary_june_2026; historical_boundary_continuity=false; months_complete=12; min_valid_area_fraction=0.99993254; mean_valid_area_fraction=0.99993254; source_product=CHIRPS v3 Final monthly; geometry_source=BIG BATAS_KABKOTA_AR; geometry_source_edition=Juni 2026; observed_station_equivalence=false; comparability_scope=within_CHIRPS_v3_Final_fixed_current_boundary_frame; independent_station_validation=pending
chirpsobs_1bb43062be72b6491ee18b57,annual_rainfall,idn.13.1308,2021-01-01,2021-12-31,annual,2740.063992,millimetres,model_estimate,chirpsprov_46837b82c19c621130eb5220,false,true,chirps_v3_final_monthly_big_june_2026_fixed_boundary_v1,,spatial_frame=fixed_current_boundary_june_2026; historical_boundary_continuity=false; months_complete=12; min_valid_area_fraction=1.00000000; mean_valid_area_fraction=1.00000000; source_product=CHIRPS v3 Final monthly; geometry_source=BIG BATAS_KABKOTA_AR; geometry_source_edition=Juni 2026; observed_station_equivalence=false; comparability_scope=within_CHIRPS_v3_Final_fixed_current_boundary_frame; independent_station_validation=pending
chirpsobs_1bcd5129662ecbdc604c03cb,annual_rainfall,idn.13.1374,1985-01-01,1985-12-31,annual,2612.546439,millimetres,model_estimate,chirpsprov_245a0c829b03c3b0747fd994,false,true,chirps_v3_final_monthly_big_june_2026_fixed_boundary_v1,,spatial_frame=fixed_current_boundary_june_2026; historical_boundary_continuity=false; months_complete=12; min_valid_area_fraction=1.00000000; mean_valid_area_fraction=1.00000000; source_product=CHIRPS v3 Final monthly; geometry_source=BIG BATAS_KABKOTA_AR; geometry_source_edition=Juni 2026; observed_station_equivalence=false; comparability_scope=within_CHIRPS_v3_Final_fixed_current_boundary_frame; independent_station_validation=pending
chirpsobs_1bcde94974ca10979a2172c6,annual_rainfall,idn.13.1302,2023-01-01,2023-12-31,annual,2705.082515,millimetres,model_estimate,chirpsprov_6f7cb8097bed96485afd3cd3,false,true,chirps_v3_final_monthly_big_june_2026_fixed_boundary_v1,,spatial_frame=fixed_current_boundary_june_2026; historical_boundary_continuity=false; months_complete=12; min_valid_area_fraction=0.99990289; mean_valid_area_fraction=0.99990289; source_product=CHIRPS v3 Final monthly; geometry_source=BIG BATAS_KABKOTA_AR; geometry_source_edition=Juni 2026; observed_station_equivalence=false; comparability_scope=within_CHIRPS_v3_Final_fixed_current_boundary_frame; independent_station_validation=pending
chirpsobs_1bd14c75a93301401b6c0b42,annual_rainfall,idn.13.1309,2015-01-01,2015-12-31,annual,2768.034370,millimetres,model_estimate,chirpsprov_b12d5727b3360f9d0d1cfcbb,false,true,chirps_v3_final_monthly_big_june_2026_fixed_boundary_v1,,spatial_frame=fixed_current_boundary_june_2026; historical_boundary_continuity=false; months_complete=12; min_valid_area_fraction=1.00000000; mean_valid_area_fraction=1.00000000; source_product=CHIRPS v3 Final monthly; geometry_source=BIG BATAS_KABKOTA_AR; geometry_source_edition=Juni 2026; observed_station_equivalence=false; comparability_scope=within_CHIRPS_v3_Final_fixed_current_boundary_frame; independent_station_validation=pending
chirpsobs_1c007310831d5e14ce730e9a,annual_rainfall,idn.13.1304,2005-01-01,2005-12-31,annual,2999.041991,millimetres,model_estimate,chirpsprov_7d3a32c4624fac5599297aae,false,true,chirps_v3_final_monthly_big_june_2026_fixed_boundary_v1,,spatial_frame=fixed_current_boundary_june_2026; historical_boundary_continuity=false; months_complete=12; min_valid_area_fraction=1.00000000; mean_valid_area_fraction=1.00000000; source_product=CHIRPS v3 Final monthly; geometry_source=BIG BATAS_KABKOTA_AR; geometry_source_edition=Juni 2026; observed_station_equivalence=false; comparability_scope=within_CHIRPS_v3_Final_fixed_current_boundary_frame; independent_station_validation=pending
chirpsobs_1cfafda2694d56dd4d84b0ca,annual_rainfall,idn.13.1307,1983-01-01,1983-12-31,annual,2671.561036,millimetres,model_estimate,chirpsprov_5887a41b20f86613f9be9d94,false,true,chirps_v3_final_monthly_big_june_2026_fixed_boundary_v1,,spatial_frame=fixed_current_boundary_june_2026; historical_boundary_continuity=false; months_complete=12; min_valid_area_fraction=1.00000000; mean_valid_area_fraction=1.00000000; source_product=CHIRPS v3 Final monthly; geometry_source=BIG BATAS_KABKOTA_AR; geometry_source_edition=Juni 2026; observed_station_equivalence=false; comparability_scope=within_CHIRPS_v3_Final_fixed_current_boundary_frame; independent_station_validation=pending
chirpsobs_1da442f78b6191ab2b6f29ac,annual_rainfall,idn.13.1307,1999-01-01,1999-12-31,annual,3465.358920,millimetres,model_estimate,chirpsprov_8c3023760d15fbc35862fcc4,false,true,chirps_v3_final_monthly_big_june_2026_fixed_boundary_v1,,spatial_frame=fixed_current_boundary_june_2026; historical_boundary_continuity=false; months_complete=12; min_valid_area_fraction=1.00000000; mean_valid_area_fraction=1.00000000; source_product=CHIRPS v3 Final monthly; geometry_source=BIG BATAS_KABKOTA_AR; geometry_source_edition=Juni 2026; observed_station_equivalence=false; comparability_scope=within_CHIRPS_v3_Final_fixed_current_boundary_frame; independent_station_validation=pending
chirpsobs_1dd66fd944dd07f61231dc8e,annual_rainfall,idn.13.1307,2020-01-01,2020-12-31,annual,2943.171289,millimetres,model_estimate,chirpsprov_869749660f299278b4209870,false,true,chirps_v3_final_monthly_big_june_2026_fixed_boundary_v1,,spatial_frame=fixed_current_boundary_june_2026; historical_boundary_continuity=false; months_complete=12; min_valid_area_fraction=1.00000000; mean_valid_area_fraction=1.00000000; source_product=CHIRPS v3 Final monthly; geometry_source=BIG BATAS_KABKOTA_AR; geometry_source_edition=Juni 2026; observed_station_equivalence=false; comparability_scope=within_CHIRPS_v3_Final_fixed_current_boundary_frame; independent_station_validation=pending
chirpsobs_1dfbb5041c7718da9d5bd5e3,annual_rainfall,idn.13.1309,2022-01-01,2022-12-31,annual,3965.730773,millimetres,model_estimate,chirpsprov_3aa2018ec0576428d71e18bf,false,true,chirps_v3_final_monthly_big_june_2026_fixed_boundary_v1,,spatial_frame=fixed_current_boundary_june_2026; historical_boundary_continuity=false; months_complete=12; min_valid_area_fraction=1.00000000; mean_valid_area_fraction=1.00000000; source_product=CHIRPS v3 Final monthly; geometry_source=BIG BATAS_KABKOTA_AR; geometry_source_edition=Juni 2026; observed_station_equivalence=false; comparability_scope=within_CHIRPS_v3_Final_fixed_current_boundary_frame; independent_station_validation=pending
chirpsobs_1e6b91c31dede65877e52f7e,annual_rainfall,idn.13.1303,1984-01-01,1984-12-31,annual,3550.036899,millimetres,model_estimate,chirpsprov_105560bf68b24142847709fb,false,true,chirps_v3_final_monthly_big_june_2026_fixed_boundary_v1,,spatial_frame=fixed_current_boundary_june_2026; historical_boundary_continuity=false; months_complete=12; min_valid_area_fraction=1.00000000; mean_valid_area_fraction=1.00000000; source_product=CHIRPS v3 Final monthly; geometry_source=BIG BATAS_KABKOTA_AR; geometry_source_edition=Juni 2026; observed_station_equivalence=false; comparability_scope=within_CHIRPS_v3_Final_fixed_current_boundary_frame; independent_station_validation=pending
chirpsobs_1fcc95cc6b48c4766f5923e5,annual_rainfall,idn.13.1309,1991-01-01,1991-12-31,annual,3304.686758,millimetres,model_estimate,chirpsprov_6a2c532764a205347fffab60,false,true,chirps_v3_final_monthly_big_june_2026_fixed_boundary_v1,,spatial_frame=fixed_current_boundary_june_2026; historical_boundary_continuity=false; months_complete=12; min_valid_area_fraction=1.00000000; mean_valid_area_fraction=1.00000000; source_product=CHIRPS v3 Final monthly; geometry_source=BIG BATAS_KABKOTA_AR; geometry_source_edition=Juni 2026; observed_station_equivalence=false; comparability_scope=within_CHIRPS_v3_Final_fixed_current_boundary_frame; independent_station_validation=pending
chirpsobs_2018b145097eaf1330fd7180,annual_rainfall,idn.13.1311,1986-01-01,1986-12-31,annual,3670.088689,millimetres,model_estimate,chirpsprov_6c1e56941bc5b402ba2b4cbf,false,true,chirps_v3_final_monthly_big_june_2026_fixed_boundary_v1,,spatial_frame=fixed_current_boundary_june_2026; historical_boundary_continuity=false; months_complete=12; min_valid_area_fraction=1.00000000; mean_valid_area_fraction=1.00000000; source_product=CHIRPS v3 Final monthly; geometry_source=BIG BATAS_KABKOTA_AR; geometry_source_edition=Juni 2026; observed_station_equivalence=false; comparability_scope=within_CHIRPS_v3_Final_fixed_current_boundary_frame; independent_station_validation=pending
chirpsobs_2041520f766a2feaef699cc9,annual_rainfall,idn.13.1306,2025-01-01,2025-12-31,annual,4263.056625,millimetres,model_estimate,chirpsprov_895a16cb21d7cc63ddc0f299,false,true,chirps_v3_final_monthly_big_june_2026_fixed_boundary_v1,,spatial_frame=fixed_current_boundary_june_2026; historical_boundary_continuity=false; months_complete=12; min_valid_area_fraction=0.99993254; mean_valid_area_fraction=0.99993254; source_product=CHIRPS v3 Final monthly; geometry_source=BIG BATAS_KABKOTA_AR; geometry_source_edition=Juni 2026; observed_station_equivalence=false; comparability_scope=within_CHIRPS_v3_Final_fixed_current_boundary_frame; independent_station_validation=pending
chirpsobs_204ceed2390db6afe7be7fa2,annual_rainfall,idn.13.1305,1989-01-01,1989-12-31,annual,2433.175147,millimetres,model_estimate,chirpsprov_dce3ffaedc1a899d204a1612,false,true,chirps_v3_final_monthly_big_june_2026_fixed_boundary_v1,,spatial_frame=fixed_current_boundary_june_2026; historical_boundary_continuity=false; months_complete=12; min_valid_area_fraction=1.00000000; mean_valid_area_fraction=1.00000000; source_product=CHIRPS v3 Final monthly; geometry_source=BIG BATAS_KABKOTA_AR; geometry_source_edition=Juni 2026; observed_station_equivalence=false; comparability_scope=within_CHIRPS_v3_Final_fixed_current_boundary_frame; independent_station_validation=pending
chirpsobs_20b84c52f60fc93a892fab62,annual_rainfall,idn.13.1301,1985-01-01,1985-12-31,annual,3538.939670,millimetres,model_estimate,chirpsprov_245a0c829b03c3b0747fd994,false,true,chirps_v3_final_monthly_big_june_2026_fixed_boundary_v1,,spatial_frame=fixed_current_boundary_june_2026; historical_boundary_continuity=false; months_complete=12; min_valid_area_fraction=0.99877921; mean_valid_area_fraction=0.99877921; source_product=CHIRPS v3 Final monthly; geometry_source=BIG BATAS_KABKOTA_AR; geometry_source_edition=Juni 2026; observed_station_equivalence=false; comparability_scope=within_CHIRPS_v3_Final_fixed_current_boundary_frame; independent_station_validation=pending
chirpsobs_2178143100c7b69453643dcd,annual_rainfall,idn.13.1310,2023-01-01,2023-12-31,annual,2800.576874,millimetres,model_estimate,chirpsprov_6f7cb8097bed96485afd3cd3,false,true,chirps_v3_final_monthly_big_june_2026_fixed_boundary_v1,,spatial_frame=fixed_current_boundary_june_2026; historical_boundary_continuity=false; months_complete=12; min_valid_area_fraction=1.00000000; mean_valid_area_fraction=1.00000000; source_product=CHIRPS v3 Final monthly; geometry_source=BIG BATAS_KABKOTA_AR; geometry_source_edition=Juni 2026; observed_station_equivalence=false; comparability_scope=within_CHIRPS_v3_Final_fixed_current_boundary_frame; independent_station_validation=pending
chirpsobs_21b7807f0a991eedaa49db88,annual_rainfall,idn.13.1310,1996-01-01,1996-12-31,annual,2358.073710,millimetres,model_estimate,chirpsprov_864915f0694d4a2f8d62d710,false,true,chirps_v3_final_monthly_big_june_2026_fixed_boundary_v1,,spatial_frame=fixed_current_boundary_june_2026; historical_boundary_continuity=false; months_complete=12; min_valid_area_fraction=1.00000000; mean_valid_area_fraction=1.00000000; source_product=CHIRPS v3 Final monthly; geometry_source=BIG BATAS_KABKOTA_AR; geometry_source_edition=Juni 2026; observed_station_equivalence=false; comparability_scope=within_CHIRPS_v3_Final_fixed_current_boundary_frame; independent_station_validation=pending
chirpsobs_21b98bf6e3f559e89c082127,annual_rainfall,idn.13.1371,2007-01-01,2007-12-31,annual,4050.679446,millimetres,model_estimate,chirpsprov_d583a73735d084b8b2496aa8,false,true,chirps_v3_final_monthly_big_june_2026_fixed_boundary_v1,,spatial_frame=fixed_current_boundary_june_2026; historical_boundary_continuity=false; months_complete=12; min_valid_area_fraction=0.99912533; mean_valid_area_fraction=0.99912533; source_product=CHIRPS v3 Final monthly; geometry_source=BIG BATAS_KABKOTA_AR; geometry_source_edition=Juni 2026; observed_station_equivalence=false; comparability_scope=within_CHIRPS_v3_Final_fixed_current_boundary_frame; independent_station_validation=pending
chirpsobs_226c5fa243af1027644c98e5,annual_rainfall,idn.13.1303,1995-01-01,1995-12-31,annual,2611.422609,millimetres,model_estimate,chirpsprov_9ff2f7a1dfcae20618823751,false,true,chirps_v3_final_monthly_big_june_2026_fixed_boundary_v1,,spatial_frame=fixed_current_boundary_june_2026; historical_boundary_continuity=false; months_complete=12; min_valid_area_fraction=1.00000000; mean_valid_area_fraction=1.00000000; source_product=CHIRPS v3 Final monthly; geometry_source=BIG BATAS_KABKOTA_AR; geometry_source_edition=Juni 2026; observed_station_equivalence=false; comparability_scope=within_CHIRPS_v3_Final_fixed_current_boundary_frame; independent_station_validation=pending
chirpsobs_22b42958cfe0665a495640b8,annual_rainfall,idn.13.1304,2006-01-01,2006-12-31,annual,2460.901932,millimetres,model_estimate,chirpsprov_33c1360517abf4405894a6a4,false,true,chirps_v3_final_monthly_big_june_2026_fixed_boundary_v1,,spatial_frame=fixed_current_boundary_june_2026; historical_boundary_continuity=false; months_complete=12; min_valid_area_fraction=1.00000000; mean_valid_area_fraction=1.00000000; source_product=CHIRPS v3 Final monthly; geometry_source=BIG BATAS_KABKOTA_AR; geometry_source_edition=Juni 2026; observed_station_equivalence=false; comparability_scope=within_CHIRPS_v3_Final_fixed_current_boundary_frame; independent_station_validation=pending
chirpsobs_22eb2c49b94ee756cdaad297,annual_rainfall,idn.13.1304,1996-01-01,1996-12-31,annual,2410.949740,millimetres,model_estimate,chirpsprov_864915f0694d4a2f8d62d710,false,true,chirps_v3_final_monthly_big_june_2026_fixed_boundary_v1,,spatial_frame=fixed_current_boundary_june_2026; historical_boundary_continuity=false; months_complete=12; min_valid_area_fraction=1.00000000; mean_valid_area_fraction=1.00000000; source_product=CHIRPS v3 Final monthly; geometry_source=BIG BATAS_KABKOTA_AR; geometry_source_edition=Juni 2026; observed_station_equivalence=false; comparability_scope=within_CHIRPS_v3_Final_fixed_current_boundary_frame; independent_station_validation=pending
chirpsobs_23a2024dd79f9239d98a6bee,annual_rainfall,idn.13.1306,2017-01-01,2017-12-31,annual,4305.696030,millimetres,model_estimate,chirpsprov_dccafa903dab232b9aad0bd5,false,true,chirps_v3_final_monthly_big_june_2026_fixed_boundary_v1,,spatial_frame=fixed_current_boundary_june_2026; historical_boundary_continuity=false; months_complete=12; min_valid_area_fraction=0.99993254; mean_valid_area_fraction=0.99993254; source_product=CHIRPS v3 Final monthly; geometry_source=BIG BATAS_KABKOTA_AR; geometry_source_edition=Juni 2026; observed_station_equivalence=false; comparability_scope=within_CHIRPS_v3_Final_fixed_current_boundary_frame; independent_station_validation=pending
chirpsobs_23e1470b1ae0735ead10cef9,annual_rainfall,idn.13.1375,2008-01-01,2008-12-31,annual,2413.486217,millimetres,model_estimate,chirpsprov_ed07e8adb20331297fea22e4,false,true,chirps_v3_final_monthly_big_june_2026_fixed_boundary_v1,,spatial_frame=fixed_current_boundary_june_2026; historical_boundary_continuity=false; months_complete=12; min_valid_area_fraction=1.00000000; mean_valid_area_fraction=1.00000000; source_product=CHIRPS v3 Final monthly; geometry_source=BIG BATAS_KABKOTA_AR; geometry_source_edition=Juni 2026; observed_station_equivalence=false; comparability_scope=within_CHIRPS_v3_Final_fixed_current_boundary_frame; independent_station_validation=pending
chirpsobs_24952487cb15d6045616eb89,annual_rainfall,idn.13.1304,2003-01-01,2003-12-31,annual,3182.831183,millimetres,model_estimate,chirpsprov_2b5773cbf1c57eb413def781,false,true,chirps_v3_final_monthly_big_june_2026_fixed_boundary_v1,,spatial_frame=fixed_current_boundary_june_2026; historical_boundary_continuity=false; months_complete=12; min_valid_area_fraction=1.00000000; mean_valid_area_fraction=1.00000000; source_product=CHIRPS v3 Final monthly; geometry_source=BIG BATAS_KABKOTA_AR; geometry_source_edition=Juni 2026; observed_station_equivalence=false; comparability_scope=within_CHIRPS_v3_Final_fixed_current_boundary_frame; independent_station_validation=pending
chirpsobs_252724bcb9777a25cbaac92c,annual_rainfall,idn.13.1374,1990-01-01,1990-12-31,annual,2630.542827,millimetres,model_estimate,chirpsprov_8a1debf06ff2601da517ede7,false,true,chirps_v3_final_monthly_big_june_2026_fixed_boundary_v1,,spatial_frame=fixed_current_boundary_june_2026; historical_boundary_continuity=false; months_complete=12; min_valid_area_fraction=1.00000000; mean_valid_area_fraction=1.00000000; source_product=CHIRPS v3 Final monthly; geometry_source=BIG BATAS_KABKOTA_AR; geometry_source_edition=Juni 2026; observed_station_equivalence=false; comparability_scope=within_CHIRPS_v3_Final_fixed_current_boundary_frame; independent_station_validation=pending
chirpsobs_2528284b26c0df527db56e63,annual_rainfall,idn.13.1306,1991-01-01,1991-12-31,annual,3872.829161,millimetres,model_estimate,chirpsprov_6a2c532764a205347fffab60,false,true,chirps_v3_final_monthly_big_june_2026_fixed_boundary_v1,,spatial_frame=fixed_current_boundary_june_2026; historical_boundary_continuity=false; months_complete=12; min_valid_area_fraction=0.99993254; mean_valid_area_fraction=0.99993254; source_product=CHIRPS v3 Final monthly; geometry_source=BIG BATAS_KABKOTA_AR; geometry_source_edition=Juni 2026; observed_station_equivalence=false; comparability_scope=within_CHIRPS_v3_Final_fixed_current_boundary_frame; independent_station_validation=pending
chirpsobs_259fae798c0cfb8fc4200a6a,annual_rainfall,idn.13.1303,1997-01-01,1997-12-31,annual,1278.792362,millimetres,model_estimate,chirpsprov_549fb51b47f3004dd71af8d7,false,true,chirps_v3_final_monthly_big_june_2026_fixed_boundary_v1,,spatial_frame=fixed_current_boundary_june_2026; historical_boundary_continuity=false; months_complete=12; min_valid_area_fraction=1.00000000; mean_valid_area_fraction=1.00000000; source_product=CHIRPS v3 Final monthly; geometry_source=BIG BATAS_KABKOTA_AR; geometry_source_edition=Juni 2026; observed_station_equivalence=false; comparability_scope=within_CHIRPS_v3_Final_fixed_current_boundary_frame; independent_station_validation=pending
chirpsobs_2625e1ff4a54838038fbf498,annual_rainfall,idn.13.1311,1996-01-01,1996-12-31,annual,2658.288410,millimetres,model_estimate,chirpsprov_864915f0694d4a2f8d62d710,false,true,chirps_v3_final_monthly_big_june_2026_fixed_boundary_v1,,spatial_frame=fixed_current_boundary_june_2026; historical_boundary_continuity=false; months_complete=12; min_valid_area_fraction=1.00000000; mean_valid_area_fraction=1.00000000; source_product=CHIRPS v3 Final monthly; geometry_source=BIG BATAS_KABKOTA_AR; geometry_source_edition=Juni 2026; observed_station_equivalence=false; comparability_scope=within_CHIRPS_v3_Final_fixed_current_boundary_frame; independent_station_validation=pending
chirpsobs_26755cddea086983a76035e9,annual_rainfall,idn.13.1304,2014-01-01,2014-12-31,annual,2604.436585,millimetres,model_estimate,chirpsprov_b4a99eb15560b1d88e757010,false,true,chirps_v3_final_monthly_big_june_2026_fixed_boundary_v1,,spatial_frame=fixed_current_boundary_june_2026; historical_boundary_continuity=false; months_complete=12; min_valid_area_fraction=1.00000000; mean_valid_area_fraction=1.00000000; source_product=CHIRPS v3 Final monthly; geometry_source=BIG BATAS_KABKOTA_AR; geometry_source_edition=Juni 2026; observed_station_equivalence=false; comparability_scope=within_CHIRPS_v3_Final_fixed_current_boundary_frame; independent_station_validation=pending
chirpsobs_2724b70518a9417ada223819,annual_rainfall,idn.13.1372,1994-01-01,1994-12-31,annual,1508.607240,millimetres,model_estimate,chirpsprov_1ad925e050f99158259f45a8,false,true,chirps_v3_final_monthly_big_june_2026_fixed_boundary_v1,,spatial_frame=fixed_current_boundary_june_2026; historical_boundary_continuity=false; months_complete=12; min_valid_area_fraction=1.00000000; mean_valid_area_fraction=1.00000000; source_product=CHIRPS v3 Final monthly; geometry_source=BIG BATAS_KABKOTA_AR; geometry_source_edition=Juni 2026; observed_station_equivalence=false; comparability_scope=within_CHIRPS_v3_Final_fixed_current_boundary_frame; independent_station_validation=pending
chirpsobs_2730df6b32720d246f9c22c1,annual_rainfall,idn.13.1302,2009-01-01,2009-12-31,annual,2687.377472,millimetres,model_estimate,chirpsprov_abb2dd60088714756570bb9f,false,true,chirps_v3_final_monthly_big_june_2026_fixed_boundary_v1,,spatial_frame=fixed_current_boundary_june_2026; historical_boundary_continuity=false; months_complete=12; min_valid_area_fraction=0.99990289; mean_valid_area_fraction=0.99990289; source_product=CHIRPS v3 Final monthly; geometry_source=BIG BATAS_KABKOTA_AR; geometry_source_edition=Juni 2026; observed_station_equivalence=false; comparability_scope=within_CHIRPS_v3_Final_fixed_current_boundary_frame; independent_station_validation=pending
chirpsobs_27572d91049bc129e4d1b3af,annual_rainfall,idn.13.1303,1988-01-01,1988-12-31,annual,2876.390110,millimetres,model_estimate,chirpsprov_9bfc6526f1c0b90065fc7c93,false,true,chirps_v3_final_monthly_big_june_2026_fixed_boundary_v1,,spatial_frame=fixed_current_boundary_june_2026; historical_boundary_continuity=false; months_complete=12; min_valid_area_fraction=1.00000000; mean_valid_area_fraction=1.00000000; source_product=CHIRPS v3 Final monthly; geometry_source=BIG BATAS_KABKOTA_AR; geometry_source_edition=Juni 2026; observed_station_equivalence=false; comparability_scope=within_CHIRPS_v3_Final_fixed_current_boundary_frame; independent_station_validation=pending
chirpsobs_2877ed65f2289c514979be72,annual_rainfall,idn.13.1376,2016-01-01,2016-12-31,annual,2470.731357,millimetres,model_estimate,chirpsprov_bdfc0cb4713e768353b0af59,false,true,chirps_v3_final_monthly_big_june_2026_fixed_boundary_v1,,spatial_frame=fixed_current_boundary_june_2026; historical_boundary_continuity=false; months_complete=12; min_valid_area_fraction=1.00000000; mean_valid_area_fraction=1.00000000; source_product=CHIRPS v3 Final monthly; geometry_source=BIG BATAS_KABKOTA_AR; geometry_source_edition=Juni 2026; observed_station_equivalence=false; comparability_scope=within_CHIRPS_v3_Final_fixed_current_boundary_frame; independent_station_validation=pending
chirpsobs_28bfc3a1c01ee72ce6eab2b2,annual_rainfall,idn.13.1304,2018-01-01,2018-12-31,annual,2859.438849,millimetres,model_estimate,chirpsprov_c8030a113fbc38a4dd14a894,false,true,chirps_v3_final_monthly_big_june_2026_fixed_boundary_v1,,spatial_frame=fixed_current_boundary_june_2026; historical_boundary_continuity=false; months_complete=12; min_valid_area_fraction=1.00000000; mean_valid_area_fraction=1.00000000; source_product=CHIRPS v3 Final monthly; geometry_source=BIG BATAS_KABKOTA_AR; geometry_source_edition=Juni 2026; observed_station_equivalence=false; comparability_scope=within_CHIRPS_v3_Final_fixed_current_boundary_frame; independent_station_validation=pending
chirpsobs_29031cd5cdac51c3d42efaf9,annual_rainfall,idn.13.1372,1990-01-01,1990-12-31,annual,2622.284012,millimetres,model_estimate,chirpsprov_8a1debf06ff2601da517ede7,false,true,chirps_v3_final_monthly_big_june_2026_fixed_boundary_v1,,spatial_frame=fixed_current_boundary_june_2026; historical_boundary_continuity=false; months_complete=12; min_valid_area_fraction=1.00000000; mean_valid_area_fraction=1.00000000; source_product=CHIRPS v3 Final monthly; geometry_source=BIG BATAS_KABKOTA_AR; geometry_source_edition=Juni 2026; observed_station_equivalence=false; comparability_scope=within_CHIRPS_v3_Final_fixed_current_boundary_frame; independent_station_validation=pending
chirpsobs_2906ce5b5b923d758577f7c0,annual_rainfall,idn.13.1306,1997-01-01,1997-12-31,annual,1679.393271,millimetres,model_estimate,chirpsprov_549fb51b47f3004dd71af8d7,false,true,chirps_v3_final_monthly_big_june_2026_fixed_boundary_v1,,spatial_frame=fixed_current_boundary_june_2026; historical_boundary_continuity=false; months_complete=12; min_valid_area_fraction=0.99993254; mean_valid_area_fraction=0.99993254; source_product=CHIRPS v3 Final monthly; geometry_source=BIG BATAS_KABKOTA_AR; geometry_source_edition=Juni 2026; observed_station_equivalence=false; comparability_scope=within_CHIRPS_v3_Final_fixed_current_boundary_frame; independent_station_validation=pending
chirpsobs_29188b985ef801cd9baed890,annual_rainfall,idn.13.1310,1986-01-01,1986-12-31,annual,3400.378463,millimetres,model_estimate,chirpsprov_6c1e56941bc5b402ba2b4cbf,false,true,chirps_v3_final_monthly_big_june_2026_fixed_boundary_v1,,spatial_frame=fixed_current_boundary_june_2026; historical_boundary_continuity=false; months_complete=12; min_valid_area_fraction=1.00000000; mean_valid_area_fraction=1.00000000; source_product=CHIRPS v3 Final monthly; geometry_source=BIG BATAS_KABKOTA_AR; geometry_source_edition=Juni 2026; observed_station_equivalence=false; comparability_scope=within_CHIRPS_v3_Final_fixed_current_boundary_frame; independent_station_validation=pending
chirpsobs_293e6057e360fdf43a3ba75f,annual_rainfall,idn.13.1371,2006-01-01,2006-12-31,annual,3086.677983,millimetres,model_estimate,chirpsprov_33c1360517abf4405894a6a4,false,true,chirps_v3_final_monthly_big_june_2026_fixed_boundary_v1,,spatial_frame=fixed_current_boundary_june_2026; historical_boundary_continuity=false; months_complete=12; min_valid_area_fraction=0.99912533; mean_valid_area_fraction=0.99912533; source_product=CHIRPS v3 Final monthly; geometry_source=BIG BATAS_KABKOTA_AR; geometry_source_edition=Juni 2026; observed_station_equivalence=false; comparability_scope=within_CHIRPS_v3_Final_fixed_current_boundary_frame; independent_station_validation=pending
chirpsobs_29f65ecef3dc5f32de0f5dac,annual_rainfall,idn.13.1307,1985-01-01,1985-12-31,annual,2819.269317,millimetres,model_estimate,chirpsprov_245a0c829b03c3b0747fd994,false,true,chirps_v3_final_monthly_big_june_2026_fixed_boundary_v1,,spatial_frame=fixed_current_boundary_june_2026; historical_boundary_continuity=false; months_complete=12; min_valid_area_fraction=1.00000000; mean_valid_area_fraction=1.00000000; source_product=CHIRPS v3 Final monthly; geometry_source=BIG BATAS_KABKOTA_AR; geometry_source_edition=Juni 2026; observed_station_equivalence=false; comparability_scope=within_CHIRPS_v3_Final_fixed_current_boundary_frame; independent_station_validation=pending
chirpsobs_2a1c61a7d38df3ae76fe3cac,annual_rainfall,idn.13.1312,1999-01-01,1999-12-31,annual,4322.572500,millimetres,model_estimate,chirpsprov_8c3023760d15fbc35862fcc4,false,true,chirps_v3_final_monthly_big_june_2026_fixed_boundary_v1,,spatial_frame=fixed_current_boundary_june_2026; historical_boundary_continuity=false; months_complete=12; min_valid_area_fraction=1.00000000; mean_valid_area_fraction=1.00000000; source_product=CHIRPS v3 Final monthly; geometry_source=BIG BATAS_KABKOTA_AR; geometry_source_edition=Juni 2026; observed_station_equivalence=false; comparability_scope=within_CHIRPS_v3_Final_fixed_current_boundary_frame; independent_station_validation=pending
chirpsobs_2a1f326115c45e7651c05313,annual_rainfall,idn.13.1304,2009-01-01,2009-12-31,annual,2894.793768,millimetres,model_estimate,chirpsprov_abb2dd60088714756570bb9f,false,true,chirps_v3_final_monthly_big_june_2026_fixed_boundary_v1,,spatial_frame=fixed_current_boundary_june_2026; historical_boundary_continuity=false; months_complete=12; min_valid_area_fraction=1.00000000; mean_valid_area_fraction=1.00000000; source_product=CHIRPS v3 Final monthly; geometry_source=BIG BATAS_KABKOTA_AR; geometry_source_edition=Juni 2026; observed_station_equivalence=false; comparability_scope=within_CHIRPS_v3_Final_fixed_current_boundary_frame; independent_station_validation=pending
chirpsobs_2a9e5a630877d0f80b9fb8cf,annual_rainfall,idn.13.1302,2003-01-01,2003-12-31,annual,3079.191229,millimetres,model_estimate,chirpsprov_2b5773cbf1c57eb413def781,false,true,chirps_v3_final_monthly_big_june_2026_fixed_boundary_v1,,spatial_frame=fixed_current_boundary_june_2026; historical_boundary_continuity=false; months_complete=12; min_valid_area_fraction=0.99990289; mean_valid_area_fraction=0.99990289; source_product=CHIRPS v3 Final monthly; geometry_source=BIG BATAS_KABKOTA_AR; geometry_source_edition=Juni 2026; observed_station_equivalence=false; comparability_scope=within_CHIRPS_v3_Final_fixed_current_boundary_frame; independent_station_validation=pending
chirpsobs_2adfb1b90b55403bcb6c6957,annual_rainfall,idn.13.1372,1982-01-01,1982-12-31,annual,2180.453534,millimetres,model_estimate,chirpsprov_d76928f82e8715e9e28c66e3,false,true,chirps_v3_final_monthly_big_june_2026_fixed_boundary_v1,,spatial_frame=fixed_current_boundary_june_2026; historical_boundary_continuity=false; months_complete=12; min_valid_area_fraction=1.00000000; mean_valid_area_fraction=1.00000000; source_product=CHIRPS v3 Final monthly; geometry_source=BIG BATAS_KABKOTA_AR; geometry_source_edition=Juni 2026; observed_station_equivalence=false; comparability_scope=within_CHIRPS_v3_Final_fixed_current_boundary_frame; independent_station_validation=pending
chirpsobs_2b7882d4083c4e0e799f4e7f,annual_rainfall,idn.13.1372,2007-01-01,2007-12-31,annual,3145.134382,millimetres,model_estimate,chirpsprov_d583a73735d084b8b2496aa8,false,true,chirps_v3_final_monthly_big_june_2026_fixed_boundary_v1,,spatial_frame=fixed_current_boundary_june_2026; historical_boundary_continuity=false; months_complete=12; min_valid_area_fraction=1.00000000; mean_valid_area_fraction=1.00000000; source_product=CHIRPS v3 Final monthly; geometry_source=BIG BATAS_KABKOTA_AR; geometry_source_edition=Juni 2026; observed_station_equivalence=false; comparability_scope=within_CHIRPS_v3_Final_fixed_current_boundary_frame; independent_station_validation=pending
chirpsobs_2b994021436de14c1c8144be,annual_rainfall,idn.13.1311,2008-01-01,2008-12-31,annual,3346.607827,millimetres,model_estimate,chirpsprov_ed07e8adb20331297fea22e4,false,true,chirps_v3_final_monthly_big_june_2026_fixed_boundary_v1,,spatial_frame=fixed_current_boundary_june_2026; historical_boundary_continuity=false; months_complete=12; min_valid_area_fraction=1.00000000; mean_valid_area_fraction=1.00000000; source_product=CHIRPS v3 Final monthly; geometry_source=BIG BATAS_KABKOTA_AR; geometry_source_edition=Juni 2026; observed_station_equivalence=false; comparability_scope=within_CHIRPS_v3_Final_fixed_current_boundary_frame; independent_station_validation=pending
chirpsobs_2c07424a6a4a9090259c2733,annual_rainfall,idn.13.1306,2016-01-01,2016-12-31,annual,4554.296146,millimetres,model_estimate,chirpsprov_bdfc0cb4713e768353b0af59,false,true,chirps_v3_final_monthly_big_june_2026_fixed_boundary_v1,,spatial_frame=fixed_current_boundary_june_2026; historical_boundary_continuity=false; months_complete=12; min_valid_area_fraction=0.99993254; mean_valid_area_fraction=0.99993254; source_product=CHIRPS v3 Final monthly; geometry_source=BIG BATAS_KABKOTA_AR; geometry_source_edition=Juni 2026; observed_station_equivalence=false; comparability_scope=within_CHIRPS_v3_Final_fixed_current_boundary_frame; independent_station_validation=pending
chirpsobs_2c0cae3de43bc374fb55ad45,annual_rainfall,idn.13.1306,1999-01-01,1999-12-31,annual,4789.342638,millimetres,model_estimate,chirpsprov_8c3023760d15fbc35862fcc4,false,true,chirps_v3_final_monthly_big_june_2026_fixed_boundary_v1,,spatial_frame=fixed_current_boundary_june_2026; historical_boundary_continuity=false; months_complete=12; min_valid_area_fraction=0.99993254; mean_valid_area_fraction=0.99993254; source_product=CHIRPS v3 Final monthly; geometry_source=BIG BATAS_KABKOTA_AR; geometry_source_edition=Juni 2026; observed_station_equivalence=false; comparability_scope=within_CHIRPS_v3_Final_fixed_current_boundary_frame; independent_station_validation=pending
chirpsobs_2c73eac6e8ef3698c435841e,annual_rainfall,idn.13.1375,2013-01-01,2013-12-31,annual,2484.998244,millimetres,model_estimate,chirpsprov_5b65845f0a067c46b1ff4bb4,false,true,chirps_v3_final_monthly_big_june_2026_fixed_boundary_v1,,spatial_frame=fixed_current_boundary_june_2026; historical_boundary_continuity=false; months_complete=12; min_valid_area_fraction=1.00000000; mean_valid_area_fraction=1.00000000; source_product=CHIRPS v3 Final monthly; geometry_source=BIG BATAS_KABKOTA_AR; geometry_source_edition=Juni 2026; observed_station_equivalence=false; comparability_scope=within_CHIRPS_v3_Final_fixed_current_boundary_frame; independent_station_validation=pending
chirpsobs_2ca38ee2910874c5a724fd1c,annual_rainfall,idn.13.1302,2005-01-01,2005-12-31,annual,3213.955497,millimetres,model_estimate,chirpsprov_7d3a32c4624fac5599297aae,false,true,chirps_v3_final_monthly_big_june_2026_fixed_boundary_v1,,spatial_frame=fixed_current_boundary_june_2026; historical_boundary_continuity=false; months_complete=12; min_valid_area_fraction=0.99990289; mean_valid_area_fraction=0.99990289; source_product=CHIRPS v3 Final monthly; geometry_source=BIG BATAS_KABKOTA_AR; geometry_source_edition=Juni 2026; observed_station_equivalence=false; comparability_scope=within_CHIRPS_v3_Final_fixed_current_boundary_frame; independent_station_validation=pending
chirpsobs_2d023b0902b1146a2e4c516d,annual_rainfall,idn.13.1307,1990-01-01,1990-12-31,annual,2844.922300,millimetres,model_estimate,chirpsprov_8a1debf06ff2601da517ede7,false,true,chirps_v3_final_monthly_big_june_2026_fixed_boundary_v1,,spatial_frame=fixed_current_boundary_june_2026; historical_boundary_continuity=false; months_complete=12; min_valid_area_fraction=1.00000000; mean_valid_area_fraction=1.00000000; source_product=CHIRPS v3 Final monthly; geometry_source=BIG BATAS_KABKOTA_AR; geometry_source_edition=Juni 2026; observed_station_equivalence=false; comparability_scope=within_CHIRPS_v3_Final_fixed_current_boundary_frame; independent_station_validation=pending
chirpsobs_2d1da355a9d5c11db40c5630,annual_rainfall,idn.13.1377,1996-01-01,1996-12-31,annual,3574.732254,millimetres,model_estimate,chirpsprov_864915f0694d4a2f8d62d710,false,true,chirps_v3_final_monthly_big_june_2026_fixed_boundary_v1,,spatial_frame=fixed_current_boundary_june_2026; historical_boundary_continuity=false; months_complete=12; min_valid_area_fraction=0.99901085; mean_valid_area_fraction=0.99901085; source_product=CHIRPS v3 Final monthly; geometry_source=BIG BATAS_KABKOTA_AR; geometry_source_edition=Juni 2026; observed_station_equivalence=false; comparability_scope=within_CHIRPS_v3_Final_fixed_current_boundary_frame; independent_station_validation=pending
chirpsobs_2d6e9fe83dce895c68e236a5,annual_rainfall,idn.13.1312,1983-01-01,1983-12-31,annual,3605.153521,millimetres,model_estimate,chirpsprov_5887a41b20f86613f9be9d94,false,true,chirps_v3_final_monthly_big_june_2026_fixed_boundary_v1,,spatial_frame=fixed_current_boundary_june_2026; historical_boundary_continuity=false; months_complete=12; min_valid_area_fraction=1.00000000; mean_valid_area_fraction=1.00000000; source_product=CHIRPS v3 Final monthly; geometry_source=BIG BATAS_KABKOTA_AR; geometry_source_edition=Juni 2026; observed_station_equivalence=false; comparability_scope=within_CHIRPS_v3_Final_fixed_current_boundary_frame; independent_station_validation=pending
chirpsobs_2e0df496c803d25d7051ab48,annual_rainfall,idn.13.1301,2023-01-01,2023-12-31,annual,2625.301919,millimetres,model_estimate,chirpsprov_6f7cb8097bed96485afd3cd3,false,true,chirps_v3_final_monthly_big_june_2026_fixed_boundary_v1,,spatial_frame=fixed_current_boundary_june_2026; historical_boundary_continuity=false; months_complete=12; min_valid_area_fraction=0.99877921; mean_valid_area_fraction=0.99877921; source_product=CHIRPS v3 Final monthly; geometry_source=BIG BATAS_KABKOTA_AR; geometry_source_edition=Juni 2026; observed_station_equivalence=false; comparability_scope=within_CHIRPS_v3_Final_fixed_current_boundary_frame; independent_station_validation=pending
chirpsobs_2e6d38b2af3a68487f36e66c,annual_rainfall,idn.13.1308,2025-01-01,2025-12-31,annual,3211.699359,millimetres,model_estimate,chirpsprov_895a16cb21d7cc63ddc0f299,false,true,chirps_v3_final_monthly_big_june_2026_fixed_boundary_v1,,spatial_frame=fixed_current_boundary_june_2026; historical_boundary_continuity=false; months_complete=12; min_valid_area_fraction=1.00000000; mean_valid_area_fraction=1.00000000; source_product=CHIRPS v3 Final monthly; geometry_source=BIG BATAS_KABKOTA_AR; geometry_source_edition=Juni 2026; observed_station_equivalence=false; comparability_scope=within_CHIRPS_v3_Final_fixed_current_boundary_frame; independent_station_validation=pending
chirpsobs_2e7bb36c1a2744886b50a5d2,annual_rainfall,idn.13.1308,1986-01-01,1986-12-31,annual,2787.801321,millimetres,model_estimate,chirpsprov_6c1e56941bc5b402ba2b4cbf,false,true,chirps_v3_final_monthly_big_june_2026_fixed_boundary_v1,,spatial_frame=fixed_current_boundary_june_2026; historical_boundary_continuity=false; months_complete=12; min_valid_area_fraction=1.00000000; mean_valid_area_fraction=1.00000000; source_product=CHIRPS v3 Final monthly; geometry_source=BIG BATAS_KABKOTA_AR; geometry_source_edition=Juni 2026; observed_station_equivalence=false; comparability_scope=within_CHIRPS_v3_Final_fixed_current_boundary_frame; independent_station_validation=pending
chirpsobs_2eaa9325f42f263b8f709401,annual_rainfall,idn.13.1376,2018-01-01,2018-12-31,annual,2345.409702,millimetres,model_estimate,chirpsprov_c8030a113fbc38a4dd14a894,false,true,chirps_v3_final_monthly_big_june_2026_fixed_boundary_v1,,spatial_frame=fixed_current_boundary_june_2026; historical_boundary_continuity=false; months_complete=12; min_valid_area_fraction=1.00000000; mean_valid_area_fraction=1.00000000; source_product=CHIRPS v3 Final monthly; geometry_source=BIG BATAS_KABKOTA_AR; geometry_source_edition=Juni 2026; observed_station_equivalence=false; comparability_scope=within_CHIRPS_v3_Final_fixed_current_boundary_frame; independent_station_validation=pending
chirpsobs_2ece3005963505e1336c3548,annual_rainfall,idn.13.1302,2019-01-01,2019-12-31,annual,2378.287854,millimetres,model_estimate,chirpsprov_0dbe201c4de4fc57baa56cc7,false,true,chirps_v3_final_monthly_big_june_2026_fixed_boundary_v1,,spatial_frame=fixed_current_boundary_june_2026; historical_boundary_continuity=false; months_complete=12; min_valid_area_fraction=0.99990289; mean_valid_area_fraction=0.99990289; source_product=CHIRPS v3 Final monthly; geometry_source=BIG BATAS_KABKOTA_AR; geometry_source_edition=Juni 2026; observed_station_equivalence=false; comparability_scope=within_CHIRPS_v3_Final_fixed_current_boundary_frame; independent_station_validation=pending
chirpsobs_2fba249e01c88fe2a714857d,annual_rainfall,idn.13.1375,1981-01-01,1981-12-31,annual,2271.675418,millimetres,model_estimate,chirpsprov_b1892e858b9a21df3f3835f6,false,true,chirps_v3_final_monthly_big_june_2026_fixed_boundary_v1,,spatial_frame=fixed_current_boundary_june_2026; historical_boundary_continuity=false; months_complete=12; min_valid_area_fraction=1.00000000; mean_valid_area_fraction=1.00000000; source_product=CHIRPS v3 Final monthly; geometry_source=BIG BATAS_KABKOTA_AR; geometry_source_edition=Juni 2026; observed_station_equivalence=false; comparability_scope=within_CHIRPS_v3_Final_fixed_current_boundary_frame; independent_station_validation=pending
chirpsobs_309fb0fb14ebb9e08ce3a588,annual_rainfall,idn.13.1308,2019-01-01,2019-12-31,annual,2177.441026,millimetres,model_estimate,chirpsprov_0dbe201c4de4fc57baa56cc7,false,true,chirps_v3_final_monthly_big_june_2026_fixed_boundary_v1,,spatial_frame=fixed_current_boundary_june_2026; historical_boundary_continuity=false; months_complete=12; min_valid_area_fraction=1.00000000; mean_valid_area_fraction=1.00000000; source_product=CHIRPS v3 Final monthly; geometry_source=BIG BATAS_KABKOTA_AR; geometry_source_edition=Juni 2026; observed_station_equivalence=false; comparability_scope=within_CHIRPS_v3_Final_fixed_current_boundary_frame; independent_station_validation=pending
chirpsobs_30f9584e94e52a269381692a,annual_rainfall,idn.13.1375,2011-01-01,2011-12-31,annual,2073.774883,millimetres,model_estimate,chirpsprov_f02726b2fbc31c90fe475402,false,true,chirps_v3_final_monthly_big_june_2026_fixed_boundary_v1,,spatial_frame=fixed_current_boundary_june_2026; historical_boundary_continuity=false; months_complete=12; min_valid_area_fraction=1.00000000; mean_valid_area_fraction=1.00000000; source_product=CHIRPS v3 Final monthly; geometry_source=BIG BATAS_KABKOTA_AR; geometry_source_edition=Juni 2026; observed_station_equivalence=false; comparability_scope=within_CHIRPS_v3_Final_fixed_current_boundary_frame; independent_station_validation=pending
chirpsobs_310a67de281453b5a9710ff8,annual_rainfall,idn.13.1308,1998-01-01,1998-12-31,annual,2367.921749,millimetres,model_estimate,chirpsprov_fd5c54c3ffb3d358e77e15f7,false,true,chirps_v3_final_monthly_big_june_2026_fixed_boundary_v1,,spatial_frame=fixed_current_boundary_june_2026; historical_boundary_continuity=false; months_complete=12; min_valid_area_fraction=1.00000000; mean_valid_area_fraction=1.00000000; source_product=CHIRPS v3 Final monthly; geometry_source=BIG BATAS_KABKOTA_AR; geometry_source_edition=Juni 2026; observed_station_equivalence=false; comparability_scope=within_CHIRPS_v3_Final_fixed_current_boundary_frame; independent_station_validation=pending
chirpsobs_3114ee6967fbfbf7a2c16986,annual_rainfall,idn.13.1376,2007-01-01,2007-12-31,annual,2370.035187,millimetres,model_estimate,chirpsprov_d583a73735d084b8b2496aa8,false,true,chirps_v3_final_monthly_big_june_2026_fixed_boundary_v1,,spatial_frame=fixed_current_boundary_june_2026; historical_boundary_continuity=false; months_complete=12; min_valid_area_fraction=1.00000000; mean_valid_area_fraction=1.00000000; source_product=CHIRPS v3 Final monthly; geometry_source=BIG BATAS_KABKOTA_AR; geometry_source_edition=Juni 2026; observed_station_equivalence=false; comparability_scope=within_CHIRPS_v3_Final_fixed_current_boundary_frame; independent_station_validation=pending
chirpsobs_321f3435be7999351a155b87,annual_rainfall,idn.13.1371,2003-01-01,2003-12-31,annual,4230.459156,millimetres,model_estimate,chirpsprov_2b5773cbf1c57eb413def781,false,true,chirps_v3_final_monthly_big_june_2026_fixed_boundary_v1,,spatial_frame=fixed_current_boundary_june_2026; historical_boundary_continuity=false; months_complete=12; min_valid_area_fraction=0.99912533; mean_valid_area_fraction=0.99912533; source_product=CHIRPS v3 Final monthly; geometry_source=BIG BATAS_KABKOTA_AR; geometry_source_edition=Juni 2026; observed_station_equivalence=false; comparability_scope=within_CHIRPS_v3_Final_fixed_current_boundary_frame; independent_station_validation=pending
chirpsobs_325983e934e95fe651c08eae,annual_rainfall,idn.13.1311,2016-01-01,2016-12-31,annual,3222.987479,millimetres,model_estimate,chirpsprov_bdfc0cb4713e768353b0af59,false,true,chirps_v3_final_monthly_big_june_2026_fixed_boundary_v1,,spatial_frame=fixed_current_boundary_june_2026; historical_boundary_continuity=false; months_complete=12; min_valid_area_fraction=1.00000000; mean_valid_area_fraction=1.00000000; source_product=CHIRPS v3 Final monthly; geometry_source=BIG BATAS_KABKOTA_AR; geometry_source_edition=Juni 2026; observed_station_equivalence=false; comparability_scope=within_CHIRPS_v3_Final_fixed_current_boundary_frame; independent_station_validation=pending
chirpsobs_326e43eb895d2b959b656339,annual_rainfall,idn.13.1304,2013-01-01,2013-12-31,annual,3005.509650,millimetres,model_estimate,chirpsprov_5b65845f0a067c46b1ff4bb4,false,true,chirps_v3_final_monthly_big_june_2026_fixed_boundary_v1,,spatial_frame=fixed_current_boundary_june_2026; historical_boundary_continuity=false; months_complete=12; min_valid_area_fraction=1.00000000; mean_valid_area_fraction=1.00000000; source_product=CHIRPS v3 Final monthly; geometry_source=BIG BATAS_KABKOTA_AR; geometry_source_edition=Juni 2026; observed_station_equivalence=false; comparability_scope=within_CHIRPS_v3_Final_fixed_current_boundary_frame; independent_station_validation=pending
chirpsobs_329a3583f31dc999a27371a0,annual_rainfall,idn.13.1371,2025-01-01,2025-12-31,annual,4389.212124,millimetres,model_estimate,chirpsprov_895a16cb21d7cc63ddc0f299,false,true,chirps_v3_final_monthly_big_june_2026_fixed_boundary_v1,,spatial_frame=fixed_current_boundary_june_2026; historical_boundary_continuity=false; months_complete=12; min_valid_area_fraction=0.99912533; mean_valid_area_fraction=0.99912533; source_product=CHIRPS v3 Final monthly; geometry_source=BIG BATAS_KABKOTA_AR; geometry_source_edition=Juni 2026; observed_station_equivalence=false; comparability_scope=within_CHIRPS_v3_Final_fixed_current_boundary_frame; independent_station_validation=pending
chirpsobs_32b300299adc677d1e3e8959,annual_rainfall,idn.13.1301,1999-01-01,1999-12-31,annual,4167.038474,millimetres,model_estimate,chirpsprov_8c3023760d15fbc35862fcc4,false,true,chirps_v3_final_monthly_big_june_2026_fixed_boundary_v1,,spatial_frame=fixed_current_boundary_june_2026; historical_boundary_continuity=false; months_complete=12; min_valid_area_fraction=0.99877921; mean_valid_area_fraction=0.99877921; source_product=CHIRPS v3 Final monthly; geometry_source=BIG BATAS_KABKOTA_AR; geometry_source_edition=Juni 2026; observed_station_equivalence=false; comparability_scope=within_CHIRPS_v3_Final_fixed_current_boundary_frame; independent_station_validation=pending
chirpsobs_32b4f90f0c3987afe9c1a2cc,annual_rainfall,idn.13.1302,2007-01-01,2007-12-31,annual,3166.343397,millimetres,model_estimate,chirpsprov_d583a73735d084b8b2496aa8,false,true,chirps_v3_final_monthly_big_june_2026_fixed_boundary_v1,,spatial_frame=fixed_current_boundary_june_2026; historical_boundary_continuity=false; months_complete=12; min_valid_area_fraction=0.99990289; mean_valid_area_fraction=0.99990289; source_product=CHIRPS v3 Final monthly; geometry_source=BIG BATAS_KABKOTA_AR; geometry_source_edition=Juni 2026; observed_station_equivalence=false; comparability_scope=within_CHIRPS_v3_Final_fixed_current_boundary_frame; independent_station_validation=pending
chirpsobs_32cb50bc36a1db2e4a1bb413,annual_rainfall,idn.13.1312,1985-01-01,1985-12-31,annual,3685.757895,millimetres,model_estimate,chirpsprov_245a0c829b03c3b0747fd994,false,true,chirps_v3_final_monthly_big_june_2026_fixed_boundary_v1,,spatial_frame=fixed_current_boundary_june_2026; historical_boundary_continuity=false; months_complete=12; min_valid_area_fraction=1.00000000; mean_valid_area_fraction=1.00000000; source_product=CHIRPS v3 Final monthly; geometry_source=BIG BATAS_KABKOTA_AR; geometry_source_edition=Juni 2026; observed_station_equivalence=false; comparability_scope=within_CHIRPS_v3_Final_fixed_current_boundary_frame; independent_station_validation=pending
chirpsobs_32cd6d39d79795053b96ba6f,annual_rainfall,idn.13.1305,2011-01-01,2011-12-31,annual,2385.909347,millimetres,model_estimate,chirpsprov_f02726b2fbc31c90fe475402,false,true,chirps_v3_final_monthly_big_june_2026_fixed_boundary_v1,,spatial_frame=fixed_current_boundary_june_2026; historical_boundary_continuity=false; months_complete=12; min_valid_area_fraction=1.00000000; mean_valid_area_fraction=1.00000000; source_product=CHIRPS v3 Final monthly; geometry_source=BIG BATAS_KABKOTA_AR; geometry_source_edition=Juni 2026; observed_station_equivalence=false; comparability_scope=within_CHIRPS_v3_Final_fixed_current_boundary_frame; independent_station_validation=pending
chirpsobs_3303074763b1c0fae61625e8,annual_rainfall,idn.13.1303,1986-01-01,1986-12-31,annual,3167.626347,millimetres,model_estimate,chirpsprov_6c1e56941bc5b402ba2b4cbf,false,true,chirps_v3_final_monthly_big_june_2026_fixed_boundary_v1,,spatial_frame=fixed_current_boundary_june_2026; historical_boundary_continuity=false; months_complete=12; min_valid_area_fraction=1.00000000; mean_valid_area_fraction=1.00000000; source_product=CHIRPS v3 Final monthly; geometry_source=BIG BATAS_KABKOTA_AR; geometry_source_edition=Juni 2026; observed_station_equivalence=false; comparability_scope=within_CHIRPS_v3_Final_fixed_current_boundary_frame; independent_station_validation=pending
chirpsobs_3314ac5df06f52f31f0afb80,annual_rainfall,idn.13.1308,1985-01-01,1985-12-31,annual,2701.106957,millimetres,model_estimate,chirpsprov_245a0c829b03c3b0747fd994,false,true,chirps_v3_final_monthly_big_june_2026_fixed_boundary_v1,,spatial_frame=fixed_current_boundary_june_2026; historical_boundary_continuity=false; months_complete=12; min_valid_area_fraction=1.00000000; mean_valid_area_fraction=1.00000000; source_product=CHIRPS v3 Final monthly; geometry_source=BIG BATAS_KABKOTA_AR; geometry_source_edition=Juni 2026; observed_station_equivalence=false; comparability_scope=within_CHIRPS_v3_Final_fixed_current_boundary_frame; independent_station_validation=pending
chirpsobs_335debdc698c611362452d22,annual_rainfall,idn.13.1372,2017-01-01,2017-12-31,annual,3217.514091,millimetres,model_estimate,chirpsprov_dccafa903dab232b9aad0bd5,false,true,chirps_v3_final_monthly_big_june_2026_fixed_boundary_v1,,spatial_frame=fixed_current_boundary_june_2026; historical_boundary_continuity=false; months_complete=12; min_valid_area_fraction=1.00000000; mean_valid_area_fraction=1.00000000; source_product=CHIRPS v3 Final monthly; geometry_source=BIG BATAS_KABKOTA_AR; geometry_source_edition=Juni 2026; observed_station_equivalence=false; comparability_scope=within_CHIRPS_v3_Final_fixed_current_boundary_frame; independent_station_validation=pending
chirpsobs_33c908cd6b75b58d7fa7d23e,annual_rainfall,idn.13.1310,1981-01-01,1981-12-31,annual,3118.322984,millimetres,model_estimate,chirpsprov_b1892e858b9a21df3f3835f6,false,true,chirps_v3_final_monthly_big_june_2026_fixed_boundary_v1,,spatial_frame=fixed_current_boundary_june_2026; historical_boundary_continuity=false; months_complete=12; min_valid_area_fraction=1.00000000; mean_valid_area_fraction=1.00000000; source_product=CHIRPS v3 Final monthly; geometry_source=BIG BATAS_KABKOTA_AR; geometry_source_edition=Juni 2026; observed_station_equivalence=false; comparability_scope=within_CHIRPS_v3_Final_fixed_current_boundary_frame; independent_station_validation=pending
chirpsobs_33df35442c1b956b5e246497,annual_rainfall,idn.13.1306,1988-01-01,1988-12-31,annual,4515.957870,millimetres,model_estimate,chirpsprov_9bfc6526f1c0b90065fc7c93,false,true,chirps_v3_final_monthly_big_june_2026_fixed_boundary_v1,,spatial_frame=fixed_current_boundary_june_2026; historical_boundary_continuity=false; months_complete=12; min_valid_area_fraction=0.99993254; mean_valid_area_fraction=0.99993254; source_product=CHIRPS v3 Final monthly; geometry_source=BIG BATAS_KABKOTA_AR; geometry_source_edition=Juni 2026; observed_station_equivalence=false; comparability_scope=within_CHIRPS_v3_Final_fixed_current_boundary_frame; independent_station_validation=pending
chirpsobs_34820dccb5f1f9636266267f,annual_rainfall,idn.13.1374,2019-01-01,2019-12-31,annual,2157.335339,millimetres,model_estimate,chirpsprov_0dbe201c4de4fc57baa56cc7,false,true,chirps_v3_final_monthly_big_june_2026_fixed_boundary_v1,,spatial_frame=fixed_current_boundary_june_2026; historical_boundary_continuity=false; months_complete=12; min_valid_area_fraction=1.00000000; mean_valid_area_fraction=1.00000000; source_product=CHIRPS v3 Final monthly; geometry_source=BIG BATAS_KABKOTA_AR; geometry_source_edition=Juni 2026; observed_station_equivalence=false; comparability_scope=within_CHIRPS_v3_Final_fixed_current_boundary_frame; independent_station_validation=pending
chirpsobs_34be92a335cccc289832fe9d,annual_rainfall,idn.13.1373,2025-01-01,2025-12-31,annual,3476.419413,millimetres,model_estimate,chirpsprov_895a16cb21d7cc63ddc0f299,false,true,chirps_v3_final_monthly_big_june_2026_fixed_boundary_v1,,spatial_frame=fixed_current_boundary_june_2026; historical_boundary_continuity=false; months_complete=12; min_valid_area_fraction=1.00000000; mean_valid_area_fraction=1.00000000; source_product=CHIRPS v3 Final monthly; geometry_source=BIG BATAS_KABKOTA_AR; geometry_source_edition=Juni 2026; observed_station_equivalence=false; comparability_scope=within_CHIRPS_v3_Final_fixed_current_boundary_frame; independent_station_validation=pending
chirpsobs_35156785854e96e750f1d368,annual_rainfall,idn.13.1375,2023-01-01,2023-12-31,annual,2354.011592,millimetres,model_estimate,chirpsprov_6f7cb8097bed96485afd3cd3,false,true,chirps_v3_final_monthly_big_june_2026_fixed_boundary_v1,,spatial_frame=fixed_current_boundary_june_2026; historical_boundary_continuity=false; months_complete=12; min_valid_area_fraction=1.00000000; mean_valid_area_fraction=1.00000000; source_product=CHIRPS v3 Final monthly; geometry_source=BIG BATAS_KABKOTA_AR; geometry_source_edition=Juni 2026; observed_station_equivalence=false; comparability_scope=within_CHIRPS_v3_Final_fixed_current_boundary_frame; independent_station_validation=pending
chirpsobs_3536c7b0e224daafeb357591,annual_rainfall,idn.13.1304,1999-01-01,1999-12-31,annual,3510.188802,millimetres,model_estimate,chirpsprov_8c3023760d15fbc35862fcc4,false,true,chirps_v3_final_monthly_big_june_2026_fixed_boundary_v1,,spatial_frame=fixed_current_boundary_june_2026; historical_boundary_continuity=false; months_complete=12; min_valid_area_fraction=1.00000000; mean_valid_area_fraction=1.00000000; source_product=CHIRPS v3 Final monthly; geometry_source=BIG BATAS_KABKOTA_AR; geometry_source_edition=Juni 2026; observed_station_equivalence=false; comparability_scope=within_CHIRPS_v3_Final_fixed_current_boundary_frame; independent_station_validation=pending
chirpsobs_35b95213430bb5a488743797,annual_rainfall,idn.13.1312,2024-01-01,2024-12-31,annual,4467.756881,millimetres,model_estimate,chirpsprov_80f1b34a386a8dd06869ba96,false,true,chirps_v3_final_monthly_big_june_2026_fixed_boundary_v1,,spatial_frame=fixed_current_boundary_june_2026; historical_boundary_continuity=false; months_complete=12; min_valid_area_fraction=1.00000000; mean_valid_area_fraction=1.00000000; source_product=CHIRPS v3 Final monthly; geometry_source=BIG BATAS_KABKOTA_AR; geometry_source_edition=Juni 2026; observed_station_equivalence=false; comparability_scope=within_CHIRPS_v3_Final_fixed_current_boundary_frame; independent_station_validation=pending
chirpsobs_35cefaf546f1f78bf1438677,annual_rainfall,idn.13.1303,1992-01-01,1992-12-31,annual,2569.010624,millimetres,model_estimate,chirpsprov_938566067d5a0dee5b9cc5f3,false,true,chirps_v3_final_monthly_big_june_2026_fixed_boundary_v1,,spatial_frame=fixed_current_boundary_june_2026; historical_boundary_continuity=false; months_complete=12; min_valid_area_fraction=1.00000000; mean_valid_area_fraction=1.00000000; source_product=CHIRPS v3 Final monthly; geometry_source=BIG BATAS_KABKOTA_AR; geometry_source_edition=Juni 2026; observed_station_equivalence=false; comparability_scope=within_CHIRPS_v3_Final_fixed_current_boundary_frame; independent_station_validation=pending
chirpsobs_3611d3a3f3161d91f650e843,annual_rainfall,idn.13.1312,1997-01-01,1997-12-31,annual,2034.227997,millimetres,model_estimate,chirpsprov_549fb51b47f3004dd71af8d7,false,true,chirps_v3_final_monthly_big_june_2026_fixed_boundary_v1,,spatial_frame=fixed_current_boundary_june_2026; historical_boundary_continuity=false; months_complete=12; min_valid_area_fraction=1.00000000; mean_valid_area_fraction=1.00000000; source_product=CHIRPS v3 Final monthly; geometry_source=BIG BATAS_KABKOTA_AR; geometry_source_edition=Juni 2026; observed_station_equivalence=false; comparability_scope=within_CHIRPS_v3_Final_fixed_current_boundary_frame; independent_station_validation=pending
chirpsobs_36126d624f8531361da9ca49,annual_rainfall,idn.13.1310,1987-01-01,1987-12-31,annual,2150.049316,millimetres,model_estimate,chirpsprov_7c2bd4ffc29c3c1f203409a0,false,true,chirps_v3_final_monthly_big_june_2026_fixed_boundary_v1,,spatial_frame=fixed_current_boundary_june_2026; historical_boundary_continuity=false; months_complete=12; min_valid_area_fraction=1.00000000; mean_valid_area_fraction=1.00000000; source_product=CHIRPS v3 Final monthly; geometry_source=BIG BATAS_KABKOTA_AR; geometry_source_edition=Juni 2026; observed_station_equivalence=false; comparability_scope=within_CHIRPS_v3_Final_fixed_current_boundary_frame; independent_station_validation=pending
chirpsobs_361421beb9bc83bbc8393566,annual_rainfall,idn.13.1372,2005-01-01,2005-12-31,annual,3203.476473,millimetres,model_estimate,chirpsprov_7d3a32c4624fac5599297aae,false,true,chirps_v3_final_monthly_big_june_2026_fixed_boundary_v1,,spatial_frame=fixed_current_boundary_june_2026; historical_boundary_continuity=false; months_complete=12; min_valid_area_fraction=1.00000000; mean_valid_area_fraction=1.00000000; source_product=CHIRPS v3 Final monthly; geometry_source=BIG BATAS_KABKOTA_AR; geometry_source_edition=Juni 2026; observed_station_equivalence=false; comparability_scope=within_CHIRPS_v3_Final_fixed_current_boundary_frame; independent_station_validation=pending
chirpsobs_363457097719dd0049458bd3,annual_rainfall,idn.13.1376,1989-01-01,1989-12-31,annual,2155.681980,millimetres,model_estimate,chirpsprov_dce3ffaedc1a899d204a1612,false,true,chirps_v3_final_monthly_big_june_2026_fixed_boundary_v1,,spatial_frame=fixed_current_boundary_june_2026; historical_boundary_continuity=false; months_complete=12; min_valid_area_fraction=1.00000000; mean_valid_area_fraction=1.00000000; source_product=CHIRPS v3 Final monthly; geometry_source=BIG BATAS_KABKOTA_AR; geometry_source_edition=Juni 2026; observed_station_equivalence=false; comparability_scope=within_CHIRPS_v3_Final_fixed_current_boundary_frame; independent_station_validation=pending
chirpsobs_3731c4cb3fe4970ac3ec64d7,annual_rainfall,idn.13.1371,2002-01-01,2002-12-31,annual,3904.600976,millimetres,model_estimate,chirpsprov_2cf1096ce26eebc728e69baf,false,true,chirps_v3_final_monthly_big_june_2026_fixed_boundary_v1,,spatial_frame=fixed_current_boundary_june_2026; historical_boundary_continuity=false; months_complete=12; min_valid_area_fraction=0.99912533; mean_valid_area_fraction=0.99912533; source_product=CHIRPS v3 Final monthly; geometry_source=BIG BATAS_KABKOTA_AR; geometry_source_edition=Juni 2026; observed_station_equivalence=false; comparability_scope=within_CHIRPS_v3_Final_fixed_current_boundary_frame; independent_station_validation=pending
chirpsobs_378a7fc2aa61dae5be29be13,annual_rainfall,idn.13.1377,1995-01-01,1995-12-31,annual,3729.341893,millimetres,model_estimate,chirpsprov_9ff2f7a1dfcae20618823751,false,true,chirps_v3_final_monthly_big_june_2026_fixed_boundary_v1,,spatial_frame=fixed_current_boundary_june_2026; historical_boundary_continuity=false; months_complete=12; min_valid_area_fraction=0.99901085; mean_valid_area_fraction=0.99901085; source_product=CHIRPS v3 Final monthly; geometry_source=BIG BATAS_KABKOTA_AR; geometry_source_edition=Juni 2026; observed_station_equivalence=false; comparability_scope=within_CHIRPS_v3_Final_fixed_current_boundary_frame; independent_station_validation=pending
chirpsobs_37f2948e27794104d959da87,annual_rainfall,idn.13.1376,2004-01-01,2004-12-31,annual,1982.806587,millimetres,model_estimate,chirpsprov_96a561b0500081f35c2a6aff,false,true,chirps_v3_final_monthly_big_june_2026_fixed_boundary_v1,,spatial_frame=fixed_current_boundary_june_2026; historical_boundary_continuity=false; months_complete=12; min_valid_area_fraction=1.00000000; mean_valid_area_fraction=1.00000000; source_product=CHIRPS v3 Final monthly; geometry_source=BIG BATAS_KABKOTA_AR; geometry_source_edition=Juni 2026; observed_station_equivalence=false; comparability_scope=within_CHIRPS_v3_Final_fixed_current_boundary_frame; independent_station_validation=pending
chirpsobs_3818df113e70c28bd5d94313,annual_rainfall,idn.13.1308,2005-01-01,2005-12-31,annual,2679.913233,millimetres,model_estimate,chirpsprov_7d3a32c4624fac5599297aae,false,true,chirps_v3_final_monthly_big_june_2026_fixed_boundary_v1,,spatial_frame=fixed_current_boundary_june_2026; historical_boundary_continuity=false; months_complete=12; min_valid_area_fraction=1.00000000; mean_valid_area_fraction=1.00000000; source_product=CHIRPS v3 Final monthly; geometry_source=BIG BATAS_KABKOTA_AR; geometry_source_edition=Juni 2026; observed_station_equivalence=false; comparability_scope=within_CHIRPS_v3_Final_fixed_current_boundary_frame; independent_station_validation=pending
chirpsobs_383ec35e4b32c2d4e261aae9,annual_rainfall,idn.13.1307,1982-01-01,1982-12-31,annual,2261.869305,millimetres,model_estimate,chirpsprov_d76928f82e8715e9e28c66e3,false,true,chirps_v3_final_monthly_big_june_2026_fixed_boundary_v1,,spatial_frame=fixed_current_boundary_june_2026; historical_boundary_continuity=false; months_complete=12; min_valid_area_fraction=1.00000000; mean_valid_area_fraction=1.00000000; source_product=CHIRPS v3 Final monthly; geometry_source=BIG BATAS_KABKOTA_AR; geometry_source_edition=Juni 2026; observed_station_equivalence=false; comparability_scope=within_CHIRPS_v3_Final_fixed_current_boundary_frame; independent_station_validation=pending
chirpsobs_383f072d811fa913b7cdea92,annual_rainfall,idn.13.1311,2019-01-01,2019-12-31,annual,2641.196193,millimetres,model_estimate,chirpsprov_0dbe201c4de4fc57baa56cc7,false,true,chirps_v3_final_monthly_big_june_2026_fixed_boundary_v1,,spatial_frame=fixed_current_boundary_june_2026; historical_boundary_continuity=false; months_complete=12; min_valid_area_fraction=1.00000000; mean_valid_area_fraction=1.00000000; source_product=CHIRPS v3 Final monthly; geometry_source=BIG BATAS_KABKOTA_AR; geometry_source_edition=Juni 2026; observed_station_equivalence=false; comparability_scope=within_CHIRPS_v3_Final_fixed_current_boundary_frame; independent_station_validation=pending
chirpsobs_38471f0051b396834f3a6674,annual_rainfall,idn.13.1371,2005-01-01,2005-12-31,annual,4304.867549,millimetres,model_estimate,chirpsprov_7d3a32c4624fac5599297aae,false,true,chirps_v3_final_monthly_big_june_2026_fixed_boundary_v1,,spatial_frame=fixed_current_boundary_june_2026; historical_boundary_continuity=false; months_complete=12; min_valid_area_fraction=0.99912533; mean_valid_area_fraction=0.99912533; source_product=CHIRPS v3 Final monthly; geometry_source=BIG BATAS_KABKOTA_AR; geometry_source_edition=Juni 2026; observed_station_equivalence=false; comparability_scope=within_CHIRPS_v3_Final_fixed_current_boundary_frame; independent_station_validation=pending
chirpsobs_385cbd65a1f511ec3a0e7d3b,annual_rainfall,idn.13.1377,2019-01-01,2019-12-31,annual,3462.772703,millimetres,model_estimate,chirpsprov_0dbe201c4de4fc57baa56cc7,false,true,chirps_v3_final_monthly_big_june_2026_fixed_boundary_v1,,spatial_frame=fixed_current_boundary_june_2026; historical_boundary_continuity=false; months_complete=12; min_valid_area_fraction=0.99901085; mean_valid_area_fraction=0.99901085; source_product=CHIRPS v3 Final monthly; geometry_source=BIG BATAS_KABKOTA_AR; geometry_source_edition=Juni 2026; observed_station_equivalence=false; comparability_scope=within_CHIRPS_v3_Final_fixed_current_boundary_frame; independent_station_validation=pending
chirpsobs_38c4e524be478e421e4f2aad,annual_rainfall,idn.13.1306,1990-01-01,1990-12-31,annual,3849.109778,millimetres,model_estimate,chirpsprov_8a1debf06ff2601da517ede7,false,true,chirps_v3_final_monthly_big_june_2026_fixed_boundary_v1,,spatial_frame=fixed_current_boundary_june_2026; historical_boundary_continuity=false; months_complete=12; min_valid_area_fraction=0.99993254; mean_valid_area_fraction=0.99993254; source_product=CHIRPS v3 Final monthly; geometry_source=BIG BATAS_KABKOTA_AR; geometry_source_edition=Juni 2026; observed_station_equivalence=false; comparability_scope=within_CHIRPS_v3_Final_fixed_current_boundary_frame; independent_station_validation=pending
chirpsobs_39c634cd040ce297bd189e3b,annual_rainfall,idn.13.1374,2022-01-01,2022-12-31,annual,3651.476589,millimetres,model_estimate,chirpsprov_3aa2018ec0576428d71e18bf,false,true,chirps_v3_final_monthly_big_june_2026_fixed_boundary_v1,,spatial_frame=fixed_current_boundary_june_2026; historical_boundary_continuity=false; months_complete=12; min_valid_area_fraction=1.00000000; mean_valid_area_fraction=1.00000000; source_product=CHIRPS v3 Final monthly; geometry_source=BIG BATAS_KABKOTA_AR; geometry_source_edition=Juni 2026; observed_station_equivalence=false; comparability_scope=within_CHIRPS_v3_Final_fixed_current_boundary_frame; independent_station_validation=pending
chirpsobs_3a16a014989f082856b78a58,annual_rainfall,idn.13.1309,2019-01-01,2019-12-31,annual,2693.696458,millimetres,model_estimate,chirpsprov_0dbe201c4de4fc57baa56cc7,false,true,chirps_v3_final_monthly_big_june_2026_fixed_boundary_v1,,spatial_frame=fixed_current_boundary_june_2026; historical_boundary_continuity=false; months_complete=12; min_valid_area_fraction=1.00000000; mean_valid_area_fraction=1.00000000; source_product=CHIRPS v3 Final monthly; geometry_source=BIG BATAS_KABKOTA_AR; geometry_source_edition=Juni 2026; observed_station_equivalence=false; comparability_scope=within_CHIRPS_v3_Final_fixed_current_boundary_frame; independent_station_validation=pending
chirpsobs_3a829a67eb69893857750cb3,annual_rainfall,idn.13.1376,2022-01-01,2022-12-31,annual,3156.634559,millimetres,model_estimate,chirpsprov_3aa2018ec0576428d71e18bf,false,true,chirps_v3_final_monthly_big_june_2026_fixed_boundary_v1,,spatial_frame=fixed_current_boundary_june_2026; historical_boundary_continuity=false; months_complete=12; min_valid_area_fraction=1.00000000; mean_valid_area_fraction=1.00000000; source_product=CHIRPS v3 Final monthly; geometry_source=BIG BATAS_KABKOTA_AR; geometry_source_edition=Juni 2026; observed_station_equivalence=false; comparability_scope=within_CHIRPS_v3_Final_fixed_current_boundary_frame; independent_station_validation=pending
chirpsobs_3ae4f3909f2ee5ac5663d04c,annual_rainfall,idn.13.1310,2021-01-01,2021-12-31,annual,3128.814974,millimetres,model_estimate,chirpsprov_46837b82c19c621130eb5220,false,true,chirps_v3_final_monthly_big_june_2026_fixed_boundary_v1,,spatial_frame=fixed_current_boundary_june_2026; historical_boundary_continuity=false; months_complete=12; min_valid_area_fraction=1.00000000; mean_valid_area_fraction=1.00000000; source_product=CHIRPS v3 Final monthly; geometry_source=BIG BATAS_KABKOTA_AR; geometry_source_edition=Juni 2026; observed_station_equivalence=false; comparability_scope=within_CHIRPS_v3_Final_fixed_current_boundary_frame; independent_station_validation=pending
chirpsobs_3b4e976864b24580dc29b07e,annual_rainfall,idn.13.1312,2006-01-01,2006-12-31,annual,3080.029413,millimetres,model_estimate,chirpsprov_33c1360517abf4405894a6a4,false,true,chirps_v3_final_monthly_big_june_2026_fixed_boundary_v1,,spatial_frame=fixed_current_boundary_june_2026; historical_boundary_continuity=false; months_complete=12; min_valid_area_fraction=1.00000000; mean_valid_area_fraction=1.00000000; source_product=CHIRPS v3 Final monthly; geometry_source=BIG BATAS_KABKOTA_AR; geometry_source_edition=Juni 2026; observed_station_equivalence=false; comparability_scope=within_CHIRPS_v3_Final_fixed_current_boundary_frame; independent_station_validation=pending
chirpsobs_3b8b18edbdc472669ab74c55,annual_rainfall,idn.13.1308,2023-01-01,2023-12-31,annual,2875.883297,millimetres,model_estimate,chirpsprov_6f7cb8097bed96485afd3cd3,false,true,chirps_v3_final_monthly_big_june_2026_fixed_boundary_v1,,spatial_frame=fixed_current_boundary_june_2026; historical_boundary_continuity=false; months_complete=12; min_valid_area_fraction=1.00000000; mean_valid_area_fraction=1.00000000; source_product=CHIRPS v3 Final monthly; geometry_source=BIG BATAS_KABKOTA_AR; geometry_source_edition=Juni 2026; observed_station_equivalence=false; comparability_scope=within_CHIRPS_v3_Final_fixed_current_boundary_frame; independent_station_validation=pending
chirpsobs_3d0e43cb91cecf98802f8317,annual_rainfall,idn.13.1309,1984-01-01,1984-12-31,annual,3659.544744,millimetres,model_estimate,chirpsprov_105560bf68b24142847709fb,false,true,chirps_v3_final_monthly_big_june_2026_fixed_boundary_v1,,spatial_frame=fixed_current_boundary_june_2026; historical_boundary_continuity=false; months_complete=12; min_valid_area_fraction=1.00000000; mean_valid_area_fraction=1.00000000; source_product=CHIRPS v3 Final monthly; geometry_source=BIG BATAS_KABKOTA_AR; geometry_source_edition=Juni 2026; observed_station_equivalence=false; comparability_scope=within_CHIRPS_v3_Final_fixed_current_boundary_frame; independent_station_validation=pending
chirpsobs_3d495f1b8a4ba949e80ff0f4,annual_rainfall,idn.13.1312,1995-01-01,1995-12-31,annual,3478.193940,millimetres,model_estimate,chirpsprov_9ff2f7a1dfcae20618823751,false,true,chirps_v3_final_monthly_big_june_2026_fixed_boundary_v1,,spatial_frame=fixed_current_boundary_june_2026; historical_boundary_continuity=false; months_complete=12; min_valid_area_fraction=1.00000000; mean_valid_area_fraction=1.00000000; source_product=CHIRPS v3 Final monthly; geometry_source=BIG BATAS_KABKOTA_AR; geometry_source_edition=Juni 2026; observed_station_equivalence=false; comparability_scope=within_CHIRPS_v3_Final_fixed_current_boundary_frame; independent_station_validation=pending
chirpsobs_3db6388fc36560b9fb160f74,annual_rainfall,idn.13.1307,2010-01-01,2010-12-31,annual,3243.846943,millimetres,model_estimate,chirpsprov_6d539a98f8e70f0f921b9fea,false,true,chirps_v3_final_monthly_big_june_2026_fixed_boundary_v1,,spatial_frame=fixed_current_boundary_june_2026; historical_boundary_continuity=false; months_complete=12; min_valid_area_fraction=1.00000000; mean_valid_area_fraction=1.00000000; source_product=CHIRPS v3 Final monthly; geometry_source=BIG BATAS_KABKOTA_AR; geometry_source_edition=Juni 2026; observed_station_equivalence=false; comparability_scope=within_CHIRPS_v3_Final_fixed_current_boundary_frame; independent_station_validation=pending
chirpsobs_3e25901f2f576bf14912ab75,annual_rainfall,idn.13.1303,2017-01-01,2017-12-31,annual,3031.252114,millimetres,model_estimate,chirpsprov_dccafa903dab232b9aad0bd5,false,true,chirps_v3_final_monthly_big_june_2026_fixed_boundary_v1,,spatial_frame=fixed_current_boundary_june_2026; historical_boundary_continuity=false; months_complete=12; min_valid_area_fraction=1.00000000; mean_valid_area_fraction=1.00000000; source_product=CHIRPS v3 Final monthly; geometry_source=BIG BATAS_KABKOTA_AR; geometry_source_edition=Juni 2026; observed_station_equivalence=false; comparability_scope=within_CHIRPS_v3_Final_fixed_current_boundary_frame; independent_station_validation=pending
chirpsobs_3e2971ae465f082130b27bc1,annual_rainfall,idn.13.1372,1999-01-01,1999-12-31,annual,3579.194352,millimetres,model_estimate,chirpsprov_8c3023760d15fbc35862fcc4,false,true,chirps_v3_final_monthly_big_june_2026_fixed_boundary_v1,,spatial_frame=fixed_current_boundary_june_2026; historical_boundary_continuity=false; months_complete=12; min_valid_area_fraction=1.00000000; mean_valid_area_fraction=1.00000000; source_product=CHIRPS v3 Final monthly; geometry_source=BIG BATAS_KABKOTA_AR; geometry_source_edition=Juni 2026; observed_station_equivalence=false; comparability_scope=within_CHIRPS_v3_Final_fixed_current_boundary_frame; independent_station_validation=pending
chirpsobs_3e856f13fedd60f5a2e6c6ec,annual_rainfall,idn.13.1308,2018-01-01,2018-12-31,annual,2748.913529,millimetres,model_estimate,chirpsprov_c8030a113fbc38a4dd14a894,false,true,chirps_v3_final_monthly_big_june_2026_fixed_boundary_v1,,spatial_frame=fixed_current_boundary_june_2026; historical_boundary_continuity=false; months_complete=12; min_valid_area_fraction=1.00000000; mean_valid_area_fraction=1.00000000; source_product=CHIRPS v3 Final monthly; geometry_source=BIG BATAS_KABKOTA_AR; geometry_source_edition=Juni 2026; observed_station_equivalence=false; comparability_scope=within_CHIRPS_v3_Final_fixed_current_boundary_frame; independent_station_validation=pending
chirpsobs_3ea88268706731379d4fe782,annual_rainfall,idn.13.1302,2012-01-01,2012-12-31,annual,2790.953868,millimetres,model_estimate,chirpsprov_bf295e30ff22919e667a8443,false,true,chirps_v3_final_monthly_big_june_2026_fixed_boundary_v1,,spatial_frame=fixed_current_boundary_june_2026; historical_boundary_continuity=false; months_complete=12; min_valid_area_fraction=0.99990289; mean_valid_area_fraction=0.99990289; source_product=CHIRPS v3 Final monthly; geometry_source=BIG BATAS_KABKOTA_AR; geometry_source_edition=Juni 2026; observed_station_equivalence=false; comparability_scope=within_CHIRPS_v3_Final_fixed_current_boundary_frame; independent_station_validation=pending
chirpsobs_3ecca9b5c4872fd905b567cd,annual_rainfall,idn.13.1372,1992-01-01,1992-12-31,annual,2708.562256,millimetres,model_estimate,chirpsprov_938566067d5a0dee5b9cc5f3,false,true,chirps_v3_final_monthly_big_june_2026_fixed_boundary_v1,,spatial_frame=fixed_current_boundary_june_2026; historical_boundary_continuity=false; months_complete=12; min_valid_area_fraction=1.00000000; mean_valid_area_fraction=1.00000000; source_product=CHIRPS v3 Final monthly; geometry_source=BIG BATAS_KABKOTA_AR; geometry_source_edition=Juni 2026; observed_station_equivalence=false; comparability_scope=within_CHIRPS_v3_Final_fixed_current_boundary_frame; independent_station_validation=pending
chirpsobs_3f08e5aae50d3c261e0257bb,annual_rainfall,idn.13.1374,1998-01-01,1998-12-31,annual,2520.830776,millimetres,model_estimate,chirpsprov_fd5c54c3ffb3d358e77e15f7,false,true,chirps_v3_final_monthly_big_june_2026_fixed_boundary_v1,,spatial_frame=fixed_current_boundary_june_2026; historical_boundary_continuity=false; months_complete=12; min_valid_area_fraction=1.00000000; mean_valid_area_fraction=1.00000000; source_product=CHIRPS v3 Final monthly; geometry_source=BIG BATAS_KABKOTA_AR; geometry_source_edition=Juni 2026; observed_station_equivalence=false; comparability_scope=within_CHIRPS_v3_Final_fixed_current_boundary_frame; independent_station_validation=pending
chirpsobs_3f24ded6b6efb6312a3d4179,annual_rainfall,idn.13.1305,2023-01-01,2023-12-31,annual,2729.635347,millimetres,model_estimate,chirpsprov_6f7cb8097bed96485afd3cd3,false,true,chirps_v3_final_monthly_big_june_2026_fixed_boundary_v1,,spatial_frame=fixed_current_boundary_june_2026; historical_boundary_continuity=false; months_complete=12; min_valid_area_fraction=1.00000000; mean_valid_area_fraction=1.00000000; source_product=CHIRPS v3 Final monthly; geometry_source=BIG BATAS_KABKOTA_AR; geometry_source_edition=Juni 2026; observed_station_equivalence=false; comparability_scope=within_CHIRPS_v3_Final_fixed_current_boundary_frame; independent_station_validation=pending
chirpsobs_3fb3d77bf835537c74dffd9f,annual_rainfall,idn.13.1305,1986-01-01,1986-12-31,annual,2745.681858,millimetres,model_estimate,chirpsprov_6c1e56941bc5b402ba2b4cbf,false,true,chirps_v3_final_monthly_big_june_2026_fixed_boundary_v1,,spatial_frame=fixed_current_boundary_june_2026; historical_boundary_continuity=false; months_complete=12; min_valid_area_fraction=1.00000000; mean_valid_area_fraction=1.00000000; source_product=CHIRPS v3 Final monthly; geometry_source=BIG BATAS_KABKOTA_AR; geometry_source_edition=Juni 2026; observed_station_equivalence=false; comparability_scope=within_CHIRPS_v3_Final_fixed_current_boundary_frame; independent_station_validation=pending
chirpsobs_3fc1583c07eb4da616fe78d7,annual_rainfall,idn.13.1309,1983-01-01,1983-12-31,annual,3092.374079,millimetres,model_estimate,chirpsprov_5887a41b20f86613f9be9d94,false,true,chirps_v3_final_monthly_big_june_2026_fixed_boundary_v1,,spatial_frame=fixed_current_boundary_june_2026; historical_boundary_continuity=false; months_complete=12; min_valid_area_fraction=1.00000000; mean_valid_area_fraction=1.00000000; source_product=CHIRPS v3 Final monthly; geometry_source=BIG BATAS_KABKOTA_AR; geometry_source_edition=Juni 2026; observed_station_equivalence=false; comparability_scope=within_CHIRPS_v3_Final_fixed_current_boundary_frame; independent_station_validation=pending
chirpsobs_404c5cc82318fb181fc94336,annual_rainfall,idn.13.1376,2014-01-01,2014-12-31,annual,2173.565751,millimetres,model_estimate,chirpsprov_b4a99eb15560b1d88e757010,false,true,chirps_v3_final_monthly_big_june_2026_fixed_boundary_v1,,spatial_frame=fixed_current_boundary_june_2026; historical_boundary_continuity=false; months_complete=12; min_valid_area_fraction=1.00000000; mean_valid_area_fraction=1.00000000; source_product=CHIRPS v3 Final monthly; geometry_source=BIG BATAS_KABKOTA_AR; geometry_source_edition=Juni 2026; observed_station_equivalence=false; comparability_scope=within_CHIRPS_v3_Final_fixed_current_boundary_frame; independent_station_validation=pending
chirpsobs_405a6b9045158a479e2a7a96,annual_rainfall,idn.13.1373,1990-01-01,1990-12-31,annual,2387.165017,millimetres,model_estimate,chirpsprov_8a1debf06ff2601da517ede7,false,true,chirps_v3_final_monthly_big_june_2026_fixed_boundary_v1,,spatial_frame=fixed_current_boundary_june_2026; historical_boundary_continuity=false; months_complete=12; min_valid_area_fraction=1.00000000; mean_valid_area_fraction=1.00000000; source_product=CHIRPS v3 Final monthly; geometry_source=BIG BATAS_KABKOTA_AR; geometry_source_edition=Juni 2026; observed_station_equivalence=false; comparability_scope=within_CHIRPS_v3_Final_fixed_current_boundary_frame; independent_station_validation=pending
chirpsobs_406657f0e36eb90108e6f154,annual_rainfall,idn.13.1301,2007-01-01,2007-12-31,annual,3451.919843,millimetres,model_estimate,chirpsprov_d583a73735d084b8b2496aa8,false,true,chirps_v3_final_monthly_big_june_2026_fixed_boundary_v1,,spatial_frame=fixed_current_boundary_june_2026; historical_boundary_continuity=false; months_complete=12; min_valid_area_fraction=0.99877921; mean_valid_area_fraction=0.99877921; source_product=CHIRPS v3 Final monthly; geometry_source=BIG BATAS_KABKOTA_AR; geometry_source_edition=Juni 2026; observed_station_equivalence=false; comparability_scope=within_CHIRPS_v3_Final_fixed_current_boundary_frame; independent_station_validation=pending
chirpsobs_40ca23dd6861accf0e337733,annual_rainfall,idn.13.1304,1995-01-01,1995-12-31,annual,2745.578259,millimetres,model_estimate,chirpsprov_9ff2f7a1dfcae20618823751,false,true,chirps_v3_final_monthly_big_june_2026_fixed_boundary_v1,,spatial_frame=fixed_current_boundary_june_2026; historical_boundary_continuity=false; months_complete=12; min_valid_area_fraction=1.00000000; mean_valid_area_fraction=1.00000000; source_product=CHIRPS v3 Final monthly; geometry_source=BIG BATAS_KABKOTA_AR; geometry_source_edition=Juni 2026; observed_station_equivalence=false; comparability_scope=within_CHIRPS_v3_Final_fixed_current_boundary_frame; independent_station_validation=pending
chirpsobs_418fbde6d18d78cf4bf329bc,annual_rainfall,idn.13.1310,2014-01-01,2014-12-31,annual,2391.239579,millimetres,model_estimate,chirpsprov_b4a99eb15560b1d88e757010,false,true,chirps_v3_final_monthly_big_june_2026_fixed_boundary_v1,,spatial_frame=fixed_current_boundary_june_2026; historical_boundary_continuity=false; months_complete=12; min_valid_area_fraction=1.00000000; mean_valid_area_fraction=1.00000000; source_product=CHIRPS v3 Final monthly; geometry_source=BIG BATAS_KABKOTA_AR; geometry_source_edition=Juni 2026; observed_station_equivalence=false; comparability_scope=within_CHIRPS_v3_Final_fixed_current_boundary_frame; independent_station_validation=pending
chirpsobs_41c4715df4bfbe231b913aa9,annual_rainfall,idn.13.1371,2012-01-01,2012-12-31,annual,4005.671965,millimetres,model_estimate,chirpsprov_bf295e30ff22919e667a8443,false,true,chirps_v3_final_monthly_big_june_2026_fixed_boundary_v1,,spatial_frame=fixed_current_boundary_june_2026; historical_boundary_continuity=false; months_complete=12; min_valid_area_fraction=0.99912533; mean_valid_area_fraction=0.99912533; source_product=CHIRPS v3 Final monthly; geometry_source=BIG BATAS_KABKOTA_AR; geometry_source_edition=Juni 2026; observed_station_equivalence=false; comparability_scope=within_CHIRPS_v3_Final_fixed_current_boundary_frame; independent_station_validation=pending
chirpsobs_41ef8c164fe4cf77ccede5d1,annual_rainfall,idn.13.1377,1982-01-01,1982-12-31,annual,2905.848397,millimetres,model_estimate,chirpsprov_d76928f82e8715e9e28c66e3,false,true,chirps_v3_final_monthly_big_june_2026_fixed_boundary_v1,,spatial_frame=fixed_current_boundary_june_2026; historical_boundary_continuity=false; months_complete=12; min_valid_area_fraction=0.99901085; mean_valid_area_fraction=0.99901085; source_product=CHIRPS v3 Final monthly; geometry_source=BIG BATAS_KABKOTA_AR; geometry_source_edition=Juni 2026; observed_station_equivalence=false; comparability_scope=within_CHIRPS_v3_Final_fixed_current_boundary_frame; independent_station_validation=pending
chirpsobs_41f4b250ff593465995c722b,annual_rainfall,idn.13.1375,1983-01-01,1983-12-31,annual,2043.433250,millimetres,model_estimate,chirpsprov_5887a41b20f86613f9be9d94,false,true,chirps_v3_final_monthly_big_june_2026_fixed_boundary_v1,,spatial_frame=fixed_current_boundary_june_2026; historical_boundary_continuity=false; months_complete=12; min_valid_area_fraction=1.00000000; mean_valid_area_fraction=1.00000000; source_product=CHIRPS v3 Final monthly; geometry_source=BIG BATAS_KABKOTA_AR; geometry_source_edition=Juni 2026; observed_station_equivalence=false; comparability_scope=within_CHIRPS_v3_Final_fixed_current_boundary_frame; independent_station_validation=pending
chirpsobs_42c3fce11d17bbf28bfb92a5,annual_rainfall,idn.13.1312,2004-01-01,2004-12-31,annual,3361.574477,millimetres,model_estimate,chirpsprov_96a561b0500081f35c2a6aff,false,true,chirps_v3_final_monthly_big_june_2026_fixed_boundary_v1,,spatial_frame=fixed_current_boundary_june_2026; historical_boundary_continuity=false; months_complete=12; min_valid_area_fraction=1.00000000; mean_valid_area_fraction=1.00000000; source_product=CHIRPS v3 Final monthly; geometry_source=BIG BATAS_KABKOTA_AR; geometry_source_edition=Juni 2026; observed_station_equivalence=false; comparability_scope=within_CHIRPS_v3_Final_fixed_current_boundary_frame; independent_station_validation=pending
chirpsobs_4301f656c677758d5fe10786,annual_rainfall,idn.13.1373,2011-01-01,2011-12-31,annual,2680.562107,millimetres,model_estimate,chirpsprov_f02726b2fbc31c90fe475402,false,true,chirps_v3_final_monthly_big_june_2026_fixed_boundary_v1,,spatial_frame=fixed_current_boundary_june_2026; historical_boundary_continuity=false; months_complete=12; min_valid_area_fraction=1.00000000; mean_valid_area_fraction=1.00000000; source_product=CHIRPS v3 Final monthly; geometry_source=BIG BATAS_KABKOTA_AR; geometry_source_edition=Juni 2026; observed_station_equivalence=false; comparability_scope=within_CHIRPS_v3_Final_fixed_current_boundary_frame; independent_station_validation=pending
chirpsobs_4359f3c6960931f4b93cc185,annual_rainfall,idn.13.1312,2002-01-01,2002-12-31,annual,3858.551305,millimetres,model_estimate,chirpsprov_2cf1096ce26eebc728e69baf,false,true,chirps_v3_final_monthly_big_june_2026_fixed_boundary_v1,,spatial_frame=fixed_current_boundary_june_2026; historical_boundary_continuity=false; months_complete=12; min_valid_area_fraction=1.00000000; mean_valid_area_fraction=1.00000000; source_product=CHIRPS v3 Final monthly; geometry_source=BIG BATAS_KABKOTA_AR; geometry_source_edition=Juni 2026; observed_station_equivalence=false; comparability_scope=within_CHIRPS_v3_Final_fixed_current_boundary_frame; independent_station_validation=pending
chirpsobs_436087916fde930c4738c1e2,annual_rainfall,idn.13.1311,1990-01-01,1990-12-31,annual,2864.900874,millimetres,model_estimate,chirpsprov_8a1debf06ff2601da517ede7,false,true,chirps_v3_final_monthly_big_june_2026_fixed_boundary_v1,,spatial_frame=fixed_current_boundary_june_2026; historical_boundary_continuity=false; months_complete=12; min_valid_area_fraction=1.00000000; mean_valid_area_fraction=1.00000000; source_product=CHIRPS v3 Final monthly; geometry_source=BIG BATAS_KABKOTA_AR; geometry_source_edition=Juni 2026; observed_station_equivalence=false; comparability_scope=within_CHIRPS_v3_Final_fixed_current_boundary_frame; independent_station_validation=pending
chirpsobs_4362bca3a29fecf39bfa1825,annual_rainfall,idn.13.1305,1984-01-01,1984-12-31,annual,3224.121019,millimetres,model_estimate,chirpsprov_105560bf68b24142847709fb,false,true,chirps_v3_final_monthly_big_june_2026_fixed_boundary_v1,,spatial_frame=fixed_current_boundary_june_2026; historical_boundary_continuity=false; months_complete=12; min_valid_area_fraction=1.00000000; mean_valid_area_fraction=1.00000000; source_product=CHIRPS v3 Final monthly; geometry_source=BIG BATAS_KABKOTA_AR; geometry_source_edition=Juni 2026; observed_station_equivalence=false; comparability_scope=within_CHIRPS_v3_Final_fixed_current_boundary_frame; independent_station_validation=pending
chirpsobs_43d6b5bf4a5cc270a061f4aa,annual_rainfall,idn.13.1376,2021-01-01,2021-12-31,annual,2362.419395,millimetres,model_estimate,chirpsprov_46837b82c19c621130eb5220,false,true,chirps_v3_final_monthly_big_june_2026_fixed_boundary_v1,,spatial_frame=fixed_current_boundary_june_2026; historical_boundary_continuity=false; months_complete=12; min_valid_area_fraction=1.00000000; mean_valid_area_fraction=1.00000000; source_product=CHIRPS v3 Final monthly; geometry_source=BIG BATAS_KABKOTA_AR; geometry_source_edition=Juni 2026; observed_station_equivalence=false; comparability_scope=within_CHIRPS_v3_Final_fixed_current_boundary_frame; independent_station_validation=pending
chirpsobs_43e0b3616d654c2c57905922,annual_rainfall,idn.13.1307,2005-01-01,2005-12-31,annual,2978.378942,millimetres,model_estimate,chirpsprov_7d3a32c4624fac5599297aae,false,true,chirps_v3_final_monthly_big_june_2026_fixed_boundary_v1,,spatial_frame=fixed_current_boundary_june_2026; historical_boundary_continuity=false; months_complete=12; min_valid_area_fraction=1.00000000; mean_valid_area_fraction=1.00000000; source_product=CHIRPS v3 Final monthly; geometry_source=BIG BATAS_KABKOTA_AR; geometry_source_edition=Juni 2026; observed_station_equivalence=false; comparability_scope=within_CHIRPS_v3_Final_fixed_current_boundary_frame; independent_station_validation=pending
chirpsobs_43e6acbe4c9ebbdf70e9c542,annual_rainfall,idn.13.1301,2000-01-01,2000-12-31,annual,3732.056436,millimetres,model_estimate,chirpsprov_fc3b6aa57f2d9a4e61b62b31,false,true,chirps_v3_final_monthly_big_june_2026_fixed_boundary_v1,,spatial_frame=fixed_current_boundary_june_2026; historical_boundary_continuity=false; months_complete=12; min_valid_area_fraction=0.99877921; mean_valid_area_fraction=0.99877921; source_product=CHIRPS v3 Final monthly; geometry_source=BIG BATAS_KABKOTA_AR; geometry_source_edition=Juni 2026; observed_station_equivalence=false; comparability_scope=within_CHIRPS_v3_Final_fixed_current_boundary_frame; independent_station_validation=pending
chirpsobs_440283810c07b1cee7e1893e,annual_rainfall,idn.13.1373,2000-01-01,2000-12-31,annual,2966.436982,millimetres,model_estimate,chirpsprov_fc3b6aa57f2d9a4e61b62b31,false,true,chirps_v3_final_monthly_big_june_2026_fixed_boundary_v1,,spatial_frame=fixed_current_boundary_june_2026; historical_boundary_continuity=false; months_complete=12; min_valid_area_fraction=1.00000000; mean_valid_area_fraction=1.00000000; source_product=CHIRPS v3 Final monthly; geometry_source=BIG BATAS_KABKOTA_AR; geometry_source_edition=Juni 2026; observed_station_equivalence=false; comparability_scope=within_CHIRPS_v3_Final_fixed_current_boundary_frame; independent_station_validation=pending
chirpsobs_441058ca7bb8eb34ed2e9cc4,annual_rainfall,idn.13.1303,1999-01-01,1999-12-31,annual,3338.161888,millimetres,model_estimate,chirpsprov_8c3023760d15fbc35862fcc4,false,true,chirps_v3_final_monthly_big_june_2026_fixed_boundary_v1,,spatial_frame=fixed_current_boundary_june_2026; historical_boundary_continuity=false; months_complete=12; min_valid_area_fraction=1.00000000; mean_valid_area_fraction=1.00000000; source_product=CHIRPS v3 Final monthly; geometry_source=BIG BATAS_KABKOTA_AR; geometry_source_edition=Juni 2026; observed_station_equivalence=false; comparability_scope=within_CHIRPS_v3_Final_fixed_current_boundary_frame; independent_station_validation=pending
chirpsobs_442684a1c7563174897ae8a6,annual_rainfall,idn.13.1311,1995-01-01,1995-12-31,annual,3032.355627,millimetres,model_estimate,chirpsprov_9ff2f7a1dfcae20618823751,false,true,chirps_v3_final_monthly_big_june_2026_fixed_boundary_v1,,spatial_frame=fixed_current_boundary_june_2026; historical_boundary_continuity=false; months_complete=12; min_valid_area_fraction=1.00000000; mean_valid_area_fraction=1.00000000; source_product=CHIRPS v3 Final monthly; geometry_source=BIG BATAS_KABKOTA_AR; geometry_source_edition=Juni 2026; observed_station_equivalence=false; comparability_scope=within_CHIRPS_v3_Final_fixed_current_boundary_frame; independent_station_validation=pending
chirpsobs_448a99543f6c5d1a729c4abb,annual_rainfall,idn.13.1301,2019-01-01,2019-12-31,annual,2362.541341,millimetres,model_estimate,chirpsprov_0dbe201c4de4fc57baa56cc7,false,true,chirps_v3_final_monthly_big_june_2026_fixed_boundary_v1,,spatial_frame=fixed_current_boundary_june_2026; historical_boundary_continuity=false; months_complete=12; min_valid_area_fraction=0.99877921; mean_valid_area_fraction=0.99877921; source_product=CHIRPS v3 Final monthly; geometry_source=BIG BATAS_KABKOTA_AR; geometry_source_edition=Juni 2026; observed_station_equivalence=false; comparability_scope=within_CHIRPS_v3_Final_fixed_current_boundary_frame; independent_station_validation=pending
chirpsobs_44ad1cf3aa8f11b58931ca96,annual_rainfall,idn.13.1309,2017-01-01,2017-12-31,annual,3878.879116,millimetres,model_estimate,chirpsprov_dccafa903dab232b9aad0bd5,false,true,chirps_v3_final_monthly_big_june_2026_fixed_boundary_v1,,spatial_frame=fixed_current_boundary_june_2026; historical_boundary_continuity=false; months_complete=12; min_valid_area_fraction=1.00000000; mean_valid_area_fraction=1.00000000; source_product=CHIRPS v3 Final monthly; geometry_source=BIG BATAS_KABKOTA_AR; geometry_source_edition=Juni 2026; observed_station_equivalence=false; comparability_scope=within_CHIRPS_v3_Final_fixed_current_boundary_frame; independent_station_validation=pending
chirpsobs_4504bedb2cbef7d99860e255,annual_rainfall,idn.13.1312,2003-01-01,2003-12-31,annual,3939.390430,millimetres,model_estimate,chirpsprov_2b5773cbf1c57eb413def781,false,true,chirps_v3_final_monthly_big_june_2026_fixed_boundary_v1,,spatial_frame=fixed_current_boundary_june_2026; historical_boundary_continuity=false; months_complete=12; min_valid_area_fraction=1.00000000; mean_valid_area_fraction=1.00000000; source_product=CHIRPS v3 Final monthly; geometry_source=BIG BATAS_KABKOTA_AR; geometry_source_edition=Juni 2026; observed_station_equivalence=false; comparability_scope=within_CHIRPS_v3_Final_fixed_current_boundary_frame; independent_station_validation=pending
chirpsobs_4520f273e7c82a85b0ae4a2d,annual_rainfall,idn.13.1375,2024-01-01,2024-12-31,annual,2609.651163,millimetres,model_estimate,chirpsprov_80f1b34a386a8dd06869ba96,false,true,chirps_v3_final_monthly_big_june_2026_fixed_boundary_v1,,spatial_frame=fixed_current_boundary_june_2026; historical_boundary_continuity=false; months_complete=12; min_valid_area_fraction=1.00000000; mean_valid_area_fraction=1.00000000; source_product=CHIRPS v3 Final monthly; geometry_source=BIG BATAS_KABKOTA_AR; geometry_source_edition=Juni 2026; observed_station_equivalence=false; comparability_scope=within_CHIRPS_v3_Final_fixed_current_boundary_frame; independent_station_validation=pending
chirpsobs_45b44347fb9482724bd75d64,annual_rainfall,idn.13.1310,2001-01-01,2001-12-31,annual,2847.748189,millimetres,model_estimate,chirpsprov_08cf9a732d039d72eccb02c0,false,true,chirps_v3_final_monthly_big_june_2026_fixed_boundary_v1,,spatial_frame=fixed_current_boundary_june_2026; historical_boundary_continuity=false; months_complete=12; min_valid_area_fraction=1.00000000; mean_valid_area_fraction=1.00000000; source_product=CHIRPS v3 Final monthly; geometry_source=BIG BATAS_KABKOTA_AR; geometry_source_edition=Juni 2026; observed_station_equivalence=false; comparability_scope=within_CHIRPS_v3_Final_fixed_current_boundary_frame; independent_station_validation=pending
chirpsobs_461b7c708735e55c0fe35a32,annual_rainfall,idn.13.1312,2018-01-01,2018-12-31,annual,4066.942671,millimetres,model_estimate,chirpsprov_c8030a113fbc38a4dd14a894,false,true,chirps_v3_final_monthly_big_june_2026_fixed_boundary_v1,,spatial_frame=fixed_current_boundary_june_2026; historical_boundary_continuity=false; months_complete=12; min_valid_area_fraction=1.00000000; mean_valid_area_fraction=1.00000000; source_product=CHIRPS v3 Final monthly; geometry_source=BIG BATAS_KABKOTA_AR; geometry_source_edition=Juni 2026; observed_station_equivalence=false; comparability_scope=within_CHIRPS_v3_Final_fixed_current_boundary_frame; independent_station_validation=pending
chirpsobs_4685d6830af5bd1155d6df0b,annual_rainfall,idn.13.1376,2005-01-01,2005-12-31,annual,2256.328443,millimetres,model_estimate,chirpsprov_7d3a32c4624fac5599297aae,false,true,chirps_v3_final_monthly_big_june_2026_fixed_boundary_v1,,spatial_frame=fixed_current_boundary_june_2026; historical_boundary_continuity=false; months_complete=12; min_valid_area_fraction=1.00000000; mean_valid_area_fraction=1.00000000; source_product=CHIRPS v3 Final monthly; geometry_source=BIG BATAS_KABKOTA_AR; geometry_source_edition=Juni 2026; observed_station_equivalence=false; comparability_scope=within_CHIRPS_v3_Final_fixed_current_boundary_frame; independent_station_validation=pending
chirpsobs_46bf14a42788c692d9a985aa,annual_rainfall,idn.13.1302,2025-01-01,2025-12-31,annual,3437.205954,millimetres,model_estimate,chirpsprov_895a16cb21d7cc63ddc0f299,false,true,chirps_v3_final_monthly_big_june_2026_fixed_boundary_v1,,spatial_frame=fixed_current_boundary_june_2026; historical_boundary_continuity=false; months_complete=12; min_valid_area_fraction=0.99990289; mean_valid_area_fraction=0.99990289; source_product=CHIRPS v3 Final monthly; geometry_source=BIG BATAS_KABKOTA_AR; geometry_source_edition=Juni 2026; observed_station_equivalence=false; comparability_scope=within_CHIRPS_v3_Final_fixed_current_boundary_frame; independent_station_validation=pending
chirpsobs_46cb877e9087cfd8cb9f901c,annual_rainfall,idn.13.1310,2009-01-01,2009-12-31,annual,2630.629579,millimetres,model_estimate,chirpsprov_abb2dd60088714756570bb9f,false,true,chirps_v3_final_monthly_big_june_2026_fixed_boundary_v1,,spatial_frame=fixed_current_boundary_june_2026; historical_boundary_continuity=false; months_complete=12; min_valid_area_fraction=1.00000000; mean_valid_area_fraction=1.00000000; source_product=CHIRPS v3 Final monthly; geometry_source=BIG BATAS_KABKOTA_AR; geometry_source_edition=Juni 2026; observed_station_equivalence=false; comparability_scope=within_CHIRPS_v3_Final_fixed_current_boundary_frame; independent_station_validation=pending
chirpsobs_46ceff68b1d414ac79381618,annual_rainfall,idn.13.1307,2022-01-01,2022-12-31,annual,3760.573590,millimetres,model_estimate,chirpsprov_3aa2018ec0576428d71e18bf,false,true,chirps_v3_final_monthly_big_june_2026_fixed_boundary_v1,,spatial_frame=fixed_current_boundary_june_2026; historical_boundary_continuity=false; months_complete=12; min_valid_area_fraction=1.00000000; mean_valid_area_fraction=1.00000000; source_product=CHIRPS v3 Final monthly; geometry_source=BIG BATAS_KABKOTA_AR; geometry_source_edition=Juni 2026; observed_station_equivalence=false; comparability_scope=within_CHIRPS_v3_Final_fixed_current_boundary_frame; independent_station_validation=pending
chirpsobs_4713f4d70f142b271bbfb7f8,annual_rainfall,idn.13.1309,2023-01-01,2023-12-31,annual,3431.683071,millimetres,model_estimate,chirpsprov_6f7cb8097bed96485afd3cd3,false,true,chirps_v3_final_monthly_big_june_2026_fixed_boundary_v1,,spatial_frame=fixed_current_boundary_june_2026; historical_boundary_continuity=false; months_complete=12; min_valid_area_fraction=1.00000000; mean_valid_area_fraction=1.00000000; source_product=CHIRPS v3 Final monthly; geometry_source=BIG BATAS_KABKOTA_AR; geometry_source_edition=Juni 2026; observed_station_equivalence=false; comparability_scope=within_CHIRPS_v3_Final_fixed_current_boundary_frame; independent_station_validation=pending
chirpsobs_47713ed10e8cc0d15febb44b,annual_rainfall,idn.13.1375,2007-01-01,2007-12-31,annual,2368.534818,millimetres,model_estimate,chirpsprov_d583a73735d084b8b2496aa8,false,true,chirps_v3_final_monthly_big_june_2026_fixed_boundary_v1,,spatial_frame=fixed_current_boundary_june_2026; historical_boundary_continuity=false; months_complete=12; min_valid_area_fraction=1.00000000; mean_valid_area_fraction=1.00000000; source_product=CHIRPS v3 Final monthly; geometry_source=BIG BATAS_KABKOTA_AR; geometry_source_edition=Juni 2026; observed_station_equivalence=false; comparability_scope=within_CHIRPS_v3_Final_fixed_current_boundary_frame; independent_station_validation=pending
chirpsobs_47f05d5cccf710751af3acda,annual_rainfall,idn.13.1374,1982-01-01,1982-12-31,annual,2051.502638,millimetres,model_estimate,chirpsprov_d76928f82e8715e9e28c66e3,false,true,chirps_v3_final_monthly_big_june_2026_fixed_boundary_v1,,spatial_frame=fixed_current_boundary_june_2026; historical_boundary_continuity=false; months_complete=12; min_valid_area_fraction=1.00000000; mean_valid_area_fraction=1.00000000; source_product=CHIRPS v3 Final monthly; geometry_source=BIG BATAS_KABKOTA_AR; geometry_source_edition=Juni 2026; observed_station_equivalence=false; comparability_scope=within_CHIRPS_v3_Final_fixed_current_boundary_frame; independent_station_validation=pending
chirpsobs_480b656116c27a8082204122,annual_rainfall,idn.13.1312,1982-01-01,1982-12-31,annual,3142.845739,millimetres,model_estimate,chirpsprov_d76928f82e8715e9e28c66e3,false,true,chirps_v3_final_monthly_big_june_2026_fixed_boundary_v1,,spatial_frame=fixed_current_boundary_june_2026; historical_boundary_continuity=false; months_complete=12; min_valid_area_fraction=1.00000000; mean_valid_area_fraction=1.00000000; source_product=CHIRPS v3 Final monthly; geometry_source=BIG BATAS_KABKOTA_AR; geometry_source_edition=Juni 2026; observed_station_equivalence=false; comparability_scope=within_CHIRPS_v3_Final_fixed_current_boundary_frame; independent_station_validation=pending
chirpsobs_4822b755a1733177409298f1,annual_rainfall,idn.13.1308,2020-01-01,2020-12-31,annual,2625.799332,millimetres,model_estimate,chirpsprov_869749660f299278b4209870,false,true,chirps_v3_final_monthly_big_june_2026_fixed_boundary_v1,,spatial_frame=fixed_current_boundary_june_2026; historical_boundary_continuity=false; months_complete=12; min_valid_area_fraction=1.00000000; mean_valid_area_fraction=1.00000000; source_product=CHIRPS v3 Final monthly; geometry_source=BIG BATAS_KABKOTA_AR; geometry_source_edition=Juni 2026; observed_station_equivalence=false; comparability_scope=within_CHIRPS_v3_Final_fixed_current_boundary_frame; independent_station_validation=pending
chirpsobs_485f2004148169c9d0afb0b9,annual_rainfall,idn.13.1374,2007-01-01,2007-12-31,annual,2912.014286,millimetres,model_estimate,chirpsprov_d583a73735d084b8b2496aa8,false,true,chirps_v3_final_monthly_big_june_2026_fixed_boundary_v1,,spatial_frame=fixed_current_boundary_june_2026; historical_boundary_continuity=false; months_complete=12; min_valid_area_fraction=1.00000000; mean_valid_area_fraction=1.00000000; source_product=CHIRPS v3 Final monthly; geometry_source=BIG BATAS_KABKOTA_AR; geometry_source_edition=Juni 2026; observed_station_equivalence=false; comparability_scope=within_CHIRPS_v3_Final_fixed_current_boundary_frame; independent_station_validation=pending
chirpsobs_488ffffb3630908251d22a8d,annual_rainfall,idn.13.1309,1982-01-01,1982-12-31,annual,2832.459503,millimetres,model_estimate,chirpsprov_d76928f82e8715e9e28c66e3,false,true,chirps_v3_final_monthly_big_june_2026_fixed_boundary_v1,,spatial_frame=fixed_current_boundary_june_2026; historical_boundary_continuity=false; months_complete=12; min_valid_area_fraction=1.00000000; mean_valid_area_fraction=1.00000000; source_product=CHIRPS v3 Final monthly; geometry_source=BIG BATAS_KABKOTA_AR; geometry_source_edition=Juni 2026; observed_station_equivalence=false; comparability_scope=within_CHIRPS_v3_Final_fixed_current_boundary_frame; independent_station_validation=pending
chirpsobs_48f6ee6523eb506d07e93c3a,annual_rainfall,idn.13.1309,1997-01-01,1997-12-31,annual,1918.170033,millimetres,model_estimate,chirpsprov_549fb51b47f3004dd71af8d7,false,true,chirps_v3_final_monthly_big_june_2026_fixed_boundary_v1,,spatial_frame=fixed_current_boundary_june_2026; historical_boundary_continuity=false; months_complete=12; min_valid_area_fraction=1.00000000; mean_valid_area_fraction=1.00000000; source_product=CHIRPS v3 Final monthly; geometry_source=BIG BATAS_KABKOTA_AR; geometry_source_edition=Juni 2026; observed_station_equivalence=false; comparability_scope=within_CHIRPS_v3_Final_fixed_current_boundary_frame; independent_station_validation=pending
chirpsobs_4913782ccd411df1bd95b2e5,annual_rainfall,idn.13.1303,2024-01-01,2024-12-31,annual,3281.290135,millimetres,model_estimate,chirpsprov_80f1b34a386a8dd06869ba96,false,true,chirps_v3_final_monthly_big_june_2026_fixed_boundary_v1,,spatial_frame=fixed_current_boundary_june_2026; historical_boundary_continuity=false; months_complete=12; min_valid_area_fraction=1.00000000; mean_valid_area_fraction=1.00000000; source_product=CHIRPS v3 Final monthly; geometry_source=BIG BATAS_KABKOTA_AR; geometry_source_edition=Juni 2026; observed_station_equivalence=false; comparability_scope=within_CHIRPS_v3_Final_fixed_current_boundary_frame; independent_station_validation=pending
chirpsobs_4919d190a35bbc0996a75cc4,annual_rainfall,idn.13.1373,1995-01-01,1995-12-31,annual,2640.074379,millimetres,model_estimate,chirpsprov_9ff2f7a1dfcae20618823751,false,true,chirps_v3_final_monthly_big_june_2026_fixed_boundary_v1,,spatial_frame=fixed_current_boundary_june_2026; historical_boundary_continuity=false; months_complete=12; min_valid_area_fraction=1.00000000; mean_valid_area_fraction=1.00000000; source_product=CHIRPS v3 Final monthly; geometry_source=BIG BATAS_KABKOTA_AR; geometry_source_edition=Juni 2026; observed_station_equivalence=false; comparability_scope=within_CHIRPS_v3_Final_fixed_current_boundary_frame; independent_station_validation=pending
chirpsobs_49d6f64966861bdf7835c910,annual_rainfall,idn.13.1376,1987-01-01,1987-12-31,annual,1898.231422,millimetres,model_estimate,chirpsprov_7c2bd4ffc29c3c1f203409a0,false,true,chirps_v3_final_monthly_big_june_2026_fixed_boundary_v1,,spatial_frame=fixed_current_boundary_june_2026; historical_boundary_continuity=false; months_complete=12; min_valid_area_fraction=1.00000000; mean_valid_area_fraction=1.00000000; source_product=CHIRPS v3 Final monthly; geometry_source=BIG BATAS_KABKOTA_AR; geometry_source_edition=Juni 2026; observed_station_equivalence=false; comparability_scope=within_CHIRPS_v3_Final_fixed_current_boundary_frame; independent_station_validation=pending
chirpsobs_4a1218357fdce4c0dc840ce1,annual_rainfall,idn.13.1308,1992-01-01,1992-12-31,annual,2655.236251,millimetres,model_estimate,chirpsprov_938566067d5a0dee5b9cc5f3,false,true,chirps_v3_final_monthly_big_june_2026_fixed_boundary_v1,,spatial_frame=fixed_current_boundary_june_2026; historical_boundary_continuity=false; months_complete=12; min_valid_area_fraction=1.00000000; mean_valid_area_fraction=1.00000000; source_product=CHIRPS v3 Final monthly; geometry_source=BIG BATAS_KABKOTA_AR; geometry_source_edition=Juni 2026; observed_station_equivalence=false; comparability_scope=within_CHIRPS_v3_Final_fixed_current_boundary_frame; independent_station_validation=pending
chirpsobs_4a2c9981313aef2f5cdeda80,annual_rainfall,idn.13.1377,2002-01-01,2002-12-31,annual,4537.778079,millimetres,model_estimate,chirpsprov_2cf1096ce26eebc728e69baf,false,true,chirps_v3_final_monthly_big_june_2026_fixed_boundary_v1,,spatial_frame=fixed_current_boundary_june_2026; historical_boundary_continuity=false; months_complete=12; min_valid_area_fraction=0.99901085; mean_valid_area_fraction=0.99901085; source_product=CHIRPS v3 Final monthly; geometry_source=BIG BATAS_KABKOTA_AR; geometry_source_edition=Juni 2026; observed_station_equivalence=false; comparability_scope=within_CHIRPS_v3_Final_fixed_current_boundary_frame; independent_station_validation=pending
chirpsobs_4a601d3c9af7ceedbcccd012,annual_rainfall,idn.13.1305,1995-01-01,1995-12-31,annual,2511.016803,millimetres,model_estimate,chirpsprov_9ff2f7a1dfcae20618823751,false,true,chirps_v3_final_monthly_big_june_2026_fixed_boundary_v1,,spatial_frame=fixed_current_boundary_june_2026; historical_boundary_continuity=false; months_complete=12; min_valid_area_fraction=1.00000000; mean_valid_area_fraction=1.00000000; source_product=CHIRPS v3 Final monthly; geometry_source=BIG BATAS_KABKOTA_AR; geometry_source_edition=Juni 2026; observed_station_equivalence=false; comparability_scope=within_CHIRPS_v3_Final_fixed_current_boundary_frame; independent_station_validation=pending
chirpsobs_4aa5ae5db4446d351a65d382,annual_rainfall,idn.13.1303,2011-01-01,2011-12-31,annual,2562.935107,millimetres,model_estimate,chirpsprov_f02726b2fbc31c90fe475402,false,true,chirps_v3_final_monthly_big_june_2026_fixed_boundary_v1,,spatial_frame=fixed_current_boundary_june_2026; historical_boundary_continuity=false; months_complete=12; min_valid_area_fraction=1.00000000; mean_valid_area_fraction=1.00000000; source_product=CHIRPS v3 Final monthly; geometry_source=BIG BATAS_KABKOTA_AR; geometry_source_edition=Juni 2026; observed_station_equivalence=false; comparability_scope=within_CHIRPS_v3_Final_fixed_current_boundary_frame; independent_station_validation=pending
chirpsobs_4ad32ec54dc987e520122921,annual_rainfall,idn.13.1308,2007-01-01,2007-12-31,annual,2886.865643,millimetres,model_estimate,chirpsprov_d583a73735d084b8b2496aa8,false,true,chirps_v3_final_monthly_big_june_2026_fixed_boundary_v1,,spatial_frame=fixed_current_boundary_june_2026; historical_boundary_continuity=false; months_complete=12; min_valid_area_fraction=1.00000000; mean_valid_area_fraction=1.00000000; source_product=CHIRPS v3 Final monthly; geometry_source=BIG BATAS_KABKOTA_AR; geometry_source_edition=Juni 2026; observed_station_equivalence=false; comparability_scope=within_CHIRPS_v3_Final_fixed_current_boundary_frame; independent_station_validation=pending
chirpsobs_4ae2b44518a9c0a06b6c72de,annual_rainfall,idn.13.1309,1990-01-01,1990-12-31,annual,3166.434000,millimetres,model_estimate,chirpsprov_8a1debf06ff2601da517ede7,false,true,chirps_v3_final_monthly_big_june_2026_fixed_boundary_v1,,spatial_frame=fixed_current_boundary_june_2026; historical_boundary_continuity=false; months_complete=12; min_valid_area_fraction=1.00000000; mean_valid_area_fraction=1.00000000; source_product=CHIRPS v3 Final monthly; geometry_source=BIG BATAS_KABKOTA_AR; geometry_source_edition=Juni 2026; observed_station_equivalence=false; comparability_scope=within_CHIRPS_v3_Final_fixed_current_boundary_frame; independent_station_validation=pending
chirpsobs_4af40f9c836de13f07eb128a,annual_rainfall,idn.13.1306,2024-01-01,2024-12-31,annual,4885.867178,millimetres,model_estimate,chirpsprov_80f1b34a386a8dd06869ba96,false,true,chirps_v3_final_monthly_big_june_2026_fixed_boundary_v1,,spatial_frame=fixed_current_boundary_june_2026; historical_boundary_continuity=false; months_complete=12; min_valid_area_fraction=0.99993254; mean_valid_area_fraction=0.99993254; source_product=CHIRPS v3 Final monthly; geometry_source=BIG BATAS_KABKOTA_AR; geometry_source_edition=Juni 2026; observed_station_equivalence=false; comparability_scope=within_CHIRPS_v3_Final_fixed_current_boundary_frame; independent_station_validation=pending
chirpsobs_4b5098d202acf1f0f6a55cde,annual_rainfall,idn.13.1371,2022-01-01,2022-12-31,annual,4965.282037,millimetres,model_estimate,chirpsprov_3aa2018ec0576428d71e18bf,false,true,chirps_v3_final_monthly_big_june_2026_fixed_boundary_v1,,spatial_frame=fixed_current_boundary_june_2026; historical_boundary_continuity=false; months_complete=12; min_valid_area_fraction=0.99912533; mean_valid_area_fraction=0.99912533; source_product=CHIRPS v3 Final monthly; geometry_source=BIG BATAS_KABKOTA_AR; geometry_source_edition=Juni 2026; observed_station_equivalence=false; comparability_scope=within_CHIRPS_v3_Final_fixed_current_boundary_frame; independent_station_validation=pending
chirpsobs_4bdfa9c6412eac723a4ef00a,annual_rainfall,idn.13.1376,1991-01-01,1991-12-31,annual,2143.670024,millimetres,model_estimate,chirpsprov_6a2c532764a205347fffab60,false,true,chirps_v3_final_monthly_big_june_2026_fixed_boundary_v1,,spatial_frame=fixed_current_boundary_june_2026; historical_boundary_continuity=false; months_complete=12; min_valid_area_fraction=1.00000000; mean_valid_area_fraction=1.00000000; source_product=CHIRPS v3 Final monthly; geometry_source=BIG BATAS_KABKOTA_AR; geometry_source_edition=Juni 2026; observed_station_equivalence=false; comparability_scope=within_CHIRPS_v3_Final_fixed_current_boundary_frame; independent_station_validation=pending
chirpsobs_4bee83e78724d708762f0228,annual_rainfall,idn.13.1307,2012-01-01,2012-12-31,annual,3226.337623,millimetres,model_estimate,chirpsprov_bf295e30ff22919e667a8443,false,true,chirps_v3_final_monthly_big_june_2026_fixed_boundary_v1,,spatial_frame=fixed_current_boundary_june_2026; historical_boundary_continuity=false; months_complete=12; min_valid_area_fraction=1.00000000; mean_valid_area_fraction=1.00000000; source_product=CHIRPS v3 Final monthly; geometry_source=BIG BATAS_KABKOTA_AR; geometry_source_edition=Juni 2026; observed_station_equivalence=false; comparability_scope=within_CHIRPS_v3_Final_fixed_current_boundary_frame; independent_station_validation=pending
chirpsobs_4c3a20bb9386af2255717f6e,annual_rainfall,idn.13.1302,1987-01-01,1987-12-31,annual,2778.029861,millimetres,model_estimate,chirpsprov_7c2bd4ffc29c3c1f203409a0,false,true,chirps_v3_final_monthly_big_june_2026_fixed_boundary_v1,,spatial_frame=fixed_current_boundary_june_2026; historical_boundary_continuity=false; months_complete=12; min_valid_area_fraction=0.99990289; mean_valid_area_fraction=0.99990289; source_product=CHIRPS v3 Final monthly; geometry_source=BIG BATAS_KABKOTA_AR; geometry_source_edition=Juni 2026; observed_station_equivalence=false; comparability_scope=within_CHIRPS_v3_Final_fixed_current_boundary_frame; independent_station_validation=pending
chirpsobs_4c5b70438be72afebbe49218,annual_rainfall,idn.13.1306,1992-01-01,1992-12-31,annual,3771.088634,millimetres,model_estimate,chirpsprov_938566067d5a0dee5b9cc5f3,false,true,chirps_v3_final_monthly_big_june_2026_fixed_boundary_v1,,spatial_frame=fixed_current_boundary_june_2026; historical_boundary_continuity=false; months_complete=12; min_valid_area_fraction=0.99993254; mean_valid_area_fraction=0.99993254; source_product=CHIRPS v3 Final monthly; geometry_source=BIG BATAS_KABKOTA_AR; geometry_source_edition=Juni 2026; observed_station_equivalence=false; comparability_scope=within_CHIRPS_v3_Final_fixed_current_boundary_frame; independent_station_validation=pending
chirpsobs_4c76c5c08897e1d2d35a0c6f,annual_rainfall,idn.13.1301,1984-01-01,1984-12-31,annual,4060.309071,millimetres,model_estimate,chirpsprov_105560bf68b24142847709fb,false,true,chirps_v3_final_monthly_big_june_2026_fixed_boundary_v1,,spatial_frame=fixed_current_boundary_june_2026; historical_boundary_continuity=false; months_complete=12; min_valid_area_fraction=0.99877921; mean_valid_area_fraction=0.99877921; source_product=CHIRPS v3 Final monthly; geometry_source=BIG BATAS_KABKOTA_AR; geometry_source_edition=Juni 2026; observed_station_equivalence=false; comparability_scope=within_CHIRPS_v3_Final_fixed_current_boundary_frame; independent_station_validation=pending
chirpsobs_4c7f57493517d495ac8f4655,annual_rainfall,idn.13.1372,1983-01-01,1983-12-31,annual,2678.412347,millimetres,model_estimate,chirpsprov_5887a41b20f86613f9be9d94,false,true,chirps_v3_final_monthly_big_june_2026_fixed_boundary_v1,,spatial_frame=fixed_current_boundary_june_2026; historical_boundary_continuity=false; months_complete=12; min_valid_area_fraction=1.00000000; mean_valid_area_fraction=1.00000000; source_product=CHIRPS v3 Final monthly; geometry_source=BIG BATAS_KABKOTA_AR; geometry_source_edition=Juni 2026; observed_station_equivalence=false; comparability_scope=within_CHIRPS_v3_Final_fixed_current_boundary_frame; independent_station_validation=pending
chirpsobs_4ca4bf41c40b45ba7f8ecd45,annual_rainfall,idn.13.1303,1994-01-01,1994-12-31,annual,1559.127732,millimetres,model_estimate,chirpsprov_1ad925e050f99158259f45a8,false,true,chirps_v3_final_monthly_big_june_2026_fixed_boundary_v1,,spatial_frame=fixed_current_boundary_june_2026; historical_boundary_continuity=false; months_complete=12; min_valid_area_fraction=1.00000000; mean_valid_area_fraction=1.00000000; source_product=CHIRPS v3 Final monthly; geometry_source=BIG BATAS_KABKOTA_AR; geometry_source_edition=Juni 2026; observed_station_equivalence=false; comparability_scope=within_CHIRPS_v3_Final_fixed_current_boundary_frame; independent_station_validation=pending
chirpsobs_4cbaab5be77a29b681b67271,annual_rainfall,idn.13.1372,1985-01-01,1985-12-31,annual,2782.644206,millimetres,model_estimate,chirpsprov_245a0c829b03c3b0747fd994,false,true,chirps_v3_final_monthly_big_june_2026_fixed_boundary_v1,,spatial_frame=fixed_current_boundary_june_2026; historical_boundary_continuity=false; months_complete=12; min_valid_area_fraction=1.00000000; mean_valid_area_fraction=1.00000000; source_product=CHIRPS v3 Final monthly; geometry_source=BIG BATAS_KABKOTA_AR; geometry_source_edition=Juni 2026; observed_station_equivalence=false; comparability_scope=within_CHIRPS_v3_Final_fixed_current_boundary_frame; independent_station_validation=pending
chirpsobs_4ce4b21c5ea26693ac025c5b,annual_rainfall,idn.13.1373,2021-01-01,2021-12-31,annual,3005.110378,millimetres,model_estimate,chirpsprov_46837b82c19c621130eb5220,false,true,chirps_v3_final_monthly_big_june_2026_fixed_boundary_v1,,spatial_frame=fixed_current_boundary_june_2026; historical_boundary_continuity=false; months_complete=12; min_valid_area_fraction=1.00000000; mean_valid_area_fraction=1.00000000; source_product=CHIRPS v3 Final monthly; geometry_source=BIG BATAS_KABKOTA_AR; geometry_source_edition=Juni 2026; observed_station_equivalence=false; comparability_scope=within_CHIRPS_v3_Final_fixed_current_boundary_frame; independent_station_validation=pending
chirpsobs_4cff2340161ee3ae3f368ceb,annual_rainfall,idn.13.1307,2023-01-01,2023-12-31,annual,2907.477107,millimetres,model_estimate,chirpsprov_6f7cb8097bed96485afd3cd3,false,true,chirps_v3_final_monthly_big_june_2026_fixed_boundary_v1,,spatial_frame=fixed_current_boundary_june_2026; historical_boundary_continuity=false; months_complete=12; min_valid_area_fraction=1.00000000; mean_valid_area_fraction=1.00000000; source_product=CHIRPS v3 Final monthly; geometry_source=BIG BATAS_KABKOTA_AR; geometry_source_edition=Juni 2026; observed_station_equivalence=false; comparability_scope=within_CHIRPS_v3_Final_fixed_current_boundary_frame; independent_station_validation=pending
chirpsobs_4d8d4f8054e49c6613d2636d,annual_rainfall,idn.13.1374,2024-01-01,2024-12-31,annual,3247.774615,millimetres,model_estimate,chirpsprov_80f1b34a386a8dd06869ba96,false,true,chirps_v3_final_monthly_big_june_2026_fixed_boundary_v1,,spatial_frame=fixed_current_boundary_june_2026; historical_boundary_continuity=false; months_complete=12; min_valid_area_fraction=1.00000000; mean_valid_area_fraction=1.00000000; source_product=CHIRPS v3 Final monthly; geometry_source=BIG BATAS_KABKOTA_AR; geometry_source_edition=Juni 2026; observed_station_equivalence=false; comparability_scope=within_CHIRPS_v3_Final_fixed_current_boundary_frame; independent_station_validation=pending
chirpsobs_4d9645292556a6e75bfec21f,annual_rainfall,idn.13.1304,1994-01-01,1994-12-31,annual,1711.856059,millimetres,model_estimate,chirpsprov_1ad925e050f99158259f45a8,false,true,chirps_v3_final_monthly_big_june_2026_fixed_boundary_v1,,spatial_frame=fixed_current_boundary_june_2026; historical_boundary_continuity=false; months_complete=12; min_valid_area_fraction=1.00000000; mean_valid_area_fraction=1.00000000; source_product=CHIRPS v3 Final monthly; geometry_source=BIG BATAS_KABKOTA_AR; geometry_source_edition=Juni 2026; observed_station_equivalence=false; comparability_scope=within_CHIRPS_v3_Final_fixed_current_boundary_frame; independent_station_validation=pending
chirpsobs_4dae12c13114f10beaa81d8f,annual_rainfall,idn.13.1376,1990-01-01,1990-12-31,annual,1970.650405,millimetres,model_estimate,chirpsprov_8a1debf06ff2601da517ede7,false,true,chirps_v3_final_monthly_big_june_2026_fixed_boundary_v1,,spatial_frame=fixed_current_boundary_june_2026; historical_boundary_continuity=false; months_complete=12; min_valid_area_fraction=1.00000000; mean_valid_area_fraction=1.00000000; source_product=CHIRPS v3 Final monthly; geometry_source=BIG BATAS_KABKOTA_AR; geometry_source_edition=Juni 2026; observed_station_equivalence=false; comparability_scope=within_CHIRPS_v3_Final_fixed_current_boundary_frame; independent_station_validation=pending
chirpsobs_4e0a239959427aff622e2a13,annual_rainfall,idn.13.1309,1981-01-01,1981-12-31,annual,3220.017399,millimetres,model_estimate,chirpsprov_b1892e858b9a21df3f3835f6,false,true,chirps_v3_final_monthly_big_june_2026_fixed_boundary_v1,,spatial_frame=fixed_current_boundary_june_2026; historical_boundary_continuity=false; months_complete=12; min_valid_area_fraction=1.00000000; mean_valid_area_fraction=1.00000000; source_product=CHIRPS v3 Final monthly; geometry_source=BIG BATAS_KABKOTA_AR; geometry_source_edition=Juni 2026; observed_station_equivalence=false; comparability_scope=within_CHIRPS_v3_Final_fixed_current_boundary_frame; independent_station_validation=pending
chirpsobs_4e2a878b0716390b30e6cdc4,annual_rainfall,idn.13.1310,2013-01-01,2013-12-31,annual,2896.711053,millimetres,model_estimate,chirpsprov_5b65845f0a067c46b1ff4bb4,false,true,chirps_v3_final_monthly_big_june_2026_fixed_boundary_v1,,spatial_frame=fixed_current_boundary_june_2026; historical_boundary_continuity=false; months_complete=12; min_valid_area_fraction=1.00000000; mean_valid_area_fraction=1.00000000; source_product=CHIRPS v3 Final monthly; geometry_source=BIG BATAS_KABKOTA_AR; geometry_source_edition=Juni 2026; observed_station_equivalence=false; comparability_scope=within_CHIRPS_v3_Final_fixed_current_boundary_frame; independent_station_validation=pending
chirpsobs_4e7bd21fa344474b5cfd8cf0,annual_rainfall,idn.13.1307,2025-01-01,2025-12-31,annual,2996.195772,millimetres,model_estimate,chirpsprov_895a16cb21d7cc63ddc0f299,false,true,chirps_v3_final_monthly_big_june_2026_fixed_boundary_v1,,spatial_frame=fixed_current_boundary_june_2026; historical_boundary_continuity=false; months_complete=12; min_valid_area_fraction=1.00000000; mean_valid_area_fraction=1.00000000; source_product=CHIRPS v3 Final monthly; geometry_source=BIG BATAS_KABKOTA_AR; geometry_source_edition=Juni 2026; observed_station_equivalence=false; comparability_scope=within_CHIRPS_v3_Final_fixed_current_boundary_frame; independent_station_validation=pending
chirpsobs_4e8b900964b96e8d0547df5e,annual_rainfall,idn.13.1375,1993-01-01,1993-12-31,annual,1745.329956,millimetres,model_estimate,chirpsprov_0b1431dfbfc76cd87c567ea3,false,true,chirps_v3_final_monthly_big_june_2026_fixed_boundary_v1,,spatial_frame=fixed_current_boundary_june_2026; historical_boundary_continuity=false; months_complete=12; min_valid_area_fraction=1.00000000; mean_valid_area_fraction=1.00000000; source_product=CHIRPS v3 Final monthly; geometry_source=BIG BATAS_KABKOTA_AR; geometry_source_edition=Juni 2026; observed_station_equivalence=false; comparability_scope=within_CHIRPS_v3_Final_fixed_current_boundary_frame; independent_station_validation=pending
chirpsobs_4edfebee1846c9531eedd937,annual_rainfall,idn.13.1308,2004-01-01,2004-12-31,annual,2469.955799,millimetres,model_estimate,chirpsprov_96a561b0500081f35c2a6aff,false,true,chirps_v3_final_monthly_big_june_2026_fixed_boundary_v1,,spatial_frame=fixed_current_boundary_june_2026; historical_boundary_continuity=false; months_complete=12; min_valid_area_fraction=1.00000000; mean_valid_area_fraction=1.00000000; source_product=CHIRPS v3 Final monthly; geometry_source=BIG BATAS_KABKOTA_AR; geometry_source_edition=Juni 2026; observed_station_equivalence=false; comparability_scope=within_CHIRPS_v3_Final_fixed_current_boundary_frame; independent_station_validation=pending
chirpsobs_4ee0d16c72a9c4128fe401f9,annual_rainfall,idn.13.1309,2002-01-01,2002-12-31,annual,3244.641055,millimetres,model_estimate,chirpsprov_2cf1096ce26eebc728e69baf,false,true,chirps_v3_final_monthly_big_june_2026_fixed_boundary_v1,,spatial_frame=fixed_current_boundary_june_2026; historical_boundary_continuity=false; months_complete=12; min_valid_area_fraction=1.00000000; mean_valid_area_fraction=1.00000000; source_product=CHIRPS v3 Final monthly; geometry_source=BIG BATAS_KABKOTA_AR; geometry_source_edition=Juni 2026; observed_station_equivalence=false; comparability_scope=within_CHIRPS_v3_Final_fixed_current_boundary_frame; independent_station_validation=pending
chirpsobs_4f0d40219bde7ac0abd94688,annual_rainfall,idn.13.1310,2016-01-01,2016-12-31,annual,2956.128359,millimetres,model_estimate,chirpsprov_bdfc0cb4713e768353b0af59,false,true,chirps_v3_final_monthly_big_june_2026_fixed_boundary_v1,,spatial_frame=fixed_current_boundary_june_2026; historical_boundary_continuity=false; months_complete=12; min_valid_area_fraction=1.00000000; mean_valid_area_fraction=1.00000000; source_product=CHIRPS v3 Final monthly; geometry_source=BIG BATAS_KABKOTA_AR; geometry_source_edition=Juni 2026; observed_station_equivalence=false; comparability_scope=within_CHIRPS_v3_Final_fixed_current_boundary_frame; independent_station_validation=pending
chirpsobs_4f9cb0fc8e82ca7d10ab272a,annual_rainfall,idn.13.1301,2010-01-01,2010-12-31,annual,3458.536861,millimetres,model_estimate,chirpsprov_6d539a98f8e70f0f921b9fea,false,true,chirps_v3_final_monthly_big_june_2026_fixed_boundary_v1,,spatial_frame=fixed_current_boundary_june_2026; historical_boundary_continuity=false; months_complete=12; min_valid_area_fraction=0.99877921; mean_valid_area_fraction=0.99877921; source_product=CHIRPS v3 Final monthly; geometry_source=BIG BATAS_KABKOTA_AR; geometry_source_edition=Juni 2026; observed_station_equivalence=false; comparability_scope=within_CHIRPS_v3_Final_fixed_current_boundary_frame; independent_station_validation=pending
chirpsobs_5022c3e679c55ba234b15e99,annual_rainfall,idn.13.1373,2012-01-01,2012-12-31,annual,3088.295793,millimetres,model_estimate,chirpsprov_bf295e30ff22919e667a8443,false,true,chirps_v3_final_monthly_big_june_2026_fixed_boundary_v1,,spatial_frame=fixed_current_boundary_june_2026; historical_boundary_continuity=false; months_complete=12; min_valid_area_fraction=1.00000000; mean_valid_area_fraction=1.00000000; source_product=CHIRPS v3 Final monthly; geometry_source=BIG BATAS_KABKOTA_AR; geometry_source_edition=Juni 2026; observed_station_equivalence=false; comparability_scope=within_CHIRPS_v3_Final_fixed_current_boundary_frame; independent_station_validation=pending
chirpsobs_5067294976a24988ee701558,annual_rainfall,idn.13.1377,2001-01-01,2001-12-31,annual,3397.296139,millimetres,model_estimate,chirpsprov_08cf9a732d039d72eccb02c0,false,true,chirps_v3_final_monthly_big_june_2026_fixed_boundary_v1,,spatial_frame=fixed_current_boundary_june_2026; historical_boundary_continuity=false; months_complete=12; min_valid_area_fraction=0.99901085; mean_valid_area_fraction=0.99901085; source_product=CHIRPS v3 Final monthly; geometry_source=BIG BATAS_KABKOTA_AR; geometry_source_edition=Juni 2026; observed_station_equivalence=false; comparability_scope=within_CHIRPS_v3_Final_fixed_current_boundary_frame; independent_station_validation=pending
chirpsobs_50dbaa0f62a041d53d358737,annual_rainfall,idn.13.1373,1991-01-01,1991-12-31,annual,2432.328059,millimetres,model_estimate,chirpsprov_6a2c532764a205347fffab60,false,true,chirps_v3_final_monthly_big_june_2026_fixed_boundary_v1,,spatial_frame=fixed_current_boundary_june_2026; historical_boundary_continuity=false; months_complete=12; min_valid_area_fraction=1.00000000; mean_valid_area_fraction=1.00000000; source_product=CHIRPS v3 Final monthly; geometry_source=BIG BATAS_KABKOTA_AR; geometry_source_edition=Juni 2026; observed_station_equivalence=false; comparability_scope=within_CHIRPS_v3_Final_fixed_current_boundary_frame; independent_station_validation=pending
chirpsobs_5119243cbd90ad0e8e881310,annual_rainfall,idn.13.1371,1988-01-01,1988-12-31,annual,4243.778306,millimetres,model_estimate,chirpsprov_9bfc6526f1c0b90065fc7c93,false,true,chirps_v3_final_monthly_big_june_2026_fixed_boundary_v1,,spatial_frame=fixed_current_boundary_june_2026; historical_boundary_continuity=false; months_complete=12; min_valid_area_fraction=0.99912533; mean_valid_area_fraction=0.99912533; source_product=CHIRPS v3 Final monthly; geometry_source=BIG BATAS_KABKOTA_AR; geometry_source_edition=Juni 2026; observed_station_equivalence=false; comparability_scope=within_CHIRPS_v3_Final_fixed_current_boundary_frame; independent_station_validation=pending
chirpsobs_515fd09e0ed5730564e3bad2,annual_rainfall,idn.13.1376,1983-01-01,1983-12-31,annual,1985.453517,millimetres,model_estimate,chirpsprov_5887a41b20f86613f9be9d94,false,true,chirps_v3_final_monthly_big_june_2026_fixed_boundary_v1,,spatial_frame=fixed_current_boundary_june_2026; historical_boundary_continuity=false; months_complete=12; min_valid_area_fraction=1.00000000; mean_valid_area_fraction=1.00000000; source_product=CHIRPS v3 Final monthly; geometry_source=BIG BATAS_KABKOTA_AR; geometry_source_edition=Juni 2026; observed_station_equivalence=false; comparability_scope=within_CHIRPS_v3_Final_fixed_current_boundary_frame; independent_station_validation=pending
chirpsobs_5194726b3776a1c60783969b,annual_rainfall,idn.13.1307,2006-01-01,2006-12-31,annual,2270.381491,millimetres,model_estimate,chirpsprov_33c1360517abf4405894a6a4,false,true,chirps_v3_final_monthly_big_june_2026_fixed_boundary_v1,,spatial_frame=fixed_current_boundary_june_2026; historical_boundary_continuity=false; months_complete=12; min_valid_area_fraction=1.00000000; mean_valid_area_fraction=1.00000000; source_product=CHIRPS v3 Final monthly; geometry_source=BIG BATAS_KABKOTA_AR; geometry_source_edition=Juni 2026; observed_station_equivalence=false; comparability_scope=within_CHIRPS_v3_Final_fixed_current_boundary_frame; independent_station_validation=pending
chirpsobs_51981985c6a37f251f63f53c,annual_rainfall,idn.13.1374,2021-01-01,2021-12-31,annual,3026.154770,millimetres,model_estimate,chirpsprov_46837b82c19c621130eb5220,false,true,chirps_v3_final_monthly_big_june_2026_fixed_boundary_v1,,spatial_frame=fixed_current_boundary_june_2026; historical_boundary_continuity=false; months_complete=12; min_valid_area_fraction=1.00000000; mean_valid_area_fraction=1.00000000; source_product=CHIRPS v3 Final monthly; geometry_source=BIG BATAS_KABKOTA_AR; geometry_source_edition=Juni 2026; observed_station_equivalence=false; comparability_scope=within_CHIRPS_v3_Final_fixed_current_boundary_frame; independent_station_validation=pending
chirpsobs_526b125c2665a6b69bd702d3,annual_rainfall,idn.13.1311,2023-01-01,2023-12-31,annual,3199.790741,millimetres,model_estimate,chirpsprov_6f7cb8097bed96485afd3cd3,false,true,chirps_v3_final_monthly_big_june_2026_fixed_boundary_v1,,spatial_frame=fixed_current_boundary_june_2026; historical_boundary_continuity=false; months_complete=12; min_valid_area_fraction=1.00000000; mean_valid_area_fraction=1.00000000; source_product=CHIRPS v3 Final monthly; geometry_source=BIG BATAS_KABKOTA_AR; geometry_source_edition=Juni 2026; observed_station_equivalence=false; comparability_scope=within_CHIRPS_v3_Final_fixed_current_boundary_frame; independent_station_validation=pending
chirpsobs_52b5dc6e96616c370cae7ef5,annual_rainfall,idn.13.1310,2011-01-01,2011-12-31,annual,2506.196255,millimetres,model_estimate,chirpsprov_f02726b2fbc31c90fe475402,false,true,chirps_v3_final_monthly_big_june_2026_fixed_boundary_v1,,spatial_frame=fixed_current_boundary_june_2026; historical_boundary_continuity=false; months_complete=12; min_valid_area_fraction=1.00000000; mean_valid_area_fraction=1.00000000; source_product=CHIRPS v3 Final monthly; geometry_source=BIG BATAS_KABKOTA_AR; geometry_source_edition=Juni 2026; observed_station_equivalence=false; comparability_scope=within_CHIRPS_v3_Final_fixed_current_boundary_frame; independent_station_validation=pending
chirpsobs_52b6421e3e4e371e49ce12b1,annual_rainfall,idn.13.1371,2024-01-01,2024-12-31,annual,4477.248585,millimetres,model_estimate,chirpsprov_80f1b34a386a8dd06869ba96,false,true,chirps_v3_final_monthly_big_june_2026_fixed_boundary_v1,,spatial_frame=fixed_current_boundary_june_2026; historical_boundary_continuity=false; months_complete=12; min_valid_area_fraction=0.99912533; mean_valid_area_fraction=0.99912533; source_product=CHIRPS v3 Final monthly; geometry_source=BIG BATAS_KABKOTA_AR; geometry_source_edition=Juni 2026; observed_station_equivalence=false; comparability_scope=within_CHIRPS_v3_Final_fixed_current_boundary_frame; independent_station_validation=pending
chirpsobs_52cf6e2794206f4cb2b82b2a,annual_rainfall,idn.13.1375,1985-01-01,1985-12-31,annual,2163.754885,millimetres,model_estimate,chirpsprov_245a0c829b03c3b0747fd994,false,true,chirps_v3_final_monthly_big_june_2026_fixed_boundary_v1,,spatial_frame=fixed_current_boundary_june_2026; historical_boundary_continuity=false; months_complete=12; min_valid_area_fraction=1.00000000; mean_valid_area_fraction=1.00000000; source_product=CHIRPS v3 Final monthly; geometry_source=BIG BATAS_KABKOTA_AR; geometry_source_edition=Juni 2026; observed_station_equivalence=false; comparability_scope=within_CHIRPS_v3_Final_fixed_current_boundary_frame; independent_station_validation=pending
chirpsobs_52e7013428e14622d299952a,annual_rainfall,idn.13.1373,1998-01-01,1998-12-31,annual,2502.183962,millimetres,model_estimate,chirpsprov_fd5c54c3ffb3d358e77e15f7,false,true,chirps_v3_final_monthly_big_june_2026_fixed_boundary_v1,,spatial_frame=fixed_current_boundary_june_2026; historical_boundary_continuity=false; months_complete=12; min_valid_area_fraction=1.00000000; mean_valid_area_fraction=1.00000000; source_product=CHIRPS v3 Final monthly; geometry_source=BIG BATAS_KABKOTA_AR; geometry_source_edition=Juni 2026; observed_station_equivalence=false; comparability_scope=within_CHIRPS_v3_Final_fixed_current_boundary_frame; independent_station_validation=pending
chirpsobs_531f9179f270af1c7823ce10,annual_rainfall,idn.13.1302,2017-01-01,2017-12-31,annual,3028.755670,millimetres,model_estimate,chirpsprov_dccafa903dab232b9aad0bd5,false,true,chirps_v3_final_monthly_big_june_2026_fixed_boundary_v1,,spatial_frame=fixed_current_boundary_june_2026; historical_boundary_continuity=false; months_complete=12; min_valid_area_fraction=0.99990289; mean_valid_area_fraction=0.99990289; source_product=CHIRPS v3 Final monthly; geometry_source=BIG BATAS_KABKOTA_AR; geometry_source_edition=Juni 2026; observed_station_equivalence=false; comparability_scope=within_CHIRPS_v3_Final_fixed_current_boundary_frame; independent_station_validation=pending
chirpsobs_53b4ba26c47c97af6090da0d,annual_rainfall,idn.13.1375,2021-01-01,2021-12-31,annual,2376.071718,millimetres,model_estimate,chirpsprov_46837b82c19c621130eb5220,false,true,chirps_v3_final_monthly_big_june_2026_fixed_boundary_v1,,spatial_frame=fixed_current_boundary_june_2026; historical_boundary_continuity=false; months_complete=12; min_valid_area_fraction=1.00000000; mean_valid_area_fraction=1.00000000; source_product=CHIRPS v3 Final monthly; geometry_source=BIG BATAS_KABKOTA_AR; geometry_source_edition=Juni 2026; observed_station_equivalence=false; comparability_scope=within_CHIRPS_v3_Final_fixed_current_boundary_frame; independent_station_validation=pending
chirpsobs_53cd29f0e9c56ed26ff3c291,annual_rainfall,idn.13.1302,2004-01-01,2004-12-31,annual,2713.499921,millimetres,model_estimate,chirpsprov_96a561b0500081f35c2a6aff,false,true,chirps_v3_final_monthly_big_june_2026_fixed_boundary_v1,,spatial_frame=fixed_current_boundary_june_2026; historical_boundary_continuity=false; months_complete=12; min_valid_area_fraction=0.99990289; mean_valid_area_fraction=0.99990289; source_product=CHIRPS v3 Final monthly; geometry_source=BIG BATAS_KABKOTA_AR; geometry_source_edition=Juni 2026; observed_station_equivalence=false; comparability_scope=within_CHIRPS_v3_Final_fixed_current_boundary_frame; independent_station_validation=pending
chirpsobs_54245463d7b02ce779212bbc,annual_rainfall,idn.13.1302,1986-01-01,1986-12-31,annual,3413.020912,millimetres,model_estimate,chirpsprov_6c1e56941bc5b402ba2b4cbf,false,true,chirps_v3_final_monthly_big_june_2026_fixed_boundary_v1,,spatial_frame=fixed_current_boundary_june_2026; historical_boundary_continuity=false; months_complete=12; min_valid_area_fraction=0.99990289; mean_valid_area_fraction=0.99990289; source_product=CHIRPS v3 Final monthly; geometry_source=BIG BATAS_KABKOTA_AR; geometry_source_edition=Juni 2026; observed_station_equivalence=false; comparability_scope=within_CHIRPS_v3_Final_fixed_current_boundary_frame; independent_station_validation=pending
chirpsobs_543053969a390adc765c390e,annual_rainfall,idn.13.1308,2003-01-01,2003-12-31,annual,3043.515958,millimetres,model_estimate,chirpsprov_2b5773cbf1c57eb413def781,false,true,chirps_v3_final_monthly_big_june_2026_fixed_boundary_v1,,spatial_frame=fixed_current_boundary_june_2026; historical_boundary_continuity=false; months_complete=12; min_valid_area_fraction=1.00000000; mean_valid_area_fraction=1.00000000; source_product=CHIRPS v3 Final monthly; geometry_source=BIG BATAS_KABKOTA_AR; geometry_source_edition=Juni 2026; observed_station_equivalence=false; comparability_scope=within_CHIRPS_v3_Final_fixed_current_boundary_frame; independent_station_validation=pending
chirpsobs_546381953c3872866b1ac36c,annual_rainfall,idn.13.1304,1983-01-01,1983-12-31,annual,2538.370957,millimetres,model_estimate,chirpsprov_5887a41b20f86613f9be9d94,false,true,chirps_v3_final_monthly_big_june_2026_fixed_boundary_v1,,spatial_frame=fixed_current_boundary_june_2026; historical_boundary_continuity=false; months_complete=12; min_valid_area_fraction=1.00000000; mean_valid_area_fraction=1.00000000; source_product=CHIRPS v3 Final monthly; geometry_source=BIG BATAS_KABKOTA_AR; geometry_source_edition=Juni 2026; observed_station_equivalence=false; comparability_scope=within_CHIRPS_v3_Final_fixed_current_boundary_frame; independent_station_validation=pending
chirpsobs_54a4cc1eae8dce4561af41af,annual_rainfall,idn.13.1307,2016-01-01,2016-12-31,annual,3202.926856,millimetres,model_estimate,chirpsprov_bdfc0cb4713e768353b0af59,false,true,chirps_v3_final_monthly_big_june_2026_fixed_boundary_v1,,spatial_frame=fixed_current_boundary_june_2026; historical_boundary_continuity=false; months_complete=12; min_valid_area_fraction=1.00000000; mean_valid_area_fraction=1.00000000; source_product=CHIRPS v3 Final monthly; geometry_source=BIG BATAS_KABKOTA_AR; geometry_source_edition=Juni 2026; observed_station_equivalence=false; comparability_scope=within_CHIRPS_v3_Final_fixed_current_boundary_frame; independent_station_validation=pending
chirpsobs_54e77848041e030accfa42ba,annual_rainfall,idn.13.1310,1998-01-01,1998-12-31,annual,2674.791489,millimetres,model_estimate,chirpsprov_fd5c54c3ffb3d358e77e15f7,false,true,chirps_v3_final_monthly_big_june_2026_fixed_boundary_v1,,spatial_frame=fixed_current_boundary_june_2026; historical_boundary_continuity=false; months_complete=12; min_valid_area_fraction=1.00000000; mean_valid_area_fraction=1.00000000; source_product=CHIRPS v3 Final monthly; geometry_source=BIG BATAS_KABKOTA_AR; geometry_source_edition=Juni 2026; observed_station_equivalence=false; comparability_scope=within_CHIRPS_v3_Final_fixed_current_boundary_frame; independent_station_validation=pending
chirpsobs_55138ffe5b84b39e3b1c42e6,annual_rainfall,idn.13.1301,2015-01-01,2015-12-31,annual,3056.565427,millimetres,model_estimate,chirpsprov_b12d5727b3360f9d0d1cfcbb,false,true,chirps_v3_final_monthly_big_june_2026_fixed_boundary_v1,,spatial_frame=fixed_current_boundary_june_2026; historical_boundary_continuity=false; months_complete=12; min_valid_area_fraction=0.99877921; mean_valid_area_fraction=0.99877921; source_product=CHIRPS v3 Final monthly; geometry_source=BIG BATAS_KABKOTA_AR; geometry_source_edition=Juni 2026; observed_station_equivalence=false; comparability_scope=within_CHIRPS_v3_Final_fixed_current_boundary_frame; independent_station_validation=pending
chirpsobs_5525f363df5e707caefe23c3,annual_rainfall,idn.13.1306,1998-01-01,1998-12-31,annual,3557.425218,millimetres,model_estimate,chirpsprov_fd5c54c3ffb3d358e77e15f7,false,true,chirps_v3_final_monthly_big_june_2026_fixed_boundary_v1,,spatial_frame=fixed_current_boundary_june_2026; historical_boundary_continuity=false; months_complete=12; min_valid_area_fraction=0.99993254; mean_valid_area_fraction=0.99993254; source_product=CHIRPS v3 Final monthly; geometry_source=BIG BATAS_KABKOTA_AR; geometry_source_edition=Juni 2026; observed_station_equivalence=false; comparability_scope=within_CHIRPS_v3_Final_fixed_current_boundary_frame; independent_station_validation=pending
chirpsobs_5539681cb46970f206e09f62,annual_rainfall,idn.13.1311,2024-01-01,2024-12-31,annual,3471.425003,millimetres,model_estimate,chirpsprov_80f1b34a386a8dd06869ba96,false,true,chirps_v3_final_monthly_big_june_2026_fixed_boundary_v1,,spatial_frame=fixed_current_boundary_june_2026; historical_boundary_continuity=false; months_complete=12; min_valid_area_fraction=1.00000000; mean_valid_area_fraction=1.00000000; source_product=CHIRPS v3 Final monthly; geometry_source=BIG BATAS_KABKOTA_AR; geometry_source_edition=Juni 2026; observed_station_equivalence=false; comparability_scope=within_CHIRPS_v3_Final_fixed_current_boundary_frame; independent_station_validation=pending
chirpsobs_5547d4610dadf0309fa511ab,annual_rainfall,idn.13.1305,1996-01-01,1996-12-31,annual,2085.674273,millimetres,model_estimate,chirpsprov_864915f0694d4a2f8d62d710,false,true,chirps_v3_final_monthly_big_june_2026_fixed_boundary_v1,,spatial_frame=fixed_current_boundary_june_2026; historical_boundary_continuity=false; months_complete=12; min_valid_area_fraction=1.00000000; mean_valid_area_fraction=1.00000000; source_product=CHIRPS v3 Final monthly; geometry_source=BIG BATAS_KABKOTA_AR; geometry_source_edition=Juni 2026; observed_station_equivalence=false; comparability_scope=within_CHIRPS_v3_Final_fixed_current_boundary_frame; independent_station_validation=pending
chirpsobs_555c4e26474a79209fdaf078,annual_rainfall,idn.13.1309,2012-01-01,2012-12-31,annual,3750.553109,millimetres,model_estimate,chirpsprov_bf295e30ff22919e667a8443,false,true,chirps_v3_final_monthly_big_june_2026_fixed_boundary_v1,,spatial_frame=fixed_current_boundary_june_2026; historical_boundary_continuity=false; months_complete=12; min_valid_area_fraction=1.00000000; mean_valid_area_fraction=1.00000000; source_product=CHIRPS v3 Final monthly; geometry_source=BIG BATAS_KABKOTA_AR; geometry_source_edition=Juni 2026; observed_station_equivalence=false; comparability_scope=within_CHIRPS_v3_Final_fixed_current_boundary_frame; independent_station_validation=pending
chirpsobs_55688a77fdee6ac05f1e63b3,annual_rainfall,idn.13.1374,1987-01-01,1987-12-31,annual,2437.115111,millimetres,model_estimate,chirpsprov_7c2bd4ffc29c3c1f203409a0,false,true,chirps_v3_final_monthly_big_june_2026_fixed_boundary_v1,,spatial_frame=fixed_current_boundary_june_2026; historical_boundary_continuity=false; months_complete=12; min_valid_area_fraction=1.00000000; mean_valid_area_fraction=1.00000000; source_product=CHIRPS v3 Final monthly; geometry_source=BIG BATAS_KABKOTA_AR; geometry_source_edition=Juni 2026; observed_station_equivalence=false; comparability_scope=within_CHIRPS_v3_Final_fixed_current_boundary_frame; independent_station_validation=pending
chirpsobs_55b9336bf1ac22665e19c543,annual_rainfall,idn.13.1376,1994-01-01,1994-12-31,annual,1383.784782,millimetres,model_estimate,chirpsprov_1ad925e050f99158259f45a8,false,true,chirps_v3_final_monthly_big_june_2026_fixed_boundary_v1,,spatial_frame=fixed_current_boundary_june_2026; historical_boundary_continuity=false; months_complete=12; min_valid_area_fraction=1.00000000; mean_valid_area_fraction=1.00000000; source_product=CHIRPS v3 Final monthly; geometry_source=BIG BATAS_KABKOTA_AR; geometry_source_edition=Juni 2026; observed_station_equivalence=false; comparability_scope=within_CHIRPS_v3_Final_fixed_current_boundary_frame; independent_station_validation=pending
chirpsobs_564f6ad2618a9922773b4cd3,annual_rainfall,idn.13.1303,2006-01-01,2006-12-31,annual,2381.770175,millimetres,model_estimate,chirpsprov_33c1360517abf4405894a6a4,false,true,chirps_v3_final_monthly_big_june_2026_fixed_boundary_v1,,spatial_frame=fixed_current_boundary_june_2026; historical_boundary_continuity=false; months_complete=12; min_valid_area_fraction=1.00000000; mean_valid_area_fraction=1.00000000; source_product=CHIRPS v3 Final monthly; geometry_source=BIG BATAS_KABKOTA_AR; geometry_source_edition=Juni 2026; observed_station_equivalence=false; comparability_scope=within_CHIRPS_v3_Final_fixed_current_boundary_frame; independent_station_validation=pending
chirpsobs_565a9a75b70ac6111e530c26,annual_rainfall,idn.13.1306,2022-01-01,2022-12-31,annual,5260.041094,millimetres,model_estimate,chirpsprov_3aa2018ec0576428d71e18bf,false,true,chirps_v3_final_monthly_big_june_2026_fixed_boundary_v1,,spatial_frame=fixed_current_boundary_june_2026; historical_boundary_continuity=false; months_complete=12; min_valid_area_fraction=0.99993254; mean_valid_area_fraction=0.99993254; source_product=CHIRPS v3 Final monthly; geometry_source=BIG BATAS_KABKOTA_AR; geometry_source_edition=Juni 2026; observed_station_equivalence=false; comparability_scope=within_CHIRPS_v3_Final_fixed_current_boundary_frame; independent_station_validation=pending
chirpsobs_56d28ce2706a38829be7f0f6,annual_rainfall,idn.13.1306,1983-01-01,1983-12-31,annual,3607.157070,millimetres,model_estimate,chirpsprov_5887a41b20f86613f9be9d94,false,true,chirps_v3_final_monthly_big_june_2026_fixed_boundary_v1,,spatial_frame=fixed_current_boundary_june_2026; historical_boundary_continuity=false; months_complete=12; min_valid_area_fraction=0.99993254; mean_valid_area_fraction=0.99993254; source_product=CHIRPS v3 Final monthly; geometry_source=BIG BATAS_KABKOTA_AR; geometry_source_edition=Juni 2026; observed_station_equivalence=false; comparability_scope=within_CHIRPS_v3_Final_fixed_current_boundary_frame; independent_station_validation=pending
chirpsobs_56d52ef71db55dc75b1b14f7,annual_rainfall,idn.13.1306,2012-01-01,2012-12-31,annual,4286.422931,millimetres,model_estimate,chirpsprov_bf295e30ff22919e667a8443,false,true,chirps_v3_final_monthly_big_june_2026_fixed_boundary_v1,,spatial_frame=fixed_current_boundary_june_2026; historical_boundary_continuity=false; months_complete=12; min_valid_area_fraction=0.99993254; mean_valid_area_fraction=0.99993254; source_product=CHIRPS v3 Final monthly; geometry_source=BIG BATAS_KABKOTA_AR; geometry_source_edition=Juni 2026; observed_station_equivalence=false; comparability_scope=within_CHIRPS_v3_Final_fixed_current_boundary_frame; independent_station_validation=pending
chirpsobs_5759620ee3b0d7232b2b7ab0,annual_rainfall,idn.13.1304,1993-01-01,1993-12-31,annual,2205.106281,millimetres,model_estimate,chirpsprov_0b1431dfbfc76cd87c567ea3,false,true,chirps_v3_final_monthly_big_june_2026_fixed_boundary_v1,,spatial_frame=fixed_current_boundary_june_2026; historical_boundary_continuity=false; months_complete=12; min_valid_area_fraction=1.00000000; mean_valid_area_fraction=1.00000000; source_product=CHIRPS v3 Final monthly; geometry_source=BIG BATAS_KABKOTA_AR; geometry_source_edition=Juni 2026; observed_station_equivalence=false; comparability_scope=within_CHIRPS_v3_Final_fixed_current_boundary_frame; independent_station_validation=pending
chirpsobs_578af15586ea79fce212828c,annual_rainfall,idn.13.1304,2002-01-01,2002-12-31,annual,2645.730487,millimetres,model_estimate,chirpsprov_2cf1096ce26eebc728e69baf,false,true,chirps_v3_final_monthly_big_june_2026_fixed_boundary_v1,,spatial_frame=fixed_current_boundary_june_2026; historical_boundary_continuity=false; months_complete=12; min_valid_area_fraction=1.00000000; mean_valid_area_fraction=1.00000000; source_product=CHIRPS v3 Final monthly; geometry_source=BIG BATAS_KABKOTA_AR; geometry_source_edition=Juni 2026; observed_station_equivalence=false; comparability_scope=within_CHIRPS_v3_Final_fixed_current_boundary_frame; independent_station_validation=pending
chirpsobs_57b3f88691e15ba00102122e,annual_rainfall,idn.13.1375,2004-01-01,2004-12-31,annual,2133.814684,millimetres,model_estimate,chirpsprov_96a561b0500081f35c2a6aff,false,true,chirps_v3_final_monthly_big_june_2026_fixed_boundary_v1,,spatial_frame=fixed_current_boundary_june_2026; historical_boundary_continuity=false; months_complete=12; min_valid_area_fraction=1.00000000; mean_valid_area_fraction=1.00000000; source_product=CHIRPS v3 Final monthly; geometry_source=BIG BATAS_KABKOTA_AR; geometry_source_edition=Juni 2026; observed_station_equivalence=false; comparability_scope=within_CHIRPS_v3_Final_fixed_current_boundary_frame; independent_station_validation=pending
chirpsobs_57dedb1e27dbfdf048a763da,annual_rainfall,idn.13.1307,1988-01-01,1988-12-31,annual,3227.311929,millimetres,model_estimate,chirpsprov_9bfc6526f1c0b90065fc7c93,false,true,chirps_v3_final_monthly_big_june_2026_fixed_boundary_v1,,spatial_frame=fixed_current_boundary_june_2026; historical_boundary_continuity=false; months_complete=12; min_valid_area_fraction=1.00000000; mean_valid_area_fraction=1.00000000; source_product=CHIRPS v3 Final monthly; geometry_source=BIG BATAS_KABKOTA_AR; geometry_source_edition=Juni 2026; observed_station_equivalence=false; comparability_scope=within_CHIRPS_v3_Final_fixed_current_boundary_frame; independent_station_validation=pending
chirpsobs_58530747e0bfc9b627736303,annual_rainfall,idn.13.1377,2005-01-01,2005-12-31,annual,4607.964924,millimetres,model_estimate,chirpsprov_7d3a32c4624fac5599297aae,false,true,chirps_v3_final_monthly_big_june_2026_fixed_boundary_v1,,spatial_frame=fixed_current_boundary_june_2026; historical_boundary_continuity=false; months_complete=12; min_valid_area_fraction=0.99901085; mean_valid_area_fraction=0.99901085; source_product=CHIRPS v3 Final monthly; geometry_source=BIG BATAS_KABKOTA_AR; geometry_source_edition=Juni 2026; observed_station_equivalence=false; comparability_scope=within_CHIRPS_v3_Final_fixed_current_boundary_frame; independent_station_validation=pending
chirpsobs_585d6e3edeed121f28cca291,annual_rainfall,idn.13.1302,2000-01-01,2000-12-31,annual,3260.108290,millimetres,model_estimate,chirpsprov_fc3b6aa57f2d9a4e61b62b31,false,true,chirps_v3_final_monthly_big_june_2026_fixed_boundary_v1,,spatial_frame=fixed_current_boundary_june_2026; historical_boundary_continuity=false; months_complete=12; min_valid_area_fraction=0.99990289; mean_valid_area_fraction=0.99990289; source_product=CHIRPS v3 Final monthly; geometry_source=BIG BATAS_KABKOTA_AR; geometry_source_edition=Juni 2026; observed_station_equivalence=false; comparability_scope=within_CHIRPS_v3_Final_fixed_current_boundary_frame; independent_station_validation=pending
chirpsobs_5879db9458749502d55c1752,annual_rainfall,idn.13.1375,1984-01-01,1984-12-31,annual,2523.296948,millimetres,model_estimate,chirpsprov_105560bf68b24142847709fb,false,true,chirps_v3_final_monthly_big_june_2026_fixed_boundary_v1,,spatial_frame=fixed_current_boundary_june_2026; historical_boundary_continuity=false; months_complete=12; min_valid_area_fraction=1.00000000; mean_valid_area_fraction=1.00000000; source_product=CHIRPS v3 Final monthly; geometry_source=BIG BATAS_KABKOTA_AR; geometry_source_edition=Juni 2026; observed_station_equivalence=false; comparability_scope=within_CHIRPS_v3_Final_fixed_current_boundary_frame; independent_station_validation=pending
chirpsobs_58ce3a6a9f6a622dc00d7433,annual_rainfall,idn.13.1372,2022-01-01,2022-12-31,annual,3916.840246,millimetres,model_estimate,chirpsprov_3aa2018ec0576428d71e18bf,false,true,chirps_v3_final_monthly_big_june_2026_fixed_boundary_v1,,spatial_frame=fixed_current_boundary_june_2026; historical_boundary_continuity=false; months_complete=12; min_valid_area_fraction=1.00000000; mean_valid_area_fraction=1.00000000; source_product=CHIRPS v3 Final monthly; geometry_source=BIG BATAS_KABKOTA_AR; geometry_source_edition=Juni 2026; observed_station_equivalence=false; comparability_scope=within_CHIRPS_v3_Final_fixed_current_boundary_frame; independent_station_validation=pending
chirpsobs_58d79ec45d14d90e72f26b5c,annual_rainfall,idn.13.1375,1995-01-01,1995-12-31,annual,2292.521510,millimetres,model_estimate,chirpsprov_9ff2f7a1dfcae20618823751,false,true,chirps_v3_final_monthly_big_june_2026_fixed_boundary_v1,,spatial_frame=fixed_current_boundary_june_2026; historical_boundary_continuity=false; months_complete=12; min_valid_area_fraction=1.00000000; mean_valid_area_fraction=1.00000000; source_product=CHIRPS v3 Final monthly; geometry_source=BIG BATAS_KABKOTA_AR; geometry_source_edition=Juni 2026; observed_station_equivalence=false; comparability_scope=within_CHIRPS_v3_Final_fixed_current_boundary_frame; independent_station_validation=pending
chirpsobs_5950d5babd2b4f9f3048628c,annual_rainfall,idn.13.1312,2009-01-01,2009-12-31,annual,3616.064597,millimetres,model_estimate,chirpsprov_abb2dd60088714756570bb9f,false,true,chirps_v3_final_monthly_big_june_2026_fixed_boundary_v1,,spatial_frame=fixed_current_boundary_june_2026; historical_boundary_continuity=false; months_complete=12; min_valid_area_fraction=1.00000000; mean_valid_area_fraction=1.00000000; source_product=CHIRPS v3 Final monthly; geometry_source=BIG BATAS_KABKOTA_AR; geometry_source_edition=Juni 2026; observed_station_equivalence=false; comparability_scope=within_CHIRPS_v3_Final_fixed_current_boundary_frame; independent_station_validation=pending
chirpsobs_5985d5f9c7274cd7ef7261ae,annual_rainfall,idn.13.1376,1981-01-01,1981-12-31,annual,2207.982015,millimetres,model_estimate,chirpsprov_b1892e858b9a21df3f3835f6,false,true,chirps_v3_final_monthly_big_june_2026_fixed_boundary_v1,,spatial_frame=fixed_current_boundary_june_2026; historical_boundary_continuity=false; months_complete=12; min_valid_area_fraction=1.00000000; mean_valid_area_fraction=1.00000000; source_product=CHIRPS v3 Final monthly; geometry_source=BIG BATAS_KABKOTA_AR; geometry_source_edition=Juni 2026; observed_station_equivalence=false; comparability_scope=within_CHIRPS_v3_Final_fixed_current_boundary_frame; independent_station_validation=pending
chirpsobs_5a761fec11992e9cc51c81ca,annual_rainfall,idn.13.1304,1982-01-01,1982-12-31,annual,2074.504946,millimetres,model_estimate,chirpsprov_d76928f82e8715e9e28c66e3,false,true,chirps_v3_final_monthly_big_june_2026_fixed_boundary_v1,,spatial_frame=fixed_current_boundary_june_2026; historical_boundary_continuity=false; months_complete=12; min_valid_area_fraction=1.00000000; mean_valid_area_fraction=1.00000000; source_product=CHIRPS v3 Final monthly; geometry_source=BIG BATAS_KABKOTA_AR; geometry_source_edition=Juni 2026; observed_station_equivalence=false; comparability_scope=within_CHIRPS_v3_Final_fixed_current_boundary_frame; independent_station_validation=pending
chirpsobs_5aac59c27d166f9c9e007031,annual_rainfall,idn.13.1377,2020-01-01,2020-12-31,annual,4428.394673,millimetres,model_estimate,chirpsprov_869749660f299278b4209870,false,true,chirps_v3_final_monthly_big_june_2026_fixed_boundary_v1,,spatial_frame=fixed_current_boundary_june_2026; historical_boundary_continuity=false; months_complete=12; min_valid_area_fraction=0.99901085; mean_valid_area_fraction=0.99901085; source_product=CHIRPS v3 Final monthly; geometry_source=BIG BATAS_KABKOTA_AR; geometry_source_edition=Juni 2026; observed_station_equivalence=false; comparability_scope=within_CHIRPS_v3_Final_fixed_current_boundary_frame; independent_station_validation=pending
chirpsobs_5b05b4d244dd8a8dcee29bfd,annual_rainfall,idn.13.1374,2023-01-01,2023-12-31,annual,2824.530171,millimetres,model_estimate,chirpsprov_6f7cb8097bed96485afd3cd3,false,true,chirps_v3_final_monthly_big_june_2026_fixed_boundary_v1,,spatial_frame=fixed_current_boundary_june_2026; historical_boundary_continuity=false; months_complete=12; min_valid_area_fraction=1.00000000; mean_valid_area_fraction=1.00000000; source_product=CHIRPS v3 Final monthly; geometry_source=BIG BATAS_KABKOTA_AR; geometry_source_edition=Juni 2026; observed_station_equivalence=false; comparability_scope=within_CHIRPS_v3_Final_fixed_current_boundary_frame; independent_station_validation=pending
chirpsobs_5b240475c259f353727b83d4,annual_rainfall,idn.13.1312,2021-01-01,2021-12-31,annual,3718.636822,millimetres,model_estimate,chirpsprov_46837b82c19c621130eb5220,false,true,chirps_v3_final_monthly_big_june_2026_fixed_boundary_v1,,spatial_frame=fixed_current_boundary_june_2026; historical_boundary_continuity=false; months_complete=12; min_valid_area_fraction=1.00000000; mean_valid_area_fraction=1.00000000; source_product=CHIRPS v3 Final monthly; geometry_source=BIG BATAS_KABKOTA_AR; geometry_source_edition=Juni 2026; observed_station_equivalence=false; comparability_scope=within_CHIRPS_v3_Final_fixed_current_boundary_frame; independent_station_validation=pending
chirpsobs_5bfeaf7cb65b602cd5455746,annual_rainfall,idn.13.1303,2008-01-01,2008-12-31,annual,3029.684281,millimetres,model_estimate,chirpsprov_ed07e8adb20331297fea22e4,false,true,chirps_v3_final_monthly_big_june_2026_fixed_boundary_v1,,spatial_frame=fixed_current_boundary_june_2026; historical_boundary_continuity=false; months_complete=12; min_valid_area_fraction=1.00000000; mean_valid_area_fraction=1.00000000; source_product=CHIRPS v3 Final monthly; geometry_source=BIG BATAS_KABKOTA_AR; geometry_source_edition=Juni 2026; observed_station_equivalence=false; comparability_scope=within_CHIRPS_v3_Final_fixed_current_boundary_frame; independent_station_validation=pending
chirpsobs_5d00a1bd726f2c01102f03d0,annual_rainfall,idn.13.1373,2005-01-01,2005-12-31,annual,2893.155905,millimetres,model_estimate,chirpsprov_7d3a32c4624fac5599297aae,false,true,chirps_v3_final_monthly_big_june_2026_fixed_boundary_v1,,spatial_frame=fixed_current_boundary_june_2026; historical_boundary_continuity=false; months_complete=12; min_valid_area_fraction=1.00000000; mean_valid_area_fraction=1.00000000; source_product=CHIRPS v3 Final monthly; geometry_source=BIG BATAS_KABKOTA_AR; geometry_source_edition=Juni 2026; observed_station_equivalence=false; comparability_scope=within_CHIRPS_v3_Final_fixed_current_boundary_frame; independent_station_validation=pending
chirpsobs_5d033b9a7002788a95c932ad,annual_rainfall,idn.13.1310,2019-01-01,2019-12-31,annual,2272.264684,millimetres,model_estimate,chirpsprov_0dbe201c4de4fc57baa56cc7,false,true,chirps_v3_final_monthly_big_june_2026_fixed_boundary_v1,,spatial_frame=fixed_current_boundary_june_2026; historical_boundary_continuity=false; months_complete=12; min_valid_area_fraction=1.00000000; mean_valid_area_fraction=1.00000000; source_product=CHIRPS v3 Final monthly; geometry_source=BIG BATAS_KABKOTA_AR; geometry_source_edition=Juni 2026; observed_station_equivalence=false; comparability_scope=within_CHIRPS_v3_Final_fixed_current_boundary_frame; independent_station_validation=pending
chirpsobs_5d4c4876b14b106157310852,annual_rainfall,idn.13.1303,2018-01-01,2018-12-31,annual,2745.575618,millimetres,model_estimate,chirpsprov_c8030a113fbc38a4dd14a894,false,true,chirps_v3_final_monthly_big_june_2026_fixed_boundary_v1,,spatial_frame=fixed_current_boundary_june_2026; historical_boundary_continuity=false; months_complete=12; min_valid_area_fraction=1.00000000; mean_valid_area_fraction=1.00000000; source_product=CHIRPS v3 Final monthly; geometry_source=BIG BATAS_KABKOTA_AR; geometry_source_edition=Juni 2026; observed_station_equivalence=false; comparability_scope=within_CHIRPS_v3_Final_fixed_current_boundary_frame; independent_station_validation=pending
chirpsobs_5d56d7ecc776a597deeebd14,annual_rainfall,idn.13.1309,2000-01-01,2000-12-31,annual,3407.473226,millimetres,model_estimate,chirpsprov_fc3b6aa57f2d9a4e61b62b31,false,true,chirps_v3_final_monthly_big_june_2026_fixed_boundary_v1,,spatial_frame=fixed_current_boundary_june_2026; historical_boundary_continuity=false; months_complete=12; min_valid_area_fraction=1.00000000; mean_valid_area_fraction=1.00000000; source_product=CHIRPS v3 Final monthly; geometry_source=BIG BATAS_KABKOTA_AR; geometry_source_edition=Juni 2026; observed_station_equivalence=false; comparability_scope=within_CHIRPS_v3_Final_fixed_current_boundary_frame; independent_station_validation=pending
chirpsobs_5da6a1561ccd10b391ff3001,annual_rainfall,idn.13.1307,1993-01-01,1993-12-31,annual,2299.491729,millimetres,model_estimate,chirpsprov_0b1431dfbfc76cd87c567ea3,false,true,chirps_v3_final_monthly_big_june_2026_fixed_boundary_v1,,spatial_frame=fixed_current_boundary_june_2026; historical_boundary_continuity=false; months_complete=12; min_valid_area_fraction=1.00000000; mean_valid_area_fraction=1.00000000; source_product=CHIRPS v3 Final monthly; geometry_source=BIG BATAS_KABKOTA_AR; geometry_source_edition=Juni 2026; observed_station_equivalence=false; comparability_scope=within_CHIRPS_v3_Final_fixed_current_boundary_frame; independent_station_validation=pending
chirpsobs_5dae215ad63f6931e9562f75,annual_rainfall,idn.13.1308,1981-01-01,1981-12-31,annual,2554.016600,millimetres,model_estimate,chirpsprov_b1892e858b9a21df3f3835f6,false,true,chirps_v3_final_monthly_big_june_2026_fixed_boundary_v1,,spatial_frame=fixed_current_boundary_june_2026; historical_boundary_continuity=false; months_complete=12; min_valid_area_fraction=1.00000000; mean_valid_area_fraction=1.00000000; source_product=CHIRPS v3 Final monthly; geometry_source=BIG BATAS_KABKOTA_AR; geometry_source_edition=Juni 2026; observed_station_equivalence=false; comparability_scope=within_CHIRPS_v3_Final_fixed_current_boundary_frame; independent_station_validation=pending
chirpsobs_5dbfa7367a90f3b0021f7966,annual_rainfall,idn.13.1374,2000-01-01,2000-12-31,annual,2835.444791,millimetres,model_estimate,chirpsprov_fc3b6aa57f2d9a4e61b62b31,false,true,chirps_v3_final_monthly_big_june_2026_fixed_boundary_v1,,spatial_frame=fixed_current_boundary_june_2026; historical_boundary_continuity=false; months_complete=12; min_valid_area_fraction=1.00000000; mean_valid_area_fraction=1.00000000; source_product=CHIRPS v3 Final monthly; geometry_source=BIG BATAS_KABKOTA_AR; geometry_source_edition=Juni 2026; observed_station_equivalence=false; comparability_scope=within_CHIRPS_v3_Final_fixed_current_boundary_frame; independent_station_validation=pending
chirpsobs_5dc8ddefd72e856c233a4912,annual_rainfall,idn.13.1305,2004-01-01,2004-12-31,annual,2286.501030,millimetres,model_estimate,chirpsprov_96a561b0500081f35c2a6aff,false,true,chirps_v3_final_monthly_big_june_2026_fixed_boundary_v1,,spatial_frame=fixed_current_boundary_june_2026; historical_boundary_continuity=false; months_complete=12; min_valid_area_fraction=1.00000000; mean_valid_area_fraction=1.00000000; source_product=CHIRPS v3 Final monthly; geometry_source=BIG BATAS_KABKOTA_AR; geometry_source_edition=Juni 2026; observed_station_equivalence=false; comparability_scope=within_CHIRPS_v3_Final_fixed_current_boundary_frame; independent_station_validation=pending
chirpsobs_5e041a30428461a42542ecf6,annual_rainfall,idn.13.1311,2022-01-01,2022-12-31,annual,3815.293034,millimetres,model_estimate,chirpsprov_3aa2018ec0576428d71e18bf,false,true,chirps_v3_final_monthly_big_june_2026_fixed_boundary_v1,,spatial_frame=fixed_current_boundary_june_2026; historical_boundary_continuity=false; months_complete=12; min_valid_area_fraction=1.00000000; mean_valid_area_fraction=1.00000000; source_product=CHIRPS v3 Final monthly; geometry_source=BIG BATAS_KABKOTA_AR; geometry_source_edition=Juni 2026; observed_station_equivalence=false; comparability_scope=within_CHIRPS_v3_Final_fixed_current_boundary_frame; independent_station_validation=pending
chirpsobs_5e3aacb1d3ee5397013b7116,annual_rainfall,idn.13.1374,2011-01-01,2011-12-31,annual,2488.311870,millimetres,model_estimate,chirpsprov_f02726b2fbc31c90fe475402,false,true,chirps_v3_final_monthly_big_june_2026_fixed_boundary_v1,,spatial_frame=fixed_current_boundary_june_2026; historical_boundary_continuity=false; months_complete=12; min_valid_area_fraction=1.00000000; mean_valid_area_fraction=1.00000000; source_product=CHIRPS v3 Final monthly; geometry_source=BIG BATAS_KABKOTA_AR; geometry_source_edition=Juni 2026; observed_station_equivalence=false; comparability_scope=within_CHIRPS_v3_Final_fixed_current_boundary_frame; independent_station_validation=pending
chirpsobs_5e7d328945783ab8d42f92ce,annual_rainfall,idn.13.1372,2012-01-01,2012-12-31,annual,3305.746420,millimetres,model_estimate,chirpsprov_bf295e30ff22919e667a8443,false,true,chirps_v3_final_monthly_big_june_2026_fixed_boundary_v1,,spatial_frame=fixed_current_boundary_june_2026; historical_boundary_continuity=false; months_complete=12; min_valid_area_fraction=1.00000000; mean_valid_area_fraction=1.00000000; source_product=CHIRPS v3 Final monthly; geometry_source=BIG BATAS_KABKOTA_AR; geometry_source_edition=Juni 2026; observed_station_equivalence=false; comparability_scope=within_CHIRPS_v3_Final_fixed_current_boundary_frame; independent_station_validation=pending
chirpsobs_5e818d1695caab87b4ff8329,annual_rainfall,idn.13.1301,1983-01-01,1983-12-31,annual,3683.768189,millimetres,model_estimate,chirpsprov_5887a41b20f86613f9be9d94,false,true,chirps_v3_final_monthly_big_june_2026_fixed_boundary_v1,,spatial_frame=fixed_current_boundary_june_2026; historical_boundary_continuity=false; months_complete=12; min_valid_area_fraction=0.99877921; mean_valid_area_fraction=0.99877921; source_product=CHIRPS v3 Final monthly; geometry_source=BIG BATAS_KABKOTA_AR; geometry_source_edition=Juni 2026; observed_station_equivalence=false; comparability_scope=within_CHIRPS_v3_Final_fixed_current_boundary_frame; independent_station_validation=pending
chirpsobs_5ef358d3409aff9240580df1,annual_rainfall,idn.13.1302,1985-01-01,1985-12-31,annual,3044.130736,millimetres,model_estimate,chirpsprov_245a0c829b03c3b0747fd994,false,true,chirps_v3_final_monthly_big_june_2026_fixed_boundary_v1,,spatial_frame=fixed_current_boundary_june_2026; historical_boundary_continuity=false; months_complete=12; min_valid_area_fraction=0.99990289; mean_valid_area_fraction=0.99990289; source_product=CHIRPS v3 Final monthly; geometry_source=BIG BATAS_KABKOTA_AR; geometry_source_edition=Juni 2026; observed_station_equivalence=false; comparability_scope=within_CHIRPS_v3_Final_fixed_current_boundary_frame; independent_station_validation=pending
chirpsobs_5f0be52c55faed48d9408572,annual_rainfall,idn.13.1302,2010-01-01,2010-12-31,annual,3411.108700,millimetres,model_estimate,chirpsprov_6d539a98f8e70f0f921b9fea,false,true,chirps_v3_final_monthly_big_june_2026_fixed_boundary_v1,,spatial_frame=fixed_current_boundary_june_2026; historical_boundary_continuity=false; months_complete=12; min_valid_area_fraction=0.99990289; mean_valid_area_fraction=0.99990289; source_product=CHIRPS v3 Final monthly; geometry_source=BIG BATAS_KABKOTA_AR; geometry_source_edition=Juni 2026; observed_station_equivalence=false; comparability_scope=within_CHIRPS_v3_Final_fixed_current_boundary_frame; independent_station_validation=pending
chirpsobs_5f8768116fcf40f17061b8f4,annual_rainfall,idn.13.1304,2023-01-01,2023-12-31,annual,2940.515772,millimetres,model_estimate,chirpsprov_6f7cb8097bed96485afd3cd3,false,true,chirps_v3_final_monthly_big_june_2026_fixed_boundary_v1,,spatial_frame=fixed_current_boundary_june_2026; historical_boundary_continuity=false; months_complete=12; min_valid_area_fraction=1.00000000; mean_valid_area_fraction=1.00000000; source_product=CHIRPS v3 Final monthly; geometry_source=BIG BATAS_KABKOTA_AR; geometry_source_edition=Juni 2026; observed_station_equivalence=false; comparability_scope=within_CHIRPS_v3_Final_fixed_current_boundary_frame; independent_station_validation=pending
chirpsobs_5fa2400bddf3247fc9a9ac97,annual_rainfall,idn.13.1306,2005-01-01,2005-12-31,annual,4289.142270,millimetres,model_estimate,chirpsprov_7d3a32c4624fac5599297aae,false,true,chirps_v3_final_monthly_big_june_2026_fixed_boundary_v1,,spatial_frame=fixed_current_boundary_june_2026; historical_boundary_continuity=false; months_complete=12; min_valid_area_fraction=0.99993254; mean_valid_area_fraction=0.99993254; source_product=CHIRPS v3 Final monthly; geometry_source=BIG BATAS_KABKOTA_AR; geometry_source_edition=Juni 2026; observed_station_equivalence=false; comparability_scope=within_CHIRPS_v3_Final_fixed_current_boundary_frame; independent_station_validation=pending
chirpsobs_5fc973ada9e97c61e0cd6a5f,annual_rainfall,idn.13.1310,1997-01-01,1997-12-31,annual,1332.270615,millimetres,model_estimate,chirpsprov_549fb51b47f3004dd71af8d7,false,true,chirps_v3_final_monthly_big_june_2026_fixed_boundary_v1,,spatial_frame=fixed_current_boundary_june_2026; historical_boundary_continuity=false; months_complete=12; min_valid_area_fraction=1.00000000; mean_valid_area_fraction=1.00000000; source_product=CHIRPS v3 Final monthly; geometry_source=BIG BATAS_KABKOTA_AR; geometry_source_edition=Juni 2026; observed_station_equivalence=false; comparability_scope=within_CHIRPS_v3_Final_fixed_current_boundary_frame; independent_station_validation=pending
chirpsobs_5fde2796a085298cbf56c224,annual_rainfall,idn.13.1306,2023-01-01,2023-12-31,annual,3949.497823,millimetres,model_estimate,chirpsprov_6f7cb8097bed96485afd3cd3,false,true,chirps_v3_final_monthly_big_june_2026_fixed_boundary_v1,,spatial_frame=fixed_current_boundary_june_2026; historical_boundary_continuity=false; months_complete=12; min_valid_area_fraction=0.99993254; mean_valid_area_fraction=0.99993254; source_product=CHIRPS v3 Final monthly; geometry_source=BIG BATAS_KABKOTA_AR; geometry_source_edition=Juni 2026; observed_station_equivalence=false; comparability_scope=within_CHIRPS_v3_Final_fixed_current_boundary_frame; independent_station_validation=pending
chirpsobs_5fefe6bbfde1e007f38d8354,annual_rainfall,idn.13.1376,1988-01-01,1988-12-31,annual,2213.754386,millimetres,model_estimate,chirpsprov_9bfc6526f1c0b90065fc7c93,false,true,chirps_v3_final_monthly_big_june_2026_fixed_boundary_v1,,spatial_frame=fixed_current_boundary_june_2026; historical_boundary_continuity=false; months_complete=12; min_valid_area_fraction=1.00000000; mean_valid_area_fraction=1.00000000; source_product=CHIRPS v3 Final monthly; geometry_source=BIG BATAS_KABKOTA_AR; geometry_source_edition=Juni 2026; observed_station_equivalence=false; comparability_scope=within_CHIRPS_v3_Final_fixed_current_boundary_frame; independent_station_validation=pending
chirpsobs_60097eebc5e47762e254c388,annual_rainfall,idn.13.1377,2004-01-01,2004-12-31,annual,4014.833267,millimetres,model_estimate,chirpsprov_96a561b0500081f35c2a6aff,false,true,chirps_v3_final_monthly_big_june_2026_fixed_boundary_v1,,spatial_frame=fixed_current_boundary_june_2026; historical_boundary_continuity=false; months_complete=12; min_valid_area_fraction=0.99901085; mean_valid_area_fraction=0.99901085; source_product=CHIRPS v3 Final monthly; geometry_source=BIG BATAS_KABKOTA_AR; geometry_source_edition=Juni 2026; observed_station_equivalence=false; comparability_scope=within_CHIRPS_v3_Final_fixed_current_boundary_frame; independent_station_validation=pending
chirpsobs_600ef358e9289094a256fc3e,annual_rainfall,idn.13.1373,1983-01-01,1983-12-31,annual,2510.893156,millimetres,model_estimate,chirpsprov_5887a41b20f86613f9be9d94,false,true,chirps_v3_final_monthly_big_june_2026_fixed_boundary_v1,,spatial_frame=fixed_current_boundary_june_2026; historical_boundary_continuity=false; months_complete=12; min_valid_area_fraction=1.00000000; mean_valid_area_fraction=1.00000000; source_product=CHIRPS v3 Final monthly; geometry_source=BIG BATAS_KABKOTA_AR; geometry_source_edition=Juni 2026; observed_station_equivalence=false; comparability_scope=within_CHIRPS_v3_Final_fixed_current_boundary_frame; independent_station_validation=pending
chirpsobs_6021e4795247ad1400e54ae1,annual_rainfall,idn.13.1372,2025-01-01,2025-12-31,annual,3618.055931,millimetres,model_estimate,chirpsprov_895a16cb21d7cc63ddc0f299,false,true,chirps_v3_final_monthly_big_june_2026_fixed_boundary_v1,,spatial_frame=fixed_current_boundary_june_2026; historical_boundary_continuity=false; months_complete=12; min_valid_area_fraction=1.00000000; mean_valid_area_fraction=1.00000000; source_product=CHIRPS v3 Final monthly; geometry_source=BIG BATAS_KABKOTA_AR; geometry_source_edition=Juni 2026; observed_station_equivalence=false; comparability_scope=within_CHIRPS_v3_Final_fixed_current_boundary_frame; independent_station_validation=pending
chirpsobs_6056b446eba5d345986ed584,annual_rainfall,idn.13.1371,2001-01-01,2001-12-31,annual,3171.557239,millimetres,model_estimate,chirpsprov_08cf9a732d039d72eccb02c0,false,true,chirps_v3_final_monthly_big_june_2026_fixed_boundary_v1,,spatial_frame=fixed_current_boundary_june_2026; historical_boundary_continuity=false; months_complete=12; min_valid_area_fraction=0.99912533; mean_valid_area_fraction=0.99912533; source_product=CHIRPS v3 Final monthly; geometry_source=BIG BATAS_KABKOTA_AR; geometry_source_edition=Juni 2026; observed_station_equivalence=false; comparability_scope=within_CHIRPS_v3_Final_fixed_current_boundary_frame; independent_station_validation=pending
chirpsobs_6088b817a6bbf09bebea51d5,annual_rainfall,idn.13.1309,2021-01-01,2021-12-31,annual,3303.601986,millimetres,model_estimate,chirpsprov_46837b82c19c621130eb5220,false,true,chirps_v3_final_monthly_big_june_2026_fixed_boundary_v1,,spatial_frame=fixed_current_boundary_june_2026; historical_boundary_continuity=false; months_complete=12; min_valid_area_fraction=1.00000000; mean_valid_area_fraction=1.00000000; source_product=CHIRPS v3 Final monthly; geometry_source=BIG BATAS_KABKOTA_AR; geometry_source_edition=Juni 2026; observed_station_equivalence=false; comparability_scope=within_CHIRPS_v3_Final_fixed_current_boundary_frame; independent_station_validation=pending
chirpsobs_609dbb2a60e9b6de54024f90,annual_rainfall,idn.13.1303,2012-01-01,2012-12-31,annual,2905.769790,millimetres,model_estimate,chirpsprov_bf295e30ff22919e667a8443,false,true,chirps_v3_final_monthly_big_june_2026_fixed_boundary_v1,,spatial_frame=fixed_current_boundary_june_2026; historical_boundary_continuity=false; months_complete=12; min_valid_area_fraction=1.00000000; mean_valid_area_fraction=1.00000000; source_product=CHIRPS v3 Final monthly; geometry_source=BIG BATAS_KABKOTA_AR; geometry_source_edition=Juni 2026; observed_station_equivalence=false; comparability_scope=within_CHIRPS_v3_Final_fixed_current_boundary_frame; independent_station_validation=pending
chirpsobs_60abfb654e2d83ad7eec9050,annual_rainfall,idn.13.1308,2008-01-01,2008-12-31,annual,3057.389552,millimetres,model_estimate,chirpsprov_ed07e8adb20331297fea22e4,false,true,chirps_v3_final_monthly_big_june_2026_fixed_boundary_v1,,spatial_frame=fixed_current_boundary_june_2026; historical_boundary_continuity=false; months_complete=12; min_valid_area_fraction=1.00000000; mean_valid_area_fraction=1.00000000; source_product=CHIRPS v3 Final monthly; geometry_source=BIG BATAS_KABKOTA_AR; geometry_source_edition=Juni 2026; observed_station_equivalence=false; comparability_scope=within_CHIRPS_v3_Final_fixed_current_boundary_frame; independent_station_validation=pending
chirpsobs_60f054120b34cec70992ba2d,annual_rainfall,idn.13.1304,1988-01-01,1988-12-31,annual,2834.204289,millimetres,model_estimate,chirpsprov_9bfc6526f1c0b90065fc7c93,false,true,chirps_v3_final_monthly_big_june_2026_fixed_boundary_v1,,spatial_frame=fixed_current_boundary_june_2026; historical_boundary_continuity=false; months_complete=12; min_valid_area_fraction=1.00000000; mean_valid_area_fraction=1.00000000; source_product=CHIRPS v3 Final monthly; geometry_source=BIG BATAS_KABKOTA_AR; geometry_source_edition=Juni 2026; observed_station_equivalence=false; comparability_scope=within_CHIRPS_v3_Final_fixed_current_boundary_frame; independent_station_validation=pending
chirpsobs_611a8238550014d3b08842bf,annual_rainfall,idn.13.1305,1993-01-01,1993-12-31,annual,1913.744174,millimetres,model_estimate,chirpsprov_0b1431dfbfc76cd87c567ea3,false,true,chirps_v3_final_monthly_big_june_2026_fixed_boundary_v1,,spatial_frame=fixed_current_boundary_june_2026; historical_boundary_continuity=false; months_complete=12; min_valid_area_fraction=1.00000000; mean_valid_area_fraction=1.00000000; source_product=CHIRPS v3 Final monthly; geometry_source=BIG BATAS_KABKOTA_AR; geometry_source_edition=Juni 2026; observed_station_equivalence=false; comparability_scope=within_CHIRPS_v3_Final_fixed_current_boundary_frame; independent_station_validation=pending
chirpsobs_6156562e147676b7ae6ed38c,annual_rainfall,idn.13.1309,2013-01-01,2013-12-31,annual,3667.595745,millimetres,model_estimate,chirpsprov_5b65845f0a067c46b1ff4bb4,false,true,chirps_v3_final_monthly_big_june_2026_fixed_boundary_v1,,spatial_frame=fixed_current_boundary_june_2026; historical_boundary_continuity=false; months_complete=12; min_valid_area_fraction=1.00000000; mean_valid_area_fraction=1.00000000; source_product=CHIRPS v3 Final monthly; geometry_source=BIG BATAS_KABKOTA_AR; geometry_source_edition=Juni 2026; observed_station_equivalence=false; comparability_scope=within_CHIRPS_v3_Final_fixed_current_boundary_frame; independent_station_validation=pending
chirpsobs_61613b9d14ad6a3899df36f8,annual_rainfall,idn.13.1302,2020-01-01,2020-12-31,annual,3086.659964,millimetres,model_estimate,chirpsprov_869749660f299278b4209870,false,true,chirps_v3_final_monthly_big_june_2026_fixed_boundary_v1,,spatial_frame=fixed_current_boundary_june_2026; historical_boundary_continuity=false; months_complete=12; min_valid_area_fraction=0.99990289; mean_valid_area_fraction=0.99990289; source_product=CHIRPS v3 Final monthly; geometry_source=BIG BATAS_KABKOTA_AR; geometry_source_edition=Juni 2026; observed_station_equivalence=false; comparability_scope=within_CHIRPS_v3_Final_fixed_current_boundary_frame; independent_station_validation=pending
chirpsobs_6162702487ef0dd1f0b2bdb2,annual_rainfall,idn.13.1312,2016-01-01,2016-12-31,annual,3871.320857,millimetres,model_estimate,chirpsprov_bdfc0cb4713e768353b0af59,false,true,chirps_v3_final_monthly_big_june_2026_fixed_boundary_v1,,spatial_frame=fixed_current_boundary_june_2026; historical_boundary_continuity=false; months_complete=12; min_valid_area_fraction=1.00000000; mean_valid_area_fraction=1.00000000; source_product=CHIRPS v3 Final monthly; geometry_source=BIG BATAS_KABKOTA_AR; geometry_source_edition=Juni 2026; observed_station_equivalence=false; comparability_scope=within_CHIRPS_v3_Final_fixed_current_boundary_frame; independent_station_validation=pending
chirpsobs_61f4618d92de45ce4742c7f3,annual_rainfall,idn.13.1310,1985-01-01,1985-12-31,annual,2910.491046,millimetres,model_estimate,chirpsprov_245a0c829b03c3b0747fd994,false,true,chirps_v3_final_monthly_big_june_2026_fixed_boundary_v1,,spatial_frame=fixed_current_boundary_june_2026; historical_boundary_continuity=false; months_complete=12; min_valid_area_fraction=1.00000000; mean_valid_area_fraction=1.00000000; source_product=CHIRPS v3 Final monthly; geometry_source=BIG BATAS_KABKOTA_AR; geometry_source_edition=Juni 2026; observed_station_equivalence=false; comparability_scope=within_CHIRPS_v3_Final_fixed_current_boundary_frame; independent_station_validation=pending
chirpsobs_61f4cf8930f53beea20c5465,annual_rainfall,idn.13.1312,2015-01-01,2015-12-31,annual,3431.014504,millimetres,model_estimate,chirpsprov_b12d5727b3360f9d0d1cfcbb,false,true,chirps_v3_final_monthly_big_june_2026_fixed_boundary_v1,,spatial_frame=fixed_current_boundary_june_2026; historical_boundary_continuity=false; months_complete=12; min_valid_area_fraction=1.00000000; mean_valid_area_fraction=1.00000000; source_product=CHIRPS v3 Final monthly; geometry_source=BIG BATAS_KABKOTA_AR; geometry_source_edition=Juni 2026; observed_station_equivalence=false; comparability_scope=within_CHIRPS_v3_Final_fixed_current_boundary_frame; independent_station_validation=pending
chirpsobs_625ff67e03c6ebd06383db50,annual_rainfall,idn.13.1376,1985-01-01,1985-12-31,annual,2189.172782,millimetres,model_estimate,chirpsprov_245a0c829b03c3b0747fd994,false,true,chirps_v3_final_monthly_big_june_2026_fixed_boundary_v1,,spatial_frame=fixed_current_boundary_june_2026; historical_boundary_continuity=false; months_complete=12; min_valid_area_fraction=1.00000000; mean_valid_area_fraction=1.00000000; source_product=CHIRPS v3 Final monthly; geometry_source=BIG BATAS_KABKOTA_AR; geometry_source_edition=Juni 2026; observed_station_equivalence=false; comparability_scope=within_CHIRPS_v3_Final_fixed_current_boundary_frame; independent_station_validation=pending
chirpsobs_626411b07de8ea451a2c8083,annual_rainfall,idn.13.1372,1987-01-01,1987-12-31,annual,2561.952056,millimetres,model_estimate,chirpsprov_7c2bd4ffc29c3c1f203409a0,false,true,chirps_v3_final_monthly_big_june_2026_fixed_boundary_v1,,spatial_frame=fixed_current_boundary_june_2026; historical_boundary_continuity=false; months_complete=12; min_valid_area_fraction=1.00000000; mean_valid_area_fraction=1.00000000; source_product=CHIRPS v3 Final monthly; geometry_source=BIG BATAS_KABKOTA_AR; geometry_source_edition=Juni 2026; observed_station_equivalence=false; comparability_scope=within_CHIRPS_v3_Final_fixed_current_boundary_frame; independent_station_validation=pending
chirpsobs_62c14d50f985b4b45064ab3b,annual_rainfall,idn.13.1306,2013-01-01,2013-12-31,annual,4301.891837,millimetres,model_estimate,chirpsprov_5b65845f0a067c46b1ff4bb4,false,true,chirps_v3_final_monthly_big_june_2026_fixed_boundary_v1,,spatial_frame=fixed_current_boundary_june_2026; historical_boundary_continuity=false; months_complete=12; min_valid_area_fraction=0.99993254; mean_valid_area_fraction=0.99993254; source_product=CHIRPS v3 Final monthly; geometry_source=BIG BATAS_KABKOTA_AR; geometry_source_edition=Juni 2026; observed_station_equivalence=false; comparability_scope=within_CHIRPS_v3_Final_fixed_current_boundary_frame; independent_station_validation=pending
chirpsobs_63c312a51c50c9db6ddd6137,annual_rainfall,idn.13.1375,2017-01-01,2017-12-31,annual,2540.515310,millimetres,model_estimate,chirpsprov_dccafa903dab232b9aad0bd5,false,true,chirps_v3_final_monthly_big_june_2026_fixed_boundary_v1,,spatial_frame=fixed_current_boundary_june_2026; historical_boundary_continuity=false; months_complete=12; min_valid_area_fraction=1.00000000; mean_valid_area_fraction=1.00000000; source_product=CHIRPS v3 Final monthly; geometry_source=BIG BATAS_KABKOTA_AR; geometry_source_edition=Juni 2026; observed_station_equivalence=false; comparability_scope=within_CHIRPS_v3_Final_fixed_current_boundary_frame; independent_station_validation=pending
chirpsobs_63eb0a570efc3608dad16ebe,annual_rainfall,idn.13.1301,1990-01-01,1990-12-31,annual,3533.960169,millimetres,model_estimate,chirpsprov_8a1debf06ff2601da517ede7,false,true,chirps_v3_final_monthly_big_june_2026_fixed_boundary_v1,,spatial_frame=fixed_current_boundary_june_2026; historical_boundary_continuity=false; months_complete=12; min_valid_area_fraction=0.99877921; mean_valid_area_fraction=0.99877921; source_product=CHIRPS v3 Final monthly; geometry_source=BIG BATAS_KABKOTA_AR; geometry_source_edition=Juni 2026; observed_station_equivalence=false; comparability_scope=within_CHIRPS_v3_Final_fixed_current_boundary_frame; independent_station_validation=pending
chirpsobs_6421e82c50c6a54e2e21752f,annual_rainfall,idn.13.1372,2002-01-01,2002-12-31,annual,2773.406408,millimetres,model_estimate,chirpsprov_2cf1096ce26eebc728e69baf,false,true,chirps_v3_final_monthly_big_june_2026_fixed_boundary_v1,,spatial_frame=fixed_current_boundary_june_2026; historical_boundary_continuity=false; months_complete=12; min_valid_area_fraction=1.00000000; mean_valid_area_fraction=1.00000000; source_product=CHIRPS v3 Final monthly; geometry_source=BIG BATAS_KABKOTA_AR; geometry_source_edition=Juni 2026; observed_station_equivalence=false; comparability_scope=within_CHIRPS_v3_Final_fixed_current_boundary_frame; independent_station_validation=pending
chirpsobs_6433cb1ed299e039bea2ccf0,annual_rainfall,idn.13.1311,2012-01-01,2012-12-31,annual,2991.760733,millimetres,model_estimate,chirpsprov_bf295e30ff22919e667a8443,false,true,chirps_v3_final_monthly_big_june_2026_fixed_boundary_v1,,spatial_frame=fixed_current_boundary_june_2026; historical_boundary_continuity=false; months_complete=12; min_valid_area_fraction=1.00000000; mean_valid_area_fraction=1.00000000; source_product=CHIRPS v3 Final monthly; geometry_source=BIG BATAS_KABKOTA_AR; geometry_source_edition=Juni 2026; observed_station_equivalence=false; comparability_scope=within_CHIRPS_v3_Final_fixed_current_boundary_frame; independent_station_validation=pending
chirpsobs_6456d96962e90d316ad2fdb9,annual_rainfall,idn.13.1377,1988-01-01,1988-12-31,annual,4890.043103,millimetres,model_estimate,chirpsprov_9bfc6526f1c0b90065fc7c93,false,true,chirps_v3_final_monthly_big_june_2026_fixed_boundary_v1,,spatial_frame=fixed_current_boundary_june_2026; historical_boundary_continuity=false; months_complete=12; min_valid_area_fraction=0.99901085; mean_valid_area_fraction=0.99901085; source_product=CHIRPS v3 Final monthly; geometry_source=BIG BATAS_KABKOTA_AR; geometry_source_edition=Juni 2026; observed_station_equivalence=false; comparability_scope=within_CHIRPS_v3_Final_fixed_current_boundary_frame; independent_station_validation=pending
chirpsobs_647158a2511698423bfb8f7b,annual_rainfall,idn.13.1371,2016-01-01,2016-12-31,annual,4429.956716,millimetres,model_estimate,chirpsprov_bdfc0cb4713e768353b0af59,false,true,chirps_v3_final_monthly_big_june_2026_fixed_boundary_v1,,spatial_frame=fixed_current_boundary_june_2026; historical_boundary_continuity=false; months_complete=12; min_valid_area_fraction=0.99912533; mean_valid_area_fraction=0.99912533; source_product=CHIRPS v3 Final monthly; geometry_source=BIG BATAS_KABKOTA_AR; geometry_source_edition=Juni 2026; observed_station_equivalence=false; comparability_scope=within_CHIRPS_v3_Final_fixed_current_boundary_frame; independent_station_validation=pending
chirpsobs_647b1fde820661cbd4fab161,annual_rainfall,idn.13.1302,2021-01-01,2021-12-31,annual,3436.715819,millimetres,model_estimate,chirpsprov_46837b82c19c621130eb5220,false,true,chirps_v3_final_monthly_big_june_2026_fixed_boundary_v1,,spatial_frame=fixed_current_boundary_june_2026; historical_boundary_continuity=false; months_complete=12; min_valid_area_fraction=0.99990289; mean_valid_area_fraction=0.99990289; source_product=CHIRPS v3 Final monthly; geometry_source=BIG BATAS_KABKOTA_AR; geometry_source_edition=Juni 2026; observed_station_equivalence=false; comparability_scope=within_CHIRPS_v3_Final_fixed_current_boundary_frame; independent_station_validation=pending
chirpsobs_649f859551be9cea97ffcac8,annual_rainfall,idn.13.1374,2009-01-01,2009-12-31,annual,2642.372828,millimetres,model_estimate,chirpsprov_abb2dd60088714756570bb9f,false,true,chirps_v3_final_monthly_big_june_2026_fixed_boundary_v1,,spatial_frame=fixed_current_boundary_june_2026; historical_boundary_continuity=false; months_complete=12; min_valid_area_fraction=1.00000000; mean_valid_area_fraction=1.00000000; source_product=CHIRPS v3 Final monthly; geometry_source=BIG BATAS_KABKOTA_AR; geometry_source_edition=Juni 2026; observed_station_equivalence=false; comparability_scope=within_CHIRPS_v3_Final_fixed_current_boundary_frame; independent_station_validation=pending
chirpsobs_64de7dba08862d7d76294477,annual_rainfall,idn.13.1307,1981-01-01,1981-12-31,annual,2965.834491,millimetres,model_estimate,chirpsprov_b1892e858b9a21df3f3835f6,false,true,chirps_v3_final_monthly_big_june_2026_fixed_boundary_v1,,spatial_frame=fixed_current_boundary_june_2026; historical_boundary_continuity=false; months_complete=12; min_valid_area_fraction=1.00000000; mean_valid_area_fraction=1.00000000; source_product=CHIRPS v3 Final monthly; geometry_source=BIG BATAS_KABKOTA_AR; geometry_source_edition=Juni 2026; observed_station_equivalence=false; comparability_scope=within_CHIRPS_v3_Final_fixed_current_boundary_frame; independent_station_validation=pending
chirpsobs_64f59f17c2297023b29b6cce,annual_rainfall,idn.13.1303,2020-01-01,2020-12-31,annual,2824.854401,millimetres,model_estimate,chirpsprov_869749660f299278b4209870,false,true,chirps_v3_final_monthly_big_june_2026_fixed_boundary_v1,,spatial_frame=fixed_current_boundary_june_2026; historical_boundary_continuity=false; months_complete=12; min_valid_area_fraction=1.00000000; mean_valid_area_fraction=1.00000000; source_product=CHIRPS v3 Final monthly; geometry_source=BIG BATAS_KABKOTA_AR; geometry_source_edition=Juni 2026; observed_station_equivalence=false; comparability_scope=within_CHIRPS_v3_Final_fixed_current_boundary_frame; independent_station_validation=pending
chirpsobs_6519a7a33a741d726b6878e8,annual_rainfall,idn.13.1302,1990-01-01,1990-12-31,annual,2890.854041,millimetres,model_estimate,chirpsprov_8a1debf06ff2601da517ede7,false,true,chirps_v3_final_monthly_big_june_2026_fixed_boundary_v1,,spatial_frame=fixed_current_boundary_june_2026; historical_boundary_continuity=false; months_complete=12; min_valid_area_fraction=0.99990289; mean_valid_area_fraction=0.99990289; source_product=CHIRPS v3 Final monthly; geometry_source=BIG BATAS_KABKOTA_AR; geometry_source_edition=Juni 2026; observed_station_equivalence=false; comparability_scope=within_CHIRPS_v3_Final_fixed_current_boundary_frame; independent_station_validation=pending
chirpsobs_659863eea6640c215b487cba,annual_rainfall,idn.13.1307,2001-01-01,2001-12-31,annual,2436.763981,millimetres,model_estimate,chirpsprov_08cf9a732d039d72eccb02c0,false,true,chirps_v3_final_monthly_big_june_2026_fixed_boundary_v1,,spatial_frame=fixed_current_boundary_june_2026; historical_boundary_continuity=false; months_complete=12; min_valid_area_fraction=1.00000000; mean_valid_area_fraction=1.00000000; source_product=CHIRPS v3 Final monthly; geometry_source=BIG BATAS_KABKOTA_AR; geometry_source_edition=Juni 2026; observed_station_equivalence=false; comparability_scope=within_CHIRPS_v3_Final_fixed_current_boundary_frame; independent_station_validation=pending
chirpsobs_65b1cc557d1fa2961f6ee8a0,annual_rainfall,idn.13.1375,1997-01-01,1997-12-31,annual,1004.027669,millimetres,model_estimate,chirpsprov_549fb51b47f3004dd71af8d7,false,true,chirps_v3_final_monthly_big_june_2026_fixed_boundary_v1,,spatial_frame=fixed_current_boundary_june_2026; historical_boundary_continuity=false; months_complete=12; min_valid_area_fraction=1.00000000; mean_valid_area_fraction=1.00000000; source_product=CHIRPS v3 Final monthly; geometry_source=BIG BATAS_KABKOTA_AR; geometry_source_edition=Juni 2026; observed_station_equivalence=false; comparability_scope=within_CHIRPS_v3_Final_fixed_current_boundary_frame; independent_station_validation=pending
chirpsobs_66281443eabad23c3467b831,annual_rainfall,idn.13.1308,1991-01-01,1991-12-31,annual,2597.130011,millimetres,model_estimate,chirpsprov_6a2c532764a205347fffab60,false,true,chirps_v3_final_monthly_big_june_2026_fixed_boundary_v1,,spatial_frame=fixed_current_boundary_june_2026; historical_boundary_continuity=false; months_complete=12; min_valid_area_fraction=1.00000000; mean_valid_area_fraction=1.00000000; source_product=CHIRPS v3 Final monthly; geometry_source=BIG BATAS_KABKOTA_AR; geometry_source_edition=Juni 2026; observed_station_equivalence=false; comparability_scope=within_CHIRPS_v3_Final_fixed_current_boundary_frame; independent_station_validation=pending
chirpsobs_665ca73ed118e176172dca3b,annual_rainfall,idn.13.1307,1994-01-01,1994-12-31,annual,1635.156842,millimetres,model_estimate,chirpsprov_1ad925e050f99158259f45a8,false,true,chirps_v3_final_monthly_big_june_2026_fixed_boundary_v1,,spatial_frame=fixed_current_boundary_june_2026; historical_boundary_continuity=false; months_complete=12; min_valid_area_fraction=1.00000000; mean_valid_area_fraction=1.00000000; source_product=CHIRPS v3 Final monthly; geometry_source=BIG BATAS_KABKOTA_AR; geometry_source_edition=Juni 2026; observed_station_equivalence=false; comparability_scope=within_CHIRPS_v3_Final_fixed_current_boundary_frame; independent_station_validation=pending
chirpsobs_666eb1ef825f0d0bfac06e23,annual_rainfall,idn.13.1304,1992-01-01,1992-12-31,annual,2614.240544,millimetres,model_estimate,chirpsprov_938566067d5a0dee5b9cc5f3,false,true,chirps_v3_final_monthly_big_june_2026_fixed_boundary_v1,,spatial_frame=fixed_current_boundary_june_2026; historical_boundary_continuity=false; months_complete=12; min_valid_area_fraction=1.00000000; mean_valid_area_fraction=1.00000000; source_product=CHIRPS v3 Final monthly; geometry_source=BIG BATAS_KABKOTA_AR; geometry_source_edition=Juni 2026; observed_station_equivalence=false; comparability_scope=within_CHIRPS_v3_Final_fixed_current_boundary_frame; independent_station_validation=pending
chirpsobs_668949b9d45d15ac2bef4604,annual_rainfall,idn.13.1374,2025-01-01,2025-12-31,annual,3001.704285,millimetres,model_estimate,chirpsprov_895a16cb21d7cc63ddc0f299,false,true,chirps_v3_final_monthly_big_june_2026_fixed_boundary_v1,,spatial_frame=fixed_current_boundary_june_2026; historical_boundary_continuity=false; months_complete=12; min_valid_area_fraction=1.00000000; mean_valid_area_fraction=1.00000000; source_product=CHIRPS v3 Final monthly; geometry_source=BIG BATAS_KABKOTA_AR; geometry_source_edition=Juni 2026; observed_station_equivalence=false; comparability_scope=within_CHIRPS_v3_Final_fixed_current_boundary_frame; independent_station_validation=pending
chirpsobs_66ca99a26e218ab591815e40,annual_rainfall,idn.13.1305,2022-01-01,2022-12-31,annual,3501.612179,millimetres,model_estimate,chirpsprov_3aa2018ec0576428d71e18bf,false,true,chirps_v3_final_monthly_big_june_2026_fixed_boundary_v1,,spatial_frame=fixed_current_boundary_june_2026; historical_boundary_continuity=false; months_complete=12; min_valid_area_fraction=1.00000000; mean_valid_area_fraction=1.00000000; source_product=CHIRPS v3 Final monthly; geometry_source=BIG BATAS_KABKOTA_AR; geometry_source_edition=Juni 2026; observed_station_equivalence=false; comparability_scope=within_CHIRPS_v3_Final_fixed_current_boundary_frame; independent_station_validation=pending
chirpsobs_66e9c90e177a7fbf86faeb0d,annual_rainfall,idn.13.1301,1995-01-01,1995-12-31,annual,3453.408010,millimetres,model_estimate,chirpsprov_9ff2f7a1dfcae20618823751,false,true,chirps_v3_final_monthly_big_june_2026_fixed_boundary_v1,,spatial_frame=fixed_current_boundary_june_2026; historical_boundary_continuity=false; months_complete=12; min_valid_area_fraction=0.99877921; mean_valid_area_fraction=0.99877921; source_product=CHIRPS v3 Final monthly; geometry_source=BIG BATAS_KABKOTA_AR; geometry_source_edition=Juni 2026; observed_station_equivalence=false; comparability_scope=within_CHIRPS_v3_Final_fixed_current_boundary_frame; independent_station_validation=pending
chirpsobs_670d325789c5520d2fff1a73,annual_rainfall,idn.13.1301,2002-01-01,2002-12-31,annual,3771.649544,millimetres,model_estimate,chirpsprov_2cf1096ce26eebc728e69baf,false,true,chirps_v3_final_monthly_big_june_2026_fixed_boundary_v1,,spatial_frame=fixed_current_boundary_june_2026; historical_boundary_continuity=false; months_complete=12; min_valid_area_fraction=0.99877921; mean_valid_area_fraction=0.99877921; source_product=CHIRPS v3 Final monthly; geometry_source=BIG BATAS_KABKOTA_AR; geometry_source_edition=Juni 2026; observed_station_equivalence=false; comparability_scope=within_CHIRPS_v3_Final_fixed_current_boundary_frame; independent_station_validation=pending
chirpsobs_6770038cb21b98f29f277049,annual_rainfall,idn.13.1310,2020-01-01,2020-12-31,annual,2839.225367,millimetres,model_estimate,chirpsprov_869749660f299278b4209870,false,true,chirps_v3_final_monthly_big_june_2026_fixed_boundary_v1,,spatial_frame=fixed_current_boundary_june_2026; historical_boundary_continuity=false; months_complete=12; min_valid_area_fraction=1.00000000; mean_valid_area_fraction=1.00000000; source_product=CHIRPS v3 Final monthly; geometry_source=BIG BATAS_KABKOTA_AR; geometry_source_edition=Juni 2026; observed_station_equivalence=false; comparability_scope=within_CHIRPS_v3_Final_fixed_current_boundary_frame; independent_station_validation=pending
chirpsobs_67c067d4ec9844b606fac292,annual_rainfall,idn.13.1371,1990-01-01,1990-12-31,annual,3481.948069,millimetres,model_estimate,chirpsprov_8a1debf06ff2601da517ede7,false,true,chirps_v3_final_monthly_big_june_2026_fixed_boundary_v1,,spatial_frame=fixed_current_boundary_june_2026; historical_boundary_continuity=false; months_complete=12; min_valid_area_fraction=0.99912533; mean_valid_area_fraction=0.99912533; source_product=CHIRPS v3 Final monthly; geometry_source=BIG BATAS_KABKOTA_AR; geometry_source_edition=Juni 2026; observed_station_equivalence=false; comparability_scope=within_CHIRPS_v3_Final_fixed_current_boundary_frame; independent_station_validation=pending
chirpsobs_680879877a88ce629d995d05,annual_rainfall,idn.13.1303,2009-01-01,2009-12-31,annual,2661.301688,millimetres,model_estimate,chirpsprov_abb2dd60088714756570bb9f,false,true,chirps_v3_final_monthly_big_june_2026_fixed_boundary_v1,,spatial_frame=fixed_current_boundary_june_2026; historical_boundary_continuity=false; months_complete=12; min_valid_area_fraction=1.00000000; mean_valid_area_fraction=1.00000000; source_product=CHIRPS v3 Final monthly; geometry_source=BIG BATAS_KABKOTA_AR; geometry_source_edition=Juni 2026; observed_station_equivalence=false; comparability_scope=within_CHIRPS_v3_Final_fixed_current_boundary_frame; independent_station_validation=pending
chirpsobs_68817d254ab498e6bd4d1b76,annual_rainfall,idn.13.1311,1992-01-01,1992-12-31,annual,2748.053086,millimetres,model_estimate,chirpsprov_938566067d5a0dee5b9cc5f3,false,true,chirps_v3_final_monthly_big_june_2026_fixed_boundary_v1,,spatial_frame=fixed_current_boundary_june_2026; historical_boundary_continuity=false; months_complete=12; min_valid_area_fraction=1.00000000; mean_valid_area_fraction=1.00000000; source_product=CHIRPS v3 Final monthly; geometry_source=BIG BATAS_KABKOTA_AR; geometry_source_edition=Juni 2026; observed_station_equivalence=false; comparability_scope=within_CHIRPS_v3_Final_fixed_current_boundary_frame; independent_station_validation=pending
chirpsobs_68ae166db821a50ce26e34f0,annual_rainfall,idn.13.1372,2019-01-01,2019-12-31,annual,2349.436808,millimetres,model_estimate,chirpsprov_0dbe201c4de4fc57baa56cc7,false,true,chirps_v3_final_monthly_big_june_2026_fixed_boundary_v1,,spatial_frame=fixed_current_boundary_june_2026; historical_boundary_continuity=false; months_complete=12; min_valid_area_fraction=1.00000000; mean_valid_area_fraction=1.00000000; source_product=CHIRPS v3 Final monthly; geometry_source=BIG BATAS_KABKOTA_AR; geometry_source_edition=Juni 2026; observed_station_equivalence=false; comparability_scope=within_CHIRPS_v3_Final_fixed_current_boundary_frame; independent_station_validation=pending
chirpsobs_6945602fa9d36b2bc339e67d,annual_rainfall,idn.13.1304,1984-01-01,1984-12-31,annual,3742.089903,millimetres,model_estimate,chirpsprov_105560bf68b24142847709fb,false,true,chirps_v3_final_monthly_big_june_2026_fixed_boundary_v1,,spatial_frame=fixed_current_boundary_june_2026; historical_boundary_continuity=false; months_complete=12; min_valid_area_fraction=1.00000000; mean_valid_area_fraction=1.00000000; source_product=CHIRPS v3 Final monthly; geometry_source=BIG BATAS_KABKOTA_AR; geometry_source_edition=Juni 2026; observed_station_equivalence=false; comparability_scope=within_CHIRPS_v3_Final_fixed_current_boundary_frame; independent_station_validation=pending
chirpsobs_696000397e25208bfe3bac3a,annual_rainfall,idn.13.1311,2018-01-01,2018-12-31,annual,3046.330199,millimetres,model_estimate,chirpsprov_c8030a113fbc38a4dd14a894,false,true,chirps_v3_final_monthly_big_june_2026_fixed_boundary_v1,,spatial_frame=fixed_current_boundary_june_2026; historical_boundary_continuity=false; months_complete=12; min_valid_area_fraction=1.00000000; mean_valid_area_fraction=1.00000000; source_product=CHIRPS v3 Final monthly; geometry_source=BIG BATAS_KABKOTA_AR; geometry_source_edition=Juni 2026; observed_station_equivalence=false; comparability_scope=within_CHIRPS_v3_Final_fixed_current_boundary_frame; independent_station_validation=pending
chirpsobs_69ce4ccb30fe07d5b2c9e508,annual_rainfall,idn.13.1307,2011-01-01,2011-12-31,annual,2608.419464,millimetres,model_estimate,chirpsprov_f02726b2fbc31c90fe475402,false,true,chirps_v3_final_monthly_big_june_2026_fixed_boundary_v1,,spatial_frame=fixed_current_boundary_june_2026; historical_boundary_continuity=false; months_complete=12; min_valid_area_fraction=1.00000000; mean_valid_area_fraction=1.00000000; source_product=CHIRPS v3 Final monthly; geometry_source=BIG BATAS_KABKOTA_AR; geometry_source_edition=Juni 2026; observed_station_equivalence=false; comparability_scope=within_CHIRPS_v3_Final_fixed_current_boundary_frame; independent_station_validation=pending
chirpsobs_6a9894262df7327838fe3c82,annual_rainfall,idn.13.1375,2005-01-01,2005-12-31,annual,2329.515583,millimetres,model_estimate,chirpsprov_7d3a32c4624fac5599297aae,false,true,chirps_v3_final_monthly_big_june_2026_fixed_boundary_v1,,spatial_frame=fixed_current_boundary_june_2026; historical_boundary_continuity=false; months_complete=12; min_valid_area_fraction=1.00000000; mean_valid_area_fraction=1.00000000; source_product=CHIRPS v3 Final monthly; geometry_source=BIG BATAS_KABKOTA_AR; geometry_source_edition=Juni 2026; observed_station_equivalence=false; comparability_scope=within_CHIRPS_v3_Final_fixed_current_boundary_frame; independent_station_validation=pending
chirpsobs_6b039ff26143409e3cc64eef,annual_rainfall,idn.13.1312,1981-01-01,1981-12-31,annual,3694.717899,millimetres,model_estimate,chirpsprov_b1892e858b9a21df3f3835f6,false,true,chirps_v3_final_monthly_big_june_2026_fixed_boundary_v1,,spatial_frame=fixed_current_boundary_june_2026; historical_boundary_continuity=false; months_complete=12; min_valid_area_fraction=1.00000000; mean_valid_area_fraction=1.00000000; source_product=CHIRPS v3 Final monthly; geometry_source=BIG BATAS_KABKOTA_AR; geometry_source_edition=Juni 2026; observed_station_equivalence=false; comparability_scope=within_CHIRPS_v3_Final_fixed_current_boundary_frame; independent_station_validation=pending
chirpsobs_6b0f9809265edebce92b3b66,annual_rainfall,idn.13.1374,2020-01-01,2020-12-31,annual,2811.671422,millimetres,model_estimate,chirpsprov_869749660f299278b4209870,false,true,chirps_v3_final_monthly_big_june_2026_fixed_boundary_v1,,spatial_frame=fixed_current_boundary_june_2026; historical_boundary_continuity=false; months_complete=12; min_valid_area_fraction=1.00000000; mean_valid_area_fraction=1.00000000; source_product=CHIRPS v3 Final monthly; geometry_source=BIG BATAS_KABKOTA_AR; geometry_source_edition=Juni 2026; observed_station_equivalence=false; comparability_scope=within_CHIRPS_v3_Final_fixed_current_boundary_frame; independent_station_validation=pending
chirpsobs_6b260054a1b14dbca5618166,annual_rainfall,idn.13.1309,1996-01-01,1996-12-31,annual,2976.787045,millimetres,model_estimate,chirpsprov_864915f0694d4a2f8d62d710,false,true,chirps_v3_final_monthly_big_june_2026_fixed_boundary_v1,,spatial_frame=fixed_current_boundary_june_2026; historical_boundary_continuity=false; months_complete=12; min_valid_area_fraction=1.00000000; mean_valid_area_fraction=1.00000000; source_product=CHIRPS v3 Final monthly; geometry_source=BIG BATAS_KABKOTA_AR; geometry_source_edition=Juni 2026; observed_station_equivalence=false; comparability_scope=within_CHIRPS_v3_Final_fixed_current_boundary_frame; independent_station_validation=pending
chirpsobs_6b7ea038bf36fdf3f08e62c9,annual_rainfall,idn.13.1304,2001-01-01,2001-12-31,annual,2876.339003,millimetres,model_estimate,chirpsprov_08cf9a732d039d72eccb02c0,false,true,chirps_v3_final_monthly_big_june_2026_fixed_boundary_v1,,spatial_frame=fixed_current_boundary_june_2026; historical_boundary_continuity=false; months_complete=12; min_valid_area_fraction=1.00000000; mean_valid_area_fraction=1.00000000; source_product=CHIRPS v3 Final monthly; geometry_source=BIG BATAS_KABKOTA_AR; geometry_source_edition=Juni 2026; observed_station_equivalence=false; comparability_scope=within_CHIRPS_v3_Final_fixed_current_boundary_frame; independent_station_validation=pending
chirpsobs_6bea7595702d777e8592141c,annual_rainfall,idn.13.1305,2001-01-01,2001-12-31,annual,2361.513382,millimetres,model_estimate,chirpsprov_08cf9a732d039d72eccb02c0,false,true,chirps_v3_final_monthly_big_june_2026_fixed_boundary_v1,,spatial_frame=fixed_current_boundary_june_2026; historical_boundary_continuity=false; months_complete=12; min_valid_area_fraction=1.00000000; mean_valid_area_fraction=1.00000000; source_product=CHIRPS v3 Final monthly; geometry_source=BIG BATAS_KABKOTA_AR; geometry_source_edition=Juni 2026; observed_station_equivalence=false; comparability_scope=within_CHIRPS_v3_Final_fixed_current_boundary_frame; independent_station_validation=pending
chirpsobs_6bfba32a06434e2d76c0129f,annual_rainfall,idn.13.1306,1984-01-01,1984-12-31,annual,4414.841058,millimetres,model_estimate,chirpsprov_105560bf68b24142847709fb,false,true,chirps_v3_final_monthly_big_june_2026_fixed_boundary_v1,,spatial_frame=fixed_current_boundary_june_2026; historical_boundary_continuity=false; months_complete=12; min_valid_area_fraction=0.99993254; mean_valid_area_fraction=0.99993254; source_product=CHIRPS v3 Final monthly; geometry_source=BIG BATAS_KABKOTA_AR; geometry_source_edition=Juni 2026; observed_station_equivalence=false; comparability_scope=within_CHIRPS_v3_Final_fixed_current_boundary_frame; independent_station_validation=pending
chirpsobs_6cd319617b686aa4d639f096,annual_rainfall,idn.13.1307,2017-01-01,2017-12-31,annual,3109.867686,millimetres,model_estimate,chirpsprov_dccafa903dab232b9aad0bd5,false,true,chirps_v3_final_monthly_big_june_2026_fixed_boundary_v1,,spatial_frame=fixed_current_boundary_june_2026; historical_boundary_continuity=false; months_complete=12; min_valid_area_fraction=1.00000000; mean_valid_area_fraction=1.00000000; source_product=CHIRPS v3 Final monthly; geometry_source=BIG BATAS_KABKOTA_AR; geometry_source_edition=Juni 2026; observed_station_equivalence=false; comparability_scope=within_CHIRPS_v3_Final_fixed_current_boundary_frame; independent_station_validation=pending
chirpsobs_6cf38726b2ccedab614687a2,annual_rainfall,idn.13.1302,1984-01-01,1984-12-31,annual,3220.280531,millimetres,model_estimate,chirpsprov_105560bf68b24142847709fb,false,true,chirps_v3_final_monthly_big_june_2026_fixed_boundary_v1,,spatial_frame=fixed_current_boundary_june_2026; historical_boundary_continuity=false; months_complete=12; min_valid_area_fraction=0.99990289; mean_valid_area_fraction=0.99990289; source_product=CHIRPS v3 Final monthly; geometry_source=BIG BATAS_KABKOTA_AR; geometry_source_edition=Juni 2026; observed_station_equivalence=false; comparability_scope=within_CHIRPS_v3_Final_fixed_current_boundary_frame; independent_station_validation=pending
chirpsobs_6d201a6f9566f150b789ad72,annual_rainfall,idn.13.1309,1992-01-01,1992-12-31,annual,3307.613501,millimetres,model_estimate,chirpsprov_938566067d5a0dee5b9cc5f3,false,true,chirps_v3_final_monthly_big_june_2026_fixed_boundary_v1,,spatial_frame=fixed_current_boundary_june_2026; historical_boundary_continuity=false; months_complete=12; min_valid_area_fraction=1.00000000; mean_valid_area_fraction=1.00000000; source_product=CHIRPS v3 Final monthly; geometry_source=BIG BATAS_KABKOTA_AR; geometry_source_edition=Juni 2026; observed_station_equivalence=false; comparability_scope=within_CHIRPS_v3_Final_fixed_current_boundary_frame; independent_station_validation=pending
chirpsobs_6d38b4855c24fbabb9251c49,annual_rainfall,idn.13.1304,1991-01-01,1991-12-31,annual,2512.056488,millimetres,model_estimate,chirpsprov_6a2c532764a205347fffab60,false,true,chirps_v3_final_monthly_big_june_2026_fixed_boundary_v1,,spatial_frame=fixed_current_boundary_june_2026; historical_boundary_continuity=false; months_complete=12; min_valid_area_fraction=1.00000000; mean_valid_area_fraction=1.00000000; source_product=CHIRPS v3 Final monthly; geometry_source=BIG BATAS_KABKOTA_AR; geometry_source_edition=Juni 2026; observed_station_equivalence=false; comparability_scope=within_CHIRPS_v3_Final_fixed_current_boundary_frame; independent_station_validation=pending
chirpsobs_6d858cfe7aeabb0eeb0f0805,annual_rainfall,idn.13.1377,2018-01-01,2018-12-31,annual,4484.663075,millimetres,model_estimate,chirpsprov_c8030a113fbc38a4dd14a894,false,true,chirps_v3_final_monthly_big_june_2026_fixed_boundary_v1,,spatial_frame=fixed_current_boundary_june_2026; historical_boundary_continuity=false; months_complete=12; min_valid_area_fraction=0.99901085; mean_valid_area_fraction=0.99901085; source_product=CHIRPS v3 Final monthly; geometry_source=BIG BATAS_KABKOTA_AR; geometry_source_edition=Juni 2026; observed_station_equivalence=false; comparability_scope=within_CHIRPS_v3_Final_fixed_current_boundary_frame; independent_station_validation=pending
chirpsobs_6d89b05858dfe2b590f5a74d,annual_rainfall,idn.13.1372,1997-01-01,1997-12-31,annual,1352.896348,millimetres,model_estimate,chirpsprov_549fb51b47f3004dd71af8d7,false,true,chirps_v3_final_monthly_big_june_2026_fixed_boundary_v1,,spatial_frame=fixed_current_boundary_june_2026; historical_boundary_continuity=false; months_complete=12; min_valid_area_fraction=1.00000000; mean_valid_area_fraction=1.00000000; source_product=CHIRPS v3 Final monthly; geometry_source=BIG BATAS_KABKOTA_AR; geometry_source_edition=Juni 2026; observed_station_equivalence=false; comparability_scope=within_CHIRPS_v3_Final_fixed_current_boundary_frame; independent_station_validation=pending
chirpsobs_6db4564e5d3e476f6ca4637a,annual_rainfall,idn.13.1306,1995-01-01,1995-12-31,annual,3644.251540,millimetres,model_estimate,chirpsprov_9ff2f7a1dfcae20618823751,false,true,chirps_v3_final_monthly_big_june_2026_fixed_boundary_v1,,spatial_frame=fixed_current_boundary_june_2026; historical_boundary_continuity=false; months_complete=12; min_valid_area_fraction=0.99993254; mean_valid_area_fraction=0.99993254; source_product=CHIRPS v3 Final monthly; geometry_source=BIG BATAS_KABKOTA_AR; geometry_source_edition=Juni 2026; observed_station_equivalence=false; comparability_scope=within_CHIRPS_v3_Final_fixed_current_boundary_frame; independent_station_validation=pending
chirpsobs_6e1ddf54173d580cfa03770d,annual_rainfall,idn.13.1375,1986-01-01,1986-12-31,annual,2414.027898,millimetres,model_estimate,chirpsprov_6c1e56941bc5b402ba2b4cbf,false,true,chirps_v3_final_monthly_big_june_2026_fixed_boundary_v1,,spatial_frame=fixed_current_boundary_june_2026; historical_boundary_continuity=false; months_complete=12; min_valid_area_fraction=1.00000000; mean_valid_area_fraction=1.00000000; source_product=CHIRPS v3 Final monthly; geometry_source=BIG BATAS_KABKOTA_AR; geometry_source_edition=Juni 2026; observed_station_equivalence=false; comparability_scope=within_CHIRPS_v3_Final_fixed_current_boundary_frame; independent_station_validation=pending
chirpsobs_6e4e4b5e56af44e754216897,annual_rainfall,idn.13.1302,2024-01-01,2024-12-31,annual,3320.943657,millimetres,model_estimate,chirpsprov_80f1b34a386a8dd06869ba96,false,true,chirps_v3_final_monthly_big_june_2026_fixed_boundary_v1,,spatial_frame=fixed_current_boundary_june_2026; historical_boundary_continuity=false; months_complete=12; min_valid_area_fraction=0.99990289; mean_valid_area_fraction=0.99990289; source_product=CHIRPS v3 Final monthly; geometry_source=BIG BATAS_KABKOTA_AR; geometry_source_edition=Juni 2026; observed_station_equivalence=false; comparability_scope=within_CHIRPS_v3_Final_fixed_current_boundary_frame; independent_station_validation=pending
chirpsobs_6f673517bd9594e6fd5e2986,annual_rainfall,idn.13.1309,1986-01-01,1986-12-31,annual,3599.044613,millimetres,model_estimate,chirpsprov_6c1e56941bc5b402ba2b4cbf,false,true,chirps_v3_final_monthly_big_june_2026_fixed_boundary_v1,,spatial_frame=fixed_current_boundary_june_2026; historical_boundary_continuity=false; months_complete=12; min_valid_area_fraction=1.00000000; mean_valid_area_fraction=1.00000000; source_product=CHIRPS v3 Final monthly; geometry_source=BIG BATAS_KABKOTA_AR; geometry_source_edition=Juni 2026; observed_station_equivalence=false; comparability_scope=within_CHIRPS_v3_Final_fixed_current_boundary_frame; independent_station_validation=pending
chirpsobs_6f9cb98f77a4341f7c0f58c1,annual_rainfall,idn.13.1312,1993-01-01,1993-12-31,annual,3126.949978,millimetres,model_estimate,chirpsprov_0b1431dfbfc76cd87c567ea3,false,true,chirps_v3_final_monthly_big_june_2026_fixed_boundary_v1,,spatial_frame=fixed_current_boundary_june_2026; historical_boundary_continuity=false; months_complete=12; min_valid_area_fraction=1.00000000; mean_valid_area_fraction=1.00000000; source_product=CHIRPS v3 Final monthly; geometry_source=BIG BATAS_KABKOTA_AR; geometry_source_edition=Juni 2026; observed_station_equivalence=false; comparability_scope=within_CHIRPS_v3_Final_fixed_current_boundary_frame; independent_station_validation=pending
chirpsobs_6fa4db438dd19bc3e2c60762,annual_rainfall,idn.13.1373,1987-01-01,1987-12-31,annual,2300.410875,millimetres,model_estimate,chirpsprov_7c2bd4ffc29c3c1f203409a0,false,true,chirps_v3_final_monthly_big_june_2026_fixed_boundary_v1,,spatial_frame=fixed_current_boundary_june_2026; historical_boundary_continuity=false; months_complete=12; min_valid_area_fraction=1.00000000; mean_valid_area_fraction=1.00000000; source_product=CHIRPS v3 Final monthly; geometry_source=BIG BATAS_KABKOTA_AR; geometry_source_edition=Juni 2026; observed_station_equivalence=false; comparability_scope=within_CHIRPS_v3_Final_fixed_current_boundary_frame; independent_station_validation=pending
chirpsobs_6fbb3fb6dc2faf180936de83,annual_rainfall,idn.13.1375,2025-01-01,2025-12-31,annual,2493.838174,millimetres,model_estimate,chirpsprov_895a16cb21d7cc63ddc0f299,false,true,chirps_v3_final_monthly_big_june_2026_fixed_boundary_v1,,spatial_frame=fixed_current_boundary_june_2026; historical_boundary_continuity=false; months_complete=12; min_valid_area_fraction=1.00000000; mean_valid_area_fraction=1.00000000; source_product=CHIRPS v3 Final monthly; geometry_source=BIG BATAS_KABKOTA_AR; geometry_source_edition=Juni 2026; observed_station_equivalence=false; comparability_scope=within_CHIRPS_v3_Final_fixed_current_boundary_frame; independent_station_validation=pending
chirpsobs_7002cfc8747faa712af368b3,annual_rainfall,idn.13.1377,2007-01-01,2007-12-31,annual,4343.716459,millimetres,model_estimate,chirpsprov_d583a73735d084b8b2496aa8,false,true,chirps_v3_final_monthly_big_june_2026_fixed_boundary_v1,,spatial_frame=fixed_current_boundary_june_2026; historical_boundary_continuity=false; months_complete=12; min_valid_area_fraction=0.99901085; mean_valid_area_fraction=0.99901085; source_product=CHIRPS v3 Final monthly; geometry_source=BIG BATAS_KABKOTA_AR; geometry_source_edition=Juni 2026; observed_station_equivalence=false; comparability_scope=within_CHIRPS_v3_Final_fixed_current_boundary_frame; independent_station_validation=pending
chirpsobs_70073bf8da392b3a928fa3ab,annual_rainfall,idn.13.1307,1997-01-01,1997-12-31,annual,1291.430432,millimetres,model_estimate,chirpsprov_549fb51b47f3004dd71af8d7,false,true,chirps_v3_final_monthly_big_june_2026_fixed_boundary_v1,,spatial_frame=fixed_current_boundary_june_2026; historical_boundary_continuity=false; months_complete=12; min_valid_area_fraction=1.00000000; mean_valid_area_fraction=1.00000000; source_product=CHIRPS v3 Final monthly; geometry_source=BIG BATAS_KABKOTA_AR; geometry_source_edition=Juni 2026; observed_station_equivalence=false; comparability_scope=within_CHIRPS_v3_Final_fixed_current_boundary_frame; independent_station_validation=pending
chirpsobs_701c3fbd97d5e78e9f5846a9,annual_rainfall,idn.13.1377,1986-01-01,1986-12-31,annual,4857.015992,millimetres,model_estimate,chirpsprov_6c1e56941bc5b402ba2b4cbf,false,true,chirps_v3_final_monthly_big_june_2026_fixed_boundary_v1,,spatial_frame=fixed_current_boundary_june_2026; historical_boundary_continuity=false; months_complete=12; min_valid_area_fraction=0.99901085; mean_valid_area_fraction=0.99901085; source_product=CHIRPS v3 Final monthly; geometry_source=BIG BATAS_KABKOTA_AR; geometry_source_edition=Juni 2026; observed_station_equivalence=false; comparability_scope=within_CHIRPS_v3_Final_fixed_current_boundary_frame; independent_station_validation=pending
chirpsobs_7028839d2c4bdfe7bb377085,annual_rainfall,idn.13.1301,1996-01-01,1996-12-31,annual,3213.949695,millimetres,model_estimate,chirpsprov_864915f0694d4a2f8d62d710,false,true,chirps_v3_final_monthly_big_june_2026_fixed_boundary_v1,,spatial_frame=fixed_current_boundary_june_2026; historical_boundary_continuity=false; months_complete=12; min_valid_area_fraction=0.99877921; mean_valid_area_fraction=0.99877921; source_product=CHIRPS v3 Final monthly; geometry_source=BIG BATAS_KABKOTA_AR; geometry_source_edition=Juni 2026; observed_station_equivalence=false; comparability_scope=within_CHIRPS_v3_Final_fixed_current_boundary_frame; independent_station_validation=pending
chirpsobs_7067d498566fcac900db5ee2,annual_rainfall,idn.13.1372,2014-01-01,2014-12-31,annual,2793.153035,millimetres,model_estimate,chirpsprov_b4a99eb15560b1d88e757010,false,true,chirps_v3_final_monthly_big_june_2026_fixed_boundary_v1,,spatial_frame=fixed_current_boundary_june_2026; historical_boundary_continuity=false; months_complete=12; min_valid_area_fraction=1.00000000; mean_valid_area_fraction=1.00000000; source_product=CHIRPS v3 Final monthly; geometry_source=BIG BATAS_KABKOTA_AR; geometry_source_edition=Juni 2026; observed_station_equivalence=false; comparability_scope=within_CHIRPS_v3_Final_fixed_current_boundary_frame; independent_station_validation=pending
chirpsobs_70bc4c98e79912bde0ab5753,annual_rainfall,idn.13.1308,1987-01-01,1987-12-31,annual,2339.208017,millimetres,model_estimate,chirpsprov_7c2bd4ffc29c3c1f203409a0,false,true,chirps_v3_final_monthly_big_june_2026_fixed_boundary_v1,,spatial_frame=fixed_current_boundary_june_2026; historical_boundary_continuity=false; months_complete=12; min_valid_area_fraction=1.00000000; mean_valid_area_fraction=1.00000000; source_product=CHIRPS v3 Final monthly; geometry_source=BIG BATAS_KABKOTA_AR; geometry_source_edition=Juni 2026; observed_station_equivalence=false; comparability_scope=within_CHIRPS_v3_Final_fixed_current_boundary_frame; independent_station_validation=pending
chirpsobs_70c82ed7835d4f9c85cd2727,annual_rainfall,idn.13.1302,1982-01-01,1982-12-31,annual,1882.356358,millimetres,model_estimate,chirpsprov_d76928f82e8715e9e28c66e3,false,true,chirps_v3_final_monthly_big_june_2026_fixed_boundary_v1,,spatial_frame=fixed_current_boundary_june_2026; historical_boundary_continuity=false; months_complete=12; min_valid_area_fraction=0.99990289; mean_valid_area_fraction=0.99990289; source_product=CHIRPS v3 Final monthly; geometry_source=BIG BATAS_KABKOTA_AR; geometry_source_edition=Juni 2026; observed_station_equivalence=false; comparability_scope=within_CHIRPS_v3_Final_fixed_current_boundary_frame; independent_station_validation=pending
chirpsobs_71ca3e8cfc8fda14fd60ecfc,annual_rainfall,idn.13.1301,2003-01-01,2003-12-31,annual,3317.904092,millimetres,model_estimate,chirpsprov_2b5773cbf1c57eb413def781,false,true,chirps_v3_final_monthly_big_june_2026_fixed_boundary_v1,,spatial_frame=fixed_current_boundary_june_2026; historical_boundary_continuity=false; months_complete=12; min_valid_area_fraction=0.99877921; mean_valid_area_fraction=0.99877921; source_product=CHIRPS v3 Final monthly; geometry_source=BIG BATAS_KABKOTA_AR; geometry_source_edition=Juni 2026; observed_station_equivalence=false; comparability_scope=within_CHIRPS_v3_Final_fixed_current_boundary_frame; independent_station_validation=pending
chirpsobs_71db93979d1a79bd2c107348,annual_rainfall,idn.13.1303,1996-01-01,1996-12-31,annual,2308.396181,millimetres,model_estimate,chirpsprov_864915f0694d4a2f8d62d710,false,true,chirps_v3_final_monthly_big_june_2026_fixed_boundary_v1,,spatial_frame=fixed_current_boundary_june_2026; historical_boundary_continuity=false; months_complete=12; min_valid_area_fraction=1.00000000; mean_valid_area_fraction=1.00000000; source_product=CHIRPS v3 Final monthly; geometry_source=BIG BATAS_KABKOTA_AR; geometry_source_edition=Juni 2026; observed_station_equivalence=false; comparability_scope=within_CHIRPS_v3_Final_fixed_current_boundary_frame; independent_station_validation=pending
chirpsobs_71de030a274b74c4412345ee,annual_rainfall,idn.13.1376,2001-01-01,2001-12-31,annual,2180.850918,millimetres,model_estimate,chirpsprov_08cf9a732d039d72eccb02c0,false,true,chirps_v3_final_monthly_big_june_2026_fixed_boundary_v1,,spatial_frame=fixed_current_boundary_june_2026; historical_boundary_continuity=false; months_complete=12; min_valid_area_fraction=1.00000000; mean_valid_area_fraction=1.00000000; source_product=CHIRPS v3 Final monthly; geometry_source=BIG BATAS_KABKOTA_AR; geometry_source_edition=Juni 2026; observed_station_equivalence=false; comparability_scope=within_CHIRPS_v3_Final_fixed_current_boundary_frame; independent_station_validation=pending
chirpsobs_728ecdccbd60ccf15438946d,annual_rainfall,idn.13.1308,2001-01-01,2001-12-31,annual,2676.780187,millimetres,model_estimate,chirpsprov_08cf9a732d039d72eccb02c0,false,true,chirps_v3_final_monthly_big_june_2026_fixed_boundary_v1,,spatial_frame=fixed_current_boundary_june_2026; historical_boundary_continuity=false; months_complete=12; min_valid_area_fraction=1.00000000; mean_valid_area_fraction=1.00000000; source_product=CHIRPS v3 Final monthly; geometry_source=BIG BATAS_KABKOTA_AR; geometry_source_edition=Juni 2026; observed_station_equivalence=false; comparability_scope=within_CHIRPS_v3_Final_fixed_current_boundary_frame; independent_station_validation=pending
chirpsobs_72fac54226673ac3ed259991,annual_rainfall,idn.13.1375,2001-01-01,2001-12-31,annual,2035.882141,millimetres,model_estimate,chirpsprov_08cf9a732d039d72eccb02c0,false,true,chirps_v3_final_monthly_big_june_2026_fixed_boundary_v1,,spatial_frame=fixed_current_boundary_june_2026; historical_boundary_continuity=false; months_complete=12; min_valid_area_fraction=1.00000000; mean_valid_area_fraction=1.00000000; source_product=CHIRPS v3 Final monthly; geometry_source=BIG BATAS_KABKOTA_AR; geometry_source_edition=Juni 2026; observed_station_equivalence=false; comparability_scope=within_CHIRPS_v3_Final_fixed_current_boundary_frame; independent_station_validation=pending
chirpsobs_734cb59617ea271671c5adfb,annual_rainfall,idn.13.1372,1996-01-01,1996-12-31,annual,2385.141347,millimetres,model_estimate,chirpsprov_864915f0694d4a2f8d62d710,false,true,chirps_v3_final_monthly_big_june_2026_fixed_boundary_v1,,spatial_frame=fixed_current_boundary_june_2026; historical_boundary_continuity=false; months_complete=12; min_valid_area_fraction=1.00000000; mean_valid_area_fraction=1.00000000; source_product=CHIRPS v3 Final monthly; geometry_source=BIG BATAS_KABKOTA_AR; geometry_source_edition=Juni 2026; observed_station_equivalence=false; comparability_scope=within_CHIRPS_v3_Final_fixed_current_boundary_frame; independent_station_validation=pending
chirpsobs_73d70fe049753734374aefeb,annual_rainfall,idn.13.1371,1995-01-01,1995-12-31,annual,3312.555487,millimetres,model_estimate,chirpsprov_9ff2f7a1dfcae20618823751,false,true,chirps_v3_final_monthly_big_june_2026_fixed_boundary_v1,,spatial_frame=fixed_current_boundary_june_2026; historical_boundary_continuity=false; months_complete=12; min_valid_area_fraction=0.99912533; mean_valid_area_fraction=0.99912533; source_product=CHIRPS v3 Final monthly; geometry_source=BIG BATAS_KABKOTA_AR; geometry_source_edition=Juni 2026; observed_station_equivalence=false; comparability_scope=within_CHIRPS_v3_Final_fixed_current_boundary_frame; independent_station_validation=pending
chirpsobs_73e52d1992870c99bd7fec01,annual_rainfall,idn.13.1373,1996-01-01,1996-12-31,annual,2246.515080,millimetres,model_estimate,chirpsprov_864915f0694d4a2f8d62d710,false,true,chirps_v3_final_monthly_big_june_2026_fixed_boundary_v1,,spatial_frame=fixed_current_boundary_june_2026; historical_boundary_continuity=false; months_complete=12; min_valid_area_fraction=1.00000000; mean_valid_area_fraction=1.00000000; source_product=CHIRPS v3 Final monthly; geometry_source=BIG BATAS_KABKOTA_AR; geometry_source_edition=Juni 2026; observed_station_equivalence=false; comparability_scope=within_CHIRPS_v3_Final_fixed_current_boundary_frame; independent_station_validation=pending
chirpsobs_73fe330c957baf505fdcf54e,annual_rainfall,idn.13.1377,2024-01-01,2024-12-31,annual,5366.192630,millimetres,model_estimate,chirpsprov_80f1b34a386a8dd06869ba96,false,true,chirps_v3_final_monthly_big_june_2026_fixed_boundary_v1,,spatial_frame=fixed_current_boundary_june_2026; historical_boundary_continuity=false; months_complete=12; min_valid_area_fraction=0.99901085; mean_valid_area_fraction=0.99901085; source_product=CHIRPS v3 Final monthly; geometry_source=BIG BATAS_KABKOTA_AR; geometry_source_edition=Juni 2026; observed_station_equivalence=false; comparability_scope=within_CHIRPS_v3_Final_fixed_current_boundary_frame; independent_station_validation=pending
chirpsobs_740d7cdb3a95374b51ffd2f3,annual_rainfall,idn.13.1312,1998-01-01,1998-12-31,annual,3169.321086,millimetres,model_estimate,chirpsprov_fd5c54c3ffb3d358e77e15f7,false,true,chirps_v3_final_monthly_big_june_2026_fixed_boundary_v1,,spatial_frame=fixed_current_boundary_june_2026; historical_boundary_continuity=false; months_complete=12; min_valid_area_fraction=1.00000000; mean_valid_area_fraction=1.00000000; source_product=CHIRPS v3 Final monthly; geometry_source=BIG BATAS_KABKOTA_AR; geometry_source_edition=Juni 2026; observed_station_equivalence=false; comparability_scope=within_CHIRPS_v3_Final_fixed_current_boundary_frame; independent_station_validation=pending
chirpsobs_741287fd09b425105fd52a48,annual_rainfall,idn.13.1305,1991-01-01,1991-12-31,annual,2266.680893,millimetres,model_estimate,chirpsprov_6a2c532764a205347fffab60,false,true,chirps_v3_final_monthly_big_june_2026_fixed_boundary_v1,,spatial_frame=fixed_current_boundary_june_2026; historical_boundary_continuity=false; months_complete=12; min_valid_area_fraction=1.00000000; mean_valid_area_fraction=1.00000000; source_product=CHIRPS v3 Final monthly; geometry_source=BIG BATAS_KABKOTA_AR; geometry_source_edition=Juni 2026; observed_station_equivalence=false; comparability_scope=within_CHIRPS_v3_Final_fixed_current_boundary_frame; independent_station_validation=pending
chirpsobs_743741d83441460cf66751db,annual_rainfall,idn.13.1375,1998-01-01,1998-12-31,annual,2049.169946,millimetres,model_estimate,chirpsprov_fd5c54c3ffb3d358e77e15f7,false,true,chirps_v3_final_monthly_big_june_2026_fixed_boundary_v1,,spatial_frame=fixed_current_boundary_june_2026; historical_boundary_continuity=false; months_complete=12; min_valid_area_fraction=1.00000000; mean_valid_area_fraction=1.00000000; source_product=CHIRPS v3 Final monthly; geometry_source=BIG BATAS_KABKOTA_AR; geometry_source_edition=Juni 2026; observed_station_equivalence=false; comparability_scope=within_CHIRPS_v3_Final_fixed_current_boundary_frame; independent_station_validation=pending
chirpsobs_751803e7ddbaeef7d1f71ea8,annual_rainfall,idn.13.1302,2011-01-01,2011-12-31,annual,2513.326934,millimetres,model_estimate,chirpsprov_f02726b2fbc31c90fe475402,false,true,chirps_v3_final_monthly_big_june_2026_fixed_boundary_v1,,spatial_frame=fixed_current_boundary_june_2026; historical_boundary_continuity=false; months_complete=12; min_valid_area_fraction=0.99990289; mean_valid_area_fraction=0.99990289; source_product=CHIRPS v3 Final monthly; geometry_source=BIG BATAS_KABKOTA_AR; geometry_source_edition=Juni 2026; observed_station_equivalence=false; comparability_scope=within_CHIRPS_v3_Final_fixed_current_boundary_frame; independent_station_validation=pending
chirpsobs_7518661a50a031c99bf7c566,annual_rainfall,idn.13.1309,1995-01-01,1995-12-31,annual,3348.355126,millimetres,model_estimate,chirpsprov_9ff2f7a1dfcae20618823751,false,true,chirps_v3_final_monthly_big_june_2026_fixed_boundary_v1,,spatial_frame=fixed_current_boundary_june_2026; historical_boundary_continuity=false; months_complete=12; min_valid_area_fraction=1.00000000; mean_valid_area_fraction=1.00000000; source_product=CHIRPS v3 Final monthly; geometry_source=BIG BATAS_KABKOTA_AR; geometry_source_edition=Juni 2026; observed_station_equivalence=false; comparability_scope=within_CHIRPS_v3_Final_fixed_current_boundary_frame; independent_station_validation=pending
chirpsobs_7561941c2cb958594fa8849f,annual_rainfall,idn.13.1308,1989-01-01,1989-12-31,annual,2653.025325,millimetres,model_estimate,chirpsprov_dce3ffaedc1a899d204a1612,false,true,chirps_v3_final_monthly_big_june_2026_fixed_boundary_v1,,spatial_frame=fixed_current_boundary_june_2026; historical_boundary_continuity=false; months_complete=12; min_valid_area_fraction=1.00000000; mean_valid_area_fraction=1.00000000; source_product=CHIRPS v3 Final monthly; geometry_source=BIG BATAS_KABKOTA_AR; geometry_source_edition=Juni 2026; observed_station_equivalence=false; comparability_scope=within_CHIRPS_v3_Final_fixed_current_boundary_frame; independent_station_validation=pending
chirpsobs_7599a27ce2069f6624c02cde,annual_rainfall,idn.13.1308,1984-01-01,1984-12-31,annual,3183.742960,millimetres,model_estimate,chirpsprov_105560bf68b24142847709fb,false,true,chirps_v3_final_monthly_big_june_2026_fixed_boundary_v1,,spatial_frame=fixed_current_boundary_june_2026; historical_boundary_continuity=false; months_complete=12; min_valid_area_fraction=1.00000000; mean_valid_area_fraction=1.00000000; source_product=CHIRPS v3 Final monthly; geometry_source=BIG BATAS_KABKOTA_AR; geometry_source_edition=Juni 2026; observed_station_equivalence=false; comparability_scope=within_CHIRPS_v3_Final_fixed_current_boundary_frame; independent_station_validation=pending
chirpsobs_76809e292b400520aebb3496,annual_rainfall,idn.13.1305,2014-01-01,2014-12-31,annual,2451.301952,millimetres,model_estimate,chirpsprov_b4a99eb15560b1d88e757010,false,true,chirps_v3_final_monthly_big_june_2026_fixed_boundary_v1,,spatial_frame=fixed_current_boundary_june_2026; historical_boundary_continuity=false; months_complete=12; min_valid_area_fraction=1.00000000; mean_valid_area_fraction=1.00000000; source_product=CHIRPS v3 Final monthly; geometry_source=BIG BATAS_KABKOTA_AR; geometry_source_edition=Juni 2026; observed_station_equivalence=false; comparability_scope=within_CHIRPS_v3_Final_fixed_current_boundary_frame; independent_station_validation=pending
chirpsobs_769ac5b5186a4491e9862b14,annual_rainfall,idn.13.1374,2008-01-01,2008-12-31,annual,2903.591607,millimetres,model_estimate,chirpsprov_ed07e8adb20331297fea22e4,false,true,chirps_v3_final_monthly_big_june_2026_fixed_boundary_v1,,spatial_frame=fixed_current_boundary_june_2026; historical_boundary_continuity=false; months_complete=12; min_valid_area_fraction=1.00000000; mean_valid_area_fraction=1.00000000; source_product=CHIRPS v3 Final monthly; geometry_source=BIG BATAS_KABKOTA_AR; geometry_source_edition=Juni 2026; observed_station_equivalence=false; comparability_scope=within_CHIRPS_v3_Final_fixed_current_boundary_frame; independent_station_validation=pending
chirpsobs_7793d52fbd6969649a19ea35,annual_rainfall,idn.13.1374,1986-01-01,1986-12-31,annual,2983.130851,millimetres,model_estimate,chirpsprov_6c1e56941bc5b402ba2b4cbf,false,true,chirps_v3_final_monthly_big_june_2026_fixed_boundary_v1,,spatial_frame=fixed_current_boundary_june_2026; historical_boundary_continuity=false; months_complete=12; min_valid_area_fraction=1.00000000; mean_valid_area_fraction=1.00000000; source_product=CHIRPS v3 Final monthly; geometry_source=BIG BATAS_KABKOTA_AR; geometry_source_edition=Juni 2026; observed_station_equivalence=false; comparability_scope=within_CHIRPS_v3_Final_fixed_current_boundary_frame; independent_station_validation=pending
chirpsobs_77fe9116ce0052a4c176571c,annual_rainfall,idn.13.1304,1987-01-01,1987-12-31,annual,2323.677624,millimetres,model_estimate,chirpsprov_7c2bd4ffc29c3c1f203409a0,false,true,chirps_v3_final_monthly_big_june_2026_fixed_boundary_v1,,spatial_frame=fixed_current_boundary_june_2026; historical_boundary_continuity=false; months_complete=12; min_valid_area_fraction=1.00000000; mean_valid_area_fraction=1.00000000; source_product=CHIRPS v3 Final monthly; geometry_source=BIG BATAS_KABKOTA_AR; geometry_source_edition=Juni 2026; observed_station_equivalence=false; comparability_scope=within_CHIRPS_v3_Final_fixed_current_boundary_frame; independent_station_validation=pending
chirpsobs_7842f522566f6cf85e6016bd,annual_rainfall,idn.13.1309,2016-01-01,2016-12-31,annual,3401.730882,millimetres,model_estimate,chirpsprov_bdfc0cb4713e768353b0af59,false,true,chirps_v3_final_monthly_big_june_2026_fixed_boundary_v1,,spatial_frame=fixed_current_boundary_june_2026; historical_boundary_continuity=false; months_complete=12; min_valid_area_fraction=1.00000000; mean_valid_area_fraction=1.00000000; source_product=CHIRPS v3 Final monthly; geometry_source=BIG BATAS_KABKOTA_AR; geometry_source_edition=Juni 2026; observed_station_equivalence=false; comparability_scope=within_CHIRPS_v3_Final_fixed_current_boundary_frame; independent_station_validation=pending
chirpsobs_78c583b2cff8e60b6991c943,annual_rainfall,idn.13.1301,2012-01-01,2012-12-31,annual,3465.722482,millimetres,model_estimate,chirpsprov_bf295e30ff22919e667a8443,false,true,chirps_v3_final_monthly_big_june_2026_fixed_boundary_v1,,spatial_frame=fixed_current_boundary_june_2026; historical_boundary_continuity=false; months_complete=12; min_valid_area_fraction=0.99877921; mean_valid_area_fraction=0.99877921; source_product=CHIRPS v3 Final monthly; geometry_source=BIG BATAS_KABKOTA_AR; geometry_source_edition=Juni 2026; observed_station_equivalence=false; comparability_scope=within_CHIRPS_v3_Final_fixed_current_boundary_frame; independent_station_validation=pending
chirpsobs_7948971062c4518f73df6633,annual_rainfall,idn.13.1305,1981-01-01,1981-12-31,annual,2652.693112,millimetres,model_estimate,chirpsprov_b1892e858b9a21df3f3835f6,false,true,chirps_v3_final_monthly_big_june_2026_fixed_boundary_v1,,spatial_frame=fixed_current_boundary_june_2026; historical_boundary_continuity=false; months_complete=12; min_valid_area_fraction=1.00000000; mean_valid_area_fraction=1.00000000; source_product=CHIRPS v3 Final monthly; geometry_source=BIG BATAS_KABKOTA_AR; geometry_source_edition=Juni 2026; observed_station_equivalence=false; comparability_scope=within_CHIRPS_v3_Final_fixed_current_boundary_frame; independent_station_validation=pending
chirpsobs_79aa4a1f9f22044aa14446e8,annual_rainfall,idn.13.1310,1993-01-01,1993-12-31,annual,2143.941237,millimetres,model_estimate,chirpsprov_0b1431dfbfc76cd87c567ea3,false,true,chirps_v3_final_monthly_big_june_2026_fixed_boundary_v1,,spatial_frame=fixed_current_boundary_june_2026; historical_boundary_continuity=false; months_complete=12; min_valid_area_fraction=1.00000000; mean_valid_area_fraction=1.00000000; source_product=CHIRPS v3 Final monthly; geometry_source=BIG BATAS_KABKOTA_AR; geometry_source_edition=Juni 2026; observed_station_equivalence=false; comparability_scope=within_CHIRPS_v3_Final_fixed_current_boundary_frame; independent_station_validation=pending
chirpsobs_79ca2af75951d926ba9be9e6,annual_rainfall,idn.13.1310,2012-01-01,2012-12-31,annual,2656.199274,millimetres,model_estimate,chirpsprov_bf295e30ff22919e667a8443,false,true,chirps_v3_final_monthly_big_june_2026_fixed_boundary_v1,,spatial_frame=fixed_current_boundary_june_2026; historical_boundary_continuity=false; months_complete=12; min_valid_area_fraction=1.00000000; mean_valid_area_fraction=1.00000000; source_product=CHIRPS v3 Final monthly; geometry_source=BIG BATAS_KABKOTA_AR; geometry_source_edition=Juni 2026; observed_station_equivalence=false; comparability_scope=within_CHIRPS_v3_Final_fixed_current_boundary_frame; independent_station_validation=pending
chirpsobs_79d8deb4f37f33409fe8db0f,annual_rainfall,idn.13.1375,2016-01-01,2016-12-31,annual,2492.482897,millimetres,model_estimate,chirpsprov_bdfc0cb4713e768353b0af59,false,true,chirps_v3_final_monthly_big_june_2026_fixed_boundary_v1,,spatial_frame=fixed_current_boundary_june_2026; historical_boundary_continuity=false; months_complete=12; min_valid_area_fraction=1.00000000; mean_valid_area_fraction=1.00000000; source_product=CHIRPS v3 Final monthly; geometry_source=BIG BATAS_KABKOTA_AR; geometry_source_edition=Juni 2026; observed_station_equivalence=false; comparability_scope=within_CHIRPS_v3_Final_fixed_current_boundary_frame; independent_station_validation=pending
chirpsobs_7afd9a92ad1b74d377c5f556,annual_rainfall,idn.13.1312,2010-01-01,2010-12-31,annual,4182.592838,millimetres,model_estimate,chirpsprov_6d539a98f8e70f0f921b9fea,false,true,chirps_v3_final_monthly_big_june_2026_fixed_boundary_v1,,spatial_frame=fixed_current_boundary_june_2026; historical_boundary_continuity=false; months_complete=12; min_valid_area_fraction=1.00000000; mean_valid_area_fraction=1.00000000; source_product=CHIRPS v3 Final monthly; geometry_source=BIG BATAS_KABKOTA_AR; geometry_source_edition=Juni 2026; observed_station_equivalence=false; comparability_scope=within_CHIRPS_v3_Final_fixed_current_boundary_frame; independent_station_validation=pending
chirpsobs_7b0a42d8b7ca58bce4c9a5a2,annual_rainfall,idn.13.1376,2023-01-01,2023-12-31,annual,2473.811290,millimetres,model_estimate,chirpsprov_6f7cb8097bed96485afd3cd3,false,true,chirps_v3_final_monthly_big_june_2026_fixed_boundary_v1,,spatial_frame=fixed_current_boundary_june_2026; historical_boundary_continuity=false; months_complete=12; min_valid_area_fraction=1.00000000; mean_valid_area_fraction=1.00000000; source_product=CHIRPS v3 Final monthly; geometry_source=BIG BATAS_KABKOTA_AR; geometry_source_edition=Juni 2026; observed_station_equivalence=false; comparability_scope=within_CHIRPS_v3_Final_fixed_current_boundary_frame; independent_station_validation=pending
chirpsobs_7b7f96ddae05610a38d8fd36,annual_rainfall,idn.13.1311,1981-01-01,1981-12-31,annual,3408.516838,millimetres,model_estimate,chirpsprov_b1892e858b9a21df3f3835f6,false,true,chirps_v3_final_monthly_big_june_2026_fixed_boundary_v1,,spatial_frame=fixed_current_boundary_june_2026; historical_boundary_continuity=false; months_complete=12; min_valid_area_fraction=1.00000000; mean_valid_area_fraction=1.00000000; source_product=CHIRPS v3 Final monthly; geometry_source=BIG BATAS_KABKOTA_AR; geometry_source_edition=Juni 2026; observed_station_equivalence=false; comparability_scope=within_CHIRPS_v3_Final_fixed_current_boundary_frame; independent_station_validation=pending
chirpsobs_7c0e9bb0c099deab889d81de,annual_rainfall,idn.13.1373,2003-01-01,2003-12-31,annual,3005.679564,millimetres,model_estimate,chirpsprov_2b5773cbf1c57eb413def781,false,true,chirps_v3_final_monthly_big_june_2026_fixed_boundary_v1,,spatial_frame=fixed_current_boundary_june_2026; historical_boundary_continuity=false; months_complete=12; min_valid_area_fraction=1.00000000; mean_valid_area_fraction=1.00000000; source_product=CHIRPS v3 Final monthly; geometry_source=BIG BATAS_KABKOTA_AR; geometry_source_edition=Juni 2026; observed_station_equivalence=false; comparability_scope=within_CHIRPS_v3_Final_fixed_current_boundary_frame; independent_station_validation=pending
chirpsobs_7cda9d1b50ce6cad8bbeea1e,annual_rainfall,idn.13.1376,1996-01-01,1996-12-31,annual,1896.093680,millimetres,model_estimate,chirpsprov_864915f0694d4a2f8d62d710,false,true,chirps_v3_final_monthly_big_june_2026_fixed_boundary_v1,,spatial_frame=fixed_current_boundary_june_2026; historical_boundary_continuity=false; months_complete=12; min_valid_area_fraction=1.00000000; mean_valid_area_fraction=1.00000000; source_product=CHIRPS v3 Final monthly; geometry_source=BIG BATAS_KABKOTA_AR; geometry_source_edition=Juni 2026; observed_station_equivalence=false; comparability_scope=within_CHIRPS_v3_Final_fixed_current_boundary_frame; independent_station_validation=pending
chirpsobs_7d0b502852af3e4654d37b3a,annual_rainfall,idn.13.1371,2020-01-01,2020-12-31,annual,3833.450096,millimetres,model_estimate,chirpsprov_869749660f299278b4209870,false,true,chirps_v3_final_monthly_big_june_2026_fixed_boundary_v1,,spatial_frame=fixed_current_boundary_june_2026; historical_boundary_continuity=false; months_complete=12; min_valid_area_fraction=0.99912533; mean_valid_area_fraction=0.99912533; source_product=CHIRPS v3 Final monthly; geometry_source=BIG BATAS_KABKOTA_AR; geometry_source_edition=Juni 2026; observed_station_equivalence=false; comparability_scope=within_CHIRPS_v3_Final_fixed_current_boundary_frame; independent_station_validation=pending
chirpsobs_7d42fb0b4cb253e3531de873,annual_rainfall,idn.13.1306,1987-01-01,1987-12-31,annual,4244.968001,millimetres,model_estimate,chirpsprov_7c2bd4ffc29c3c1f203409a0,false,true,chirps_v3_final_monthly_big_june_2026_fixed_boundary_v1,,spatial_frame=fixed_current_boundary_june_2026; historical_boundary_continuity=false; months_complete=12; min_valid_area_fraction=0.99993254; mean_valid_area_fraction=0.99993254; source_product=CHIRPS v3 Final monthly; geometry_source=BIG BATAS_KABKOTA_AR; geometry_source_edition=Juni 2026; observed_station_equivalence=false; comparability_scope=within_CHIRPS_v3_Final_fixed_current_boundary_frame; independent_station_validation=pending
chirpsobs_7e06f339d7a55f41de9f4320,annual_rainfall,idn.13.1303,2007-01-01,2007-12-31,annual,3044.024186,millimetres,model_estimate,chirpsprov_d583a73735d084b8b2496aa8,false,true,chirps_v3_final_monthly_big_june_2026_fixed_boundary_v1,,spatial_frame=fixed_current_boundary_june_2026; historical_boundary_continuity=false; months_complete=12; min_valid_area_fraction=1.00000000; mean_valid_area_fraction=1.00000000; source_product=CHIRPS v3 Final monthly; geometry_source=BIG BATAS_KABKOTA_AR; geometry_source_edition=Juni 2026; observed_station_equivalence=false; comparability_scope=within_CHIRPS_v3_Final_fixed_current_boundary_frame; independent_station_validation=pending
chirpsobs_7e71cb5308b90b065d2e5ea9,annual_rainfall,idn.13.1307,1996-01-01,1996-12-31,annual,2544.480402,millimetres,model_estimate,chirpsprov_864915f0694d4a2f8d62d710,false,true,chirps_v3_final_monthly_big_june_2026_fixed_boundary_v1,,spatial_frame=fixed_current_boundary_june_2026; historical_boundary_continuity=false; months_complete=12; min_valid_area_fraction=1.00000000; mean_valid_area_fraction=1.00000000; source_product=CHIRPS v3 Final monthly; geometry_source=BIG BATAS_KABKOTA_AR; geometry_source_edition=Juni 2026; observed_station_equivalence=false; comparability_scope=within_CHIRPS_v3_Final_fixed_current_boundary_frame; independent_station_validation=pending
chirpsobs_7ea4ce53835cf2b79ed75d78,annual_rainfall,idn.13.1310,1990-01-01,1990-12-31,annual,2606.561700,millimetres,model_estimate,chirpsprov_8a1debf06ff2601da517ede7,false,true,chirps_v3_final_monthly_big_june_2026_fixed_boundary_v1,,spatial_frame=fixed_current_boundary_june_2026; historical_boundary_continuity=false; months_complete=12; min_valid_area_fraction=1.00000000; mean_valid_area_fraction=1.00000000; source_product=CHIRPS v3 Final monthly; geometry_source=BIG BATAS_KABKOTA_AR; geometry_source_edition=Juni 2026; observed_station_equivalence=false; comparability_scope=within_CHIRPS_v3_Final_fixed_current_boundary_frame; independent_station_validation=pending
chirpsobs_7eb971bce25b9368e88cffb3,annual_rainfall,idn.13.1311,1999-01-01,1999-12-31,annual,3527.298360,millimetres,model_estimate,chirpsprov_8c3023760d15fbc35862fcc4,false,true,chirps_v3_final_monthly_big_june_2026_fixed_boundary_v1,,spatial_frame=fixed_current_boundary_june_2026; historical_boundary_continuity=false; months_complete=12; min_valid_area_fraction=1.00000000; mean_valid_area_fraction=1.00000000; source_product=CHIRPS v3 Final monthly; geometry_source=BIG BATAS_KABKOTA_AR; geometry_source_edition=Juni 2026; observed_station_equivalence=false; comparability_scope=within_CHIRPS_v3_Final_fixed_current_boundary_frame; independent_station_validation=pending
chirpsobs_7f07d7e30550fb5cc2ac3476,annual_rainfall,idn.13.1311,2014-01-01,2014-12-31,annual,2672.378146,millimetres,model_estimate,chirpsprov_b4a99eb15560b1d88e757010,false,true,chirps_v3_final_monthly_big_june_2026_fixed_boundary_v1,,spatial_frame=fixed_current_boundary_june_2026; historical_boundary_continuity=false; months_complete=12; min_valid_area_fraction=1.00000000; mean_valid_area_fraction=1.00000000; source_product=CHIRPS v3 Final monthly; geometry_source=BIG BATAS_KABKOTA_AR; geometry_source_edition=Juni 2026; observed_station_equivalence=false; comparability_scope=within_CHIRPS_v3_Final_fixed_current_boundary_frame; independent_station_validation=pending
chirpsobs_7f4b7850ac80d5be43f04579,annual_rainfall,idn.13.1302,1988-01-01,1988-12-31,annual,3017.480515,millimetres,model_estimate,chirpsprov_9bfc6526f1c0b90065fc7c93,false,true,chirps_v3_final_monthly_big_june_2026_fixed_boundary_v1,,spatial_frame=fixed_current_boundary_june_2026; historical_boundary_continuity=false; months_complete=12; min_valid_area_fraction=0.99990289; mean_valid_area_fraction=0.99990289; source_product=CHIRPS v3 Final monthly; geometry_source=BIG BATAS_KABKOTA_AR; geometry_source_edition=Juni 2026; observed_station_equivalence=false; comparability_scope=within_CHIRPS_v3_Final_fixed_current_boundary_frame; independent_station_validation=pending
chirpsobs_7f9f0970d73ad47bbc6a0094,annual_rainfall,idn.13.1306,1994-01-01,1994-12-31,annual,2030.571350,millimetres,model_estimate,chirpsprov_1ad925e050f99158259f45a8,false,true,chirps_v3_final_monthly_big_june_2026_fixed_boundary_v1,,spatial_frame=fixed_current_boundary_june_2026; historical_boundary_continuity=false; months_complete=12; min_valid_area_fraction=0.99993254; mean_valid_area_fraction=0.99993254; source_product=CHIRPS v3 Final monthly; geometry_source=BIG BATAS_KABKOTA_AR; geometry_source_edition=Juni 2026; observed_station_equivalence=false; comparability_scope=within_CHIRPS_v3_Final_fixed_current_boundary_frame; independent_station_validation=pending
chirpsobs_7fb8bb3622ac132f3f1a4e68,annual_rainfall,idn.13.1371,2021-01-01,2021-12-31,annual,4272.073887,millimetres,model_estimate,chirpsprov_46837b82c19c621130eb5220,false,true,chirps_v3_final_monthly_big_june_2026_fixed_boundary_v1,,spatial_frame=fixed_current_boundary_june_2026; historical_boundary_continuity=false; months_complete=12; min_valid_area_fraction=0.99912533; mean_valid_area_fraction=0.99912533; source_product=CHIRPS v3 Final monthly; geometry_source=BIG BATAS_KABKOTA_AR; geometry_source_edition=Juni 2026; observed_station_equivalence=false; comparability_scope=within_CHIRPS_v3_Final_fixed_current_boundary_frame; independent_station_validation=pending
chirpsobs_7ff8fefe9ce848e3fb06bae1,annual_rainfall,idn.13.1374,2004-01-01,2004-12-31,annual,2590.967117,millimetres,model_estimate,chirpsprov_96a561b0500081f35c2a6aff,false,true,chirps_v3_final_monthly_big_june_2026_fixed_boundary_v1,,spatial_frame=fixed_current_boundary_june_2026; historical_boundary_continuity=false; months_complete=12; min_valid_area_fraction=1.00000000; mean_valid_area_fraction=1.00000000; source_product=CHIRPS v3 Final monthly; geometry_source=BIG BATAS_KABKOTA_AR; geometry_source_edition=Juni 2026; observed_station_equivalence=false; comparability_scope=within_CHIRPS_v3_Final_fixed_current_boundary_frame; independent_station_validation=pending
chirpsobs_8081e3d46ba1d26c23940cad,annual_rainfall,idn.13.1371,1998-01-01,1998-12-31,annual,3506.970947,millimetres,model_estimate,chirpsprov_fd5c54c3ffb3d358e77e15f7,false,true,chirps_v3_final_monthly_big_june_2026_fixed_boundary_v1,,spatial_frame=fixed_current_boundary_june_2026; historical_boundary_continuity=false; months_complete=12; min_valid_area_fraction=0.99912533; mean_valid_area_fraction=0.99912533; source_product=CHIRPS v3 Final monthly; geometry_source=BIG BATAS_KABKOTA_AR; geometry_source_edition=Juni 2026; observed_station_equivalence=false; comparability_scope=within_CHIRPS_v3_Final_fixed_current_boundary_frame; independent_station_validation=pending
chirpsobs_80a53f436490cbe69ca3c804,annual_rainfall,idn.13.1310,1999-01-01,1999-12-31,annual,3214.657508,millimetres,model_estimate,chirpsprov_8c3023760d15fbc35862fcc4,false,true,chirps_v3_final_monthly_big_june_2026_fixed_boundary_v1,,spatial_frame=fixed_current_boundary_june_2026; historical_boundary_continuity=false; months_complete=12; min_valid_area_fraction=1.00000000; mean_valid_area_fraction=1.00000000; source_product=CHIRPS v3 Final monthly; geometry_source=BIG BATAS_KABKOTA_AR; geometry_source_edition=Juni 2026; observed_station_equivalence=false; comparability_scope=within_CHIRPS_v3_Final_fixed_current_boundary_frame; independent_station_validation=pending
chirpsobs_80ade34e045d71787460b399,annual_rainfall,idn.13.1373,1988-01-01,1988-12-31,annual,2870.247607,millimetres,model_estimate,chirpsprov_9bfc6526f1c0b90065fc7c93,false,true,chirps_v3_final_monthly_big_june_2026_fixed_boundary_v1,,spatial_frame=fixed_current_boundary_june_2026; historical_boundary_continuity=false; months_complete=12; min_valid_area_fraction=1.00000000; mean_valid_area_fraction=1.00000000; source_product=CHIRPS v3 Final monthly; geometry_source=BIG BATAS_KABKOTA_AR; geometry_source_edition=Juni 2026; observed_station_equivalence=false; comparability_scope=within_CHIRPS_v3_Final_fixed_current_boundary_frame; independent_station_validation=pending
chirpsobs_80aeef8691bcf45646aff9b7,annual_rainfall,idn.13.1305,1982-01-01,1982-12-31,annual,1871.829962,millimetres,model_estimate,chirpsprov_d76928f82e8715e9e28c66e3,false,true,chirps_v3_final_monthly_big_june_2026_fixed_boundary_v1,,spatial_frame=fixed_current_boundary_june_2026; historical_boundary_continuity=false; months_complete=12; min_valid_area_fraction=1.00000000; mean_valid_area_fraction=1.00000000; source_product=CHIRPS v3 Final monthly; geometry_source=BIG BATAS_KABKOTA_AR; geometry_source_edition=Juni 2026; observed_station_equivalence=false; comparability_scope=within_CHIRPS_v3_Final_fixed_current_boundary_frame; independent_station_validation=pending
chirpsobs_80d129ce24794d978bdbcb3f,annual_rainfall,idn.13.1309,2020-01-01,2020-12-31,annual,3188.559896,millimetres,model_estimate,chirpsprov_869749660f299278b4209870,false,true,chirps_v3_final_monthly_big_june_2026_fixed_boundary_v1,,spatial_frame=fixed_current_boundary_june_2026; historical_boundary_continuity=false; months_complete=12; min_valid_area_fraction=1.00000000; mean_valid_area_fraction=1.00000000; source_product=CHIRPS v3 Final monthly; geometry_source=BIG BATAS_KABKOTA_AR; geometry_source_edition=Juni 2026; observed_station_equivalence=false; comparability_scope=within_CHIRPS_v3_Final_fixed_current_boundary_frame; independent_station_validation=pending
chirpsobs_81c817c0a53b6860a73859dd,annual_rainfall,idn.13.1373,1981-01-01,1981-12-31,annual,2842.688908,millimetres,model_estimate,chirpsprov_b1892e858b9a21df3f3835f6,false,true,chirps_v3_final_monthly_big_june_2026_fixed_boundary_v1,,spatial_frame=fixed_current_boundary_june_2026; historical_boundary_continuity=false; months_complete=12; min_valid_area_fraction=1.00000000; mean_valid_area_fraction=1.00000000; source_product=CHIRPS v3 Final monthly; geometry_source=BIG BATAS_KABKOTA_AR; geometry_source_edition=Juni 2026; observed_station_equivalence=false; comparability_scope=within_CHIRPS_v3_Final_fixed_current_boundary_frame; independent_station_validation=pending
chirpsobs_81ff7b392daee4ce08342da6,annual_rainfall,idn.13.1374,1994-01-01,1994-12-31,annual,1388.609225,millimetres,model_estimate,chirpsprov_1ad925e050f99158259f45a8,false,true,chirps_v3_final_monthly_big_june_2026_fixed_boundary_v1,,spatial_frame=fixed_current_boundary_june_2026; historical_boundary_continuity=false; months_complete=12; min_valid_area_fraction=1.00000000; mean_valid_area_fraction=1.00000000; source_product=CHIRPS v3 Final monthly; geometry_source=BIG BATAS_KABKOTA_AR; geometry_source_edition=Juni 2026; observed_station_equivalence=false; comparability_scope=within_CHIRPS_v3_Final_fixed_current_boundary_frame; independent_station_validation=pending
chirpsobs_8217c49f1536fe05b9f8ad8f,annual_rainfall,idn.13.1301,1981-01-01,1981-12-31,annual,3720.038616,millimetres,model_estimate,chirpsprov_b1892e858b9a21df3f3835f6,false,true,chirps_v3_final_monthly_big_june_2026_fixed_boundary_v1,,spatial_frame=fixed_current_boundary_june_2026; historical_boundary_continuity=false; months_complete=12; min_valid_area_fraction=0.99877921; mean_valid_area_fraction=0.99877921; source_product=CHIRPS v3 Final monthly; geometry_source=BIG BATAS_KABKOTA_AR; geometry_source_edition=Juni 2026; observed_station_equivalence=false; comparability_scope=within_CHIRPS_v3_Final_fixed_current_boundary_frame; independent_station_validation=pending
chirpsobs_82a52ad7458937d97ec5876f,annual_rainfall,idn.13.1312,2005-01-01,2005-12-31,annual,3556.722860,millimetres,model_estimate,chirpsprov_7d3a32c4624fac5599297aae,false,true,chirps_v3_final_monthly_big_june_2026_fixed_boundary_v1,,spatial_frame=fixed_current_boundary_june_2026; historical_boundary_continuity=false; months_complete=12; min_valid_area_fraction=1.00000000; mean_valid_area_fraction=1.00000000; source_product=CHIRPS v3 Final monthly; geometry_source=BIG BATAS_KABKOTA_AR; geometry_source_edition=Juni 2026; observed_station_equivalence=false; comparability_scope=within_CHIRPS_v3_Final_fixed_current_boundary_frame; independent_station_validation=pending
chirpsobs_83366606912f8e9de285ead7,annual_rainfall,idn.13.1375,2020-01-01,2020-12-31,annual,2266.408824,millimetres,model_estimate,chirpsprov_869749660f299278b4209870,false,true,chirps_v3_final_monthly_big_june_2026_fixed_boundary_v1,,spatial_frame=fixed_current_boundary_june_2026; historical_boundary_continuity=false; months_complete=12; min_valid_area_fraction=1.00000000; mean_valid_area_fraction=1.00000000; source_product=CHIRPS v3 Final monthly; geometry_source=BIG BATAS_KABKOTA_AR; geometry_source_edition=Juni 2026; observed_station_equivalence=false; comparability_scope=within_CHIRPS_v3_Final_fixed_current_boundary_frame; independent_station_validation=pending
chirpsobs_83476ffb55a6f8519c9064f0,annual_rainfall,idn.13.1377,1993-01-01,1993-12-31,annual,3081.461236,millimetres,model_estimate,chirpsprov_0b1431dfbfc76cd87c567ea3,false,true,chirps_v3_final_monthly_big_june_2026_fixed_boundary_v1,,spatial_frame=fixed_current_boundary_june_2026; historical_boundary_continuity=false; months_complete=12; min_valid_area_fraction=0.99901085; mean_valid_area_fraction=0.99901085; source_product=CHIRPS v3 Final monthly; geometry_source=BIG BATAS_KABKOTA_AR; geometry_source_edition=Juni 2026; observed_station_equivalence=false; comparability_scope=within_CHIRPS_v3_Final_fixed_current_boundary_frame; independent_station_validation=pending
chirpsobs_8399e9ebb6f2c5a33e8877ec,annual_rainfall,idn.13.1301,1998-01-01,1998-12-31,annual,3366.798193,millimetres,model_estimate,chirpsprov_fd5c54c3ffb3d358e77e15f7,false,true,chirps_v3_final_monthly_big_june_2026_fixed_boundary_v1,,spatial_frame=fixed_current_boundary_june_2026; historical_boundary_continuity=false; months_complete=12; min_valid_area_fraction=0.99877921; mean_valid_area_fraction=0.99877921; source_product=CHIRPS v3 Final monthly; geometry_source=BIG BATAS_KABKOTA_AR; geometry_source_edition=Juni 2026; observed_station_equivalence=false; comparability_scope=within_CHIRPS_v3_Final_fixed_current_boundary_frame; independent_station_validation=pending
chirpsobs_854e1503459260c69af95478,annual_rainfall,idn.13.1374,2012-01-01,2012-12-31,annual,3167.502572,millimetres,model_estimate,chirpsprov_bf295e30ff22919e667a8443,false,true,chirps_v3_final_monthly_big_june_2026_fixed_boundary_v1,,spatial_frame=fixed_current_boundary_june_2026; historical_boundary_continuity=false; months_complete=12; min_valid_area_fraction=1.00000000; mean_valid_area_fraction=1.00000000; source_product=CHIRPS v3 Final monthly; geometry_source=BIG BATAS_KABKOTA_AR; geometry_source_edition=Juni 2026; observed_station_equivalence=false; comparability_scope=within_CHIRPS_v3_Final_fixed_current_boundary_frame; independent_station_validation=pending
chirpsobs_859e53c66fc43d73ef7c572b,annual_rainfall,idn.13.1305,2007-01-01,2007-12-31,annual,2712.895940,millimetres,model_estimate,chirpsprov_d583a73735d084b8b2496aa8,false,true,chirps_v3_final_monthly_big_june_2026_fixed_boundary_v1,,spatial_frame=fixed_current_boundary_june_2026; historical_boundary_continuity=false; months_complete=12; min_valid_area_fraction=1.00000000; mean_valid_area_fraction=1.00000000; source_product=CHIRPS v3 Final monthly; geometry_source=BIG BATAS_KABKOTA_AR; geometry_source_edition=Juni 2026; observed_station_equivalence=false; comparability_scope=within_CHIRPS_v3_Final_fixed_current_boundary_frame; independent_station_validation=pending
chirpsobs_85b9443c4faa0062015be494,annual_rainfall,idn.13.1373,2006-01-01,2006-12-31,annual,2315.051080,millimetres,model_estimate,chirpsprov_33c1360517abf4405894a6a4,false,true,chirps_v3_final_monthly_big_june_2026_fixed_boundary_v1,,spatial_frame=fixed_current_boundary_june_2026; historical_boundary_continuity=false; months_complete=12; min_valid_area_fraction=1.00000000; mean_valid_area_fraction=1.00000000; source_product=CHIRPS v3 Final monthly; geometry_source=BIG BATAS_KABKOTA_AR; geometry_source_edition=Juni 2026; observed_station_equivalence=false; comparability_scope=within_CHIRPS_v3_Final_fixed_current_boundary_frame; independent_station_validation=pending
chirpsobs_85e72e9770682f989d704962,annual_rainfall,idn.13.1311,2007-01-01,2007-12-31,annual,3166.672052,millimetres,model_estimate,chirpsprov_d583a73735d084b8b2496aa8,false,true,chirps_v3_final_monthly_big_june_2026_fixed_boundary_v1,,spatial_frame=fixed_current_boundary_june_2026; historical_boundary_continuity=false; months_complete=12; min_valid_area_fraction=1.00000000; mean_valid_area_fraction=1.00000000; source_product=CHIRPS v3 Final monthly; geometry_source=BIG BATAS_KABKOTA_AR; geometry_source_edition=Juni 2026; observed_station_equivalence=false; comparability_scope=within_CHIRPS_v3_Final_fixed_current_boundary_frame; independent_station_validation=pending
chirpsobs_86148b315457c616ab455933,annual_rainfall,idn.13.1373,2023-01-01,2023-12-31,annual,2942.359410,millimetres,model_estimate,chirpsprov_6f7cb8097bed96485afd3cd3,false,true,chirps_v3_final_monthly_big_june_2026_fixed_boundary_v1,,spatial_frame=fixed_current_boundary_june_2026; historical_boundary_continuity=false; months_complete=12; min_valid_area_fraction=1.00000000; mean_valid_area_fraction=1.00000000; source_product=CHIRPS v3 Final monthly; geometry_source=BIG BATAS_KABKOTA_AR; geometry_source_edition=Juni 2026; observed_station_equivalence=false; comparability_scope=within_CHIRPS_v3_Final_fixed_current_boundary_frame; independent_station_validation=pending
chirpsobs_86315883e2ec985aa8ccaf03,annual_rainfall,idn.13.1302,2013-01-01,2013-12-31,annual,2974.473725,millimetres,model_estimate,chirpsprov_5b65845f0a067c46b1ff4bb4,false,true,chirps_v3_final_monthly_big_june_2026_fixed_boundary_v1,,spatial_frame=fixed_current_boundary_june_2026; historical_boundary_continuity=false; months_complete=12; min_valid_area_fraction=0.99990289; mean_valid_area_fraction=0.99990289; source_product=CHIRPS v3 Final monthly; geometry_source=BIG BATAS_KABKOTA_AR; geometry_source_edition=Juni 2026; observed_station_equivalence=false; comparability_scope=within_CHIRPS_v3_Final_fixed_current_boundary_frame; independent_station_validation=pending
chirpsobs_86662152259ca35f54845d04,annual_rainfall,idn.13.1377,2011-01-01,2011-12-31,annual,3724.157907,millimetres,model_estimate,chirpsprov_f02726b2fbc31c90fe475402,false,true,chirps_v3_final_monthly_big_june_2026_fixed_boundary_v1,,spatial_frame=fixed_current_boundary_june_2026; historical_boundary_continuity=false; months_complete=12; min_valid_area_fraction=0.99901085; mean_valid_area_fraction=0.99901085; source_product=CHIRPS v3 Final monthly; geometry_source=BIG BATAS_KABKOTA_AR; geometry_source_edition=Juni 2026; observed_station_equivalence=false; comparability_scope=within_CHIRPS_v3_Final_fixed_current_boundary_frame; independent_station_validation=pending
chirpsobs_86d6d3c5056b61fc5435ce73,annual_rainfall,idn.13.1301,2021-01-01,2021-12-31,annual,3704.889656,millimetres,model_estimate,chirpsprov_46837b82c19c621130eb5220,false,true,chirps_v3_final_monthly_big_june_2026_fixed_boundary_v1,,spatial_frame=fixed_current_boundary_june_2026; historical_boundary_continuity=false; months_complete=12; min_valid_area_fraction=0.99877921; mean_valid_area_fraction=0.99877921; source_product=CHIRPS v3 Final monthly; geometry_source=BIG BATAS_KABKOTA_AR; geometry_source_edition=Juni 2026; observed_station_equivalence=false; comparability_scope=within_CHIRPS_v3_Final_fixed_current_boundary_frame; independent_station_validation=pending
chirpsobs_86e23185e422f19f98440788,annual_rainfall,idn.13.1312,1984-01-01,1984-12-31,annual,3969.769099,millimetres,model_estimate,chirpsprov_105560bf68b24142847709fb,false,true,chirps_v3_final_monthly_big_june_2026_fixed_boundary_v1,,spatial_frame=fixed_current_boundary_june_2026; historical_boundary_continuity=false; months_complete=12; min_valid_area_fraction=1.00000000; mean_valid_area_fraction=1.00000000; source_product=CHIRPS v3 Final monthly; geometry_source=BIG BATAS_KABKOTA_AR; geometry_source_edition=Juni 2026; observed_station_equivalence=false; comparability_scope=within_CHIRPS_v3_Final_fixed_current_boundary_frame; independent_station_validation=pending
chirpsobs_87363846c7cc22b7db1bcf94,annual_rainfall,idn.13.1310,1992-01-01,1992-12-31,annual,2546.564766,millimetres,model_estimate,chirpsprov_938566067d5a0dee5b9cc5f3,false,true,chirps_v3_final_monthly_big_june_2026_fixed_boundary_v1,,spatial_frame=fixed_current_boundary_june_2026; historical_boundary_continuity=false; months_complete=12; min_valid_area_fraction=1.00000000; mean_valid_area_fraction=1.00000000; source_product=CHIRPS v3 Final monthly; geometry_source=BIG BATAS_KABKOTA_AR; geometry_source_edition=Juni 2026; observed_station_equivalence=false; comparability_scope=within_CHIRPS_v3_Final_fixed_current_boundary_frame; independent_station_validation=pending
chirpsobs_8737541b759b068bff2a1d7a,annual_rainfall,idn.13.1302,2001-01-01,2001-12-31,annual,2657.700993,millimetres,model_estimate,chirpsprov_08cf9a732d039d72eccb02c0,false,true,chirps_v3_final_monthly_big_june_2026_fixed_boundary_v1,,spatial_frame=fixed_current_boundary_june_2026; historical_boundary_continuity=false; months_complete=12; min_valid_area_fraction=0.99990289; mean_valid_area_fraction=0.99990289; source_product=CHIRPS v3 Final monthly; geometry_source=BIG BATAS_KABKOTA_AR; geometry_source_edition=Juni 2026; observed_station_equivalence=false; comparability_scope=within_CHIRPS_v3_Final_fixed_current_boundary_frame; independent_station_validation=pending
chirpsobs_8747f08a271c2601b3790379,annual_rainfall,idn.13.1309,2005-01-01,2005-12-31,annual,3279.474563,millimetres,model_estimate,chirpsprov_7d3a32c4624fac5599297aae,false,true,chirps_v3_final_monthly_big_june_2026_fixed_boundary_v1,,spatial_frame=fixed_current_boundary_june_2026; historical_boundary_continuity=false; months_complete=12; min_valid_area_fraction=1.00000000; mean_valid_area_fraction=1.00000000; source_product=CHIRPS v3 Final monthly; geometry_source=BIG BATAS_KABKOTA_AR; geometry_source_edition=Juni 2026; observed_station_equivalence=false; comparability_scope=within_CHIRPS_v3_Final_fixed_current_boundary_frame; independent_station_validation=pending
chirpsobs_87544c1f03168cf9f209d9f4,annual_rainfall,idn.13.1310,2017-01-01,2017-12-31,annual,2976.078738,millimetres,model_estimate,chirpsprov_dccafa903dab232b9aad0bd5,false,true,chirps_v3_final_monthly_big_june_2026_fixed_boundary_v1,,spatial_frame=fixed_current_boundary_june_2026; historical_boundary_continuity=false; months_complete=12; min_valid_area_fraction=1.00000000; mean_valid_area_fraction=1.00000000; source_product=CHIRPS v3 Final monthly; geometry_source=BIG BATAS_KABKOTA_AR; geometry_source_edition=Juni 2026; observed_station_equivalence=false; comparability_scope=within_CHIRPS_v3_Final_fixed_current_boundary_frame; independent_station_validation=pending
chirpsobs_8760e264156087d9f01a17fc,annual_rainfall,idn.13.1373,2015-01-01,2015-12-31,annual,2122.030991,millimetres,model_estimate,chirpsprov_b12d5727b3360f9d0d1cfcbb,false,true,chirps_v3_final_monthly_big_june_2026_fixed_boundary_v1,,spatial_frame=fixed_current_boundary_june_2026; historical_boundary_continuity=false; months_complete=12; min_valid_area_fraction=1.00000000; mean_valid_area_fraction=1.00000000; source_product=CHIRPS v3 Final monthly; geometry_source=BIG BATAS_KABKOTA_AR; geometry_source_edition=Juni 2026; observed_station_equivalence=false; comparability_scope=within_CHIRPS_v3_Final_fixed_current_boundary_frame; independent_station_validation=pending
chirpsobs_8797702e9172fc0f938f7d91,annual_rainfall,idn.13.1375,1982-01-01,1982-12-31,annual,1784.260177,millimetres,model_estimate,chirpsprov_d76928f82e8715e9e28c66e3,false,true,chirps_v3_final_monthly_big_june_2026_fixed_boundary_v1,,spatial_frame=fixed_current_boundary_june_2026; historical_boundary_continuity=false; months_complete=12; min_valid_area_fraction=1.00000000; mean_valid_area_fraction=1.00000000; source_product=CHIRPS v3 Final monthly; geometry_source=BIG BATAS_KABKOTA_AR; geometry_source_edition=Juni 2026; observed_station_equivalence=false; comparability_scope=within_CHIRPS_v3_Final_fixed_current_boundary_frame; independent_station_validation=pending
chirpsobs_87aea17c066cb5b52586a619,annual_rainfall,idn.13.1308,1994-01-01,1994-12-31,annual,1744.450355,millimetres,model_estimate,chirpsprov_1ad925e050f99158259f45a8,false,true,chirps_v3_final_monthly_big_june_2026_fixed_boundary_v1,,spatial_frame=fixed_current_boundary_june_2026; historical_boundary_continuity=false; months_complete=12; min_valid_area_fraction=1.00000000; mean_valid_area_fraction=1.00000000; source_product=CHIRPS v3 Final monthly; geometry_source=BIG BATAS_KABKOTA_AR; geometry_source_edition=Juni 2026; observed_station_equivalence=false; comparability_scope=within_CHIRPS_v3_Final_fixed_current_boundary_frame; independent_station_validation=pending
chirpsobs_87c9e796c5168a7d1496ef15,annual_rainfall,idn.13.1373,1986-01-01,1986-12-31,annual,3078.101281,millimetres,model_estimate,chirpsprov_6c1e56941bc5b402ba2b4cbf,false,true,chirps_v3_final_monthly_big_june_2026_fixed_boundary_v1,,spatial_frame=fixed_current_boundary_june_2026; historical_boundary_continuity=false; months_complete=12; min_valid_area_fraction=1.00000000; mean_valid_area_fraction=1.00000000; source_product=CHIRPS v3 Final monthly; geometry_source=BIG BATAS_KABKOTA_AR; geometry_source_edition=Juni 2026; observed_station_equivalence=false; comparability_scope=within_CHIRPS_v3_Final_fixed_current_boundary_frame; independent_station_validation=pending
chirpsobs_880cc33671ee3fc15d99204f,annual_rainfall,idn.13.1302,2008-01-01,2008-12-31,annual,2985.210757,millimetres,model_estimate,chirpsprov_ed07e8adb20331297fea22e4,false,true,chirps_v3_final_monthly_big_june_2026_fixed_boundary_v1,,spatial_frame=fixed_current_boundary_june_2026; historical_boundary_continuity=false; months_complete=12; min_valid_area_fraction=0.99990289; mean_valid_area_fraction=0.99990289; source_product=CHIRPS v3 Final monthly; geometry_source=BIG BATAS_KABKOTA_AR; geometry_source_edition=Juni 2026; observed_station_equivalence=false; comparability_scope=within_CHIRPS_v3_Final_fixed_current_boundary_frame; independent_station_validation=pending
chirpsobs_8835513259be99f0f33ac2a3,annual_rainfall,idn.13.1311,1983-01-01,1983-12-31,annual,2731.717588,millimetres,model_estimate,chirpsprov_5887a41b20f86613f9be9d94,false,true,chirps_v3_final_monthly_big_june_2026_fixed_boundary_v1,,spatial_frame=fixed_current_boundary_june_2026; historical_boundary_continuity=false; months_complete=12; min_valid_area_fraction=1.00000000; mean_valid_area_fraction=1.00000000; source_product=CHIRPS v3 Final monthly; geometry_source=BIG BATAS_KABKOTA_AR; geometry_source_edition=Juni 2026; observed_station_equivalence=false; comparability_scope=within_CHIRPS_v3_Final_fixed_current_boundary_frame; independent_station_validation=pending
chirpsobs_885687edadff5e461d1185d6,annual_rainfall,idn.13.1311,2011-01-01,2011-12-31,annual,2821.836091,millimetres,model_estimate,chirpsprov_f02726b2fbc31c90fe475402,false,true,chirps_v3_final_monthly_big_june_2026_fixed_boundary_v1,,spatial_frame=fixed_current_boundary_june_2026; historical_boundary_continuity=false; months_complete=12; min_valid_area_fraction=1.00000000; mean_valid_area_fraction=1.00000000; source_product=CHIRPS v3 Final monthly; geometry_source=BIG BATAS_KABKOTA_AR; geometry_source_edition=Juni 2026; observed_station_equivalence=false; comparability_scope=within_CHIRPS_v3_Final_fixed_current_boundary_frame; independent_station_validation=pending
chirpsobs_889a6f1042ab2d46dbce5e19,annual_rainfall,idn.13.1373,2007-01-01,2007-12-31,annual,3019.568198,millimetres,model_estimate,chirpsprov_d583a73735d084b8b2496aa8,false,true,chirps_v3_final_monthly_big_june_2026_fixed_boundary_v1,,spatial_frame=fixed_current_boundary_june_2026; historical_boundary_continuity=false; months_complete=12; min_valid_area_fraction=1.00000000; mean_valid_area_fraction=1.00000000; source_product=CHIRPS v3 Final monthly; geometry_source=BIG BATAS_KABKOTA_AR; geometry_source_edition=Juni 2026; observed_station_equivalence=false; comparability_scope=within_CHIRPS_v3_Final_fixed_current_boundary_frame; independent_station_validation=pending
chirpsobs_88bc05ed9a2577f167b5e445,annual_rainfall,idn.13.1306,1993-01-01,1993-12-31,annual,2927.465942,millimetres,model_estimate,chirpsprov_0b1431dfbfc76cd87c567ea3,false,true,chirps_v3_final_monthly_big_june_2026_fixed_boundary_v1,,spatial_frame=fixed_current_boundary_june_2026; historical_boundary_continuity=false; months_complete=12; min_valid_area_fraction=0.99993254; mean_valid_area_fraction=0.99993254; source_product=CHIRPS v3 Final monthly; geometry_source=BIG BATAS_KABKOTA_AR; geometry_source_edition=Juni 2026; observed_station_equivalence=false; comparability_scope=within_CHIRPS_v3_Final_fixed_current_boundary_frame; independent_station_validation=pending
chirpsobs_8923886486c86ec9d9510442,annual_rainfall,idn.13.1372,1989-01-01,1989-12-31,annual,2897.324096,millimetres,model_estimate,chirpsprov_dce3ffaedc1a899d204a1612,false,true,chirps_v3_final_monthly_big_june_2026_fixed_boundary_v1,,spatial_frame=fixed_current_boundary_june_2026; historical_boundary_continuity=false; months_complete=12; min_valid_area_fraction=1.00000000; mean_valid_area_fraction=1.00000000; source_product=CHIRPS v3 Final monthly; geometry_source=BIG BATAS_KABKOTA_AR; geometry_source_edition=Juni 2026; observed_station_equivalence=false; comparability_scope=within_CHIRPS_v3_Final_fixed_current_boundary_frame; independent_station_validation=pending
chirpsobs_89d7abb92ff7cd2cc81aeb5d,annual_rainfall,idn.13.1309,2006-01-01,2006-12-31,annual,2820.670035,millimetres,model_estimate,chirpsprov_33c1360517abf4405894a6a4,false,true,chirps_v3_final_monthly_big_june_2026_fixed_boundary_v1,,spatial_frame=fixed_current_boundary_june_2026; historical_boundary_continuity=false; months_complete=12; min_valid_area_fraction=1.00000000; mean_valid_area_fraction=1.00000000; source_product=CHIRPS v3 Final monthly; geometry_source=BIG BATAS_KABKOTA_AR; geometry_source_edition=Juni 2026; observed_station_equivalence=false; comparability_scope=within_CHIRPS_v3_Final_fixed_current_boundary_frame; independent_station_validation=pending
chirpsobs_89e9306ff678cc9085ab8059,annual_rainfall,idn.13.1377,1994-01-01,1994-12-31,annual,2185.519580,millimetres,model_estimate,chirpsprov_1ad925e050f99158259f45a8,false,true,chirps_v3_final_monthly_big_june_2026_fixed_boundary_v1,,spatial_frame=fixed_current_boundary_june_2026; historical_boundary_continuity=false; months_complete=12; min_valid_area_fraction=0.99901085; mean_valid_area_fraction=0.99901085; source_product=CHIRPS v3 Final monthly; geometry_source=BIG BATAS_KABKOTA_AR; geometry_source_edition=Juni 2026; observed_station_equivalence=false; comparability_scope=within_CHIRPS_v3_Final_fixed_current_boundary_frame; independent_station_validation=pending
chirpsobs_89ecceabef761b5af2ee20c6,annual_rainfall,idn.13.1305,2018-01-01,2018-12-31,annual,2606.593248,millimetres,model_estimate,chirpsprov_c8030a113fbc38a4dd14a894,false,true,chirps_v3_final_monthly_big_june_2026_fixed_boundary_v1,,spatial_frame=fixed_current_boundary_june_2026; historical_boundary_continuity=false; months_complete=12; min_valid_area_fraction=1.00000000; mean_valid_area_fraction=1.00000000; source_product=CHIRPS v3 Final monthly; geometry_source=BIG BATAS_KABKOTA_AR; geometry_source_edition=Juni 2026; observed_station_equivalence=false; comparability_scope=within_CHIRPS_v3_Final_fixed_current_boundary_frame; independent_station_validation=pending
chirpsobs_8a061d2be8c6173937a3a800,annual_rainfall,idn.13.1303,2019-01-01,2019-12-31,annual,2253.071476,millimetres,model_estimate,chirpsprov_0dbe201c4de4fc57baa56cc7,false,true,chirps_v3_final_monthly_big_june_2026_fixed_boundary_v1,,spatial_frame=fixed_current_boundary_june_2026; historical_boundary_continuity=false; months_complete=12; min_valid_area_fraction=1.00000000; mean_valid_area_fraction=1.00000000; source_product=CHIRPS v3 Final monthly; geometry_source=BIG BATAS_KABKOTA_AR; geometry_source_edition=Juni 2026; observed_station_equivalence=false; comparability_scope=within_CHIRPS_v3_Final_fixed_current_boundary_frame; independent_station_validation=pending
chirpsobs_8a96bd4b63cda0fd4b3c51fa,annual_rainfall,idn.13.1376,2019-01-01,2019-12-31,annual,1841.052960,millimetres,model_estimate,chirpsprov_0dbe201c4de4fc57baa56cc7,false,true,chirps_v3_final_monthly_big_june_2026_fixed_boundary_v1,,spatial_frame=fixed_current_boundary_june_2026; historical_boundary_continuity=false; months_complete=12; min_valid_area_fraction=1.00000000; mean_valid_area_fraction=1.00000000; source_product=CHIRPS v3 Final monthly; geometry_source=BIG BATAS_KABKOTA_AR; geometry_source_edition=Juni 2026; observed_station_equivalence=false; comparability_scope=within_CHIRPS_v3_Final_fixed_current_boundary_frame; independent_station_validation=pending
chirpsobs_8aa17bb8017b895abc6c2495,annual_rainfall,idn.13.1306,1981-01-01,1981-12-31,annual,4164.803543,millimetres,model_estimate,chirpsprov_b1892e858b9a21df3f3835f6,false,true,chirps_v3_final_monthly_big_june_2026_fixed_boundary_v1,,spatial_frame=fixed_current_boundary_june_2026; historical_boundary_continuity=false; months_complete=12; min_valid_area_fraction=0.99993254; mean_valid_area_fraction=0.99993254; source_product=CHIRPS v3 Final monthly; geometry_source=BIG BATAS_KABKOTA_AR; geometry_source_edition=Juni 2026; observed_station_equivalence=false; comparability_scope=within_CHIRPS_v3_Final_fixed_current_boundary_frame; independent_station_validation=pending
chirpsobs_8b130ec3930e9c915b3f68ed,annual_rainfall,idn.13.1301,1994-01-01,1994-12-31,annual,2137.780391,millimetres,model_estimate,chirpsprov_1ad925e050f99158259f45a8,false,true,chirps_v3_final_monthly_big_june_2026_fixed_boundary_v1,,spatial_frame=fixed_current_boundary_june_2026; historical_boundary_continuity=false; months_complete=12; min_valid_area_fraction=0.99877921; mean_valid_area_fraction=0.99877921; source_product=CHIRPS v3 Final monthly; geometry_source=BIG BATAS_KABKOTA_AR; geometry_source_edition=Juni 2026; observed_station_equivalence=false; comparability_scope=within_CHIRPS_v3_Final_fixed_current_boundary_frame; independent_station_validation=pending
chirpsobs_8b279c661a057f618aaf3382,annual_rainfall,idn.13.1374,2016-01-01,2016-12-31,annual,3182.396717,millimetres,model_estimate,chirpsprov_bdfc0cb4713e768353b0af59,false,true,chirps_v3_final_monthly_big_june_2026_fixed_boundary_v1,,spatial_frame=fixed_current_boundary_june_2026; historical_boundary_continuity=false; months_complete=12; min_valid_area_fraction=1.00000000; mean_valid_area_fraction=1.00000000; source_product=CHIRPS v3 Final monthly; geometry_source=BIG BATAS_KABKOTA_AR; geometry_source_edition=Juni 2026; observed_station_equivalence=false; comparability_scope=within_CHIRPS_v3_Final_fixed_current_boundary_frame; independent_station_validation=pending
chirpsobs_8beb8fd0e52993dd445c162c,annual_rainfall,idn.13.1311,2015-01-01,2015-12-31,annual,2259.468041,millimetres,model_estimate,chirpsprov_b12d5727b3360f9d0d1cfcbb,false,true,chirps_v3_final_monthly_big_june_2026_fixed_boundary_v1,,spatial_frame=fixed_current_boundary_june_2026; historical_boundary_continuity=false; months_complete=12; min_valid_area_fraction=1.00000000; mean_valid_area_fraction=1.00000000; source_product=CHIRPS v3 Final monthly; geometry_source=BIG BATAS_KABKOTA_AR; geometry_source_edition=Juni 2026; observed_station_equivalence=false; comparability_scope=within_CHIRPS_v3_Final_fixed_current_boundary_frame; independent_station_validation=pending
chirpsobs_8bf00ed84b93a060f1f4243a,annual_rainfall,idn.13.1310,2000-01-01,2000-12-31,annual,3007.629916,millimetres,model_estimate,chirpsprov_fc3b6aa57f2d9a4e61b62b31,false,true,chirps_v3_final_monthly_big_june_2026_fixed_boundary_v1,,spatial_frame=fixed_current_boundary_june_2026; historical_boundary_continuity=false; months_complete=12; min_valid_area_fraction=1.00000000; mean_valid_area_fraction=1.00000000; source_product=CHIRPS v3 Final monthly; geometry_source=BIG BATAS_KABKOTA_AR; geometry_source_edition=Juni 2026; observed_station_equivalence=false; comparability_scope=within_CHIRPS_v3_Final_fixed_current_boundary_frame; independent_station_validation=pending
chirpsobs_8c1b765be0e4e454459a7164,annual_rainfall,idn.13.1372,2016-01-01,2016-12-31,annual,3466.363046,millimetres,model_estimate,chirpsprov_bdfc0cb4713e768353b0af59,false,true,chirps_v3_final_monthly_big_june_2026_fixed_boundary_v1,,spatial_frame=fixed_current_boundary_june_2026; historical_boundary_continuity=false; months_complete=12; min_valid_area_fraction=1.00000000; mean_valid_area_fraction=1.00000000; source_product=CHIRPS v3 Final monthly; geometry_source=BIG BATAS_KABKOTA_AR; geometry_source_edition=Juni 2026; observed_station_equivalence=false; comparability_scope=within_CHIRPS_v3_Final_fixed_current_boundary_frame; independent_station_validation=pending
chirpsobs_8d04b4e0b1a9bbf7d1e46c36,annual_rainfall,idn.13.1305,2019-01-01,2019-12-31,annual,2083.254792,millimetres,model_estimate,chirpsprov_0dbe201c4de4fc57baa56cc7,false,true,chirps_v3_final_monthly_big_june_2026_fixed_boundary_v1,,spatial_frame=fixed_current_boundary_june_2026; historical_boundary_continuity=false; months_complete=12; min_valid_area_fraction=1.00000000; mean_valid_area_fraction=1.00000000; source_product=CHIRPS v3 Final monthly; geometry_source=BIG BATAS_KABKOTA_AR; geometry_source_edition=Juni 2026; observed_station_equivalence=false; comparability_scope=within_CHIRPS_v3_Final_fixed_current_boundary_frame; independent_station_validation=pending
chirpsobs_8d1d40cd66007140095bd22d,annual_rainfall,idn.13.1301,1989-01-01,1989-12-31,annual,3383.446904,millimetres,model_estimate,chirpsprov_dce3ffaedc1a899d204a1612,false,true,chirps_v3_final_monthly_big_june_2026_fixed_boundary_v1,,spatial_frame=fixed_current_boundary_june_2026; historical_boundary_continuity=false; months_complete=12; min_valid_area_fraction=0.99877921; mean_valid_area_fraction=0.99877921; source_product=CHIRPS v3 Final monthly; geometry_source=BIG BATAS_KABKOTA_AR; geometry_source_edition=Juni 2026; observed_station_equivalence=false; comparability_scope=within_CHIRPS_v3_Final_fixed_current_boundary_frame; independent_station_validation=pending
chirpsobs_8d3fed45d13bb4d5d93792b1,annual_rainfall,idn.13.1371,1984-01-01,1984-12-31,annual,4366.167231,millimetres,model_estimate,chirpsprov_105560bf68b24142847709fb,false,true,chirps_v3_final_monthly_big_june_2026_fixed_boundary_v1,,spatial_frame=fixed_current_boundary_june_2026; historical_boundary_continuity=false; months_complete=12; min_valid_area_fraction=0.99912533; mean_valid_area_fraction=0.99912533; source_product=CHIRPS v3 Final monthly; geometry_source=BIG BATAS_KABKOTA_AR; geometry_source_edition=Juni 2026; observed_station_equivalence=false; comparability_scope=within_CHIRPS_v3_Final_fixed_current_boundary_frame; independent_station_validation=pending
chirpsobs_8d574fcec141aa7d92b12391,annual_rainfall,idn.13.1312,2000-01-01,2000-12-31,annual,3737.771479,millimetres,model_estimate,chirpsprov_fc3b6aa57f2d9a4e61b62b31,false,true,chirps_v3_final_monthly_big_june_2026_fixed_boundary_v1,,spatial_frame=fixed_current_boundary_june_2026; historical_boundary_continuity=false; months_complete=12; min_valid_area_fraction=1.00000000; mean_valid_area_fraction=1.00000000; source_product=CHIRPS v3 Final monthly; geometry_source=BIG BATAS_KABKOTA_AR; geometry_source_edition=Juni 2026; observed_station_equivalence=false; comparability_scope=within_CHIRPS_v3_Final_fixed_current_boundary_frame; independent_station_validation=pending
chirpsobs_8d9eb3a10ea8da5d4c3c3dcc,annual_rainfall,idn.13.1310,2002-01-01,2002-12-31,annual,2500.460613,millimetres,model_estimate,chirpsprov_2cf1096ce26eebc728e69baf,false,true,chirps_v3_final_monthly_big_june_2026_fixed_boundary_v1,,spatial_frame=fixed_current_boundary_june_2026; historical_boundary_continuity=false; months_complete=12; min_valid_area_fraction=1.00000000; mean_valid_area_fraction=1.00000000; source_product=CHIRPS v3 Final monthly; geometry_source=BIG BATAS_KABKOTA_AR; geometry_source_edition=Juni 2026; observed_station_equivalence=false; comparability_scope=within_CHIRPS_v3_Final_fixed_current_boundary_frame; independent_station_validation=pending
chirpsobs_8db6043b185e691e8155694c,annual_rainfall,idn.13.1374,1996-01-01,1996-12-31,annual,2264.747400,millimetres,model_estimate,chirpsprov_864915f0694d4a2f8d62d710,false,true,chirps_v3_final_monthly_big_june_2026_fixed_boundary_v1,,spatial_frame=fixed_current_boundary_june_2026; historical_boundary_continuity=false; months_complete=12; min_valid_area_fraction=1.00000000; mean_valid_area_fraction=1.00000000; source_product=CHIRPS v3 Final monthly; geometry_source=BIG BATAS_KABKOTA_AR; geometry_source_edition=Juni 2026; observed_station_equivalence=false; comparability_scope=within_CHIRPS_v3_Final_fixed_current_boundary_frame; independent_station_validation=pending
chirpsobs_8e338ae129c1ddc4a1d12036,annual_rainfall,idn.13.1307,1991-01-01,1991-12-31,annual,2857.493702,millimetres,model_estimate,chirpsprov_6a2c532764a205347fffab60,false,true,chirps_v3_final_monthly_big_june_2026_fixed_boundary_v1,,spatial_frame=fixed_current_boundary_june_2026; historical_boundary_continuity=false; months_complete=12; min_valid_area_fraction=1.00000000; mean_valid_area_fraction=1.00000000; source_product=CHIRPS v3 Final monthly; geometry_source=BIG BATAS_KABKOTA_AR; geometry_source_edition=Juni 2026; observed_station_equivalence=false; comparability_scope=within_CHIRPS_v3_Final_fixed_current_boundary_frame; independent_station_validation=pending
chirpsobs_8e5f0d079d59ae087280d1cd,annual_rainfall,idn.13.1375,2009-01-01,2009-12-31,annual,2185.260988,millimetres,model_estimate,chirpsprov_abb2dd60088714756570bb9f,false,true,chirps_v3_final_monthly_big_june_2026_fixed_boundary_v1,,spatial_frame=fixed_current_boundary_june_2026; historical_boundary_continuity=false; months_complete=12; min_valid_area_fraction=1.00000000; mean_valid_area_fraction=1.00000000; source_product=CHIRPS v3 Final monthly; geometry_source=BIG BATAS_KABKOTA_AR; geometry_source_edition=Juni 2026; observed_station_equivalence=false; comparability_scope=within_CHIRPS_v3_Final_fixed_current_boundary_frame; independent_station_validation=pending
chirpsobs_8e8c095c1fcc624d9025ad42,annual_rainfall,idn.13.1372,2021-01-01,2021-12-31,annual,3274.039720,millimetres,model_estimate,chirpsprov_46837b82c19c621130eb5220,false,true,chirps_v3_final_monthly_big_june_2026_fixed_boundary_v1,,spatial_frame=fixed_current_boundary_june_2026; historical_boundary_continuity=false; months_complete=12; min_valid_area_fraction=1.00000000; mean_valid_area_fraction=1.00000000; source_product=CHIRPS v3 Final monthly; geometry_source=BIG BATAS_KABKOTA_AR; geometry_source_edition=Juni 2026; observed_station_equivalence=false; comparability_scope=within_CHIRPS_v3_Final_fixed_current_boundary_frame; independent_station_validation=pending
chirpsobs_8f92c633f599bcbb20922aa1,annual_rainfall,idn.13.1303,1990-01-01,1990-12-31,annual,2465.277098,millimetres,model_estimate,chirpsprov_8a1debf06ff2601da517ede7,false,true,chirps_v3_final_monthly_big_june_2026_fixed_boundary_v1,,spatial_frame=fixed_current_boundary_june_2026; historical_boundary_continuity=false; months_complete=12; min_valid_area_fraction=1.00000000; mean_valid_area_fraction=1.00000000; source_product=CHIRPS v3 Final monthly; geometry_source=BIG BATAS_KABKOTA_AR; geometry_source_edition=Juni 2026; observed_station_equivalence=false; comparability_scope=within_CHIRPS_v3_Final_fixed_current_boundary_frame; independent_station_validation=pending
chirpsobs_8f9873602be1dfca16e75d3b,annual_rainfall,idn.13.1372,2018-01-01,2018-12-31,annual,2975.660545,millimetres,model_estimate,chirpsprov_c8030a113fbc38a4dd14a894,false,true,chirps_v3_final_monthly_big_june_2026_fixed_boundary_v1,,spatial_frame=fixed_current_boundary_june_2026; historical_boundary_continuity=false; months_complete=12; min_valid_area_fraction=1.00000000; mean_valid_area_fraction=1.00000000; source_product=CHIRPS v3 Final monthly; geometry_source=BIG BATAS_KABKOTA_AR; geometry_source_edition=Juni 2026; observed_station_equivalence=false; comparability_scope=within_CHIRPS_v3_Final_fixed_current_boundary_frame; independent_station_validation=pending
chirpsobs_9045be5f696b05ba6aa8289a,annual_rainfall,idn.13.1375,2019-01-01,2019-12-31,annual,1779.855058,millimetres,model_estimate,chirpsprov_0dbe201c4de4fc57baa56cc7,false,true,chirps_v3_final_monthly_big_june_2026_fixed_boundary_v1,,spatial_frame=fixed_current_boundary_june_2026; historical_boundary_continuity=false; months_complete=12; min_valid_area_fraction=1.00000000; mean_valid_area_fraction=1.00000000; source_product=CHIRPS v3 Final monthly; geometry_source=BIG BATAS_KABKOTA_AR; geometry_source_edition=Juni 2026; observed_station_equivalence=false; comparability_scope=within_CHIRPS_v3_Final_fixed_current_boundary_frame; independent_station_validation=pending
chirpsobs_907ac12ff651f7c1c2f9dea6,annual_rainfall,idn.13.1373,1985-01-01,1985-12-31,annual,2799.987806,millimetres,model_estimate,chirpsprov_245a0c829b03c3b0747fd994,false,true,chirps_v3_final_monthly_big_june_2026_fixed_boundary_v1,,spatial_frame=fixed_current_boundary_june_2026; historical_boundary_continuity=false; months_complete=12; min_valid_area_fraction=1.00000000; mean_valid_area_fraction=1.00000000; source_product=CHIRPS v3 Final monthly; geometry_source=BIG BATAS_KABKOTA_AR; geometry_source_edition=Juni 2026; observed_station_equivalence=false; comparability_scope=within_CHIRPS_v3_Final_fixed_current_boundary_frame; independent_station_validation=pending
chirpsobs_909fa1c54b85f21f4a172b08,annual_rainfall,idn.13.1307,1984-01-01,1984-12-31,annual,3220.087309,millimetres,model_estimate,chirpsprov_105560bf68b24142847709fb,false,true,chirps_v3_final_monthly_big_june_2026_fixed_boundary_v1,,spatial_frame=fixed_current_boundary_june_2026; historical_boundary_continuity=false; months_complete=12; min_valid_area_fraction=1.00000000; mean_valid_area_fraction=1.00000000; source_product=CHIRPS v3 Final monthly; geometry_source=BIG BATAS_KABKOTA_AR; geometry_source_edition=Juni 2026; observed_station_equivalence=false; comparability_scope=within_CHIRPS_v3_Final_fixed_current_boundary_frame; independent_station_validation=pending
chirpsobs_90bba41205c25a98b85e3724,annual_rainfall,idn.13.1377,2012-01-01,2012-12-31,annual,4552.869251,millimetres,model_estimate,chirpsprov_bf295e30ff22919e667a8443,false,true,chirps_v3_final_monthly_big_june_2026_fixed_boundary_v1,,spatial_frame=fixed_current_boundary_june_2026; historical_boundary_continuity=false; months_complete=12; min_valid_area_fraction=0.99901085; mean_valid_area_fraction=0.99901085; source_product=CHIRPS v3 Final monthly; geometry_source=BIG BATAS_KABKOTA_AR; geometry_source_edition=Juni 2026; observed_station_equivalence=false; comparability_scope=within_CHIRPS_v3_Final_fixed_current_boundary_frame; independent_station_validation=pending
chirpsobs_90bdec626c78f4fdc92cda8c,annual_rainfall,idn.13.1376,2002-01-01,2002-12-31,annual,2002.465689,millimetres,model_estimate,chirpsprov_2cf1096ce26eebc728e69baf,false,true,chirps_v3_final_monthly_big_june_2026_fixed_boundary_v1,,spatial_frame=fixed_current_boundary_june_2026; historical_boundary_continuity=false; months_complete=12; min_valid_area_fraction=1.00000000; mean_valid_area_fraction=1.00000000; source_product=CHIRPS v3 Final monthly; geometry_source=BIG BATAS_KABKOTA_AR; geometry_source_edition=Juni 2026; observed_station_equivalence=false; comparability_scope=within_CHIRPS_v3_Final_fixed_current_boundary_frame; independent_station_validation=pending
chirpsobs_90c47b654c8be97b99d4b75e,annual_rainfall,idn.13.1373,1997-01-01,1997-12-31,annual,1355.004248,millimetres,model_estimate,chirpsprov_549fb51b47f3004dd71af8d7,false,true,chirps_v3_final_monthly_big_june_2026_fixed_boundary_v1,,spatial_frame=fixed_current_boundary_june_2026; historical_boundary_continuity=false; months_complete=12; min_valid_area_fraction=1.00000000; mean_valid_area_fraction=1.00000000; source_product=CHIRPS v3 Final monthly; geometry_source=BIG BATAS_KABKOTA_AR; geometry_source_edition=Juni 2026; observed_station_equivalence=false; comparability_scope=within_CHIRPS_v3_Final_fixed_current_boundary_frame; independent_station_validation=pending
chirpsobs_913111f701cb76811311e964,annual_rainfall,idn.13.1307,2019-01-01,2019-12-31,annual,2324.389282,millimetres,model_estimate,chirpsprov_0dbe201c4de4fc57baa56cc7,false,true,chirps_v3_final_monthly_big_june_2026_fixed_boundary_v1,,spatial_frame=fixed_current_boundary_june_2026; historical_boundary_continuity=false; months_complete=12; min_valid_area_fraction=1.00000000; mean_valid_area_fraction=1.00000000; source_product=CHIRPS v3 Final monthly; geometry_source=BIG BATAS_KABKOTA_AR; geometry_source_edition=Juni 2026; observed_station_equivalence=false; comparability_scope=within_CHIRPS_v3_Final_fixed_current_boundary_frame; independent_station_validation=pending
chirpsobs_914a14db41cc0a28fa1f8b2c,annual_rainfall,idn.13.1375,2006-01-01,2006-12-31,annual,1816.285130,millimetres,model_estimate,chirpsprov_33c1360517abf4405894a6a4,false,true,chirps_v3_final_monthly_big_june_2026_fixed_boundary_v1,,spatial_frame=fixed_current_boundary_june_2026; historical_boundary_continuity=false; months_complete=12; min_valid_area_fraction=1.00000000; mean_valid_area_fraction=1.00000000; source_product=CHIRPS v3 Final monthly; geometry_source=BIG BATAS_KABKOTA_AR; geometry_source_edition=Juni 2026; observed_station_equivalence=false; comparability_scope=within_CHIRPS_v3_Final_fixed_current_boundary_frame; independent_station_validation=pending
chirpsobs_9194ebf7ca674c0c4e36924a,annual_rainfall,idn.13.1373,2002-01-01,2002-12-31,annual,2569.799456,millimetres,model_estimate,chirpsprov_2cf1096ce26eebc728e69baf,false,true,chirps_v3_final_monthly_big_june_2026_fixed_boundary_v1,,spatial_frame=fixed_current_boundary_june_2026; historical_boundary_continuity=false; months_complete=12; min_valid_area_fraction=1.00000000; mean_valid_area_fraction=1.00000000; source_product=CHIRPS v3 Final monthly; geometry_source=BIG BATAS_KABKOTA_AR; geometry_source_edition=Juni 2026; observed_station_equivalence=false; comparability_scope=within_CHIRPS_v3_Final_fixed_current_boundary_frame; independent_station_validation=pending
chirpsobs_91b6585049a6359fb973e79f,annual_rainfall,idn.13.1303,1981-01-01,1981-12-31,annual,2924.074354,millimetres,model_estimate,chirpsprov_b1892e858b9a21df3f3835f6,false,true,chirps_v3_final_monthly_big_june_2026_fixed_boundary_v1,,spatial_frame=fixed_current_boundary_june_2026; historical_boundary_continuity=false; months_complete=12; min_valid_area_fraction=1.00000000; mean_valid_area_fraction=1.00000000; source_product=CHIRPS v3 Final monthly; geometry_source=BIG BATAS_KABKOTA_AR; geometry_source_edition=Juni 2026; observed_station_equivalence=false; comparability_scope=within_CHIRPS_v3_Final_fixed_current_boundary_frame; independent_station_validation=pending
chirpsobs_927222885295bf4b6269e3c7,annual_rainfall,idn.13.1307,1998-01-01,1998-12-31,annual,2547.194346,millimetres,model_estimate,chirpsprov_fd5c54c3ffb3d358e77e15f7,false,true,chirps_v3_final_monthly_big_june_2026_fixed_boundary_v1,,spatial_frame=fixed_current_boundary_june_2026; historical_boundary_continuity=false; months_complete=12; min_valid_area_fraction=1.00000000; mean_valid_area_fraction=1.00000000; source_product=CHIRPS v3 Final monthly; geometry_source=BIG BATAS_KABKOTA_AR; geometry_source_edition=Juni 2026; observed_station_equivalence=false; comparability_scope=within_CHIRPS_v3_Final_fixed_current_boundary_frame; independent_station_validation=pending
chirpsobs_927d8dbf081e68110f74dd1c,annual_rainfall,idn.13.1371,2013-01-01,2013-12-31,annual,4084.152639,millimetres,model_estimate,chirpsprov_5b65845f0a067c46b1ff4bb4,false,true,chirps_v3_final_monthly_big_june_2026_fixed_boundary_v1,,spatial_frame=fixed_current_boundary_june_2026; historical_boundary_continuity=false; months_complete=12; min_valid_area_fraction=0.99912533; mean_valid_area_fraction=0.99912533; source_product=CHIRPS v3 Final monthly; geometry_source=BIG BATAS_KABKOTA_AR; geometry_source_edition=Juni 2026; observed_station_equivalence=false; comparability_scope=within_CHIRPS_v3_Final_fixed_current_boundary_frame; independent_station_validation=pending
chirpsobs_92a31f78d14f954be0b53265,annual_rainfall,idn.13.1304,2025-01-01,2025-12-31,annual,3505.806505,millimetres,model_estimate,chirpsprov_895a16cb21d7cc63ddc0f299,false,true,chirps_v3_final_monthly_big_june_2026_fixed_boundary_v1,,spatial_frame=fixed_current_boundary_june_2026; historical_boundary_continuity=false; months_complete=12; min_valid_area_fraction=1.00000000; mean_valid_area_fraction=1.00000000; source_product=CHIRPS v3 Final monthly; geometry_source=BIG BATAS_KABKOTA_AR; geometry_source_edition=Juni 2026; observed_station_equivalence=false; comparability_scope=within_CHIRPS_v3_Final_fixed_current_boundary_frame; independent_station_validation=pending
chirpsobs_9316032d9b9060d9216ea707,annual_rainfall,idn.13.1308,1982-01-01,1982-12-31,annual,2247.915614,millimetres,model_estimate,chirpsprov_d76928f82e8715e9e28c66e3,false,true,chirps_v3_final_monthly_big_june_2026_fixed_boundary_v1,,spatial_frame=fixed_current_boundary_june_2026; historical_boundary_continuity=false; months_complete=12; min_valid_area_fraction=1.00000000; mean_valid_area_fraction=1.00000000; source_product=CHIRPS v3 Final monthly; geometry_source=BIG BATAS_KABKOTA_AR; geometry_source_edition=Juni 2026; observed_station_equivalence=false; comparability_scope=within_CHIRPS_v3_Final_fixed_current_boundary_frame; independent_station_validation=pending
chirpsobs_9316037041c95984c2201780,annual_rainfall,idn.13.1305,2013-01-01,2013-12-31,annual,2860.131424,millimetres,model_estimate,chirpsprov_5b65845f0a067c46b1ff4bb4,false,true,chirps_v3_final_monthly_big_june_2026_fixed_boundary_v1,,spatial_frame=fixed_current_boundary_june_2026; historical_boundary_continuity=false; months_complete=12; min_valid_area_fraction=1.00000000; mean_valid_area_fraction=1.00000000; source_product=CHIRPS v3 Final monthly; geometry_source=BIG BATAS_KABKOTA_AR; geometry_source_edition=Juni 2026; observed_station_equivalence=false; comparability_scope=within_CHIRPS_v3_Final_fixed_current_boundary_frame; independent_station_validation=pending
chirpsobs_93459db3697a6793235ce9c4,annual_rainfall,idn.13.1303,1985-01-01,1985-12-31,annual,2702.129801,millimetres,model_estimate,chirpsprov_245a0c829b03c3b0747fd994,false,true,chirps_v3_final_monthly_big_june_2026_fixed_boundary_v1,,spatial_frame=fixed_current_boundary_june_2026; historical_boundary_continuity=false; months_complete=12; min_valid_area_fraction=1.00000000; mean_valid_area_fraction=1.00000000; source_product=CHIRPS v3 Final monthly; geometry_source=BIG BATAS_KABKOTA_AR; geometry_source_edition=Juni 2026; observed_station_equivalence=false; comparability_scope=within_CHIRPS_v3_Final_fixed_current_boundary_frame; independent_station_validation=pending
chirpsobs_9396dacd7434a62d159623db,annual_rainfall,idn.13.1371,2010-01-01,2010-12-31,annual,4575.738787,millimetres,model_estimate,chirpsprov_6d539a98f8e70f0f921b9fea,false,true,chirps_v3_final_monthly_big_june_2026_fixed_boundary_v1,,spatial_frame=fixed_current_boundary_june_2026; historical_boundary_continuity=false; months_complete=12; min_valid_area_fraction=0.99912533; mean_valid_area_fraction=0.99912533; source_product=CHIRPS v3 Final monthly; geometry_source=BIG BATAS_KABKOTA_AR; geometry_source_edition=Juni 2026; observed_station_equivalence=false; comparability_scope=within_CHIRPS_v3_Final_fixed_current_boundary_frame; independent_station_validation=pending
chirpsobs_942bf40c0869239c46cc02b3,annual_rainfall,idn.13.1374,1995-01-01,1995-12-31,annual,2659.119019,millimetres,model_estimate,chirpsprov_9ff2f7a1dfcae20618823751,false,true,chirps_v3_final_monthly_big_june_2026_fixed_boundary_v1,,spatial_frame=fixed_current_boundary_june_2026; historical_boundary_continuity=false; months_complete=12; min_valid_area_fraction=1.00000000; mean_valid_area_fraction=1.00000000; source_product=CHIRPS v3 Final monthly; geometry_source=BIG BATAS_KABKOTA_AR; geometry_source_edition=Juni 2026; observed_station_equivalence=false; comparability_scope=within_CHIRPS_v3_Final_fixed_current_boundary_frame; independent_station_validation=pending
chirpsobs_943e87718d985304ad493149,annual_rainfall,idn.13.1376,2013-01-01,2013-12-31,annual,2516.794857,millimetres,model_estimate,chirpsprov_5b65845f0a067c46b1ff4bb4,false,true,chirps_v3_final_monthly_big_june_2026_fixed_boundary_v1,,spatial_frame=fixed_current_boundary_june_2026; historical_boundary_continuity=false; months_complete=12; min_valid_area_fraction=1.00000000; mean_valid_area_fraction=1.00000000; source_product=CHIRPS v3 Final monthly; geometry_source=BIG BATAS_KABKOTA_AR; geometry_source_edition=Juni 2026; observed_station_equivalence=false; comparability_scope=within_CHIRPS_v3_Final_fixed_current_boundary_frame; independent_station_validation=pending
chirpsobs_9464130301895cb9e5d12c31,annual_rainfall,idn.13.1301,2008-01-01,2008-12-31,annual,3777.472251,millimetres,model_estimate,chirpsprov_ed07e8adb20331297fea22e4,false,true,chirps_v3_final_monthly_big_june_2026_fixed_boundary_v1,,spatial_frame=fixed_current_boundary_june_2026; historical_boundary_continuity=false; months_complete=12; min_valid_area_fraction=0.99877921; mean_valid_area_fraction=0.99877921; source_product=CHIRPS v3 Final monthly; geometry_source=BIG BATAS_KABKOTA_AR; geometry_source_edition=Juni 2026; observed_station_equivalence=false; comparability_scope=within_CHIRPS_v3_Final_fixed_current_boundary_frame; independent_station_validation=pending
chirpsobs_946b063ce78a3e845c53dc31,annual_rainfall,idn.13.1304,1981-01-01,1981-12-31,annual,2769.803058,millimetres,model_estimate,chirpsprov_b1892e858b9a21df3f3835f6,false,true,chirps_v3_final_monthly_big_june_2026_fixed_boundary_v1,,spatial_frame=fixed_current_boundary_june_2026; historical_boundary_continuity=false; months_complete=12; min_valid_area_fraction=1.00000000; mean_valid_area_fraction=1.00000000; source_product=CHIRPS v3 Final monthly; geometry_source=BIG BATAS_KABKOTA_AR; geometry_source_edition=Juni 2026; observed_station_equivalence=false; comparability_scope=within_CHIRPS_v3_Final_fixed_current_boundary_frame; independent_station_validation=pending
chirpsobs_948428b99cad450b70efe996,annual_rainfall,idn.13.1303,2013-01-01,2013-12-31,annual,3003.332435,millimetres,model_estimate,chirpsprov_5b65845f0a067c46b1ff4bb4,false,true,chirps_v3_final_monthly_big_june_2026_fixed_boundary_v1,,spatial_frame=fixed_current_boundary_june_2026; historical_boundary_continuity=false; months_complete=12; min_valid_area_fraction=1.00000000; mean_valid_area_fraction=1.00000000; source_product=CHIRPS v3 Final monthly; geometry_source=BIG BATAS_KABKOTA_AR; geometry_source_edition=Juni 2026; observed_station_equivalence=false; comparability_scope=within_CHIRPS_v3_Final_fixed_current_boundary_frame; independent_station_validation=pending
chirpsobs_9484e6d1303c56bf4c40020b,annual_rainfall,idn.13.1373,2004-01-01,2004-12-31,annual,2440.141996,millimetres,model_estimate,chirpsprov_96a561b0500081f35c2a6aff,false,true,chirps_v3_final_monthly_big_june_2026_fixed_boundary_v1,,spatial_frame=fixed_current_boundary_june_2026; historical_boundary_continuity=false; months_complete=12; min_valid_area_fraction=1.00000000; mean_valid_area_fraction=1.00000000; source_product=CHIRPS v3 Final monthly; geometry_source=BIG BATAS_KABKOTA_AR; geometry_source_edition=Juni 2026; observed_station_equivalence=false; comparability_scope=within_CHIRPS_v3_Final_fixed_current_boundary_frame; independent_station_validation=pending
chirpsobs_9496848058b6917c05a58198,annual_rainfall,idn.13.1302,1981-01-01,1981-12-31,annual,3412.732880,millimetres,model_estimate,chirpsprov_b1892e858b9a21df3f3835f6,false,true,chirps_v3_final_monthly_big_june_2026_fixed_boundary_v1,,spatial_frame=fixed_current_boundary_june_2026; historical_boundary_continuity=false; months_complete=12; min_valid_area_fraction=0.99990289; mean_valid_area_fraction=0.99990289; source_product=CHIRPS v3 Final monthly; geometry_source=BIG BATAS_KABKOTA_AR; geometry_source_edition=Juni 2026; observed_station_equivalence=false; comparability_scope=within_CHIRPS_v3_Final_fixed_current_boundary_frame; independent_station_validation=pending
chirpsobs_94aefa0284ef93044a708629,annual_rainfall,idn.13.1304,2017-01-01,2017-12-31,annual,3209.164432,millimetres,model_estimate,chirpsprov_dccafa903dab232b9aad0bd5,false,true,chirps_v3_final_monthly_big_june_2026_fixed_boundary_v1,,spatial_frame=fixed_current_boundary_june_2026; historical_boundary_continuity=false; months_complete=12; min_valid_area_fraction=1.00000000; mean_valid_area_fraction=1.00000000; source_product=CHIRPS v3 Final monthly; geometry_source=BIG BATAS_KABKOTA_AR; geometry_source_edition=Juni 2026; observed_station_equivalence=false; comparability_scope=within_CHIRPS_v3_Final_fixed_current_boundary_frame; independent_station_validation=pending
chirpsobs_94f990710015064b51d05c41,annual_rainfall,idn.13.1312,1994-01-01,1994-12-31,annual,2448.850728,millimetres,model_estimate,chirpsprov_1ad925e050f99158259f45a8,false,true,chirps_v3_final_monthly_big_june_2026_fixed_boundary_v1,,spatial_frame=fixed_current_boundary_june_2026; historical_boundary_continuity=false; months_complete=12; min_valid_area_fraction=1.00000000; mean_valid_area_fraction=1.00000000; source_product=CHIRPS v3 Final monthly; geometry_source=BIG BATAS_KABKOTA_AR; geometry_source_edition=Juni 2026; observed_station_equivalence=false; comparability_scope=within_CHIRPS_v3_Final_fixed_current_boundary_frame; independent_station_validation=pending
chirpsobs_956abe1c5a7c243cde0a5dbf,annual_rainfall,idn.13.1308,2015-01-01,2015-12-31,annual,2162.728649,millimetres,model_estimate,chirpsprov_b12d5727b3360f9d0d1cfcbb,false,true,chirps_v3_final_monthly_big_june_2026_fixed_boundary_v1,,spatial_frame=fixed_current_boundary_june_2026; historical_boundary_continuity=false; months_complete=12; min_valid_area_fraction=1.00000000; mean_valid_area_fraction=1.00000000; source_product=CHIRPS v3 Final monthly; geometry_source=BIG BATAS_KABKOTA_AR; geometry_source_edition=Juni 2026; observed_station_equivalence=false; comparability_scope=within_CHIRPS_v3_Final_fixed_current_boundary_frame; independent_station_validation=pending
chirpsobs_95c9096fa0457fe3d896fae8,annual_rainfall,idn.13.1376,2000-01-01,2000-12-31,annual,2310.166170,millimetres,model_estimate,chirpsprov_fc3b6aa57f2d9a4e61b62b31,false,true,chirps_v3_final_monthly_big_june_2026_fixed_boundary_v1,,spatial_frame=fixed_current_boundary_june_2026; historical_boundary_continuity=false; months_complete=12; min_valid_area_fraction=1.00000000; mean_valid_area_fraction=1.00000000; source_product=CHIRPS v3 Final monthly; geometry_source=BIG BATAS_KABKOTA_AR; geometry_source_edition=Juni 2026; observed_station_equivalence=false; comparability_scope=within_CHIRPS_v3_Final_fixed_current_boundary_frame; independent_station_validation=pending
chirpsobs_95dad3e26ea5c89a858293d8,annual_rainfall,idn.13.1309,1988-01-01,1988-12-31,annual,3404.515848,millimetres,model_estimate,chirpsprov_9bfc6526f1c0b90065fc7c93,false,true,chirps_v3_final_monthly_big_june_2026_fixed_boundary_v1,,spatial_frame=fixed_current_boundary_june_2026; historical_boundary_continuity=false; months_complete=12; min_valid_area_fraction=1.00000000; mean_valid_area_fraction=1.00000000; source_product=CHIRPS v3 Final monthly; geometry_source=BIG BATAS_KABKOTA_AR; geometry_source_edition=Juni 2026; observed_station_equivalence=false; comparability_scope=within_CHIRPS_v3_Final_fixed_current_boundary_frame; independent_station_validation=pending
chirpsobs_95f8a1794525031bf3bf8771,annual_rainfall,idn.13.1304,2021-01-01,2021-12-31,annual,3087.590832,millimetres,model_estimate,chirpsprov_46837b82c19c621130eb5220,false,true,chirps_v3_final_monthly_big_june_2026_fixed_boundary_v1,,spatial_frame=fixed_current_boundary_june_2026; historical_boundary_continuity=false; months_complete=12; min_valid_area_fraction=1.00000000; mean_valid_area_fraction=1.00000000; source_product=CHIRPS v3 Final monthly; geometry_source=BIG BATAS_KABKOTA_AR; geometry_source_edition=Juni 2026; observed_station_equivalence=false; comparability_scope=within_CHIRPS_v3_Final_fixed_current_boundary_frame; independent_station_validation=pending
chirpsobs_961da621ddbd15996d5c1e34,annual_rainfall,idn.13.1371,2004-01-01,2004-12-31,annual,3569.486384,millimetres,model_estimate,chirpsprov_96a561b0500081f35c2a6aff,false,true,chirps_v3_final_monthly_big_june_2026_fixed_boundary_v1,,spatial_frame=fixed_current_boundary_june_2026; historical_boundary_continuity=false; months_complete=12; min_valid_area_fraction=0.99912533; mean_valid_area_fraction=0.99912533; source_product=CHIRPS v3 Final monthly; geometry_source=BIG BATAS_KABKOTA_AR; geometry_source_edition=Juni 2026; observed_station_equivalence=false; comparability_scope=within_CHIRPS_v3_Final_fixed_current_boundary_frame; independent_station_validation=pending
chirpsobs_962c768dc94f3a4cf902150d,annual_rainfall,idn.13.1377,1998-01-01,1998-12-31,annual,3763.368165,millimetres,model_estimate,chirpsprov_fd5c54c3ffb3d358e77e15f7,false,true,chirps_v3_final_monthly_big_june_2026_fixed_boundary_v1,,spatial_frame=fixed_current_boundary_june_2026; historical_boundary_continuity=false; months_complete=12; min_valid_area_fraction=0.99901085; mean_valid_area_fraction=0.99901085; source_product=CHIRPS v3 Final monthly; geometry_source=BIG BATAS_KABKOTA_AR; geometry_source_edition=Juni 2026; observed_station_equivalence=false; comparability_scope=within_CHIRPS_v3_Final_fixed_current_boundary_frame; independent_station_validation=pending
chirpsobs_96550b72cea29aaa7c84dd61,annual_rainfall,idn.13.1305,2012-01-01,2012-12-31,annual,2941.417627,millimetres,model_estimate,chirpsprov_bf295e30ff22919e667a8443,false,true,chirps_v3_final_monthly_big_june_2026_fixed_boundary_v1,,spatial_frame=fixed_current_boundary_june_2026; historical_boundary_continuity=false; months_complete=12; min_valid_area_fraction=1.00000000; mean_valid_area_fraction=1.00000000; source_product=CHIRPS v3 Final monthly; geometry_source=BIG BATAS_KABKOTA_AR; geometry_source_edition=Juni 2026; observed_station_equivalence=false; comparability_scope=within_CHIRPS_v3_Final_fixed_current_boundary_frame; independent_station_validation=pending
chirpsobs_9664737914ab7783d1fec2e9,annual_rainfall,idn.13.1304,2024-01-01,2024-12-31,annual,3337.779082,millimetres,model_estimate,chirpsprov_80f1b34a386a8dd06869ba96,false,true,chirps_v3_final_monthly_big_june_2026_fixed_boundary_v1,,spatial_frame=fixed_current_boundary_june_2026; historical_boundary_continuity=false; months_complete=12; min_valid_area_fraction=1.00000000; mean_valid_area_fraction=1.00000000; source_product=CHIRPS v3 Final monthly; geometry_source=BIG BATAS_KABKOTA_AR; geometry_source_edition=Juni 2026; observed_station_equivalence=false; comparability_scope=within_CHIRPS_v3_Final_fixed_current_boundary_frame; independent_station_validation=pending
chirpsobs_96abf47ee303e789f5b72a8c,annual_rainfall,idn.13.1375,1994-01-01,1994-12-31,annual,1297.462995,millimetres,model_estimate,chirpsprov_1ad925e050f99158259f45a8,false,true,chirps_v3_final_monthly_big_june_2026_fixed_boundary_v1,,spatial_frame=fixed_current_boundary_june_2026; historical_boundary_continuity=false; months_complete=12; min_valid_area_fraction=1.00000000; mean_valid_area_fraction=1.00000000; source_product=CHIRPS v3 Final monthly; geometry_source=BIG BATAS_KABKOTA_AR; geometry_source_edition=Juni 2026; observed_station_equivalence=false; comparability_scope=within_CHIRPS_v3_Final_fixed_current_boundary_frame; independent_station_validation=pending
chirpsobs_96dd69d6e53c5a8f0834afff,annual_rainfall,idn.13.1371,2018-01-01,2018-12-31,annual,3788.531370,millimetres,model_estimate,chirpsprov_c8030a113fbc38a4dd14a894,false,true,chirps_v3_final_monthly_big_june_2026_fixed_boundary_v1,,spatial_frame=fixed_current_boundary_june_2026; historical_boundary_continuity=false; months_complete=12; min_valid_area_fraction=0.99912533; mean_valid_area_fraction=0.99912533; source_product=CHIRPS v3 Final monthly; geometry_source=BIG BATAS_KABKOTA_AR; geometry_source_edition=Juni 2026; observed_station_equivalence=false; comparability_scope=within_CHIRPS_v3_Final_fixed_current_boundary_frame; independent_station_validation=pending
chirpsobs_97359672b38c058de547fd40,annual_rainfall,idn.13.1304,1985-01-01,1985-12-31,annual,2786.715468,millimetres,model_estimate,chirpsprov_245a0c829b03c3b0747fd994,false,true,chirps_v3_final_monthly_big_june_2026_fixed_boundary_v1,,spatial_frame=fixed_current_boundary_june_2026; historical_boundary_continuity=false; months_complete=12; min_valid_area_fraction=1.00000000; mean_valid_area_fraction=1.00000000; source_product=CHIRPS v3 Final monthly; geometry_source=BIG BATAS_KABKOTA_AR; geometry_source_edition=Juni 2026; observed_station_equivalence=false; comparability_scope=within_CHIRPS_v3_Final_fixed_current_boundary_frame; independent_station_validation=pending
chirpsobs_975d2120f84c54ad2fb07ad6,annual_rainfall,idn.13.1301,1991-01-01,1991-12-31,annual,3506.768429,millimetres,model_estimate,chirpsprov_6a2c532764a205347fffab60,false,true,chirps_v3_final_monthly_big_june_2026_fixed_boundary_v1,,spatial_frame=fixed_current_boundary_june_2026; historical_boundary_continuity=false; months_complete=12; min_valid_area_fraction=0.99877921; mean_valid_area_fraction=0.99877921; source_product=CHIRPS v3 Final monthly; geometry_source=BIG BATAS_KABKOTA_AR; geometry_source_edition=Juni 2026; observed_station_equivalence=false; comparability_scope=within_CHIRPS_v3_Final_fixed_current_boundary_frame; independent_station_validation=pending
chirpsobs_97c79b3175a388763329e05f,annual_rainfall,idn.13.1301,1997-01-01,1997-12-31,annual,1323.346219,millimetres,model_estimate,chirpsprov_549fb51b47f3004dd71af8d7,false,true,chirps_v3_final_monthly_big_june_2026_fixed_boundary_v1,,spatial_frame=fixed_current_boundary_june_2026; historical_boundary_continuity=false; months_complete=12; min_valid_area_fraction=0.99877921; mean_valid_area_fraction=0.99877921; source_product=CHIRPS v3 Final monthly; geometry_source=BIG BATAS_KABKOTA_AR; geometry_source_edition=Juni 2026; observed_station_equivalence=false; comparability_scope=within_CHIRPS_v3_Final_fixed_current_boundary_frame; independent_station_validation=pending
chirpsobs_97c939de9247f8fa13b525f9,annual_rainfall,idn.13.1372,1998-01-01,1998-12-31,annual,2696.811521,millimetres,model_estimate,chirpsprov_fd5c54c3ffb3d358e77e15f7,false,true,chirps_v3_final_monthly_big_june_2026_fixed_boundary_v1,,spatial_frame=fixed_current_boundary_june_2026; historical_boundary_continuity=false; months_complete=12; min_valid_area_fraction=1.00000000; mean_valid_area_fraction=1.00000000; source_product=CHIRPS v3 Final monthly; geometry_source=BIG BATAS_KABKOTA_AR; geometry_source_edition=Juni 2026; observed_station_equivalence=false; comparability_scope=within_CHIRPS_v3_Final_fixed_current_boundary_frame; independent_station_validation=pending
chirpsobs_97eab681e4da56658b1d96d7,annual_rainfall,idn.13.1374,1997-01-01,1997-12-31,annual,1209.724845,millimetres,model_estimate,chirpsprov_549fb51b47f3004dd71af8d7,false,true,chirps_v3_final_monthly_big_june_2026_fixed_boundary_v1,,spatial_frame=fixed_current_boundary_june_2026; historical_boundary_continuity=false; months_complete=12; min_valid_area_fraction=1.00000000; mean_valid_area_fraction=1.00000000; source_product=CHIRPS v3 Final monthly; geometry_source=BIG BATAS_KABKOTA_AR; geometry_source_edition=Juni 2026; observed_station_equivalence=false; comparability_scope=within_CHIRPS_v3_Final_fixed_current_boundary_frame; independent_station_validation=pending
chirpsobs_98648f04075501ff2a6c5166,annual_rainfall,idn.13.1309,2003-01-01,2003-12-31,annual,3552.885273,millimetres,model_estimate,chirpsprov_2b5773cbf1c57eb413def781,false,true,chirps_v3_final_monthly_big_june_2026_fixed_boundary_v1,,spatial_frame=fixed_current_boundary_june_2026; historical_boundary_continuity=false; months_complete=12; min_valid_area_fraction=1.00000000; mean_valid_area_fraction=1.00000000; source_product=CHIRPS v3 Final monthly; geometry_source=BIG BATAS_KABKOTA_AR; geometry_source_edition=Juni 2026; observed_station_equivalence=false; comparability_scope=within_CHIRPS_v3_Final_fixed_current_boundary_frame; independent_station_validation=pending
chirpsobs_9864a34b7bcf78d1227a1609,annual_rainfall,idn.13.1308,2011-01-01,2011-12-31,annual,2695.561325,millimetres,model_estimate,chirpsprov_f02726b2fbc31c90fe475402,false,true,chirps_v3_final_monthly_big_june_2026_fixed_boundary_v1,,spatial_frame=fixed_current_boundary_june_2026; historical_boundary_continuity=false; months_complete=12; min_valid_area_fraction=1.00000000; mean_valid_area_fraction=1.00000000; source_product=CHIRPS v3 Final monthly; geometry_source=BIG BATAS_KABKOTA_AR; geometry_source_edition=Juni 2026; observed_station_equivalence=false; comparability_scope=within_CHIRPS_v3_Final_fixed_current_boundary_frame; independent_station_validation=pending
chirpsobs_9868ef0fc4f2151d8895305a,annual_rainfall,idn.13.1303,2021-01-01,2021-12-31,annual,3100.123998,millimetres,model_estimate,chirpsprov_46837b82c19c621130eb5220,false,true,chirps_v3_final_monthly_big_june_2026_fixed_boundary_v1,,spatial_frame=fixed_current_boundary_june_2026; historical_boundary_continuity=false; months_complete=12; min_valid_area_fraction=1.00000000; mean_valid_area_fraction=1.00000000; source_product=CHIRPS v3 Final monthly; geometry_source=BIG BATAS_KABKOTA_AR; geometry_source_edition=Juni 2026; observed_station_equivalence=false; comparability_scope=within_CHIRPS_v3_Final_fixed_current_boundary_frame; independent_station_validation=pending
chirpsobs_99671151f2e7efd883bc1a4e,annual_rainfall,idn.13.1312,2022-01-01,2022-12-31,annual,4331.760164,millimetres,model_estimate,chirpsprov_3aa2018ec0576428d71e18bf,false,true,chirps_v3_final_monthly_big_june_2026_fixed_boundary_v1,,spatial_frame=fixed_current_boundary_june_2026; historical_boundary_continuity=false; months_complete=12; min_valid_area_fraction=1.00000000; mean_valid_area_fraction=1.00000000; source_product=CHIRPS v3 Final monthly; geometry_source=BIG BATAS_KABKOTA_AR; geometry_source_edition=Juni 2026; observed_station_equivalence=false; comparability_scope=within_CHIRPS_v3_Final_fixed_current_boundary_frame; independent_station_validation=pending
chirpsobs_999d53dcbb7e6cfd85cc7c2b,annual_rainfall,idn.13.1311,2009-01-01,2009-12-31,annual,3102.885878,millimetres,model_estimate,chirpsprov_abb2dd60088714756570bb9f,false,true,chirps_v3_final_monthly_big_june_2026_fixed_boundary_v1,,spatial_frame=fixed_current_boundary_june_2026; historical_boundary_continuity=false; months_complete=12; min_valid_area_fraction=1.00000000; mean_valid_area_fraction=1.00000000; source_product=CHIRPS v3 Final monthly; geometry_source=BIG BATAS_KABKOTA_AR; geometry_source_edition=Juni 2026; observed_station_equivalence=false; comparability_scope=within_CHIRPS_v3_Final_fixed_current_boundary_frame; independent_station_validation=pending
chirpsobs_9ab4427a504f28faa3762afb,annual_rainfall,idn.13.1303,1998-01-01,1998-12-31,annual,2558.610956,millimetres,model_estimate,chirpsprov_fd5c54c3ffb3d358e77e15f7,false,true,chirps_v3_final_monthly_big_june_2026_fixed_boundary_v1,,spatial_frame=fixed_current_boundary_june_2026; historical_boundary_continuity=false; months_complete=12; min_valid_area_fraction=1.00000000; mean_valid_area_fraction=1.00000000; source_product=CHIRPS v3 Final monthly; geometry_source=BIG BATAS_KABKOTA_AR; geometry_source_edition=Juni 2026; observed_station_equivalence=false; comparability_scope=within_CHIRPS_v3_Final_fixed_current_boundary_frame; independent_station_validation=pending
chirpsobs_9ae7bbbdadbe8850798f2612,annual_rainfall,idn.13.1312,1987-01-01,1987-12-31,annual,4021.449621,millimetres,model_estimate,chirpsprov_7c2bd4ffc29c3c1f203409a0,false,true,chirps_v3_final_monthly_big_june_2026_fixed_boundary_v1,,spatial_frame=fixed_current_boundary_june_2026; historical_boundary_continuity=false; months_complete=12; min_valid_area_fraction=1.00000000; mean_valid_area_fraction=1.00000000; source_product=CHIRPS v3 Final monthly; geometry_source=BIG BATAS_KABKOTA_AR; geometry_source_edition=Juni 2026; observed_station_equivalence=false; comparability_scope=within_CHIRPS_v3_Final_fixed_current_boundary_frame; independent_station_validation=pending
chirpsobs_9aed4e884424aac8eaf1d952,annual_rainfall,idn.13.1376,1999-01-01,1999-12-31,annual,2827.324580,millimetres,model_estimate,chirpsprov_8c3023760d15fbc35862fcc4,false,true,chirps_v3_final_monthly_big_june_2026_fixed_boundary_v1,,spatial_frame=fixed_current_boundary_june_2026; historical_boundary_continuity=false; months_complete=12; min_valid_area_fraction=1.00000000; mean_valid_area_fraction=1.00000000; source_product=CHIRPS v3 Final monthly; geometry_source=BIG BATAS_KABKOTA_AR; geometry_source_edition=Juni 2026; observed_station_equivalence=false; comparability_scope=within_CHIRPS_v3_Final_fixed_current_boundary_frame; independent_station_validation=pending
chirpsobs_9b62102e960a1bb1e3187883,annual_rainfall,idn.13.1301,2020-01-01,2020-12-31,annual,3626.960488,millimetres,model_estimate,chirpsprov_869749660f299278b4209870,false,true,chirps_v3_final_monthly_big_june_2026_fixed_boundary_v1,,spatial_frame=fixed_current_boundary_june_2026; historical_boundary_continuity=false; months_complete=12; min_valid_area_fraction=0.99877921; mean_valid_area_fraction=0.99877921; source_product=CHIRPS v3 Final monthly; geometry_source=BIG BATAS_KABKOTA_AR; geometry_source_edition=Juni 2026; observed_station_equivalence=false; comparability_scope=within_CHIRPS_v3_Final_fixed_current_boundary_frame; independent_station_validation=pending
chirpsobs_9bda00845cfe6e6bd0ba0594,annual_rainfall,idn.13.1301,2006-01-01,2006-12-31,annual,2664.097457,millimetres,model_estimate,chirpsprov_33c1360517abf4405894a6a4,false,true,chirps_v3_final_monthly_big_june_2026_fixed_boundary_v1,,spatial_frame=fixed_current_boundary_june_2026; historical_boundary_continuity=false; months_complete=12; min_valid_area_fraction=0.99877921; mean_valid_area_fraction=0.99877921; source_product=CHIRPS v3 Final monthly; geometry_source=BIG BATAS_KABKOTA_AR; geometry_source_edition=Juni 2026; observed_station_equivalence=false; comparability_scope=within_CHIRPS_v3_Final_fixed_current_boundary_frame; independent_station_validation=pending
chirpsobs_9caaf8931482511dd00ae255,annual_rainfall,idn.13.1371,1996-01-01,1996-12-31,annual,3200.655405,millimetres,model_estimate,chirpsprov_864915f0694d4a2f8d62d710,false,true,chirps_v3_final_monthly_big_june_2026_fixed_boundary_v1,,spatial_frame=fixed_current_boundary_june_2026; historical_boundary_continuity=false; months_complete=12; min_valid_area_fraction=0.99912533; mean_valid_area_fraction=0.99912533; source_product=CHIRPS v3 Final monthly; geometry_source=BIG BATAS_KABKOTA_AR; geometry_source_edition=Juni 2026; observed_station_equivalence=false; comparability_scope=within_CHIRPS_v3_Final_fixed_current_boundary_frame; independent_station_validation=pending
chirpsobs_9cc6c636eb0f75dbddffb204,annual_rainfall,idn.13.1375,2003-01-01,2003-12-31,annual,2460.736545,millimetres,model_estimate,chirpsprov_2b5773cbf1c57eb413def781,false,true,chirps_v3_final_monthly_big_june_2026_fixed_boundary_v1,,spatial_frame=fixed_current_boundary_june_2026; historical_boundary_continuity=false; months_complete=12; min_valid_area_fraction=1.00000000; mean_valid_area_fraction=1.00000000; source_product=CHIRPS v3 Final monthly; geometry_source=BIG BATAS_KABKOTA_AR; geometry_source_edition=Juni 2026; observed_station_equivalence=false; comparability_scope=within_CHIRPS_v3_Final_fixed_current_boundary_frame; independent_station_validation=pending
chirpsobs_9d078acab781adeaf07c7967,annual_rainfall,idn.13.1305,2005-01-01,2005-12-31,annual,2742.677845,millimetres,model_estimate,chirpsprov_7d3a32c4624fac5599297aae,false,true,chirps_v3_final_monthly_big_june_2026_fixed_boundary_v1,,spatial_frame=fixed_current_boundary_june_2026; historical_boundary_continuity=false; months_complete=12; min_valid_area_fraction=1.00000000; mean_valid_area_fraction=1.00000000; source_product=CHIRPS v3 Final monthly; geometry_source=BIG BATAS_KABKOTA_AR; geometry_source_edition=Juni 2026; observed_station_equivalence=false; comparability_scope=within_CHIRPS_v3_Final_fixed_current_boundary_frame; independent_station_validation=pending
chirpsobs_9d4da7a2f377a343d983d6e9,annual_rainfall,idn.13.1372,1986-01-01,1986-12-31,annual,3258.129050,millimetres,model_estimate,chirpsprov_6c1e56941bc5b402ba2b4cbf,false,true,chirps_v3_final_monthly_big_june_2026_fixed_boundary_v1,,spatial_frame=fixed_current_boundary_june_2026; historical_boundary_continuity=false; months_complete=12; min_valid_area_fraction=1.00000000; mean_valid_area_fraction=1.00000000; source_product=CHIRPS v3 Final monthly; geometry_source=BIG BATAS_KABKOTA_AR; geometry_source_edition=Juni 2026; observed_station_equivalence=false; comparability_scope=within_CHIRPS_v3_Final_fixed_current_boundary_frame; independent_station_validation=pending
chirpsobs_9d9d8818699496246d60083c,annual_rainfall,idn.13.1308,2017-01-01,2017-12-31,annual,3239.718763,millimetres,model_estimate,chirpsprov_dccafa903dab232b9aad0bd5,false,true,chirps_v3_final_monthly_big_june_2026_fixed_boundary_v1,,spatial_frame=fixed_current_boundary_june_2026; historical_boundary_continuity=false; months_complete=12; min_valid_area_fraction=1.00000000; mean_valid_area_fraction=1.00000000; source_product=CHIRPS v3 Final monthly; geometry_source=BIG BATAS_KABKOTA_AR; geometry_source_edition=Juni 2026; observed_station_equivalence=false; comparability_scope=within_CHIRPS_v3_Final_fixed_current_boundary_frame; independent_station_validation=pending
chirpsobs_9db4c792a02f7065cba138c1,annual_rainfall,idn.13.1302,2018-01-01,2018-12-31,annual,2806.760469,millimetres,model_estimate,chirpsprov_c8030a113fbc38a4dd14a894,false,true,chirps_v3_final_monthly_big_june_2026_fixed_boundary_v1,,spatial_frame=fixed_current_boundary_june_2026; historical_boundary_continuity=false; months_complete=12; min_valid_area_fraction=0.99990289; mean_valid_area_fraction=0.99990289; source_product=CHIRPS v3 Final monthly; geometry_source=BIG BATAS_KABKOTA_AR; geometry_source_edition=Juni 2026; observed_station_equivalence=false; comparability_scope=within_CHIRPS_v3_Final_fixed_current_boundary_frame; independent_station_validation=pending
chirpsobs_9dc62e369e47cc44e809d18d,annual_rainfall,idn.13.1307,2021-01-01,2021-12-31,annual,3054.359145,millimetres,model_estimate,chirpsprov_46837b82c19c621130eb5220,false,true,chirps_v3_final_monthly_big_june_2026_fixed_boundary_v1,,spatial_frame=fixed_current_boundary_june_2026; historical_boundary_continuity=false; months_complete=12; min_valid_area_fraction=1.00000000; mean_valid_area_fraction=1.00000000; source_product=CHIRPS v3 Final monthly; geometry_source=BIG BATAS_KABKOTA_AR; geometry_source_edition=Juni 2026; observed_station_equivalence=false; comparability_scope=within_CHIRPS_v3_Final_fixed_current_boundary_frame; independent_station_validation=pending
chirpsobs_9e02600ae2f26c2202664913,annual_rainfall,idn.13.1304,2012-01-01,2012-12-31,annual,2956.792968,millimetres,model_estimate,chirpsprov_bf295e30ff22919e667a8443,false,true,chirps_v3_final_monthly_big_june_2026_fixed_boundary_v1,,spatial_frame=fixed_current_boundary_june_2026; historical_boundary_continuity=false; months_complete=12; min_valid_area_fraction=1.00000000; mean_valid_area_fraction=1.00000000; source_product=CHIRPS v3 Final monthly; geometry_source=BIG BATAS_KABKOTA_AR; geometry_source_edition=Juni 2026; observed_station_equivalence=false; comparability_scope=within_CHIRPS_v3_Final_fixed_current_boundary_frame; independent_station_validation=pending
chirpsobs_9e28e5416c5a160e9949005c,annual_rainfall,idn.13.1302,2014-01-01,2014-12-31,annual,2645.214324,millimetres,model_estimate,chirpsprov_b4a99eb15560b1d88e757010,false,true,chirps_v3_final_monthly_big_june_2026_fixed_boundary_v1,,spatial_frame=fixed_current_boundary_june_2026; historical_boundary_continuity=false; months_complete=12; min_valid_area_fraction=0.99990289; mean_valid_area_fraction=0.99990289; source_product=CHIRPS v3 Final monthly; geometry_source=BIG BATAS_KABKOTA_AR; geometry_source_edition=Juni 2026; observed_station_equivalence=false; comparability_scope=within_CHIRPS_v3_Final_fixed_current_boundary_frame; independent_station_validation=pending
chirpsobs_9e395735cb96b25507044a5f,annual_rainfall,idn.13.1375,2000-01-01,2000-12-31,annual,2298.742123,millimetres,model_estimate,chirpsprov_fc3b6aa57f2d9a4e61b62b31,false,true,chirps_v3_final_monthly_big_june_2026_fixed_boundary_v1,,spatial_frame=fixed_current_boundary_june_2026; historical_boundary_continuity=false; months_complete=12; min_valid_area_fraction=1.00000000; mean_valid_area_fraction=1.00000000; source_product=CHIRPS v3 Final monthly; geometry_source=BIG BATAS_KABKOTA_AR; geometry_source_edition=Juni 2026; observed_station_equivalence=false; comparability_scope=within_CHIRPS_v3_Final_fixed_current_boundary_frame; independent_station_validation=pending
chirpsobs_9e529967bd8de152362ef33d,annual_rainfall,idn.13.1373,2016-01-01,2016-12-31,annual,3096.137529,millimetres,model_estimate,chirpsprov_bdfc0cb4713e768353b0af59,false,true,chirps_v3_final_monthly_big_june_2026_fixed_boundary_v1,,spatial_frame=fixed_current_boundary_june_2026; historical_boundary_continuity=false; months_complete=12; min_valid_area_fraction=1.00000000; mean_valid_area_fraction=1.00000000; source_product=CHIRPS v3 Final monthly; geometry_source=BIG BATAS_KABKOTA_AR; geometry_source_edition=Juni 2026; observed_station_equivalence=false; comparability_scope=within_CHIRPS_v3_Final_fixed_current_boundary_frame; independent_station_validation=pending
chirpsobs_9eac104a368ad2a2e7a2138a,annual_rainfall,idn.13.1312,1992-01-01,1992-12-31,annual,3738.739718,millimetres,model_estimate,chirpsprov_938566067d5a0dee5b9cc5f3,false,true,chirps_v3_final_monthly_big_june_2026_fixed_boundary_v1,,spatial_frame=fixed_current_boundary_june_2026; historical_boundary_continuity=false; months_complete=12; min_valid_area_fraction=1.00000000; mean_valid_area_fraction=1.00000000; source_product=CHIRPS v3 Final monthly; geometry_source=BIG BATAS_KABKOTA_AR; geometry_source_edition=Juni 2026; observed_station_equivalence=false; comparability_scope=within_CHIRPS_v3_Final_fixed_current_boundary_frame; independent_station_validation=pending
chirpsobs_9f4f7df38cabec0bd930f83c,annual_rainfall,idn.13.1305,2015-01-01,2015-12-31,annual,2001.462359,millimetres,model_estimate,chirpsprov_b12d5727b3360f9d0d1cfcbb,false,true,chirps_v3_final_monthly_big_june_2026_fixed_boundary_v1,,spatial_frame=fixed_current_boundary_june_2026; historical_boundary_continuity=false; months_complete=12; min_valid_area_fraction=1.00000000; mean_valid_area_fraction=1.00000000; source_product=CHIRPS v3 Final monthly; geometry_source=BIG BATAS_KABKOTA_AR; geometry_source_edition=Juni 2026; observed_station_equivalence=false; comparability_scope=within_CHIRPS_v3_Final_fixed_current_boundary_frame; independent_station_validation=pending
chirpsobs_9f58ece60ca56c9be0315304,annual_rainfall,idn.13.1311,2005-01-01,2005-12-31,annual,3244.723561,millimetres,model_estimate,chirpsprov_7d3a32c4624fac5599297aae,false,true,chirps_v3_final_monthly_big_june_2026_fixed_boundary_v1,,spatial_frame=fixed_current_boundary_june_2026; historical_boundary_continuity=false; months_complete=12; min_valid_area_fraction=1.00000000; mean_valid_area_fraction=1.00000000; source_product=CHIRPS v3 Final monthly; geometry_source=BIG BATAS_KABKOTA_AR; geometry_source_edition=Juni 2026; observed_station_equivalence=false; comparability_scope=within_CHIRPS_v3_Final_fixed_current_boundary_frame; independent_station_validation=pending
chirpsobs_9fa3195aeba2d4fbc136ccd3,annual_rainfall,idn.13.1372,2013-01-01,2013-12-31,annual,3314.746945,millimetres,model_estimate,chirpsprov_5b65845f0a067c46b1ff4bb4,false,true,chirps_v3_final_monthly_big_june_2026_fixed_boundary_v1,,spatial_frame=fixed_current_boundary_june_2026; historical_boundary_continuity=false; months_complete=12; min_valid_area_fraction=1.00000000; mean_valid_area_fraction=1.00000000; source_product=CHIRPS v3 Final monthly; geometry_source=BIG BATAS_KABKOTA_AR; geometry_source_edition=Juni 2026; observed_station_equivalence=false; comparability_scope=within_CHIRPS_v3_Final_fixed_current_boundary_frame; independent_station_validation=pending
chirpsobs_9fda56cb4e55329ece836c59,annual_rainfall,idn.13.1312,1990-01-01,1990-12-31,annual,3738.805962,millimetres,model_estimate,chirpsprov_8a1debf06ff2601da517ede7,false,true,chirps_v3_final_monthly_big_june_2026_fixed_boundary_v1,,spatial_frame=fixed_current_boundary_june_2026; historical_boundary_continuity=false; months_complete=12; min_valid_area_fraction=1.00000000; mean_valid_area_fraction=1.00000000; source_product=CHIRPS v3 Final monthly; geometry_source=BIG BATAS_KABKOTA_AR; geometry_source_edition=Juni 2026; observed_station_equivalence=false; comparability_scope=within_CHIRPS_v3_Final_fixed_current_boundary_frame; independent_station_validation=pending
chirpsobs_9ffb29979fc19f2c2b95305c,annual_rainfall,idn.13.1308,2013-01-01,2013-12-31,annual,3027.319238,millimetres,model_estimate,chirpsprov_5b65845f0a067c46b1ff4bb4,false,true,chirps_v3_final_monthly_big_june_2026_fixed_boundary_v1,,spatial_frame=fixed_current_boundary_june_2026; historical_boundary_continuity=false; months_complete=12; min_valid_area_fraction=1.00000000; mean_valid_area_fraction=1.00000000; source_product=CHIRPS v3 Final monthly; geometry_source=BIG BATAS_KABKOTA_AR; geometry_source_edition=Juni 2026; observed_station_equivalence=false; comparability_scope=within_CHIRPS_v3_Final_fixed_current_boundary_frame; independent_station_validation=pending
chirpsobs_a08cb7ed8361bb9f13a55d52,annual_rainfall,idn.13.1309,2018-01-01,2018-12-31,annual,3477.240348,millimetres,model_estimate,chirpsprov_c8030a113fbc38a4dd14a894,false,true,chirps_v3_final_monthly_big_june_2026_fixed_boundary_v1,,spatial_frame=fixed_current_boundary_june_2026; historical_boundary_continuity=false; months_complete=12; min_valid_area_fraction=1.00000000; mean_valid_area_fraction=1.00000000; source_product=CHIRPS v3 Final monthly; geometry_source=BIG BATAS_KABKOTA_AR; geometry_source_edition=Juni 2026; observed_station_equivalence=false; comparability_scope=within_CHIRPS_v3_Final_fixed_current_boundary_frame; independent_station_validation=pending
chirpsobs_a15ee13d6ca6f99cb2fcf63a,annual_rainfall,idn.13.1374,1983-01-01,1983-12-31,annual,2583.081946,millimetres,model_estimate,chirpsprov_5887a41b20f86613f9be9d94,false,true,chirps_v3_final_monthly_big_june_2026_fixed_boundary_v1,,spatial_frame=fixed_current_boundary_june_2026; historical_boundary_continuity=false; months_complete=12; min_valid_area_fraction=1.00000000; mean_valid_area_fraction=1.00000000; source_product=CHIRPS v3 Final monthly; geometry_source=BIG BATAS_KABKOTA_AR; geometry_source_edition=Juni 2026; observed_station_equivalence=false; comparability_scope=within_CHIRPS_v3_Final_fixed_current_boundary_frame; independent_station_validation=pending
chirpsobs_a1ceaea1c0028f674883e7d1,annual_rainfall,idn.13.1303,2023-01-01,2023-12-31,annual,2818.463029,millimetres,model_estimate,chirpsprov_6f7cb8097bed96485afd3cd3,false,true,chirps_v3_final_monthly_big_june_2026_fixed_boundary_v1,,spatial_frame=fixed_current_boundary_june_2026; historical_boundary_continuity=false; months_complete=12; min_valid_area_fraction=1.00000000; mean_valid_area_fraction=1.00000000; source_product=CHIRPS v3 Final monthly; geometry_source=BIG BATAS_KABKOTA_AR; geometry_source_edition=Juni 2026; observed_station_equivalence=false; comparability_scope=within_CHIRPS_v3_Final_fixed_current_boundary_frame; independent_station_validation=pending
chirpsobs_a21dc4c3eb45b1c184cdaeb2,annual_rainfall,idn.13.1375,1992-01-01,1992-12-31,annual,2123.870018,millimetres,model_estimate,chirpsprov_938566067d5a0dee5b9cc5f3,false,true,chirps_v3_final_monthly_big_june_2026_fixed_boundary_v1,,spatial_frame=fixed_current_boundary_june_2026; historical_boundary_continuity=false; months_complete=12; min_valid_area_fraction=1.00000000; mean_valid_area_fraction=1.00000000; source_product=CHIRPS v3 Final monthly; geometry_source=BIG BATAS_KABKOTA_AR; geometry_source_edition=Juni 2026; observed_station_equivalence=false; comparability_scope=within_CHIRPS_v3_Final_fixed_current_boundary_frame; independent_station_validation=pending
chirpsobs_a29166f0f97dc8db9e59de7c,annual_rainfall,idn.13.1374,2017-01-01,2017-12-31,annual,3064.848475,millimetres,model_estimate,chirpsprov_dccafa903dab232b9aad0bd5,false,true,chirps_v3_final_monthly_big_june_2026_fixed_boundary_v1,,spatial_frame=fixed_current_boundary_june_2026; historical_boundary_continuity=false; months_complete=12; min_valid_area_fraction=1.00000000; mean_valid_area_fraction=1.00000000; source_product=CHIRPS v3 Final monthly; geometry_source=BIG BATAS_KABKOTA_AR; geometry_source_edition=Juni 2026; observed_station_equivalence=false; comparability_scope=within_CHIRPS_v3_Final_fixed_current_boundary_frame; independent_station_validation=pending
chirpsobs_a2dba3809b2bc386d955648e,annual_rainfall,idn.13.1305,2002-01-01,2002-12-31,annual,2442.030449,millimetres,model_estimate,chirpsprov_2cf1096ce26eebc728e69baf,false,true,chirps_v3_final_monthly_big_june_2026_fixed_boundary_v1,,spatial_frame=fixed_current_boundary_june_2026; historical_boundary_continuity=false; months_complete=12; min_valid_area_fraction=1.00000000; mean_valid_area_fraction=1.00000000; source_product=CHIRPS v3 Final monthly; geometry_source=BIG BATAS_KABKOTA_AR; geometry_source_edition=Juni 2026; observed_station_equivalence=false; comparability_scope=within_CHIRPS_v3_Final_fixed_current_boundary_frame; independent_station_validation=pending
chirpsobs_a365989d4d09eb1dfdd4473b,annual_rainfall,idn.13.1375,1988-01-01,1988-12-31,annual,2478.746038,millimetres,model_estimate,chirpsprov_9bfc6526f1c0b90065fc7c93,false,true,chirps_v3_final_monthly_big_june_2026_fixed_boundary_v1,,spatial_frame=fixed_current_boundary_june_2026; historical_boundary_continuity=false; months_complete=12; min_valid_area_fraction=1.00000000; mean_valid_area_fraction=1.00000000; source_product=CHIRPS v3 Final monthly; geometry_source=BIG BATAS_KABKOTA_AR; geometry_source_edition=Juni 2026; observed_station_equivalence=false; comparability_scope=within_CHIRPS_v3_Final_fixed_current_boundary_frame; independent_station_validation=pending
chirpsobs_a3ca1c789515699ad0d671f4,annual_rainfall,idn.13.1307,1986-01-01,1986-12-31,annual,3138.089544,millimetres,model_estimate,chirpsprov_6c1e56941bc5b402ba2b4cbf,false,true,chirps_v3_final_monthly_big_june_2026_fixed_boundary_v1,,spatial_frame=fixed_current_boundary_june_2026; historical_boundary_continuity=false; months_complete=12; min_valid_area_fraction=1.00000000; mean_valid_area_fraction=1.00000000; source_product=CHIRPS v3 Final monthly; geometry_source=BIG BATAS_KABKOTA_AR; geometry_source_edition=Juni 2026; observed_station_equivalence=false; comparability_scope=within_CHIRPS_v3_Final_fixed_current_boundary_frame; independent_station_validation=pending
chirpsobs_a3e7c816adf5dd6ed569050b,annual_rainfall,idn.13.1372,2006-01-01,2006-12-31,annual,2466.795261,millimetres,model_estimate,chirpsprov_33c1360517abf4405894a6a4,false,true,chirps_v3_final_monthly_big_june_2026_fixed_boundary_v1,,spatial_frame=fixed_current_boundary_june_2026; historical_boundary_continuity=false; months_complete=12; min_valid_area_fraction=1.00000000; mean_valid_area_fraction=1.00000000; source_product=CHIRPS v3 Final monthly; geometry_source=BIG BATAS_KABKOTA_AR; geometry_source_edition=Juni 2026; observed_station_equivalence=false; comparability_scope=within_CHIRPS_v3_Final_fixed_current_boundary_frame; independent_station_validation=pending
chirpsobs_a4341b69dafa8458ee2513b0,annual_rainfall,idn.13.1301,2011-01-01,2011-12-31,annual,2837.461704,millimetres,model_estimate,chirpsprov_f02726b2fbc31c90fe475402,false,true,chirps_v3_final_monthly_big_june_2026_fixed_boundary_v1,,spatial_frame=fixed_current_boundary_june_2026; historical_boundary_continuity=false; months_complete=12; min_valid_area_fraction=0.99877921; mean_valid_area_fraction=0.99877921; source_product=CHIRPS v3 Final monthly; geometry_source=BIG BATAS_KABKOTA_AR; geometry_source_edition=Juni 2026; observed_station_equivalence=false; comparability_scope=within_CHIRPS_v3_Final_fixed_current_boundary_frame; independent_station_validation=pending
chirpsobs_a49c4fe3002806c51077d619,annual_rainfall,idn.13.1307,2002-01-01,2002-12-31,annual,2898.180497,millimetres,model_estimate,chirpsprov_2cf1096ce26eebc728e69baf,false,true,chirps_v3_final_monthly_big_june_2026_fixed_boundary_v1,,spatial_frame=fixed_current_boundary_june_2026; historical_boundary_continuity=false; months_complete=12; min_valid_area_fraction=1.00000000; mean_valid_area_fraction=1.00000000; source_product=CHIRPS v3 Final monthly; geometry_source=BIG BATAS_KABKOTA_AR; geometry_source_edition=Juni 2026; observed_station_equivalence=false; comparability_scope=within_CHIRPS_v3_Final_fixed_current_boundary_frame; independent_station_validation=pending
chirpsobs_a4a43fe0f21bda7d8f8884b0,annual_rainfall,idn.13.1374,1989-01-01,1989-12-31,annual,2601.460524,millimetres,model_estimate,chirpsprov_dce3ffaedc1a899d204a1612,false,true,chirps_v3_final_monthly_big_june_2026_fixed_boundary_v1,,spatial_frame=fixed_current_boundary_june_2026; historical_boundary_continuity=false; months_complete=12; min_valid_area_fraction=1.00000000; mean_valid_area_fraction=1.00000000; source_product=CHIRPS v3 Final monthly; geometry_source=BIG BATAS_KABKOTA_AR; geometry_source_edition=Juni 2026; observed_station_equivalence=false; comparability_scope=within_CHIRPS_v3_Final_fixed_current_boundary_frame; independent_station_validation=pending
chirpsobs_a4cf29272ffdc48ac9c5988d,annual_rainfall,idn.13.1311,1987-01-01,1987-12-31,annual,2400.813160,millimetres,model_estimate,chirpsprov_7c2bd4ffc29c3c1f203409a0,false,true,chirps_v3_final_monthly_big_june_2026_fixed_boundary_v1,,spatial_frame=fixed_current_boundary_june_2026; historical_boundary_continuity=false; months_complete=12; min_valid_area_fraction=1.00000000; mean_valid_area_fraction=1.00000000; source_product=CHIRPS v3 Final monthly; geometry_source=BIG BATAS_KABKOTA_AR; geometry_source_edition=Juni 2026; observed_station_equivalence=false; comparability_scope=within_CHIRPS_v3_Final_fixed_current_boundary_frame; independent_station_validation=pending
chirpsobs_a53f08ddeac0d49f710e7e28,annual_rainfall,idn.13.1373,1989-01-01,1989-12-31,annual,2805.718708,millimetres,model_estimate,chirpsprov_dce3ffaedc1a899d204a1612,false,true,chirps_v3_final_monthly_big_june_2026_fixed_boundary_v1,,spatial_frame=fixed_current_boundary_june_2026; historical_boundary_continuity=false; months_complete=12; min_valid_area_fraction=1.00000000; mean_valid_area_fraction=1.00000000; source_product=CHIRPS v3 Final monthly; geometry_source=BIG BATAS_KABKOTA_AR; geometry_source_edition=Juni 2026; observed_station_equivalence=false; comparability_scope=within_CHIRPS_v3_Final_fixed_current_boundary_frame; independent_station_validation=pending
chirpsobs_a5830d46d831dad07ae003e6,annual_rainfall,idn.13.1372,2003-01-01,2003-12-31,annual,3218.392674,millimetres,model_estimate,chirpsprov_2b5773cbf1c57eb413def781,false,true,chirps_v3_final_monthly_big_june_2026_fixed_boundary_v1,,spatial_frame=fixed_current_boundary_june_2026; historical_boundary_continuity=false; months_complete=12; min_valid_area_fraction=1.00000000; mean_valid_area_fraction=1.00000000; source_product=CHIRPS v3 Final monthly; geometry_source=BIG BATAS_KABKOTA_AR; geometry_source_edition=Juni 2026; observed_station_equivalence=false; comparability_scope=within_CHIRPS_v3_Final_fixed_current_boundary_frame; independent_station_validation=pending
chirpsobs_a5a1280b129a9319aba9946e,annual_rainfall,idn.13.1305,2020-01-01,2020-12-31,annual,2639.181013,millimetres,model_estimate,chirpsprov_869749660f299278b4209870,false,true,chirps_v3_final_monthly_big_june_2026_fixed_boundary_v1,,spatial_frame=fixed_current_boundary_june_2026; historical_boundary_continuity=false; months_complete=12; min_valid_area_fraction=1.00000000; mean_valid_area_fraction=1.00000000; source_product=CHIRPS v3 Final monthly; geometry_source=BIG BATAS_KABKOTA_AR; geometry_source_edition=Juni 2026; observed_station_equivalence=false; comparability_scope=within_CHIRPS_v3_Final_fixed_current_boundary_frame; independent_station_validation=pending
chirpsobs_a629ff075a75455f90cc04bf,annual_rainfall,idn.13.1312,2012-01-01,2012-12-31,annual,4138.709977,millimetres,model_estimate,chirpsprov_bf295e30ff22919e667a8443,false,true,chirps_v3_final_monthly_big_june_2026_fixed_boundary_v1,,spatial_frame=fixed_current_boundary_june_2026; historical_boundary_continuity=false; months_complete=12; min_valid_area_fraction=1.00000000; mean_valid_area_fraction=1.00000000; source_product=CHIRPS v3 Final monthly; geometry_source=BIG BATAS_KABKOTA_AR; geometry_source_edition=Juni 2026; observed_station_equivalence=false; comparability_scope=within_CHIRPS_v3_Final_fixed_current_boundary_frame; independent_station_validation=pending
chirpsobs_a6a7564a898b0ad291dc8758,annual_rainfall,idn.13.1376,2010-01-01,2010-12-31,annual,2760.036768,millimetres,model_estimate,chirpsprov_6d539a98f8e70f0f921b9fea,false,true,chirps_v3_final_monthly_big_june_2026_fixed_boundary_v1,,spatial_frame=fixed_current_boundary_june_2026; historical_boundary_continuity=false; months_complete=12; min_valid_area_fraction=1.00000000; mean_valid_area_fraction=1.00000000; source_product=CHIRPS v3 Final monthly; geometry_source=BIG BATAS_KABKOTA_AR; geometry_source_edition=Juni 2026; observed_station_equivalence=false; comparability_scope=within_CHIRPS_v3_Final_fixed_current_boundary_frame; independent_station_validation=pending
chirpsobs_a6bde40d89672d64e5252dff,annual_rainfall,idn.13.1301,1988-01-01,1988-12-31,annual,4138.095851,millimetres,model_estimate,chirpsprov_9bfc6526f1c0b90065fc7c93,false,true,chirps_v3_final_monthly_big_june_2026_fixed_boundary_v1,,spatial_frame=fixed_current_boundary_june_2026; historical_boundary_continuity=false; months_complete=12; min_valid_area_fraction=0.99877921; mean_valid_area_fraction=0.99877921; source_product=CHIRPS v3 Final monthly; geometry_source=BIG BATAS_KABKOTA_AR; geometry_source_edition=Juni 2026; observed_station_equivalence=false; comparability_scope=within_CHIRPS_v3_Final_fixed_current_boundary_frame; independent_station_validation=pending
chirpsobs_a7ffc429ec45833b17e7b8ac,annual_rainfall,idn.13.1305,2006-01-01,2006-12-31,annual,2138.351461,millimetres,model_estimate,chirpsprov_33c1360517abf4405894a6a4,false,true,chirps_v3_final_monthly_big_june_2026_fixed_boundary_v1,,spatial_frame=fixed_current_boundary_june_2026; historical_boundary_continuity=false; months_complete=12; min_valid_area_fraction=1.00000000; mean_valid_area_fraction=1.00000000; source_product=CHIRPS v3 Final monthly; geometry_source=BIG BATAS_KABKOTA_AR; geometry_source_edition=Juni 2026; observed_station_equivalence=false; comparability_scope=within_CHIRPS_v3_Final_fixed_current_boundary_frame; independent_station_validation=pending
chirpsobs_a88bf8d14305d2a2f6918a37,annual_rainfall,idn.13.1306,2006-01-01,2006-12-31,annual,3220.223128,millimetres,model_estimate,chirpsprov_33c1360517abf4405894a6a4,false,true,chirps_v3_final_monthly_big_june_2026_fixed_boundary_v1,,spatial_frame=fixed_current_boundary_june_2026; historical_boundary_continuity=false; months_complete=12; min_valid_area_fraction=0.99993254; mean_valid_area_fraction=0.99993254; source_product=CHIRPS v3 Final monthly; geometry_source=BIG BATAS_KABKOTA_AR; geometry_source_edition=Juni 2026; observed_station_equivalence=false; comparability_scope=within_CHIRPS_v3_Final_fixed_current_boundary_frame; independent_station_validation=pending
chirpsobs_a8da35c8c95903ac5fd98b16,annual_rainfall,idn.13.1310,2005-01-01,2005-12-31,annual,3068.414093,millimetres,model_estimate,chirpsprov_7d3a32c4624fac5599297aae,false,true,chirps_v3_final_monthly_big_june_2026_fixed_boundary_v1,,spatial_frame=fixed_current_boundary_june_2026; historical_boundary_continuity=false; months_complete=12; min_valid_area_fraction=1.00000000; mean_valid_area_fraction=1.00000000; source_product=CHIRPS v3 Final monthly; geometry_source=BIG BATAS_KABKOTA_AR; geometry_source_edition=Juni 2026; observed_station_equivalence=false; comparability_scope=within_CHIRPS_v3_Final_fixed_current_boundary_frame; independent_station_validation=pending
chirpsobs_aa17ab8e24f3bf055ecb989a,annual_rainfall,idn.13.1304,2010-01-01,2010-12-31,annual,3392.372734,millimetres,model_estimate,chirpsprov_6d539a98f8e70f0f921b9fea,false,true,chirps_v3_final_monthly_big_june_2026_fixed_boundary_v1,,spatial_frame=fixed_current_boundary_june_2026; historical_boundary_continuity=false; months_complete=12; min_valid_area_fraction=1.00000000; mean_valid_area_fraction=1.00000000; source_product=CHIRPS v3 Final monthly; geometry_source=BIG BATAS_KABKOTA_AR; geometry_source_edition=Juni 2026; observed_station_equivalence=false; comparability_scope=within_CHIRPS_v3_Final_fixed_current_boundary_frame; independent_station_validation=pending
chirpsobs_aa1a53982f1e08f48fd9a245,annual_rainfall,idn.13.1305,2003-01-01,2003-12-31,annual,2815.270113,millimetres,model_estimate,chirpsprov_2b5773cbf1c57eb413def781,false,true,chirps_v3_final_monthly_big_june_2026_fixed_boundary_v1,,spatial_frame=fixed_current_boundary_june_2026; historical_boundary_continuity=false; months_complete=12; min_valid_area_fraction=1.00000000; mean_valid_area_fraction=1.00000000; source_product=CHIRPS v3 Final monthly; geometry_source=BIG BATAS_KABKOTA_AR; geometry_source_edition=Juni 2026; observed_station_equivalence=false; comparability_scope=within_CHIRPS_v3_Final_fixed_current_boundary_frame; independent_station_validation=pending
chirpsobs_aa3803d89d032140d996469d,annual_rainfall,idn.13.1311,2000-01-01,2000-12-31,annual,3161.590916,millimetres,model_estimate,chirpsprov_fc3b6aa57f2d9a4e61b62b31,false,true,chirps_v3_final_monthly_big_june_2026_fixed_boundary_v1,,spatial_frame=fixed_current_boundary_june_2026; historical_boundary_continuity=false; months_complete=12; min_valid_area_fraction=1.00000000; mean_valid_area_fraction=1.00000000; source_product=CHIRPS v3 Final monthly; geometry_source=BIG BATAS_KABKOTA_AR; geometry_source_edition=Juni 2026; observed_station_equivalence=false; comparability_scope=within_CHIRPS_v3_Final_fixed_current_boundary_frame; independent_station_validation=pending
chirpsobs_ab1deab4c445dc21dc69ae72,annual_rainfall,idn.13.1311,2006-01-01,2006-12-31,annual,2726.594448,millimetres,model_estimate,chirpsprov_33c1360517abf4405894a6a4,false,true,chirps_v3_final_monthly_big_june_2026_fixed_boundary_v1,,spatial_frame=fixed_current_boundary_june_2026; historical_boundary_continuity=false; months_complete=12; min_valid_area_fraction=1.00000000; mean_valid_area_fraction=1.00000000; source_product=CHIRPS v3 Final monthly; geometry_source=BIG BATAS_KABKOTA_AR; geometry_source_edition=Juni 2026; observed_station_equivalence=false; comparability_scope=within_CHIRPS_v3_Final_fixed_current_boundary_frame; independent_station_validation=pending
chirpsobs_ab4b9b80c38d92a5d23904a9,annual_rainfall,idn.13.1306,2003-01-01,2003-12-31,annual,4350.774971,millimetres,model_estimate,chirpsprov_2b5773cbf1c57eb413def781,false,true,chirps_v3_final_monthly_big_june_2026_fixed_boundary_v1,,spatial_frame=fixed_current_boundary_june_2026; historical_boundary_continuity=false; months_complete=12; min_valid_area_fraction=0.99993254; mean_valid_area_fraction=0.99993254; source_product=CHIRPS v3 Final monthly; geometry_source=BIG BATAS_KABKOTA_AR; geometry_source_edition=Juni 2026; observed_station_equivalence=false; comparability_scope=within_CHIRPS_v3_Final_fixed_current_boundary_frame; independent_station_validation=pending
chirpsobs_abe8ecee2332ee3173d89bdf,annual_rainfall,idn.13.1303,2025-01-01,2025-12-31,annual,3470.644762,millimetres,model_estimate,chirpsprov_895a16cb21d7cc63ddc0f299,false,true,chirps_v3_final_monthly_big_june_2026_fixed_boundary_v1,,spatial_frame=fixed_current_boundary_june_2026; historical_boundary_continuity=false; months_complete=12; min_valid_area_fraction=1.00000000; mean_valid_area_fraction=1.00000000; source_product=CHIRPS v3 Final monthly; geometry_source=BIG BATAS_KABKOTA_AR; geometry_source_edition=Juni 2026; observed_station_equivalence=false; comparability_scope=within_CHIRPS_v3_Final_fixed_current_boundary_frame; independent_station_validation=pending
chirpsobs_ac66c9805b1a91d829f51fa4,annual_rainfall,idn.13.1311,1997-01-01,1997-12-31,annual,1635.720817,millimetres,model_estimate,chirpsprov_549fb51b47f3004dd71af8d7,false,true,chirps_v3_final_monthly_big_june_2026_fixed_boundary_v1,,spatial_frame=fixed_current_boundary_june_2026; historical_boundary_continuity=false; months_complete=12; min_valid_area_fraction=1.00000000; mean_valid_area_fraction=1.00000000; source_product=CHIRPS v3 Final monthly; geometry_source=BIG BATAS_KABKOTA_AR; geometry_source_edition=Juni 2026; observed_station_equivalence=false; comparability_scope=within_CHIRPS_v3_Final_fixed_current_boundary_frame; independent_station_validation=pending
chirpsobs_ac6704f2c5d144c1255ae2a2,annual_rainfall,idn.13.1304,1998-01-01,1998-12-31,annual,2616.086760,millimetres,model_estimate,chirpsprov_fd5c54c3ffb3d358e77e15f7,false,true,chirps_v3_final_monthly_big_june_2026_fixed_boundary_v1,,spatial_frame=fixed_current_boundary_june_2026; historical_boundary_continuity=false; months_complete=12; min_valid_area_fraction=1.00000000; mean_valid_area_fraction=1.00000000; source_product=CHIRPS v3 Final monthly; geometry_source=BIG BATAS_KABKOTA_AR; geometry_source_edition=Juni 2026; observed_station_equivalence=false; comparability_scope=within_CHIRPS_v3_Final_fixed_current_boundary_frame; independent_station_validation=pending
chirpsobs_ac9c3c28fa8be53b0f16794d,annual_rainfall,idn.13.1377,1983-01-01,1983-12-31,annual,3882.426501,millimetres,model_estimate,chirpsprov_5887a41b20f86613f9be9d94,false,true,chirps_v3_final_monthly_big_june_2026_fixed_boundary_v1,,spatial_frame=fixed_current_boundary_june_2026; historical_boundary_continuity=false; months_complete=12; min_valid_area_fraction=0.99901085; mean_valid_area_fraction=0.99901085; source_product=CHIRPS v3 Final monthly; geometry_source=BIG BATAS_KABKOTA_AR; geometry_source_edition=Juni 2026; observed_station_equivalence=false; comparability_scope=within_CHIRPS_v3_Final_fixed_current_boundary_frame; independent_station_validation=pending
chirpsobs_acb445aac155a5e4fc5a1db7,annual_rainfall,idn.13.1305,2008-01-01,2008-12-31,annual,2857.894920,millimetres,model_estimate,chirpsprov_ed07e8adb20331297fea22e4,false,true,chirps_v3_final_monthly_big_june_2026_fixed_boundary_v1,,spatial_frame=fixed_current_boundary_june_2026; historical_boundary_continuity=false; months_complete=12; min_valid_area_fraction=1.00000000; mean_valid_area_fraction=1.00000000; source_product=CHIRPS v3 Final monthly; geometry_source=BIG BATAS_KABKOTA_AR; geometry_source_edition=Juni 2026; observed_station_equivalence=false; comparability_scope=within_CHIRPS_v3_Final_fixed_current_boundary_frame; independent_station_validation=pending
chirpsobs_ace7a248bd8f4fe88b83a1d6,annual_rainfall,idn.13.1304,2011-01-01,2011-12-31,annual,2674.901771,millimetres,model_estimate,chirpsprov_f02726b2fbc31c90fe475402,false,true,chirps_v3_final_monthly_big_june_2026_fixed_boundary_v1,,spatial_frame=fixed_current_boundary_june_2026; historical_boundary_continuity=false; months_complete=12; min_valid_area_fraction=1.00000000; mean_valid_area_fraction=1.00000000; source_product=CHIRPS v3 Final monthly; geometry_source=BIG BATAS_KABKOTA_AR; geometry_source_edition=Juni 2026; observed_station_equivalence=false; comparability_scope=within_CHIRPS_v3_Final_fixed_current_boundary_frame; independent_station_validation=pending
chirpsobs_ad32af7ce508a9e71129a6a5,annual_rainfall,idn.13.1375,2002-01-01,2002-12-31,annual,2183.409966,millimetres,model_estimate,chirpsprov_2cf1096ce26eebc728e69baf,false,true,chirps_v3_final_monthly_big_june_2026_fixed_boundary_v1,,spatial_frame=fixed_current_boundary_june_2026; historical_boundary_continuity=false; months_complete=12; min_valid_area_fraction=1.00000000; mean_valid_area_fraction=1.00000000; source_product=CHIRPS v3 Final monthly; geometry_source=BIG BATAS_KABKOTA_AR; geometry_source_edition=Juni 2026; observed_station_equivalence=false; comparability_scope=within_CHIRPS_v3_Final_fixed_current_boundary_frame; independent_station_validation=pending
chirpsobs_ad56d76206486b7f724ff94a,annual_rainfall,idn.13.1304,2007-01-01,2007-12-31,annual,2942.459501,millimetres,model_estimate,chirpsprov_d583a73735d084b8b2496aa8,false,true,chirps_v3_final_monthly_big_june_2026_fixed_boundary_v1,,spatial_frame=fixed_current_boundary_june_2026; historical_boundary_continuity=false; months_complete=12; min_valid_area_fraction=1.00000000; mean_valid_area_fraction=1.00000000; source_product=CHIRPS v3 Final monthly; geometry_source=BIG BATAS_KABKOTA_AR; geometry_source_edition=Juni 2026; observed_station_equivalence=false; comparability_scope=within_CHIRPS_v3_Final_fixed_current_boundary_frame; independent_station_validation=pending
chirpsobs_ad6799fc5d3c567107397c70,annual_rainfall,idn.13.1371,1994-01-01,1994-12-31,annual,1916.121007,millimetres,model_estimate,chirpsprov_1ad925e050f99158259f45a8,false,true,chirps_v3_final_monthly_big_june_2026_fixed_boundary_v1,,spatial_frame=fixed_current_boundary_june_2026; historical_boundary_continuity=false; months_complete=12; min_valid_area_fraction=0.99912533; mean_valid_area_fraction=0.99912533; source_product=CHIRPS v3 Final monthly; geometry_source=BIG BATAS_KABKOTA_AR; geometry_source_edition=Juni 2026; observed_station_equivalence=false; comparability_scope=within_CHIRPS_v3_Final_fixed_current_boundary_frame; independent_station_validation=pending
chirpsobs_af3cd16810b21b8b55ead57e,annual_rainfall,idn.13.1303,1991-01-01,1991-12-31,annual,2419.009518,millimetres,model_estimate,chirpsprov_6a2c532764a205347fffab60,false,true,chirps_v3_final_monthly_big_june_2026_fixed_boundary_v1,,spatial_frame=fixed_current_boundary_june_2026; historical_boundary_continuity=false; months_complete=12; min_valid_area_fraction=1.00000000; mean_valid_area_fraction=1.00000000; source_product=CHIRPS v3 Final monthly; geometry_source=BIG BATAS_KABKOTA_AR; geometry_source_edition=Juni 2026; observed_station_equivalence=false; comparability_scope=within_CHIRPS_v3_Final_fixed_current_boundary_frame; independent_station_validation=pending
chirpsobs_af46211bf110f23cba556446,annual_rainfall,idn.13.1375,2015-01-01,2015-12-31,annual,1778.376570,millimetres,model_estimate,chirpsprov_b12d5727b3360f9d0d1cfcbb,false,true,chirps_v3_final_monthly_big_june_2026_fixed_boundary_v1,,spatial_frame=fixed_current_boundary_june_2026; historical_boundary_continuity=false; months_complete=12; min_valid_area_fraction=1.00000000; mean_valid_area_fraction=1.00000000; source_product=CHIRPS v3 Final monthly; geometry_source=BIG BATAS_KABKOTA_AR; geometry_source_edition=Juni 2026; observed_station_equivalence=false; comparability_scope=within_CHIRPS_v3_Final_fixed_current_boundary_frame; independent_station_validation=pending
chirpsobs_af4cf65969e0ba22e3783595,annual_rainfall,idn.13.1307,1995-01-01,1995-12-31,annual,2771.698032,millimetres,model_estimate,chirpsprov_9ff2f7a1dfcae20618823751,false,true,chirps_v3_final_monthly_big_june_2026_fixed_boundary_v1,,spatial_frame=fixed_current_boundary_june_2026; historical_boundary_continuity=false; months_complete=12; min_valid_area_fraction=1.00000000; mean_valid_area_fraction=1.00000000; source_product=CHIRPS v3 Final monthly; geometry_source=BIG BATAS_KABKOTA_AR; geometry_source_edition=Juni 2026; observed_station_equivalence=false; comparability_scope=within_CHIRPS_v3_Final_fixed_current_boundary_frame; independent_station_validation=pending
chirpsobs_af891fb37f675f4ca24c3571,annual_rainfall,idn.13.1310,1983-01-01,1983-12-31,annual,2416.094009,millimetres,model_estimate,chirpsprov_5887a41b20f86613f9be9d94,false,true,chirps_v3_final_monthly_big_june_2026_fixed_boundary_v1,,spatial_frame=fixed_current_boundary_june_2026; historical_boundary_continuity=false; months_complete=12; min_valid_area_fraction=1.00000000; mean_valid_area_fraction=1.00000000; source_product=CHIRPS v3 Final monthly; geometry_source=BIG BATAS_KABKOTA_AR; geometry_source_edition=Juni 2026; observed_station_equivalence=false; comparability_scope=within_CHIRPS_v3_Final_fixed_current_boundary_frame; independent_station_validation=pending
chirpsobs_afc08e4f70067b4272fa4b21,annual_rainfall,idn.13.1372,2011-01-01,2011-12-31,annual,2801.277405,millimetres,model_estimate,chirpsprov_f02726b2fbc31c90fe475402,false,true,chirps_v3_final_monthly_big_june_2026_fixed_boundary_v1,,spatial_frame=fixed_current_boundary_june_2026; historical_boundary_continuity=false; months_complete=12; min_valid_area_fraction=1.00000000; mean_valid_area_fraction=1.00000000; source_product=CHIRPS v3 Final monthly; geometry_source=BIG BATAS_KABKOTA_AR; geometry_source_edition=Juni 2026; observed_station_equivalence=false; comparability_scope=within_CHIRPS_v3_Final_fixed_current_boundary_frame; independent_station_validation=pending
chirpsobs_afc73f335e2d1bd82b95a8df,annual_rainfall,idn.13.1310,1989-01-01,1989-12-31,annual,2689.595574,millimetres,model_estimate,chirpsprov_dce3ffaedc1a899d204a1612,false,true,chirps_v3_final_monthly_big_june_2026_fixed_boundary_v1,,spatial_frame=fixed_current_boundary_june_2026; historical_boundary_continuity=false; months_complete=12; min_valid_area_fraction=1.00000000; mean_valid_area_fraction=1.00000000; source_product=CHIRPS v3 Final monthly; geometry_source=BIG BATAS_KABKOTA_AR; geometry_source_edition=Juni 2026; observed_station_equivalence=false; comparability_scope=within_CHIRPS_v3_Final_fixed_current_boundary_frame; independent_station_validation=pending
chirpsobs_b00300d835cc9021e47745f0,annual_rainfall,idn.13.1303,2002-01-01,2002-12-31,annual,2625.953719,millimetres,model_estimate,chirpsprov_2cf1096ce26eebc728e69baf,false,true,chirps_v3_final_monthly_big_june_2026_fixed_boundary_v1,,spatial_frame=fixed_current_boundary_june_2026; historical_boundary_continuity=false; months_complete=12; min_valid_area_fraction=1.00000000; mean_valid_area_fraction=1.00000000; source_product=CHIRPS v3 Final monthly; geometry_source=BIG BATAS_KABKOTA_AR; geometry_source_edition=Juni 2026; observed_station_equivalence=false; comparability_scope=within_CHIRPS_v3_Final_fixed_current_boundary_frame; independent_station_validation=pending
chirpsobs_b030d8a0b3c9be601ba0ed75,annual_rainfall,idn.13.1374,2002-01-01,2002-12-31,annual,2695.217446,millimetres,model_estimate,chirpsprov_2cf1096ce26eebc728e69baf,false,true,chirps_v3_final_monthly_big_june_2026_fixed_boundary_v1,,spatial_frame=fixed_current_boundary_june_2026; historical_boundary_continuity=false; months_complete=12; min_valid_area_fraction=1.00000000; mean_valid_area_fraction=1.00000000; source_product=CHIRPS v3 Final monthly; geometry_source=BIG BATAS_KABKOTA_AR; geometry_source_edition=Juni 2026; observed_station_equivalence=false; comparability_scope=within_CHIRPS_v3_Final_fixed_current_boundary_frame; independent_station_validation=pending
chirpsobs_b031e0850c147827f8b08523,annual_rainfall,idn.13.1376,2020-01-01,2020-12-31,annual,2261.885902,millimetres,model_estimate,chirpsprov_869749660f299278b4209870,false,true,chirps_v3_final_monthly_big_june_2026_fixed_boundary_v1,,spatial_frame=fixed_current_boundary_june_2026; historical_boundary_continuity=false; months_complete=12; min_valid_area_fraction=1.00000000; mean_valid_area_fraction=1.00000000; source_product=CHIRPS v3 Final monthly; geometry_source=BIG BATAS_KABKOTA_AR; geometry_source_edition=Juni 2026; observed_station_equivalence=false; comparability_scope=within_CHIRPS_v3_Final_fixed_current_boundary_frame; independent_station_validation=pending
chirpsobs_b037a394ecc73d0e2f511200,annual_rainfall,idn.13.1311,2003-01-01,2003-12-31,annual,3187.594008,millimetres,model_estimate,chirpsprov_2b5773cbf1c57eb413def781,false,true,chirps_v3_final_monthly_big_june_2026_fixed_boundary_v1,,spatial_frame=fixed_current_boundary_june_2026; historical_boundary_continuity=false; months_complete=12; min_valid_area_fraction=1.00000000; mean_valid_area_fraction=1.00000000; source_product=CHIRPS v3 Final monthly; geometry_source=BIG BATAS_KABKOTA_AR; geometry_source_edition=Juni 2026; observed_station_equivalence=false; comparability_scope=within_CHIRPS_v3_Final_fixed_current_boundary_frame; independent_station_validation=pending
chirpsobs_b06e913baf054a70ddf494b3,annual_rainfall,idn.13.1312,1991-01-01,1991-12-31,annual,3944.173850,millimetres,model_estimate,chirpsprov_6a2c532764a205347fffab60,false,true,chirps_v3_final_monthly_big_june_2026_fixed_boundary_v1,,spatial_frame=fixed_current_boundary_june_2026; historical_boundary_continuity=false; months_complete=12; min_valid_area_fraction=1.00000000; mean_valid_area_fraction=1.00000000; source_product=CHIRPS v3 Final monthly; geometry_source=BIG BATAS_KABKOTA_AR; geometry_source_edition=Juni 2026; observed_station_equivalence=false; comparability_scope=within_CHIRPS_v3_Final_fixed_current_boundary_frame; independent_station_validation=pending
chirpsobs_b097e5ce85f3490f43db8320,annual_rainfall,idn.13.1307,1989-01-01,1989-12-31,annual,2759.415402,millimetres,model_estimate,chirpsprov_dce3ffaedc1a899d204a1612,false,true,chirps_v3_final_monthly_big_june_2026_fixed_boundary_v1,,spatial_frame=fixed_current_boundary_june_2026; historical_boundary_continuity=false; months_complete=12; min_valid_area_fraction=1.00000000; mean_valid_area_fraction=1.00000000; source_product=CHIRPS v3 Final monthly; geometry_source=BIG BATAS_KABKOTA_AR; geometry_source_edition=Juni 2026; observed_station_equivalence=false; comparability_scope=within_CHIRPS_v3_Final_fixed_current_boundary_frame; independent_station_validation=pending
chirpsobs_b11556949eb6212489391d48,annual_rainfall,idn.13.1308,1999-01-01,1999-12-31,annual,3327.771617,millimetres,model_estimate,chirpsprov_8c3023760d15fbc35862fcc4,false,true,chirps_v3_final_monthly_big_june_2026_fixed_boundary_v1,,spatial_frame=fixed_current_boundary_june_2026; historical_boundary_continuity=false; months_complete=12; min_valid_area_fraction=1.00000000; mean_valid_area_fraction=1.00000000; source_product=CHIRPS v3 Final monthly; geometry_source=BIG BATAS_KABKOTA_AR; geometry_source_edition=Juni 2026; observed_station_equivalence=false; comparability_scope=within_CHIRPS_v3_Final_fixed_current_boundary_frame; independent_station_validation=pending
chirpsobs_b14de9da6602419abdd56be8,annual_rainfall,idn.13.1372,2023-01-01,2023-12-31,annual,2938.237223,millimetres,model_estimate,chirpsprov_6f7cb8097bed96485afd3cd3,false,true,chirps_v3_final_monthly_big_june_2026_fixed_boundary_v1,,spatial_frame=fixed_current_boundary_june_2026; historical_boundary_continuity=false; months_complete=12; min_valid_area_fraction=1.00000000; mean_valid_area_fraction=1.00000000; source_product=CHIRPS v3 Final monthly; geometry_source=BIG BATAS_KABKOTA_AR; geometry_source_edition=Juni 2026; observed_station_equivalence=false; comparability_scope=within_CHIRPS_v3_Final_fixed_current_boundary_frame; independent_station_validation=pending
chirpsobs_b189f7254b363a3f1206f171,annual_rainfall,idn.13.1301,2013-01-01,2013-12-31,annual,3333.378494,millimetres,model_estimate,chirpsprov_5b65845f0a067c46b1ff4bb4,false,true,chirps_v3_final_monthly_big_june_2026_fixed_boundary_v1,,spatial_frame=fixed_current_boundary_june_2026; historical_boundary_continuity=false; months_complete=12; min_valid_area_fraction=0.99877921; mean_valid_area_fraction=0.99877921; source_product=CHIRPS v3 Final monthly; geometry_source=BIG BATAS_KABKOTA_AR; geometry_source_edition=Juni 2026; observed_station_equivalence=false; comparability_scope=within_CHIRPS_v3_Final_fixed_current_boundary_frame; independent_station_validation=pending
chirpsobs_b1972a9c60f5b18da0398282,annual_rainfall,idn.13.1311,2017-01-01,2017-12-31,annual,3382.155964,millimetres,model_estimate,chirpsprov_dccafa903dab232b9aad0bd5,false,true,chirps_v3_final_monthly_big_june_2026_fixed_boundary_v1,,spatial_frame=fixed_current_boundary_june_2026; historical_boundary_continuity=false; months_complete=12; min_valid_area_fraction=1.00000000; mean_valid_area_fraction=1.00000000; source_product=CHIRPS v3 Final monthly; geometry_source=BIG BATAS_KABKOTA_AR; geometry_source_edition=Juni 2026; observed_station_equivalence=false; comparability_scope=within_CHIRPS_v3_Final_fixed_current_boundary_frame; independent_station_validation=pending
chirpsobs_b1ae0bf5f072c3d62107cdcb,annual_rainfall,idn.13.1377,2015-01-01,2015-12-31,annual,3789.112792,millimetres,model_estimate,chirpsprov_b12d5727b3360f9d0d1cfcbb,false,true,chirps_v3_final_monthly_big_june_2026_fixed_boundary_v1,,spatial_frame=fixed_current_boundary_june_2026; historical_boundary_continuity=false; months_complete=12; min_valid_area_fraction=0.99901085; mean_valid_area_fraction=0.99901085; source_product=CHIRPS v3 Final monthly; geometry_source=BIG BATAS_KABKOTA_AR; geometry_source_edition=Juni 2026; observed_station_equivalence=false; comparability_scope=within_CHIRPS_v3_Final_fixed_current_boundary_frame; independent_station_validation=pending
chirpsobs_b24248d70dcf16821287b10e,annual_rainfall,idn.13.1304,2022-01-01,2022-12-31,annual,3743.084717,millimetres,model_estimate,chirpsprov_3aa2018ec0576428d71e18bf,false,true,chirps_v3_final_monthly_big_june_2026_fixed_boundary_v1,,spatial_frame=fixed_current_boundary_june_2026; historical_boundary_continuity=false; months_complete=12; min_valid_area_fraction=1.00000000; mean_valid_area_fraction=1.00000000; source_product=CHIRPS v3 Final monthly; geometry_source=BIG BATAS_KABKOTA_AR; geometry_source_edition=Juni 2026; observed_station_equivalence=false; comparability_scope=within_CHIRPS_v3_Final_fixed_current_boundary_frame; independent_station_validation=pending
chirpsobs_b295451449116bd0b0dbff23,annual_rainfall,idn.13.1372,2001-01-01,2001-12-31,annual,2648.723470,millimetres,model_estimate,chirpsprov_08cf9a732d039d72eccb02c0,false,true,chirps_v3_final_monthly_big_june_2026_fixed_boundary_v1,,spatial_frame=fixed_current_boundary_june_2026; historical_boundary_continuity=false; months_complete=12; min_valid_area_fraction=1.00000000; mean_valid_area_fraction=1.00000000; source_product=CHIRPS v3 Final monthly; geometry_source=BIG BATAS_KABKOTA_AR; geometry_source_edition=Juni 2026; observed_station_equivalence=false; comparability_scope=within_CHIRPS_v3_Final_fixed_current_boundary_frame; independent_station_validation=pending
chirpsobs_b2993f07940d536760fc26e3,annual_rainfall,idn.13.1376,2009-01-01,2009-12-31,annual,2380.589105,millimetres,model_estimate,chirpsprov_abb2dd60088714756570bb9f,false,true,chirps_v3_final_monthly_big_june_2026_fixed_boundary_v1,,spatial_frame=fixed_current_boundary_june_2026; historical_boundary_continuity=false; months_complete=12; min_valid_area_fraction=1.00000000; mean_valid_area_fraction=1.00000000; source_product=CHIRPS v3 Final monthly; geometry_source=BIG BATAS_KABKOTA_AR; geometry_source_edition=Juni 2026; observed_station_equivalence=false; comparability_scope=within_CHIRPS_v3_Final_fixed_current_boundary_frame; independent_station_validation=pending
chirpsobs_b3c2ef186f0dc0f710f8e85a,annual_rainfall,idn.13.1373,2020-01-01,2020-12-31,annual,2803.900303,millimetres,model_estimate,chirpsprov_869749660f299278b4209870,false,true,chirps_v3_final_monthly_big_june_2026_fixed_boundary_v1,,spatial_frame=fixed_current_boundary_june_2026; historical_boundary_continuity=false; months_complete=12; min_valid_area_fraction=1.00000000; mean_valid_area_fraction=1.00000000; source_product=CHIRPS v3 Final monthly; geometry_source=BIG BATAS_KABKOTA_AR; geometry_source_edition=Juni 2026; observed_station_equivalence=false; comparability_scope=within_CHIRPS_v3_Final_fixed_current_boundary_frame; independent_station_validation=pending
chirpsobs_b3c6dcecb300b13435a691e9,annual_rainfall,idn.13.1311,2002-01-01,2002-12-31,annual,2776.251982,millimetres,model_estimate,chirpsprov_2cf1096ce26eebc728e69baf,false,true,chirps_v3_final_monthly_big_june_2026_fixed_boundary_v1,,spatial_frame=fixed_current_boundary_june_2026; historical_boundary_continuity=false; months_complete=12; min_valid_area_fraction=1.00000000; mean_valid_area_fraction=1.00000000; source_product=CHIRPS v3 Final monthly; geometry_source=BIG BATAS_KABKOTA_AR; geometry_source_edition=Juni 2026; observed_station_equivalence=false; comparability_scope=within_CHIRPS_v3_Final_fixed_current_boundary_frame; independent_station_validation=pending
chirpsobs_b3eb6b4ec1dac8527678437d,annual_rainfall,idn.13.1312,1989-01-01,1989-12-31,annual,3674.853414,millimetres,model_estimate,chirpsprov_dce3ffaedc1a899d204a1612,false,true,chirps_v3_final_monthly_big_june_2026_fixed_boundary_v1,,spatial_frame=fixed_current_boundary_june_2026; historical_boundary_continuity=false; months_complete=12; min_valid_area_fraction=1.00000000; mean_valid_area_fraction=1.00000000; source_product=CHIRPS v3 Final monthly; geometry_source=BIG BATAS_KABKOTA_AR; geometry_source_edition=Juni 2026; observed_station_equivalence=false; comparability_scope=within_CHIRPS_v3_Final_fixed_current_boundary_frame; independent_station_validation=pending
chirpsobs_b406e1d2ea3272bd2dd5d44a,annual_rainfall,idn.13.1307,2003-01-01,2003-12-31,annual,3088.227750,millimetres,model_estimate,chirpsprov_2b5773cbf1c57eb413def781,false,true,chirps_v3_final_monthly_big_june_2026_fixed_boundary_v1,,spatial_frame=fixed_current_boundary_june_2026; historical_boundary_continuity=false; months_complete=12; min_valid_area_fraction=1.00000000; mean_valid_area_fraction=1.00000000; source_product=CHIRPS v3 Final monthly; geometry_source=BIG BATAS_KABKOTA_AR; geometry_source_edition=Juni 2026; observed_station_equivalence=false; comparability_scope=within_CHIRPS_v3_Final_fixed_current_boundary_frame; independent_station_validation=pending
chirpsobs_b419b7c574f96d0dc9a66c57,annual_rainfall,idn.13.1306,2002-01-01,2002-12-31,annual,4087.142278,millimetres,model_estimate,chirpsprov_2cf1096ce26eebc728e69baf,false,true,chirps_v3_final_monthly_big_june_2026_fixed_boundary_v1,,spatial_frame=fixed_current_boundary_june_2026; historical_boundary_continuity=false; months_complete=12; min_valid_area_fraction=0.99993254; mean_valid_area_fraction=0.99993254; source_product=CHIRPS v3 Final monthly; geometry_source=BIG BATAS_KABKOTA_AR; geometry_source_edition=Juni 2026; observed_station_equivalence=false; comparability_scope=within_CHIRPS_v3_Final_fixed_current_boundary_frame; independent_station_validation=pending
chirpsobs_b4780d831e8deec9c2160a58,annual_rainfall,idn.13.1301,1993-01-01,1993-12-31,annual,3011.672009,millimetres,model_estimate,chirpsprov_0b1431dfbfc76cd87c567ea3,false,true,chirps_v3_final_monthly_big_june_2026_fixed_boundary_v1,,spatial_frame=fixed_current_boundary_june_2026; historical_boundary_continuity=false; months_complete=12; min_valid_area_fraction=0.99877921; mean_valid_area_fraction=0.99877921; source_product=CHIRPS v3 Final monthly; geometry_source=BIG BATAS_KABKOTA_AR; geometry_source_edition=Juni 2026; observed_station_equivalence=false; comparability_scope=within_CHIRPS_v3_Final_fixed_current_boundary_frame; independent_station_validation=pending
chirpsobs_b48fe58f101531a0af3e6a98,annual_rainfall,idn.13.1310,2010-01-01,2010-12-31,annual,3318.107886,millimetres,model_estimate,chirpsprov_6d539a98f8e70f0f921b9fea,false,true,chirps_v3_final_monthly_big_june_2026_fixed_boundary_v1,,spatial_frame=fixed_current_boundary_june_2026; historical_boundary_continuity=false; months_complete=12; min_valid_area_fraction=1.00000000; mean_valid_area_fraction=1.00000000; source_product=CHIRPS v3 Final monthly; geometry_source=BIG BATAS_KABKOTA_AR; geometry_source_edition=Juni 2026; observed_station_equivalence=false; comparability_scope=within_CHIRPS_v3_Final_fixed_current_boundary_frame; independent_station_validation=pending
chirpsobs_b5350c00d9e091af1a3a164d,annual_rainfall,idn.13.1372,1993-01-01,1993-12-31,annual,2135.628293,millimetres,model_estimate,chirpsprov_0b1431dfbfc76cd87c567ea3,false,true,chirps_v3_final_monthly_big_june_2026_fixed_boundary_v1,,spatial_frame=fixed_current_boundary_june_2026; historical_boundary_continuity=false; months_complete=12; min_valid_area_fraction=1.00000000; mean_valid_area_fraction=1.00000000; source_product=CHIRPS v3 Final monthly; geometry_source=BIG BATAS_KABKOTA_AR; geometry_source_edition=Juni 2026; observed_station_equivalence=false; comparability_scope=within_CHIRPS_v3_Final_fixed_current_boundary_frame; independent_station_validation=pending
chirpsobs_b5f2177b447855f87088634d,annual_rainfall,idn.13.1305,1994-01-01,1994-12-31,annual,1387.881483,millimetres,model_estimate,chirpsprov_1ad925e050f99158259f45a8,false,true,chirps_v3_final_monthly_big_june_2026_fixed_boundary_v1,,spatial_frame=fixed_current_boundary_june_2026; historical_boundary_continuity=false; months_complete=12; min_valid_area_fraction=1.00000000; mean_valid_area_fraction=1.00000000; source_product=CHIRPS v3 Final monthly; geometry_source=BIG BATAS_KABKOTA_AR; geometry_source_edition=Juni 2026; observed_station_equivalence=false; comparability_scope=within_CHIRPS_v3_Final_fixed_current_boundary_frame; independent_station_validation=pending
chirpsobs_b65482ecb78eb6d52c7234eb,annual_rainfall,idn.13.1371,2017-01-01,2017-12-31,annual,3997.270871,millimetres,model_estimate,chirpsprov_dccafa903dab232b9aad0bd5,false,true,chirps_v3_final_monthly_big_june_2026_fixed_boundary_v1,,spatial_frame=fixed_current_boundary_june_2026; historical_boundary_continuity=false; months_complete=12; min_valid_area_fraction=0.99912533; mean_valid_area_fraction=0.99912533; source_product=CHIRPS v3 Final monthly; geometry_source=BIG BATAS_KABKOTA_AR; geometry_source_edition=Juni 2026; observed_station_equivalence=false; comparability_scope=within_CHIRPS_v3_Final_fixed_current_boundary_frame; independent_station_validation=pending
chirpsobs_b68eaf14bb2aa03ed75217ae,annual_rainfall,idn.13.1377,2022-01-01,2022-12-31,annual,5719.996265,millimetres,model_estimate,chirpsprov_3aa2018ec0576428d71e18bf,false,true,chirps_v3_final_monthly_big_june_2026_fixed_boundary_v1,,spatial_frame=fixed_current_boundary_june_2026; historical_boundary_continuity=false; months_complete=12; min_valid_area_fraction=0.99901085; mean_valid_area_fraction=0.99901085; source_product=CHIRPS v3 Final monthly; geometry_source=BIG BATAS_KABKOTA_AR; geometry_source_edition=Juni 2026; observed_station_equivalence=false; comparability_scope=within_CHIRPS_v3_Final_fixed_current_boundary_frame; independent_station_validation=pending
chirpsobs_b6a5cc73767cc423e3ff66bc,annual_rainfall,idn.13.1311,1993-01-01,1993-12-31,annual,2351.627958,millimetres,model_estimate,chirpsprov_0b1431dfbfc76cd87c567ea3,false,true,chirps_v3_final_monthly_big_june_2026_fixed_boundary_v1,,spatial_frame=fixed_current_boundary_june_2026; historical_boundary_continuity=false; months_complete=12; min_valid_area_fraction=1.00000000; mean_valid_area_fraction=1.00000000; source_product=CHIRPS v3 Final monthly; geometry_source=BIG BATAS_KABKOTA_AR; geometry_source_edition=Juni 2026; observed_station_equivalence=false; comparability_scope=within_CHIRPS_v3_Final_fixed_current_boundary_frame; independent_station_validation=pending
chirpsobs_b6e829795b4113b8b1206cee,annual_rainfall,idn.13.1309,1999-01-01,1999-12-31,annual,3988.340983,millimetres,model_estimate,chirpsprov_8c3023760d15fbc35862fcc4,false,true,chirps_v3_final_monthly_big_june_2026_fixed_boundary_v1,,spatial_frame=fixed_current_boundary_june_2026; historical_boundary_continuity=false; months_complete=12; min_valid_area_fraction=1.00000000; mean_valid_area_fraction=1.00000000; source_product=CHIRPS v3 Final monthly; geometry_source=BIG BATAS_KABKOTA_AR; geometry_source_edition=Juni 2026; observed_station_equivalence=false; comparability_scope=within_CHIRPS_v3_Final_fixed_current_boundary_frame; independent_station_validation=pending
chirpsobs_b7290bce28312c31ecd9d536,annual_rainfall,idn.13.1371,1987-01-01,1987-12-31,annual,3637.570361,millimetres,model_estimate,chirpsprov_7c2bd4ffc29c3c1f203409a0,false,true,chirps_v3_final_monthly_big_june_2026_fixed_boundary_v1,,spatial_frame=fixed_current_boundary_june_2026; historical_boundary_continuity=false; months_complete=12; min_valid_area_fraction=0.99912533; mean_valid_area_fraction=0.99912533; source_product=CHIRPS v3 Final monthly; geometry_source=BIG BATAS_KABKOTA_AR; geometry_source_edition=Juni 2026; observed_station_equivalence=false; comparability_scope=within_CHIRPS_v3_Final_fixed_current_boundary_frame; independent_station_validation=pending
chirpsobs_b736e74ad8abb2b097f00fcc,annual_rainfall,idn.13.1372,1984-01-01,1984-12-31,annual,3905.410803,millimetres,model_estimate,chirpsprov_105560bf68b24142847709fb,false,true,chirps_v3_final_monthly_big_june_2026_fixed_boundary_v1,,spatial_frame=fixed_current_boundary_june_2026; historical_boundary_continuity=false; months_complete=12; min_valid_area_fraction=1.00000000; mean_valid_area_fraction=1.00000000; source_product=CHIRPS v3 Final monthly; geometry_source=BIG BATAS_KABKOTA_AR; geometry_source_edition=Juni 2026; observed_station_equivalence=false; comparability_scope=within_CHIRPS_v3_Final_fixed_current_boundary_frame; independent_station_validation=pending
chirpsobs_b77f936f51ed3765250e7e54,annual_rainfall,idn.13.1373,2001-01-01,2001-12-31,annual,2571.226846,millimetres,model_estimate,chirpsprov_08cf9a732d039d72eccb02c0,false,true,chirps_v3_final_monthly_big_june_2026_fixed_boundary_v1,,spatial_frame=fixed_current_boundary_june_2026; historical_boundary_continuity=false; months_complete=12; min_valid_area_fraction=1.00000000; mean_valid_area_fraction=1.00000000; source_product=CHIRPS v3 Final monthly; geometry_source=BIG BATAS_KABKOTA_AR; geometry_source_edition=Juni 2026; observed_station_equivalence=false; comparability_scope=within_CHIRPS_v3_Final_fixed_current_boundary_frame; independent_station_validation=pending
chirpsobs_b8903feaa686f05c7cd36e0c,annual_rainfall,idn.13.1311,2020-01-01,2020-12-31,annual,3039.796046,millimetres,model_estimate,chirpsprov_869749660f299278b4209870,false,true,chirps_v3_final_monthly_big_june_2026_fixed_boundary_v1,,spatial_frame=fixed_current_boundary_june_2026; historical_boundary_continuity=false; months_complete=12; min_valid_area_fraction=1.00000000; mean_valid_area_fraction=1.00000000; source_product=CHIRPS v3 Final monthly; geometry_source=BIG BATAS_KABKOTA_AR; geometry_source_edition=Juni 2026; observed_station_equivalence=false; comparability_scope=within_CHIRPS_v3_Final_fixed_current_boundary_frame; independent_station_validation=pending
chirpsobs_b8c4e74c9e54d3686d8cec22,annual_rainfall,idn.13.1376,1982-01-01,1982-12-31,annual,1881.999492,millimetres,model_estimate,chirpsprov_d76928f82e8715e9e28c66e3,false,true,chirps_v3_final_monthly_big_june_2026_fixed_boundary_v1,,spatial_frame=fixed_current_boundary_june_2026; historical_boundary_continuity=false; months_complete=12; min_valid_area_fraction=1.00000000; mean_valid_area_fraction=1.00000000; source_product=CHIRPS v3 Final monthly; geometry_source=BIG BATAS_KABKOTA_AR; geometry_source_edition=Juni 2026; observed_station_equivalence=false; comparability_scope=within_CHIRPS_v3_Final_fixed_current_boundary_frame; independent_station_validation=pending
chirpsobs_b8e8ddc7e1288d364504c05a,annual_rainfall,idn.13.1377,1992-01-01,1992-12-31,annual,3974.295521,millimetres,model_estimate,chirpsprov_938566067d5a0dee5b9cc5f3,false,true,chirps_v3_final_monthly_big_june_2026_fixed_boundary_v1,,spatial_frame=fixed_current_boundary_june_2026; historical_boundary_continuity=false; months_complete=12; min_valid_area_fraction=0.99901085; mean_valid_area_fraction=0.99901085; source_product=CHIRPS v3 Final monthly; geometry_source=BIG BATAS_KABKOTA_AR; geometry_source_edition=Juni 2026; observed_station_equivalence=false; comparability_scope=within_CHIRPS_v3_Final_fixed_current_boundary_frame; independent_station_validation=pending
chirpsobs_b8f37a1fde7f3083d74a8abd,annual_rainfall,idn.13.1371,1986-01-01,1986-12-31,annual,4317.747742,millimetres,model_estimate,chirpsprov_6c1e56941bc5b402ba2b4cbf,false,true,chirps_v3_final_monthly_big_june_2026_fixed_boundary_v1,,spatial_frame=fixed_current_boundary_june_2026; historical_boundary_continuity=false; months_complete=12; min_valid_area_fraction=0.99912533; mean_valid_area_fraction=0.99912533; source_product=CHIRPS v3 Final monthly; geometry_source=BIG BATAS_KABKOTA_AR; geometry_source_edition=Juni 2026; observed_station_equivalence=false; comparability_scope=within_CHIRPS_v3_Final_fixed_current_boundary_frame; independent_station_validation=pending
chirpsobs_b907f24dd0a80064bc04dc07,annual_rainfall,idn.13.1371,1992-01-01,1992-12-31,annual,3570.026959,millimetres,model_estimate,chirpsprov_938566067d5a0dee5b9cc5f3,false,true,chirps_v3_final_monthly_big_june_2026_fixed_boundary_v1,,spatial_frame=fixed_current_boundary_june_2026; historical_boundary_continuity=false; months_complete=12; min_valid_area_fraction=0.99912533; mean_valid_area_fraction=0.99912533; source_product=CHIRPS v3 Final monthly; geometry_source=BIG BATAS_KABKOTA_AR; geometry_source_edition=Juni 2026; observed_station_equivalence=false; comparability_scope=within_CHIRPS_v3_Final_fixed_current_boundary_frame; independent_station_validation=pending
chirpsobs_b96a130695fdef2f3c066b90,annual_rainfall,idn.13.1371,2011-01-01,2011-12-31,annual,3457.612990,millimetres,model_estimate,chirpsprov_f02726b2fbc31c90fe475402,false,true,chirps_v3_final_monthly_big_june_2026_fixed_boundary_v1,,spatial_frame=fixed_current_boundary_june_2026; historical_boundary_continuity=false; months_complete=12; min_valid_area_fraction=0.99912533; mean_valid_area_fraction=0.99912533; source_product=CHIRPS v3 Final monthly; geometry_source=BIG BATAS_KABKOTA_AR; geometry_source_edition=Juni 2026; observed_station_equivalence=false; comparability_scope=within_CHIRPS_v3_Final_fixed_current_boundary_frame; independent_station_validation=pending
chirpsobs_b98f6bbbbe9dc8ec3a0aa139,annual_rainfall,idn.13.1305,2024-01-01,2024-12-31,annual,3043.862868,millimetres,model_estimate,chirpsprov_80f1b34a386a8dd06869ba96,false,true,chirps_v3_final_monthly_big_june_2026_fixed_boundary_v1,,spatial_frame=fixed_current_boundary_june_2026; historical_boundary_continuity=false; months_complete=12; min_valid_area_fraction=1.00000000; mean_valid_area_fraction=1.00000000; source_product=CHIRPS v3 Final monthly; geometry_source=BIG BATAS_KABKOTA_AR; geometry_source_edition=Juni 2026; observed_station_equivalence=false; comparability_scope=within_CHIRPS_v3_Final_fixed_current_boundary_frame; independent_station_validation=pending
chirpsobs_ba0a990e09ad47c64ef52052,annual_rainfall,idn.13.1309,1985-01-01,1985-12-31,annual,3312.406139,millimetres,model_estimate,chirpsprov_245a0c829b03c3b0747fd994,false,true,chirps_v3_final_monthly_big_june_2026_fixed_boundary_v1,,spatial_frame=fixed_current_boundary_june_2026; historical_boundary_continuity=false; months_complete=12; min_valid_area_fraction=1.00000000; mean_valid_area_fraction=1.00000000; source_product=CHIRPS v3 Final monthly; geometry_source=BIG BATAS_KABKOTA_AR; geometry_source_edition=Juni 2026; observed_station_equivalence=false; comparability_scope=within_CHIRPS_v3_Final_fixed_current_boundary_frame; independent_station_validation=pending
chirpsobs_ba6fa97f505a23636b3e8159,annual_rainfall,idn.13.1372,2009-01-01,2009-12-31,annual,2929.292417,millimetres,model_estimate,chirpsprov_abb2dd60088714756570bb9f,false,true,chirps_v3_final_monthly_big_june_2026_fixed_boundary_v1,,spatial_frame=fixed_current_boundary_june_2026; historical_boundary_continuity=false; months_complete=12; min_valid_area_fraction=1.00000000; mean_valid_area_fraction=1.00000000; source_product=CHIRPS v3 Final monthly; geometry_source=BIG BATAS_KABKOTA_AR; geometry_source_edition=Juni 2026; observed_station_equivalence=false; comparability_scope=within_CHIRPS_v3_Final_fixed_current_boundary_frame; independent_station_validation=pending
chirpsobs_babb91b9552666f0cc0a8a8e,annual_rainfall,idn.13.1301,2009-01-01,2009-12-31,annual,3320.497972,millimetres,model_estimate,chirpsprov_abb2dd60088714756570bb9f,false,true,chirps_v3_final_monthly_big_june_2026_fixed_boundary_v1,,spatial_frame=fixed_current_boundary_june_2026; historical_boundary_continuity=false; months_complete=12; min_valid_area_fraction=0.99877921; mean_valid_area_fraction=0.99877921; source_product=CHIRPS v3 Final monthly; geometry_source=BIG BATAS_KABKOTA_AR; geometry_source_edition=Juni 2026; observed_station_equivalence=false; comparability_scope=within_CHIRPS_v3_Final_fixed_current_boundary_frame; independent_station_validation=pending
chirpsobs_bac8a38f8e0b24fffaa573f4,annual_rainfall,idn.13.1305,1988-01-01,1988-12-31,annual,2764.232617,millimetres,model_estimate,chirpsprov_9bfc6526f1c0b90065fc7c93,false,true,chirps_v3_final_monthly_big_june_2026_fixed_boundary_v1,,spatial_frame=fixed_current_boundary_june_2026; historical_boundary_continuity=false; months_complete=12; min_valid_area_fraction=1.00000000; mean_valid_area_fraction=1.00000000; source_product=CHIRPS v3 Final monthly; geometry_source=BIG BATAS_KABKOTA_AR; geometry_source_edition=Juni 2026; observed_station_equivalence=false; comparability_scope=within_CHIRPS_v3_Final_fixed_current_boundary_frame; independent_station_validation=pending
chirpsobs_bb02b986f56c46e62b28ac27,annual_rainfall,idn.13.1310,2015-01-01,2015-12-31,annual,1960.691289,millimetres,model_estimate,chirpsprov_b12d5727b3360f9d0d1cfcbb,false,true,chirps_v3_final_monthly_big_june_2026_fixed_boundary_v1,,spatial_frame=fixed_current_boundary_june_2026; historical_boundary_continuity=false; months_complete=12; min_valid_area_fraction=1.00000000; mean_valid_area_fraction=1.00000000; source_product=CHIRPS v3 Final monthly; geometry_source=BIG BATAS_KABKOTA_AR; geometry_source_edition=Juni 2026; observed_station_equivalence=false; comparability_scope=within_CHIRPS_v3_Final_fixed_current_boundary_frame; independent_station_validation=pending
chirpsobs_bb6b49a7896a1d00f436c712,annual_rainfall,idn.13.1303,1982-01-01,1982-12-31,annual,1952.335300,millimetres,model_estimate,chirpsprov_d76928f82e8715e9e28c66e3,false,true,chirps_v3_final_monthly_big_june_2026_fixed_boundary_v1,,spatial_frame=fixed_current_boundary_june_2026; historical_boundary_continuity=false; months_complete=12; min_valid_area_fraction=1.00000000; mean_valid_area_fraction=1.00000000; source_product=CHIRPS v3 Final monthly; geometry_source=BIG BATAS_KABKOTA_AR; geometry_source_edition=Juni 2026; observed_station_equivalence=false; comparability_scope=within_CHIRPS_v3_Final_fixed_current_boundary_frame; independent_station_validation=pending
chirpsobs_bbd83f93f3ff22732d6178e2,annual_rainfall,idn.13.1375,1996-01-01,1996-12-31,annual,1911.740289,millimetres,model_estimate,chirpsprov_864915f0694d4a2f8d62d710,false,true,chirps_v3_final_monthly_big_june_2026_fixed_boundary_v1,,spatial_frame=fixed_current_boundary_june_2026; historical_boundary_continuity=false; months_complete=12; min_valid_area_fraction=1.00000000; mean_valid_area_fraction=1.00000000; source_product=CHIRPS v3 Final monthly; geometry_source=BIG BATAS_KABKOTA_AR; geometry_source_edition=Juni 2026; observed_station_equivalence=false; comparability_scope=within_CHIRPS_v3_Final_fixed_current_boundary_frame; independent_station_validation=pending
chirpsobs_bc39b4f659af834c9bbdc055,annual_rainfall,idn.13.1302,2002-01-01,2002-12-31,annual,2779.407547,millimetres,model_estimate,chirpsprov_2cf1096ce26eebc728e69baf,false,true,chirps_v3_final_monthly_big_june_2026_fixed_boundary_v1,,spatial_frame=fixed_current_boundary_june_2026; historical_boundary_continuity=false; months_complete=12; min_valid_area_fraction=0.99990289; mean_valid_area_fraction=0.99990289; source_product=CHIRPS v3 Final monthly; geometry_source=BIG BATAS_KABKOTA_AR; geometry_source_edition=Juni 2026; observed_station_equivalence=false; comparability_scope=within_CHIRPS_v3_Final_fixed_current_boundary_frame; independent_station_validation=pending
chirpsobs_bd235774df1a373a476008c8,annual_rainfall,idn.13.1309,2001-01-01,2001-12-31,annual,3293.266954,millimetres,model_estimate,chirpsprov_08cf9a732d039d72eccb02c0,false,true,chirps_v3_final_monthly_big_june_2026_fixed_boundary_v1,,spatial_frame=fixed_current_boundary_june_2026; historical_boundary_continuity=false; months_complete=12; min_valid_area_fraction=1.00000000; mean_valid_area_fraction=1.00000000; source_product=CHIRPS v3 Final monthly; geometry_source=BIG BATAS_KABKOTA_AR; geometry_source_edition=Juni 2026; observed_station_equivalence=false; comparability_scope=within_CHIRPS_v3_Final_fixed_current_boundary_frame; independent_station_validation=pending
chirpsobs_bd33a13e6d1e2842432f64e3,annual_rainfall,idn.13.1372,1981-01-01,1981-12-31,annual,3238.284100,millimetres,model_estimate,chirpsprov_b1892e858b9a21df3f3835f6,false,true,chirps_v3_final_monthly_big_june_2026_fixed_boundary_v1,,spatial_frame=fixed_current_boundary_june_2026; historical_boundary_continuity=false; months_complete=12; min_valid_area_fraction=1.00000000; mean_valid_area_fraction=1.00000000; source_product=CHIRPS v3 Final monthly; geometry_source=BIG BATAS_KABKOTA_AR; geometry_source_edition=Juni 2026; observed_station_equivalence=false; comparability_scope=within_CHIRPS_v3_Final_fixed_current_boundary_frame; independent_station_validation=pending
chirpsobs_bda377f708f9707ac2633433,annual_rainfall,idn.13.1309,2024-01-01,2024-12-31,annual,3779.401425,millimetres,model_estimate,chirpsprov_80f1b34a386a8dd06869ba96,false,true,chirps_v3_final_monthly_big_june_2026_fixed_boundary_v1,,spatial_frame=fixed_current_boundary_june_2026; historical_boundary_continuity=false; months_complete=12; min_valid_area_fraction=1.00000000; mean_valid_area_fraction=1.00000000; source_product=CHIRPS v3 Final monthly; geometry_source=BIG BATAS_KABKOTA_AR; geometry_source_edition=Juni 2026; observed_station_equivalence=false; comparability_scope=within_CHIRPS_v3_Final_fixed_current_boundary_frame; independent_station_validation=pending
chirpsobs_bdbbf903c8b9c9ba3bd8fda4,annual_rainfall,idn.13.1308,2012-01-01,2012-12-31,annual,3148.047256,millimetres,model_estimate,chirpsprov_bf295e30ff22919e667a8443,false,true,chirps_v3_final_monthly_big_june_2026_fixed_boundary_v1,,spatial_frame=fixed_current_boundary_june_2026; historical_boundary_continuity=false; months_complete=12; min_valid_area_fraction=1.00000000; mean_valid_area_fraction=1.00000000; source_product=CHIRPS v3 Final monthly; geometry_source=BIG BATAS_KABKOTA_AR; geometry_source_edition=Juni 2026; observed_station_equivalence=false; comparability_scope=within_CHIRPS_v3_Final_fixed_current_boundary_frame; independent_station_validation=pending
chirpsobs_be30450411ed75568fa63ed3,annual_rainfall,idn.13.1306,1996-01-01,1996-12-31,annual,3337.112974,millimetres,model_estimate,chirpsprov_864915f0694d4a2f8d62d710,false,true,chirps_v3_final_monthly_big_june_2026_fixed_boundary_v1,,spatial_frame=fixed_current_boundary_june_2026; historical_boundary_continuity=false; months_complete=12; min_valid_area_fraction=0.99993254; mean_valid_area_fraction=0.99993254; source_product=CHIRPS v3 Final monthly; geometry_source=BIG BATAS_KABKOTA_AR; geometry_source_edition=Juni 2026; observed_station_equivalence=false; comparability_scope=within_CHIRPS_v3_Final_fixed_current_boundary_frame; independent_station_validation=pending
chirpsobs_be6e7cf941e0ac99c5b2e529,annual_rainfall,idn.13.1305,2021-01-01,2021-12-31,annual,2757.306452,millimetres,model_estimate,chirpsprov_46837b82c19c621130eb5220,false,true,chirps_v3_final_monthly_big_june_2026_fixed_boundary_v1,,spatial_frame=fixed_current_boundary_june_2026; historical_boundary_continuity=false; months_complete=12; min_valid_area_fraction=1.00000000; mean_valid_area_fraction=1.00000000; source_product=CHIRPS v3 Final monthly; geometry_source=BIG BATAS_KABKOTA_AR; geometry_source_edition=Juni 2026; observed_station_equivalence=false; comparability_scope=within_CHIRPS_v3_Final_fixed_current_boundary_frame; independent_station_validation=pending
chirpsobs_bebaaf163e21ec3bbddb95c4,annual_rainfall,idn.13.1308,1988-01-01,1988-12-31,annual,2717.540907,millimetres,model_estimate,chirpsprov_9bfc6526f1c0b90065fc7c93,false,true,chirps_v3_final_monthly_big_june_2026_fixed_boundary_v1,,spatial_frame=fixed_current_boundary_june_2026; historical_boundary_continuity=false; months_complete=12; min_valid_area_fraction=1.00000000; mean_valid_area_fraction=1.00000000; source_product=CHIRPS v3 Final monthly; geometry_source=BIG BATAS_KABKOTA_AR; geometry_source_edition=Juni 2026; observed_station_equivalence=false; comparability_scope=within_CHIRPS_v3_Final_fixed_current_boundary_frame; independent_station_validation=pending
chirpsobs_becd4eb39950fdd64247e043,annual_rainfall,idn.13.1374,1991-01-01,1991-12-31,annual,2381.696628,millimetres,model_estimate,chirpsprov_6a2c532764a205347fffab60,false,true,chirps_v3_final_monthly_big_june_2026_fixed_boundary_v1,,spatial_frame=fixed_current_boundary_june_2026; historical_boundary_continuity=false; months_complete=12; min_valid_area_fraction=1.00000000; mean_valid_area_fraction=1.00000000; source_product=CHIRPS v3 Final monthly; geometry_source=BIG BATAS_KABKOTA_AR; geometry_source_edition=Juni 2026; observed_station_equivalence=false; comparability_scope=within_CHIRPS_v3_Final_fixed_current_boundary_frame; independent_station_validation=pending
chirpsobs_bf8955ba3b93e2eadfa572ec,annual_rainfall,idn.13.1310,2004-01-01,2004-12-31,annual,2515.121829,millimetres,model_estimate,chirpsprov_96a561b0500081f35c2a6aff,false,true,chirps_v3_final_monthly_big_june_2026_fixed_boundary_v1,,spatial_frame=fixed_current_boundary_june_2026; historical_boundary_continuity=false; months_complete=12; min_valid_area_fraction=1.00000000; mean_valid_area_fraction=1.00000000; source_product=CHIRPS v3 Final monthly; geometry_source=BIG BATAS_KABKOTA_AR; geometry_source_edition=Juni 2026; observed_station_equivalence=false; comparability_scope=within_CHIRPS_v3_Final_fixed_current_boundary_frame; independent_station_validation=pending
chirpsobs_bfc4e9082ee5ae6ef68ec242,annual_rainfall,idn.13.1303,2005-01-01,2005-12-31,annual,2990.050309,millimetres,model_estimate,chirpsprov_7d3a32c4624fac5599297aae,false,true,chirps_v3_final_monthly_big_june_2026_fixed_boundary_v1,,spatial_frame=fixed_current_boundary_june_2026; historical_boundary_continuity=false; months_complete=12; min_valid_area_fraction=1.00000000; mean_valid_area_fraction=1.00000000; source_product=CHIRPS v3 Final monthly; geometry_source=BIG BATAS_KABKOTA_AR; geometry_source_edition=Juni 2026; observed_station_equivalence=false; comparability_scope=within_CHIRPS_v3_Final_fixed_current_boundary_frame; independent_station_validation=pending
chirpsobs_c00c40044cfc7ddc25a65be2,annual_rainfall,idn.13.1375,2014-01-01,2014-12-31,annual,2229.201226,millimetres,model_estimate,chirpsprov_b4a99eb15560b1d88e757010,false,true,chirps_v3_final_monthly_big_june_2026_fixed_boundary_v1,,spatial_frame=fixed_current_boundary_june_2026; historical_boundary_continuity=false; months_complete=12; min_valid_area_fraction=1.00000000; mean_valid_area_fraction=1.00000000; source_product=CHIRPS v3 Final monthly; geometry_source=BIG BATAS_KABKOTA_AR; geometry_source_edition=Juni 2026; observed_station_equivalence=false; comparability_scope=within_CHIRPS_v3_Final_fixed_current_boundary_frame; independent_station_validation=pending
chirpsobs_c0a2bcfe08cfa42be62a4670,annual_rainfall,idn.13.1377,1987-01-01,1987-12-31,annual,4763.770310,millimetres,model_estimate,chirpsprov_7c2bd4ffc29c3c1f203409a0,false,true,chirps_v3_final_monthly_big_june_2026_fixed_boundary_v1,,spatial_frame=fixed_current_boundary_june_2026; historical_boundary_continuity=false; months_complete=12; min_valid_area_fraction=0.99901085; mean_valid_area_fraction=0.99901085; source_product=CHIRPS v3 Final monthly; geometry_source=BIG BATAS_KABKOTA_AR; geometry_source_edition=Juni 2026; observed_station_equivalence=false; comparability_scope=within_CHIRPS_v3_Final_fixed_current_boundary_frame; independent_station_validation=pending
chirpsobs_c0e573739e0784b4be693c5b,annual_rainfall,idn.13.1371,2019-01-01,2019-12-31,annual,2839.940826,millimetres,model_estimate,chirpsprov_0dbe201c4de4fc57baa56cc7,false,true,chirps_v3_final_monthly_big_june_2026_fixed_boundary_v1,,spatial_frame=fixed_current_boundary_june_2026; historical_boundary_continuity=false; months_complete=12; min_valid_area_fraction=0.99912533; mean_valid_area_fraction=0.99912533; source_product=CHIRPS v3 Final monthly; geometry_source=BIG BATAS_KABKOTA_AR; geometry_source_edition=Juni 2026; observed_station_equivalence=false; comparability_scope=within_CHIRPS_v3_Final_fixed_current_boundary_frame; independent_station_validation=pending
chirpsobs_c10c6646fb35fa2c8b8cb9fb,annual_rainfall,idn.13.1377,1981-01-01,1981-12-31,annual,4503.655330,millimetres,model_estimate,chirpsprov_b1892e858b9a21df3f3835f6,false,true,chirps_v3_final_monthly_big_june_2026_fixed_boundary_v1,,spatial_frame=fixed_current_boundary_june_2026; historical_boundary_continuity=false; months_complete=12; min_valid_area_fraction=0.99901085; mean_valid_area_fraction=0.99901085; source_product=CHIRPS v3 Final monthly; geometry_source=BIG BATAS_KABKOTA_AR; geometry_source_edition=Juni 2026; observed_station_equivalence=false; comparability_scope=within_CHIRPS_v3_Final_fixed_current_boundary_frame; independent_station_validation=pending
chirpsobs_c10ce0ac59e57c4cef5c302a,annual_rainfall,idn.13.1311,2013-01-01,2013-12-31,annual,3231.577632,millimetres,model_estimate,chirpsprov_5b65845f0a067c46b1ff4bb4,false,true,chirps_v3_final_monthly_big_june_2026_fixed_boundary_v1,,spatial_frame=fixed_current_boundary_june_2026; historical_boundary_continuity=false; months_complete=12; min_valid_area_fraction=1.00000000; mean_valid_area_fraction=1.00000000; source_product=CHIRPS v3 Final monthly; geometry_source=BIG BATAS_KABKOTA_AR; geometry_source_edition=Juni 2026; observed_station_equivalence=false; comparability_scope=within_CHIRPS_v3_Final_fixed_current_boundary_frame; independent_station_validation=pending
chirpsobs_c1153b56f8a22ed2a0c9dcef,annual_rainfall,idn.13.1304,2004-01-01,2004-12-31,annual,2641.817920,millimetres,model_estimate,chirpsprov_96a561b0500081f35c2a6aff,false,true,chirps_v3_final_monthly_big_june_2026_fixed_boundary_v1,,spatial_frame=fixed_current_boundary_june_2026; historical_boundary_continuity=false; months_complete=12; min_valid_area_fraction=1.00000000; mean_valid_area_fraction=1.00000000; source_product=CHIRPS v3 Final monthly; geometry_source=BIG BATAS_KABKOTA_AR; geometry_source_edition=Juni 2026; observed_station_equivalence=false; comparability_scope=within_CHIRPS_v3_Final_fixed_current_boundary_frame; independent_station_validation=pending
chirpsobs_c1c415aef7901c4e9b02ee29,annual_rainfall,idn.13.1377,2016-01-01,2016-12-31,annual,4888.516324,millimetres,model_estimate,chirpsprov_bdfc0cb4713e768353b0af59,false,true,chirps_v3_final_monthly_big_june_2026_fixed_boundary_v1,,spatial_frame=fixed_current_boundary_june_2026; historical_boundary_continuity=false; months_complete=12; min_valid_area_fraction=0.99901085; mean_valid_area_fraction=0.99901085; source_product=CHIRPS v3 Final monthly; geometry_source=BIG BATAS_KABKOTA_AR; geometry_source_edition=Juni 2026; observed_station_equivalence=false; comparability_scope=within_CHIRPS_v3_Final_fixed_current_boundary_frame; independent_station_validation=pending
chirpsobs_c1cad512a68c0802dd5ca9a2,annual_rainfall,idn.13.1373,2018-01-01,2018-12-31,annual,2776.417149,millimetres,model_estimate,chirpsprov_c8030a113fbc38a4dd14a894,false,true,chirps_v3_final_monthly_big_june_2026_fixed_boundary_v1,,spatial_frame=fixed_current_boundary_june_2026; historical_boundary_continuity=false; months_complete=12; min_valid_area_fraction=1.00000000; mean_valid_area_fraction=1.00000000; source_product=CHIRPS v3 Final monthly; geometry_source=BIG BATAS_KABKOTA_AR; geometry_source_edition=Juni 2026; observed_station_equivalence=false; comparability_scope=within_CHIRPS_v3_Final_fixed_current_boundary_frame; independent_station_validation=pending
chirpsobs_c1fd308725e2c3d6687b3f23,annual_rainfall,idn.13.1301,2005-01-01,2005-12-31,annual,3303.928851,millimetres,model_estimate,chirpsprov_7d3a32c4624fac5599297aae,false,true,chirps_v3_final_monthly_big_june_2026_fixed_boundary_v1,,spatial_frame=fixed_current_boundary_june_2026; historical_boundary_continuity=false; months_complete=12; min_valid_area_fraction=0.99877921; mean_valid_area_fraction=0.99877921; source_product=CHIRPS v3 Final monthly; geometry_source=BIG BATAS_KABKOTA_AR; geometry_source_edition=Juni 2026; observed_station_equivalence=false; comparability_scope=within_CHIRPS_v3_Final_fixed_current_boundary_frame; independent_station_validation=pending
chirpsobs_c22f05e524fff145610e7216,annual_rainfall,idn.13.1301,2001-01-01,2001-12-31,annual,2877.832937,millimetres,model_estimate,chirpsprov_08cf9a732d039d72eccb02c0,false,true,chirps_v3_final_monthly_big_june_2026_fixed_boundary_v1,,spatial_frame=fixed_current_boundary_june_2026; historical_boundary_continuity=false; months_complete=12; min_valid_area_fraction=0.99877921; mean_valid_area_fraction=0.99877921; source_product=CHIRPS v3 Final monthly; geometry_source=BIG BATAS_KABKOTA_AR; geometry_source_edition=Juni 2026; observed_station_equivalence=false; comparability_scope=within_CHIRPS_v3_Final_fixed_current_boundary_frame; independent_station_validation=pending
chirpsobs_c2daf8b48d14fd4a58e1c737,annual_rainfall,idn.13.1301,1982-01-01,1982-12-31,annual,2603.604298,millimetres,model_estimate,chirpsprov_d76928f82e8715e9e28c66e3,false,true,chirps_v3_final_monthly_big_june_2026_fixed_boundary_v1,,spatial_frame=fixed_current_boundary_june_2026; historical_boundary_continuity=false; months_complete=12; min_valid_area_fraction=0.99877921; mean_valid_area_fraction=0.99877921; source_product=CHIRPS v3 Final monthly; geometry_source=BIG BATAS_KABKOTA_AR; geometry_source_edition=Juni 2026; observed_station_equivalence=false; comparability_scope=within_CHIRPS_v3_Final_fixed_current_boundary_frame; independent_station_validation=pending
chirpsobs_c312407e79c566209e34639e,annual_rainfall,idn.13.1372,2008-01-01,2008-12-31,annual,3258.113205,millimetres,model_estimate,chirpsprov_ed07e8adb20331297fea22e4,false,true,chirps_v3_final_monthly_big_june_2026_fixed_boundary_v1,,spatial_frame=fixed_current_boundary_june_2026; historical_boundary_continuity=false; months_complete=12; min_valid_area_fraction=1.00000000; mean_valid_area_fraction=1.00000000; source_product=CHIRPS v3 Final monthly; geometry_source=BIG BATAS_KABKOTA_AR; geometry_source_edition=Juni 2026; observed_station_equivalence=false; comparability_scope=within_CHIRPS_v3_Final_fixed_current_boundary_frame; independent_station_validation=pending
chirpsobs_c362db4de2500fa8c1e80614,annual_rainfall,idn.13.1308,2009-01-01,2009-12-31,annual,2808.764448,millimetres,model_estimate,chirpsprov_abb2dd60088714756570bb9f,false,true,chirps_v3_final_monthly_big_june_2026_fixed_boundary_v1,,spatial_frame=fixed_current_boundary_june_2026; historical_boundary_continuity=false; months_complete=12; min_valid_area_fraction=1.00000000; mean_valid_area_fraction=1.00000000; source_product=CHIRPS v3 Final monthly; geometry_source=BIG BATAS_KABKOTA_AR; geometry_source_edition=Juni 2026; observed_station_equivalence=false; comparability_scope=within_CHIRPS_v3_Final_fixed_current_boundary_frame; independent_station_validation=pending
chirpsobs_c36d110d2287dd130fc8f6a7,annual_rainfall,idn.13.1302,1996-01-01,1996-12-31,annual,2659.517606,millimetres,model_estimate,chirpsprov_864915f0694d4a2f8d62d710,false,true,chirps_v3_final_monthly_big_june_2026_fixed_boundary_v1,,spatial_frame=fixed_current_boundary_june_2026; historical_boundary_continuity=false; months_complete=12; min_valid_area_fraction=0.99990289; mean_valid_area_fraction=0.99990289; source_product=CHIRPS v3 Final monthly; geometry_source=BIG BATAS_KABKOTA_AR; geometry_source_edition=Juni 2026; observed_station_equivalence=false; comparability_scope=within_CHIRPS_v3_Final_fixed_current_boundary_frame; independent_station_validation=pending
chirpsobs_c3ca50f797c62d90667ba740,annual_rainfall,idn.13.1308,1995-01-01,1995-12-31,annual,2781.788846,millimetres,model_estimate,chirpsprov_9ff2f7a1dfcae20618823751,false,true,chirps_v3_final_monthly_big_june_2026_fixed_boundary_v1,,spatial_frame=fixed_current_boundary_june_2026; historical_boundary_continuity=false; months_complete=12; min_valid_area_fraction=1.00000000; mean_valid_area_fraction=1.00000000; source_product=CHIRPS v3 Final monthly; geometry_source=BIG BATAS_KABKOTA_AR; geometry_source_edition=Juni 2026; observed_station_equivalence=false; comparability_scope=within_CHIRPS_v3_Final_fixed_current_boundary_frame; independent_station_validation=pending
chirpsobs_c4467be4f8c941b1b536b882,annual_rainfall,idn.13.1372,2024-01-01,2024-12-31,annual,3565.650111,millimetres,model_estimate,chirpsprov_80f1b34a386a8dd06869ba96,false,true,chirps_v3_final_monthly_big_june_2026_fixed_boundary_v1,,spatial_frame=fixed_current_boundary_june_2026; historical_boundary_continuity=false; months_complete=12; min_valid_area_fraction=1.00000000; mean_valid_area_fraction=1.00000000; source_product=CHIRPS v3 Final monthly; geometry_source=BIG BATAS_KABKOTA_AR; geometry_source_edition=Juni 2026; observed_station_equivalence=false; comparability_scope=within_CHIRPS_v3_Final_fixed_current_boundary_frame; independent_station_validation=pending
chirpsobs_c5acf1390db9d92c02287701,annual_rainfall,idn.13.1306,2000-01-01,2000-12-31,annual,4045.251298,millimetres,model_estimate,chirpsprov_fc3b6aa57f2d9a4e61b62b31,false,true,chirps_v3_final_monthly_big_june_2026_fixed_boundary_v1,,spatial_frame=fixed_current_boundary_june_2026; historical_boundary_continuity=false; months_complete=12; min_valid_area_fraction=0.99993254; mean_valid_area_fraction=0.99993254; source_product=CHIRPS v3 Final monthly; geometry_source=BIG BATAS_KABKOTA_AR; geometry_source_edition=Juni 2026; observed_station_equivalence=false; comparability_scope=within_CHIRPS_v3_Final_fixed_current_boundary_frame; independent_station_validation=pending
chirpsobs_c5cfacddd1c9400c025c18d2,annual_rainfall,idn.13.1377,2021-01-01,2021-12-31,annual,4955.780563,millimetres,model_estimate,chirpsprov_46837b82c19c621130eb5220,false,true,chirps_v3_final_monthly_big_june_2026_fixed_boundary_v1,,spatial_frame=fixed_current_boundary_june_2026; historical_boundary_continuity=false; months_complete=12; min_valid_area_fraction=0.99901085; mean_valid_area_fraction=0.99901085; source_product=CHIRPS v3 Final monthly; geometry_source=BIG BATAS_KABKOTA_AR; geometry_source_edition=Juni 2026; observed_station_equivalence=false; comparability_scope=within_CHIRPS_v3_Final_fixed_current_boundary_frame; independent_station_validation=pending
chirpsobs_c5fca0fba4c44b4c1400c32d,annual_rainfall,idn.13.1304,2008-01-01,2008-12-31,annual,3247.256562,millimetres,model_estimate,chirpsprov_ed07e8adb20331297fea22e4,false,true,chirps_v3_final_monthly_big_june_2026_fixed_boundary_v1,,spatial_frame=fixed_current_boundary_june_2026; historical_boundary_continuity=false; months_complete=12; min_valid_area_fraction=1.00000000; mean_valid_area_fraction=1.00000000; source_product=CHIRPS v3 Final monthly; geometry_source=BIG BATAS_KABKOTA_AR; geometry_source_edition=Juni 2026; observed_station_equivalence=false; comparability_scope=within_CHIRPS_v3_Final_fixed_current_boundary_frame; independent_station_validation=pending
chirpsobs_c5fd747604a4ef5ff5111ad8,annual_rainfall,idn.13.1306,2015-01-01,2015-12-31,annual,3413.469080,millimetres,model_estimate,chirpsprov_b12d5727b3360f9d0d1cfcbb,false,true,chirps_v3_final_monthly_big_june_2026_fixed_boundary_v1,,spatial_frame=fixed_current_boundary_june_2026; historical_boundary_continuity=false; months_complete=12; min_valid_area_fraction=0.99993254; mean_valid_area_fraction=0.99993254; source_product=CHIRPS v3 Final monthly; geometry_source=BIG BATAS_KABKOTA_AR; geometry_source_edition=Juni 2026; observed_station_equivalence=false; comparability_scope=within_CHIRPS_v3_Final_fixed_current_boundary_frame; independent_station_validation=pending
chirpsobs_c6818f4e3d4a5152c8dcdf76,annual_rainfall,idn.13.1310,2018-01-01,2018-12-31,annual,2656.214017,millimetres,model_estimate,chirpsprov_c8030a113fbc38a4dd14a894,false,true,chirps_v3_final_monthly_big_june_2026_fixed_boundary_v1,,spatial_frame=fixed_current_boundary_june_2026; historical_boundary_continuity=false; months_complete=12; min_valid_area_fraction=1.00000000; mean_valid_area_fraction=1.00000000; source_product=CHIRPS v3 Final monthly; geometry_source=BIG BATAS_KABKOTA_AR; geometry_source_edition=Juni 2026; observed_station_equivalence=false; comparability_scope=within_CHIRPS_v3_Final_fixed_current_boundary_frame; independent_station_validation=pending
chirpsobs_c6b38c634f063bc23ea0da42,annual_rainfall,idn.13.1312,2008-01-01,2008-12-31,annual,4081.493057,millimetres,model_estimate,chirpsprov_ed07e8adb20331297fea22e4,false,true,chirps_v3_final_monthly_big_june_2026_fixed_boundary_v1,,spatial_frame=fixed_current_boundary_june_2026; historical_boundary_continuity=false; months_complete=12; min_valid_area_fraction=1.00000000; mean_valid_area_fraction=1.00000000; source_product=CHIRPS v3 Final monthly; geometry_source=BIG BATAS_KABKOTA_AR; geometry_source_edition=Juni 2026; observed_station_equivalence=false; comparability_scope=within_CHIRPS_v3_Final_fixed_current_boundary_frame; independent_station_validation=pending
chirpsobs_c705b0a089af6a8d0f65954b,annual_rainfall,idn.13.1308,2010-01-01,2010-12-31,annual,3196.651280,millimetres,model_estimate,chirpsprov_6d539a98f8e70f0f921b9fea,false,true,chirps_v3_final_monthly_big_june_2026_fixed_boundary_v1,,spatial_frame=fixed_current_boundary_june_2026; historical_boundary_continuity=false; months_complete=12; min_valid_area_fraction=1.00000000; mean_valid_area_fraction=1.00000000; source_product=CHIRPS v3 Final monthly; geometry_source=BIG BATAS_KABKOTA_AR; geometry_source_edition=Juni 2026; observed_station_equivalence=false; comparability_scope=within_CHIRPS_v3_Final_fixed_current_boundary_frame; independent_station_validation=pending
chirpsobs_c75fc1bbbe9f7148933e9dc7,annual_rainfall,idn.13.1375,1991-01-01,1991-12-31,annual,2085.133099,millimetres,model_estimate,chirpsprov_6a2c532764a205347fffab60,false,true,chirps_v3_final_monthly_big_june_2026_fixed_boundary_v1,,spatial_frame=fixed_current_boundary_june_2026; historical_boundary_continuity=false; months_complete=12; min_valid_area_fraction=1.00000000; mean_valid_area_fraction=1.00000000; source_product=CHIRPS v3 Final monthly; geometry_source=BIG BATAS_KABKOTA_AR; geometry_source_edition=Juni 2026; observed_station_equivalence=false; comparability_scope=within_CHIRPS_v3_Final_fixed_current_boundary_frame; independent_station_validation=pending
chirpsobs_c77dbc96ef674f40224c496c,annual_rainfall,idn.13.1307,2009-01-01,2009-12-31,annual,2782.310884,millimetres,model_estimate,chirpsprov_abb2dd60088714756570bb9f,false,true,chirps_v3_final_monthly_big_june_2026_fixed_boundary_v1,,spatial_frame=fixed_current_boundary_june_2026; historical_boundary_continuity=false; months_complete=12; min_valid_area_fraction=1.00000000; mean_valid_area_fraction=1.00000000; source_product=CHIRPS v3 Final monthly; geometry_source=BIG BATAS_KABKOTA_AR; geometry_source_edition=Juni 2026; observed_station_equivalence=false; comparability_scope=within_CHIRPS_v3_Final_fixed_current_boundary_frame; independent_station_validation=pending
chirpsobs_c7c1eb3f45a1e7a1bc474709,annual_rainfall,idn.13.1302,1993-01-01,1993-12-31,annual,2309.812632,millimetres,model_estimate,chirpsprov_0b1431dfbfc76cd87c567ea3,false,true,chirps_v3_final_monthly_big_june_2026_fixed_boundary_v1,,spatial_frame=fixed_current_boundary_june_2026; historical_boundary_continuity=false; months_complete=12; min_valid_area_fraction=0.99990289; mean_valid_area_fraction=0.99990289; source_product=CHIRPS v3 Final monthly; geometry_source=BIG BATAS_KABKOTA_AR; geometry_source_edition=Juni 2026; observed_station_equivalence=false; comparability_scope=within_CHIRPS_v3_Final_fixed_current_boundary_frame; independent_station_validation=pending
chirpsobs_c7eaf38afc21588b33e7d7d2,annual_rainfall,idn.13.1311,1984-01-01,1984-12-31,annual,3968.784208,millimetres,model_estimate,chirpsprov_105560bf68b24142847709fb,false,true,chirps_v3_final_monthly_big_june_2026_fixed_boundary_v1,,spatial_frame=fixed_current_boundary_june_2026; historical_boundary_continuity=false; months_complete=12; min_valid_area_fraction=1.00000000; mean_valid_area_fraction=1.00000000; source_product=CHIRPS v3 Final monthly; geometry_source=BIG BATAS_KABKOTA_AR; geometry_source_edition=Juni 2026; observed_station_equivalence=false; comparability_scope=within_CHIRPS_v3_Final_fixed_current_boundary_frame; independent_station_validation=pending
chirpsobs_c7f14fe04ec76dc9f22a5f88,annual_rainfall,idn.13.1311,1994-01-01,1994-12-31,annual,1932.041528,millimetres,model_estimate,chirpsprov_1ad925e050f99158259f45a8,false,true,chirps_v3_final_monthly_big_june_2026_fixed_boundary_v1,,spatial_frame=fixed_current_boundary_june_2026; historical_boundary_continuity=false; months_complete=12; min_valid_area_fraction=1.00000000; mean_valid_area_fraction=1.00000000; source_product=CHIRPS v3 Final monthly; geometry_source=BIG BATAS_KABKOTA_AR; geometry_source_edition=Juni 2026; observed_station_equivalence=false; comparability_scope=within_CHIRPS_v3_Final_fixed_current_boundary_frame; independent_station_validation=pending
chirpsobs_c8d62c21032db7ea8cf4082c,annual_rainfall,idn.13.1304,1997-01-01,1997-12-31,annual,1431.855199,millimetres,model_estimate,chirpsprov_549fb51b47f3004dd71af8d7,false,true,chirps_v3_final_monthly_big_june_2026_fixed_boundary_v1,,spatial_frame=fixed_current_boundary_june_2026; historical_boundary_continuity=false; months_complete=12; min_valid_area_fraction=1.00000000; mean_valid_area_fraction=1.00000000; source_product=CHIRPS v3 Final monthly; geometry_source=BIG BATAS_KABKOTA_AR; geometry_source_edition=Juni 2026; observed_station_equivalence=false; comparability_scope=within_CHIRPS_v3_Final_fixed_current_boundary_frame; independent_station_validation=pending
chirpsobs_c9da07318a7bf2e0d8f07ce8,annual_rainfall,idn.13.1373,1994-01-01,1994-12-31,annual,1498.532560,millimetres,model_estimate,chirpsprov_1ad925e050f99158259f45a8,false,true,chirps_v3_final_monthly_big_june_2026_fixed_boundary_v1,,spatial_frame=fixed_current_boundary_june_2026; historical_boundary_continuity=false; months_complete=12; min_valid_area_fraction=1.00000000; mean_valid_area_fraction=1.00000000; source_product=CHIRPS v3 Final monthly; geometry_source=BIG BATAS_KABKOTA_AR; geometry_source_edition=Juni 2026; observed_station_equivalence=false; comparability_scope=within_CHIRPS_v3_Final_fixed_current_boundary_frame; independent_station_validation=pending
chirpsobs_ca6d9087970c9871b4e6b909,annual_rainfall,idn.13.1310,2006-01-01,2006-12-31,annual,2449.720591,millimetres,model_estimate,chirpsprov_33c1360517abf4405894a6a4,false,true,chirps_v3_final_monthly_big_june_2026_fixed_boundary_v1,,spatial_frame=fixed_current_boundary_june_2026; historical_boundary_continuity=false; months_complete=12; min_valid_area_fraction=1.00000000; mean_valid_area_fraction=1.00000000; source_product=CHIRPS v3 Final monthly; geometry_source=BIG BATAS_KABKOTA_AR; geometry_source_edition=Juni 2026; observed_station_equivalence=false; comparability_scope=within_CHIRPS_v3_Final_fixed_current_boundary_frame; independent_station_validation=pending
chirpsobs_caa5d474b6bb0fae25d7d25f,annual_rainfall,idn.13.1374,2005-01-01,2005-12-31,annual,2952.941745,millimetres,model_estimate,chirpsprov_7d3a32c4624fac5599297aae,false,true,chirps_v3_final_monthly_big_june_2026_fixed_boundary_v1,,spatial_frame=fixed_current_boundary_june_2026; historical_boundary_continuity=false; months_complete=12; min_valid_area_fraction=1.00000000; mean_valid_area_fraction=1.00000000; source_product=CHIRPS v3 Final monthly; geometry_source=BIG BATAS_KABKOTA_AR; geometry_source_edition=Juni 2026; observed_station_equivalence=false; comparability_scope=within_CHIRPS_v3_Final_fixed_current_boundary_frame; independent_station_validation=pending
chirpsobs_cb1215d7c47821782f1230ec,annual_rainfall,idn.13.1376,2024-01-01,2024-12-31,annual,2616.639717,millimetres,model_estimate,chirpsprov_80f1b34a386a8dd06869ba96,false,true,chirps_v3_final_monthly_big_june_2026_fixed_boundary_v1,,spatial_frame=fixed_current_boundary_june_2026; historical_boundary_continuity=false; months_complete=12; min_valid_area_fraction=1.00000000; mean_valid_area_fraction=1.00000000; source_product=CHIRPS v3 Final monthly; geometry_source=BIG BATAS_KABKOTA_AR; geometry_source_edition=Juni 2026; observed_station_equivalence=false; comparability_scope=within_CHIRPS_v3_Final_fixed_current_boundary_frame; independent_station_validation=pending
chirpsobs_cb1863fdb4ec6417a13a6184,annual_rainfall,idn.13.1376,1986-01-01,1986-12-31,annual,2362.608325,millimetres,model_estimate,chirpsprov_6c1e56941bc5b402ba2b4cbf,false,true,chirps_v3_final_monthly_big_june_2026_fixed_boundary_v1,,spatial_frame=fixed_current_boundary_june_2026; historical_boundary_continuity=false; months_complete=12; min_valid_area_fraction=1.00000000; mean_valid_area_fraction=1.00000000; source_product=CHIRPS v3 Final monthly; geometry_source=BIG BATAS_KABKOTA_AR; geometry_source_edition=Juni 2026; observed_station_equivalence=false; comparability_scope=within_CHIRPS_v3_Final_fixed_current_boundary_frame; independent_station_validation=pending
chirpsobs_cb4d4e79ba0b9111045a5b8c,annual_rainfall,idn.13.1302,1991-01-01,1991-12-31,annual,2621.967547,millimetres,model_estimate,chirpsprov_6a2c532764a205347fffab60,false,true,chirps_v3_final_monthly_big_june_2026_fixed_boundary_v1,,spatial_frame=fixed_current_boundary_june_2026; historical_boundary_continuity=false; months_complete=12; min_valid_area_fraction=0.99990289; mean_valid_area_fraction=0.99990289; source_product=CHIRPS v3 Final monthly; geometry_source=BIG BATAS_KABKOTA_AR; geometry_source_edition=Juni 2026; observed_station_equivalence=false; comparability_scope=within_CHIRPS_v3_Final_fixed_current_boundary_frame; independent_station_validation=pending
chirpsobs_cb5ef2d2e10ae4bee5f5b741,annual_rainfall,idn.13.1311,2004-01-01,2004-12-31,annual,2818.143529,millimetres,model_estimate,chirpsprov_96a561b0500081f35c2a6aff,false,true,chirps_v3_final_monthly_big_june_2026_fixed_boundary_v1,,spatial_frame=fixed_current_boundary_june_2026; historical_boundary_continuity=false; months_complete=12; min_valid_area_fraction=1.00000000; mean_valid_area_fraction=1.00000000; source_product=CHIRPS v3 Final monthly; geometry_source=BIG BATAS_KABKOTA_AR; geometry_source_edition=Juni 2026; observed_station_equivalence=false; comparability_scope=within_CHIRPS_v3_Final_fixed_current_boundary_frame; independent_station_validation=pending
chirpsobs_cb68f7f50ef2ab9709975b61,annual_rainfall,idn.13.1376,2015-01-01,2015-12-31,annual,1745.667984,millimetres,model_estimate,chirpsprov_b12d5727b3360f9d0d1cfcbb,false,true,chirps_v3_final_monthly_big_june_2026_fixed_boundary_v1,,spatial_frame=fixed_current_boundary_june_2026; historical_boundary_continuity=false; months_complete=12; min_valid_area_fraction=1.00000000; mean_valid_area_fraction=1.00000000; source_product=CHIRPS v3 Final monthly; geometry_source=BIG BATAS_KABKOTA_AR; geometry_source_edition=Juni 2026; observed_station_equivalence=false; comparability_scope=within_CHIRPS_v3_Final_fixed_current_boundary_frame; independent_station_validation=pending
chirpsobs_cbec8c05795860d31515cfb2,annual_rainfall,idn.13.1304,2019-01-01,2019-12-31,annual,2470.751141,millimetres,model_estimate,chirpsprov_0dbe201c4de4fc57baa56cc7,false,true,chirps_v3_final_monthly_big_june_2026_fixed_boundary_v1,,spatial_frame=fixed_current_boundary_june_2026; historical_boundary_continuity=false; months_complete=12; min_valid_area_fraction=1.00000000; mean_valid_area_fraction=1.00000000; source_product=CHIRPS v3 Final monthly; geometry_source=BIG BATAS_KABKOTA_AR; geometry_source_edition=Juni 2026; observed_station_equivalence=false; comparability_scope=within_CHIRPS_v3_Final_fixed_current_boundary_frame; independent_station_validation=pending
chirpsobs_cd3eea3e7d33af6ed97f852f,annual_rainfall,idn.13.1377,2010-01-01,2010-12-31,annual,4893.639209,millimetres,model_estimate,chirpsprov_6d539a98f8e70f0f921b9fea,false,true,chirps_v3_final_monthly_big_june_2026_fixed_boundary_v1,,spatial_frame=fixed_current_boundary_june_2026; historical_boundary_continuity=false; months_complete=12; min_valid_area_fraction=0.99901085; mean_valid_area_fraction=0.99901085; source_product=CHIRPS v3 Final monthly; geometry_source=BIG BATAS_KABKOTA_AR; geometry_source_edition=Juni 2026; observed_station_equivalence=false; comparability_scope=within_CHIRPS_v3_Final_fixed_current_boundary_frame; independent_station_validation=pending
chirpsobs_cd46b06f356b2729bbe4bba7,annual_rainfall,idn.13.1377,1991-01-01,1991-12-31,annual,4341.468879,millimetres,model_estimate,chirpsprov_6a2c532764a205347fffab60,false,true,chirps_v3_final_monthly_big_june_2026_fixed_boundary_v1,,spatial_frame=fixed_current_boundary_june_2026; historical_boundary_continuity=false; months_complete=12; min_valid_area_fraction=0.99901085; mean_valid_area_fraction=0.99901085; source_product=CHIRPS v3 Final monthly; geometry_source=BIG BATAS_KABKOTA_AR; geometry_source_edition=Juni 2026; observed_station_equivalence=false; comparability_scope=within_CHIRPS_v3_Final_fixed_current_boundary_frame; independent_station_validation=pending
chirpsobs_ce191f2e72040b60c2f060c1,annual_rainfall,idn.13.1311,1988-01-01,1988-12-31,annual,3161.167370,millimetres,model_estimate,chirpsprov_9bfc6526f1c0b90065fc7c93,false,true,chirps_v3_final_monthly_big_june_2026_fixed_boundary_v1,,spatial_frame=fixed_current_boundary_june_2026; historical_boundary_continuity=false; months_complete=12; min_valid_area_fraction=1.00000000; mean_valid_area_fraction=1.00000000; source_product=CHIRPS v3 Final monthly; geometry_source=BIG BATAS_KABKOTA_AR; geometry_source_edition=Juni 2026; observed_station_equivalence=false; comparability_scope=within_CHIRPS_v3_Final_fixed_current_boundary_frame; independent_station_validation=pending
chirpsobs_ce590c53893e913193dfaed3,annual_rainfall,idn.13.1373,2022-01-01,2022-12-31,annual,3756.138973,millimetres,model_estimate,chirpsprov_3aa2018ec0576428d71e18bf,false,true,chirps_v3_final_monthly_big_june_2026_fixed_boundary_v1,,spatial_frame=fixed_current_boundary_june_2026; historical_boundary_continuity=false; months_complete=12; min_valid_area_fraction=1.00000000; mean_valid_area_fraction=1.00000000; source_product=CHIRPS v3 Final monthly; geometry_source=BIG BATAS_KABKOTA_AR; geometry_source_edition=Juni 2026; observed_station_equivalence=false; comparability_scope=within_CHIRPS_v3_Final_fixed_current_boundary_frame; independent_station_validation=pending
chirpsobs_ce62d26c14966f1a887d4b31,annual_rainfall,idn.13.1310,2024-01-01,2024-12-31,annual,3081.928771,millimetres,model_estimate,chirpsprov_80f1b34a386a8dd06869ba96,false,true,chirps_v3_final_monthly_big_june_2026_fixed_boundary_v1,,spatial_frame=fixed_current_boundary_june_2026; historical_boundary_continuity=false; months_complete=12; min_valid_area_fraction=1.00000000; mean_valid_area_fraction=1.00000000; source_product=CHIRPS v3 Final monthly; geometry_source=BIG BATAS_KABKOTA_AR; geometry_source_edition=Juni 2026; observed_station_equivalence=false; comparability_scope=within_CHIRPS_v3_Final_fixed_current_boundary_frame; independent_station_validation=pending
chirpsobs_ce6f4ebad2e2b28780f3e976,annual_rainfall,idn.13.1312,1986-01-01,1986-12-31,annual,4100.162139,millimetres,model_estimate,chirpsprov_6c1e56941bc5b402ba2b4cbf,false,true,chirps_v3_final_monthly_big_june_2026_fixed_boundary_v1,,spatial_frame=fixed_current_boundary_june_2026; historical_boundary_continuity=false; months_complete=12; min_valid_area_fraction=1.00000000; mean_valid_area_fraction=1.00000000; source_product=CHIRPS v3 Final monthly; geometry_source=BIG BATAS_KABKOTA_AR; geometry_source_edition=Juni 2026; observed_station_equivalence=false; comparability_scope=within_CHIRPS_v3_Final_fixed_current_boundary_frame; independent_station_validation=pending
chirpsobs_cf2930611a215205447e40b6,annual_rainfall,idn.13.1371,1997-01-01,1997-12-31,annual,1605.142434,millimetres,model_estimate,chirpsprov_549fb51b47f3004dd71af8d7,false,true,chirps_v3_final_monthly_big_june_2026_fixed_boundary_v1,,spatial_frame=fixed_current_boundary_june_2026; historical_boundary_continuity=false; months_complete=12; min_valid_area_fraction=0.99912533; mean_valid_area_fraction=0.99912533; source_product=CHIRPS v3 Final monthly; geometry_source=BIG BATAS_KABKOTA_AR; geometry_source_edition=Juni 2026; observed_station_equivalence=false; comparability_scope=within_CHIRPS_v3_Final_fixed_current_boundary_frame; independent_station_validation=pending
chirpsobs_cf3973cbf0eb83ee0b2f871a,annual_rainfall,idn.13.1306,1989-01-01,1989-12-31,annual,3787.013546,millimetres,model_estimate,chirpsprov_dce3ffaedc1a899d204a1612,false,true,chirps_v3_final_monthly_big_june_2026_fixed_boundary_v1,,spatial_frame=fixed_current_boundary_june_2026; historical_boundary_continuity=false; months_complete=12; min_valid_area_fraction=0.99993254; mean_valid_area_fraction=0.99993254; source_product=CHIRPS v3 Final monthly; geometry_source=BIG BATAS_KABKOTA_AR; geometry_source_edition=Juni 2026; observed_station_equivalence=false; comparability_scope=within_CHIRPS_v3_Final_fixed_current_boundary_frame; independent_station_validation=pending
chirpsobs_cf45db6bc2a279fdd3bcd682,annual_rainfall,idn.13.1302,2022-01-01,2022-12-31,annual,3619.807130,millimetres,model_estimate,chirpsprov_3aa2018ec0576428d71e18bf,false,true,chirps_v3_final_monthly_big_june_2026_fixed_boundary_v1,,spatial_frame=fixed_current_boundary_june_2026; historical_boundary_continuity=false; months_complete=12; min_valid_area_fraction=0.99990289; mean_valid_area_fraction=0.99990289; source_product=CHIRPS v3 Final monthly; geometry_source=BIG BATAS_KABKOTA_AR; geometry_source_edition=Juni 2026; observed_station_equivalence=false; comparability_scope=within_CHIRPS_v3_Final_fixed_current_boundary_frame; independent_station_validation=pending
chirpsobs_cff7a235e2a64f8ea4e8c6ce,annual_rainfall,idn.13.1312,2011-01-01,2011-12-31,annual,3681.020209,millimetres,model_estimate,chirpsprov_f02726b2fbc31c90fe475402,false,true,chirps_v3_final_monthly_big_june_2026_fixed_boundary_v1,,spatial_frame=fixed_current_boundary_june_2026; historical_boundary_continuity=false; months_complete=12; min_valid_area_fraction=1.00000000; mean_valid_area_fraction=1.00000000; source_product=CHIRPS v3 Final monthly; geometry_source=BIG BATAS_KABKOTA_AR; geometry_source_edition=Juni 2026; observed_station_equivalence=false; comparability_scope=within_CHIRPS_v3_Final_fixed_current_boundary_frame; independent_station_validation=pending
chirpsobs_d0267391d1afc89b94f952b5,annual_rainfall,idn.13.1305,1999-01-01,1999-12-31,annual,3239.450824,millimetres,model_estimate,chirpsprov_8c3023760d15fbc35862fcc4,false,true,chirps_v3_final_monthly_big_june_2026_fixed_boundary_v1,,spatial_frame=fixed_current_boundary_june_2026; historical_boundary_continuity=false; months_complete=12; min_valid_area_fraction=1.00000000; mean_valid_area_fraction=1.00000000; source_product=CHIRPS v3 Final monthly; geometry_source=BIG BATAS_KABKOTA_AR; geometry_source_edition=Juni 2026; observed_station_equivalence=false; comparability_scope=within_CHIRPS_v3_Final_fixed_current_boundary_frame; independent_station_validation=pending
chirpsobs_d04f28060eb287d1d0ffed2e,annual_rainfall,idn.13.1374,1981-01-01,1981-12-31,annual,2814.479876,millimetres,model_estimate,chirpsprov_b1892e858b9a21df3f3835f6,false,true,chirps_v3_final_monthly_big_june_2026_fixed_boundary_v1,,spatial_frame=fixed_current_boundary_june_2026; historical_boundary_continuity=false; months_complete=12; min_valid_area_fraction=1.00000000; mean_valid_area_fraction=1.00000000; source_product=CHIRPS v3 Final monthly; geometry_source=BIG BATAS_KABKOTA_AR; geometry_source_edition=Juni 2026; observed_station_equivalence=false; comparability_scope=within_CHIRPS_v3_Final_fixed_current_boundary_frame; independent_station_validation=pending
chirpsobs_d08c820eadd5c07fd204d5b8,annual_rainfall,idn.13.1309,1987-01-01,1987-12-31,annual,3241.115579,millimetres,model_estimate,chirpsprov_7c2bd4ffc29c3c1f203409a0,false,true,chirps_v3_final_monthly_big_june_2026_fixed_boundary_v1,,spatial_frame=fixed_current_boundary_june_2026; historical_boundary_continuity=false; months_complete=12; min_valid_area_fraction=1.00000000; mean_valid_area_fraction=1.00000000; source_product=CHIRPS v3 Final monthly; geometry_source=BIG BATAS_KABKOTA_AR; geometry_source_edition=Juni 2026; observed_station_equivalence=false; comparability_scope=within_CHIRPS_v3_Final_fixed_current_boundary_frame; independent_station_validation=pending
chirpsobs_d09f972abf646218207d8962,annual_rainfall,idn.13.1372,2004-01-01,2004-12-31,annual,2702.560037,millimetres,model_estimate,chirpsprov_96a561b0500081f35c2a6aff,false,true,chirps_v3_final_monthly_big_june_2026_fixed_boundary_v1,,spatial_frame=fixed_current_boundary_june_2026; historical_boundary_continuity=false; months_complete=12; min_valid_area_fraction=1.00000000; mean_valid_area_fraction=1.00000000; source_product=CHIRPS v3 Final monthly; geometry_source=BIG BATAS_KABKOTA_AR; geometry_source_edition=Juni 2026; observed_station_equivalence=false; comparability_scope=within_CHIRPS_v3_Final_fixed_current_boundary_frame; independent_station_validation=pending
chirpsobs_d0d5035bc50294e86bb7aade,annual_rainfall,idn.13.1301,2022-01-01,2022-12-31,annual,3782.009938,millimetres,model_estimate,chirpsprov_3aa2018ec0576428d71e18bf,false,true,chirps_v3_final_monthly_big_june_2026_fixed_boundary_v1,,spatial_frame=fixed_current_boundary_june_2026; historical_boundary_continuity=false; months_complete=12; min_valid_area_fraction=0.99877921; mean_valid_area_fraction=0.99877921; source_product=CHIRPS v3 Final monthly; geometry_source=BIG BATAS_KABKOTA_AR; geometry_source_edition=Juni 2026; observed_station_equivalence=false; comparability_scope=within_CHIRPS_v3_Final_fixed_current_boundary_frame; independent_station_validation=pending
chirpsobs_d115fbe32c80413a938325c2,annual_rainfall,idn.13.1376,2012-01-01,2012-12-31,annual,2611.310468,millimetres,model_estimate,chirpsprov_bf295e30ff22919e667a8443,false,true,chirps_v3_final_monthly_big_june_2026_fixed_boundary_v1,,spatial_frame=fixed_current_boundary_june_2026; historical_boundary_continuity=false; months_complete=12; min_valid_area_fraction=1.00000000; mean_valid_area_fraction=1.00000000; source_product=CHIRPS v3 Final monthly; geometry_source=BIG BATAS_KABKOTA_AR; geometry_source_edition=Juni 2026; observed_station_equivalence=false; comparability_scope=within_CHIRPS_v3_Final_fixed_current_boundary_frame; independent_station_validation=pending
chirpsobs_d1bf6dc08db1d60be8fc2ece,annual_rainfall,idn.13.1310,2022-01-01,2022-12-31,annual,3535.487002,millimetres,model_estimate,chirpsprov_3aa2018ec0576428d71e18bf,false,true,chirps_v3_final_monthly_big_june_2026_fixed_boundary_v1,,spatial_frame=fixed_current_boundary_june_2026; historical_boundary_continuity=false; months_complete=12; min_valid_area_fraction=1.00000000; mean_valid_area_fraction=1.00000000; source_product=CHIRPS v3 Final monthly; geometry_source=BIG BATAS_KABKOTA_AR; geometry_source_edition=Juni 2026; observed_station_equivalence=false; comparability_scope=within_CHIRPS_v3_Final_fixed_current_boundary_frame; independent_station_validation=pending
chirpsobs_d1cadccc353d13f0d1aa6b84,annual_rainfall,idn.13.1376,2008-01-01,2008-12-31,annual,2592.790620,millimetres,model_estimate,chirpsprov_ed07e8adb20331297fea22e4,false,true,chirps_v3_final_monthly_big_june_2026_fixed_boundary_v1,,spatial_frame=fixed_current_boundary_june_2026; historical_boundary_continuity=false; months_complete=12; min_valid_area_fraction=1.00000000; mean_valid_area_fraction=1.00000000; source_product=CHIRPS v3 Final monthly; geometry_source=BIG BATAS_KABKOTA_AR; geometry_source_edition=Juni 2026; observed_station_equivalence=false; comparability_scope=within_CHIRPS_v3_Final_fixed_current_boundary_frame; independent_station_validation=pending
chirpsobs_d289a301d2cb219621acabac,annual_rainfall,idn.13.1306,2014-01-01,2014-12-31,annual,3913.289513,millimetres,model_estimate,chirpsprov_b4a99eb15560b1d88e757010,false,true,chirps_v3_final_monthly_big_june_2026_fixed_boundary_v1,,spatial_frame=fixed_current_boundary_june_2026; historical_boundary_continuity=false; months_complete=12; min_valid_area_fraction=0.99993254; mean_valid_area_fraction=0.99993254; source_product=CHIRPS v3 Final monthly; geometry_source=BIG BATAS_KABKOTA_AR; geometry_source_edition=Juni 2026; observed_station_equivalence=false; comparability_scope=within_CHIRPS_v3_Final_fixed_current_boundary_frame; independent_station_validation=pending
chirpsobs_d3bf0ab43b4dcab3564e9f69,annual_rainfall,idn.13.1303,2016-01-01,2016-12-31,annual,3091.819606,millimetres,model_estimate,chirpsprov_bdfc0cb4713e768353b0af59,false,true,chirps_v3_final_monthly_big_june_2026_fixed_boundary_v1,,spatial_frame=fixed_current_boundary_june_2026; historical_boundary_continuity=false; months_complete=12; min_valid_area_fraction=1.00000000; mean_valid_area_fraction=1.00000000; source_product=CHIRPS v3 Final monthly; geometry_source=BIG BATAS_KABKOTA_AR; geometry_source_edition=Juni 2026; observed_station_equivalence=false; comparability_scope=within_CHIRPS_v3_Final_fixed_current_boundary_frame; independent_station_validation=pending
chirpsobs_d3fb861f556c714c505e2fba,annual_rainfall,idn.13.1301,2024-01-01,2024-12-31,annual,4202.103285,millimetres,model_estimate,chirpsprov_80f1b34a386a8dd06869ba96,false,true,chirps_v3_final_monthly_big_june_2026_fixed_boundary_v1,,spatial_frame=fixed_current_boundary_june_2026; historical_boundary_continuity=false; months_complete=12; min_valid_area_fraction=0.99877921; mean_valid_area_fraction=0.99877921; source_product=CHIRPS v3 Final monthly; geometry_source=BIG BATAS_KABKOTA_AR; geometry_source_edition=Juni 2026; observed_station_equivalence=false; comparability_scope=within_CHIRPS_v3_Final_fixed_current_boundary_frame; independent_station_validation=pending
chirpsobs_d45cad67ced6dca34d7ed4c2,annual_rainfall,idn.13.1303,1989-01-01,1989-12-31,annual,2660.571890,millimetres,model_estimate,chirpsprov_dce3ffaedc1a899d204a1612,false,true,chirps_v3_final_monthly_big_june_2026_fixed_boundary_v1,,spatial_frame=fixed_current_boundary_june_2026; historical_boundary_continuity=false; months_complete=12; min_valid_area_fraction=1.00000000; mean_valid_area_fraction=1.00000000; source_product=CHIRPS v3 Final monthly; geometry_source=BIG BATAS_KABKOTA_AR; geometry_source_edition=Juni 2026; observed_station_equivalence=false; comparability_scope=within_CHIRPS_v3_Final_fixed_current_boundary_frame; independent_station_validation=pending
chirpsobs_d47527c2f35d88e4a5af63d5,annual_rainfall,idn.13.1374,2003-01-01,2003-12-31,annual,3069.972408,millimetres,model_estimate,chirpsprov_2b5773cbf1c57eb413def781,false,true,chirps_v3_final_monthly_big_june_2026_fixed_boundary_v1,,spatial_frame=fixed_current_boundary_june_2026; historical_boundary_continuity=false; months_complete=12; min_valid_area_fraction=1.00000000; mean_valid_area_fraction=1.00000000; source_product=CHIRPS v3 Final monthly; geometry_source=BIG BATAS_KABKOTA_AR; geometry_source_edition=Juni 2026; observed_station_equivalence=false; comparability_scope=within_CHIRPS_v3_Final_fixed_current_boundary_frame; independent_station_validation=pending
chirpsobs_d478b12378c46f8dabb749af,annual_rainfall,idn.13.1377,2009-01-01,2009-12-31,annual,4020.503941,millimetres,model_estimate,chirpsprov_abb2dd60088714756570bb9f,false,true,chirps_v3_final_monthly_big_june_2026_fixed_boundary_v1,,spatial_frame=fixed_current_boundary_june_2026; historical_boundary_continuity=false; months_complete=12; min_valid_area_fraction=0.99901085; mean_valid_area_fraction=0.99901085; source_product=CHIRPS v3 Final monthly; geometry_source=BIG BATAS_KABKOTA_AR; geometry_source_edition=Juni 2026; observed_station_equivalence=false; comparability_scope=within_CHIRPS_v3_Final_fixed_current_boundary_frame; independent_station_validation=pending
chirpsobs_d47f3ff10f38993b34f9fed6,annual_rainfall,idn.13.1377,2025-01-01,2025-12-31,annual,4572.056189,millimetres,model_estimate,chirpsprov_895a16cb21d7cc63ddc0f299,false,true,chirps_v3_final_monthly_big_june_2026_fixed_boundary_v1,,spatial_frame=fixed_current_boundary_june_2026; historical_boundary_continuity=false; months_complete=12; min_valid_area_fraction=0.99901085; mean_valid_area_fraction=0.99901085; source_product=CHIRPS v3 Final monthly; geometry_source=BIG BATAS_KABKOTA_AR; geometry_source_edition=Juni 2026; observed_station_equivalence=false; comparability_scope=within_CHIRPS_v3_Final_fixed_current_boundary_frame; independent_station_validation=pending
chirpsobs_d4aa0fd4733e3aea9a4bd2a9,annual_rainfall,idn.13.1371,1989-01-01,1989-12-31,annual,3507.022416,millimetres,model_estimate,chirpsprov_dce3ffaedc1a899d204a1612,false,true,chirps_v3_final_monthly_big_june_2026_fixed_boundary_v1,,spatial_frame=fixed_current_boundary_june_2026; historical_boundary_continuity=false; months_complete=12; min_valid_area_fraction=0.99912533; mean_valid_area_fraction=0.99912533; source_product=CHIRPS v3 Final monthly; geometry_source=BIG BATAS_KABKOTA_AR; geometry_source_edition=Juni 2026; observed_station_equivalence=false; comparability_scope=within_CHIRPS_v3_Final_fixed_current_boundary_frame; independent_station_validation=pending
chirpsobs_d4d0358f06051f8899600428,annual_rainfall,idn.13.1311,1991-01-01,1991-12-31,annual,2703.322515,millimetres,model_estimate,chirpsprov_6a2c532764a205347fffab60,false,true,chirps_v3_final_monthly_big_june_2026_fixed_boundary_v1,,spatial_frame=fixed_current_boundary_june_2026; historical_boundary_continuity=false; months_complete=12; min_valid_area_fraction=1.00000000; mean_valid_area_fraction=1.00000000; source_product=CHIRPS v3 Final monthly; geometry_source=BIG BATAS_KABKOTA_AR; geometry_source_edition=Juni 2026; observed_station_equivalence=false; comparability_scope=within_CHIRPS_v3_Final_fixed_current_boundary_frame; independent_station_validation=pending
chirpsobs_d511234d97b0271c6b472d56,annual_rainfall,idn.13.1374,1999-01-01,1999-12-31,annual,3414.712738,millimetres,model_estimate,chirpsprov_8c3023760d15fbc35862fcc4,false,true,chirps_v3_final_monthly_big_june_2026_fixed_boundary_v1,,spatial_frame=fixed_current_boundary_june_2026; historical_boundary_continuity=false; months_complete=12; min_valid_area_fraction=1.00000000; mean_valid_area_fraction=1.00000000; source_product=CHIRPS v3 Final monthly; geometry_source=BIG BATAS_KABKOTA_AR; geometry_source_edition=Juni 2026; observed_station_equivalence=false; comparability_scope=within_CHIRPS_v3_Final_fixed_current_boundary_frame; independent_station_validation=pending
chirpsobs_d5a73b4f4fec24af10b45c27,annual_rainfall,idn.13.1377,1989-01-01,1989-12-31,annual,3899.218814,millimetres,model_estimate,chirpsprov_dce3ffaedc1a899d204a1612,false,true,chirps_v3_final_monthly_big_june_2026_fixed_boundary_v1,,spatial_frame=fixed_current_boundary_june_2026; historical_boundary_continuity=false; months_complete=12; min_valid_area_fraction=0.99901085; mean_valid_area_fraction=0.99901085; source_product=CHIRPS v3 Final monthly; geometry_source=BIG BATAS_KABKOTA_AR; geometry_source_edition=Juni 2026; observed_station_equivalence=false; comparability_scope=within_CHIRPS_v3_Final_fixed_current_boundary_frame; independent_station_validation=pending
chirpsobs_d61509c15bfb4e2eb245c3be,annual_rainfall,idn.13.1304,1990-01-01,1990-12-31,annual,2463.291526,millimetres,model_estimate,chirpsprov_8a1debf06ff2601da517ede7,false,true,chirps_v3_final_monthly_big_june_2026_fixed_boundary_v1,,spatial_frame=fixed_current_boundary_june_2026; historical_boundary_continuity=false; months_complete=12; min_valid_area_fraction=1.00000000; mean_valid_area_fraction=1.00000000; source_product=CHIRPS v3 Final monthly; geometry_source=BIG BATAS_KABKOTA_AR; geometry_source_edition=Juni 2026; observed_station_equivalence=false; comparability_scope=within_CHIRPS_v3_Final_fixed_current_boundary_frame; independent_station_validation=pending
chirpsobs_d6ded811bfafbe835dda0221,annual_rainfall,idn.13.1309,2004-01-01,2004-12-31,annual,3036.381055,millimetres,model_estimate,chirpsprov_96a561b0500081f35c2a6aff,false,true,chirps_v3_final_monthly_big_june_2026_fixed_boundary_v1,,spatial_frame=fixed_current_boundary_june_2026; historical_boundary_continuity=false; months_complete=12; min_valid_area_fraction=1.00000000; mean_valid_area_fraction=1.00000000; source_product=CHIRPS v3 Final monthly; geometry_source=BIG BATAS_KABKOTA_AR; geometry_source_edition=Juni 2026; observed_station_equivalence=false; comparability_scope=within_CHIRPS_v3_Final_fixed_current_boundary_frame; independent_station_validation=pending
chirpsobs_d759488c571e9da3dddc6cf5,annual_rainfall,idn.13.1303,2010-01-01,2010-12-31,annual,3409.602070,millimetres,model_estimate,chirpsprov_6d539a98f8e70f0f921b9fea,false,true,chirps_v3_final_monthly_big_june_2026_fixed_boundary_v1,,spatial_frame=fixed_current_boundary_june_2026; historical_boundary_continuity=false; months_complete=12; min_valid_area_fraction=1.00000000; mean_valid_area_fraction=1.00000000; source_product=CHIRPS v3 Final monthly; geometry_source=BIG BATAS_KABKOTA_AR; geometry_source_edition=Juni 2026; observed_station_equivalence=false; comparability_scope=within_CHIRPS_v3_Final_fixed_current_boundary_frame; independent_station_validation=pending
chirpsobs_d7bd166bf6e49b9ca64a584d,annual_rainfall,idn.13.1373,2017-01-01,2017-12-31,annual,3133.644635,millimetres,model_estimate,chirpsprov_dccafa903dab232b9aad0bd5,false,true,chirps_v3_final_monthly_big_june_2026_fixed_boundary_v1,,spatial_frame=fixed_current_boundary_june_2026; historical_boundary_continuity=false; months_complete=12; min_valid_area_fraction=1.00000000; mean_valid_area_fraction=1.00000000; source_product=CHIRPS v3 Final monthly; geometry_source=BIG BATAS_KABKOTA_AR; geometry_source_edition=Juni 2026; observed_station_equivalence=false; comparability_scope=within_CHIRPS_v3_Final_fixed_current_boundary_frame; independent_station_validation=pending
chirpsobs_d82f4287749ea990e1b65955,annual_rainfall,idn.13.1302,1992-01-01,1992-12-31,annual,2880.736620,millimetres,model_estimate,chirpsprov_938566067d5a0dee5b9cc5f3,false,true,chirps_v3_final_monthly_big_june_2026_fixed_boundary_v1,,spatial_frame=fixed_current_boundary_june_2026; historical_boundary_continuity=false; months_complete=12; min_valid_area_fraction=0.99990289; mean_valid_area_fraction=0.99990289; source_product=CHIRPS v3 Final monthly; geometry_source=BIG BATAS_KABKOTA_AR; geometry_source_edition=Juni 2026; observed_station_equivalence=false; comparability_scope=within_CHIRPS_v3_Final_fixed_current_boundary_frame; independent_station_validation=pending
chirpsobs_d88424cbeed394669ad48712,annual_rainfall,idn.13.1311,2001-01-01,2001-12-31,annual,3208.797296,millimetres,model_estimate,chirpsprov_08cf9a732d039d72eccb02c0,false,true,chirps_v3_final_monthly_big_june_2026_fixed_boundary_v1,,spatial_frame=fixed_current_boundary_june_2026; historical_boundary_continuity=false; months_complete=12; min_valid_area_fraction=1.00000000; mean_valid_area_fraction=1.00000000; source_product=CHIRPS v3 Final monthly; geometry_source=BIG BATAS_KABKOTA_AR; geometry_source_edition=Juni 2026; observed_station_equivalence=false; comparability_scope=within_CHIRPS_v3_Final_fixed_current_boundary_frame; independent_station_validation=pending
chirpsobs_d907a0afb0c789e507a20345,annual_rainfall,idn.13.1307,2000-01-01,2000-12-31,annual,2879.170949,millimetres,model_estimate,chirpsprov_fc3b6aa57f2d9a4e61b62b31,false,true,chirps_v3_final_monthly_big_june_2026_fixed_boundary_v1,,spatial_frame=fixed_current_boundary_june_2026; historical_boundary_continuity=false; months_complete=12; min_valid_area_fraction=1.00000000; mean_valid_area_fraction=1.00000000; source_product=CHIRPS v3 Final monthly; geometry_source=BIG BATAS_KABKOTA_AR; geometry_source_edition=Juni 2026; observed_station_equivalence=false; comparability_scope=within_CHIRPS_v3_Final_fixed_current_boundary_frame; independent_station_validation=pending
chirpsobs_d983c89a82339230051dcd0b,annual_rainfall,idn.13.1374,2014-01-01,2014-12-31,annual,2703.155134,millimetres,model_estimate,chirpsprov_b4a99eb15560b1d88e757010,false,true,chirps_v3_final_monthly_big_june_2026_fixed_boundary_v1,,spatial_frame=fixed_current_boundary_june_2026; historical_boundary_continuity=false; months_complete=12; min_valid_area_fraction=1.00000000; mean_valid_area_fraction=1.00000000; source_product=CHIRPS v3 Final monthly; geometry_source=BIG BATAS_KABKOTA_AR; geometry_source_edition=Juni 2026; observed_station_equivalence=false; comparability_scope=within_CHIRPS_v3_Final_fixed_current_boundary_frame; independent_station_validation=pending
chirpsobs_d99868c72372a4761599ef6f,annual_rainfall,idn.13.1311,2010-01-01,2010-12-31,annual,3754.838720,millimetres,model_estimate,chirpsprov_6d539a98f8e70f0f921b9fea,false,true,chirps_v3_final_monthly_big_june_2026_fixed_boundary_v1,,spatial_frame=fixed_current_boundary_june_2026; historical_boundary_continuity=false; months_complete=12; min_valid_area_fraction=1.00000000; mean_valid_area_fraction=1.00000000; source_product=CHIRPS v3 Final monthly; geometry_source=BIG BATAS_KABKOTA_AR; geometry_source_edition=Juni 2026; observed_station_equivalence=false; comparability_scope=within_CHIRPS_v3_Final_fixed_current_boundary_frame; independent_station_validation=pending
chirpsobs_d9aa6ccbfb9ad2f9650e3f1c,annual_rainfall,idn.13.1301,1987-01-01,1987-12-31,annual,3524.217364,millimetres,model_estimate,chirpsprov_7c2bd4ffc29c3c1f203409a0,false,true,chirps_v3_final_monthly_big_june_2026_fixed_boundary_v1,,spatial_frame=fixed_current_boundary_june_2026; historical_boundary_continuity=false; months_complete=12; min_valid_area_fraction=0.99877921; mean_valid_area_fraction=0.99877921; source_product=CHIRPS v3 Final monthly; geometry_source=BIG BATAS_KABKOTA_AR; geometry_source_edition=Juni 2026; observed_station_equivalence=false; comparability_scope=within_CHIRPS_v3_Final_fixed_current_boundary_frame; independent_station_validation=pending
chirpsobs_d9df024982f90b892e083255,annual_rainfall,idn.13.1374,2006-01-01,2006-12-31,annual,2261.909867,millimetres,model_estimate,chirpsprov_33c1360517abf4405894a6a4,false,true,chirps_v3_final_monthly_big_june_2026_fixed_boundary_v1,,spatial_frame=fixed_current_boundary_june_2026; historical_boundary_continuity=false; months_complete=12; min_valid_area_fraction=1.00000000; mean_valid_area_fraction=1.00000000; source_product=CHIRPS v3 Final monthly; geometry_source=BIG BATAS_KABKOTA_AR; geometry_source_edition=Juni 2026; observed_station_equivalence=false; comparability_scope=within_CHIRPS_v3_Final_fixed_current_boundary_frame; independent_station_validation=pending
chirpsobs_da7334312063cd70e968a2ba,annual_rainfall,idn.13.1307,2015-01-01,2015-12-31,annual,2490.832955,millimetres,model_estimate,chirpsprov_b12d5727b3360f9d0d1cfcbb,false,true,chirps_v3_final_monthly_big_june_2026_fixed_boundary_v1,,spatial_frame=fixed_current_boundary_june_2026; historical_boundary_continuity=false; months_complete=12; min_valid_area_fraction=1.00000000; mean_valid_area_fraction=1.00000000; source_product=CHIRPS v3 Final monthly; geometry_source=BIG BATAS_KABKOTA_AR; geometry_source_edition=Juni 2026; observed_station_equivalence=false; comparability_scope=within_CHIRPS_v3_Final_fixed_current_boundary_frame; independent_station_validation=pending
chirpsobs_db1cb909e3d2b6cb5d44e4b3,annual_rainfall,idn.13.1376,1984-01-01,1984-12-31,annual,2774.382195,millimetres,model_estimate,chirpsprov_105560bf68b24142847709fb,false,true,chirps_v3_final_monthly_big_june_2026_fixed_boundary_v1,,spatial_frame=fixed_current_boundary_june_2026; historical_boundary_continuity=false; months_complete=12; min_valid_area_fraction=1.00000000; mean_valid_area_fraction=1.00000000; source_product=CHIRPS v3 Final monthly; geometry_source=BIG BATAS_KABKOTA_AR; geometry_source_edition=Juni 2026; observed_station_equivalence=false; comparability_scope=within_CHIRPS_v3_Final_fixed_current_boundary_frame; independent_station_validation=pending
chirpsobs_db1fd03187a9089d29e760ab,annual_rainfall,idn.13.1301,1986-01-01,1986-12-31,annual,4077.880371,millimetres,model_estimate,chirpsprov_6c1e56941bc5b402ba2b4cbf,false,true,chirps_v3_final_monthly_big_june_2026_fixed_boundary_v1,,spatial_frame=fixed_current_boundary_june_2026; historical_boundary_continuity=false; months_complete=12; min_valid_area_fraction=0.99877921; mean_valid_area_fraction=0.99877921; source_product=CHIRPS v3 Final monthly; geometry_source=BIG BATAS_KABKOTA_AR; geometry_source_edition=Juni 2026; observed_station_equivalence=false; comparability_scope=within_CHIRPS_v3_Final_fixed_current_boundary_frame; independent_station_validation=pending
chirpsobs_db3bb5ae2db161841a1eaa5c,annual_rainfall,idn.13.1377,1999-01-01,1999-12-31,annual,5301.038264,millimetres,model_estimate,chirpsprov_8c3023760d15fbc35862fcc4,false,true,chirps_v3_final_monthly_big_june_2026_fixed_boundary_v1,,spatial_frame=fixed_current_boundary_june_2026; historical_boundary_continuity=false; months_complete=12; min_valid_area_fraction=0.99901085; mean_valid_area_fraction=0.99901085; source_product=CHIRPS v3 Final monthly; geometry_source=BIG BATAS_KABKOTA_AR; geometry_source_edition=Juni 2026; observed_station_equivalence=false; comparability_scope=within_CHIRPS_v3_Final_fixed_current_boundary_frame; independent_station_validation=pending
chirpsobs_db600aaf71f9303a4f6893d9,annual_rainfall,idn.13.1302,1999-01-01,1999-12-31,annual,3306.462135,millimetres,model_estimate,chirpsprov_8c3023760d15fbc35862fcc4,false,true,chirps_v3_final_monthly_big_june_2026_fixed_boundary_v1,,spatial_frame=fixed_current_boundary_june_2026; historical_boundary_continuity=false; months_complete=12; min_valid_area_fraction=0.99990289; mean_valid_area_fraction=0.99990289; source_product=CHIRPS v3 Final monthly; geometry_source=BIG BATAS_KABKOTA_AR; geometry_source_edition=Juni 2026; observed_station_equivalence=false; comparability_scope=within_CHIRPS_v3_Final_fixed_current_boundary_frame; independent_station_validation=pending
chirpsobs_db8b78d62d05d8b871457880,annual_rainfall,idn.13.1310,2025-01-01,2025-12-31,annual,3481.642137,millimetres,model_estimate,chirpsprov_895a16cb21d7cc63ddc0f299,false,true,chirps_v3_final_monthly_big_june_2026_fixed_boundary_v1,,spatial_frame=fixed_current_boundary_june_2026; historical_boundary_continuity=false; months_complete=12; min_valid_area_fraction=1.00000000; mean_valid_area_fraction=1.00000000; source_product=CHIRPS v3 Final monthly; geometry_source=BIG BATAS_KABKOTA_AR; geometry_source_edition=Juni 2026; observed_station_equivalence=false; comparability_scope=within_CHIRPS_v3_Final_fixed_current_boundary_frame; independent_station_validation=pending
chirpsobs_dbc94897278bedef39f57e1a,annual_rainfall,idn.13.1305,2025-01-01,2025-12-31,annual,3043.351854,millimetres,model_estimate,chirpsprov_895a16cb21d7cc63ddc0f299,false,true,chirps_v3_final_monthly_big_june_2026_fixed_boundary_v1,,spatial_frame=fixed_current_boundary_june_2026; historical_boundary_continuity=false; months_complete=12; min_valid_area_fraction=1.00000000; mean_valid_area_fraction=1.00000000; source_product=CHIRPS v3 Final monthly; geometry_source=BIG BATAS_KABKOTA_AR; geometry_source_edition=Juni 2026; observed_station_equivalence=false; comparability_scope=within_CHIRPS_v3_Final_fixed_current_boundary_frame; independent_station_validation=pending
chirpsobs_dc9e482b27c3af8c8ffc10f9,annual_rainfall,idn.13.1309,2011-01-01,2011-12-31,annual,3299.983348,millimetres,model_estimate,chirpsprov_f02726b2fbc31c90fe475402,false,true,chirps_v3_final_monthly_big_june_2026_fixed_boundary_v1,,spatial_frame=fixed_current_boundary_june_2026; historical_boundary_continuity=false; months_complete=12; min_valid_area_fraction=1.00000000; mean_valid_area_fraction=1.00000000; source_product=CHIRPS v3 Final monthly; geometry_source=BIG BATAS_KABKOTA_AR; geometry_source_edition=Juni 2026; observed_station_equivalence=false; comparability_scope=within_CHIRPS_v3_Final_fixed_current_boundary_frame; independent_station_validation=pending
chirpsobs_dd7bede3562a15683311711c,annual_rainfall,idn.13.1305,1998-01-01,1998-12-31,annual,2296.129909,millimetres,model_estimate,chirpsprov_fd5c54c3ffb3d358e77e15f7,false,true,chirps_v3_final_monthly_big_june_2026_fixed_boundary_v1,,spatial_frame=fixed_current_boundary_june_2026; historical_boundary_continuity=false; months_complete=12; min_valid_area_fraction=1.00000000; mean_valid_area_fraction=1.00000000; source_product=CHIRPS v3 Final monthly; geometry_source=BIG BATAS_KABKOTA_AR; geometry_source_edition=Juni 2026; observed_station_equivalence=false; comparability_scope=within_CHIRPS_v3_Final_fixed_current_boundary_frame; independent_station_validation=pending
chirpsobs_dd8a5d9542d2aa53921ff068,annual_rainfall,idn.13.1377,1985-01-01,1985-12-31,annual,4276.995121,millimetres,model_estimate,chirpsprov_245a0c829b03c3b0747fd994,false,true,chirps_v3_final_monthly_big_june_2026_fixed_boundary_v1,,spatial_frame=fixed_current_boundary_june_2026; historical_boundary_continuity=false; months_complete=12; min_valid_area_fraction=0.99901085; mean_valid_area_fraction=0.99901085; source_product=CHIRPS v3 Final monthly; geometry_source=BIG BATAS_KABKOTA_AR; geometry_source_edition=Juni 2026; observed_station_equivalence=false; comparability_scope=within_CHIRPS_v3_Final_fixed_current_boundary_frame; independent_station_validation=pending
chirpsobs_ddf437d8ace232a00e82b441,annual_rainfall,idn.13.1372,2010-01-01,2010-12-31,annual,3690.299365,millimetres,model_estimate,chirpsprov_6d539a98f8e70f0f921b9fea,false,true,chirps_v3_final_monthly_big_june_2026_fixed_boundary_v1,,spatial_frame=fixed_current_boundary_june_2026; historical_boundary_continuity=false; months_complete=12; min_valid_area_fraction=1.00000000; mean_valid_area_fraction=1.00000000; source_product=CHIRPS v3 Final monthly; geometry_source=BIG BATAS_KABKOTA_AR; geometry_source_edition=Juni 2026; observed_station_equivalence=false; comparability_scope=within_CHIRPS_v3_Final_fixed_current_boundary_frame; independent_station_validation=pending
chirpsobs_de86306a3d6190855a767e8d,annual_rainfall,idn.13.1303,2003-01-01,2003-12-31,annual,3050.285368,millimetres,model_estimate,chirpsprov_2b5773cbf1c57eb413def781,false,true,chirps_v3_final_monthly_big_june_2026_fixed_boundary_v1,,spatial_frame=fixed_current_boundary_june_2026; historical_boundary_continuity=false; months_complete=12; min_valid_area_fraction=1.00000000; mean_valid_area_fraction=1.00000000; source_product=CHIRPS v3 Final monthly; geometry_source=BIG BATAS_KABKOTA_AR; geometry_source_edition=Juni 2026; observed_station_equivalence=false; comparability_scope=within_CHIRPS_v3_Final_fixed_current_boundary_frame; independent_station_validation=pending
chirpsobs_de87688440919a5b09b79d0a,annual_rainfall,idn.13.1371,2015-01-01,2015-12-31,annual,3211.160653,millimetres,model_estimate,chirpsprov_b12d5727b3360f9d0d1cfcbb,false,true,chirps_v3_final_monthly_big_june_2026_fixed_boundary_v1,,spatial_frame=fixed_current_boundary_june_2026; historical_boundary_continuity=false; months_complete=12; min_valid_area_fraction=0.99912533; mean_valid_area_fraction=0.99912533; source_product=CHIRPS v3 Final monthly; geometry_source=BIG BATAS_KABKOTA_AR; geometry_source_edition=Juni 2026; observed_station_equivalence=false; comparability_scope=within_CHIRPS_v3_Final_fixed_current_boundary_frame; independent_station_validation=pending
chirpsobs_decaf4a2b01fde741ab0cb8e,annual_rainfall,idn.13.1377,2000-01-01,2000-12-31,annual,4333.896914,millimetres,model_estimate,chirpsprov_fc3b6aa57f2d9a4e61b62b31,false,true,chirps_v3_final_monthly_big_june_2026_fixed_boundary_v1,,spatial_frame=fixed_current_boundary_june_2026; historical_boundary_continuity=false; months_complete=12; min_valid_area_fraction=0.99901085; mean_valid_area_fraction=0.99901085; source_product=CHIRPS v3 Final monthly; geometry_source=BIG BATAS_KABKOTA_AR; geometry_source_edition=Juni 2026; observed_station_equivalence=false; comparability_scope=within_CHIRPS_v3_Final_fixed_current_boundary_frame; independent_station_validation=pending
chirpsobs_dee5fa4c2aa92f0963fdaa25,annual_rainfall,idn.13.1305,1992-01-01,1992-12-31,annual,2359.218125,millimetres,model_estimate,chirpsprov_938566067d5a0dee5b9cc5f3,false,true,chirps_v3_final_monthly_big_june_2026_fixed_boundary_v1,,spatial_frame=fixed_current_boundary_june_2026; historical_boundary_continuity=false; months_complete=12; min_valid_area_fraction=1.00000000; mean_valid_area_fraction=1.00000000; source_product=CHIRPS v3 Final monthly; geometry_source=BIG BATAS_KABKOTA_AR; geometry_source_edition=Juni 2026; observed_station_equivalence=false; comparability_scope=within_CHIRPS_v3_Final_fixed_current_boundary_frame; independent_station_validation=pending
chirpsobs_dfd87c38977a30adba829be3,annual_rainfall,idn.13.1303,2000-01-01,2000-12-31,annual,3087.828711,millimetres,model_estimate,chirpsprov_fc3b6aa57f2d9a4e61b62b31,false,true,chirps_v3_final_monthly_big_june_2026_fixed_boundary_v1,,spatial_frame=fixed_current_boundary_june_2026; historical_boundary_continuity=false; months_complete=12; min_valid_area_fraction=1.00000000; mean_valid_area_fraction=1.00000000; source_product=CHIRPS v3 Final monthly; geometry_source=BIG BATAS_KABKOTA_AR; geometry_source_edition=Juni 2026; observed_station_equivalence=false; comparability_scope=within_CHIRPS_v3_Final_fixed_current_boundary_frame; independent_station_validation=pending
chirpsobs_e0a944d4e7f5203e72fe7cf9,annual_rainfall,idn.13.1308,1997-01-01,1997-12-31,annual,1392.537792,millimetres,model_estimate,chirpsprov_549fb51b47f3004dd71af8d7,false,true,chirps_v3_final_monthly_big_june_2026_fixed_boundary_v1,,spatial_frame=fixed_current_boundary_june_2026; historical_boundary_continuity=false; months_complete=12; min_valid_area_fraction=1.00000000; mean_valid_area_fraction=1.00000000; source_product=CHIRPS v3 Final monthly; geometry_source=BIG BATAS_KABKOTA_AR; geometry_source_edition=Juni 2026; observed_station_equivalence=false; comparability_scope=within_CHIRPS_v3_Final_fixed_current_boundary_frame; independent_station_validation=pending
chirpsobs_e140a8cdab2d16b65b996e73,annual_rainfall,idn.13.1301,2017-01-01,2017-12-31,annual,3273.144804,millimetres,model_estimate,chirpsprov_dccafa903dab232b9aad0bd5,false,true,chirps_v3_final_monthly_big_june_2026_fixed_boundary_v1,,spatial_frame=fixed_current_boundary_june_2026; historical_boundary_continuity=false; months_complete=12; min_valid_area_fraction=0.99877921; mean_valid_area_fraction=0.99877921; source_product=CHIRPS v3 Final monthly; geometry_source=BIG BATAS_KABKOTA_AR; geometry_source_edition=Juni 2026; observed_station_equivalence=false; comparability_scope=within_CHIRPS_v3_Final_fixed_current_boundary_frame; independent_station_validation=pending
chirpsobs_e16a4caeceb4dfcad9297619,annual_rainfall,idn.13.1305,2010-01-01,2010-12-31,annual,3199.260147,millimetres,model_estimate,chirpsprov_6d539a98f8e70f0f921b9fea,false,true,chirps_v3_final_monthly_big_june_2026_fixed_boundary_v1,,spatial_frame=fixed_current_boundary_june_2026; historical_boundary_continuity=false; months_complete=12; min_valid_area_fraction=1.00000000; mean_valid_area_fraction=1.00000000; source_product=CHIRPS v3 Final monthly; geometry_source=BIG BATAS_KABKOTA_AR; geometry_source_edition=Juni 2026; observed_station_equivalence=false; comparability_scope=within_CHIRPS_v3_Final_fixed_current_boundary_frame; independent_station_validation=pending
chirpsobs_e16e9409a73431b632eb5449,annual_rainfall,idn.13.1372,1991-01-01,1991-12-31,annual,2548.793790,millimetres,model_estimate,chirpsprov_6a2c532764a205347fffab60,false,true,chirps_v3_final_monthly_big_june_2026_fixed_boundary_v1,,spatial_frame=fixed_current_boundary_june_2026; historical_boundary_continuity=false; months_complete=12; min_valid_area_fraction=1.00000000; mean_valid_area_fraction=1.00000000; source_product=CHIRPS v3 Final monthly; geometry_source=BIG BATAS_KABKOTA_AR; geometry_source_edition=Juni 2026; observed_station_equivalence=false; comparability_scope=within_CHIRPS_v3_Final_fixed_current_boundary_frame; independent_station_validation=pending
chirpsobs_e17e9db76bc53cb357371eaa,annual_rainfall,idn.13.1305,1997-01-01,1997-12-31,annual,1165.213481,millimetres,model_estimate,chirpsprov_549fb51b47f3004dd71af8d7,false,true,chirps_v3_final_monthly_big_june_2026_fixed_boundary_v1,,spatial_frame=fixed_current_boundary_june_2026; historical_boundary_continuity=false; months_complete=12; min_valid_area_fraction=1.00000000; mean_valid_area_fraction=1.00000000; source_product=CHIRPS v3 Final monthly; geometry_source=BIG BATAS_KABKOTA_AR; geometry_source_edition=Juni 2026; observed_station_equivalence=false; comparability_scope=within_CHIRPS_v3_Final_fixed_current_boundary_frame; independent_station_validation=pending
chirpsobs_e1a9ef509bba1f45146a755c,annual_rainfall,idn.13.1307,2008-01-01,2008-12-31,annual,3058.412393,millimetres,model_estimate,chirpsprov_ed07e8adb20331297fea22e4,false,true,chirps_v3_final_monthly_big_june_2026_fixed_boundary_v1,,spatial_frame=fixed_current_boundary_june_2026; historical_boundary_continuity=false; months_complete=12; min_valid_area_fraction=1.00000000; mean_valid_area_fraction=1.00000000; source_product=CHIRPS v3 Final monthly; geometry_source=BIG BATAS_KABKOTA_AR; geometry_source_edition=Juni 2026; observed_station_equivalence=false; comparability_scope=within_CHIRPS_v3_Final_fixed_current_boundary_frame; independent_station_validation=pending
chirpsobs_e21f9a1687d786755b7517b6,annual_rainfall,idn.13.1308,2016-01-01,2016-12-31,annual,2865.107658,millimetres,model_estimate,chirpsprov_bdfc0cb4713e768353b0af59,false,true,chirps_v3_final_monthly_big_june_2026_fixed_boundary_v1,,spatial_frame=fixed_current_boundary_june_2026; historical_boundary_continuity=false; months_complete=12; min_valid_area_fraction=1.00000000; mean_valid_area_fraction=1.00000000; source_product=CHIRPS v3 Final monthly; geometry_source=BIG BATAS_KABKOTA_AR; geometry_source_edition=Juni 2026; observed_station_equivalence=false; comparability_scope=within_CHIRPS_v3_Final_fixed_current_boundary_frame; independent_station_validation=pending
chirpsobs_e2924698d831f1741a96b45c,annual_rainfall,idn.13.1307,1992-01-01,1992-12-31,annual,2727.520327,millimetres,model_estimate,chirpsprov_938566067d5a0dee5b9cc5f3,false,true,chirps_v3_final_monthly_big_june_2026_fixed_boundary_v1,,spatial_frame=fixed_current_boundary_june_2026; historical_boundary_continuity=false; months_complete=12; min_valid_area_fraction=1.00000000; mean_valid_area_fraction=1.00000000; source_product=CHIRPS v3 Final monthly; geometry_source=BIG BATAS_KABKOTA_AR; geometry_source_edition=Juni 2026; observed_station_equivalence=false; comparability_scope=within_CHIRPS_v3_Final_fixed_current_boundary_frame; independent_station_validation=pending
chirpsobs_e3be5c030411689d54dbe23c,annual_rainfall,idn.13.1304,1986-01-01,1986-12-31,annual,3143.540451,millimetres,model_estimate,chirpsprov_6c1e56941bc5b402ba2b4cbf,false,true,chirps_v3_final_monthly_big_june_2026_fixed_boundary_v1,,spatial_frame=fixed_current_boundary_june_2026; historical_boundary_continuity=false; months_complete=12; min_valid_area_fraction=1.00000000; mean_valid_area_fraction=1.00000000; source_product=CHIRPS v3 Final monthly; geometry_source=BIG BATAS_KABKOTA_AR; geometry_source_edition=Juni 2026; observed_station_equivalence=false; comparability_scope=within_CHIRPS_v3_Final_fixed_current_boundary_frame; independent_station_validation=pending
chirpsobs_e3e4b3db340375e6f0b91212,annual_rainfall,idn.13.1376,1998-01-01,1998-12-31,annual,1934.576864,millimetres,model_estimate,chirpsprov_fd5c54c3ffb3d358e77e15f7,false,true,chirps_v3_final_monthly_big_june_2026_fixed_boundary_v1,,spatial_frame=fixed_current_boundary_june_2026; historical_boundary_continuity=false; months_complete=12; min_valid_area_fraction=1.00000000; mean_valid_area_fraction=1.00000000; source_product=CHIRPS v3 Final monthly; geometry_source=BIG BATAS_KABKOTA_AR; geometry_source_edition=Juni 2026; observed_station_equivalence=false; comparability_scope=within_CHIRPS_v3_Final_fixed_current_boundary_frame; independent_station_validation=pending
chirpsobs_e4510f0ba4ecc3089d51547f,annual_rainfall,idn.13.1305,1985-01-01,1985-12-31,annual,2469.446993,millimetres,model_estimate,chirpsprov_245a0c829b03c3b0747fd994,false,true,chirps_v3_final_monthly_big_june_2026_fixed_boundary_v1,,spatial_frame=fixed_current_boundary_june_2026; historical_boundary_continuity=false; months_complete=12; min_valid_area_fraction=1.00000000; mean_valid_area_fraction=1.00000000; source_product=CHIRPS v3 Final monthly; geometry_source=BIG BATAS_KABKOTA_AR; geometry_source_edition=Juni 2026; observed_station_equivalence=false; comparability_scope=within_CHIRPS_v3_Final_fixed_current_boundary_frame; independent_station_validation=pending
chirpsobs_e454e6cef383ff62a2b98d17,annual_rainfall,idn.13.1310,2008-01-01,2008-12-31,annual,2921.370591,millimetres,model_estimate,chirpsprov_ed07e8adb20331297fea22e4,false,true,chirps_v3_final_monthly_big_june_2026_fixed_boundary_v1,,spatial_frame=fixed_current_boundary_june_2026; historical_boundary_continuity=false; months_complete=12; min_valid_area_fraction=1.00000000; mean_valid_area_fraction=1.00000000; source_product=CHIRPS v3 Final monthly; geometry_source=BIG BATAS_KABKOTA_AR; geometry_source_edition=Juni 2026; observed_station_equivalence=false; comparability_scope=within_CHIRPS_v3_Final_fixed_current_boundary_frame; independent_station_validation=pending
chirpsobs_e48680777409cc09d713b795,annual_rainfall,idn.13.1375,2022-01-01,2022-12-31,annual,3069.580420,millimetres,model_estimate,chirpsprov_3aa2018ec0576428d71e18bf,false,true,chirps_v3_final_monthly_big_june_2026_fixed_boundary_v1,,spatial_frame=fixed_current_boundary_june_2026; historical_boundary_continuity=false; months_complete=12; min_valid_area_fraction=1.00000000; mean_valid_area_fraction=1.00000000; source_product=CHIRPS v3 Final monthly; geometry_source=BIG BATAS_KABKOTA_AR; geometry_source_edition=Juni 2026; observed_station_equivalence=false; comparability_scope=within_CHIRPS_v3_Final_fixed_current_boundary_frame; independent_station_validation=pending
chirpsobs_e5034a6cf3baa1b3855aa2a0,annual_rainfall,idn.13.1372,2000-01-01,2000-12-31,annual,3240.935685,millimetres,model_estimate,chirpsprov_fc3b6aa57f2d9a4e61b62b31,false,true,chirps_v3_final_monthly_big_june_2026_fixed_boundary_v1,,spatial_frame=fixed_current_boundary_june_2026; historical_boundary_continuity=false; months_complete=12; min_valid_area_fraction=1.00000000; mean_valid_area_fraction=1.00000000; source_product=CHIRPS v3 Final monthly; geometry_source=BIG BATAS_KABKOTA_AR; geometry_source_edition=Juni 2026; observed_station_equivalence=false; comparability_scope=within_CHIRPS_v3_Final_fixed_current_boundary_frame; independent_station_validation=pending
chirpsobs_e5e06810de658f71e251a78d,annual_rainfall,idn.13.1311,2021-01-01,2021-12-31,annual,3360.740287,millimetres,model_estimate,chirpsprov_46837b82c19c621130eb5220,false,true,chirps_v3_final_monthly_big_june_2026_fixed_boundary_v1,,spatial_frame=fixed_current_boundary_june_2026; historical_boundary_continuity=false; months_complete=12; min_valid_area_fraction=1.00000000; mean_valid_area_fraction=1.00000000; source_product=CHIRPS v3 Final monthly; geometry_source=BIG BATAS_KABKOTA_AR; geometry_source_edition=Juni 2026; observed_station_equivalence=false; comparability_scope=within_CHIRPS_v3_Final_fixed_current_boundary_frame; independent_station_validation=pending
chirpsobs_e63bf781cb2a8a27d6bc830b,annual_rainfall,idn.13.1374,2018-01-01,2018-12-31,annual,2757.616151,millimetres,model_estimate,chirpsprov_c8030a113fbc38a4dd14a894,false,true,chirps_v3_final_monthly_big_june_2026_fixed_boundary_v1,,spatial_frame=fixed_current_boundary_june_2026; historical_boundary_continuity=false; months_complete=12; min_valid_area_fraction=1.00000000; mean_valid_area_fraction=1.00000000; source_product=CHIRPS v3 Final monthly; geometry_source=BIG BATAS_KABKOTA_AR; geometry_source_edition=Juni 2026; observed_station_equivalence=false; comparability_scope=within_CHIRPS_v3_Final_fixed_current_boundary_frame; independent_station_validation=pending
chirpsobs_e6e7e798d2ac3771eaebd2d5,annual_rainfall,idn.13.1377,2014-01-01,2014-12-31,annual,4285.227243,millimetres,model_estimate,chirpsprov_b4a99eb15560b1d88e757010,false,true,chirps_v3_final_monthly_big_june_2026_fixed_boundary_v1,,spatial_frame=fixed_current_boundary_june_2026; historical_boundary_continuity=false; months_complete=12; min_valid_area_fraction=0.99901085; mean_valid_area_fraction=0.99901085; source_product=CHIRPS v3 Final monthly; geometry_source=BIG BATAS_KABKOTA_AR; geometry_source_edition=Juni 2026; observed_station_equivalence=false; comparability_scope=within_CHIRPS_v3_Final_fixed_current_boundary_frame; independent_station_validation=pending
chirpsobs_e821e5ac504eaeec9603942f,annual_rainfall,idn.13.1372,2020-01-01,2020-12-31,annual,3004.073527,millimetres,model_estimate,chirpsprov_869749660f299278b4209870,false,true,chirps_v3_final_monthly_big_june_2026_fixed_boundary_v1,,spatial_frame=fixed_current_boundary_june_2026; historical_boundary_continuity=false; months_complete=12; min_valid_area_fraction=1.00000000; mean_valid_area_fraction=1.00000000; source_product=CHIRPS v3 Final monthly; geometry_source=BIG BATAS_KABKOTA_AR; geometry_source_edition=Juni 2026; observed_station_equivalence=false; comparability_scope=within_CHIRPS_v3_Final_fixed_current_boundary_frame; independent_station_validation=pending
chirpsobs_e843dce02967f573e8c0806f,annual_rainfall,idn.13.1307,2004-01-01,2004-12-31,annual,2739.012303,millimetres,model_estimate,chirpsprov_96a561b0500081f35c2a6aff,false,true,chirps_v3_final_monthly_big_june_2026_fixed_boundary_v1,,spatial_frame=fixed_current_boundary_june_2026; historical_boundary_continuity=false; months_complete=12; min_valid_area_fraction=1.00000000; mean_valid_area_fraction=1.00000000; source_product=CHIRPS v3 Final monthly; geometry_source=BIG BATAS_KABKOTA_AR; geometry_source_edition=Juni 2026; observed_station_equivalence=false; comparability_scope=within_CHIRPS_v3_Final_fixed_current_boundary_frame; independent_station_validation=pending
chirpsobs_e86c8ec721627cbecf05ba68,annual_rainfall,idn.13.1305,1983-01-01,1983-12-31,annual,2400.321810,millimetres,model_estimate,chirpsprov_5887a41b20f86613f9be9d94,false,true,chirps_v3_final_monthly_big_june_2026_fixed_boundary_v1,,spatial_frame=fixed_current_boundary_june_2026; historical_boundary_continuity=false; months_complete=12; min_valid_area_fraction=1.00000000; mean_valid_area_fraction=1.00000000; source_product=CHIRPS v3 Final monthly; geometry_source=BIG BATAS_KABKOTA_AR; geometry_source_edition=Juni 2026; observed_station_equivalence=false; comparability_scope=within_CHIRPS_v3_Final_fixed_current_boundary_frame; independent_station_validation=pending
chirpsobs_e8dd9962cea6f2cffdd18d8f,annual_rainfall,idn.13.1371,1983-01-01,1983-12-31,annual,3393.117199,millimetres,model_estimate,chirpsprov_5887a41b20f86613f9be9d94,false,true,chirps_v3_final_monthly_big_june_2026_fixed_boundary_v1,,spatial_frame=fixed_current_boundary_june_2026; historical_boundary_continuity=false; months_complete=12; min_valid_area_fraction=0.99912533; mean_valid_area_fraction=0.99912533; source_product=CHIRPS v3 Final monthly; geometry_source=BIG BATAS_KABKOTA_AR; geometry_source_edition=Juni 2026; observed_station_equivalence=false; comparability_scope=within_CHIRPS_v3_Final_fixed_current_boundary_frame; independent_station_validation=pending
chirpsobs_e8fb7eb43cdab5da88d71b32,annual_rainfall,idn.13.1302,1994-01-01,1994-12-31,annual,1592.108504,millimetres,model_estimate,chirpsprov_1ad925e050f99158259f45a8,false,true,chirps_v3_final_monthly_big_june_2026_fixed_boundary_v1,,spatial_frame=fixed_current_boundary_june_2026; historical_boundary_continuity=false; months_complete=12; min_valid_area_fraction=0.99990289; mean_valid_area_fraction=0.99990289; source_product=CHIRPS v3 Final monthly; geometry_source=BIG BATAS_KABKOTA_AR; geometry_source_edition=Juni 2026; observed_station_equivalence=false; comparability_scope=within_CHIRPS_v3_Final_fixed_current_boundary_frame; independent_station_validation=pending
chirpsobs_e91c818734ec4cb9d338ae45,annual_rainfall,idn.13.1311,1989-01-01,1989-12-31,annual,3002.261627,millimetres,model_estimate,chirpsprov_dce3ffaedc1a899d204a1612,false,true,chirps_v3_final_monthly_big_june_2026_fixed_boundary_v1,,spatial_frame=fixed_current_boundary_june_2026; historical_boundary_continuity=false; months_complete=12; min_valid_area_fraction=1.00000000; mean_valid_area_fraction=1.00000000; source_product=CHIRPS v3 Final monthly; geometry_source=BIG BATAS_KABKOTA_AR; geometry_source_edition=Juni 2026; observed_station_equivalence=false; comparability_scope=within_CHIRPS_v3_Final_fixed_current_boundary_frame; independent_station_validation=pending
chirpsobs_e9855bcf9b36b7f5995765ed,annual_rainfall,idn.13.1302,1997-01-01,1997-12-31,annual,1211.186143,millimetres,model_estimate,chirpsprov_549fb51b47f3004dd71af8d7,false,true,chirps_v3_final_monthly_big_june_2026_fixed_boundary_v1,,spatial_frame=fixed_current_boundary_june_2026; historical_boundary_continuity=false; months_complete=12; min_valid_area_fraction=0.99990289; mean_valid_area_fraction=0.99990289; source_product=CHIRPS v3 Final monthly; geometry_source=BIG BATAS_KABKOTA_AR; geometry_source_edition=Juni 2026; observed_station_equivalence=false; comparability_scope=within_CHIRPS_v3_Final_fixed_current_boundary_frame; independent_station_validation=pending
chirpsobs_ea54bc43a65abcdd8d5cf5f5,annual_rainfall,idn.13.1374,1988-01-01,1988-12-31,annual,2972.085777,millimetres,model_estimate,chirpsprov_9bfc6526f1c0b90065fc7c93,false,true,chirps_v3_final_monthly_big_june_2026_fixed_boundary_v1,,spatial_frame=fixed_current_boundary_june_2026; historical_boundary_continuity=false; months_complete=12; min_valid_area_fraction=1.00000000; mean_valid_area_fraction=1.00000000; source_product=CHIRPS v3 Final monthly; geometry_source=BIG BATAS_KABKOTA_AR; geometry_source_edition=Juni 2026; observed_station_equivalence=false; comparability_scope=within_CHIRPS_v3_Final_fixed_current_boundary_frame; independent_station_validation=pending
chirpsobs_ea74f6ebea3bef712fb53ecc,annual_rainfall,idn.13.1306,2009-01-01,2009-12-31,annual,3781.721056,millimetres,model_estimate,chirpsprov_abb2dd60088714756570bb9f,false,true,chirps_v3_final_monthly_big_june_2026_fixed_boundary_v1,,spatial_frame=fixed_current_boundary_june_2026; historical_boundary_continuity=false; months_complete=12; min_valid_area_fraction=0.99993254; mean_valid_area_fraction=0.99993254; source_product=CHIRPS v3 Final monthly; geometry_source=BIG BATAS_KABKOTA_AR; geometry_source_edition=Juni 2026; observed_station_equivalence=false; comparability_scope=within_CHIRPS_v3_Final_fixed_current_boundary_frame; independent_station_validation=pending
chirpsobs_eab6d3265c18e71d8d0515d2,annual_rainfall,idn.13.1312,2025-01-01,2025-12-31,annual,3548.113333,millimetres,model_estimate,chirpsprov_895a16cb21d7cc63ddc0f299,false,true,chirps_v3_final_monthly_big_june_2026_fixed_boundary_v1,,spatial_frame=fixed_current_boundary_june_2026; historical_boundary_continuity=false; months_complete=12; min_valid_area_fraction=1.00000000; mean_valid_area_fraction=1.00000000; source_product=CHIRPS v3 Final monthly; geometry_source=BIG BATAS_KABKOTA_AR; geometry_source_edition=Juni 2026; observed_station_equivalence=false; comparability_scope=within_CHIRPS_v3_Final_fixed_current_boundary_frame; independent_station_validation=pending
chirpsobs_eaea38ba00913db42daa9c80,annual_rainfall,idn.13.1303,1983-01-01,1983-12-31,annual,2534.915626,millimetres,model_estimate,chirpsprov_5887a41b20f86613f9be9d94,false,true,chirps_v3_final_monthly_big_june_2026_fixed_boundary_v1,,spatial_frame=fixed_current_boundary_june_2026; historical_boundary_continuity=false; months_complete=12; min_valid_area_fraction=1.00000000; mean_valid_area_fraction=1.00000000; source_product=CHIRPS v3 Final monthly; geometry_source=BIG BATAS_KABKOTA_AR; geometry_source_edition=Juni 2026; observed_station_equivalence=false; comparability_scope=within_CHIRPS_v3_Final_fixed_current_boundary_frame; independent_station_validation=pending
chirpsobs_eb2431329ba8ff18e2b64bd4,annual_rainfall,idn.13.1377,2003-01-01,2003-12-31,annual,4780.714807,millimetres,model_estimate,chirpsprov_2b5773cbf1c57eb413def781,false,true,chirps_v3_final_monthly_big_june_2026_fixed_boundary_v1,,spatial_frame=fixed_current_boundary_june_2026; historical_boundary_continuity=false; months_complete=12; min_valid_area_fraction=0.99901085; mean_valid_area_fraction=0.99901085; source_product=CHIRPS v3 Final monthly; geometry_source=BIG BATAS_KABKOTA_AR; geometry_source_edition=Juni 2026; observed_station_equivalence=false; comparability_scope=within_CHIRPS_v3_Final_fixed_current_boundary_frame; independent_station_validation=pending
chirpsobs_eb3d1c693d48c3142526ba30,annual_rainfall,idn.13.1301,1992-01-01,1992-12-31,annual,3137.277685,millimetres,model_estimate,chirpsprov_938566067d5a0dee5b9cc5f3,false,true,chirps_v3_final_monthly_big_june_2026_fixed_boundary_v1,,spatial_frame=fixed_current_boundary_june_2026; historical_boundary_continuity=false; months_complete=12; min_valid_area_fraction=0.99877921; mean_valid_area_fraction=0.99877921; source_product=CHIRPS v3 Final monthly; geometry_source=BIG BATAS_KABKOTA_AR; geometry_source_edition=Juni 2026; observed_station_equivalence=false; comparability_scope=within_CHIRPS_v3_Final_fixed_current_boundary_frame; independent_station_validation=pending
chirpsobs_eb91555a1d00429c83d99002,annual_rainfall,idn.13.1377,1997-01-01,1997-12-31,annual,1679.490692,millimetres,model_estimate,chirpsprov_549fb51b47f3004dd71af8d7,false,true,chirps_v3_final_monthly_big_june_2026_fixed_boundary_v1,,spatial_frame=fixed_current_boundary_june_2026; historical_boundary_continuity=false; months_complete=12; min_valid_area_fraction=0.99901085; mean_valid_area_fraction=0.99901085; source_product=CHIRPS v3 Final monthly; geometry_source=BIG BATAS_KABKOTA_AR; geometry_source_edition=Juni 2026; observed_station_equivalence=false; comparability_scope=within_CHIRPS_v3_Final_fixed_current_boundary_frame; independent_station_validation=pending
chirpsobs_ebc6a388c919e5cebecee921,annual_rainfall,idn.13.1377,2023-01-01,2023-12-31,annual,4147.905615,millimetres,model_estimate,chirpsprov_6f7cb8097bed96485afd3cd3,false,true,chirps_v3_final_monthly_big_june_2026_fixed_boundary_v1,,spatial_frame=fixed_current_boundary_june_2026; historical_boundary_continuity=false; months_complete=12; min_valid_area_fraction=0.99901085; mean_valid_area_fraction=0.99901085; source_product=CHIRPS v3 Final monthly; geometry_source=BIG BATAS_KABKOTA_AR; geometry_source_edition=Juni 2026; observed_station_equivalence=false; comparability_scope=within_CHIRPS_v3_Final_fixed_current_boundary_frame; independent_station_validation=pending
chirpsobs_ec2a00ad38c4763387ed6f26,annual_rainfall,idn.13.1309,2014-01-01,2014-12-31,annual,3219.013087,millimetres,model_estimate,chirpsprov_b4a99eb15560b1d88e757010,false,true,chirps_v3_final_monthly_big_june_2026_fixed_boundary_v1,,spatial_frame=fixed_current_boundary_june_2026; historical_boundary_continuity=false; months_complete=12; min_valid_area_fraction=1.00000000; mean_valid_area_fraction=1.00000000; source_product=CHIRPS v3 Final monthly; geometry_source=BIG BATAS_KABKOTA_AR; geometry_source_edition=Juni 2026; observed_station_equivalence=false; comparability_scope=within_CHIRPS_v3_Final_fixed_current_boundary_frame; independent_station_validation=pending
chirpsobs_ec46476457643e295517e932,annual_rainfall,idn.13.1310,1982-01-01,1982-12-31,annual,1872.427320,millimetres,model_estimate,chirpsprov_d76928f82e8715e9e28c66e3,false,true,chirps_v3_final_monthly_big_june_2026_fixed_boundary_v1,,spatial_frame=fixed_current_boundary_june_2026; historical_boundary_continuity=false; months_complete=12; min_valid_area_fraction=1.00000000; mean_valid_area_fraction=1.00000000; source_product=CHIRPS v3 Final monthly; geometry_source=BIG BATAS_KABKOTA_AR; geometry_source_edition=Juni 2026; observed_station_equivalence=false; comparability_scope=within_CHIRPS_v3_Final_fixed_current_boundary_frame; independent_station_validation=pending
chirpsobs_ec8c3362e773500d63894456,annual_rainfall,idn.13.1376,2025-01-01,2025-12-31,annual,2753.170935,millimetres,model_estimate,chirpsprov_895a16cb21d7cc63ddc0f299,false,true,chirps_v3_final_monthly_big_june_2026_fixed_boundary_v1,,spatial_frame=fixed_current_boundary_june_2026; historical_boundary_continuity=false; months_complete=12; min_valid_area_fraction=1.00000000; mean_valid_area_fraction=1.00000000; source_product=CHIRPS v3 Final monthly; geometry_source=BIG BATAS_KABKOTA_AR; geometry_source_edition=Juni 2026; observed_station_equivalence=false; comparability_scope=within_CHIRPS_v3_Final_fixed_current_boundary_frame; independent_station_validation=pending
chirpsobs_ec8eb17220e311a75f586b52,annual_rainfall,idn.13.1304,2020-01-01,2020-12-31,annual,2803.058049,millimetres,model_estimate,chirpsprov_869749660f299278b4209870,false,true,chirps_v3_final_monthly_big_june_2026_fixed_boundary_v1,,spatial_frame=fixed_current_boundary_june_2026; historical_boundary_continuity=false; months_complete=12; min_valid_area_fraction=1.00000000; mean_valid_area_fraction=1.00000000; source_product=CHIRPS v3 Final monthly; geometry_source=BIG BATAS_KABKOTA_AR; geometry_source_edition=Juni 2026; observed_station_equivalence=false; comparability_scope=within_CHIRPS_v3_Final_fixed_current_boundary_frame; independent_station_validation=pending
chirpsobs_ed1af816cb0aa63e1b4db8e7,annual_rainfall,idn.13.1371,2000-01-01,2000-12-31,annual,4266.716716,millimetres,model_estimate,chirpsprov_fc3b6aa57f2d9a4e61b62b31,false,true,chirps_v3_final_monthly_big_june_2026_fixed_boundary_v1,,spatial_frame=fixed_current_boundary_june_2026; historical_boundary_continuity=false; months_complete=12; min_valid_area_fraction=0.99912533; mean_valid_area_fraction=0.99912533; source_product=CHIRPS v3 Final monthly; geometry_source=BIG BATAS_KABKOTA_AR; geometry_source_edition=Juni 2026; observed_station_equivalence=false; comparability_scope=within_CHIRPS_v3_Final_fixed_current_boundary_frame; independent_station_validation=pending
chirpsobs_ed280d4dde78bbf13a3298fa,annual_rainfall,idn.13.1310,1991-01-01,1991-12-31,annual,2345.651182,millimetres,model_estimate,chirpsprov_6a2c532764a205347fffab60,false,true,chirps_v3_final_monthly_big_june_2026_fixed_boundary_v1,,spatial_frame=fixed_current_boundary_june_2026; historical_boundary_continuity=false; months_complete=12; min_valid_area_fraction=1.00000000; mean_valid_area_fraction=1.00000000; source_product=CHIRPS v3 Final monthly; geometry_source=BIG BATAS_KABKOTA_AR; geometry_source_edition=Juni 2026; observed_station_equivalence=false; comparability_scope=within_CHIRPS_v3_Final_fixed_current_boundary_frame; independent_station_validation=pending
chirpsobs_eded27881b7ddbb04c92b003,annual_rainfall,idn.13.1376,2003-01-01,2003-12-31,annual,2504.644507,millimetres,model_estimate,chirpsprov_2b5773cbf1c57eb413def781,false,true,chirps_v3_final_monthly_big_june_2026_fixed_boundary_v1,,spatial_frame=fixed_current_boundary_june_2026; historical_boundary_continuity=false; months_complete=12; min_valid_area_fraction=1.00000000; mean_valid_area_fraction=1.00000000; source_product=CHIRPS v3 Final monthly; geometry_source=BIG BATAS_KABKOTA_AR; geometry_source_edition=Juni 2026; observed_station_equivalence=false; comparability_scope=within_CHIRPS_v3_Final_fixed_current_boundary_frame; independent_station_validation=pending
chirpsobs_eec704a0e239425f5058eab7,annual_rainfall,idn.13.1375,1989-01-01,1989-12-31,annual,2153.526481,millimetres,model_estimate,chirpsprov_dce3ffaedc1a899d204a1612,false,true,chirps_v3_final_monthly_big_june_2026_fixed_boundary_v1,,spatial_frame=fixed_current_boundary_june_2026; historical_boundary_continuity=false; months_complete=12; min_valid_area_fraction=1.00000000; mean_valid_area_fraction=1.00000000; source_product=CHIRPS v3 Final monthly; geometry_source=BIG BATAS_KABKOTA_AR; geometry_source_edition=Juni 2026; observed_station_equivalence=false; comparability_scope=within_CHIRPS_v3_Final_fixed_current_boundary_frame; independent_station_validation=pending
chirpsobs_eedb661e3d52e30294619bab,annual_rainfall,idn.13.1373,1984-01-01,1984-12-31,annual,3602.180463,millimetres,model_estimate,chirpsprov_105560bf68b24142847709fb,false,true,chirps_v3_final_monthly_big_june_2026_fixed_boundary_v1,,spatial_frame=fixed_current_boundary_june_2026; historical_boundary_continuity=false; months_complete=12; min_valid_area_fraction=1.00000000; mean_valid_area_fraction=1.00000000; source_product=CHIRPS v3 Final monthly; geometry_source=BIG BATAS_KABKOTA_AR; geometry_source_edition=Juni 2026; observed_station_equivalence=false; comparability_scope=within_CHIRPS_v3_Final_fixed_current_boundary_frame; independent_station_validation=pending
chirpsobs_ef05dba2144923f1dc4230e4,annual_rainfall,idn.13.1302,1983-01-01,1983-12-31,annual,2754.922733,millimetres,model_estimate,chirpsprov_5887a41b20f86613f9be9d94,false,true,chirps_v3_final_monthly_big_june_2026_fixed_boundary_v1,,spatial_frame=fixed_current_boundary_june_2026; historical_boundary_continuity=false; months_complete=12; min_valid_area_fraction=0.99990289; mean_valid_area_fraction=0.99990289; source_product=CHIRPS v3 Final monthly; geometry_source=BIG BATAS_KABKOTA_AR; geometry_source_edition=Juni 2026; observed_station_equivalence=false; comparability_scope=within_CHIRPS_v3_Final_fixed_current_boundary_frame; independent_station_validation=pending
chirpsobs_ef6f469e101268b4eadf5258,annual_rainfall,idn.13.1309,2025-01-01,2025-12-31,annual,3516.587957,millimetres,model_estimate,chirpsprov_895a16cb21d7cc63ddc0f299,false,true,chirps_v3_final_monthly_big_june_2026_fixed_boundary_v1,,spatial_frame=fixed_current_boundary_june_2026; historical_boundary_continuity=false; months_complete=12; min_valid_area_fraction=1.00000000; mean_valid_area_fraction=1.00000000; source_product=CHIRPS v3 Final monthly; geometry_source=BIG BATAS_KABKOTA_AR; geometry_source_edition=Juni 2026; observed_station_equivalence=false; comparability_scope=within_CHIRPS_v3_Final_fixed_current_boundary_frame; independent_station_validation=pending
chirpsobs_efa54badd5bee81ae2a47702,annual_rainfall,idn.13.1306,2011-01-01,2011-12-31,annual,3473.967944,millimetres,model_estimate,chirpsprov_f02726b2fbc31c90fe475402,false,true,chirps_v3_final_monthly_big_june_2026_fixed_boundary_v1,,spatial_frame=fixed_current_boundary_june_2026; historical_boundary_continuity=false; months_complete=12; min_valid_area_fraction=0.99993254; mean_valid_area_fraction=0.99993254; source_product=CHIRPS v3 Final monthly; geometry_source=BIG BATAS_KABKOTA_AR; geometry_source_edition=Juni 2026; observed_station_equivalence=false; comparability_scope=within_CHIRPS_v3_Final_fixed_current_boundary_frame; independent_station_validation=pending
chirpsobs_efc07fa88b269dd9a7938653,annual_rainfall,idn.13.1312,2014-01-01,2014-12-31,annual,3724.365971,millimetres,model_estimate,chirpsprov_b4a99eb15560b1d88e757010,false,true,chirps_v3_final_monthly_big_june_2026_fixed_boundary_v1,,spatial_frame=fixed_current_boundary_june_2026; historical_boundary_continuity=false; months_complete=12; min_valid_area_fraction=1.00000000; mean_valid_area_fraction=1.00000000; source_product=CHIRPS v3 Final monthly; geometry_source=BIG BATAS_KABKOTA_AR; geometry_source_edition=Juni 2026; observed_station_equivalence=false; comparability_scope=within_CHIRPS_v3_Final_fixed_current_boundary_frame; independent_station_validation=pending
chirpsobs_efc925ebd94e71f24f0d6413,annual_rainfall,idn.13.1376,2006-01-01,2006-12-31,annual,1862.832573,millimetres,model_estimate,chirpsprov_33c1360517abf4405894a6a4,false,true,chirps_v3_final_monthly_big_june_2026_fixed_boundary_v1,,spatial_frame=fixed_current_boundary_june_2026; historical_boundary_continuity=false; months_complete=12; min_valid_area_fraction=1.00000000; mean_valid_area_fraction=1.00000000; source_product=CHIRPS v3 Final monthly; geometry_source=BIG BATAS_KABKOTA_AR; geometry_source_edition=Juni 2026; observed_station_equivalence=false; comparability_scope=within_CHIRPS_v3_Final_fixed_current_boundary_frame; independent_station_validation=pending
chirpsobs_eff957940f5635d0018bf5ac,annual_rainfall,idn.13.1308,2000-01-01,2000-12-31,annual,2802.894851,millimetres,model_estimate,chirpsprov_fc3b6aa57f2d9a4e61b62b31,false,true,chirps_v3_final_monthly_big_june_2026_fixed_boundary_v1,,spatial_frame=fixed_current_boundary_june_2026; historical_boundary_continuity=false; months_complete=12; min_valid_area_fraction=1.00000000; mean_valid_area_fraction=1.00000000; source_product=CHIRPS v3 Final monthly; geometry_source=BIG BATAS_KABKOTA_AR; geometry_source_edition=Juni 2026; observed_station_equivalence=false; comparability_scope=within_CHIRPS_v3_Final_fixed_current_boundary_frame; independent_station_validation=pending
chirpsobs_f028c1bd0307c7978651f438,annual_rainfall,idn.13.1308,2002-01-01,2002-12-31,annual,2545.862441,millimetres,model_estimate,chirpsprov_2cf1096ce26eebc728e69baf,false,true,chirps_v3_final_monthly_big_june_2026_fixed_boundary_v1,,spatial_frame=fixed_current_boundary_june_2026; historical_boundary_continuity=false; months_complete=12; min_valid_area_fraction=1.00000000; mean_valid_area_fraction=1.00000000; source_product=CHIRPS v3 Final monthly; geometry_source=BIG BATAS_KABKOTA_AR; geometry_source_edition=Juni 2026; observed_station_equivalence=false; comparability_scope=within_CHIRPS_v3_Final_fixed_current_boundary_frame; independent_station_validation=pending
chirpsobs_f0f69e7aeb11387cf9dc7138,annual_rainfall,idn.13.1306,2007-01-01,2007-12-31,annual,4130.487301,millimetres,model_estimate,chirpsprov_d583a73735d084b8b2496aa8,false,true,chirps_v3_final_monthly_big_june_2026_fixed_boundary_v1,,spatial_frame=fixed_current_boundary_june_2026; historical_boundary_continuity=false; months_complete=12; min_valid_area_fraction=0.99993254; mean_valid_area_fraction=0.99993254; source_product=CHIRPS v3 Final monthly; geometry_source=BIG BATAS_KABKOTA_AR; geometry_source_edition=Juni 2026; observed_station_equivalence=false; comparability_scope=within_CHIRPS_v3_Final_fixed_current_boundary_frame; independent_station_validation=pending
chirpsobs_f10ae5767425a9da3b71478e,annual_rainfall,idn.13.1309,1998-01-01,1998-12-31,annual,2743.859992,millimetres,model_estimate,chirpsprov_fd5c54c3ffb3d358e77e15f7,false,true,chirps_v3_final_monthly_big_june_2026_fixed_boundary_v1,,spatial_frame=fixed_current_boundary_june_2026; historical_boundary_continuity=false; months_complete=12; min_valid_area_fraction=1.00000000; mean_valid_area_fraction=1.00000000; source_product=CHIRPS v3 Final monthly; geometry_source=BIG BATAS_KABKOTA_AR; geometry_source_edition=Juni 2026; observed_station_equivalence=false; comparability_scope=within_CHIRPS_v3_Final_fixed_current_boundary_frame; independent_station_validation=pending
chirpsobs_f140ebd3379e44939e0f165b,annual_rainfall,idn.13.1302,2006-01-01,2006-12-31,annual,2361.198135,millimetres,model_estimate,chirpsprov_33c1360517abf4405894a6a4,false,true,chirps_v3_final_monthly_big_june_2026_fixed_boundary_v1,,spatial_frame=fixed_current_boundary_june_2026; historical_boundary_continuity=false; months_complete=12; min_valid_area_fraction=0.99990289; mean_valid_area_fraction=0.99990289; source_product=CHIRPS v3 Final monthly; geometry_source=BIG BATAS_KABKOTA_AR; geometry_source_edition=Juni 2026; observed_station_equivalence=false; comparability_scope=within_CHIRPS_v3_Final_fixed_current_boundary_frame; independent_station_validation=pending
chirpsobs_f19ae6e98c57c77b998b9ebb,annual_rainfall,idn.13.1376,1995-01-01,1995-12-31,annual,2400.160301,millimetres,model_estimate,chirpsprov_9ff2f7a1dfcae20618823751,false,true,chirps_v3_final_monthly_big_june_2026_fixed_boundary_v1,,spatial_frame=fixed_current_boundary_june_2026; historical_boundary_continuity=false; months_complete=12; min_valid_area_fraction=1.00000000; mean_valid_area_fraction=1.00000000; source_product=CHIRPS v3 Final monthly; geometry_source=BIG BATAS_KABKOTA_AR; geometry_source_edition=Juni 2026; observed_station_equivalence=false; comparability_scope=within_CHIRPS_v3_Final_fixed_current_boundary_frame; independent_station_validation=pending
chirpsobs_f1c3d2b922bf824d29f39eb1,annual_rainfall,idn.13.1371,1991-01-01,1991-12-31,annual,3303.507969,millimetres,model_estimate,chirpsprov_6a2c532764a205347fffab60,false,true,chirps_v3_final_monthly_big_june_2026_fixed_boundary_v1,,spatial_frame=fixed_current_boundary_june_2026; historical_boundary_continuity=false; months_complete=12; min_valid_area_fraction=0.99912533; mean_valid_area_fraction=0.99912533; source_product=CHIRPS v3 Final monthly; geometry_source=BIG BATAS_KABKOTA_AR; geometry_source_edition=Juni 2026; observed_station_equivalence=false; comparability_scope=within_CHIRPS_v3_Final_fixed_current_boundary_frame; independent_station_validation=pending
chirpsobs_f1ca5503897427d5077af5b3,annual_rainfall,idn.13.1307,2007-01-01,2007-12-31,annual,3017.652073,millimetres,model_estimate,chirpsprov_d583a73735d084b8b2496aa8,false,true,chirps_v3_final_monthly_big_june_2026_fixed_boundary_v1,,spatial_frame=fixed_current_boundary_june_2026; historical_boundary_continuity=false; months_complete=12; min_valid_area_fraction=1.00000000; mean_valid_area_fraction=1.00000000; source_product=CHIRPS v3 Final monthly; geometry_source=BIG BATAS_KABKOTA_AR; geometry_source_edition=Juni 2026; observed_station_equivalence=false; comparability_scope=within_CHIRPS_v3_Final_fixed_current_boundary_frame; independent_station_validation=pending
chirpsobs_f216d8825ffc185a4f8c84e3,annual_rainfall,idn.13.1310,1994-01-01,1994-12-31,annual,1625.116820,millimetres,model_estimate,chirpsprov_1ad925e050f99158259f45a8,false,true,chirps_v3_final_monthly_big_june_2026_fixed_boundary_v1,,spatial_frame=fixed_current_boundary_june_2026; historical_boundary_continuity=false; months_complete=12; min_valid_area_fraction=1.00000000; mean_valid_area_fraction=1.00000000; source_product=CHIRPS v3 Final monthly; geometry_source=BIG BATAS_KABKOTA_AR; geometry_source_edition=Juni 2026; observed_station_equivalence=false; comparability_scope=within_CHIRPS_v3_Final_fixed_current_boundary_frame; independent_station_validation=pending
chirpsobs_f24a3ad4632e3f7e6a428a3a,annual_rainfall,idn.13.1308,1996-01-01,1996-12-31,annual,2401.345264,millimetres,model_estimate,chirpsprov_864915f0694d4a2f8d62d710,false,true,chirps_v3_final_monthly_big_june_2026_fixed_boundary_v1,,spatial_frame=fixed_current_boundary_june_2026; historical_boundary_continuity=false; months_complete=12; min_valid_area_fraction=1.00000000; mean_valid_area_fraction=1.00000000; source_product=CHIRPS v3 Final monthly; geometry_source=BIG BATAS_KABKOTA_AR; geometry_source_edition=Juni 2026; observed_station_equivalence=false; comparability_scope=within_CHIRPS_v3_Final_fixed_current_boundary_frame; independent_station_validation=pending
chirpsobs_f27fda689673da05386d0a29,annual_rainfall,idn.13.1306,2008-01-01,2008-12-31,annual,4153.479560,millimetres,model_estimate,chirpsprov_ed07e8adb20331297fea22e4,false,true,chirps_v3_final_monthly_big_june_2026_fixed_boundary_v1,,spatial_frame=fixed_current_boundary_june_2026; historical_boundary_continuity=false; months_complete=12; min_valid_area_fraction=0.99993254; mean_valid_area_fraction=0.99993254; source_product=CHIRPS v3 Final monthly; geometry_source=BIG BATAS_KABKOTA_AR; geometry_source_edition=Juni 2026; observed_station_equivalence=false; comparability_scope=within_CHIRPS_v3_Final_fixed_current_boundary_frame; independent_station_validation=pending
chirpsobs_f2b5fcfbdc36674e6056343b,annual_rainfall,idn.13.1371,1981-01-01,1981-12-31,annual,4103.963471,millimetres,model_estimate,chirpsprov_b1892e858b9a21df3f3835f6,false,true,chirps_v3_final_monthly_big_june_2026_fixed_boundary_v1,,spatial_frame=fixed_current_boundary_june_2026; historical_boundary_continuity=false; months_complete=12; min_valid_area_fraction=0.99912533; mean_valid_area_fraction=0.99912533; source_product=CHIRPS v3 Final monthly; geometry_source=BIG BATAS_KABKOTA_AR; geometry_source_edition=Juni 2026; observed_station_equivalence=false; comparability_scope=within_CHIRPS_v3_Final_fixed_current_boundary_frame; independent_station_validation=pending
chirpsobs_f329b0b6832496016fd08932,annual_rainfall,idn.13.1307,2013-01-01,2013-12-31,annual,3160.219230,millimetres,model_estimate,chirpsprov_5b65845f0a067c46b1ff4bb4,false,true,chirps_v3_final_monthly_big_june_2026_fixed_boundary_v1,,spatial_frame=fixed_current_boundary_june_2026; historical_boundary_continuity=false; months_complete=12; min_valid_area_fraction=1.00000000; mean_valid_area_fraction=1.00000000; source_product=CHIRPS v3 Final monthly; geometry_source=BIG BATAS_KABKOTA_AR; geometry_source_edition=Juni 2026; observed_station_equivalence=false; comparability_scope=within_CHIRPS_v3_Final_fixed_current_boundary_frame; independent_station_validation=pending
chirpsobs_f37dfd1f6dde6466e3f537bb,annual_rainfall,idn.13.1309,2010-01-01,2010-12-31,annual,3817.971765,millimetres,model_estimate,chirpsprov_6d539a98f8e70f0f921b9fea,false,true,chirps_v3_final_monthly_big_june_2026_fixed_boundary_v1,,spatial_frame=fixed_current_boundary_june_2026; historical_boundary_continuity=false; months_complete=12; min_valid_area_fraction=1.00000000; mean_valid_area_fraction=1.00000000; source_product=CHIRPS v3 Final monthly; geometry_source=BIG BATAS_KABKOTA_AR; geometry_source_edition=Juni 2026; observed_station_equivalence=false; comparability_scope=within_CHIRPS_v3_Final_fixed_current_boundary_frame; independent_station_validation=pending
chirpsobs_f3bc2848c67e7e6031324f9b,annual_rainfall,idn.13.1373,1993-01-01,1993-12-31,annual,2052.604191,millimetres,model_estimate,chirpsprov_0b1431dfbfc76cd87c567ea3,false,true,chirps_v3_final_monthly_big_june_2026_fixed_boundary_v1,,spatial_frame=fixed_current_boundary_june_2026; historical_boundary_continuity=false; months_complete=12; min_valid_area_fraction=1.00000000; mean_valid_area_fraction=1.00000000; source_product=CHIRPS v3 Final monthly; geometry_source=BIG BATAS_KABKOTA_AR; geometry_source_edition=Juni 2026; observed_station_equivalence=false; comparability_scope=within_CHIRPS_v3_Final_fixed_current_boundary_frame; independent_station_validation=pending
chirpsobs_f3d9fb7a47a7f217357f4b4e,annual_rainfall,idn.13.1376,1993-01-01,1993-12-31,annual,1777.364711,millimetres,model_estimate,chirpsprov_0b1431dfbfc76cd87c567ea3,false,true,chirps_v3_final_monthly_big_june_2026_fixed_boundary_v1,,spatial_frame=fixed_current_boundary_june_2026; historical_boundary_continuity=false; months_complete=12; min_valid_area_fraction=1.00000000; mean_valid_area_fraction=1.00000000; source_product=CHIRPS v3 Final monthly; geometry_source=BIG BATAS_KABKOTA_AR; geometry_source_edition=Juni 2026; observed_station_equivalence=false; comparability_scope=within_CHIRPS_v3_Final_fixed_current_boundary_frame; independent_station_validation=pending
chirpsobs_f4234efe9a7dd66f6627ea17,annual_rainfall,idn.13.1307,2018-01-01,2018-12-31,annual,3019.356902,millimetres,model_estimate,chirpsprov_c8030a113fbc38a4dd14a894,false,true,chirps_v3_final_monthly_big_june_2026_fixed_boundary_v1,,spatial_frame=fixed_current_boundary_june_2026; historical_boundary_continuity=false; months_complete=12; min_valid_area_fraction=1.00000000; mean_valid_area_fraction=1.00000000; source_product=CHIRPS v3 Final monthly; geometry_source=BIG BATAS_KABKOTA_AR; geometry_source_edition=Juni 2026; observed_station_equivalence=false; comparability_scope=within_CHIRPS_v3_Final_fixed_current_boundary_frame; independent_station_validation=pending
chirpsobs_f45413bf2e3e048e6ce74a63,annual_rainfall,idn.13.1312,2001-01-01,2001-12-31,annual,3382.459226,millimetres,model_estimate,chirpsprov_08cf9a732d039d72eccb02c0,false,true,chirps_v3_final_monthly_big_june_2026_fixed_boundary_v1,,spatial_frame=fixed_current_boundary_june_2026; historical_boundary_continuity=false; months_complete=12; min_valid_area_fraction=1.00000000; mean_valid_area_fraction=1.00000000; source_product=CHIRPS v3 Final monthly; geometry_source=BIG BATAS_KABKOTA_AR; geometry_source_edition=Juni 2026; observed_station_equivalence=false; comparability_scope=within_CHIRPS_v3_Final_fixed_current_boundary_frame; independent_station_validation=pending
chirpsobs_f4ad142747f14411908d0852,annual_rainfall,idn.13.1310,1995-01-01,1995-12-31,annual,2708.023711,millimetres,model_estimate,chirpsprov_9ff2f7a1dfcae20618823751,false,true,chirps_v3_final_monthly_big_june_2026_fixed_boundary_v1,,spatial_frame=fixed_current_boundary_june_2026; historical_boundary_continuity=false; months_complete=12; min_valid_area_fraction=1.00000000; mean_valid_area_fraction=1.00000000; source_product=CHIRPS v3 Final monthly; geometry_source=BIG BATAS_KABKOTA_AR; geometry_source_edition=Juni 2026; observed_station_equivalence=false; comparability_scope=within_CHIRPS_v3_Final_fixed_current_boundary_frame; independent_station_validation=pending
chirpsobs_f4ec17b4143c0fb50a3b03c9,annual_rainfall,idn.13.1306,1986-01-01,1986-12-31,annual,4414.735855,millimetres,model_estimate,chirpsprov_6c1e56941bc5b402ba2b4cbf,false,true,chirps_v3_final_monthly_big_june_2026_fixed_boundary_v1,,spatial_frame=fixed_current_boundary_june_2026; historical_boundary_continuity=false; months_complete=12; min_valid_area_fraction=0.99993254; mean_valid_area_fraction=0.99993254; source_product=CHIRPS v3 Final monthly; geometry_source=BIG BATAS_KABKOTA_AR; geometry_source_edition=Juni 2026; observed_station_equivalence=false; comparability_scope=within_CHIRPS_v3_Final_fixed_current_boundary_frame; independent_station_validation=pending
chirpsobs_f5197b6949dca7e9467e5beb,annual_rainfall,idn.13.1306,1982-01-01,1982-12-31,annual,2783.216284,millimetres,model_estimate,chirpsprov_d76928f82e8715e9e28c66e3,false,true,chirps_v3_final_monthly_big_june_2026_fixed_boundary_v1,,spatial_frame=fixed_current_boundary_june_2026; historical_boundary_continuity=false; months_complete=12; min_valid_area_fraction=0.99993254; mean_valid_area_fraction=0.99993254; source_product=CHIRPS v3 Final monthly; geometry_source=BIG BATAS_KABKOTA_AR; geometry_source_edition=Juni 2026; observed_station_equivalence=false; comparability_scope=within_CHIRPS_v3_Final_fixed_current_boundary_frame; independent_station_validation=pending
chirpsobs_f5968021ddd2ae061ee42de0,annual_rainfall,idn.13.1308,2022-01-01,2022-12-31,annual,3506.769514,millimetres,model_estimate,chirpsprov_3aa2018ec0576428d71e18bf,false,true,chirps_v3_final_monthly_big_june_2026_fixed_boundary_v1,,spatial_frame=fixed_current_boundary_june_2026; historical_boundary_continuity=false; months_complete=12; min_valid_area_fraction=1.00000000; mean_valid_area_fraction=1.00000000; source_product=CHIRPS v3 Final monthly; geometry_source=BIG BATAS_KABKOTA_AR; geometry_source_edition=Juni 2026; observed_station_equivalence=false; comparability_scope=within_CHIRPS_v3_Final_fixed_current_boundary_frame; independent_station_validation=pending
chirpsobs_f5f00a9a083815f0afd4df53,annual_rainfall,idn.13.1373,2009-01-01,2009-12-31,annual,2827.895203,millimetres,model_estimate,chirpsprov_abb2dd60088714756570bb9f,false,true,chirps_v3_final_monthly_big_june_2026_fixed_boundary_v1,,spatial_frame=fixed_current_boundary_june_2026; historical_boundary_continuity=false; months_complete=12; min_valid_area_fraction=1.00000000; mean_valid_area_fraction=1.00000000; source_product=CHIRPS v3 Final monthly; geometry_source=BIG BATAS_KABKOTA_AR; geometry_source_edition=Juni 2026; observed_station_equivalence=false; comparability_scope=within_CHIRPS_v3_Final_fixed_current_boundary_frame; independent_station_validation=pending
chirpsobs_f62f81d0567a4dbe09914c53,annual_rainfall,idn.13.1301,2025-01-01,2025-12-31,annual,3677.797185,millimetres,model_estimate,chirpsprov_895a16cb21d7cc63ddc0f299,false,true,chirps_v3_final_monthly_big_june_2026_fixed_boundary_v1,,spatial_frame=fixed_current_boundary_june_2026; historical_boundary_continuity=false; months_complete=12; min_valid_area_fraction=0.99877921; mean_valid_area_fraction=0.99877921; source_product=CHIRPS v3 Final monthly; geometry_source=BIG BATAS_KABKOTA_AR; geometry_source_edition=Juni 2026; observed_station_equivalence=false; comparability_scope=within_CHIRPS_v3_Final_fixed_current_boundary_frame; independent_station_validation=pending
chirpsobs_f7199c58cdfc22b57d38133d,annual_rainfall,idn.13.1312,2019-01-01,2019-12-31,annual,3237.458841,millimetres,model_estimate,chirpsprov_0dbe201c4de4fc57baa56cc7,false,true,chirps_v3_final_monthly_big_june_2026_fixed_boundary_v1,,spatial_frame=fixed_current_boundary_june_2026; historical_boundary_continuity=false; months_complete=12; min_valid_area_fraction=1.00000000; mean_valid_area_fraction=1.00000000; source_product=CHIRPS v3 Final monthly; geometry_source=BIG BATAS_KABKOTA_AR; geometry_source_edition=Juni 2026; observed_station_equivalence=false; comparability_scope=within_CHIRPS_v3_Final_fixed_current_boundary_frame; independent_station_validation=pending
chirpsobs_f7a837b7892f42fd202bbba4,annual_rainfall,idn.13.1372,1988-01-01,1988-12-31,annual,3135.156370,millimetres,model_estimate,chirpsprov_9bfc6526f1c0b90065fc7c93,false,true,chirps_v3_final_monthly_big_june_2026_fixed_boundary_v1,,spatial_frame=fixed_current_boundary_june_2026; historical_boundary_continuity=false; months_complete=12; min_valid_area_fraction=1.00000000; mean_valid_area_fraction=1.00000000; source_product=CHIRPS v3 Final monthly; geometry_source=BIG BATAS_KABKOTA_AR; geometry_source_edition=Juni 2026; observed_station_equivalence=false; comparability_scope=within_CHIRPS_v3_Final_fixed_current_boundary_frame; independent_station_validation=pending
chirpsobs_f7bf1ae3c84911f7e7889239,annual_rainfall,idn.13.1373,2014-01-01,2014-12-31,annual,2517.360049,millimetres,model_estimate,chirpsprov_b4a99eb15560b1d88e757010,false,true,chirps_v3_final_monthly_big_june_2026_fixed_boundary_v1,,spatial_frame=fixed_current_boundary_june_2026; historical_boundary_continuity=false; months_complete=12; min_valid_area_fraction=1.00000000; mean_valid_area_fraction=1.00000000; source_product=CHIRPS v3 Final monthly; geometry_source=BIG BATAS_KABKOTA_AR; geometry_source_edition=Juni 2026; observed_station_equivalence=false; comparability_scope=within_CHIRPS_v3_Final_fixed_current_boundary_frame; independent_station_validation=pending
chirpsobs_f7d0b8ef283222d85f33a1e6,annual_rainfall,idn.13.1371,1982-01-01,1982-12-31,annual,2581.094481,millimetres,model_estimate,chirpsprov_d76928f82e8715e9e28c66e3,false,true,chirps_v3_final_monthly_big_june_2026_fixed_boundary_v1,,spatial_frame=fixed_current_boundary_june_2026; historical_boundary_continuity=false; months_complete=12; min_valid_area_fraction=0.99912533; mean_valid_area_fraction=0.99912533; source_product=CHIRPS v3 Final monthly; geometry_source=BIG BATAS_KABKOTA_AR; geometry_source_edition=Juni 2026; observed_station_equivalence=false; comparability_scope=within_CHIRPS_v3_Final_fixed_current_boundary_frame; independent_station_validation=pending
chirpsobs_f8298f178a478e8c85a7cecb,annual_rainfall,idn.13.1371,1993-01-01,1993-12-31,annual,2853.648928,millimetres,model_estimate,chirpsprov_0b1431dfbfc76cd87c567ea3,false,true,chirps_v3_final_monthly_big_june_2026_fixed_boundary_v1,,spatial_frame=fixed_current_boundary_june_2026; historical_boundary_continuity=false; months_complete=12; min_valid_area_fraction=0.99912533; mean_valid_area_fraction=0.99912533; source_product=CHIRPS v3 Final monthly; geometry_source=BIG BATAS_KABKOTA_AR; geometry_source_edition=Juni 2026; observed_station_equivalence=false; comparability_scope=within_CHIRPS_v3_Final_fixed_current_boundary_frame; independent_station_validation=pending
chirpsobs_f854cd9bbb9ed058f988b8ad,annual_rainfall,idn.13.1375,2010-01-01,2010-12-31,annual,2659.024126,millimetres,model_estimate,chirpsprov_6d539a98f8e70f0f921b9fea,false,true,chirps_v3_final_monthly_big_june_2026_fixed_boundary_v1,,spatial_frame=fixed_current_boundary_june_2026; historical_boundary_continuity=false; months_complete=12; min_valid_area_fraction=1.00000000; mean_valid_area_fraction=1.00000000; source_product=CHIRPS v3 Final monthly; geometry_source=BIG BATAS_KABKOTA_AR; geometry_source_edition=Juni 2026; observed_station_equivalence=false; comparability_scope=within_CHIRPS_v3_Final_fixed_current_boundary_frame; independent_station_validation=pending
chirpsobs_f8a3e2cb8b6173e6f85b2f20,annual_rainfall,idn.13.1374,2015-01-01,2015-12-31,annual,2223.972359,millimetres,model_estimate,chirpsprov_b12d5727b3360f9d0d1cfcbb,false,true,chirps_v3_final_monthly_big_june_2026_fixed_boundary_v1,,spatial_frame=fixed_current_boundary_june_2026; historical_boundary_continuity=false; months_complete=12; min_valid_area_fraction=1.00000000; mean_valid_area_fraction=1.00000000; source_product=CHIRPS v3 Final monthly; geometry_source=BIG BATAS_KABKOTA_AR; geometry_source_edition=Juni 2026; observed_station_equivalence=false; comparability_scope=within_CHIRPS_v3_Final_fixed_current_boundary_frame; independent_station_validation=pending
chirpsobs_f91af1d80747a6ca6e687795,annual_rainfall,idn.13.1303,2022-01-01,2022-12-31,annual,3648.037132,millimetres,model_estimate,chirpsprov_3aa2018ec0576428d71e18bf,false,true,chirps_v3_final_monthly_big_june_2026_fixed_boundary_v1,,spatial_frame=fixed_current_boundary_june_2026; historical_boundary_continuity=false; months_complete=12; min_valid_area_fraction=1.00000000; mean_valid_area_fraction=1.00000000; source_product=CHIRPS v3 Final monthly; geometry_source=BIG BATAS_KABKOTA_AR; geometry_source_edition=Juni 2026; observed_station_equivalence=false; comparability_scope=within_CHIRPS_v3_Final_fixed_current_boundary_frame; independent_station_validation=pending
chirpsobs_f94f8a05288e93ba225bf2fb,annual_rainfall,idn.13.1301,2018-01-01,2018-12-31,annual,3567.246432,millimetres,model_estimate,chirpsprov_c8030a113fbc38a4dd14a894,false,true,chirps_v3_final_monthly_big_june_2026_fixed_boundary_v1,,spatial_frame=fixed_current_boundary_june_2026; historical_boundary_continuity=false; months_complete=12; min_valid_area_fraction=0.99877921; mean_valid_area_fraction=0.99877921; source_product=CHIRPS v3 Final monthly; geometry_source=BIG BATAS_KABKOTA_AR; geometry_source_edition=Juni 2026; observed_station_equivalence=false; comparability_scope=within_CHIRPS_v3_Final_fixed_current_boundary_frame; independent_station_validation=pending
chirpsobs_f9bb920c8e18a85ea2092ed1,annual_rainfall,idn.13.1312,2017-01-01,2017-12-31,annual,4123.090262,millimetres,model_estimate,chirpsprov_dccafa903dab232b9aad0bd5,false,true,chirps_v3_final_monthly_big_june_2026_fixed_boundary_v1,,spatial_frame=fixed_current_boundary_june_2026; historical_boundary_continuity=false; months_complete=12; min_valid_area_fraction=1.00000000; mean_valid_area_fraction=1.00000000; source_product=CHIRPS v3 Final monthly; geometry_source=BIG BATAS_KABKOTA_AR; geometry_source_edition=Juni 2026; observed_station_equivalence=false; comparability_scope=within_CHIRPS_v3_Final_fixed_current_boundary_frame; independent_station_validation=pending
chirpsobs_f9f7bbbb3399c7959f817c03,annual_rainfall,idn.13.1303,1987-01-01,1987-12-31,annual,2295.038949,millimetres,model_estimate,chirpsprov_7c2bd4ffc29c3c1f203409a0,false,true,chirps_v3_final_monthly_big_june_2026_fixed_boundary_v1,,spatial_frame=fixed_current_boundary_june_2026; historical_boundary_continuity=false; months_complete=12; min_valid_area_fraction=1.00000000; mean_valid_area_fraction=1.00000000; source_product=CHIRPS v3 Final monthly; geometry_source=BIG BATAS_KABKOTA_AR; geometry_source_edition=Juni 2026; observed_station_equivalence=false; comparability_scope=within_CHIRPS_v3_Final_fixed_current_boundary_frame; independent_station_validation=pending
chirpsobs_fa3f8cfcd11cb35dfa17a1e6,annual_rainfall,idn.13.1301,2004-01-01,2004-12-31,annual,3122.109419,millimetres,model_estimate,chirpsprov_96a561b0500081f35c2a6aff,false,true,chirps_v3_final_monthly_big_june_2026_fixed_boundary_v1,,spatial_frame=fixed_current_boundary_june_2026; historical_boundary_continuity=false; months_complete=12; min_valid_area_fraction=0.99877921; mean_valid_area_fraction=0.99877921; source_product=CHIRPS v3 Final monthly; geometry_source=BIG BATAS_KABKOTA_AR; geometry_source_edition=Juni 2026; observed_station_equivalence=false; comparability_scope=within_CHIRPS_v3_Final_fixed_current_boundary_frame; independent_station_validation=pending
chirpsobs_fa531a40e37a17df914274a6,annual_rainfall,idn.13.1374,2013-01-01,2013-12-31,annual,3062.525918,millimetres,model_estimate,chirpsprov_5b65845f0a067c46b1ff4bb4,false,true,chirps_v3_final_monthly_big_june_2026_fixed_boundary_v1,,spatial_frame=fixed_current_boundary_june_2026; historical_boundary_continuity=false; months_complete=12; min_valid_area_fraction=1.00000000; mean_valid_area_fraction=1.00000000; source_product=CHIRPS v3 Final monthly; geometry_source=BIG BATAS_KABKOTA_AR; geometry_source_edition=Juni 2026; observed_station_equivalence=false; comparability_scope=within_CHIRPS_v3_Final_fixed_current_boundary_frame; independent_station_validation=pending
chirpsobs_fab9a62a446f8e6cfc164371,annual_rainfall,idn.13.1371,2014-01-01,2014-12-31,annual,3594.052234,millimetres,model_estimate,chirpsprov_b4a99eb15560b1d88e757010,false,true,chirps_v3_final_monthly_big_june_2026_fixed_boundary_v1,,spatial_frame=fixed_current_boundary_june_2026; historical_boundary_continuity=false; months_complete=12; min_valid_area_fraction=0.99912533; mean_valid_area_fraction=0.99912533; source_product=CHIRPS v3 Final monthly; geometry_source=BIG BATAS_KABKOTA_AR; geometry_source_edition=Juni 2026; observed_station_equivalence=false; comparability_scope=within_CHIRPS_v3_Final_fixed_current_boundary_frame; independent_station_validation=pending
chirpsobs_facda51460c4550e9da521ea,annual_rainfall,idn.13.1376,1992-01-01,1992-12-31,annual,2045.683738,millimetres,model_estimate,chirpsprov_938566067d5a0dee5b9cc5f3,false,true,chirps_v3_final_monthly_big_june_2026_fixed_boundary_v1,,spatial_frame=fixed_current_boundary_june_2026; historical_boundary_continuity=false; months_complete=12; min_valid_area_fraction=1.00000000; mean_valid_area_fraction=1.00000000; source_product=CHIRPS v3 Final monthly; geometry_source=BIG BATAS_KABKOTA_AR; geometry_source_edition=Juni 2026; observed_station_equivalence=false; comparability_scope=within_CHIRPS_v3_Final_fixed_current_boundary_frame; independent_station_validation=pending
chirpsobs_fb0a8ac00dc694722a954d57,annual_rainfall,idn.13.1305,2000-01-01,2000-12-31,annual,2689.949272,millimetres,model_estimate,chirpsprov_fc3b6aa57f2d9a4e61b62b31,false,true,chirps_v3_final_monthly_big_june_2026_fixed_boundary_v1,,spatial_frame=fixed_current_boundary_june_2026; historical_boundary_continuity=false; months_complete=12; min_valid_area_fraction=1.00000000; mean_valid_area_fraction=1.00000000; source_product=CHIRPS v3 Final monthly; geometry_source=BIG BATAS_KABKOTA_AR; geometry_source_edition=Juni 2026; observed_station_equivalence=false; comparability_scope=within_CHIRPS_v3_Final_fixed_current_boundary_frame; independent_station_validation=pending
chirpsobs_fb96ecc4c5e3f4ab977f0547,annual_rainfall,idn.13.1374,2001-01-01,2001-12-31,annual,2432.065855,millimetres,model_estimate,chirpsprov_08cf9a732d039d72eccb02c0,false,true,chirps_v3_final_monthly_big_june_2026_fixed_boundary_v1,,spatial_frame=fixed_current_boundary_june_2026; historical_boundary_continuity=false; months_complete=12; min_valid_area_fraction=1.00000000; mean_valid_area_fraction=1.00000000; source_product=CHIRPS v3 Final monthly; geometry_source=BIG BATAS_KABKOTA_AR; geometry_source_edition=Juni 2026; observed_station_equivalence=false; comparability_scope=within_CHIRPS_v3_Final_fixed_current_boundary_frame; independent_station_validation=pending
chirpsobs_fbc8377cd163792ae35bcf69,annual_rainfall,idn.13.1305,2016-01-01,2016-12-31,annual,2908.984585,millimetres,model_estimate,chirpsprov_bdfc0cb4713e768353b0af59,false,true,chirps_v3_final_monthly_big_june_2026_fixed_boundary_v1,,spatial_frame=fixed_current_boundary_june_2026; historical_boundary_continuity=false; months_complete=12; min_valid_area_fraction=1.00000000; mean_valid_area_fraction=1.00000000; source_product=CHIRPS v3 Final monthly; geometry_source=BIG BATAS_KABKOTA_AR; geometry_source_edition=Juni 2026; observed_station_equivalence=false; comparability_scope=within_CHIRPS_v3_Final_fixed_current_boundary_frame; independent_station_validation=pending
chirpsobs_fbda72cf521a9a8a1a175c78,annual_rainfall,idn.13.1309,1989-01-01,1989-12-31,annual,3217.668537,millimetres,model_estimate,chirpsprov_dce3ffaedc1a899d204a1612,false,true,chirps_v3_final_monthly_big_june_2026_fixed_boundary_v1,,spatial_frame=fixed_current_boundary_june_2026; historical_boundary_continuity=false; months_complete=12; min_valid_area_fraction=1.00000000; mean_valid_area_fraction=1.00000000; source_product=CHIRPS v3 Final monthly; geometry_source=BIG BATAS_KABKOTA_AR; geometry_source_edition=Juni 2026; observed_station_equivalence=false; comparability_scope=within_CHIRPS_v3_Final_fixed_current_boundary_frame; independent_station_validation=pending
chirpsobs_fbe3142c03ef5aef7e08be10,annual_rainfall,idn.13.1307,2024-01-01,2024-12-31,annual,3516.147981,millimetres,model_estimate,chirpsprov_80f1b34a386a8dd06869ba96,false,true,chirps_v3_final_monthly_big_june_2026_fixed_boundary_v1,,spatial_frame=fixed_current_boundary_june_2026; historical_boundary_continuity=false; months_complete=12; min_valid_area_fraction=1.00000000; mean_valid_area_fraction=1.00000000; source_product=CHIRPS v3 Final monthly; geometry_source=BIG BATAS_KABKOTA_AR; geometry_source_edition=Juni 2026; observed_station_equivalence=false; comparability_scope=within_CHIRPS_v3_Final_fixed_current_boundary_frame; independent_station_validation=pending
chirpsobs_fd1c2f4dc0df6f69b598507d,annual_rainfall,idn.13.1373,1999-01-01,1999-12-31,annual,3358.655668,millimetres,model_estimate,chirpsprov_8c3023760d15fbc35862fcc4,false,true,chirps_v3_final_monthly_big_june_2026_fixed_boundary_v1,,spatial_frame=fixed_current_boundary_june_2026; historical_boundary_continuity=false; months_complete=12; min_valid_area_fraction=1.00000000; mean_valid_area_fraction=1.00000000; source_product=CHIRPS v3 Final monthly; geometry_source=BIG BATAS_KABKOTA_AR; geometry_source_edition=Juni 2026; observed_station_equivalence=false; comparability_scope=within_CHIRPS_v3_Final_fixed_current_boundary_frame; independent_station_validation=pending
chirpsobs_fd1e74ed91eba27b088edbf2,annual_rainfall,idn.13.1305,1987-01-01,1987-12-31,annual,2123.610806,millimetres,model_estimate,chirpsprov_7c2bd4ffc29c3c1f203409a0,false,true,chirps_v3_final_monthly_big_june_2026_fixed_boundary_v1,,spatial_frame=fixed_current_boundary_june_2026; historical_boundary_continuity=false; months_complete=12; min_valid_area_fraction=1.00000000; mean_valid_area_fraction=1.00000000; source_product=CHIRPS v3 Final monthly; geometry_source=BIG BATAS_KABKOTA_AR; geometry_source_edition=Juni 2026; observed_station_equivalence=false; comparability_scope=within_CHIRPS_v3_Final_fixed_current_boundary_frame; independent_station_validation=pending
chirpsobs_fd95e02bfa7690fdf9d60148,annual_rainfall,idn.13.1305,2017-01-01,2017-12-31,annual,2956.915504,millimetres,model_estimate,chirpsprov_dccafa903dab232b9aad0bd5,false,true,chirps_v3_final_monthly_big_june_2026_fixed_boundary_v1,,spatial_frame=fixed_current_boundary_june_2026; historical_boundary_continuity=false; months_complete=12; min_valid_area_fraction=1.00000000; mean_valid_area_fraction=1.00000000; source_product=CHIRPS v3 Final monthly; geometry_source=BIG BATAS_KABKOTA_AR; geometry_source_edition=Juni 2026; observed_station_equivalence=false; comparability_scope=within_CHIRPS_v3_Final_fixed_current_boundary_frame; independent_station_validation=pending
chirpsobs_fe112ea1dadb8fcd1305a536,annual_rainfall,idn.13.1373,2008-01-01,2008-12-31,annual,3189.447871,millimetres,model_estimate,chirpsprov_ed07e8adb20331297fea22e4,false,true,chirps_v3_final_monthly_big_june_2026_fixed_boundary_v1,,spatial_frame=fixed_current_boundary_june_2026; historical_boundary_continuity=false; months_complete=12; min_valid_area_fraction=1.00000000; mean_valid_area_fraction=1.00000000; source_product=CHIRPS v3 Final monthly; geometry_source=BIG BATAS_KABKOTA_AR; geometry_source_edition=Juni 2026; observed_station_equivalence=false; comparability_scope=within_CHIRPS_v3_Final_fixed_current_boundary_frame; independent_station_validation=pending
chirpsobs_fe1405d3e7872fd4cd1aa1eb,annual_rainfall,idn.13.1373,1982-01-01,1982-12-31,annual,1982.350496,millimetres,model_estimate,chirpsprov_d76928f82e8715e9e28c66e3,false,true,chirps_v3_final_monthly_big_june_2026_fixed_boundary_v1,,spatial_frame=fixed_current_boundary_june_2026; historical_boundary_continuity=false; months_complete=12; min_valid_area_fraction=1.00000000; mean_valid_area_fraction=1.00000000; source_product=CHIRPS v3 Final monthly; geometry_source=BIG BATAS_KABKOTA_AR; geometry_source_edition=Juni 2026; observed_station_equivalence=false; comparability_scope=within_CHIRPS_v3_Final_fixed_current_boundary_frame; independent_station_validation=pending
chirpsobs_fe22274fea88b8a18948ad17,annual_rainfall,idn.13.1305,2009-01-01,2009-12-31,annual,2565.285375,millimetres,model_estimate,chirpsprov_abb2dd60088714756570bb9f,false,true,chirps_v3_final_monthly_big_june_2026_fixed_boundary_v1,,spatial_frame=fixed_current_boundary_june_2026; historical_boundary_continuity=false; months_complete=12; min_valid_area_fraction=1.00000000; mean_valid_area_fraction=1.00000000; source_product=CHIRPS v3 Final monthly; geometry_source=BIG BATAS_KABKOTA_AR; geometry_source_edition=Juni 2026; observed_station_equivalence=false; comparability_scope=within_CHIRPS_v3_Final_fixed_current_boundary_frame; independent_station_validation=pending
chirpsobs_fe2a16f47b7c97312a8dea39,annual_rainfall,idn.13.1372,1995-01-01,1995-12-31,annual,2650.892159,millimetres,model_estimate,chirpsprov_9ff2f7a1dfcae20618823751,false,true,chirps_v3_final_monthly_big_june_2026_fixed_boundary_v1,,spatial_frame=fixed_current_boundary_june_2026; historical_boundary_continuity=false; months_complete=12; min_valid_area_fraction=1.00000000; mean_valid_area_fraction=1.00000000; source_product=CHIRPS v3 Final monthly; geometry_source=BIG BATAS_KABKOTA_AR; geometry_source_edition=Juni 2026; observed_station_equivalence=false; comparability_scope=within_CHIRPS_v3_Final_fixed_current_boundary_frame; independent_station_validation=pending
chirpsobs_fe2d7c14a5292679633d3c51,annual_rainfall,idn.13.1306,1985-01-01,1985-12-31,annual,3867.230147,millimetres,model_estimate,chirpsprov_245a0c829b03c3b0747fd994,false,true,chirps_v3_final_monthly_big_june_2026_fixed_boundary_v1,,spatial_frame=fixed_current_boundary_june_2026; historical_boundary_continuity=false; months_complete=12; min_valid_area_fraction=0.99993254; mean_valid_area_fraction=0.99993254; source_product=CHIRPS v3 Final monthly; geometry_source=BIG BATAS_KABKOTA_AR; geometry_source_edition=Juni 2026; observed_station_equivalence=false; comparability_scope=within_CHIRPS_v3_Final_fixed_current_boundary_frame; independent_station_validation=pending
chirpsobs_fe80fb3067d23a1236e2b201,annual_rainfall,idn.13.1375,1999-01-01,1999-12-31,annual,2843.570381,millimetres,model_estimate,chirpsprov_8c3023760d15fbc35862fcc4,false,true,chirps_v3_final_monthly_big_june_2026_fixed_boundary_v1,,spatial_frame=fixed_current_boundary_june_2026; historical_boundary_continuity=false; months_complete=12; min_valid_area_fraction=1.00000000; mean_valid_area_fraction=1.00000000; source_product=CHIRPS v3 Final monthly; geometry_source=BIG BATAS_KABKOTA_AR; geometry_source_edition=Juni 2026; observed_station_equivalence=false; comparability_scope=within_CHIRPS_v3_Final_fixed_current_boundary_frame; independent_station_validation=pending
chirpsobs_fe9b58b868731bdef5db7396,annual_rainfall,idn.13.1375,1990-01-01,1990-12-31,annual,2135.292308,millimetres,model_estimate,chirpsprov_8a1debf06ff2601da517ede7,false,true,chirps_v3_final_monthly_big_june_2026_fixed_boundary_v1,,spatial_frame=fixed_current_boundary_june_2026; historical_boundary_continuity=false; months_complete=12; min_valid_area_fraction=1.00000000; mean_valid_area_fraction=1.00000000; source_product=CHIRPS v3 Final monthly; geometry_source=BIG BATAS_KABKOTA_AR; geometry_source_edition=Juni 2026; observed_station_equivalence=false; comparability_scope=within_CHIRPS_v3_Final_fixed_current_boundary_frame; independent_station_validation=pending
chirpsobs_fea4c0e87a59ab20493bde68,annual_rainfall,idn.13.1377,1990-01-01,1990-12-31,annual,4164.467059,millimetres,model_estimate,chirpsprov_8a1debf06ff2601da517ede7,false,true,chirps_v3_final_monthly_big_june_2026_fixed_boundary_v1,,spatial_frame=fixed_current_boundary_june_2026; historical_boundary_continuity=false; months_complete=12; min_valid_area_fraction=0.99901085; mean_valid_area_fraction=0.99901085; source_product=CHIRPS v3 Final monthly; geometry_source=BIG BATAS_KABKOTA_AR; geometry_source_edition=Juni 2026; observed_station_equivalence=false; comparability_scope=within_CHIRPS_v3_Final_fixed_current_boundary_frame; independent_station_validation=pending
chirpsobs_fedc4c4b8d83901fbaf96676,annual_rainfall,idn.13.1373,2019-01-01,2019-12-31,annual,2334.179498,millimetres,model_estimate,chirpsprov_0dbe201c4de4fc57baa56cc7,false,true,chirps_v3_final_monthly_big_june_2026_fixed_boundary_v1,,spatial_frame=fixed_current_boundary_june_2026; historical_boundary_continuity=false; months_complete=12; min_valid_area_fraction=1.00000000; mean_valid_area_fraction=1.00000000; source_product=CHIRPS v3 Final monthly; geometry_source=BIG BATAS_KABKOTA_AR; geometry_source_edition=Juni 2026; observed_station_equivalence=false; comparability_scope=within_CHIRPS_v3_Final_fixed_current_boundary_frame; independent_station_validation=pending
chirpsobs_feddacaead9fec2bab138dec,annual_rainfall,idn.13.1302,1989-01-01,1989-12-31,annual,2760.165511,millimetres,model_estimate,chirpsprov_dce3ffaedc1a899d204a1612,false,true,chirps_v3_final_monthly_big_june_2026_fixed_boundary_v1,,spatial_frame=fixed_current_boundary_june_2026; historical_boundary_continuity=false; months_complete=12; min_valid_area_fraction=0.99990289; mean_valid_area_fraction=0.99990289; source_product=CHIRPS v3 Final monthly; geometry_source=BIG BATAS_KABKOTA_AR; geometry_source_edition=Juni 2026; observed_station_equivalence=false; comparability_scope=within_CHIRPS_v3_Final_fixed_current_boundary_frame; independent_station_validation=pending
chirpsobs_ff0946dd52aafe7d2f3fcd07,annual_rainfall,idn.13.1306,2001-01-01,2001-12-31,annual,3251.893131,millimetres,model_estimate,chirpsprov_08cf9a732d039d72eccb02c0,false,true,chirps_v3_final_monthly_big_june_2026_fixed_boundary_v1,,spatial_frame=fixed_current_boundary_june_2026; historical_boundary_continuity=false; months_complete=12; min_valid_area_fraction=0.99993254; mean_valid_area_fraction=0.99993254; source_product=CHIRPS v3 Final monthly; geometry_source=BIG BATAS_KABKOTA_AR; geometry_source_edition=Juni 2026; observed_station_equivalence=false; comparability_scope=within_CHIRPS_v3_Final_fixed_current_boundary_frame; independent_station_validation=pending
chirpsobs_ff4657d6dbafdc34b61027ef,annual_rainfall,idn.13.1308,2014-01-01,2014-12-31,annual,2551.707129,millimetres,model_estimate,chirpsprov_b4a99eb15560b1d88e757010,false,true,chirps_v3_final_monthly_big_june_2026_fixed_boundary_v1,,spatial_frame=fixed_current_boundary_june_2026; historical_boundary_continuity=false; months_complete=12; min_valid_area_fraction=1.00000000; mean_valid_area_fraction=1.00000000; source_product=CHIRPS v3 Final monthly; geometry_source=BIG BATAS_KABKOTA_AR; geometry_source_edition=Juni 2026; observed_station_equivalence=false; comparability_scope=within_CHIRPS_v3_Final_fixed_current_boundary_frame; independent_station_validation=pending
chirpsobs_ff4b2a0f881558ccffb3afaa,annual_rainfall,idn.13.1373,2013-01-01,2013-12-31,annual,3086.227011,millimetres,model_estimate,chirpsprov_5b65845f0a067c46b1ff4bb4,false,true,chirps_v3_final_monthly_big_june_2026_fixed_boundary_v1,,spatial_frame=fixed_current_boundary_june_2026; historical_boundary_continuity=false; months_complete=12; min_valid_area_fraction=1.00000000; mean_valid_area_fraction=1.00000000; source_product=CHIRPS v3 Final monthly; geometry_source=BIG BATAS_KABKOTA_AR; geometry_source_edition=Juni 2026; observed_station_equivalence=false; comparability_scope=within_CHIRPS_v3_Final_fixed_current_boundary_frame; independent_station_validation=pending
