{"type":"Feature","properties":{"mag":7.6,"place":"30 km WSW of Pariaman, Indonesia","time":1254305769250,"updated":1701444204547,"tz":null,"url":"https://earthquake.usgs.gov/earthquakes/eventpage/usp000h237","felt":1027,"cdi":7.6,"mmi":8.221,"alert":null,"status":"reviewed","tsunami":0,"sig":1649,"net":"us","code":"p000h237","ids":",us2009mebz,usp000h237,choy20090930101609,gcmtc200909301016a,duputel200909301016a,gcmt20090930101609,atlas20090930101609,iscgem13801688,","sources":",us,us,choy,gcmt,duputel,gcmt,atlas,iscgem,","types":",associate,dyfi,finite-fault,focal-mechanism,general-text,ground-failure,impact-text,moment-tensor,origin,phase-data,poster,shakemap,trump-shakemap,","nst":498,"dmin":null,"rms":0.92,"gap":14,"magType":"mwc","type":"earthquake","title":"M 7.6 - 30 km WSW of Pariaman, Indonesia","products":{"associate":[{"indexid":18314251,"indexTime":1611370478690,"id":"urn:usgs-product:admin:associate:us_2009mebz_p000h237:1427221552758","type":"associate","code":"us_2009mebz_p000h237","source":"admin","updateTime":1427221552758,"status":"UPDATE","properties":{"eventsource":"us","eventsourcecode":"2009mebz","original-signature":"MCwCFGpesXBXKhFMrDdoxDu7xBLNBwafAhRo9bVcKwAZNLqAbxlw62/ogxDe4Q==","original-signature-version":"v1","othereventsource":"us","othereventsourcecode":"p000h237"},"preferredWeight":1,"contents":[]}],"dyfi":[{"indexid":23928153,"indexTime":1701444208728,"id":"urn:usgs-product:us:dyfi:usp000h237:1701444204547","type":"dyfi","code":"usp000h237","source":"us","updateTime":1701444204547,"status":"UPDATE","properties":{"depth":"81","eventsource":"us","eventsourcecode":"p000h237","eventtime":"2009-09-30T10:16:09.000Z","latitude":"-0.72","longitude":"99.867","magnitude":"7.6","maxmmi":"7.6","num-responses":"1027","numResp":"1027","original-signature":"MC0CFATyOeAW8t/hYcKsguDUQ8IEFk/MAhUAirSRB4obg/Uf5LTnVjmVHIh7lpQ=","original-signature-version":"v1","pdl-client-version":"Version 2.7.10 2021-06-21"},"preferredWeight":158,"contents":{"dyfi_zip.geojson":{"contentType":"application/octet-stream","lastModified":1701444204000,"length":9044,"url":"https://earthquake.usgs.gov/product/dyfi/usp000h237/us/1701444204547/dyfi_zip.geojson","sha256":"hZNMZ2j9CxwidUC3EtQh6t9VoLgI5/0lbtbR2525XaE="},"dyfi_geo_10km.geojson":{"contentType":"application/octet-stream","lastModified":1701444204000,"length":14448,"url":"https://earthquake.usgs.gov/product/dyfi/usp000h237/us/1701444204547/dyfi_geo_10km.geojson","sha256":"yfutZkvVxgVO2dM8mashiv+a2fceqtIAWKWY4J0UDvY="},"dyfi_geo_1km.geojson":{"contentType":"application/octet-stream","lastModified":1701444204000,"length":16694,"url":"https://earthquake.usgs.gov/product/dyfi/usp000h237/us/1701444204547/dyfi_geo_1km.geojson","sha256":"fp5vA1DU0Zk+gm4PWtDXUmfPivOBYmhezj0mHMmms24="},"usp000h237_plot_numresp.jpg":{"contentType":"image/jpeg","lastModified":1701444204000,"length":37983,"url":"https://earthquake.usgs.gov/product/dyfi/usp000h237/us/1701444204547/usp000h237_plot_numresp.jpg","sha256":"MhuBq18yaLtfe/kz0PW5PB7kPSRUqT+e1A1vwgzPEgw="},"cdi_geo.txt":{"contentType":"text/plain","lastModified":1701444204000,"length":4438,"url":"https://earthquake.usgs.gov/product/dyfi/usp000h237/us/1701444204547/cdi_geo.txt","sha256":"RauYATU7zzYk1GU5M12w9SB+BjDVia+LK60OQwb4dfc="},"contents.xml":{"contentType":"application/xml","lastModified":1701444204000,"length":4224,"url":"https://earthquake.usgs.gov/product/dyfi/usp000h237/us/1701444204547/contents.xml","sha256":"uUGv/gyVsdBOK/A2OgINndVjzAoxi5mQ9nrk/Z92yvw="},"cdi_geo_1km.txt":{"contentType":"text/plain","lastModified":1701444204000,"length":5787,"url":"https://earthquake.usgs.gov/product/dyfi/usp000h237/us/1701444204547/cdi_geo_1km.txt","sha256":"Fk2yaXXqr9Vsq5Phps9jzqW/s4uD6E7EcYPUW/JrKn0="},"dyfi_plot_atten.json":{"contentType":"application/json","lastModified":1701444204000,"length":5009,"url":"https://earthquake.usgs.gov/product/dyfi/usp000h237/us/1701444204547/dyfi_plot_atten.json","sha256":"aspR+JvtCKa7Vo4hxIQX8I427PlfhIMDg16mBz9xNHw="},"usp000h237_ciim_geo_imap.html":{"contentType":"text/html","lastModified":1701444204000,"length":11722,"url":"https://earthquake.usgs.gov/product/dyfi/usp000h237/us/1701444204547/usp000h237_ciim_geo_imap.html","sha256":"izCkykc9YG2LcTEUMAV/YdjjXx019RWPh28ZAulx/JM="},"usp000h237_plot_atten.ps":{"contentType":"application/postscript","lastModified":1701444204000,"length":51208,"url":"https://earthquake.usgs.gov/product/dyfi/usp000h237/us/1701444204547/usp000h237_plot_atten.ps","sha256":"hoJWNYYMnJq+h07D2qhcoIjsbf3wV2hQw7Z6O/Lo7dM="},"cdi_geo.xml":{"contentType":"application/xml","lastModified":1701444204000,"length":14601,"url":"https://earthquake.usgs.gov/product/dyfi/usp000h237/us/1701444204547/cdi_geo.xml","sha256":"dv9jggoLVYQWngsllFOa1JqtMB3PCw9nQ3N+q37tc7M="},"usp000h237_plot_atten.jpg":{"contentType":"image/jpeg","lastModified":1701444204000,"length":54627,"url":"https://earthquake.usgs.gov/product/dyfi/usp000h237/us/1701444204547/usp000h237_plot_atten.jpg","sha256":"+ZhKmxPKvYImdwmDszSRsH9AH0EWAqdF4H19SOqd02Y="},"usp000h237_plot_numresp.ps":{"contentType":"application/postscript","lastModified":1701444204000,"length":33183,"url":"https://earthquake.usgs.gov/product/dyfi/usp000h237/us/1701444204547/usp000h237_plot_numresp.ps","sha256":"Ptu7I+fSXLC6kYbLa6O+7P+38ynlgEXXE2ocpUUh3jM="},"cdi_zip.xml":{"contentType":"application/xml","lastModified":1701444204000,"length":12714,"url":"https://earthquake.usgs.gov/product/dyfi/usp000h237/us/1701444204547/cdi_zip.xml","sha256":"8fsnDwhQffmmEIMuCh+uAvi+BNVhI1wOc7P84kmeqVg="},"dyfi_geo.kmz":{"contentType":"application/vnd.google-earth.kmz","lastModified":1701444204000,"length":4365,"url":"https://earthquake.usgs.gov/product/dyfi/usp000h237/us/1701444204547/dyfi_geo.kmz","sha256":"xkUtjO/p47+uZK1aSfeczvfWh5V9Za9pND7eWMs6nbQ="},"usp000h237_ciim.pdf":{"contentType":"application/pdf","lastModified":1701444204000,"length":93003,"url":"https://earthquake.usgs.gov/product/dyfi/usp000h237/us/1701444204547/usp000h237_ciim.pdf","sha256":"0Y199Q1FodlfPDABbVMm7n+fDCBB3HH/ub+KnpNq3AM="},"usp000h237_plot_atten.txt":{"contentType":"text/plain","lastModified":1701444204000,"length":3952,"url":"https://earthquake.usgs.gov/product/dyfi/usp000h237/us/1701444204547/usp000h237_plot_atten.txt","sha256":"8v90iFluQ+4nNaFXDxnG+B6Hb8miE2OvUfxa6NMgguE="},"dyfi_zip.kmz":{"contentType":"application/vnd.google-earth.kmz","lastModified":1701444204000,"length":3993,"url":"https://earthquake.usgs.gov/product/dyfi/usp000h237/us/1701444204547/dyfi_zip.kmz","sha256":"AlqfszsRPhp0KBOMjykDiyOo6VsZdgAWbBu5XY2aO5M="},"cdi_zip.txt":{"contentType":"text/plain","lastModified":1701444204000,"length":6119,"url":"https://earthquake.usgs.gov/product/dyfi/usp000h237/us/1701444204547/cdi_zip.txt","sha256":"rCt8zZcNxvoWvaq8ZBVCiM/SSGkfzoDJCu/Z0z18oV4="},"event_data.xml":{"contentType":"application/xml","lastModified":1701444204000,"length":3043,"url":"https://earthquake.usgs.gov/product/dyfi/usp000h237/us/1701444204547/event_data.xml","sha256":"wEymRjqIQj3+2W1jxYQtTStKgXMCjIfJpRQglsY6jCU="},"usp000h237_ciim_geo.jpg":{"contentType":"image/jpeg","lastModified":1701444204000,"length":111404,"url":"https://earthquake.usgs.gov/product/dyfi/usp000h237/us/1701444204547/usp000h237_ciim_geo.jpg","sha256":"xOE8n+a3+tW7WHYVPccbAQolVmVkt7DLQv30+goXaLc="},"usp000h237_ciim.jpg":{"contentType":"image/jpeg","lastModified":1701444204000,"length":116811,"url":"https://earthquake.usgs.gov/product/dyfi/usp000h237/us/1701444204547/usp000h237_ciim.jpg","sha256":"bKINSmIHST5iFmNgsW6GhVyJ6VjK1WHPMKK7Yh/u828="},"dyfi_plot_numresp.json":{"contentType":"application/json","lastModified":1701444204000,"length":69141,"url":"https://earthquake.usgs.gov/product/dyfi/usp000h237/us/1701444204547/dyfi_plot_numresp.json","sha256":"KZOAYnELS8DLlLi2nBDS0Q3gxyNH9VpxhsoXKpe49Rw="},"usp000h237_ciim_imap.html":{"contentType":"text/html","lastModified":1701444204000,"length":8323,"url":"https://earthquake.usgs.gov/product/dyfi/usp000h237/us/1701444204547/usp000h237_ciim_imap.html","sha256":"ForrsMjGoQ8cuRISCPpBo2bDkbQAq/ZEGuiuJESxbos="},"usp000h237_ciim.ps":{"contentType":"application/postscript","lastModified":1701444204000,"length":325767,"url":"https://earthquake.usgs.gov/product/dyfi/usp000h237/us/1701444204547/usp000h237_ciim.ps","sha256":"XXdj272t2Psv17pIAMIoCHFeewoBLZXRnC2sjhmasuU="},"dyfi.kmz":{"contentType":"application/vnd.google-earth.kmz","lastModified":1701444204000,"length":1167,"url":"https://earthquake.usgs.gov/product/dyfi/usp000h237/us/1701444204547/dyfi.kmz","sha256":"z1kCgXssWu8rGsNsBosuOJz0jbrvz7VRHK0L7iyAfaA="},"usp000h237_plot_numresp.txt":{"contentType":"text/plain","lastModified":1701444204000,"length":43957,"url":"https://earthquake.usgs.gov/product/dyfi/usp000h237/us/1701444204547/usp000h237_plot_numresp.txt","sha256":"aRnUkF0JoFc8pKt82ANlbY6z9chA0BJvN2XXWOYQRMc="},"usp000h237_ciim_geo.pdf":{"contentType":"application/pdf","lastModified":1701444204000,"length":90622,"url":"https://earthquake.usgs.gov/product/dyfi/usp000h237/us/1701444204547/usp000h237_ciim_geo.pdf","sha256":"igcwLYrHVQBlDkjC6Y6NLebtn+fJbs1UJ14IfLqhchM="},"usp000h237_ciim_geo.ps":{"contentType":"application/postscript","lastModified":1701444204000,"length":321459,"url":"https://earthquake.usgs.gov/product/dyfi/usp000h237/us/1701444204547/usp000h237_ciim_geo.ps","sha256":"51+i//49IzMuPGW3hMlNwoAr5JElUostQKknN8yGK4c="}}}],"finite-fault":[{"indexid":13431743,"indexTime":1610473499438,"id":"urn:usgs-product:us:finite-fault:usp000h237_1:1539808250161","type":"finite-fault","code":"usp000h237_1","source":"us","updateTime":1539808250161,"status":"UPDATE","properties":{"average-rise-time":"1.97","average-rupture-velocity":"1.89","depth":"78.0000","derived-magnitude":"7.4600","derived-magnitude-type":"Mw","eventsource":"us","eventsourcecode":"p000h237","eventtime":"2009-09-30T00:00:00.000Z","hypocenter-x":"32.5000","hypocenter-z":"34.7743","latitude":"-0.8000","location":"southern Sumatra, Indonesia","longitude":"99.9000","maximum-frequency":"1.0000","maximum-rise":"4.0000","maximum-slip":"0.8000","minimum-frequency":"0.0020","model-dip":"53.5100","model-length":"65.0000","model-rake":"137.9600","model-strike":"71.3400","model-top":"50.0400","model-width":"69.5486","number-longwaves":"30","number-pwaves":"12","number-shwaves":"13","original-signature":"MC0CFQCGwuGF4KbT4sdkhkcxHCbXK0fLcQIUKrcM3jDnuawsTsqX7GcCGJinvnI=","original-signature-version":"v1","review-status":"reviewed","scalar-moment":"205850540000000016384.0000","segment-1-dip":"53.5100","segment-1-strike":"71.3400","segments":"1","subfault-1-area":"526.8246","subfault-1-length":"26.9598","subfault-1-width":"19.5411","time-windows":"5","velocity-function":"Asymetriccosine"},"preferredWeight":158,"contents":{"coulomb.inp":{"contentType":"application/octet-stream","lastModified":1486180161000,"length":24509,"url":"https://earthquake.usgs.gov/product/finite-fault/usp000h237_1/us/1539808250161/coulomb.inp","sha256":"oUr0diKem0IqbkdeBoKi+yNWZjZiAguPmS7kcl5Qb5U="},"properties.json":{"contentType":"application/octet-stream","lastModified":1539808248000,"length":1092,"url":"https://earthquake.usgs.gov/product/finite-fault/usp000h237_1/us/1539808250161/properties.json","sha256":"PUQXIxB/kkJhbQ6+NUD6C9woAFa5Dyc4Q8SYsLoBsUg="},"surface_deformation.disp":{"contentType":"application/octet-stream","lastModified":1486180167000,"length":29600,"url":"https://earthquake.usgs.gov/product/finite-fault/usp000h237_1/us/1539808250161/surface_deformation.disp","sha256":"i0JhUJ5ekF0WfERxFCNwi4HB5PdHyQmoz6krT7ZwoPk="},"basemap.png":{"contentType":"application/octet-stream","lastModified":1486180196000,"length":1151309,"url":"https://earthquake.usgs.gov/product/finite-fault/usp000h237_1/us/1539808250161/basemap.png","sha256":"EeF82SHf+2BGG434D5J+V7IfNX+y3+SsCJz8gYYLIFQ="},"basic_inversion.param":{"contentType":"application/octet-stream","lastModified":1539795682000,"length":32875,"url":"https://earthquake.usgs.gov/product/finite-fault/usp000h237_1/us/1539808250161/basic_inversion.param","sha256":"qvswuw8M1UDmjD4HRSNnZmNOs03vFQ3ER61PlXnocQI="},"finite_fault.kmz":{"contentType":"application/octet-stream","lastModified":1486180162000,"length":924,"url":"https://earthquake.usgs.gov/product/finite-fault/usp000h237_1/us/1539808250161/finite_fault.kmz","sha256":"gbQ1HLQOa39xyjr6v1bZcrJ0OS/2ru+cgxDJrFypjdI="},"p000h237.html":{"contentType":"text/html","lastModified":1539808249000,"length":3932,"url":"https://earthquake.usgs.gov/product/finite-fault/usp000h237_1/us/1539808250161/p000h237.html","sha256":"7oS23mxhzNPWb9iKrHlr7oIWGMYC0F70uXnTfHleG1w="},"FFM.geojson":{"contentType":"application/octet-stream","lastModified":1539808246000,"length":278038,"url":"https://earthquake.usgs.gov/product/finite-fault/usp000h237_1/us/1539808250161/FFM.geojson","sha256":"aU1kJK2MgBT4um0dZhixdEpVnwbLyYdOa+5Dxr+kC/k="},"contents.xml":{"contentType":"application/octet-stream","lastModified":1539808248000,"length":1869,"url":"https://earthquake.usgs.gov/product/finite-fault/usp000h237_1/us/1539808250161/contents.xml","sha256":"ceUcDeRX7i4w/Gmeqm9gHPMW+0E/fiq3iFldqFLEXX8="},"moment_rate.mr":{"contentType":"application/octet-stream","lastModified":1539795682000,"length":31744,"url":"https://earthquake.usgs.gov/product/finite-fault/usp000h237_1/us/1539808250161/moment_rate.mr","sha256":"1j+JgoqfWEf4C1rQ1gjsQFFwFNg48cZhTT//PvNoGtE="},"slip.png":{"contentType":"application/octet-stream","lastModified":1486180200000,"length":292003,"url":"https://earthquake.usgs.gov/product/finite-fault/usp000h237_1/us/1539808250161/slip.png","sha256":"sf/IXoDP/XWrkSYXbDv4jF/1G2eSL4z2EgWzfHhMMpA="},"waveplots.zip":{"contentType":"application/octet-stream","lastModified":1539808248000,"length":977030,"url":"https://earthquake.usgs.gov/product/finite-fault/usp000h237_1/us/1539808250161/waveplots.zip","sha256":"1noQXL0SI4CYTuZJ1M+dxqtZuiagSvZ2atgwsegF8t4="},"moment_rate.png":{"contentType":"application/octet-stream","lastModified":1486246084000,"length":96462,"url":"https://earthquake.usgs.gov/product/finite-fault/usp000h237_1/us/1539808250161/moment_rate.png","sha256":"GipfO5FdChzcieH3i28/p2cuScxFFge+tQSM1y5y7pQ="},"CMTSOLUTION":{"contentType":"application/octet-stream","lastModified":1486180186000,"length":11086,"url":"https://earthquake.usgs.gov/product/finite-fault/usp000h237_1/us/1539808250161/CMTSOLUTION","sha256":"I/U8FO5apb6SnShC0SCeUznNm/wDSTZQqA4PxeK7S38="},"complete_inversion.fsp":{"contentType":"application/octet-stream","lastModified":1486180190000,"length":20381,"url":"https://earthquake.usgs.gov/product/finite-fault/usp000h237_1/us/1539808250161/complete_inversion.fsp","sha256":"OhXx+oQjJPn6KlvYF31DEzrGdf6myVUa4fo65pDhD3s="},"finite_fault.kml":{"contentType":"application/octet-stream","lastModified":1486180162000,"length":2112,"url":"https://earthquake.usgs.gov/product/finite-fault/usp000h237_1/us/1539808250161/finite_fault.kml","sha256":"d8oM6qRS3WdUADbogfLTMsJ7MXqwDJsShAE9FyM+Dz8="}}},{"indexid":9494174,"indexTime":1609372301461,"id":"urn:usgs-product:us:finite-fault:usp000h237:1486510647168","type":"finite-fault","code":"usp000h237","source":"us","updateTime":1486510647168,"status":"UPDATE","properties":{"depth1":"78.0","depth2":"78.0","dip11":"53.51","dip12":"57.43","eventsource":"us","eventsourcecode":"p000h237","lat1":"-0.8","lat2":"-0.8","lon1":"99.9","lon2":"99.9","magnitude1":"7.468225","magnitude2":"7.46905","moment1":"2.0585054e+27","moment2":"2.0643897e+27","nplow1":"1","nplow2":"1","npsh1":"1","npsh2":"1","numlow1":"30","numlow2":"30","nump1":"12","nump2":"12","nums1":"13","nums2":"13","numsegments1":"1","numsegments2":"1","original-signature":"MC0CFBKoAVGD2s/4dC5arDbc8s87wyYtAhUAlq27FBiLWEYz28BshpOgJGYcgWE=","original-signature-version":"v1","rake11":"137.96","rake12":"44.89","strike11":"71.34","strike12":"189.54","time1":"2009-09-30","time2":"2009-09-30"},"preferredWeight":8,"contents":{"web/p000h237.fsp":{"contentType":"application/octet-stream","lastModified":1486510634000,"length":20381,"url":"https://earthquake.usgs.gov/product/finite-fault/usp000h237/us/1486510647168/web/p000h237.fsp","sha256":"OhXx+oQjJPn6KlvYF31DEzrGdf6myVUa4fo65pDhD3s="},"web1/CMTSOLUTION":{"contentType":"application/octet-stream","lastModified":1486510646000,"length":11086,"url":"https://earthquake.usgs.gov/product/finite-fault/usp000h237/us/1486510647168/web1/CMTSOLUTION","sha256":"I/U8FO5apb6SnShC0SCeUznNm/wDSTZQqA4PxeK7S38="},"web/p000h237.mr":{"contentType":"application/octet-stream","lastModified":1486510634000,"length":31744,"url":"https://earthquake.usgs.gov/product/finite-fault/usp000h237/us/1486510647168/web/p000h237.mr","sha256":"o0XmNTpN+lydiF/ASUc0pozBfEGcEPRNF1utEbVP3DY="},"web/mr.png":{"contentType":"application/octet-stream","lastModified":1486510634000,"length":96462,"url":"https://earthquake.usgs.gov/product/finite-fault/usp000h237/us/1486510647168/web/mr.png","sha256":"GipfO5FdChzcieH3i28/p2cuScxFFge+tQSM1y5y7pQ="},"web2/CMTSOLUTION":{"contentType":"application/octet-stream","lastModified":1486510646000,"length":10452,"url":"https://earthquake.usgs.gov/product/finite-fault/usp000h237/us/1486510647168/web2/CMTSOLUTION","sha256":"dAUAYwsKTNYuQBoiZ2ZZsbnOkd2Asc9XxC50iTmNwyA="},"web1/p000h237.kmz":{"contentType":"application/octet-stream","lastModified":1486510646000,"length":924,"url":"https://earthquake.usgs.gov/product/finite-fault/usp000h237/us/1486510647168/web1/p000h237.kmz","sha256":"gbQ1HLQOa39xyjr6v1bZcrJ0OS/2ru+cgxDJrFypjdI="},"web1/s2009SOUTHE01HAYE.fsp":{"contentType":"application/octet-stream","lastModified":1486510646000,"length":20381,"url":"https://earthquake.usgs.gov/product/finite-fault/usp000h237/us/1486510647168/web1/s2009SOUTHE01HAYE.fsp","sha256":"OhXx+oQjJPn6KlvYF31DEzrGdf6myVUa4fo65pDhD3s="},"web1/p000h237_bwave_0.png":{"contentType":"application/octet-stream","lastModified":1486510646000,"length":408163,"url":"https://earthquake.usgs.gov/product/finite-fault/usp000h237/us/1486510647168/web1/p000h237_bwave_0.png","sha256":"9yUHupQBX2PMylsDCi//nxB1qXsmWOYbVRKFFu53iOQ="},"web2/p000h237.disp":{"contentType":"application/octet-stream","lastModified":1486510646000,"length":29600,"url":"https://earthquake.usgs.gov/product/finite-fault/usp000h237/us/1486510647168/web2/p000h237.disp","sha256":"DqmickxlRRUcM9pRdaU2Qol4V3vSKxF+k4KwIhH4qOY="},"web1/p000h237.disp":{"contentType":"application/octet-stream","lastModified":1486510646000,"length":29600,"url":"https://earthquake.usgs.gov/product/finite-fault/usp000h237/us/1486510647168/web1/p000h237.disp","sha256":"i0JhUJ5ekF0WfERxFCNwi4HB5PdHyQmoz6krT7ZwoPk="},"web1/p000h237_coulomb.inp":{"contentType":"application/octet-stream","lastModified":1486510646000,"length":24509,"url":"https://earthquake.usgs.gov/product/finite-fault/usp000h237/us/1486510647168/web1/p000h237_coulomb.inp","sha256":"oUr0diKem0IqbkdeBoKi+yNWZjZiAguPmS7kcl5Qb5U="},"web1/p000h237_basemap.png":{"contentType":"application/octet-stream","lastModified":1486510646000,"length":1151309,"url":"https://earthquake.usgs.gov/product/finite-fault/usp000h237/us/1486510647168/web1/p000h237_basemap.png","sha256":"EeF82SHf+2BGG434D5J+V7IfNX+y3+SsCJz8gYYLIFQ="},"web/p000h237_basemap.png":{"contentType":"application/octet-stream","lastModified":1486510634000,"length":1151309,"url":"https://earthquake.usgs.gov/product/finite-fault/usp000h237/us/1486510647168/web/p000h237_basemap.png","sha256":"EeF82SHf+2BGG434D5J+V7IfNX+y3+SsCJz8gYYLIFQ="},"web1/p000h237_swave_1.png":{"contentType":"application/octet-stream","lastModified":1486510646000,"length":192220,"url":"https://earthquake.usgs.gov/product/finite-fault/usp000h237/us/1486510647168/web1/p000h237_swave_1.png","sha256":"WSAmGVjgbClMuhGdhkr577tq7Vh3PgsGT4gqbeVegCw="},"web/p000h237.disp":{"contentType":"application/octet-stream","lastModified":1486510634000,"length":29600,"url":"https://earthquake.usgs.gov/product/finite-fault/usp000h237/us/1486510647168/web/p000h237.disp","sha256":"i0JhUJ5ekF0WfERxFCNwi4HB5PdHyQmoz6krT7ZwoPk="},"web2/s2009SOUTHE01HAYE.fsp":{"contentType":"application/octet-stream","lastModified":1486510646000,"length":20381,"url":"https://earthquake.usgs.gov/product/finite-fault/usp000h237/us/1486510647168/web2/s2009SOUTHE01HAYE.fsp","sha256":"93t3GN1idQ+xocZh2Zw+rTjhvDUQnpoebxFNl2aeja4="},"web/s2009SOUTHE01HAYE.fsp":{"contentType":"application/octet-stream","lastModified":1486510634000,"length":20381,"url":"https://earthquake.usgs.gov/product/finite-fault/usp000h237/us/1486510647168/web/s2009SOUTHE01HAYE.fsp","sha256":"OhXx+oQjJPn6KlvYF31DEzrGdf6myVUa4fo65pDhD3s="},"p000h237.html":{"contentType":"text/html","lastModified":1486510647000,"length":8586,"url":"https://earthquake.usgs.gov/product/finite-fault/usp000h237/us/1486510647168/p000h237.html","sha256":"Uzt0C0KSX7Htw5pICKjXbVcNtZpQ/HCdfPtBIa1Elyo="},"web2/mr.png":{"contentType":"application/octet-stream","lastModified":1486510646000,"length":96462,"url":"https://earthquake.usgs.gov/product/finite-fault/usp000h237/us/1486510647168/web2/mr.png","sha256":"GipfO5FdChzcieH3i28/p2cuScxFFge+tQSM1y5y7pQ="},"web/p000h237_coulomb.inp":{"contentType":"application/octet-stream","lastModified":1486510634000,"length":24509,"url":"https://earthquake.usgs.gov/product/finite-fault/usp000h237/us/1486510647168/web/p000h237_coulomb.inp","sha256":"oUr0diKem0IqbkdeBoKi+yNWZjZiAguPmS7kcl5Qb5U="},"web1/p000h237_swave_0.png":{"contentType":"application/octet-stream","lastModified":1486510646000,"length":383719,"url":"https://earthquake.usgs.gov/product/finite-fault/usp000h237/us/1486510647168/web1/p000h237_swave_0.png","sha256":"YExyJjmUEbX5Ll0pIM8Y8POKH5w10g8O0aGr6iu7cPg="},"web/p000h237.kmz":{"contentType":"application/octet-stream","lastModified":1486510634000,"length":924,"url":"https://earthquake.usgs.gov/product/finite-fault/usp000h237/us/1486510647168/web/p000h237.kmz","sha256":"gbQ1HLQOa39xyjr6v1bZcrJ0OS/2ru+cgxDJrFypjdI="},"web2/p000h237_basemap.png":{"contentType":"application/octet-stream","lastModified":1486510646000,"length":1149962,"url":"https://earthquake.usgs.gov/product/finite-fault/usp000h237/us/1486510647168/web2/p000h237_basemap.png","sha256":"LmYFXhB3ho3mF3ZgrHtAXgbgZckHL14T4ZyJUeb+FVw="},"process1.inc.html":{"contentType":"text/html","lastModified":1486510647000,"length":765,"url":"https://earthquake.usgs.gov/product/finite-fault/usp000h237/us/1486510647168/process1.inc.html","sha256":"Hm0cCQVhRHE5DNfdhFDAPXdFET3HTyoWbUQ4cuB8oVc="},"web/p000h237.param":{"contentType":"application/octet-stream","lastModified":1486510634000,"length":32875,"url":"https://earthquake.usgs.gov/product/finite-fault/usp000h237/us/1486510647168/web/p000h237.param","sha256":"sIL6snytitxLtE5kE6ZId2AiACOD1pnHYJsgO0SYhx4="},"web/p000h237_slip2.png":{"contentType":"application/octet-stream","lastModified":1486510634000,"length":292003,"url":"https://earthquake.usgs.gov/product/finite-fault/usp000h237/us/1486510647168/web/p000h237_slip2.png","sha256":"sf/IXoDP/XWrkSYXbDv4jF/1G2eSL4z2EgWzfHhMMpA="},"web/p000h237.kml":{"contentType":"application/octet-stream","lastModified":1486510634000,"length":2112,"url":"https://earthquake.usgs.gov/product/finite-fault/usp000h237/us/1486510647168/web/p000h237.kml","sha256":"d8oM6qRS3WdUADbogfLTMsJ7MXqwDJsShAE9FyM+Dz8="},"web2/p000h237_swave_0.png":{"contentType":"application/octet-stream","lastModified":1486510646000,"length":382316,"url":"https://earthquake.usgs.gov/product/finite-fault/usp000h237/us/1486510647168/web2/p000h237_swave_0.png","sha256":"vwX5fSdxzUTa7LH8DNlOAyPdg5mJ6T/OiJEQuEkS1QQ="},"web2/p000h237.kmz":{"contentType":"application/octet-stream","lastModified":1486510646000,"length":923,"url":"https://earthquake.usgs.gov/product/finite-fault/usp000h237/us/1486510647168/web2/p000h237.kmz","sha256":"2yHY3N7j7mF16KLrYUgavwATYlhaGzgxf17wcKb2g74="},"web/p000h237_swave_0.png":{"contentType":"application/octet-stream","lastModified":1486510634000,"length":383719,"url":"https://earthquake.usgs.gov/product/finite-fault/usp000h237/us/1486510647168/web/p000h237_swave_0.png","sha256":"YExyJjmUEbX5Ll0pIM8Y8POKH5w10g8O0aGr6iu7cPg="},"contents.xml":{"contentType":"application/octet-stream","lastModified":1486510647000,"length":5074,"url":"https://earthquake.usgs.gov/product/finite-fault/usp000h237/us/1486510647168/contents.xml","sha256":"pdYHtf503f3vz4ndsFc4FCfY+noWbLBpFlQ6KRyXR2g="},"comment.inc.html":{"contentType":"text/html","lastModified":1486510647000,"length":38,"url":"https://earthquake.usgs.gov/product/finite-fault/usp000h237/us/1486510647168/comment.inc.html","sha256":"HxPgqMa0HWaTgzG5F9Dx/G2DmikKTID1FbndQA4/ytM="},"web/p000h237_swave_1.png":{"contentType":"application/octet-stream","lastModified":1486510634000,"length":192220,"url":"https://earthquake.usgs.gov/product/finite-fault/usp000h237/us/1486510647168/web/p000h237_swave_1.png","sha256":"WSAmGVjgbClMuhGdhkr577tq7Vh3PgsGT4gqbeVegCw="},"web/CMTSOLUTION":{"contentType":"application/octet-stream","lastModified":1486510634000,"length":11086,"url":"https://earthquake.usgs.gov/product/finite-fault/usp000h237/us/1486510647168/web/CMTSOLUTION","sha256":"I/U8FO5apb6SnShC0SCeUznNm/wDSTZQqA4PxeK7S38="},"process2.inc.html":{"contentType":"text/html","lastModified":1486510647000,"length":765,"url":"https://earthquake.usgs.gov/product/finite-fault/usp000h237/us/1486510647168/process2.inc.html","sha256":"Hm0cCQVhRHE5DNfdhFDAPXdFET3HTyoWbUQ4cuB8oVc="},"web1/p000h237.param":{"contentType":"application/octet-stream","lastModified":1486510646000,"length":32875,"url":"https://earthquake.usgs.gov/product/finite-fault/usp000h237/us/1486510647168/web1/p000h237.param","sha256":"sIL6snytitxLtE5kE6ZId2AiACOD1pnHYJsgO0SYhx4="},"result1.inc.html":{"contentType":"text/html","lastModified":1486510634000,"length":342,"url":"https://earthquake.usgs.gov/product/finite-fault/usp000h237/us/1486510647168/result1.inc.html","sha256":"Sk8tRYclpeoqw9HaUQHc1mRdGMmkxdBopi4rb0KX6UQ="},"web1/mr.png":{"contentType":"application/octet-stream","lastModified":1486510646000,"length":96462,"url":"https://earthquake.usgs.gov/product/finite-fault/usp000h237/us/1486510647168/web1/mr.png","sha256":"GipfO5FdChzcieH3i28/p2cuScxFFge+tQSM1y5y7pQ="},"basemap.png":{"contentType":"application/octet-stream","lastModified":1486510646000,"length":341415,"url":"https://earthquake.usgs.gov/product/finite-fault/usp000h237/us/1486510647168/basemap.png","sha256":"SiRFTMIdfB4TSm039HC4pTWDlDnua0jPyPYZXxmW328="},"web/p000h237_bwave_0.png":{"contentType":"application/octet-stream","lastModified":1486510634000,"length":408163,"url":"https://earthquake.usgs.gov/product/finite-fault/usp000h237/us/1486510647168/web/p000h237_bwave_0.png","sha256":"9yUHupQBX2PMylsDCi//nxB1qXsmWOYbVRKFFu53iOQ="},"web1/p000h237.mr":{"contentType":"application/octet-stream","lastModified":1486510646000,"length":31744,"url":"https://earthquake.usgs.gov/product/finite-fault/usp000h237/us/1486510647168/web1/p000h237.mr","sha256":"o0XmNTpN+lydiF/ASUc0pozBfEGcEPRNF1utEbVP3DY="},"web1/p000h237_slip2.png":{"contentType":"application/octet-stream","lastModified":1486510646000,"length":292003,"url":"https://earthquake.usgs.gov/product/finite-fault/usp000h237/us/1486510647168/web1/p000h237_slip2.png","sha256":"sf/IXoDP/XWrkSYXbDv4jF/1G2eSL4z2EgWzfHhMMpA="},"web2/p000h237.mr":{"contentType":"application/octet-stream","lastModified":1486510646000,"length":31744,"url":"https://earthquake.usgs.gov/product/finite-fault/usp000h237/us/1486510647168/web2/p000h237.mr","sha256":"o0XmNTpN+lydiF/ASUc0pozBfEGcEPRNF1utEbVP3DY="},"web2/p000h237.param":{"contentType":"application/octet-stream","lastModified":1486510646000,"length":32875,"url":"https://earthquake.usgs.gov/product/finite-fault/usp000h237/us/1486510647168/web2/p000h237.param","sha256":"SARZG8Ygr2ppcvq1r8honeD3S5SGLy9uvdk4eWmXVvs="},"web2/p000h237_slip2.png":{"contentType":"application/octet-stream","lastModified":1486510646000,"length":299943,"url":"https://earthquake.usgs.gov/product/finite-fault/usp000h237/us/1486510647168/web2/p000h237_slip2.png","sha256":"CqYNKHFrzZDAMB7SFicna+vRWdJaIxJVk9GjnL4L1R4="},"web2/p000h237_coulomb.inp":{"contentType":"application/octet-stream","lastModified":1486510646000,"length":24509,"url":"https://earthquake.usgs.gov/product/finite-fault/usp000h237/us/1486510647168/web2/p000h237_coulomb.inp","sha256":"2oV8NHqURRedijTyShhkr6E9d1Wxd3Tq3qMe8Y7MUjc="},"web2/p000h237_bwave_0.png":{"contentType":"application/octet-stream","lastModified":1486510646000,"length":407419,"url":"https://earthquake.usgs.gov/product/finite-fault/usp000h237/us/1486510647168/web2/p000h237_bwave_0.png","sha256":"3Xz9jK5PNMbO8MHgctLtJfjTewBAEAMHZfcII+qNGZI="},"web2/p000h237.kml":{"contentType":"application/octet-stream","lastModified":1486510646000,"length":2113,"url":"https://earthquake.usgs.gov/product/finite-fault/usp000h237/us/1486510647168/web2/p000h237.kml","sha256":"w4vo9NVnjwZp6ntQ4LG1mQ436CvZGr52j866rxNObyo="},"web1/p000h237.kml":{"contentType":"application/octet-stream","lastModified":1486510646000,"length":2112,"url":"https://earthquake.usgs.gov/product/finite-fault/usp000h237/us/1486510647168/web1/p000h237.kml","sha256":"d8oM6qRS3WdUADbogfLTMsJ7MXqwDJsShAE9FyM+Dz8="},"web1/p000h237.fsp":{"contentType":"application/octet-stream","lastModified":1486510646000,"length":20381,"url":"https://earthquake.usgs.gov/product/finite-fault/usp000h237/us/1486510647168/web1/p000h237.fsp","sha256":"OhXx+oQjJPn6KlvYF31DEzrGdf6myVUa4fo65pDhD3s="},"web2/p000h237_swave_1.png":{"contentType":"application/octet-stream","lastModified":1486510646000,"length":194759,"url":"https://earthquake.usgs.gov/product/finite-fault/usp000h237/us/1486510647168/web2/p000h237_swave_1.png","sha256":"AuBt+6W30bwaapafmE1CyVOOdfoRrRuPAIi+OShqdF0="},"web2/p000h237.fsp":{"contentType":"application/octet-stream","lastModified":1486510646000,"length":20381,"url":"https://earthquake.usgs.gov/product/finite-fault/usp000h237/us/1486510647168/web2/p000h237.fsp","sha256":"93t3GN1idQ+xocZh2Zw+rTjhvDUQnpoebxFNl2aeja4="}}}],"focal-mechanism":[{"indexid":13818924,"indexTime":1610513505143,"id":"urn:usgs-product:us:focal-mechanism:pde20090930101609250_81_B_US:1415324386316","type":"focal-mechanism","code":"pde20090930101609250_81_B_US","source":"us","updateTime":1415324386316,"status":"UPDATE","properties":{"beachball-source":"US","derived-depth":"81","evaluation-status":"reviewed","eventParametersPublicID":"quakeml:US.anss.org/eventParameters/pde20090930101609250_81/1415324386316","eventsource":"us","eventsourcecode":"p000h237","nodal-plane-1-dip":"55","nodal-plane-1-rake":"115","nodal-plane-1-strike":"75","nodal-plane-2-dip":"42","nodal-plane-2-rake":"59","nodal-plane-2-strike":"216","quakeml-publicid":"quakeml:us.anss.org/focalMechanism/pde20090930101609250_81/B/US","review-status":"reviewed","scalar-moment":"4800000000000000","sourcetime-duration":"16.0","sourcetime-type":"UNKNOWN"},"preferredWeight":8,"contents":{"contents.xml":{"contentType":"application/xml","lastModified":1417561314000,"length":195,"url":"https://earthquake.usgs.gov/product/focal-mechanism/pde20090930101609250_81_B_US/us/1415324386316/contents.xml","sha256":"ABhLiaqdYWmIak24eD/csBAWouBShhatD9bUzLNEZFk="},"quakeml.xml":{"contentType":"application/xml","lastModified":1415324386000,"length":1921,"url":"https://earthquake.usgs.gov/product/focal-mechanism/pde20090930101609250_81_B_US/us/1415324386316/quakeml.xml","sha256":"OJyBPPveOlJoSfrNa8egmaRdCjBN+oVyDDVFg8HTKHE="}}},{"indexid":13854810,"indexTime":1610518002843,"id":"urn:usgs-product:us:focal-mechanism:gcmtC200909301016A:1478744261794","type":"focal-mechanism","code":"gcmtC200909301016A","source":"us","updateTime":1478744261794,"status":"UPDATE","properties":{"evaluation-status":"reviewed","eventParametersPublicID":"quakeml:us.anss.org/eventParameters/C200909301016A","eventsource":"gcmt","eventsourcecode":"c200909301016a","n-axis-azimuth":"220","n-axis-plunge":"36","nodal-plane-1-dip":"52","nodal-plane-1-rake":"139","nodal-plane-1-strike":"74","nodal-plane-2-dip":"58","nodal-plane-2-rake":"46","nodal-plane-2-strike":"193","original-signature":"MC4CFQC2G3wAnLh9u7wjQov5r5BOeBzL0AIVAIlWCIz2PsvxhdEOQ330zl/sew9y","original-signature-version":"v1","p-axis-azimuth":"312","p-axis-plunge":"4","quakeml-publicid":"quakeml:us.anss.org/focalmechanism/C200909301016A/Mwc","review-status":"reviewed","t-axis-azimuth":"47","t-axis-plunge":"53"},"preferredWeight":3,"contents":{"contents.xml":{"contentType":"application/xml","lastModified":1478744261000,"length":195,"url":"https://earthquake.usgs.gov/product/focal-mechanism/gcmtC200909301016A/us/1478744261794/contents.xml","sha256":"ABhLiaqdYWmIak24eD/csBAWouBShhatD9bUzLNEZFk="},"quakeml.xml":{"contentType":"application/xml","lastModified":1478744261000,"length":2258,"url":"https://earthquake.usgs.gov/product/focal-mechanism/gcmtC200909301016A/us/1478744261794/quakeml.xml","sha256":"2sM/aEK6KsFxCgvITgtIMbmrj0U9qJ7NXyqb2pmpBeI="}}},{"indexid":13835592,"indexTime":1610515733172,"id":"urn:usgs-product:us:focal-mechanism:choy20090930101609:1435683543626","type":"focal-mechanism","code":"choy20090930101609","source":"us","updateTime":1435683543626,"status":"UPDATE","properties":{"beachball-source":"us","evaluation-status":"preliminary","eventParametersPublicID":"quakeml:us.anss.org/eventparameters/10002l37/1435063121","eventsource":"choy","eventsourcecode":"20090930101609","nodal-plane-1-dip":"55","nodal-plane-1-rake":"115","nodal-plane-1-strike":"75","nodal-plane-2-dip":"42","nodal-plane-2-rake":"59","nodal-plane-2-strike":"216","original-signature":"MC0CFQCKomIvhDCwgMnJSlgGH2oH0habYwIUG7NfV2BBSbbE7GSiSycgKoehLY8=","original-signature-version":"v1","quakeml-publicid":"choy20090930101609","review-status":"automatic"},"preferredWeight":3,"contents":{"contents.xml":{"contentType":"application/xml","lastModified":1435684764000,"length":195,"url":"https://earthquake.usgs.gov/product/focal-mechanism/choy20090930101609/us/1435683543626/contents.xml","sha256":"ABhLiaqdYWmIak24eD/csBAWouBShhatD9bUzLNEZFk="},"quakeml.xml":{"contentType":"application/xml","lastModified":1435683543000,"length":2776,"url":"https://earthquake.usgs.gov/product/focal-mechanism/choy20090930101609/us/1435683543626/quakeml.xml","sha256":"sulNVTQV29MbauGfv46JW1atq2IAdD2ZGyBWSkG794U="}}}],"general-text":[{"indexid":13441120,"indexTime":1610474336298,"id":"urn:usgs-product:admin:general-text:usp000h237-1510597482458:1510597529623","type":"general-text","code":"usp000h237-1510597482458","source":"admin","updateTime":1510597529623,"status":"UPDATE","properties":{"eventsource":"us","eventsourcecode":"p000h237","original-signature":"q7YHn8QM2jQ/1gP2qIsz+r58Zel9WXLOvzy/4q5NxdQfiycaVZS0thXt+SREwVQcs9jaPru759AAOXvREIEDitzJp7IU6tOv8AbX3zk9rjVWsPwpAEf/Z6B86+mjDGWA2Ps2wzHtUvIJ1t7FC6rBQEft3Vp4upjtcdspvL/KivJJ5N15/NPV2TuEv1FHeWWTxzz1Mj4biShrhlH7DO5zbe94lDvGkl1tKw+jwpMYz2qfENJchIBb8FjXQ40ziE7yBFu6CMUR3w0lvzQvr7ejtHbCzj6kWjR1A8j/1IjyJgXxJsNxrHReDHZiYU4BxIP/ODbVu3WlVXOeScyzBxVhW7G5nPeF1AUnZTGD1nJjHssubX01nmQ+HehvSVE+KlimbqQZBp7cGKi6x++Srs7LHkTGCS74UMRQ1Iw6XFaLspJOeV7o3a1KsOgvxM8vRYDkfTbewh91vIdkrNklFMw1WDVwnIeVKuwMyuajQlhcT+CgEkAEQpuvRJzVNVK5+h0jqmKHPyBd9c8guuomFpeFGoiFrznpU+8f21EHv3tPgtcJbtvNSIAAiv/7cvQcjKiOTbaf/AEEi0K53CWWj1J9BKW7QcDU3Z622X5mr7BX4Y0Nvf8vNdwajKFrITMYdIH1Fj0AXvpfEFUujORlTjDC3jK1u4cdfZaoremeHf2IbVs=","original-signature-version":"v1","pdl-client-version":"Version 1.10.1 2016-04-07","review-status":"Reviewed","senderemail":""},"preferredWeight":1,"contents":{"":{"contentType":"1","lastModified":1510597529000,"length":2934,"bytes":"<h2>Tectonic Summary</h2>\n<p>\nThe September 30, 2009, M 7.6 earthquake of southern Sumatra occurred as a result of oblique reverse faulting at an intermediate depth, approximately 80 km beneath the Indian Ocean off the western coast of Sumatra, and near the subduction interface plate boundary between the Australia and Sunda plates. Focal mechanism solutions indicate that oblique rupture occurred on either a northeast- or south-striking, moderately dipping reverse fault. Finite-fault modeling of globally recorded seismic data for this earthquake is not able to distinguish between these two possibilities. At the location of this earthquake, the Australia plate moves north-northeast relative to the Sunda plate at a velocity of about 60 mm/yr. \n</p>\n<p>\nOn the basis of the currently available fault mechanism information and earthquake depth of 80 km, it is likely that this earthquake occurred within the subducting Australia plate rather than on the plate interface itself. The recent earthquake was deeper than typical subduction thrust earthquakes that generally occur at depths less than 50 km. \n</p>\n<p>\nThe subduction zone surrounding the immediate region of this event has not witnessed a megathrust earthquake in the recent past, the last great-sized rupture being an earthquake of M 8.5 in 1797. Approximately 350 km to the south, a 250-km-long section of the plate boundary slipped during a M 8.4 earthquake in September 2007, while approximately 300 km to the north, a 350-km-long section slipped during the M 8.6 earthquake of March 2005. Both of these events resulted in numerous fatalities and damage to surrounding areas. In early 2008, the plate boundary up-dip of the September 30th earthquake was active in a sequence of M 5–6 earthquakes. It is not clear how the September 30th earthquake is related to the sequence of megathrust subduction zone events on the shallower section of the plate boundary.\n</p>\n<p>\nEarthquakes like this event, with focal depths between 70 and 300 km, are commonly termed “intermediate-depth” earthquakes. Intermediate-depth earthquakes represent deformation within subducted slabs rather than at the shallow plate interface between subducting and overriding tectonic plates. They typically cause less damage on the ground surface above their foci than is the case with similar-magnitude shallow-focus earthquakes, but large intermediate-depth earthquakes may be felt at great distance from their epicenters. “Deep-focus” earthquakes, those with focal depths greater than 300 km, also occur in the subducted Australia plate beneath Sumatra and the Java Sea to the east. Earthquakes have been reliably located to depths of about 650 km within the subduction zone.\n</p>\n<p>\nHayes et al. (2016) <a href=\"https://doi.org/10.3133/ofr20161192\">Tectonic summaries of magnitude 7 and greater earthquakes from 2000 to 2015</a>, USGS Open-File Report 2016-1192. (5.2 MB PDF)\n</p>","sha256":"VfVCoBuNxK6+F5RcHVo6JkHCjKwW9GbH50UgEYmbx2c="}}}],"ground-failure":[{"indexid":13769070,"indexTime":1610503395092,"id":"urn:usgs-product:us:ground-failure:p000h237:1597437763681","type":"ground-failure","code":"p000h237","source":"us","updateTime":1597437763681,"status":"UPDATE","properties":{"depth":"81.0","eventsource":"us","eventsourcecode":"p000h237","eventtime":"2009-09-30T10:16:09.000Z","landslide-alert":"red","landslide-hazard-1std":"100.66575716707503, 143.86174084410146","landslide-hazard-2std":"82.69352448697869, 169.21622432207087","landslide-hazard-alert-color":"red","landslide-hazard-alert-parameter":"Aggregate Hazard","landslide-hazard-alert-value":"120.0","landslide-hazard-std":"21.6894","landslide-maximum-latitude":"3.217708333333335","landslide-maximum-longitude":"103.99895833332589","landslide-minimum-latitude":"-4.801041666666209","landslide-minimum-longitude":"95.79895833333335","landslide-overlay":"jessee_2017.png","landslide-population-1std":"6496.06180615504, 11944.733440414806","landslide-population-2std":"4538.225118131296, 15490.06020536555","landslide-population-alert-color":"orange","landslide-population-alert-parameter":"Population exposure","landslide-population-alert-value":"9200","landslide-population-std":"2758.8255","latitude":"-0.72","liquefaction-alert":"red","liquefaction-hazard-1std":"3340.9210963771957, 3459.5494764694745","liquefaction-hazard-2std":"3282.247552606304, 3519.4804305263533","liquefaction-hazard-alert-color":"red","liquefaction-hazard-alert-parameter":"Aggregate Hazard","liquefaction-hazard-alert-value":"3400.0","liquefaction-hazard-std":"59.31","liquefaction-maximum-latitude":"3.2171696810659234","liquefaction-maximum-longitude":"103.99745364796706","liquefaction-minimum-latitude":"-4.799019774654859","liquefaction-minimum-longitude":"95.79764346718537","liquefaction-overlay":"zhu_2017_general.png","liquefaction-population-1std":"1039462.1668819791, 1104847.1237426887","liquefaction-population-2std":"1006844.3792559736, 1137523.1176495338","liquefaction-population-alert-color":"red","liquefaction-population-alert-parameter":"Population exposure","liquefaction-population-alert-value":"1100000","liquefaction-population-std":"32677.03","longitude":"99.867","magnitude":"7.6","maximum-latitude":"1.0985458046446994","maximum-longitude":"101.74125587719489","minimum-latitude":"-2.3970794309844203","minimum-longitude":"98.18300491459543","original-signature":"MCwCFAzC7194ZViadm3uEbIjmk8TvsHXAhQQONZwPaXAY4IP2BTlvk+Bctdzqg==","original-signature-version":"v1","pdl-client-version":"Version 2.3.1 2020-04-13","rupture-warning":"False","shakemap-version":"1","version":"1"},"preferredWeight":158,"contents":{"godt_2008_model.tif":{"contentType":"image/tiff","lastModified":1597437763000,"length":62500,"url":"https://earthquake.usgs.gov/product/ground-failure/p000h237/us/1597437763681/godt_2008_model.tif","sha256":"K7pxaJZ0rLbu+3EzaIta1Gw+eq/Prn/E2F//c1zTPH8="},"zhu_2017_general.png":{"contentType":"image/png","lastModified":1597437763000,"length":288920,"url":"https://earthquake.usgs.gov/product/ground-failure/p000h237/us/1597437763681/zhu_2017_general.png","sha256":"BDuKkabqvzMi134bxowfVl6S/r/z+CSJaC3nV6Z4V9k="},"jessee_2017_std.kmz":{"contentType":"application/vnd.google-earth.kmz","lastModified":1597437763000,"length":230335,"url":"https://earthquake.usgs.gov/product/ground-failure/p000h237/us/1597437763681/jessee_2017_std.kmz","sha256":"1t5iF9EnZTVLd/VNzBbQYS7YtKb9iPLmbkRHLURHF88="},"contents.xml":{"contentType":"application/xml","lastModified":1597437763000,"length":1826,"url":"https://earthquake.usgs.gov/product/ground-failure/p000h237/us/1597437763681/contents.xml","sha256":"wqj/78Kv4pdfHa28LF3EEGLj536AwFTx5yWfhD4+kYc="},"zhu_2017_general_std.kmz":{"contentType":"application/vnd.google-earth.kmz","lastModified":1597437763000,"length":95371,"url":"https://earthquake.usgs.gov/product/ground-failure/p000h237/us/1597437763681/zhu_2017_general_std.kmz","sha256":"5A3JVp0wLirIs6F0sYRvrCzUHbg4lvoiQEHqCO9Imzo="},"jessee_2017.hdf5":{"contentType":"application/octet-stream","lastModified":1597437763000,"length":18800761,"url":"https://earthquake.usgs.gov/product/ground-failure/p000h237/us/1597437763681/jessee_2017.hdf5","sha256":"2gfFl8Ud38BChilQSc2Ev8SjzPyWssqoY7iZ70/ONKM="},"zhu_2017_general_std.tif":{"contentType":"image/tiff","lastModified":1597437763000,"length":4586282,"url":"https://earthquake.usgs.gov/product/ground-failure/p000h237/us/1597437763681/zhu_2017_general_std.tif","sha256":"yHGVjKzLbsCu/7YHJbAEAmoiIKjVjmUvqTrDb3BwEYc="},"nowicki_2014_global_model.tif":{"contentType":"image/tiff","lastModified":1597437763000,"length":5634162,"url":"https://earthquake.usgs.gov/product/ground-failure/p000h237/us/1597437763681/nowicki_2014_global_model.tif","sha256":"23RptgrWc/xKU0fzTrmsvzFYELO16en6Hs8JrNUFNUw="},"godt_2008.png":{"contentType":"image/png","lastModified":1597437763000,"length":39841,"url":"https://earthquake.usgs.gov/product/ground-failure/p000h237/us/1597437763681/godt_2008.png","sha256":"xYOiQuWGluLXfxe9LEnV7Jujv6rpGLxZ7v9eGFRew64="},"jessee_2017_std.tif":{"contentType":"image/tiff","lastModified":1597437763000,"length":10786832,"url":"https://earthquake.usgs.gov/product/ground-failure/p000h237/us/1597437763681/jessee_2017_std.tif","sha256":"4yVr41r0cUfQ596rt72nx3AerSqgykNQKeHmyYG+g7I="},"nowicki_2014_global.hdf5":{"contentType":"application/octet-stream","lastModified":1597437763000,"length":5677762,"url":"https://earthquake.usgs.gov/product/ground-failure/p000h237/us/1597437763681/nowicki_2014_global.hdf5","sha256":"GF3G51Y+bDLKuGbFc9lEoCD9HLtPwYn54qnkxzqDv7o="},"zhu_2015_model.tif":{"contentType":"image/tiff","lastModified":1597437763000,"length":5951859,"url":"https://earthquake.usgs.gov/product/ground-failure/p000h237/us/1597437763681/zhu_2015_model.tif","sha256":"VOcZ2jpc1JChMzhN+9XwIZbSyXm1YQcdrFwLEpAWmWY="},"godt_2008_modelmin.kmz":{"contentType":"application/vnd.google-earth.kmz","lastModified":1597437763000,"length":29984,"url":"https://earthquake.usgs.gov/product/ground-failure/p000h237/us/1597437763681/godt_2008_modelmin.kmz","sha256":"FAbK+5mp7+GbZ3j6FCURohmdO/ivbsI13sRtzk2DpcI="},"zhu_2015.png":{"contentType":"image/png","lastModified":1597437763000,"length":478833,"url":"https://earthquake.usgs.gov/product/ground-failure/p000h237/us/1597437763681/zhu_2015.png","sha256":"bRrxmMWl7kmAOgHjEYrD2JhYPBtnehQevs+E6gBMmHM="},"info.json":{"contentType":"application/json","lastModified":1597437763000,"length":5854,"url":"https://earthquake.usgs.gov/product/ground-failure/p000h237/us/1597437763681/info.json","sha256":"wKUjaCwtzViOrfrLoR/Tu/G5lp2cIJk1UgMaXnWUzBY="},"zhu_2015_model.kmz":{"contentType":"application/vnd.google-earth.kmz","lastModified":1597437763000,"length":181985,"url":"https://earthquake.usgs.gov/product/ground-failure/p000h237/us/1597437763681/zhu_2015_model.kmz","sha256":"+AeSKZtJk5hvYSc9q+bIkg7gsH/u3Ss7x6VPIxVcBN4="},"jessee_2017.png":{"contentType":"image/png","lastModified":1597437763000,"length":408891,"url":"https://earthquake.usgs.gov/product/ground-failure/p000h237/us/1597437763681/jessee_2017.png","sha256":"QRcc7xLZvxsBgQEU9wUb22DeZEYeNtki6I/u4KTf2Ng="},"jessee_2017_model.kmz":{"contentType":"application/vnd.google-earth.kmz","lastModified":1597437763000,"length":195634,"url":"https://earthquake.usgs.gov/product/ground-failure/p000h237/us/1597437763681/jessee_2017_model.kmz","sha256":"p+mGI2zbq1uxPOeNTje5xjrQSAXKcHLioKlHec1JZfo="},"nowicki_2014_global.png":{"contentType":"image/png","lastModified":1597437763000,"length":362297,"url":"https://earthquake.usgs.gov/product/ground-failure/p000h237/us/1597437763681/nowicki_2014_global.png","sha256":"mL/pS4A256RS7U6II0Xx8viNDm4sNDficxQpQzzvP78="},"zhu_2017_general_model.kmz":{"contentType":"application/vnd.google-earth.kmz","lastModified":1597437763000,"length":107215,"url":"https://earthquake.usgs.gov/product/ground-failure/p000h237/us/1597437763681/zhu_2017_general_model.kmz","sha256":"ZfRCamxhIbOfLDswZwYnLol62z9FgZkMiEETkKAYzc8="},"godt_2008_modelmax.tif":{"contentType":"image/tiff","lastModified":1597437763000,"length":75087,"url":"https://earthquake.usgs.gov/product/ground-failure/p000h237/us/1597437763681/godt_2008_modelmax.tif","sha256":"UOSHNw3ZPTMuaeLC2nO9DjAk+azaSWO9VmfVo6aIgtM="},"jessee_2017_model.tif":{"contentType":"image/tiff","lastModified":1597437763000,"length":9987411,"url":"https://earthquake.usgs.gov/product/ground-failure/p000h237/us/1597437763681/jessee_2017_model.tif","sha256":"OFKO7N8wCnZfQPnEYvp70l320otSV6VnGi5j1ouEFpg="},"zhu_2015.hdf5":{"contentType":"application/octet-stream","lastModified":1597437763000,"length":6008777,"url":"https://earthquake.usgs.gov/product/ground-failure/p000h237/us/1597437763681/zhu_2015.hdf5","sha256":"+bD5pBvQ7tKOXOMVfC2AqlXtU8Q0G7oEfYclbqmJKgg="},"godt_2008_modelmin.tif":{"contentType":"image/tiff","lastModified":1597437763000,"length":49130,"url":"https://earthquake.usgs.gov/product/ground-failure/p000h237/us/1597437763681/godt_2008_modelmin.tif","sha256":"XM2lQZ5g7atEa36VRkCyroNhwlWjsU9k3MFI2ar5JjQ="},"zhu_2017_general_model.tif":{"contentType":"image/tiff","lastModified":1597437763000,"length":932826,"url":"https://earthquake.usgs.gov/product/ground-failure/p000h237/us/1597437763681/zhu_2017_general_model.tif","sha256":"9pACfBxfL3wgHHaJMlpPdnfMJeb5t5raaPNAPQU2d4A="},"godt_2008_modelmax.kmz":{"contentType":"application/vnd.google-earth.kmz","lastModified":1597437763000,"length":39963,"url":"https://earthquake.usgs.gov/product/ground-failure/p000h237/us/1597437763681/godt_2008_modelmax.kmz","sha256":"70rDlyHBgNgn0SI58yHqyXWPzRTI6WKyOkWv0hv3Obw="},"nowicki_2014_global_model.kmz":{"contentType":"application/vnd.google-earth.kmz","lastModified":1597437763000,"length":60906,"url":"https://earthquake.usgs.gov/product/ground-failure/p000h237/us/1597437763681/nowicki_2014_global_model.kmz","sha256":"SP/SQUQNJ2I6J3nw0y82WPer9JBXd+AEUXnxSe/l5cw="},"zhu_2017_general.hdf5":{"contentType":"application/octet-stream","lastModified":1597437763000,"length":5150283,"url":"https://earthquake.usgs.gov/product/ground-failure/p000h237/us/1597437763681/zhu_2017_general.hdf5","sha256":"DroIvfRuDlFdsaZml7Px5lG/+ZJ9qFDoTg02ObXhoco="},"godt_2008.hdf5":{"contentType":"application/octet-stream","lastModified":1597437763000,"length":168641,"url":"https://earthquake.usgs.gov/product/ground-failure/p000h237/us/1597437763681/godt_2008.hdf5","sha256":"iHw4B6WmWOJsggGXfHLqvgNrx4ADITZ1G/FuNQhI97Y="},"godt_2008_model.kmz":{"contentType":"application/vnd.google-earth.kmz","lastModified":1597437763000,"length":35677,"url":"https://earthquake.usgs.gov/product/ground-failure/p000h237/us/1597437763681/godt_2008_model.kmz","sha256":"r/dgg3lg+6Tg71w9uoOunojaTihFMY9xSILIme36HfU="}}}],"impact-text":[{"indexid":13192797,"indexTime":1610452883360,"id":"urn:usgs-product:us:impact-text:usp000h237:1415324386316","type":"impact-text","code":"usp000h237","source":"us","updateTime":1415324386316,"status":"UPDATE","properties":{"eventParametersPublicID":"quakeml:US.anss.org/eventParameters/pde20090930101609250_81/1415324386316","eventsource":"us","eventsourcecode":"p000h237"},"preferredWeight":8,"contents":{"":{"contentType":"text/plain","lastModified":1415324386000,"length":742,"bytes":"At least 1,117 people killed, 1,214 injured, 181,665 buildings destroyed or damaged and about 451,000 people displaced in the Padang-Pariaman area. Landslides disrupted power and communications in the area. Damage estimated at 2.3 billion U.S. dollars. Felt (VII) at Padang; (VI) at Bukittinggi; (IV) at Bengkulu, Duri, Mukomuko and Sibolga; (III) at Pekanbaru. Also felt (IV) at Gunungsitoli, Nias and (II) at Jakarta, Java. Felt throughout Sumatra and in much of Java. Felt (III) in Singapore and at George Town, Johor Bahru, Kuala Lumpur, Petaling Jaya, Shah Alam and Sungai Chua, Malaysia. Felt in much of Peninsular Malaysia and as far away as Chiang Mai, Thailand. A 27-cm (center-to-peak) local tsunami was recorded at Padang, Sumatra.","sha256":"Esi97vpqnX/ZU9SGvTIbCaLfoQ/wM28edlKdzFBU7ng="}}}],"moment-tensor":[{"indexid":12241268,"indexTime":1610365481761,"id":"urn:usgs-product:us:moment-tensor:duputel200909301016A:1423758082000","type":"moment-tensor","code":"duputel200909301016A","source":"us","updateTime":1423758082000,"status":"UPDATE","properties":{"beachball-source":"duputel","depth":"90.5","derived-depth":"90.5","derived-eventtime":"2009-09-30T10:16:09.000Z","derived-latitude":"-0.8200","derived-longitude":"99.8700","derived-magnitude":"7.5","derived-magnitude-type":"Mww","evaluation-status":"reviewed","eventParametersPublicID":"quakeml:us.anss.org/eventParameters/200909301016A/1423783282","eventsource":"duputel","eventsourcecode":"200909301016a","eventtime":"2009-09-30T10:16:09.000Z","latitude":"-0.8200","longitude":"99.8700","n-axis-azimuth":"214","n-axis-length":"2100000000000000000","n-axis-plunge":"34","nodal-plane-1-dip":"58","nodal-plane-1-rake":"47","nodal-plane-1-strike":"189","nodal-plane-2-dip":"50","nodal-plane-2-rake":"137","nodal-plane-2-strike":"69","original-signature":"MCwCFDX3eSEXmzaGv7fPqiPWk1//IjJEAhRyRhEhMaUcVQPqbd40El0E5cidbQ==","original-signature-version":"v1","p-axis-azimuth":"307","p-axis-length":"-260000000000000000000","p-axis-plunge":"4","quakeml-publicid":"quakeml:us.anss.org/focalMechanism/200909301016A/Mww","review-status":"reviewed","scalar-moment":"258900000000000000000","sourcetime-duration":"16.0","t-axis-azimuth":"43","t-axis-length":"260000000000000000000","t-axis-plunge":"54","tensor-mpp":"-120300000000000000000","tensor-mrp":"-99410000000000000000","tensor-mrr":"171000000000000000000","tensor-mrt":"74740000000000000000","tensor-mtp":"-168600000000000000000","tensor-mtt":"-50710000000000000000"},"preferredWeight":163,"contents":{"contents.xml":{"contentType":"application/xml","lastModified":1423762415000,"length":195,"url":"https://earthquake.usgs.gov/product/moment-tensor/duputel200909301016A/us/1423758082000/contents.xml","sha256":"ABhLiaqdYWmIak24eD/csBAWouBShhatD9bUzLNEZFk="},"quakeml.xml":{"contentType":"application/xml","lastModified":1423758082000,"length":5135,"url":"https://earthquake.usgs.gov/product/moment-tensor/duputel200909301016A/us/1423758082000/quakeml.xml","sha256":"zQQCPZ9/6f/BeWsVzalmTLDZblKJIBo03k0hQRQ512U="}}},{"indexid":9304904,"indexTime":1609357306014,"id":"urn:usgs-product:us:moment-tensor:pde20090930101609250_81_C_WCMT:1415324386316","type":"moment-tensor","code":"pde20090930101609250_81_C_WCMT","source":"us","updateTime":1415324386316,"status":"UPDATE","properties":{"beachball-source":"US","beachball-type":"Mww","derived-depth":"80","derived-eventtime":"2009-09-30T10:16:09.000Z","derived-latitude":"-0.79","derived-longitude":"99.96","evaluation-status":"reviewed","eventParametersPublicID":"quakeml:US.anss.org/eventParameters/pde20090930101609250_81/1415324386316","eventsource":"us","eventsourcecode":"p000h237","n-axis-azimuth":"223","n-axis-length":"-14000000000000000000","n-axis-plunge":"46","nodal-plane-1-dip":"58","nodal-plane-1-rake":"30","nodal-plane-1-strike":"181","nodal-plane-2-dip":"64","nodal-plane-2-rake":"144","nodal-plane-2-strike":"74","p-axis-azimuth":"129","p-axis-length":"-303000000000000000000","p-axis-plunge":"3","quakeml-publicid":"quakeml:us.anss.org/focalMechanism/pde20090930101609250_81/C/WCMT","review-status":"reviewed","scalar-moment":"310000000000000000000","t-axis-azimuth":"35","t-axis-length":"317000000000000000000","t-axis-plunge":"42","tensor-mpp":"-127000000000000000000","tensor-mrp":"-80000000000000000000","tensor-mrr":"137000000000000000000","tensor-mrt":"147000000000000000000","tensor-mtp":"-225000000000000000000","tensor-mtt":"-10000000000000000000"},"preferredWeight":68,"contents":{"contents.xml":{"contentType":"application/xml","lastModified":1417561314000,"length":195,"url":"https://earthquake.usgs.gov/product/moment-tensor/pde20090930101609250_81_C_WCMT/us/1415324386316/contents.xml","sha256":"ABhLiaqdYWmIak24eD/csBAWouBShhatD9bUzLNEZFk="},"quakeml.xml":{"contentType":"application/xml","lastModified":1415324386000,"length":2735,"url":"https://earthquake.usgs.gov/product/moment-tensor/pde20090930101609250_81_C_WCMT/us/1415324386316/quakeml.xml","sha256":"1fyx6p4ZtEFkE+hnbDC88Ak/3OXzo9AM11Nhffv0qYY="}}},{"indexid":9332945,"indexTime":1609359712724,"id":"urn:usgs-product:us:moment-tensor:pde20090930101609250_81_C_GCMT:1415324386316","type":"moment-tensor","code":"pde20090930101609250_81_C_GCMT","source":"us","updateTime":1415324386316,"status":"UPDATE","properties":{"beachball-source":"LD","beachball-type":"Mwc","derived-depth":"77.8","derived-eventtime":"2009-09-30T10:16:17.400Z","derived-latitude":"-0.79","derived-longitude":"99.67","evaluation-status":"reviewed","eventParametersPublicID":"quakeml:US.anss.org/eventParameters/pde20090930101609250_81/1415324386316","eventsource":"us","eventsourcecode":"p000h237","n-axis-azimuth":"220","n-axis-length":"21000000000000000000","n-axis-plunge":"36","nodal-plane-1-dip":"52","nodal-plane-1-rake":"139","nodal-plane-1-strike":"74","nodal-plane-2-dip":"58","nodal-plane-2-rake":"46","nodal-plane-2-strike":"193","p-axis-azimuth":"312","p-axis-length":"-284000000000000000000","p-axis-plunge":"4","quakeml-publicid":"quakeml:us.anss.org/focalMechanism/pde20090930101609250_81/C/GCMT","review-status":"reviewed","scalar-moment":"270000000000000000000","sourcetime-duration":"29.4","sourcetime-type":"UNKNOWN","t-axis-azimuth":"47","t-axis-length":"263000000000000000000","t-axis-plunge":"53","tensor-mpp":"-99000000000000000000","tensor-mrp":"-99000000000000000000","tensor-mrr":"176000000000000000000","tensor-mrt":"66000000000000000000","tensor-mtp":"-194000000000000000000","tensor-mtt":"-77000000000000000000"},"preferredWeight":10,"contents":{"contents.xml":{"contentType":"application/xml","lastModified":1417561314000,"length":195,"url":"https://earthquake.usgs.gov/product/moment-tensor/pde20090930101609250_81_C_GCMT/us/1415324386316/contents.xml","sha256":"ABhLiaqdYWmIak24eD/csBAWouBShhatD9bUzLNEZFk="},"quakeml.xml":{"contentType":"application/xml","lastModified":1415324386000,"length":3685,"url":"https://earthquake.usgs.gov/product/moment-tensor/pde20090930101609250_81_C_GCMT/us/1415324386316/quakeml.xml","sha256":"QMii9kBnrMJAqNiZxypROkMQjSgwcx4rsqPVzXSVuN4="}}},{"indexid":12071393,"indexTime":1610347157815,"id":"urn:usgs-product:us:moment-tensor:pde20090930101609250_81_C_UCMT:1415324386316","type":"moment-tensor","code":"pde20090930101609250_81_C_UCMT","source":"us","updateTime":1415324386316,"status":"UPDATE","properties":{"beachball-source":"US","beachball-type":"Mwc","derived-depth":"79","derived-eventtime":"2009-09-30T10:16:27.300Z","derived-latitude":"-1.08","derived-longitude":"99.71","evaluation-status":"reviewed","eventParametersPublicID":"quakeml:US.anss.org/eventParameters/pde20090930101609250_81/1415324386316","eventsource":"us","eventsourcecode":"p000h237","n-axis-azimuth":"220","n-axis-length":"21000000000000000000","n-axis-plunge":"32","nodal-plane-1-dip":"52","nodal-plane-1-rake":"132","nodal-plane-1-strike":"70","nodal-plane-2-dip":"55","nodal-plane-2-rake":"49","nodal-plane-2-strike":"194","p-axis-azimuth":"311","p-axis-length":"-268000000000000000000","p-axis-plunge":"1","quakeml-publicid":"quakeml:us.anss.org/focalMechanism/pde20090930101609250_81/C/UCMT","review-status":"reviewed","scalar-moment":"260000000000000000000","t-axis-azimuth":"43","t-axis-length":"247000000000000000000","t-axis-plunge":"57","tensor-mpp":"-113000000000000000000","tensor-mrp":"-77000000000000000000","tensor-mrr":"183000000000000000000","tensor-mrt":"68000000000000000000","tensor-mtp":"-175000000000000000000","tensor-mtt":"-71000000000000000000"},"preferredWeight":10,"contents":{"contents.xml":{"contentType":"application/xml","lastModified":1417561314000,"length":195,"url":"https://earthquake.usgs.gov/product/moment-tensor/pde20090930101609250_81_C_UCMT/us/1415324386316/contents.xml","sha256":"ABhLiaqdYWmIak24eD/csBAWouBShhatD9bUzLNEZFk="},"quakeml.xml":{"contentType":"application/xml","lastModified":1415324386000,"length":2735,"url":"https://earthquake.usgs.gov/product/moment-tensor/pde20090930101609250_81_C_UCMT/us/1415324386316/quakeml.xml","sha256":"oEnVFtSMHZ7HQNL5eajrzxSQtGOIp3twHrf5K+Mdv7Q="}}},{"indexid":9332898,"indexTime":1609359709174,"id":"urn:usgs-product:us:moment-tensor:pde20090930101609250_81_M_US:1415324386316","type":"moment-tensor","code":"pde20090930101609250_81_M_US","source":"us","updateTime":1415324386316,"status":"UPDATE","properties":{"beachball-source":"US","beachball-type":"Mwb","derived-depth":"84","evaluation-status":"reviewed","eventParametersPublicID":"quakeml:US.anss.org/eventParameters/pde20090930101609250_81/1415324386316","eventsource":"us","eventsourcecode":"p000h237","n-axis-azimuth":"211","n-axis-length":"6000000000000000000","n-axis-plunge":"28","nodal-plane-1-dip":"52","nodal-plane-1-rake":"53","nodal-plane-1-strike":"187","nodal-plane-2-dip":"51","nodal-plane-2-rake":"128","nodal-plane-2-strike":"58","p-axis-azimuth":"302","p-axis-length":"-230000000000000000000","p-axis-plunge":"0","quakeml-publicid":"quakeml:us.anss.org/focalMechanism/pde20090930101609250_81/M/US","review-status":"reviewed","scalar-moment":"230000000000000000000","t-axis-azimuth":"32","t-axis-length":"225000000000000000000","t-axis-plunge":"61","tensor-mpp":"-149000000000000000000","tensor-mrp":"-51000000000000000000","tensor-mrr":"175000000000000000000","tensor-mrt":"76000000000000000000","tensor-mtp":"-129000000000000000000","tensor-mtt":"-26000000000000000000"},"preferredWeight":9,"contents":{"contents.xml":{"contentType":"application/xml","lastModified":1417561314000,"length":195,"url":"https://earthquake.usgs.gov/product/moment-tensor/pde20090930101609250_81_M_US/us/1415324386316/contents.xml","sha256":"ABhLiaqdYWmIak24eD/csBAWouBShhatD9bUzLNEZFk="},"quakeml.xml":{"contentType":"application/xml","lastModified":1415324386000,"length":2549,"url":"https://earthquake.usgs.gov/product/moment-tensor/pde20090930101609250_81_M_US/us/1415324386316/quakeml.xml","sha256":"uKL6247Ptzt2xZygAlMxY8VmE/B3nP/YBELDG7ZRadg="}}}],"origin":[{"indexid":15091005,"indexTime":1610882151871,"id":"urn:usgs-product:us:origin:usp000h237:1415324386316","type":"origin","code":"usp000h237","source":"us","updateTime":1415324386316,"status":"UPDATE","properties":{"azimuthal-gap":"14.0","depth":"81","depth-type":"OPERATOR_ASSIGNED","evaluation-status":"reviewed","event-type":"earthquake","eventParametersPublicID":"quakeml:US.anss.org/eventParameters/pde20090930101609250_81/1415324386316","eventsource":"us","eventsourcecode":"p000h237","eventtime":"2009-09-30T10:16:09.250Z","latitude":"-0.720","longitude":"99.867","magnitude":"7.6","magnitude-source":"GCMT","magnitude-type":"mwc","num-stations-used":"498","origin-source":"US","pdl-client-version":"Version 2.6.0 2020-11-20","quakeml-publicid":"quakeml:US.anss.org/event/pde20090930101609250_81","review-status":"reviewed","standard-error":"0.92","title":"30 km WSW of Pariaman, Indonesia"},"preferredWeight":158,"contents":{"contents.xml":{"contentType":"application/xml","lastModified":1417561314000,"length":195,"url":"https://earthquake.usgs.gov/product/origin/usp000h237/us/1415324386316/contents.xml","sha256":"ABhLiaqdYWmIak24eD/csBAWouBShhatD9bUzLNEZFk="},"quakeml.xml":{"contentType":"application/xml","lastModified":1415324386000,"length":2417,"url":"https://earthquake.usgs.gov/product/origin/usp000h237/us/1415324386316/quakeml.xml","sha256":"BFAFWP13EUSbLF4yXo5cgh5Nv1ZEXVktE7H0J6CcDvg="}}},{"indexid":20903265,"indexTime":1651526405034,"id":"urn:usgs-product:us:origin:iscgem13801688:1651526403563","type":"origin","code":"iscgem13801688","source":"us","updateTime":1651526403563,"status":"UPDATE","properties":{"depth":"90.0","depth-type":"from location","evaluation-status":"final","event-type":"earthquake","eventParametersPublicID":"quakeml:us.anss.org/eventParameters/13801688","eventsource":"iscgem","eventsourcecode":"13801688","eventtime":"2009-09-30T10:16:10.330Z","latitude":"-0.705","longitude":"99.97","magnitude":"7.56","magnitude-error":"0.10","magnitude-source":"iscgem","magnitude-type":"mw","origin-source":"iscgem","pdl-client-version":"Version 2.7.9 2021-02-10","quakeml-magnitude-publicid":"quakeml:us.anss.org/magnitude/iscgem13801688/Mw","quakeml-origin-publicid":"quakeml:us.anss.org/origin/iscgem13801688","quakeml-publicid":"quakeml:us.anss.org/event/iscgem13801688","review-status":"reviewed","title":"19 km WSW of Pariaman, Indonesia","vertical-error":"5.0"},"preferredWeight":103,"contents":{"contents.xml":{"contentType":"application/xml","lastModified":1651526403000,"length":195,"url":"https://earthquake.usgs.gov/product/origin/iscgem13801688/us/1651526403563/contents.xml","sha256":"ABhLiaqdYWmIak24eD/csBAWouBShhatD9bUzLNEZFk="},"quakeml.xml":{"contentType":"application/xml","lastModified":1651526403000,"length":2163,"url":"https://earthquake.usgs.gov/product/origin/iscgem13801688/us/1651526403563/quakeml.xml","sha256":"EDST1Kc8f0WFNDQB04ofUtmuJepQ2VibFBJaqFDWabE="}}},{"indexid":16925068,"indexTime":1611037882208,"id":"urn:usgs-product:us:origin:gcmtC200909301016A:1478744261794","type":"origin","code":"gcmtC200909301016A","source":"us","updateTime":1478744261794,"status":"UPDATE","properties":{"depth":"81.0","evaluation-status":"preliminary","event-type":"earthquake","eventParametersPublicID":"quakeml:us.anss.org/eventParameters/C200909301016A","eventsource":"gcmt","eventsourcecode":"c200909301016a","eventtime":"2009-09-30T10:16:09.000Z","latitude":"-0.7200","longitude":"99.8700","magnitude":"7.60","magnitude-type":"mwc","original-signature":"MC0CFQCIHkVdA8f65LcXYdLkNjXms4XB+gIUQjmj9mZgOTE7z4UCFY05Bv+25fI=","original-signature-version":"v1","pdl-client-version":"Version 2.6.0 2020-11-20","quakeml-magnitude-publicid":"quakeml:us.anss.org/magnitude/gcmt/Mwc","quakeml-origin-publicid":"quakeml:us.anss.org/origin/PDEW20090930101609","quakeml-publicid":"quakeml:gcmt.anss.org/event/C200909301016A","review-status":"automatic","title":"29 km WSW of Pariaman, Indonesia"},"preferredWeight":103,"contents":{"contents.xml":{"contentType":"application/xml","lastModified":1478744261000,"length":195,"url":"https://earthquake.usgs.gov/product/origin/gcmtC200909301016A/us/1478744261794/contents.xml","sha256":"ABhLiaqdYWmIak24eD/csBAWouBShhatD9bUzLNEZFk="},"quakeml.xml":{"contentType":"application/xml","lastModified":1478744261000,"length":2258,"url":"https://earthquake.usgs.gov/product/origin/gcmtC200909301016A/us/1478744261794/quakeml.xml","sha256":"2sM/aEK6KsFxCgvITgtIMbmrj0U9qJ7NXyqb2pmpBeI="}}},{"indexid":15559162,"indexTime":1610919459517,"id":"urn:usgs-product:us:origin:choy20090930101609:1435683543626","type":"origin","code":"choy20090930101609","source":"us","updateTime":1435683543626,"status":"UPDATE","properties":{"depth":"81","depth-type":"from modeling of broad-band P waveforms","evaluation-status":"reviewed","event-type":"earthquake","eventParametersPublicID":"quakeml:us.anss.org/eventparameters/10002l37/1435063121","eventsource":"choy","eventsourcecode":"20090930101609","eventtime":"2009-09-30T10:16:09.300Z","latitude":"-0.7200","longitude":"99.8700","magnitude":"7.52","magnitude-source":"us","magnitude-type":"me","origin-source":"us","original-signature":"MCwCFExY1IICZuP24ALADFjVKfYUXSuGAhQfuizRgrIgTmxUWmuOiYyldbM0MQ==","original-signature-version":"v1","pdl-client-version":"Version 2.6.0 2020-11-20","quakeml-magnitude-publicid":"choy20090930101609","quakeml-origin-publicid":"choy20090930101609","quakeml-publicid":"choy20090930101609","review-status":"reviewed","title":"29 km WSW of Pariaman, Indonesia"},"preferredWeight":103,"contents":{"contents.xml":{"contentType":"application/xml","lastModified":1435684764000,"length":195,"url":"https://earthquake.usgs.gov/product/origin/choy20090930101609/us/1435683543626/contents.xml","sha256":"ABhLiaqdYWmIak24eD/csBAWouBShhatD9bUzLNEZFk="},"quakeml.xml":{"contentType":"application/xml","lastModified":1435683543000,"length":2776,"url":"https://earthquake.usgs.gov/product/origin/choy20090930101609/us/1435683543626/quakeml.xml","sha256":"sulNVTQV29MbauGfv46JW1atq2IAdD2ZGyBWSkG794U="}}},{"indexid":15383622,"indexTime":1610904724262,"id":"urn:usgs-product:us:origin:duputel200909301016A:1423758082000","type":"origin","code":"duputel200909301016A","source":"us","updateTime":1423758082000,"status":"UPDATE","properties":{"depth":"90.5","evaluation-status":"preliminary","event-type":"earthquake","eventParametersPublicID":"quakeml:us.anss.org/eventParameters/200909301016A/1423783282","eventsource":"duputel","eventsourcecode":"200909301016a","eventtime":"2009-09-30T10:16:09.000Z","latitude":"-0.8200","longitude":"99.8700","magnitude":"7.5","magnitude-source":"duputel","magnitude-type":"mww","original-signature":"MCwCFD3DaQDZepft+sJGfcNy7RvT8Qs2AhQgQXDGFRyFfNJxyYGJaejAq8+Bjw==","original-signature-version":"v1","pdl-client-version":"Version 2.6.0 2020-11-20","quakeml-publicid":"quakeml:us.anss.org/event/200909301016A","review-status":"automatic","title":"35 km SW of Pariaman, Indonesia"},"preferredWeight":103,"contents":{"contents.xml":{"contentType":"application/xml","lastModified":1423762415000,"length":195,"url":"https://earthquake.usgs.gov/product/origin/duputel200909301016A/us/1423758082000/contents.xml","sha256":"ABhLiaqdYWmIak24eD/csBAWouBShhatD9bUzLNEZFk="},"quakeml.xml":{"contentType":"application/xml","lastModified":1423758082000,"length":5135,"url":"https://earthquake.usgs.gov/product/origin/duputel200909301016A/us/1423758082000/quakeml.xml","sha256":"zQQCPZ9/6f/BeWsVzalmTLDZblKJIBo03k0hQRQ512U="}}}],"phase-data":[{"indexid":4845748,"indexTime":1608970024651,"id":"urn:usgs-product:us:phase-data:usp000h237:1415324386316","type":"phase-data","code":"usp000h237","source":"us","updateTime":1415324386316,"status":"UPDATE","properties":{"azimuthal-gap":"14.0","depth":"81","depth-type":"OPERATOR_ASSIGNED","evaluation-status":"reviewed","event-type":"earthquake","eventParametersPublicID":"quakeml:US.anss.org/eventParameters/pde20090930101609250_81/1415324386316","eventsource":"us","eventsourcecode":"p000h237","eventtime":"2009-09-30T10:16:09.250Z","latitude":"-0.720","longitude":"99.867","magnitude":"7.6","magnitude-source":"GCMT","magnitude-type":"mwc","num-stations-used":"498","origin-source":"US","quakeml-publicid":"quakeml:US.anss.org/event/pde20090930101609250_81","review-status":"reviewed","standard-error":"0.92"},"preferredWeight":158,"contents":{"contents.xml":{"contentType":"application/xml","lastModified":1417561314000,"length":195,"url":"https://earthquake.usgs.gov/product/phase-data/usp000h237/us/1415324386316/contents.xml","sha256":"ABhLiaqdYWmIak24eD/csBAWouBShhatD9bUzLNEZFk="},"quakeml.xml":{"contentType":"application/xml","lastModified":1415324386000,"length":602756,"url":"https://earthquake.usgs.gov/product/phase-data/usp000h237/us/1415324386316/quakeml.xml","sha256":"eIGr5BdKaS/F3Z7rajq8a1Ea+oA0wSJ44qHltw9Rw6E="}}}],"poster":[{"indexid":13698705,"indexTime":1610491431751,"id":"urn:usgs-product:us:poster:20090930:1462223175698","type":"poster","code":"20090930","source":"us","updateTime":1462223175698,"status":"UPDATE","properties":{"eventsource":"us","eventsourcecode":"p000h237","original-signature":"MC0CFFUOapvnxiBO8ZVvOMcjfbaw+SL7AhUAlaGxu15Px1e+krIfjAkgGj0gtbY=","original-signature-version":"v1"},"preferredWeight":8,"contents":{"poster.medium.jpg":{"contentType":"image/jpeg","lastModified":1453229609000,"length":360211,"url":"https://earthquake.usgs.gov/product/poster/20090930/us/1462223175698/poster.medium.jpg","sha256":"2V8pvK+q9zqmy8ytQIah6vnLdds5uaPaUOlOY2Lpk3w="},"poster.small.jpg":{"contentType":"image/jpeg","lastModified":1453229609000,"length":104907,"url":"https://earthquake.usgs.gov/product/poster/20090930/us/1462223175698/poster.small.jpg","sha256":"15LrU3bIMTGC2H6a01MRo1871XY5EjQgTVg5xUfzepQ="},"poster.low.jpg":{"contentType":"image/jpeg","lastModified":1453229610000,"length":50088,"url":"https://earthquake.usgs.gov/product/poster/20090930/us/1462223175698/poster.low.jpg","sha256":"jMcVtXt2WxUajmVPYNBA9MdrMiQx3/Q5IM/bmhpvbc8="},"contents.xml":{"contentType":"application/xml","lastModified":1452016894000,"length":427,"url":"https://earthquake.usgs.gov/product/poster/20090930/us/1462223175698/contents.xml","sha256":"VUbxncXYrZ+SUXfhddAv/R0FwQwR91gKf1ELtC+W4eQ="},"Thumbs.db":{"contentType":"application/octet-stream","lastModified":1462220891000,"length":58880,"url":"https://earthquake.usgs.gov/product/poster/20090930/us/1462223175698/Thumbs.db","sha256":"h4Swh+fvLRD5kMBE4fg8EEe/hAVn+wMX7/YnbiFmz6s="},"poster.jpg":{"contentType":"image/jpeg","lastModified":1254508576000,"length":2520171,"url":"https://earthquake.usgs.gov/product/poster/20090930/us/1462223175698/poster.jpg","sha256":"HUK76Xf06ul2pv3FJGbztP9hzuG5oZvvM5MS95gCSDA="},"poster.pdf":{"contentType":"application/pdf","lastModified":1254508620000,"length":5358158,"url":"https://earthquake.usgs.gov/product/poster/20090930/us/1462223175698/poster.pdf","sha256":"eP10j+lyn9I/7nsJ/XbiFA0AUxn0nXccdIa2wU25U/0="}}}],"shakemap":[{"indexid":14140279,"indexTime":1610559684632,"id":"urn:usgs-product:atlas:shakemap:usp000h237:1594174918698","type":"shakemap","code":"usp000h237","source":"atlas","updateTime":1594174918698,"status":"UPDATE","properties":{"depth":"81.0","event-description":"ShakeMap Atlas v4","event-type":"ACTUAL","eventsource":"us","eventsourcecode":"p000h237","eventtime":"2009-09-30T10:16:09.000Z","gmice":"WGRW12","latitude":"-0.7200","longitude":"99.8670","magnitude":"7.6","map-status":"automatic","maximum-latitude":"3.217","maximum-longitude":"104.0","maxmmi":"8.221","maxmmi-grid":"8.221","maxpga":"0.544","maxpga-grid":"0.581","maxpgv":"4.658","maxpgv-grid":"4.658","maxpsa03":"1.097","maxpsa03-grid":"1.097","maxpsa10":"1.706","maxpsa10-grid":"1.706","maxpsa30":"0.279","maxpsa30-grid":"0.279","minimum-latitude":"-4.8","minimum-longitude":"95.8","original-signature":"MC0CFEEZvj4Tlp47ZKAGkmZN8vZmoalxAhUAoTR1JWhC4b80zarzYHtKI9JQlcA=","original-signature-version":"v1","pdl-client-version":"Version 2.4.0 2020-05-11","process-timestamp":"2020-06-04T06:33:58Z","review-status":"automatic","shakemap-code-version":"4.0.2+335.gcbad862","version":"1"},"preferredWeight":100000000,"contents":{"download/coverage_psa3p0_high_res.covjson":{"contentType":"application/octet-stream","lastModified":1591252763000,"length":1402540,"url":"https://earthquake.usgs.gov/product/shakemap/usp000h237/atlas/1594174918698/download/coverage_psa3p0_high_res.covjson","sha256":"USnsh7JiP7TRJz4FzsGEhNWG9krIz6IThQRpxboUDJ8="},"download/coverage_psa3p0_medium_res.covjson":{"contentType":"application/octet-stream","lastModified":1591252763000,"length":351935,"url":"https://earthquake.usgs.gov/product/shakemap/usp000h237/atlas/1594174918698/download/coverage_psa3p0_medium_res.covjson","sha256":"Ysl01HLZbXKLqH9uHKiCFQK+2JB0FkS/rUzZ2ihyU5Q="},"download/coverage_pgv_high_res.covjson":{"contentType":"application/octet-stream","lastModified":1591252762000,"length":1190153,"url":"https://earthquake.usgs.gov/product/shakemap/usp000h237/atlas/1594174918698/download/coverage_pgv_high_res.covjson","sha256":"Rg96LM5XB9B1ej6Rr/cav/55QTXSTFMih9MEWPXSrFQ="},"download/mmi_legend.png":{"contentType":"image/png","lastModified":1591252462000,"length":49619,"url":"https://earthquake.usgs.gov/product/shakemap/usp000h237/atlas/1594174918698/download/mmi_legend.png","sha256":"FC/tWILHvMN8Bp9Jk/+IPMDvcdLqT2UxjKRcND6j2jg="},"download/rupture.json":{"contentType":"application/json","lastModified":1591252780000,"length":854,"url":"https://earthquake.usgs.gov/product/shakemap/usp000h237/atlas/1594174918698/download/rupture.json","sha256":"r9DkxYJmHWMc0tijx2h9xE1802vftDn/Ftjsn0Lwcn8="},"download/info.json":{"contentType":"application/json","lastModified":1591252602000,"length":5083,"url":"https://earthquake.usgs.gov/product/shakemap/usp000h237/atlas/1594174918698/download/info.json","sha256":"X8lTCSRcv1nLf8TPLj6cdp9Bp1okwLC/mK2+Lcm0CS4="},"download/coverage_psa0p3_high_res.covjson":{"contentType":"application/octet-stream","lastModified":1591252762000,"length":1402417,"url":"https://earthquake.usgs.gov/product/shakemap/usp000h237/atlas/1594174918698/download/coverage_psa0p3_high_res.covjson","sha256":"Z/nSWrhih09GAxwp+/JYSRj3/cSlQpr8mTbIEeRN1/M="},"download/psa3p0.jpg":{"contentType":"image/jpeg","lastModified":1591252598000,"length":291226,"url":"https://earthquake.usgs.gov/product/shakemap/usp000h237/atlas/1594174918698/download/psa3p0.jpg","sha256":"9WmPt/W3ezYo6aDOP2G/Gi54N+G8Cblyg7mBR9IWAQ0="},"download/cont_psa0p3.json":{"contentType":"application/json","lastModified":1591252759000,"length":20318,"url":"https://earthquake.usgs.gov/product/shakemap/usp000h237/atlas/1594174918698/download/cont_psa0p3.json","sha256":"tE5k9rWmKlSFPU38ApEu2I/53sQ8RINVe2JjE1bn808="},"download/coverage_pga_high_res.covjson":{"contentType":"application/octet-stream","lastModified":1591252761000,"length":1402672,"url":"https://earthquake.usgs.gov/product/shakemap/usp000h237/atlas/1594174918698/download/coverage_pga_high_res.covjson","sha256":"0794KYYOvTIRBtGZpMd4GivAjhMLkZBA6uEDkXd/Wgw="},"download/coverage_psa0p3_low_res.covjson":{"contentType":"application/octet-stream","lastModified":1591252762000,"length":89208,"url":"https://earthquake.usgs.gov/product/shakemap/usp000h237/atlas/1594174918698/download/coverage_psa0p3_low_res.covjson","sha256":"/GB/VDuOOyMoQq4LIJKgmJ6KeCGntYLbUGOax5ai8cA="},"download/attenuation_curves.json":{"contentType":"application/json","lastModified":1591252757000,"length":52847,"url":"https://earthquake.usgs.gov/product/shakemap/usp000h237/atlas/1594174918698/download/attenuation_curves.json","sha256":"VZeVz1KzEGcvhRNawXWvLUjk0psozg9q9sVQSvQ56aw="},"download/intensity.jpg":{"contentType":"image/jpeg","lastModified":1591252480000,"length":294081,"url":"https://earthquake.usgs.gov/product/shakemap/usp000h237/atlas/1594174918698/download/intensity.jpg","sha256":"14501DnLNPymDVnlI3ojU46qJ8jqTNI/1hG7Hgcp8qM="},"download/raster.zip":{"contentType":"application/zip","lastModified":1591252780000,"length":5382442,"url":"https://earthquake.usgs.gov/product/shakemap/usp000h237/atlas/1594174918698/download/raster.zip","sha256":"uAeADv9FZDvmNk+2ggKw3QcNcjE8BYCyly5+cPlV+pY="},"download/pga.pdf":{"contentType":"application/pdf","lastModified":1591252500000,"length":2970527,"url":"https://earthquake.usgs.gov/product/shakemap/usp000h237/atlas/1594174918698/download/pga.pdf","sha256":"4ZVI0hWU3KtgVl//D42L1s9vPIRbKJ9QavMSB8dkJbQ="},"download/pga_regr.png":{"contentType":"image/png","lastModified":1591252653000,"length":93418,"url":"https://earthquake.usgs.gov/product/shakemap/usp000h237/atlas/1594174918698/download/pga_regr.png","sha256":"yneKZNCPu3MbfzohOeLthuSbBTiUKo7/hihcmFNhnLk="},"download/coverage_mmi_low_res.covjson":{"contentType":"application/octet-stream","lastModified":1591252761000,"length":60897,"url":"https://earthquake.usgs.gov/product/shakemap/usp000h237/atlas/1594174918698/download/coverage_mmi_low_res.covjson","sha256":"zzD/E27jWk/M8fy73/ldHuV/gdIGQ2MepGTJnLootWM="},"download/coverage_mmi_high_res.covjson":{"contentType":"application/octet-stream","lastModified":1591252761000,"length":951399,"url":"https://earthquake.usgs.gov/product/shakemap/usp000h237/atlas/1594174918698/download/coverage_mmi_high_res.covjson","sha256":"3F1qkRdBsAfNKYw346d44LLfdptTzxUTyFH6HSRxuN8="},"download/intensity.pdf":{"contentType":"application/pdf","lastModified":1591252475000,"length":2964882,"url":"https://earthquake.usgs.gov/product/shakemap/usp000h237/atlas/1594174918698/download/intensity.pdf","sha256":"KWQ/zmaLg6pgplWA10j4HiNMwkNKk2TTrMLb6CNub9w="},"download/mmi_regr.png":{"contentType":"image/png","lastModified":1591252627000,"length":91387,"url":"https://earthquake.usgs.gov/product/shakemap/usp000h237/atlas/1594174918698/download/mmi_regr.png","sha256":"yCGXtC2PybultyIV2d0nSGt0cWDB7Z0kIhWsQWTrZhQ="},"download/psa3p0.pdf":{"contentType":"application/pdf","lastModified":1591252593000,"length":2976046,"url":"https://earthquake.usgs.gov/product/shakemap/usp000h237/atlas/1594174918698/download/psa3p0.pdf","sha256":"1u8OapZ1bXAI5UKDGLUJS5yaegUpv90BPOEqaBEYRpo="},"download/coverage_psa1p0_high_res.covjson":{"contentType":"application/octet-stream","lastModified":1591252762000,"length":1402608,"url":"https://earthquake.usgs.gov/product/shakemap/usp000h237/atlas/1594174918698/download/coverage_psa1p0_high_res.covjson","sha256":"rx0gRj8f7JwtL4FF2tlUq2k6fjcDJuaEs7D8Z5h7FvE="},"download/uncertainty.xml":{"contentType":"application/xml","lastModified":1591252601000,"length":12638695,"url":"https://earthquake.usgs.gov/product/shakemap/usp000h237/atlas/1594174918698/download/uncertainty.xml","sha256":"H7AZhONrfl6fScI0KvPhkfYl39XaCy8mXXVthXnQJU8="},"download/pin-thumbnail.png":{"contentType":"image/png","lastModified":1591252482000,"length":30130,"url":"https://earthquake.usgs.gov/product/shakemap/usp000h237/atlas/1594174918698/download/pin-thumbnail.png","sha256":"kz6D+jGdUzbhmV5B2HvEQLldyQ3X1khYh8BFKi4IEIs="},"download/cont_mmi.json":{"contentType":"application/json","lastModified":1591252758000,"length":24268,"url":"https://earthquake.usgs.gov/product/shakemap/usp000h237/atlas/1594174918698/download/cont_mmi.json","sha256":"5iLP6xuuDBENCHeQdbbydQtOB8Op1DqAHv2ftAB61rg="},"download/coverage_pgv_low_res.covjson":{"contentType":"application/octet-stream","lastModified":1591252762000,"length":75851,"url":"https://earthquake.usgs.gov/product/shakemap/usp000h237/atlas/1594174918698/download/coverage_pgv_low_res.covjson","sha256":"Zr2xBYLz3aFZhkHLmJqEUqGuBCfkNogZrHpW8ndgyuc="},"download/coverage_mmi_medium_res.covjson":{"contentType":"application/octet-stream","lastModified":1591252761000,"length":238989,"url":"https://earthquake.usgs.gov/product/shakemap/usp000h237/atlas/1594174918698/download/coverage_mmi_medium_res.covjson","sha256":"Cm7Kyw0NVjuV9FFo0cEkCb98ZzXfgyjFEe69n55e+MY="},"download/pgv.pdf":{"contentType":"application/pdf","lastModified":1591252523000,"length":2980708,"url":"https://earthquake.usgs.gov/product/shakemap/usp000h237/atlas/1594174918698/download/pgv.pdf","sha256":"tvP1kUGcKVOlCkBLC4o4ojrtsHqVe8se2e7xB7OWK4I="},"contents.xml":{"contentType":"application/xml","lastModified":1591252802000,"length":12125,"url":"https://earthquake.usgs.gov/product/shakemap/usp000h237/atlas/1594174918698/contents.xml","sha256":"tgsdB3Ps1eAMOishODGO8VkOTbiVuW512mr6blHSvbA="},"download/cont_psa1p0.json":{"contentType":"application/json","lastModified":1591252760000,"length":23089,"url":"https://earthquake.usgs.gov/product/shakemap/usp000h237/atlas/1594174918698/download/cont_psa1p0.json","sha256":"OdrmWWov8hap18IRSqnQZTw8KOtp04dqy+qeYuZid2U="},"download/cont_psa3p0.json":{"contentType":"application/json","lastModified":1591252760000,"length":20968,"url":"https://earthquake.usgs.gov/product/shakemap/usp000h237/atlas/1594174918698/download/cont_psa3p0.json","sha256":"wLoWtiHavTcIb9AcJDANvMuzx83ADDX98NOQnXW++QA="},"download/psa1p0.pdf":{"contentType":"application/pdf","lastModified":1591252570000,"length":2979246,"url":"https://earthquake.usgs.gov/product/shakemap/usp000h237/atlas/1594174918698/download/psa1p0.pdf","sha256":"kJrghsZzBc5SzdIaRC0grltPF5S1GcvKfYRM08v0QEk="},"download/coverage_pgv_medium_res.covjson":{"contentType":"application/octet-stream","lastModified":1591252762000,"length":298547,"url":"https://earthquake.usgs.gov/product/shakemap/usp000h237/atlas/1594174918698/download/coverage_pgv_medium_res.covjson","sha256":"NWNxGETJx25IispIH5THizE2aLxIuZPNUl/sezfCBKM="},"download/psa1p0_regr.png":{"contentType":"image/png","lastModified":1591252730000,"length":86537,"url":"https://earthquake.usgs.gov/product/shakemap/usp000h237/atlas/1594174918698/download/psa1p0_regr.png","sha256":"OYS+eR1EDLxxi58N0JxAuLqpvMaIMkieQmcCKXDWT1Q="},"download/coverage_psa3p0_low_res.covjson":{"contentType":"application/octet-stream","lastModified":1591252763000,"length":89264,"url":"https://earthquake.usgs.gov/product/shakemap/usp000h237/atlas/1594174918698/download/coverage_psa3p0_low_res.covjson","sha256":"LSruzTGkDSAeubHVAttruTEZCKjvT8SzK5Prq9Qz0P4="},"download/pga.jpg":{"contentType":"image/jpeg","lastModified":1591252505000,"length":292742,"url":"https://earthquake.usgs.gov/product/shakemap/usp000h237/atlas/1594174918698/download/pga.jpg","sha256":"4284vPbLeyRbQaM/DYUvA/0S7YvCXRnkYMAvuUM/xEc="},"download/coverage_psa1p0_medium_res.covjson":{"contentType":"application/octet-stream","lastModified":1591252762000,"length":351935,"url":"https://earthquake.usgs.gov/product/shakemap/usp000h237/atlas/1594174918698/download/coverage_psa1p0_medium_res.covjson","sha256":"CZa8ABx8S8IQYhH3LAZ4FyS8T80GK6Q5YpGtDoRzTaA="},"download/psa0p3.jpg":{"contentType":"image/jpeg","lastModified":1591252552000,"length":293885,"url":"https://earthquake.usgs.gov/product/shakemap/usp000h237/atlas/1594174918698/download/psa0p3.jpg","sha256":"VUAMSB+632sMYLLZDA6X1ipaAYZ1xNPhzp6Ij0rBphk="},"download/shake_result.hdf":{"contentType":"application/octet-stream","lastModified":1594174917000,"length":32285216,"url":"https://earthquake.usgs.gov/product/shakemap/usp000h237/atlas/1594174918698/download/shake_result.hdf","sha256":"91IsBtOwrWLtr4TsqsuoNItJS2xGHhn0gjs2t4JM9hE="},"download/cont_pga.json":{"contentType":"application/json","lastModified":1591252758000,"length":13127,"url":"https://earthquake.usgs.gov/product/shakemap/usp000h237/atlas/1594174918698/download/cont_pga.json","sha256":"jeP9q5Ws/e/mlQgW5FZDyr96RApKnDYI5BHm0xboJEE="},"download/pgv.jpg":{"contentType":"image/jpeg","lastModified":1591252529000,"length":294443,"url":"https://earthquake.usgs.gov/product/shakemap/usp000h237/atlas/1594174918698/download/pgv.jpg","sha256":"eRqdcuaB5/b8QTzE5X5IwgG+IgK6tGb04IF6kJ9ZZvM="},"download/psa1p0.jpg":{"contentType":"image/jpeg","lastModified":1591252575000,"length":298250,"url":"https://earthquake.usgs.gov/product/shakemap/usp000h237/atlas/1594174918698/download/psa1p0.jpg","sha256":"ZXBED0MLjInPTu+bNqwxZwiDT95yXAKBWX15bs98g7s="},"download/cont_mi.json":{"contentType":"application/json","lastModified":1591252758000,"length":24268,"url":"https://earthquake.usgs.gov/product/shakemap/usp000h237/atlas/1594174918698/download/cont_mi.json","sha256":"5iLP6xuuDBENCHeQdbbydQtOB8Op1DqAHv2ftAB61rg="},"download/pgv_regr.png":{"contentType":"image/png","lastModified":1591252678000,"length":87512,"url":"https://earthquake.usgs.gov/product/shakemap/usp000h237/atlas/1594174918698/download/pgv_regr.png","sha256":"HXQVxrgemc4+Nue5G+OKZUCxpgtA8UmVYJTaaeRfJjc="},"download/intensity_overlay.pngw":{"contentType":"application/octet-stream","lastModified":1591252482000,"length":38,"url":"https://earthquake.usgs.gov/product/shakemap/usp000h237/atlas/1594174918698/download/intensity_overlay.pngw","sha256":"7cmgd7+bCvQPz/fOqogPrmlAaz+hTUgTZjSQxYbWhLg="},"download/coverage_pga_low_res.covjson":{"contentType":"application/octet-stream","lastModified":1591252761000,"length":89215,"url":"https://earthquake.usgs.gov/product/shakemap/usp000h237/atlas/1594174918698/download/coverage_pga_low_res.covjson","sha256":"SHwO8WldSTBdImuvf8ghkHkzS+psOkFjXZL8T6PxZOM="},"download/coverage_pga_medium_res.covjson":{"contentType":"application/octet-stream","lastModified":1591252761000,"length":351923,"url":"https://earthquake.usgs.gov/product/shakemap/usp000h237/atlas/1594174918698/download/coverage_pga_medium_res.covjson","sha256":"K9+thpJgtgQdAYjFlDbAeAzKleLGctFuRjM/Xwf2trk="},"download/grid.xml":{"contentType":"application/xml","lastModified":1591252600000,"length":13004636,"url":"https://earthquake.usgs.gov/product/shakemap/usp000h237/atlas/1594174918698/download/grid.xml","sha256":"ff+LAhplzvH3t5Iax0efab872LInM7NoMovHulEqHa4="},"download/coverage_psa1p0_low_res.covjson":{"contentType":"application/octet-stream","lastModified":1591252762000,"length":89234,"url":"https://earthquake.usgs.gov/product/shakemap/usp000h237/atlas/1594174918698/download/coverage_psa1p0_low_res.covjson","sha256":"Tx1kalFSTVMWcCuP44O4bAcDmQ4iydHFSqn+rJIanHI="},"download/intensity_overlay.png":{"contentType":"image/png","lastModified":1591252482000,"length":102591,"url":"https://earthquake.usgs.gov/product/shakemap/usp000h237/atlas/1594174918698/download/intensity_overlay.png","sha256":"5ejA5IIpjNJgmBoJyJ+xWrI7vofDa6//xfhK3vqEap0="},"download/psa0p3_regr.png":{"contentType":"image/png","lastModified":1591252704000,"length":92841,"url":"https://earthquake.usgs.gov/product/shakemap/usp000h237/atlas/1594174918698/download/psa0p3_regr.png","sha256":"2AkWHN5vqvtyMDRAjSpJvUTFxaLNyFmIPce/7MvYurc="},"download/stationlist.json":{"contentType":"application/json","lastModified":1591252602000,"length":10213928,"url":"https://earthquake.usgs.gov/product/shakemap/usp000h237/atlas/1594174918698/download/stationlist.json","sha256":"Q7bhr2G/NA267apbSTV4Yh05NWSYxbkMsAkw9Cp0HG8="},"download/psa3p0_regr.png":{"contentType":"image/png","lastModified":1591252756000,"length":86885,"url":"https://earthquake.usgs.gov/product/shakemap/usp000h237/atlas/1594174918698/download/psa3p0_regr.png","sha256":"vPhqzuS9KL2wbWPbZHBGEkLn9pBpxPXdWDGyU3oj5IY="},"download/shakemap.kmz":{"contentType":"application/vnd.google-earth.kmz","lastModified":1591252780000,"length":708015,"url":"https://earthquake.usgs.gov/product/shakemap/usp000h237/atlas/1594174918698/download/shakemap.kmz","sha256":"6EfEZ4C8zXcvPMfeCoVoniAH4RtRi+fd19hR/4sjRz0="},"download/psa0p3.pdf":{"contentType":"application/pdf","lastModified":1591252547000,"length":2977405,"url":"https://earthquake.usgs.gov/product/shakemap/usp000h237/atlas/1594174918698/download/psa0p3.pdf","sha256":"RBwCWJMNwGgMAvWnqgmBrZnY1Ezw9VAczmFDkF2L0WY="},"download/coverage_psa0p3_medium_res.covjson":{"contentType":"application/octet-stream","lastModified":1591252762000,"length":351816,"url":"https://earthquake.usgs.gov/product/shakemap/usp000h237/atlas/1594174918698/download/coverage_psa0p3_medium_res.covjson","sha256":"W0eeRg8odcaBeuZphgSTmrU1cAjKEC6o1+GG/DRBfYo="},"download/cont_pgv.json":{"contentType":"application/json","lastModified":1591252759000,"length":25200,"url":"https://earthquake.usgs.gov/product/shakemap/usp000h237/atlas/1594174918698/download/cont_pgv.json","sha256":"Ui18dXBTwa27l0gBGqFMoJ8Wgq7iAaY6B9dKGszhAmc="},"download/shape.zip":{"contentType":"application/zip","lastModified":1591252802000,"length":21370864,"url":"https://earthquake.usgs.gov/product/shakemap/usp000h237/atlas/1594174918698/download/shape.zip","sha256":"XAjSlt5nAJ8AneavR5PVpBpiZ1racvIsajjtZRGdvtM="}}},{"indexid":13751728,"indexTime":1610496779868,"id":"urn:usgs-product:atlas:shakemap:atlas20090930101609:1491980952723","type":"shakemap","code":"atlas20090930101609","source":"atlas","updateTime":1491980952723,"status":"UPDATE","properties":{"depth":"80.0","event-description":"Padang, Indonesia","event-type":"ACTUAL","eventsource":"atlas","eventsourcecode":"20090930101609","eventtime":"2009-09-30T10:16:09.000Z","latitude":"-0.7900","longitude":"99.9600","magnitude":"7.6","map-status":"RELEASED","maximum-latitude":"2.210000","maximum-longitude":"102.960000","maxmmi":"8.6","minimum-latitude":"-3.790000","minimum-longitude":"96.960000","original-signature":"MC4CFQCC+7ommXn44e6n9IYHbmVG6my5/gIVAJVdoCmhh4jmbkZI7P3U4bdS8r5R","original-signature-version":"v1","overlayHeight":"468","overlayWidth":"468","process-timestamp":"2017-01-27T03:34:02.000Z","reviewstatus":"approved","version":"1"},"preferredWeight":281,"contents":{"download/psa10_regr.png":{"contentType":"image/png","lastModified":1485488266000,"length":29051,"url":"https://earthquake.usgs.gov/product/shakemap/atlas20090930101609/atlas/1491980952723/download/psa10_regr.png","sha256":"LedmPGy0ysb6a5rjUTE/FEOQkUlNfw3HZfm9jGnM2UU="},"download/stationlist.xml":{"contentType":"application/xml","lastModified":1485488266000,"length":1672933,"url":"https://earthquake.usgs.gov/product/shakemap/atlas20090930101609/atlas/1491980952723/download/stationlist.xml","sha256":"//WxWi9gYFWpCtiVTFn679NmU2O+C2iyY8nKvqZRgfY="},"stationlist.html":{"contentType":"text/html","lastModified":1485488290000,"length":6546924,"url":"https://earthquake.usgs.gov/product/shakemap/atlas20090930101609/atlas/1491980952723/stationlist.html","sha256":"i7vPs3mmDN2XUUn2t43ctUcKB6Io12Oc+s0I2JpS5Ng="},"download/tvmap_bare.jpg":{"contentType":"image/jpeg","lastModified":1485488266000,"length":139170,"url":"https://earthquake.usgs.gov/product/shakemap/atlas20090930101609/atlas/1491980952723/download/tvmap_bare.jpg","sha256":"PyQtKeYuUdQJGPUPqfFmWdFt1znwhnXFzj7yrHqYICw="},"download/fault.kmz":{"contentType":"application/vnd.google-earth.kmz","lastModified":1485488276000,"length":3568,"url":"https://earthquake.usgs.gov/product/shakemap/atlas20090930101609/atlas/1491980952723/download/fault.kmz","sha256":"Y/NZ0J76nKbLLganSKEYRKKGBQD9rf44rstJ5VK7pvk="},"download/info.json":{"contentType":"application/json","lastModified":1485488266000,"length":2475,"url":"https://earthquake.usgs.gov/product/shakemap/atlas20090930101609/atlas/1491980952723/download/info.json","sha256":"sOgbvkR8Ov6Fuz966wtv9eaBdV2emot846EI9wDOqgs="},"download/tvmap.jpg":{"contentType":"image/jpeg","lastModified":1485488266000,"length":138972,"url":"https://earthquake.usgs.gov/product/shakemap/atlas20090930101609/atlas/1491980952723/download/tvmap.jpg","sha256":"f0EYt4HFanYoCx+WBG7/dVtjiJ9rv8tTCgxnyxtzKG8="},"download/psa30.jpg":{"contentType":"image/jpeg","lastModified":1485488266000,"length":92569,"url":"https://earthquake.usgs.gov/product/shakemap/atlas20090930101609/atlas/1491980952723/download/psa30.jpg","sha256":"m0pgU1HCOkrifqxbzoZBMuXWSVW/sYFyifxeSnDbPiU="},"products.html":{"contentType":"text/html","lastModified":1485488289000,"length":18897,"url":"https://earthquake.usgs.gov/product/shakemap/atlas20090930101609/atlas/1491980952723https://earthquake.usgs.gov/products.html","sha256":"poKXNHZO/Amd7WhQLhls6Pkxg95BszQGI2pP+QHPnFk="},"download/intensity.jpg":{"contentType":"image/jpeg","lastModified":1485488266000,"length":106883,"url":"https://earthquake.usgs.gov/product/shakemap/atlas20090930101609/atlas/1491980952723/download/intensity.jpg","sha256":"DhLr8WTJ0UwQ0XKYtvwj6+/o74Mfw8LQ+OopgPvZWZ8="},"download/raster.zip":{"contentType":"application/zip","lastModified":1485488285000,"length":9964254,"url":"https://earthquake.usgs.gov/product/shakemap/atlas20090930101609/atlas/1491980952723/download/raster.zip","sha256":"30NosJwMpZ+rz7/lQToqzp34uHvpJPuX7rS93zwmbM0="},"download/overlay.kmz":{"contentType":"application/vnd.google-earth.kmz","lastModified":1485488277000,"length":181278,"url":"https://earthquake.usgs.gov/product/shakemap/atlas20090930101609/atlas/1491980952723/download/overlay.kmz","sha256":"i4xU/o6utu6R9gCDhKWLKiyUgGAf2u4X3TLwGLsMyyo="},"download/psa03_regr.png":{"contentType":"image/png","lastModified":1485488266000,"length":29105,"url":"https://earthquake.usgs.gov/product/shakemap/atlas20090930101609/atlas/1491980952723/download/psa03_regr.png","sha256":"gRVRYap4XY3xqNCZlV+rv4qwxYehnbRPpzPewqbFR+k="},"psa03.html":{"contentType":"text/html","lastModified":1485488289000,"length":757315,"url":"https://earthquake.usgs.gov/product/shakemap/atlas20090930101609/atlas/1491980952723/psa03.html","sha256":"gV1hZj0fJRU1rcrXTyLUhpIf3J3kyYAerXScWQcO4wo="},"download/Hayes09_fault.txt":{"contentType":"text/plain","lastModified":1485488265000,"length":378,"url":"https://earthquake.usgs.gov/product/shakemap/atlas20090930101609/atlas/1491980952723/download/Hayes09_fault.txt","sha256":"5yrd5N4tg/KopioFkRw5V3m6RIT7RkRrANPY0SSSEno="},"download/pga_regr.png":{"contentType":"image/png","lastModified":1485488266000,"length":28618,"url":"https://earthquake.usgs.gov/product/shakemap/atlas20090930101609/atlas/1491980952723/download/pga_regr.png","sha256":"3se36H/4y3Ckgl/tZ5KidScYNV8eh/UPny+jsWAEuTk="},"intensity.html":{"contentType":"text/html","lastModified":1485488289000,"length":756356,"url":"https://earthquake.usgs.gov/product/shakemap/atlas20090930101609/atlas/1491980952723/intensity.html","sha256":"5ho4RNuO2nC7pvTYuF1F3+yrcS6zECdV8+WzwJv9bgs="},"pga.html":{"contentType":"text/html","lastModified":1485488289000,"length":756148,"url":"https://earthquake.usgs.gov/product/shakemap/atlas20090930101609/atlas/1491980952723/pga.html","sha256":"bonaCRspr8/guW/50CPv39TI6Q1m0dX5ssDl+4UzkfM="},"download/20090930101609.kmz":{"contentType":"application/vnd.google-earth.kmz","lastModified":1485488281000,"length":1011018,"url":"https://earthquake.usgs.gov/product/shakemap/atlas20090930101609/atlas/1491980952723/download/20090930101609.kmz","sha256":"0UM8JtVt9N0DEnpxPud+26nLh8AbpHZ2b1kgadf7r9k="},"psa30.html":{"contentType":"text/html","lastModified":1485488289000,"length":757314,"url":"https://earthquake.usgs.gov/product/shakemap/atlas20090930101609/atlas/1491980952723/psa30.html","sha256":"2B/6y7Bd5hdrkQ0fTZCYTbI6YRFKYCTfDdpsBy3kl1M="},"download/psa03.jpg":{"contentType":"image/jpeg","lastModified":1485488266000,"length":91667,"url":"https://earthquake.usgs.gov/product/shakemap/atlas20090930101609/atlas/1491980952723/download/psa03.jpg","sha256":"d9o9FOg2X0FhkR1W1kirYsHyrU2rL6cvMoknnnTwM30="},"download/uncertainty.xml.zip":{"contentType":"application/zip","lastModified":1491860446000,"length":2161750,"url":"https://earthquake.usgs.gov/product/shakemap/atlas20090930101609/atlas/1491980952723/download/uncertainty.xml.zip","sha256":"EJ7KLMsPRcX64+lxAZyqizjYIa4I2n+XiPQHIV7lZso="},"download/polygons_mi.kmz":{"contentType":"application/vnd.google-earth.kmz","lastModified":1485488280000,"length":323980,"url":"https://earthquake.usgs.gov/product/shakemap/atlas20090930101609/atlas/1491980952723/download/polygons_mi.kmz","sha256":"aD4RctVKSK7EZ5BY1W4ObA541Sm5ZgfOosCpUu2juCs="},"about_formats.html":{"contentType":"text/html","lastModified":1485488289000,"length":28824,"url":"https://earthquake.usgs.gov/product/shakemap/atlas20090930101609/atlas/1491980952723/about_formats.html","sha256":"EpK593OLTJ/iVOIxhhBfh6RJHl0I5xb0pre9pdcRNV8="},"download/stationlist.txt":{"contentType":"text/plain","lastModified":1485488291000,"length":379302,"url":"https://earthquake.usgs.gov/product/shakemap/atlas20090930101609/atlas/1491980952723/download/stationlist.txt","sha256":"NJtNCimrZpZj0+NEFJKMtJSMWtmkwiCvMzwNuvhiI98="},"download/tvguide.txt":{"contentType":"text/plain","lastModified":1485488266000,"length":8770,"url":"https://earthquake.usgs.gov/product/shakemap/atlas20090930101609/atlas/1491980952723/download/tvguide.txt","sha256":"LRs8QzpaBAYTrwzwFAjInFi1BVT8Nz37BHPShQC1Phw="},"download/cont_psa30.kmz":{"contentType":"application/vnd.google-earth.kmz","lastModified":1485488277000,"length":54342,"url":"https://earthquake.usgs.gov/product/shakemap/atlas20090930101609/atlas/1491980952723/download/cont_psa30.kmz","sha256":"Tfey2N+POh+mkNhE4gGUqwf+wxwfMt4xLKaQ9e/XFQQ="},"download/cont_pga.kmz":{"contentType":"application/vnd.google-earth.kmz","lastModified":1485488277000,"length":40343,"url":"https://earthquake.usgs.gov/product/shakemap/atlas20090930101609/atlas/1491980952723/download/cont_pga.kmz","sha256":"6FVUfkJRmxTVwacqIKFgPZ9RpNp1savJIsX7uUvHZD0="},"download/cont_mi.kmz":{"contentType":"application/vnd.google-earth.kmz","lastModified":1485488277000,"length":132819,"url":"https://earthquake.usgs.gov/product/shakemap/atlas20090930101609/atlas/1491980952723/download/cont_mi.kmz","sha256":"ZWvVJ7ZLO6sTsd6YccQM+KuCenjOQCfq2xSS6JSL6GE="},"download/sd.jpg":{"contentType":"image/jpeg","lastModified":1485488266000,"length":65298,"url":"https://earthquake.usgs.gov/product/shakemap/atlas20090930101609/atlas/1491980952723/download/sd.jpg","sha256":"Rx5YAUqdogpMz5gzGagP83eNkddWVHGIePF8Zyrm//o="},"download/cont_psa03.json":{"contentType":"application/json","lastModified":1485488281000,"length":227055,"url":"https://earthquake.usgs.gov/product/shakemap/atlas20090930101609/atlas/1491980952723/download/cont_psa03.json","sha256":"RX6Oy65j6JJXS+HqiCu7eeZ/TyqjGUj8RCwl2i9NGfo="},"download/ii_overlay.png":{"contentType":"image/png","lastModified":1485488277000,"length":180780,"url":"https://earthquake.usgs.gov/product/shakemap/atlas20090930101609/atlas/1491980952723/download/ii_overlay.png","sha256":"CgbvZWqGtKblN52d9uaK/Qt6IX3jkSh0LMAI8wBItA8="},"contents.xml":{"contentType":"application/xml","lastModified":1491860447000,"length":8042,"url":"https://earthquake.usgs.gov/product/shakemap/atlas20090930101609/atlas/1491980952723/contents.xml","sha256":"zbzfuqlZ+/Vq3TTk2cJ0tWtcjoP0y43aeDa3FkSjgns="},"download/hazus.zip":{"contentType":"application/zip","lastModified":1485488281000,"length":15403857,"url":"https://earthquake.usgs.gov/product/shakemap/atlas20090930101609/atlas/1491980952723/download/hazus.zip","sha256":"+mJlwRxtlF0n+IEpfRhFavIdpljquQDdfw+CdmHHZSo="},"download/psa30_regr.png":{"contentType":"image/png","lastModified":1485488266000,"length":31056,"url":"https://earthquake.usgs.gov/product/shakemap/atlas20090930101609/atlas/1491980952723/download/psa30_regr.png","sha256":"7vqyQsgdAtmcMx22XI0X6N9YtpeRWa3lleN2EVquxfw="},"download/stations.kmz":{"contentType":"application/vnd.google-earth.kmz","lastModified":1485488280000,"length":113399,"url":"https://earthquake.usgs.gov/product/shakemap/atlas20090930101609/atlas/1491980952723/download/stations.kmz","sha256":"PFotAkBY+iGDO8U6dthjy/8+w993iwl9OGlKzUxo5WE="},"download/urat_pga.jpg":{"contentType":"image/jpeg","lastModified":1485488266000,"length":65298,"url":"https://earthquake.usgs.gov/product/shakemap/atlas20090930101609/atlas/1491980952723/download/urat_pga.jpg","sha256":"Rx5YAUqdogpMz5gzGagP83eNkddWVHGIePF8Zyrm//o="},"download/mi_regr.png":{"contentType":"image/png","lastModified":1485488266000,"length":30500,"url":"https://earthquake.usgs.gov/product/shakemap/atlas20090930101609/atlas/1491980952723/download/mi_regr.png","sha256":"tAID3BO3+yPBZorNIss5pAtXln0G44Tu8ceJ7Xojg7s="},"download/20090930101609.kml":{"contentType":"application/vnd.google-earth.kml+xml","lastModified":1485488276000,"length":1034,"url":"https://earthquake.usgs.gov/product/shakemap/atlas20090930101609/atlas/1491980952723/download/20090930101609.kml","sha256":"pSgBZp94viGZCRr5mFDXfVo4VzvvrEx4D+ItZ1fj9Zs="},"download/pga.jpg":{"contentType":"image/jpeg","lastModified":1485488266000,"length":92079,"url":"https://earthquake.usgs.gov/product/shakemap/atlas20090930101609/atlas/1491980952723/download/pga.jpg","sha256":"/STubBb8kRaKHJ5a/xXBU3AApepZKHYejvmSXy5qgyU="},"download/cont_psa10.json":{"contentType":"application/json","lastModified":1485488281000,"length":237503,"url":"https://earthquake.usgs.gov/product/shakemap/atlas20090930101609/atlas/1491980952723/download/cont_psa10.json","sha256":"S0YGLb8F8arbgIdaqngelWff15Pv48Yf+PMMR3kryJA="},"download/cont_psa10.kmz":{"contentType":"application/vnd.google-earth.kmz","lastModified":1485488277000,"length":51025,"url":"https://earthquake.usgs.gov/product/shakemap/atlas20090930101609/atlas/1491980952723/download/cont_psa10.kmz","sha256":"f1W2alGy8zMX54od8NLrTlDtfqDQmUwVvL/0S6ATv2Q="},"download/epicenter.kmz":{"contentType":"application/vnd.google-earth.kmz","lastModified":1485488276000,"length":1284,"url":"https://earthquake.usgs.gov/product/shakemap/atlas20090930101609/atlas/1491980952723/download/epicenter.kmz","sha256":"Bwu/9vTxQpcKg420OuxcrV6hdThqw8eb1onDI3iuL3U="},"download/cont_pga.json":{"contentType":"application/json","lastModified":1485488281000,"length":188098,"url":"https://earthquake.usgs.gov/product/shakemap/atlas20090930101609/atlas/1491980952723/download/cont_pga.json","sha256":"jvDc2kFzPYIA56RKNFZMAGVE41p6/eTRfMTuKRBs1ys="},"download/event.txt":{"contentType":"text/plain","lastModified":1485488266000,"length":124,"url":"https://earthquake.usgs.gov/product/shakemap/atlas20090930101609/atlas/1491980952723/download/event.txt","sha256":"/xUPqUcdKJ8LJKWQ/y3jvQFFSMacqHw7eBgdfK4bpno="},"download/pgv.jpg":{"contentType":"image/jpeg","lastModified":1485488266000,"length":92828,"url":"https://earthquake.usgs.gov/product/shakemap/atlas20090930101609/atlas/1491980952723/download/pgv.jpg","sha256":"9wHcVNN9dbiSBsmYZji5GK+A+ZpTCLKzZBD+ARZrQJ4="},"pgv.html":{"contentType":"text/html","lastModified":1485488289000,"length":756148,"url":"https://earthquake.usgs.gov/product/shakemap/atlas20090930101609/atlas/1491980952723/pgv.html","sha256":"QuDF1cG5PN43idMTKNfOhncr9LDVi4Qnt1a7TbB8fh0="},"download/psa10.jpg":{"contentType":"image/jpeg","lastModified":1485488266000,"length":92183,"url":"https://earthquake.usgs.gov/product/shakemap/atlas20090930101609/atlas/1491980952723/download/psa10.jpg","sha256":"UCqdQ6TXCxyuL/Fqc/KLvPRT/jFqkQGGs8klAfaYJTg="},"download/cont_mi.json":{"contentType":"application/json","lastModified":1485488281000,"length":613352,"url":"https://earthquake.usgs.gov/product/shakemap/atlas20090930101609/atlas/1491980952723/download/cont_mi.json","sha256":"ekKEEzYjF1YTWaoTKLx42uEXpQ8Dc09d4aAMxTCtd9Q="},"download/pgv_regr.png":{"contentType":"image/png","lastModified":1485488266000,"length":28925,"url":"https://earthquake.usgs.gov/product/shakemap/atlas20090930101609/atlas/1491980952723/download/pgv_regr.png","sha256":"WqqY6NtqhdDFrAmNpuSvfwREh/+ZsqHspAGW2/kF1w4="},"origin_quakeml.xml":{"contentType":"application/xml","lastModified":1491980952000,"length":1474,"url":"https://earthquake.usgs.gov/product/shakemap/atlas20090930101609/atlas/1491980952723/origin_quakeml.xml","sha256":"Gxl2q4/qdrRSRhcE4UpyU+C/dmHt2YCo1QyANSVDzMo="},"download/grid.xml":{"contentType":"application/xml","lastModified":1485488265000,"length":31079438,"url":"https://earthquake.usgs.gov/product/shakemap/atlas20090930101609/atlas/1491980952723/download/grid.xml","sha256":"y5qXdDY4IhD0PORpWhKAi7fid8nxEWfYf85LFkaz27g="},"download/metadata.txt":{"contentType":"text/plain","lastModified":1485488276000,"length":33409,"url":"https://earthquake.usgs.gov/product/shakemap/atlas20090930101609/atlas/1491980952723/download/metadata.txt","sha256":"ScYkxU8i5PLZTQ7LN0ssgWaYoYTObZNwjITpSoR8WTs="},"download/stationlist.json":{"contentType":"application/json","lastModified":1485488293000,"length":2959096,"url":"https://earthquake.usgs.gov/product/shakemap/atlas20090930101609/atlas/1491980952723/download/stationlist.json","sha256":"x5tUYiVr5Y2ODPxtmgRv5XPClmZJSsRQEyHbcVPTv0I="},"download/cont_psa30.json":{"contentType":"application/json","lastModified":1485488281000,"length":254654,"url":"https://earthquake.usgs.gov/product/shakemap/atlas20090930101609/atlas/1491980952723/download/cont_psa30.json","sha256":"0DGHlIhbSJnptrTZbqJxE64aFeZzFu7pxc3eYrAMaUU="},"download/cont_psa03.kmz":{"contentType":"application/vnd.google-earth.kmz","lastModified":1485488277000,"length":48673,"url":"https://earthquake.usgs.gov/product/shakemap/atlas20090930101609/atlas/1491980952723/download/cont_psa03.kmz","sha256":"YxFZvhCFWkXb3h6se5vXn76TAk30pKYEDKNgJTShjtY="},"psa10.html":{"contentType":"text/html","lastModified":1485488289000,"length":757314,"url":"https://earthquake.usgs.gov/product/shakemap/atlas20090930101609/atlas/1491980952723/psa10.html","sha256":"EOLvJQRiQO20SmeyUKo+Gct3guHK0cZXmRT68bYhQeQ="},"download/cont_pgv.json":{"contentType":"application/json","lastModified":1485488281000,"length":231840,"url":"https://earthquake.usgs.gov/product/shakemap/atlas20090930101609/atlas/1491980952723/download/cont_pgv.json","sha256":"7bmGcN/0HTV9feRL0fOxnP6WiXRP+bSr/KNrSPF5KF8="},"download/cont_pgv.kmz":{"contentType":"application/vnd.google-earth.kmz","lastModified":1485488277000,"length":49647,"url":"https://earthquake.usgs.gov/product/shakemap/atlas20090930101609/atlas/1491980952723/download/cont_pgv.kmz","sha256":"02Alp2v0i/BuQTFV4GA/b5FY0AyjggWQa5kJjplwFe4="},"download/shape.zip":{"contentType":"application/zip","lastModified":1485488281000,"length":38411996,"url":"https://earthquake.usgs.gov/product/shakemap/atlas20090930101609/atlas/1491980952723/download/shape.zip","sha256":"7dqF9psjxVg0e0IyEcJQF5UNY2CwhZsL/QTHeMIhATg="},"download/ii_thumbnail.jpg":{"contentType":"image/jpeg","lastModified":1485488266000,"length":3870,"url":"https://earthquake.usgs.gov/product/shakemap/atlas20090930101609/atlas/1491980952723/download/ii_thumbnail.jpg","sha256":"jsEPwcXsqm/otZLVYghr4YymzmZX0CMxLFGNGz2c9Dw="}}}],"trump-shakemap":[{"indexid":13762342,"indexTime":1610499715421,"id":"urn:usgs-product:atlas:trump-shakemap:usp000h237:1587169159490","type":"trump-shakemap","code":"usp000h237","source":"atlas","updateTime":1587169159490,"status":"UPDATE","properties":{"eventsource":"us","eventsourcecode":"p000h237","original-signature":"MC0CFQCVXCTf7U1ue0mD7f/mNI0tKnuaxQIUISYUxCXx5mkGxktd9ikvOMXFDXI=","original-signature-version":"v1","pdl-client-version":"Version 2.3.0 2020-04-04","trump-code":"usp000h237","trump-source":"atlas"},"preferredWeight":1,"contents":[]}]}},"geometry":{"type":"Point","coordinates":[99.867,-0.72,81]},"id":"usp000h237"}