regime_id,indicator_id,geography_id,geography_name,analysis_year,z_time,value,favorable_direction_semantics
sumbar_current_kabkota_hierarchical_trajectory_2018_2025_v1,expected_years_schooling,idn.13.1301,Kepulauan Mentawai,2018,-1.4,12.39,higher_is_generally_favorable
sumbar_current_kabkota_hierarchical_trajectory_2018_2025_v1,mean_years_schooling,idn.13.1301,Kepulauan Mentawai,2018,-1.4,6.95,higher_is_generally_favorable
sumbar_current_kabkota_hierarchical_trajectory_2018_2025_v1,labor_force_participation,idn.13.1301,Kepulauan Mentawai,2018,-1.4,75.0,higher_is_generally_favorable_with_context
sumbar_current_kabkota_hierarchical_trajectory_2018_2025_v1,unemployment_rate,idn.13.1301,Kepulauan Mentawai,2018,-1.4,2.31,lower_is_generally_favorable
sumbar_current_kabkota_hierarchical_trajectory_2018_2025_v1,poverty_rate,idn.13.1301,Kepulauan Mentawai,2018,-1.4,14.44,lower_is_generally_favorable
sumbar_current_kabkota_hierarchical_trajectory_2018_2025_v1,real_grdp_growth,idn.13.1301,Kepulauan Mentawai,2018,-1.4,4.89,higher_rate_is_generally_favorable_but_slope_is_not_structural_acceleration
sumbar_current_kabkota_hierarchical_trajectory_2018_2025_v1,rice_yield,idn.13.1301,Kepulauan Mentawai,2018,-1.4,2.6350000000000002,higher_is_generally_favorable_with_context
sumbar_current_kabkota_hierarchical_trajectory_2018_2025_v1,expected_years_schooling,idn.13.1301,Kepulauan Mentawai,2019,-1.0,12.76,higher_is_generally_favorable
sumbar_current_kabkota_hierarchical_trajectory_2018_2025_v1,mean_years_schooling,idn.13.1301,Kepulauan Mentawai,2019,-1.0,7.08,higher_is_generally_favorable
sumbar_current_kabkota_hierarchical_trajectory_2018_2025_v1,labor_force_participation,idn.13.1301,Kepulauan Mentawai,2019,-1.0,83.1,higher_is_generally_favorable_with_context
sumbar_current_kabkota_hierarchical_trajectory_2018_2025_v1,unemployment_rate,idn.13.1301,Kepulauan Mentawai,2019,-1.0,2.92,lower_is_generally_favorable
sumbar_current_kabkota_hierarchical_trajectory_2018_2025_v1,poverty_rate,idn.13.1301,Kepulauan Mentawai,2019,-1.0,14.43,lower_is_generally_favorable
sumbar_current_kabkota_hierarchical_trajectory_2018_2025_v1,real_grdp_growth,idn.13.1301,Kepulauan Mentawai,2019,-1.0,4.73,higher_rate_is_generally_favorable_but_slope_is_not_structural_acceleration
sumbar_current_kabkota_hierarchical_trajectory_2018_2025_v1,rice_yield,idn.13.1301,Kepulauan Mentawai,2019,-1.0,2.5170000000000003,higher_is_generally_favorable_with_context
sumbar_current_kabkota_hierarchical_trajectory_2018_2025_v1,expected_years_schooling,idn.13.1301,Kepulauan Mentawai,2020,-0.6,12.82,higher_is_generally_favorable
sumbar_current_kabkota_hierarchical_trajectory_2018_2025_v1,mean_years_schooling,idn.13.1301,Kepulauan Mentawai,2020,-0.6,7.09,higher_is_generally_favorable
sumbar_current_kabkota_hierarchical_trajectory_2018_2025_v1,labor_force_participation,idn.13.1301,Kepulauan Mentawai,2020,-0.6,81.65,higher_is_generally_favorable_with_context
sumbar_current_kabkota_hierarchical_trajectory_2018_2025_v1,unemployment_rate,idn.13.1301,Kepulauan Mentawai,2020,-0.6,3.98,lower_is_generally_favorable
sumbar_current_kabkota_hierarchical_trajectory_2018_2025_v1,poverty_rate,idn.13.1301,Kepulauan Mentawai,2020,-0.6,14.35,lower_is_generally_favorable
sumbar_current_kabkota_hierarchical_trajectory_2018_2025_v1,real_grdp_growth,idn.13.1301,Kepulauan Mentawai,2020,-0.6,-1.85,higher_rate_is_generally_favorable_but_slope_is_not_structural_acceleration
sumbar_current_kabkota_hierarchical_trajectory_2018_2025_v1,rice_yield,idn.13.1301,Kepulauan Mentawai,2020,-0.6,2.471,higher_is_generally_favorable_with_context
sumbar_current_kabkota_hierarchical_trajectory_2018_2025_v1,expected_years_schooling,idn.13.1301,Kepulauan Mentawai,2021,-0.2,12.89,higher_is_generally_favorable
sumbar_current_kabkota_hierarchical_trajectory_2018_2025_v1,mean_years_schooling,idn.13.1301,Kepulauan Mentawai,2021,-0.2,7.2,higher_is_generally_favorable
sumbar_current_kabkota_hierarchical_trajectory_2018_2025_v1,labor_force_participation,idn.13.1301,Kepulauan Mentawai,2021,-0.2,82.57,higher_is_generally_favorable_with_context
sumbar_current_kabkota_hierarchical_trajectory_2018_2025_v1,unemployment_rate,idn.13.1301,Kepulauan Mentawai,2021,-0.2,2.79,lower_is_generally_favorable
sumbar_current_kabkota_hierarchical_trajectory_2018_2025_v1,poverty_rate,idn.13.1301,Kepulauan Mentawai,2021,-0.2,14.84,lower_is_generally_favorable
sumbar_current_kabkota_hierarchical_trajectory_2018_2025_v1,real_grdp_growth,idn.13.1301,Kepulauan Mentawai,2021,-0.2,2.87,higher_rate_is_generally_favorable_but_slope_is_not_structural_acceleration
sumbar_current_kabkota_hierarchical_trajectory_2018_2025_v1,rice_yield,idn.13.1301,Kepulauan Mentawai,2021,-0.2,2.497,higher_is_generally_favorable_with_context
sumbar_current_kabkota_hierarchical_trajectory_2018_2025_v1,expected_years_schooling,idn.13.1301,Kepulauan Mentawai,2022,0.2,12.89,higher_is_generally_favorable
sumbar_current_kabkota_hierarchical_trajectory_2018_2025_v1,mean_years_schooling,idn.13.1301,Kepulauan Mentawai,2022,0.2,7.48,higher_is_generally_favorable
sumbar_current_kabkota_hierarchical_trajectory_2018_2025_v1,labor_force_participation,idn.13.1301,Kepulauan Mentawai,2022,0.2,78.25,higher_is_generally_favorable_with_context
sumbar_current_kabkota_hierarchical_trajectory_2018_2025_v1,unemployment_rate,idn.13.1301,Kepulauan Mentawai,2022,0.2,1.39,lower_is_generally_favorable
sumbar_current_kabkota_hierarchical_trajectory_2018_2025_v1,poverty_rate,idn.13.1301,Kepulauan Mentawai,2022,0.2,13.97,lower_is_generally_favorable
sumbar_current_kabkota_hierarchical_trajectory_2018_2025_v1,real_grdp_growth,idn.13.1301,Kepulauan Mentawai,2022,0.2,4.94,higher_rate_is_generally_favorable_but_slope_is_not_structural_acceleration
sumbar_current_kabkota_hierarchical_trajectory_2018_2025_v1,rice_yield,idn.13.1301,Kepulauan Mentawai,2022,0.2,2.298,higher_is_generally_favorable_with_context
sumbar_current_kabkota_hierarchical_trajectory_2018_2025_v1,expected_years_schooling,idn.13.1301,Kepulauan Mentawai,2023,0.6,12.9,higher_is_generally_favorable
sumbar_current_kabkota_hierarchical_trajectory_2018_2025_v1,mean_years_schooling,idn.13.1301,Kepulauan Mentawai,2023,0.6,7.76,higher_is_generally_favorable
sumbar_current_kabkota_hierarchical_trajectory_2018_2025_v1,labor_force_participation,idn.13.1301,Kepulauan Mentawai,2023,0.6,80.07,higher_is_generally_favorable_with_context
sumbar_current_kabkota_hierarchical_trajectory_2018_2025_v1,unemployment_rate,idn.13.1301,Kepulauan Mentawai,2023,0.6,1.33,lower_is_generally_favorable
sumbar_current_kabkota_hierarchical_trajectory_2018_2025_v1,poverty_rate,idn.13.1301,Kepulauan Mentawai,2023,0.6,13.72,lower_is_generally_favorable
sumbar_current_kabkota_hierarchical_trajectory_2018_2025_v1,real_grdp_growth,idn.13.1301,Kepulauan Mentawai,2023,0.6,4.04,higher_rate_is_generally_favorable_but_slope_is_not_structural_acceleration
sumbar_current_kabkota_hierarchical_trajectory_2018_2025_v1,rice_yield,idn.13.1301,Kepulauan Mentawai,2023,0.6,2.4730000000000003,higher_is_generally_favorable_with_context
sumbar_current_kabkota_hierarchical_trajectory_2018_2025_v1,expected_years_schooling,idn.13.1301,Kepulauan Mentawai,2024,1.0,12.91,higher_is_generally_favorable
sumbar_current_kabkota_hierarchical_trajectory_2018_2025_v1,mean_years_schooling,idn.13.1301,Kepulauan Mentawai,2024,1.0,8.03,higher_is_generally_favorable
sumbar_current_kabkota_hierarchical_trajectory_2018_2025_v1,labor_force_participation,idn.13.1301,Kepulauan Mentawai,2024,1.0,83.47,higher_is_generally_favorable_with_context
sumbar_current_kabkota_hierarchical_trajectory_2018_2025_v1,unemployment_rate,idn.13.1301,Kepulauan Mentawai,2024,1.0,1.44,lower_is_generally_favorable
sumbar_current_kabkota_hierarchical_trajectory_2018_2025_v1,poverty_rate,idn.13.1301,Kepulauan Mentawai,2024,1.0,13.89,lower_is_generally_favorable
sumbar_current_kabkota_hierarchical_trajectory_2018_2025_v1,real_grdp_growth,idn.13.1301,Kepulauan Mentawai,2024,1.0,3.97,higher_rate_is_generally_favorable_but_slope_is_not_structural_acceleration
sumbar_current_kabkota_hierarchical_trajectory_2018_2025_v1,rice_yield,idn.13.1301,Kepulauan Mentawai,2024,1.0,2.6510000000000002,higher_is_generally_favorable_with_context
sumbar_current_kabkota_hierarchical_trajectory_2018_2025_v1,expected_years_schooling,idn.13.1301,Kepulauan Mentawai,2025,1.4,13.17,higher_is_generally_favorable
sumbar_current_kabkota_hierarchical_trajectory_2018_2025_v1,mean_years_schooling,idn.13.1301,Kepulauan Mentawai,2025,1.4,8.21,higher_is_generally_favorable
sumbar_current_kabkota_hierarchical_trajectory_2018_2025_v1,labor_force_participation,idn.13.1301,Kepulauan Mentawai,2025,1.4,82.33,higher_is_generally_favorable_with_context
sumbar_current_kabkota_hierarchical_trajectory_2018_2025_v1,unemployment_rate,idn.13.1301,Kepulauan Mentawai,2025,1.4,1.53,lower_is_generally_favorable
sumbar_current_kabkota_hierarchical_trajectory_2018_2025_v1,poverty_rate,idn.13.1301,Kepulauan Mentawai,2025,1.4,13.22,lower_is_generally_favorable
sumbar_current_kabkota_hierarchical_trajectory_2018_2025_v1,real_grdp_growth,idn.13.1301,Kepulauan Mentawai,2025,1.4,2.93,higher_rate_is_generally_favorable_but_slope_is_not_structural_acceleration
sumbar_current_kabkota_hierarchical_trajectory_2018_2025_v1,rice_yield,idn.13.1301,Kepulauan Mentawai,2025,1.4,2.837,higher_is_generally_favorable_with_context
sumbar_current_kabkota_hierarchical_trajectory_2018_2025_v1,expected_years_schooling,idn.13.1302,Pesisir Selatan,2018,-1.4,13.3,higher_is_generally_favorable
sumbar_current_kabkota_hierarchical_trajectory_2018_2025_v1,mean_years_schooling,idn.13.1302,Pesisir Selatan,2018,-1.4,8.14,higher_is_generally_favorable
sumbar_current_kabkota_hierarchical_trajectory_2018_2025_v1,labor_force_participation,idn.13.1302,Pesisir Selatan,2018,-1.4,66.63,higher_is_generally_favorable_with_context
sumbar_current_kabkota_hierarchical_trajectory_2018_2025_v1,unemployment_rate,idn.13.1302,Pesisir Selatan,2018,-1.4,6.03,lower_is_generally_favorable
sumbar_current_kabkota_hierarchical_trajectory_2018_2025_v1,poverty_rate,idn.13.1302,Pesisir Selatan,2018,-1.4,7.59,lower_is_generally_favorable
sumbar_current_kabkota_hierarchical_trajectory_2018_2025_v1,real_grdp_growth,idn.13.1302,Pesisir Selatan,2018,-1.4,5.32,higher_rate_is_generally_favorable_but_slope_is_not_structural_acceleration
sumbar_current_kabkota_hierarchical_trajectory_2018_2025_v1,rice_yield,idn.13.1302,Pesisir Selatan,2018,-1.4,5.027000000000001,higher_is_generally_favorable_with_context
sumbar_current_kabkota_hierarchical_trajectory_2018_2025_v1,expected_years_schooling,idn.13.1302,Pesisir Selatan,2019,-1.0,13.31,higher_is_generally_favorable
sumbar_current_kabkota_hierarchical_trajectory_2018_2025_v1,mean_years_schooling,idn.13.1302,Pesisir Selatan,2019,-1.0,8.25,higher_is_generally_favorable
sumbar_current_kabkota_hierarchical_trajectory_2018_2025_v1,labor_force_participation,idn.13.1302,Pesisir Selatan,2019,-1.0,68.82,higher_is_generally_favorable_with_context
sumbar_current_kabkota_hierarchical_trajectory_2018_2025_v1,unemployment_rate,idn.13.1302,Pesisir Selatan,2019,-1.0,6.02,lower_is_generally_favorable
sumbar_current_kabkota_hierarchical_trajectory_2018_2025_v1,poverty_rate,idn.13.1302,Pesisir Selatan,2019,-1.0,7.88,lower_is_generally_favorable
sumbar_current_kabkota_hierarchical_trajectory_2018_2025_v1,real_grdp_growth,idn.13.1302,Pesisir Selatan,2019,-1.0,4.78,higher_rate_is_generally_favorable_but_slope_is_not_structural_acceleration
sumbar_current_kabkota_hierarchical_trajectory_2018_2025_v1,rice_yield,idn.13.1302,Pesisir Selatan,2019,-1.0,5.106000000000001,higher_is_generally_favorable_with_context
sumbar_current_kabkota_hierarchical_trajectory_2018_2025_v1,expected_years_schooling,idn.13.1302,Pesisir Selatan,2020,-0.6,13.32,higher_is_generally_favorable
sumbar_current_kabkota_hierarchical_trajectory_2018_2025_v1,mean_years_schooling,idn.13.1302,Pesisir Selatan,2020,-0.6,8.26,higher_is_generally_favorable
sumbar_current_kabkota_hierarchical_trajectory_2018_2025_v1,labor_force_participation,idn.13.1302,Pesisir Selatan,2020,-0.6,65.0,higher_is_generally_favorable_with_context
sumbar_current_kabkota_hierarchical_trajectory_2018_2025_v1,unemployment_rate,idn.13.1302,Pesisir Selatan,2020,-0.6,7.0,lower_is_generally_favorable
sumbar_current_kabkota_hierarchical_trajectory_2018_2025_v1,poverty_rate,idn.13.1302,Pesisir Selatan,2020,-0.6,7.61,lower_is_generally_favorable
sumbar_current_kabkota_hierarchical_trajectory_2018_2025_v1,real_grdp_growth,idn.13.1302,Pesisir Selatan,2020,-0.6,-1.11,higher_rate_is_generally_favorable_but_slope_is_not_structural_acceleration
sumbar_current_kabkota_hierarchical_trajectory_2018_2025_v1,rice_yield,idn.13.1302,Pesisir Selatan,2020,-0.6,4.805,higher_is_generally_favorable_with_context
sumbar_current_kabkota_hierarchical_trajectory_2018_2025_v1,expected_years_schooling,idn.13.1302,Pesisir Selatan,2021,-0.2,13.33,higher_is_generally_favorable
sumbar_current_kabkota_hierarchical_trajectory_2018_2025_v1,mean_years_schooling,idn.13.1302,Pesisir Selatan,2021,-0.2,8.27,higher_is_generally_favorable
sumbar_current_kabkota_hierarchical_trajectory_2018_2025_v1,labor_force_participation,idn.13.1302,Pesisir Selatan,2021,-0.2,66.59,higher_is_generally_favorable_with_context
sumbar_current_kabkota_hierarchical_trajectory_2018_2025_v1,unemployment_rate,idn.13.1302,Pesisir Selatan,2021,-0.2,5.97,lower_is_generally_favorable
sumbar_current_kabkota_hierarchical_trajectory_2018_2025_v1,poverty_rate,idn.13.1302,Pesisir Selatan,2021,-0.2,7.92,lower_is_generally_favorable
sumbar_current_kabkota_hierarchical_trajectory_2018_2025_v1,real_grdp_growth,idn.13.1302,Pesisir Selatan,2021,-0.2,3.35,higher_rate_is_generally_favorable_but_slope_is_not_structural_acceleration
sumbar_current_kabkota_hierarchical_trajectory_2018_2025_v1,rice_yield,idn.13.1302,Pesisir Selatan,2021,-0.2,4.801,higher_is_generally_favorable_with_context
sumbar_current_kabkota_hierarchical_trajectory_2018_2025_v1,expected_years_schooling,idn.13.1302,Pesisir Selatan,2022,0.2,13.35,higher_is_generally_favorable
sumbar_current_kabkota_hierarchical_trajectory_2018_2025_v1,mean_years_schooling,idn.13.1302,Pesisir Selatan,2022,0.2,8.43,higher_is_generally_favorable
sumbar_current_kabkota_hierarchical_trajectory_2018_2025_v1,labor_force_participation,idn.13.1302,Pesisir Selatan,2022,0.2,66.95,higher_is_generally_favorable_with_context
sumbar_current_kabkota_hierarchical_trajectory_2018_2025_v1,unemployment_rate,idn.13.1302,Pesisir Selatan,2022,0.2,4.61,lower_is_generally_favorable
sumbar_current_kabkota_hierarchical_trajectory_2018_2025_v1,poverty_rate,idn.13.1302,Pesisir Selatan,2022,0.2,7.11,lower_is_generally_favorable
sumbar_current_kabkota_hierarchical_trajectory_2018_2025_v1,real_grdp_growth,idn.13.1302,Pesisir Selatan,2022,0.2,4.01,higher_rate_is_generally_favorable_but_slope_is_not_structural_acceleration
sumbar_current_kabkota_hierarchical_trajectory_2018_2025_v1,rice_yield,idn.13.1302,Pesisir Selatan,2022,0.2,5.617000000000001,higher_is_generally_favorable_with_context
sumbar_current_kabkota_hierarchical_trajectory_2018_2025_v1,expected_years_schooling,idn.13.1302,Pesisir Selatan,2023,0.6,13.36,higher_is_generally_favorable
sumbar_current_kabkota_hierarchical_trajectory_2018_2025_v1,mean_years_schooling,idn.13.1302,Pesisir Selatan,2023,0.6,8.58,higher_is_generally_favorable
sumbar_current_kabkota_hierarchical_trajectory_2018_2025_v1,labor_force_participation,idn.13.1302,Pesisir Selatan,2023,0.6,65.0,higher_is_generally_favorable_with_context
sumbar_current_kabkota_hierarchical_trajectory_2018_2025_v1,unemployment_rate,idn.13.1302,Pesisir Selatan,2023,0.6,4.75,lower_is_generally_favorable
sumbar_current_kabkota_hierarchical_trajectory_2018_2025_v1,poverty_rate,idn.13.1302,Pesisir Selatan,2023,0.6,7.34,lower_is_generally_favorable
sumbar_current_kabkota_hierarchical_trajectory_2018_2025_v1,real_grdp_growth,idn.13.1302,Pesisir Selatan,2023,0.6,4.19,higher_rate_is_generally_favorable_but_slope_is_not_structural_acceleration
sumbar_current_kabkota_hierarchical_trajectory_2018_2025_v1,rice_yield,idn.13.1302,Pesisir Selatan,2023,0.6,5.188000000000001,higher_is_generally_favorable_with_context
sumbar_current_kabkota_hierarchical_trajectory_2018_2025_v1,expected_years_schooling,idn.13.1302,Pesisir Selatan,2024,1.0,13.37,higher_is_generally_favorable
sumbar_current_kabkota_hierarchical_trajectory_2018_2025_v1,mean_years_schooling,idn.13.1302,Pesisir Selatan,2024,1.0,8.81,higher_is_generally_favorable
sumbar_current_kabkota_hierarchical_trajectory_2018_2025_v1,labor_force_participation,idn.13.1302,Pesisir Selatan,2024,1.0,66.0,higher_is_generally_favorable_with_context
sumbar_current_kabkota_hierarchical_trajectory_2018_2025_v1,unemployment_rate,idn.13.1302,Pesisir Selatan,2024,1.0,5.06,lower_is_generally_favorable
sumbar_current_kabkota_hierarchical_trajectory_2018_2025_v1,poverty_rate,idn.13.1302,Pesisir Selatan,2024,1.0,7.49,lower_is_generally_favorable
sumbar_current_kabkota_hierarchical_trajectory_2018_2025_v1,real_grdp_growth,idn.13.1302,Pesisir Selatan,2024,1.0,3.84,higher_rate_is_generally_favorable_but_slope_is_not_structural_acceleration
sumbar_current_kabkota_hierarchical_trajectory_2018_2025_v1,rice_yield,idn.13.1302,Pesisir Selatan,2024,1.0,4.878,higher_is_generally_favorable_with_context
sumbar_current_kabkota_hierarchical_trajectory_2018_2025_v1,expected_years_schooling,idn.13.1302,Pesisir Selatan,2025,1.4,13.38,higher_is_generally_favorable
sumbar_current_kabkota_hierarchical_trajectory_2018_2025_v1,mean_years_schooling,idn.13.1302,Pesisir Selatan,2025,1.4,9.06,higher_is_generally_favorable
sumbar_current_kabkota_hierarchical_trajectory_2018_2025_v1,labor_force_participation,idn.13.1302,Pesisir Selatan,2025,1.4,70.4,higher_is_generally_favorable_with_context
sumbar_current_kabkota_hierarchical_trajectory_2018_2025_v1,unemployment_rate,idn.13.1302,Pesisir Selatan,2025,1.4,5.1,lower_is_generally_favorable
sumbar_current_kabkota_hierarchical_trajectory_2018_2025_v1,poverty_rate,idn.13.1302,Pesisir Selatan,2025,1.4,6.52,lower_is_generally_favorable
sumbar_current_kabkota_hierarchical_trajectory_2018_2025_v1,real_grdp_growth,idn.13.1302,Pesisir Selatan,2025,1.4,3.62,higher_rate_is_generally_favorable_but_slope_is_not_structural_acceleration
sumbar_current_kabkota_hierarchical_trajectory_2018_2025_v1,rice_yield,idn.13.1302,Pesisir Selatan,2025,1.4,5.188000000000001,higher_is_generally_favorable_with_context
sumbar_current_kabkota_hierarchical_trajectory_2018_2025_v1,expected_years_schooling,idn.13.1303,Solok,2018,-1.4,13.02,higher_is_generally_favorable
sumbar_current_kabkota_hierarchical_trajectory_2018_2025_v1,mean_years_schooling,idn.13.1303,Solok,2018,-1.4,7.84,higher_is_generally_favorable
sumbar_current_kabkota_hierarchical_trajectory_2018_2025_v1,labor_force_participation,idn.13.1303,Solok,2018,-1.4,68.35,higher_is_generally_favorable_with_context
sumbar_current_kabkota_hierarchical_trajectory_2018_2025_v1,unemployment_rate,idn.13.1303,Solok,2018,-1.4,6.12,lower_is_generally_favorable
sumbar_current_kabkota_hierarchical_trajectory_2018_2025_v1,poverty_rate,idn.13.1303,Solok,2018,-1.4,8.88,lower_is_generally_favorable
sumbar_current_kabkota_hierarchical_trajectory_2018_2025_v1,real_grdp_growth,idn.13.1303,Solok,2018,-1.4,5.19,higher_rate_is_generally_favorable_but_slope_is_not_structural_acceleration
sumbar_current_kabkota_hierarchical_trajectory_2018_2025_v1,rice_yield,idn.13.1303,Solok,2018,-1.4,5.061,higher_is_generally_favorable_with_context
sumbar_current_kabkota_hierarchical_trajectory_2018_2025_v1,expected_years_schooling,idn.13.1303,Solok,2019,-1.0,13.03,higher_is_generally_favorable
sumbar_current_kabkota_hierarchical_trajectory_2018_2025_v1,mean_years_schooling,idn.13.1303,Solok,2019,-1.0,7.85,higher_is_generally_favorable
sumbar_current_kabkota_hierarchical_trajectory_2018_2025_v1,labor_force_participation,idn.13.1303,Solok,2019,-1.0,70.83,higher_is_generally_favorable_with_context
sumbar_current_kabkota_hierarchical_trajectory_2018_2025_v1,unemployment_rate,idn.13.1303,Solok,2019,-1.0,4.72,lower_is_generally_favorable
sumbar_current_kabkota_hierarchical_trajectory_2018_2025_v1,poverty_rate,idn.13.1303,Solok,2019,-1.0,7.98,lower_is_generally_favorable
sumbar_current_kabkota_hierarchical_trajectory_2018_2025_v1,real_grdp_growth,idn.13.1303,Solok,2019,-1.0,5.04,higher_rate_is_generally_favorable_but_slope_is_not_structural_acceleration
sumbar_current_kabkota_hierarchical_trajectory_2018_2025_v1,rice_yield,idn.13.1303,Solok,2019,-1.0,4.938000000000001,higher_is_generally_favorable_with_context
sumbar_current_kabkota_hierarchical_trajectory_2018_2025_v1,expected_years_schooling,idn.13.1303,Solok,2020,-0.6,13.04,higher_is_generally_favorable
sumbar_current_kabkota_hierarchical_trajectory_2018_2025_v1,mean_years_schooling,idn.13.1303,Solok,2020,-0.6,7.86,higher_is_generally_favorable
sumbar_current_kabkota_hierarchical_trajectory_2018_2025_v1,labor_force_participation,idn.13.1303,Solok,2020,-0.6,74.64,higher_is_generally_favorable_with_context
sumbar_current_kabkota_hierarchical_trajectory_2018_2025_v1,unemployment_rate,idn.13.1303,Solok,2020,-0.6,4.65,lower_is_generally_favorable
sumbar_current_kabkota_hierarchical_trajectory_2018_2025_v1,poverty_rate,idn.13.1303,Solok,2020,-0.6,7.81,lower_is_generally_favorable
sumbar_current_kabkota_hierarchical_trajectory_2018_2025_v1,real_grdp_growth,idn.13.1303,Solok,2020,-0.6,-1.14,higher_rate_is_generally_favorable_but_slope_is_not_structural_acceleration
sumbar_current_kabkota_hierarchical_trajectory_2018_2025_v1,rice_yield,idn.13.1303,Solok,2020,-0.6,4.644,higher_is_generally_favorable_with_context
sumbar_current_kabkota_hierarchical_trajectory_2018_2025_v1,expected_years_schooling,idn.13.1303,Solok,2021,-0.2,13.05,higher_is_generally_favorable
sumbar_current_kabkota_hierarchical_trajectory_2018_2025_v1,mean_years_schooling,idn.13.1303,Solok,2021,-0.2,7.87,higher_is_generally_favorable
sumbar_current_kabkota_hierarchical_trajectory_2018_2025_v1,labor_force_participation,idn.13.1303,Solok,2021,-0.2,71.21,higher_is_generally_favorable_with_context
sumbar_current_kabkota_hierarchical_trajectory_2018_2025_v1,unemployment_rate,idn.13.1303,Solok,2021,-0.2,4.67,lower_is_generally_favorable
sumbar_current_kabkota_hierarchical_trajectory_2018_2025_v1,poverty_rate,idn.13.1303,Solok,2021,-0.2,8.01,lower_is_generally_favorable
sumbar_current_kabkota_hierarchical_trajectory_2018_2025_v1,real_grdp_growth,idn.13.1303,Solok,2021,-0.2,3.28,higher_rate_is_generally_favorable_but_slope_is_not_structural_acceleration
sumbar_current_kabkota_hierarchical_trajectory_2018_2025_v1,rice_yield,idn.13.1303,Solok,2021,-0.2,5.263000000000001,higher_is_generally_favorable_with_context
sumbar_current_kabkota_hierarchical_trajectory_2018_2025_v1,expected_years_schooling,idn.13.1303,Solok,2022,0.2,13.3,higher_is_generally_favorable
sumbar_current_kabkota_hierarchical_trajectory_2018_2025_v1,mean_years_schooling,idn.13.1303,Solok,2022,0.2,7.89,higher_is_generally_favorable
sumbar_current_kabkota_hierarchical_trajectory_2018_2025_v1,labor_force_participation,idn.13.1303,Solok,2022,0.2,74.44,higher_is_generally_favorable_with_context
sumbar_current_kabkota_hierarchical_trajectory_2018_2025_v1,unemployment_rate,idn.13.1303,Solok,2022,0.2,5.89,lower_is_generally_favorable
sumbar_current_kabkota_hierarchical_trajectory_2018_2025_v1,poverty_rate,idn.13.1303,Solok,2022,0.2,7.12,lower_is_generally_favorable
sumbar_current_kabkota_hierarchical_trajectory_2018_2025_v1,real_grdp_growth,idn.13.1303,Solok,2022,0.2,4.28,higher_rate_is_generally_favorable_but_slope_is_not_structural_acceleration
sumbar_current_kabkota_hierarchical_trajectory_2018_2025_v1,rice_yield,idn.13.1303,Solok,2022,0.2,5.45,higher_is_generally_favorable_with_context
sumbar_current_kabkota_hierarchical_trajectory_2018_2025_v1,expected_years_schooling,idn.13.1303,Solok,2023,0.6,13.55,higher_is_generally_favorable
sumbar_current_kabkota_hierarchical_trajectory_2018_2025_v1,mean_years_schooling,idn.13.1303,Solok,2023,0.6,7.9,higher_is_generally_favorable
sumbar_current_kabkota_hierarchical_trajectory_2018_2025_v1,labor_force_participation,idn.13.1303,Solok,2023,0.6,76.74,higher_is_generally_favorable_with_context
sumbar_current_kabkota_hierarchical_trajectory_2018_2025_v1,unemployment_rate,idn.13.1303,Solok,2023,0.6,4.99,lower_is_generally_favorable
sumbar_current_kabkota_hierarchical_trajectory_2018_2025_v1,poverty_rate,idn.13.1303,Solok,2023,0.6,7.13,lower_is_generally_favorable
sumbar_current_kabkota_hierarchical_trajectory_2018_2025_v1,real_grdp_growth,idn.13.1303,Solok,2023,0.6,4.36,higher_rate_is_generally_favorable_but_slope_is_not_structural_acceleration
sumbar_current_kabkota_hierarchical_trajectory_2018_2025_v1,rice_yield,idn.13.1303,Solok,2023,0.6,5.264,higher_is_generally_favorable_with_context
sumbar_current_kabkota_hierarchical_trajectory_2018_2025_v1,expected_years_schooling,idn.13.1303,Solok,2024,1.0,13.56,higher_is_generally_favorable
sumbar_current_kabkota_hierarchical_trajectory_2018_2025_v1,mean_years_schooling,idn.13.1303,Solok,2024,1.0,7.91,higher_is_generally_favorable
sumbar_current_kabkota_hierarchical_trajectory_2018_2025_v1,labor_force_participation,idn.13.1303,Solok,2024,1.0,76.8,higher_is_generally_favorable_with_context
sumbar_current_kabkota_hierarchical_trajectory_2018_2025_v1,unemployment_rate,idn.13.1303,Solok,2024,1.0,4.91,lower_is_generally_favorable
sumbar_current_kabkota_hierarchical_trajectory_2018_2025_v1,poverty_rate,idn.13.1303,Solok,2024,1.0,7.31,lower_is_generally_favorable
sumbar_current_kabkota_hierarchical_trajectory_2018_2025_v1,real_grdp_growth,idn.13.1303,Solok,2024,1.0,3.91,higher_rate_is_generally_favorable_but_slope_is_not_structural_acceleration
sumbar_current_kabkota_hierarchical_trajectory_2018_2025_v1,rice_yield,idn.13.1303,Solok,2024,1.0,4.728000000000001,higher_is_generally_favorable_with_context
sumbar_current_kabkota_hierarchical_trajectory_2018_2025_v1,expected_years_schooling,idn.13.1303,Solok,2025,1.4,13.66,higher_is_generally_favorable
sumbar_current_kabkota_hierarchical_trajectory_2018_2025_v1,mean_years_schooling,idn.13.1303,Solok,2025,1.4,8.25,higher_is_generally_favorable
sumbar_current_kabkota_hierarchical_trajectory_2018_2025_v1,labor_force_participation,idn.13.1303,Solok,2025,1.4,77.14,higher_is_generally_favorable_with_context
sumbar_current_kabkota_hierarchical_trajectory_2018_2025_v1,unemployment_rate,idn.13.1303,Solok,2025,1.4,4.7,lower_is_generally_favorable
sumbar_current_kabkota_hierarchical_trajectory_2018_2025_v1,poverty_rate,idn.13.1303,Solok,2025,1.4,6.52,lower_is_generally_favorable
sumbar_current_kabkota_hierarchical_trajectory_2018_2025_v1,real_grdp_growth,idn.13.1303,Solok,2025,1.4,3.01,higher_rate_is_generally_favorable_but_slope_is_not_structural_acceleration
sumbar_current_kabkota_hierarchical_trajectory_2018_2025_v1,rice_yield,idn.13.1303,Solok,2025,1.4,5.3420000000000005,higher_is_generally_favorable_with_context
sumbar_current_kabkota_hierarchical_trajectory_2018_2025_v1,expected_years_schooling,idn.13.1304,Sijunjung,2018,-1.4,12.35,higher_is_generally_favorable
sumbar_current_kabkota_hierarchical_trajectory_2018_2025_v1,mean_years_schooling,idn.13.1304,Sijunjung,2018,-1.4,7.77,higher_is_generally_favorable
sumbar_current_kabkota_hierarchical_trajectory_2018_2025_v1,labor_force_participation,idn.13.1304,Sijunjung,2018,-1.4,68.43,higher_is_generally_favorable_with_context
sumbar_current_kabkota_hierarchical_trajectory_2018_2025_v1,unemployment_rate,idn.13.1304,Sijunjung,2018,-1.4,3.22,lower_is_generally_favorable
sumbar_current_kabkota_hierarchical_trajectory_2018_2025_v1,poverty_rate,idn.13.1304,Sijunjung,2018,-1.4,7.11,lower_is_generally_favorable
sumbar_current_kabkota_hierarchical_trajectory_2018_2025_v1,real_grdp_growth,idn.13.1304,Sijunjung,2018,-1.4,5.07,higher_rate_is_generally_favorable_but_slope_is_not_structural_acceleration
sumbar_current_kabkota_hierarchical_trajectory_2018_2025_v1,rice_yield,idn.13.1304,Sijunjung,2018,-1.4,3.9890000000000003,higher_is_generally_favorable_with_context
sumbar_current_kabkota_hierarchical_trajectory_2018_2025_v1,expected_years_schooling,idn.13.1304,Sijunjung,2019,-1.0,12.36,higher_is_generally_favorable
sumbar_current_kabkota_hierarchical_trajectory_2018_2025_v1,mean_years_schooling,idn.13.1304,Sijunjung,2019,-1.0,8.1,higher_is_generally_favorable
sumbar_current_kabkota_hierarchical_trajectory_2018_2025_v1,labor_force_participation,idn.13.1304,Sijunjung,2019,-1.0,70.17,higher_is_generally_favorable_with_context
sumbar_current_kabkota_hierarchical_trajectory_2018_2025_v1,unemployment_rate,idn.13.1304,Sijunjung,2019,-1.0,3.64,lower_is_generally_favorable
sumbar_current_kabkota_hierarchical_trajectory_2018_2025_v1,poverty_rate,idn.13.1304,Sijunjung,2019,-1.0,7.04,lower_is_generally_favorable
sumbar_current_kabkota_hierarchical_trajectory_2018_2025_v1,real_grdp_growth,idn.13.1304,Sijunjung,2019,-1.0,4.81,higher_rate_is_generally_favorable_but_slope_is_not_structural_acceleration
sumbar_current_kabkota_hierarchical_trajectory_2018_2025_v1,rice_yield,idn.13.1304,Sijunjung,2019,-1.0,3.4170000000000003,higher_is_generally_favorable_with_context
sumbar_current_kabkota_hierarchical_trajectory_2018_2025_v1,expected_years_schooling,idn.13.1304,Sijunjung,2020,-0.6,12.37,higher_is_generally_favorable
sumbar_current_kabkota_hierarchical_trajectory_2018_2025_v1,mean_years_schooling,idn.13.1304,Sijunjung,2020,-0.6,8.11,higher_is_generally_favorable
sumbar_current_kabkota_hierarchical_trajectory_2018_2025_v1,labor_force_participation,idn.13.1304,Sijunjung,2020,-0.6,70.7,higher_is_generally_favorable_with_context
sumbar_current_kabkota_hierarchical_trajectory_2018_2025_v1,unemployment_rate,idn.13.1304,Sijunjung,2020,-0.6,5.3,lower_is_generally_favorable
sumbar_current_kabkota_hierarchical_trajectory_2018_2025_v1,poverty_rate,idn.13.1304,Sijunjung,2020,-0.6,6.78,lower_is_generally_favorable
sumbar_current_kabkota_hierarchical_trajectory_2018_2025_v1,real_grdp_growth,idn.13.1304,Sijunjung,2020,-0.6,-1.1,higher_rate_is_generally_favorable_but_slope_is_not_structural_acceleration
sumbar_current_kabkota_hierarchical_trajectory_2018_2025_v1,rice_yield,idn.13.1304,Sijunjung,2020,-0.6,3.91,higher_is_generally_favorable_with_context
sumbar_current_kabkota_hierarchical_trajectory_2018_2025_v1,expected_years_schooling,idn.13.1304,Sijunjung,2021,-0.2,12.38,higher_is_generally_favorable
sumbar_current_kabkota_hierarchical_trajectory_2018_2025_v1,mean_years_schooling,idn.13.1304,Sijunjung,2021,-0.2,8.12,higher_is_generally_favorable
sumbar_current_kabkota_hierarchical_trajectory_2018_2025_v1,labor_force_participation,idn.13.1304,Sijunjung,2021,-0.2,70.06,higher_is_generally_favorable_with_context
sumbar_current_kabkota_hierarchical_trajectory_2018_2025_v1,unemployment_rate,idn.13.1304,Sijunjung,2021,-0.2,3.57,lower_is_generally_favorable
sumbar_current_kabkota_hierarchical_trajectory_2018_2025_v1,poverty_rate,idn.13.1304,Sijunjung,2021,-0.2,6.8,lower_is_generally_favorable
sumbar_current_kabkota_hierarchical_trajectory_2018_2025_v1,real_grdp_growth,idn.13.1304,Sijunjung,2021,-0.2,3.14,higher_rate_is_generally_favorable_but_slope_is_not_structural_acceleration
sumbar_current_kabkota_hierarchical_trajectory_2018_2025_v1,rice_yield,idn.13.1304,Sijunjung,2021,-0.2,3.6670000000000003,higher_is_generally_favorable_with_context
sumbar_current_kabkota_hierarchical_trajectory_2018_2025_v1,expected_years_schooling,idn.13.1304,Sijunjung,2022,0.2,12.64,higher_is_generally_favorable
sumbar_current_kabkota_hierarchical_trajectory_2018_2025_v1,mean_years_schooling,idn.13.1304,Sijunjung,2022,0.2,8.3,higher_is_generally_favorable
sumbar_current_kabkota_hierarchical_trajectory_2018_2025_v1,labor_force_participation,idn.13.1304,Sijunjung,2022,0.2,68.17,higher_is_generally_favorable_with_context
sumbar_current_kabkota_hierarchical_trajectory_2018_2025_v1,unemployment_rate,idn.13.1304,Sijunjung,2022,0.2,4.87,lower_is_generally_favorable
sumbar_current_kabkota_hierarchical_trajectory_2018_2025_v1,poverty_rate,idn.13.1304,Sijunjung,2022,0.2,6.0,lower_is_generally_favorable
sumbar_current_kabkota_hierarchical_trajectory_2018_2025_v1,real_grdp_growth,idn.13.1304,Sijunjung,2022,0.2,3.93,higher_rate_is_generally_favorable_but_slope_is_not_structural_acceleration
sumbar_current_kabkota_hierarchical_trajectory_2018_2025_v1,rice_yield,idn.13.1304,Sijunjung,2022,0.2,3.8450000000000006,higher_is_generally_favorable_with_context
sumbar_current_kabkota_hierarchical_trajectory_2018_2025_v1,expected_years_schooling,idn.13.1304,Sijunjung,2023,0.6,12.72,higher_is_generally_favorable
sumbar_current_kabkota_hierarchical_trajectory_2018_2025_v1,mean_years_schooling,idn.13.1304,Sijunjung,2023,0.6,8.57,higher_is_generally_favorable
sumbar_current_kabkota_hierarchical_trajectory_2018_2025_v1,labor_force_participation,idn.13.1304,Sijunjung,2023,0.6,68.51,higher_is_generally_favorable_with_context
sumbar_current_kabkota_hierarchical_trajectory_2018_2025_v1,unemployment_rate,idn.13.1304,Sijunjung,2023,0.6,4.71,lower_is_generally_favorable
sumbar_current_kabkota_hierarchical_trajectory_2018_2025_v1,poverty_rate,idn.13.1304,Sijunjung,2023,0.6,5.88,lower_is_generally_favorable
sumbar_current_kabkota_hierarchical_trajectory_2018_2025_v1,real_grdp_growth,idn.13.1304,Sijunjung,2023,0.6,4.26,higher_rate_is_generally_favorable_but_slope_is_not_structural_acceleration
sumbar_current_kabkota_hierarchical_trajectory_2018_2025_v1,rice_yield,idn.13.1304,Sijunjung,2023,0.6,3.6490000000000005,higher_is_generally_favorable_with_context
sumbar_current_kabkota_hierarchical_trajectory_2018_2025_v1,expected_years_schooling,idn.13.1304,Sijunjung,2024,1.0,12.76,higher_is_generally_favorable
sumbar_current_kabkota_hierarchical_trajectory_2018_2025_v1,mean_years_schooling,idn.13.1304,Sijunjung,2024,1.0,8.62,higher_is_generally_favorable
sumbar_current_kabkota_hierarchical_trajectory_2018_2025_v1,labor_force_participation,idn.13.1304,Sijunjung,2024,1.0,70.18,higher_is_generally_favorable_with_context
sumbar_current_kabkota_hierarchical_trajectory_2018_2025_v1,unemployment_rate,idn.13.1304,Sijunjung,2024,1.0,4.73,lower_is_generally_favorable
sumbar_current_kabkota_hierarchical_trajectory_2018_2025_v1,poverty_rate,idn.13.1304,Sijunjung,2024,1.0,5.78,lower_is_generally_favorable
sumbar_current_kabkota_hierarchical_trajectory_2018_2025_v1,real_grdp_growth,idn.13.1304,Sijunjung,2024,1.0,3.89,higher_rate_is_generally_favorable_but_slope_is_not_structural_acceleration
sumbar_current_kabkota_hierarchical_trajectory_2018_2025_v1,rice_yield,idn.13.1304,Sijunjung,2024,1.0,3.8560000000000003,higher_is_generally_favorable_with_context
sumbar_current_kabkota_hierarchical_trajectory_2018_2025_v1,expected_years_schooling,idn.13.1304,Sijunjung,2025,1.4,12.99,higher_is_generally_favorable
sumbar_current_kabkota_hierarchical_trajectory_2018_2025_v1,mean_years_schooling,idn.13.1304,Sijunjung,2025,1.4,8.66,higher_is_generally_favorable
sumbar_current_kabkota_hierarchical_trajectory_2018_2025_v1,labor_force_participation,idn.13.1304,Sijunjung,2025,1.4,75.33,higher_is_generally_favorable_with_context
sumbar_current_kabkota_hierarchical_trajectory_2018_2025_v1,unemployment_rate,idn.13.1304,Sijunjung,2025,1.4,4.59,lower_is_generally_favorable
sumbar_current_kabkota_hierarchical_trajectory_2018_2025_v1,poverty_rate,idn.13.1304,Sijunjung,2025,1.4,5.15,lower_is_generally_favorable
sumbar_current_kabkota_hierarchical_trajectory_2018_2025_v1,real_grdp_growth,idn.13.1304,Sijunjung,2025,1.4,3.26,higher_rate_is_generally_favorable_but_slope_is_not_structural_acceleration
sumbar_current_kabkota_hierarchical_trajectory_2018_2025_v1,rice_yield,idn.13.1304,Sijunjung,2025,1.4,4.082,higher_is_generally_favorable_with_context
sumbar_current_kabkota_hierarchical_trajectory_2018_2025_v1,expected_years_schooling,idn.13.1305,Tanah Datar,2018,-1.4,13.88,higher_is_generally_favorable
sumbar_current_kabkota_hierarchical_trajectory_2018_2025_v1,mean_years_schooling,idn.13.1305,Tanah Datar,2018,-1.4,8.44,higher_is_generally_favorable
sumbar_current_kabkota_hierarchical_trajectory_2018_2025_v1,labor_force_participation,idn.13.1305,Tanah Datar,2018,-1.4,69.03,higher_is_generally_favorable_with_context
sumbar_current_kabkota_hierarchical_trajectory_2018_2025_v1,unemployment_rate,idn.13.1305,Tanah Datar,2018,-1.4,4.01,lower_is_generally_favorable
sumbar_current_kabkota_hierarchical_trajectory_2018_2025_v1,poverty_rate,idn.13.1305,Tanah Datar,2018,-1.4,5.32,lower_is_generally_favorable
sumbar_current_kabkota_hierarchical_trajectory_2018_2025_v1,real_grdp_growth,idn.13.1305,Tanah Datar,2018,-1.4,5.04,higher_rate_is_generally_favorable_but_slope_is_not_structural_acceleration
sumbar_current_kabkota_hierarchical_trajectory_2018_2025_v1,rice_yield,idn.13.1305,Tanah Datar,2018,-1.4,5.267,higher_is_generally_favorable_with_context
sumbar_current_kabkota_hierarchical_trajectory_2018_2025_v1,expected_years_schooling,idn.13.1305,Tanah Datar,2019,-1.0,14.32,higher_is_generally_favorable
sumbar_current_kabkota_hierarchical_trajectory_2018_2025_v1,mean_years_schooling,idn.13.1305,Tanah Datar,2019,-1.0,8.45,higher_is_generally_favorable
sumbar_current_kabkota_hierarchical_trajectory_2018_2025_v1,labor_force_participation,idn.13.1305,Tanah Datar,2019,-1.0,69.25,higher_is_generally_favorable_with_context
sumbar_current_kabkota_hierarchical_trajectory_2018_2025_v1,unemployment_rate,idn.13.1305,Tanah Datar,2019,-1.0,3.2,lower_is_generally_favorable
sumbar_current_kabkota_hierarchical_trajectory_2018_2025_v1,poverty_rate,idn.13.1305,Tanah Datar,2019,-1.0,4.66,lower_is_generally_favorable
sumbar_current_kabkota_hierarchical_trajectory_2018_2025_v1,real_grdp_growth,idn.13.1305,Tanah Datar,2019,-1.0,4.99,higher_rate_is_generally_favorable_but_slope_is_not_structural_acceleration
sumbar_current_kabkota_hierarchical_trajectory_2018_2025_v1,rice_yield,idn.13.1305,Tanah Datar,2019,-1.0,5.612,higher_is_generally_favorable_with_context
sumbar_current_kabkota_hierarchical_trajectory_2018_2025_v1,expected_years_schooling,idn.13.1305,Tanah Datar,2020,-0.6,14.33,higher_is_generally_favorable
sumbar_current_kabkota_hierarchical_trajectory_2018_2025_v1,mean_years_schooling,idn.13.1305,Tanah Datar,2020,-0.6,8.61,higher_is_generally_favorable
sumbar_current_kabkota_hierarchical_trajectory_2018_2025_v1,labor_force_participation,idn.13.1305,Tanah Datar,2020,-0.6,69.42,higher_is_generally_favorable_with_context
sumbar_current_kabkota_hierarchical_trajectory_2018_2025_v1,unemployment_rate,idn.13.1305,Tanah Datar,2020,-0.6,4.79,lower_is_generally_favorable
sumbar_current_kabkota_hierarchical_trajectory_2018_2025_v1,poverty_rate,idn.13.1305,Tanah Datar,2020,-0.6,4.4,lower_is_generally_favorable
sumbar_current_kabkota_hierarchical_trajectory_2018_2025_v1,real_grdp_growth,idn.13.1305,Tanah Datar,2020,-0.6,-1.12,higher_rate_is_generally_favorable_but_slope_is_not_structural_acceleration
sumbar_current_kabkota_hierarchical_trajectory_2018_2025_v1,rice_yield,idn.13.1305,Tanah Datar,2020,-0.6,5.335000000000001,higher_is_generally_favorable_with_context
sumbar_current_kabkota_hierarchical_trajectory_2018_2025_v1,expected_years_schooling,idn.13.1305,Tanah Datar,2021,-0.2,14.34,higher_is_generally_favorable
sumbar_current_kabkota_hierarchical_trajectory_2018_2025_v1,mean_years_schooling,idn.13.1305,Tanah Datar,2021,-0.2,8.62,higher_is_generally_favorable
sumbar_current_kabkota_hierarchical_trajectory_2018_2025_v1,labor_force_participation,idn.13.1305,Tanah Datar,2021,-0.2,66.88,higher_is_generally_favorable_with_context
sumbar_current_kabkota_hierarchical_trajectory_2018_2025_v1,unemployment_rate,idn.13.1305,Tanah Datar,2021,-0.2,4.63,lower_is_generally_favorable
sumbar_current_kabkota_hierarchical_trajectory_2018_2025_v1,poverty_rate,idn.13.1305,Tanah Datar,2021,-0.2,4.54,lower_is_generally_favorable
sumbar_current_kabkota_hierarchical_trajectory_2018_2025_v1,real_grdp_growth,idn.13.1305,Tanah Datar,2021,-0.2,3.27,higher_rate_is_generally_favorable_but_slope_is_not_structural_acceleration
sumbar_current_kabkota_hierarchical_trajectory_2018_2025_v1,rice_yield,idn.13.1305,Tanah Datar,2021,-0.2,5.639,higher_is_generally_favorable_with_context
sumbar_current_kabkota_hierarchical_trajectory_2018_2025_v1,expected_years_schooling,idn.13.1305,Tanah Datar,2022,0.2,14.59,higher_is_generally_favorable
sumbar_current_kabkota_hierarchical_trajectory_2018_2025_v1,mean_years_schooling,idn.13.1305,Tanah Datar,2022,0.2,8.9,higher_is_generally_favorable
sumbar_current_kabkota_hierarchical_trajectory_2018_2025_v1,labor_force_participation,idn.13.1305,Tanah Datar,2022,0.2,70.9,higher_is_generally_favorable_with_context
sumbar_current_kabkota_hierarchical_trajectory_2018_2025_v1,unemployment_rate,idn.13.1305,Tanah Datar,2022,0.2,5.91,lower_is_generally_favorable
sumbar_current_kabkota_hierarchical_trajectory_2018_2025_v1,poverty_rate,idn.13.1305,Tanah Datar,2022,0.2,4.26,lower_is_generally_favorable
sumbar_current_kabkota_hierarchical_trajectory_2018_2025_v1,real_grdp_growth,idn.13.1305,Tanah Datar,2022,0.2,4.16,higher_rate_is_generally_favorable_but_slope_is_not_structural_acceleration
sumbar_current_kabkota_hierarchical_trajectory_2018_2025_v1,rice_yield,idn.13.1305,Tanah Datar,2022,0.2,5.476,higher_is_generally_favorable_with_context
sumbar_current_kabkota_hierarchical_trajectory_2018_2025_v1,expected_years_schooling,idn.13.1305,Tanah Datar,2023,0.6,14.78,higher_is_generally_favorable
sumbar_current_kabkota_hierarchical_trajectory_2018_2025_v1,mean_years_schooling,idn.13.1305,Tanah Datar,2023,0.6,9.02,higher_is_generally_favorable
sumbar_current_kabkota_hierarchical_trajectory_2018_2025_v1,labor_force_participation,idn.13.1305,Tanah Datar,2023,0.6,69.43,higher_is_generally_favorable_with_context
sumbar_current_kabkota_hierarchical_trajectory_2018_2025_v1,unemployment_rate,idn.13.1305,Tanah Datar,2023,0.6,5.35,lower_is_generally_favorable
sumbar_current_kabkota_hierarchical_trajectory_2018_2025_v1,poverty_rate,idn.13.1305,Tanah Datar,2023,0.6,4.16,lower_is_generally_favorable
sumbar_current_kabkota_hierarchical_trajectory_2018_2025_v1,real_grdp_growth,idn.13.1305,Tanah Datar,2023,0.6,4.44,higher_rate_is_generally_favorable_but_slope_is_not_structural_acceleration
sumbar_current_kabkota_hierarchical_trajectory_2018_2025_v1,rice_yield,idn.13.1305,Tanah Datar,2023,0.6,5.461,higher_is_generally_favorable_with_context
sumbar_current_kabkota_hierarchical_trajectory_2018_2025_v1,expected_years_schooling,idn.13.1305,Tanah Datar,2024,1.0,15.05,higher_is_generally_favorable
sumbar_current_kabkota_hierarchical_trajectory_2018_2025_v1,mean_years_schooling,idn.13.1305,Tanah Datar,2024,1.0,9.29,higher_is_generally_favorable
sumbar_current_kabkota_hierarchical_trajectory_2018_2025_v1,labor_force_participation,idn.13.1305,Tanah Datar,2024,1.0,71.23,higher_is_generally_favorable_with_context
sumbar_current_kabkota_hierarchical_trajectory_2018_2025_v1,unemployment_rate,idn.13.1305,Tanah Datar,2024,1.0,5.3,lower_is_generally_favorable
sumbar_current_kabkota_hierarchical_trajectory_2018_2025_v1,poverty_rate,idn.13.1305,Tanah Datar,2024,1.0,4.28,lower_is_generally_favorable
sumbar_current_kabkota_hierarchical_trajectory_2018_2025_v1,real_grdp_growth,idn.13.1305,Tanah Datar,2024,1.0,3.85,higher_rate_is_generally_favorable_but_slope_is_not_structural_acceleration
sumbar_current_kabkota_hierarchical_trajectory_2018_2025_v1,rice_yield,idn.13.1305,Tanah Datar,2024,1.0,4.787,higher_is_generally_favorable_with_context
sumbar_current_kabkota_hierarchical_trajectory_2018_2025_v1,expected_years_schooling,idn.13.1305,Tanah Datar,2025,1.4,15.06,higher_is_generally_favorable
sumbar_current_kabkota_hierarchical_trajectory_2018_2025_v1,mean_years_schooling,idn.13.1305,Tanah Datar,2025,1.4,9.46,higher_is_generally_favorable
sumbar_current_kabkota_hierarchical_trajectory_2018_2025_v1,labor_force_participation,idn.13.1305,Tanah Datar,2025,1.4,72.84,higher_is_generally_favorable_with_context
sumbar_current_kabkota_hierarchical_trajectory_2018_2025_v1,unemployment_rate,idn.13.1305,Tanah Datar,2025,1.4,5.26,lower_is_generally_favorable
sumbar_current_kabkota_hierarchical_trajectory_2018_2025_v1,poverty_rate,idn.13.1305,Tanah Datar,2025,1.4,3.59,lower_is_generally_favorable
sumbar_current_kabkota_hierarchical_trajectory_2018_2025_v1,real_grdp_growth,idn.13.1305,Tanah Datar,2025,1.4,2.66,higher_rate_is_generally_favorable_but_slope_is_not_structural_acceleration
sumbar_current_kabkota_hierarchical_trajectory_2018_2025_v1,rice_yield,idn.13.1305,Tanah Datar,2025,1.4,5.152000000000001,higher_is_generally_favorable_with_context
sumbar_current_kabkota_hierarchical_trajectory_2018_2025_v1,expected_years_schooling,idn.13.1306,Padang Pariaman,2018,-1.4,13.57,higher_is_generally_favorable
sumbar_current_kabkota_hierarchical_trajectory_2018_2025_v1,mean_years_schooling,idn.13.1306,Padang Pariaman,2018,-1.4,7.5,higher_is_generally_favorable
sumbar_current_kabkota_hierarchical_trajectory_2018_2025_v1,labor_force_participation,idn.13.1306,Padang Pariaman,2018,-1.4,65.56,higher_is_generally_favorable_with_context
sumbar_current_kabkota_hierarchical_trajectory_2018_2025_v1,unemployment_rate,idn.13.1306,Padang Pariaman,2018,-1.4,7.03,lower_is_generally_favorable
sumbar_current_kabkota_hierarchical_trajectory_2018_2025_v1,poverty_rate,idn.13.1306,Padang Pariaman,2018,-1.4,8.04,lower_is_generally_favorable
sumbar_current_kabkota_hierarchical_trajectory_2018_2025_v1,real_grdp_growth,idn.13.1306,Padang Pariaman,2018,-1.4,5.44,higher_rate_is_generally_favorable_but_slope_is_not_structural_acceleration
sumbar_current_kabkota_hierarchical_trajectory_2018_2025_v1,rice_yield,idn.13.1306,Padang Pariaman,2018,-1.4,4.6049999999999995,higher_is_generally_favorable_with_context
sumbar_current_kabkota_hierarchical_trajectory_2018_2025_v1,expected_years_schooling,idn.13.1306,Padang Pariaman,2019,-1.0,13.62,higher_is_generally_favorable
sumbar_current_kabkota_hierarchical_trajectory_2018_2025_v1,mean_years_schooling,idn.13.1306,Padang Pariaman,2019,-1.0,7.86,higher_is_generally_favorable
sumbar_current_kabkota_hierarchical_trajectory_2018_2025_v1,labor_force_participation,idn.13.1306,Padang Pariaman,2019,-1.0,63.23,higher_is_generally_favorable_with_context
sumbar_current_kabkota_hierarchical_trajectory_2018_2025_v1,unemployment_rate,idn.13.1306,Padang Pariaman,2019,-1.0,6.08,lower_is_generally_favorable
sumbar_current_kabkota_hierarchical_trajectory_2018_2025_v1,poverty_rate,idn.13.1306,Padang Pariaman,2019,-1.0,7.1,lower_is_generally_favorable
sumbar_current_kabkota_hierarchical_trajectory_2018_2025_v1,real_grdp_growth,idn.13.1306,Padang Pariaman,2019,-1.0,2.4,higher_rate_is_generally_favorable_but_slope_is_not_structural_acceleration
sumbar_current_kabkota_hierarchical_trajectory_2018_2025_v1,rice_yield,idn.13.1306,Padang Pariaman,2019,-1.0,4.804,higher_is_generally_favorable_with_context
sumbar_current_kabkota_hierarchical_trajectory_2018_2025_v1,expected_years_schooling,idn.13.1306,Padang Pariaman,2020,-0.6,13.67,higher_is_generally_favorable
sumbar_current_kabkota_hierarchical_trajectory_2018_2025_v1,mean_years_schooling,idn.13.1306,Padang Pariaman,2020,-0.6,7.87,higher_is_generally_favorable
sumbar_current_kabkota_hierarchical_trajectory_2018_2025_v1,labor_force_participation,idn.13.1306,Padang Pariaman,2020,-0.6,67.18,higher_is_generally_favorable_with_context
sumbar_current_kabkota_hierarchical_trajectory_2018_2025_v1,unemployment_rate,idn.13.1306,Padang Pariaman,2020,-0.6,8.13,lower_is_generally_favorable
sumbar_current_kabkota_hierarchical_trajectory_2018_2025_v1,poverty_rate,idn.13.1306,Padang Pariaman,2020,-0.6,6.95,lower_is_generally_favorable
sumbar_current_kabkota_hierarchical_trajectory_2018_2025_v1,real_grdp_growth,idn.13.1306,Padang Pariaman,2020,-0.6,-10.46,higher_rate_is_generally_favorable_but_slope_is_not_structural_acceleration
sumbar_current_kabkota_hierarchical_trajectory_2018_2025_v1,rice_yield,idn.13.1306,Padang Pariaman,2020,-0.6,4.6979999999999995,higher_is_generally_favorable_with_context
sumbar_current_kabkota_hierarchical_trajectory_2018_2025_v1,expected_years_schooling,idn.13.1306,Padang Pariaman,2021,-0.2,13.68,higher_is_generally_favorable
sumbar_current_kabkota_hierarchical_trajectory_2018_2025_v1,mean_years_schooling,idn.13.1306,Padang Pariaman,2021,-0.2,7.88,higher_is_generally_favorable
sumbar_current_kabkota_hierarchical_trajectory_2018_2025_v1,labor_force_participation,idn.13.1306,Padang Pariaman,2021,-0.2,64.64,higher_is_generally_favorable_with_context
sumbar_current_kabkota_hierarchical_trajectory_2018_2025_v1,unemployment_rate,idn.13.1306,Padang Pariaman,2021,-0.2,8.41,lower_is_generally_favorable
sumbar_current_kabkota_hierarchical_trajectory_2018_2025_v1,poverty_rate,idn.13.1306,Padang Pariaman,2021,-0.2,7.22,lower_is_generally_favorable
sumbar_current_kabkota_hierarchical_trajectory_2018_2025_v1,real_grdp_growth,idn.13.1306,Padang Pariaman,2021,-0.2,2.15,higher_rate_is_generally_favorable_but_slope_is_not_structural_acceleration
sumbar_current_kabkota_hierarchical_trajectory_2018_2025_v1,rice_yield,idn.13.1306,Padang Pariaman,2021,-0.2,4.537,higher_is_generally_favorable_with_context
sumbar_current_kabkota_hierarchical_trajectory_2018_2025_v1,expected_years_schooling,idn.13.1306,Padang Pariaman,2022,0.2,13.93,higher_is_generally_favorable
sumbar_current_kabkota_hierarchical_trajectory_2018_2025_v1,mean_years_schooling,idn.13.1306,Padang Pariaman,2022,0.2,8.16,higher_is_generally_favorable
sumbar_current_kabkota_hierarchical_trajectory_2018_2025_v1,labor_force_participation,idn.13.1306,Padang Pariaman,2022,0.2,70.44,higher_is_generally_favorable_with_context
sumbar_current_kabkota_hierarchical_trajectory_2018_2025_v1,unemployment_rate,idn.13.1306,Padang Pariaman,2022,0.2,6.6,lower_is_generally_favorable
sumbar_current_kabkota_hierarchical_trajectory_2018_2025_v1,poverty_rate,idn.13.1306,Padang Pariaman,2022,0.2,6.25,lower_is_generally_favorable
sumbar_current_kabkota_hierarchical_trajectory_2018_2025_v1,real_grdp_growth,idn.13.1306,Padang Pariaman,2022,0.2,6.83,higher_rate_is_generally_favorable_but_slope_is_not_structural_acceleration
sumbar_current_kabkota_hierarchical_trajectory_2018_2025_v1,rice_yield,idn.13.1306,Padang Pariaman,2022,0.2,4.958,higher_is_generally_favorable_with_context
sumbar_current_kabkota_hierarchical_trajectory_2018_2025_v1,expected_years_schooling,idn.13.1306,Padang Pariaman,2023,0.6,14.19,higher_is_generally_favorable
sumbar_current_kabkota_hierarchical_trajectory_2018_2025_v1,mean_years_schooling,idn.13.1306,Padang Pariaman,2023,0.6,8.41,higher_is_generally_favorable
sumbar_current_kabkota_hierarchical_trajectory_2018_2025_v1,labor_force_participation,idn.13.1306,Padang Pariaman,2023,0.6,65.18,higher_is_generally_favorable_with_context
sumbar_current_kabkota_hierarchical_trajectory_2018_2025_v1,unemployment_rate,idn.13.1306,Padang Pariaman,2023,0.6,6.69,lower_is_generally_favorable
sumbar_current_kabkota_hierarchical_trajectory_2018_2025_v1,poverty_rate,idn.13.1306,Padang Pariaman,2023,0.6,6.34,lower_is_generally_favorable
sumbar_current_kabkota_hierarchical_trajectory_2018_2025_v1,real_grdp_growth,idn.13.1306,Padang Pariaman,2023,0.6,5.46,higher_rate_is_generally_favorable_but_slope_is_not_structural_acceleration
sumbar_current_kabkota_hierarchical_trajectory_2018_2025_v1,rice_yield,idn.13.1306,Padang Pariaman,2023,0.6,4.914000000000001,higher_is_generally_favorable_with_context
sumbar_current_kabkota_hierarchical_trajectory_2018_2025_v1,expected_years_schooling,idn.13.1306,Padang Pariaman,2024,1.0,14.2,higher_is_generally_favorable
sumbar_current_kabkota_hierarchical_trajectory_2018_2025_v1,mean_years_schooling,idn.13.1306,Padang Pariaman,2024,1.0,8.42,higher_is_generally_favorable
sumbar_current_kabkota_hierarchical_trajectory_2018_2025_v1,labor_force_participation,idn.13.1306,Padang Pariaman,2024,1.0,67.14,higher_is_generally_favorable_with_context
sumbar_current_kabkota_hierarchical_trajectory_2018_2025_v1,unemployment_rate,idn.13.1306,Padang Pariaman,2024,1.0,6.59,lower_is_generally_favorable
sumbar_current_kabkota_hierarchical_trajectory_2018_2025_v1,poverty_rate,idn.13.1306,Padang Pariaman,2024,1.0,6.27,lower_is_generally_favorable
sumbar_current_kabkota_hierarchical_trajectory_2018_2025_v1,real_grdp_growth,idn.13.1306,Padang Pariaman,2024,1.0,4.57,higher_rate_is_generally_favorable_but_slope_is_not_structural_acceleration
sumbar_current_kabkota_hierarchical_trajectory_2018_2025_v1,rice_yield,idn.13.1306,Padang Pariaman,2024,1.0,4.452000000000001,higher_is_generally_favorable_with_context
sumbar_current_kabkota_hierarchical_trajectory_2018_2025_v1,expected_years_schooling,idn.13.1306,Padang Pariaman,2025,1.4,14.21,higher_is_generally_favorable
sumbar_current_kabkota_hierarchical_trajectory_2018_2025_v1,mean_years_schooling,idn.13.1306,Padang Pariaman,2025,1.4,8.78,higher_is_generally_favorable
sumbar_current_kabkota_hierarchical_trajectory_2018_2025_v1,labor_force_participation,idn.13.1306,Padang Pariaman,2025,1.4,67.36,higher_is_generally_favorable_with_context
sumbar_current_kabkota_hierarchical_trajectory_2018_2025_v1,unemployment_rate,idn.13.1306,Padang Pariaman,2025,1.4,6.48,lower_is_generally_favorable
sumbar_current_kabkota_hierarchical_trajectory_2018_2025_v1,poverty_rate,idn.13.1306,Padang Pariaman,2025,1.4,5.86,lower_is_generally_favorable
sumbar_current_kabkota_hierarchical_trajectory_2018_2025_v1,real_grdp_growth,idn.13.1306,Padang Pariaman,2025,1.4,1.74,higher_rate_is_generally_favorable_but_slope_is_not_structural_acceleration
sumbar_current_kabkota_hierarchical_trajectory_2018_2025_v1,rice_yield,idn.13.1306,Padang Pariaman,2025,1.4,4.762,higher_is_generally_favorable_with_context
sumbar_current_kabkota_hierarchical_trajectory_2018_2025_v1,expected_years_schooling,idn.13.1307,Agam,2018,-1.4,13.85,higher_is_generally_favorable
sumbar_current_kabkota_hierarchical_trajectory_2018_2025_v1,mean_years_schooling,idn.13.1307,Agam,2018,-1.4,8.69,higher_is_generally_favorable
sumbar_current_kabkota_hierarchical_trajectory_2018_2025_v1,labor_force_participation,idn.13.1307,Agam,2018,-1.4,68.56,higher_is_generally_favorable_with_context
sumbar_current_kabkota_hierarchical_trajectory_2018_2025_v1,unemployment_rate,idn.13.1307,Agam,2018,-1.4,4.93,lower_is_generally_favorable
sumbar_current_kabkota_hierarchical_trajectory_2018_2025_v1,poverty_rate,idn.13.1307,Agam,2018,-1.4,6.76,lower_is_generally_favorable
sumbar_current_kabkota_hierarchical_trajectory_2018_2025_v1,real_grdp_growth,idn.13.1307,Agam,2018,-1.4,5.23,higher_rate_is_generally_favorable_but_slope_is_not_structural_acceleration
sumbar_current_kabkota_hierarchical_trajectory_2018_2025_v1,rice_yield,idn.13.1307,Agam,2018,-1.4,5.167000000000001,higher_is_generally_favorable_with_context
sumbar_current_kabkota_hierarchical_trajectory_2018_2025_v1,expected_years_schooling,idn.13.1307,Agam,2019,-1.0,13.86,higher_is_generally_favorable
sumbar_current_kabkota_hierarchical_trajectory_2018_2025_v1,mean_years_schooling,idn.13.1307,Agam,2019,-1.0,8.85,higher_is_generally_favorable
sumbar_current_kabkota_hierarchical_trajectory_2018_2025_v1,labor_force_participation,idn.13.1307,Agam,2019,-1.0,69.59,higher_is_generally_favorable_with_context
sumbar_current_kabkota_hierarchical_trajectory_2018_2025_v1,unemployment_rate,idn.13.1307,Agam,2019,-1.0,4.78,lower_is_generally_favorable
sumbar_current_kabkota_hierarchical_trajectory_2018_2025_v1,poverty_rate,idn.13.1307,Agam,2019,-1.0,6.75,lower_is_generally_favorable
sumbar_current_kabkota_hierarchical_trajectory_2018_2025_v1,real_grdp_growth,idn.13.1307,Agam,2019,-1.0,4.78,higher_rate_is_generally_favorable_but_slope_is_not_structural_acceleration
sumbar_current_kabkota_hierarchical_trajectory_2018_2025_v1,rice_yield,idn.13.1307,Agam,2019,-1.0,4.932,higher_is_generally_favorable_with_context
sumbar_current_kabkota_hierarchical_trajectory_2018_2025_v1,expected_years_schooling,idn.13.1307,Agam,2020,-0.6,13.87,higher_is_generally_favorable
sumbar_current_kabkota_hierarchical_trajectory_2018_2025_v1,mean_years_schooling,idn.13.1307,Agam,2020,-0.6,8.96,higher_is_generally_favorable
sumbar_current_kabkota_hierarchical_trajectory_2018_2025_v1,labor_force_participation,idn.13.1307,Agam,2020,-0.6,70.29,higher_is_generally_favorable_with_context
sumbar_current_kabkota_hierarchical_trajectory_2018_2025_v1,unemployment_rate,idn.13.1307,Agam,2020,-0.6,4.61,lower_is_generally_favorable
sumbar_current_kabkota_hierarchical_trajectory_2018_2025_v1,poverty_rate,idn.13.1307,Agam,2020,-0.6,6.75,lower_is_generally_favorable
sumbar_current_kabkota_hierarchical_trajectory_2018_2025_v1,real_grdp_growth,idn.13.1307,Agam,2020,-0.6,-1.37,higher_rate_is_generally_favorable_but_slope_is_not_structural_acceleration
sumbar_current_kabkota_hierarchical_trajectory_2018_2025_v1,rice_yield,idn.13.1307,Agam,2020,-0.6,5.236000000000001,higher_is_generally_favorable_with_context
sumbar_current_kabkota_hierarchical_trajectory_2018_2025_v1,expected_years_schooling,idn.13.1307,Agam,2021,-0.2,13.88,higher_is_generally_favorable
sumbar_current_kabkota_hierarchical_trajectory_2018_2025_v1,mean_years_schooling,idn.13.1307,Agam,2021,-0.2,8.97,higher_is_generally_favorable
sumbar_current_kabkota_hierarchical_trajectory_2018_2025_v1,labor_force_participation,idn.13.1307,Agam,2021,-0.2,66.49,higher_is_generally_favorable_with_context
sumbar_current_kabkota_hierarchical_trajectory_2018_2025_v1,unemployment_rate,idn.13.1307,Agam,2021,-0.2,5.06,lower_is_generally_favorable
sumbar_current_kabkota_hierarchical_trajectory_2018_2025_v1,poverty_rate,idn.13.1307,Agam,2021,-0.2,6.85,lower_is_generally_favorable
sumbar_current_kabkota_hierarchical_trajectory_2018_2025_v1,real_grdp_growth,idn.13.1307,Agam,2021,-0.2,3.7,higher_rate_is_generally_favorable_but_slope_is_not_structural_acceleration
sumbar_current_kabkota_hierarchical_trajectory_2018_2025_v1,rice_yield,idn.13.1307,Agam,2021,-0.2,5.140000000000001,higher_is_generally_favorable_with_context
sumbar_current_kabkota_hierarchical_trajectory_2018_2025_v1,expected_years_schooling,idn.13.1307,Agam,2022,0.2,13.88,higher_is_generally_favorable
sumbar_current_kabkota_hierarchical_trajectory_2018_2025_v1,mean_years_schooling,idn.13.1307,Agam,2022,0.2,8.98,higher_is_generally_favorable
sumbar_current_kabkota_hierarchical_trajectory_2018_2025_v1,labor_force_participation,idn.13.1307,Agam,2022,0.2,73.05,higher_is_generally_favorable_with_context
sumbar_current_kabkota_hierarchical_trajectory_2018_2025_v1,unemployment_rate,idn.13.1307,Agam,2022,0.2,4.93,lower_is_generally_favorable
sumbar_current_kabkota_hierarchical_trajectory_2018_2025_v1,poverty_rate,idn.13.1307,Agam,2022,0.2,6.22,lower_is_generally_favorable
sumbar_current_kabkota_hierarchical_trajectory_2018_2025_v1,real_grdp_growth,idn.13.1307,Agam,2022,0.2,4.21,higher_rate_is_generally_favorable_but_slope_is_not_structural_acceleration
sumbar_current_kabkota_hierarchical_trajectory_2018_2025_v1,rice_yield,idn.13.1307,Agam,2022,0.2,4.954000000000001,higher_is_generally_favorable_with_context
sumbar_current_kabkota_hierarchical_trajectory_2018_2025_v1,expected_years_schooling,idn.13.1307,Agam,2023,0.6,13.89,higher_is_generally_favorable
sumbar_current_kabkota_hierarchical_trajectory_2018_2025_v1,mean_years_schooling,idn.13.1307,Agam,2023,0.6,9.22,higher_is_generally_favorable
sumbar_current_kabkota_hierarchical_trajectory_2018_2025_v1,labor_force_participation,idn.13.1307,Agam,2023,0.6,69.16,higher_is_generally_favorable_with_context
sumbar_current_kabkota_hierarchical_trajectory_2018_2025_v1,unemployment_rate,idn.13.1307,Agam,2023,0.6,4.96,lower_is_generally_favorable
sumbar_current_kabkota_hierarchical_trajectory_2018_2025_v1,poverty_rate,idn.13.1307,Agam,2023,0.6,6.6,lower_is_generally_favorable
sumbar_current_kabkota_hierarchical_trajectory_2018_2025_v1,real_grdp_growth,idn.13.1307,Agam,2023,0.6,4.52,higher_rate_is_generally_favorable_but_slope_is_not_structural_acceleration
sumbar_current_kabkota_hierarchical_trajectory_2018_2025_v1,rice_yield,idn.13.1307,Agam,2023,0.6,4.873,higher_is_generally_favorable_with_context
sumbar_current_kabkota_hierarchical_trajectory_2018_2025_v1,expected_years_schooling,idn.13.1307,Agam,2024,1.0,14.16,higher_is_generally_favorable
sumbar_current_kabkota_hierarchical_trajectory_2018_2025_v1,mean_years_schooling,idn.13.1307,Agam,2024,1.0,9.23,higher_is_generally_favorable
sumbar_current_kabkota_hierarchical_trajectory_2018_2025_v1,labor_force_participation,idn.13.1307,Agam,2024,1.0,69.48,higher_is_generally_favorable_with_context
sumbar_current_kabkota_hierarchical_trajectory_2018_2025_v1,unemployment_rate,idn.13.1307,Agam,2024,1.0,4.73,lower_is_generally_favorable
sumbar_current_kabkota_hierarchical_trajectory_2018_2025_v1,poverty_rate,idn.13.1307,Agam,2024,1.0,6.83,lower_is_generally_favorable
sumbar_current_kabkota_hierarchical_trajectory_2018_2025_v1,real_grdp_growth,idn.13.1307,Agam,2024,1.0,4.12,higher_rate_is_generally_favorable_but_slope_is_not_structural_acceleration
sumbar_current_kabkota_hierarchical_trajectory_2018_2025_v1,rice_yield,idn.13.1307,Agam,2024,1.0,4.839,higher_is_generally_favorable_with_context
sumbar_current_kabkota_hierarchical_trajectory_2018_2025_v1,expected_years_schooling,idn.13.1307,Agam,2025,1.4,14.26,higher_is_generally_favorable
sumbar_current_kabkota_hierarchical_trajectory_2018_2025_v1,mean_years_schooling,idn.13.1307,Agam,2025,1.4,9.57,higher_is_generally_favorable
sumbar_current_kabkota_hierarchical_trajectory_2018_2025_v1,labor_force_participation,idn.13.1307,Agam,2025,1.4,69.56,higher_is_generally_favorable_with_context
sumbar_current_kabkota_hierarchical_trajectory_2018_2025_v1,unemployment_rate,idn.13.1307,Agam,2025,1.4,4.71,lower_is_generally_favorable
sumbar_current_kabkota_hierarchical_trajectory_2018_2025_v1,poverty_rate,idn.13.1307,Agam,2025,1.4,5.97,lower_is_generally_favorable
sumbar_current_kabkota_hierarchical_trajectory_2018_2025_v1,real_grdp_growth,idn.13.1307,Agam,2025,1.4,2.99,higher_rate_is_generally_favorable_but_slope_is_not_structural_acceleration
sumbar_current_kabkota_hierarchical_trajectory_2018_2025_v1,rice_yield,idn.13.1307,Agam,2025,1.4,4.782,higher_is_generally_favorable_with_context
sumbar_current_kabkota_hierarchical_trajectory_2018_2025_v1,expected_years_schooling,idn.13.1308,Lima Puluh Kota,2018,-1.4,13.27,higher_is_generally_favorable
sumbar_current_kabkota_hierarchical_trajectory_2018_2025_v1,mean_years_schooling,idn.13.1308,Lima Puluh Kota,2018,-1.4,7.97,higher_is_generally_favorable
sumbar_current_kabkota_hierarchical_trajectory_2018_2025_v1,labor_force_participation,idn.13.1308,Lima Puluh Kota,2018,-1.4,73.1,higher_is_generally_favorable_with_context
sumbar_current_kabkota_hierarchical_trajectory_2018_2025_v1,unemployment_rate,idn.13.1308,Lima Puluh Kota,2018,-1.4,2.73,lower_is_generally_favorable
sumbar_current_kabkota_hierarchical_trajectory_2018_2025_v1,poverty_rate,idn.13.1308,Lima Puluh Kota,2018,-1.4,6.99,lower_is_generally_favorable
sumbar_current_kabkota_hierarchical_trajectory_2018_2025_v1,real_grdp_growth,idn.13.1308,Lima Puluh Kota,2018,-1.4,5.23,higher_rate_is_generally_favorable_but_slope_is_not_structural_acceleration
sumbar_current_kabkota_hierarchical_trajectory_2018_2025_v1,rice_yield,idn.13.1308,Lima Puluh Kota,2018,-1.4,4.307,higher_is_generally_favorable_with_context
sumbar_current_kabkota_hierarchical_trajectory_2018_2025_v1,expected_years_schooling,idn.13.1308,Lima Puluh Kota,2019,-1.0,13.28,higher_is_generally_favorable
sumbar_current_kabkota_hierarchical_trajectory_2018_2025_v1,mean_years_schooling,idn.13.1308,Lima Puluh Kota,2019,-1.0,7.98,higher_is_generally_favorable
sumbar_current_kabkota_hierarchical_trajectory_2018_2025_v1,labor_force_participation,idn.13.1308,Lima Puluh Kota,2019,-1.0,73.28,higher_is_generally_favorable_with_context
sumbar_current_kabkota_hierarchical_trajectory_2018_2025_v1,unemployment_rate,idn.13.1308,Lima Puluh Kota,2019,-1.0,2.3,lower_is_generally_favorable
sumbar_current_kabkota_hierarchical_trajectory_2018_2025_v1,poverty_rate,idn.13.1308,Lima Puluh Kota,2019,-1.0,6.97,lower_is_generally_favorable
sumbar_current_kabkota_hierarchical_trajectory_2018_2025_v1,real_grdp_growth,idn.13.1308,Lima Puluh Kota,2019,-1.0,5.06,higher_rate_is_generally_favorable_but_slope_is_not_structural_acceleration
sumbar_current_kabkota_hierarchical_trajectory_2018_2025_v1,rice_yield,idn.13.1308,Lima Puluh Kota,2019,-1.0,4.149,higher_is_generally_favorable_with_context
sumbar_current_kabkota_hierarchical_trajectory_2018_2025_v1,expected_years_schooling,idn.13.1308,Lima Puluh Kota,2020,-0.6,13.29,higher_is_generally_favorable
sumbar_current_kabkota_hierarchical_trajectory_2018_2025_v1,mean_years_schooling,idn.13.1308,Lima Puluh Kota,2020,-0.6,7.99,higher_is_generally_favorable
sumbar_current_kabkota_hierarchical_trajectory_2018_2025_v1,labor_force_participation,idn.13.1308,Lima Puluh Kota,2020,-0.6,72.71,higher_is_generally_favorable_with_context
sumbar_current_kabkota_hierarchical_trajectory_2018_2025_v1,unemployment_rate,idn.13.1308,Lima Puluh Kota,2020,-0.6,3.03,lower_is_generally_favorable
sumbar_current_kabkota_hierarchical_trajectory_2018_2025_v1,poverty_rate,idn.13.1308,Lima Puluh Kota,2020,-0.6,6.86,lower_is_generally_favorable
sumbar_current_kabkota_hierarchical_trajectory_2018_2025_v1,real_grdp_growth,idn.13.1308,Lima Puluh Kota,2020,-0.6,-1.16,higher_rate_is_generally_favorable_but_slope_is_not_structural_acceleration
sumbar_current_kabkota_hierarchical_trajectory_2018_2025_v1,rice_yield,idn.13.1308,Lima Puluh Kota,2020,-0.6,4.36,higher_is_generally_favorable_with_context
sumbar_current_kabkota_hierarchical_trajectory_2018_2025_v1,expected_years_schooling,idn.13.1308,Lima Puluh Kota,2021,-0.2,13.3,higher_is_generally_favorable
sumbar_current_kabkota_hierarchical_trajectory_2018_2025_v1,mean_years_schooling,idn.13.1308,Lima Puluh Kota,2021,-0.2,8.07,higher_is_generally_favorable
sumbar_current_kabkota_hierarchical_trajectory_2018_2025_v1,labor_force_participation,idn.13.1308,Lima Puluh Kota,2021,-0.2,71.33,higher_is_generally_favorable_with_context
sumbar_current_kabkota_hierarchical_trajectory_2018_2025_v1,unemployment_rate,idn.13.1308,Lima Puluh Kota,2021,-0.2,2.25,lower_is_generally_favorable
sumbar_current_kabkota_hierarchical_trajectory_2018_2025_v1,poverty_rate,idn.13.1308,Lima Puluh Kota,2021,-0.2,7.29,lower_is_generally_favorable
sumbar_current_kabkota_hierarchical_trajectory_2018_2025_v1,real_grdp_growth,idn.13.1308,Lima Puluh Kota,2021,-0.2,3.33,higher_rate_is_generally_favorable_but_slope_is_not_structural_acceleration
sumbar_current_kabkota_hierarchical_trajectory_2018_2025_v1,rice_yield,idn.13.1308,Lima Puluh Kota,2021,-0.2,4.399,higher_is_generally_favorable_with_context
sumbar_current_kabkota_hierarchical_trajectory_2018_2025_v1,expected_years_schooling,idn.13.1308,Lima Puluh Kota,2022,0.2,13.4,higher_is_generally_favorable
sumbar_current_kabkota_hierarchical_trajectory_2018_2025_v1,mean_years_schooling,idn.13.1308,Lima Puluh Kota,2022,0.2,8.08,higher_is_generally_favorable
sumbar_current_kabkota_hierarchical_trajectory_2018_2025_v1,labor_force_participation,idn.13.1308,Lima Puluh Kota,2022,0.2,74.54,higher_is_generally_favorable_with_context
sumbar_current_kabkota_hierarchical_trajectory_2018_2025_v1,unemployment_rate,idn.13.1308,Lima Puluh Kota,2022,0.2,3.72,lower_is_generally_favorable
sumbar_current_kabkota_hierarchical_trajectory_2018_2025_v1,poverty_rate,idn.13.1308,Lima Puluh Kota,2022,0.2,6.59,lower_is_generally_favorable
sumbar_current_kabkota_hierarchical_trajectory_2018_2025_v1,real_grdp_growth,idn.13.1308,Lima Puluh Kota,2022,0.2,4.02,higher_rate_is_generally_favorable_but_slope_is_not_structural_acceleration
sumbar_current_kabkota_hierarchical_trajectory_2018_2025_v1,rice_yield,idn.13.1308,Lima Puluh Kota,2022,0.2,4.646,higher_is_generally_favorable_with_context
sumbar_current_kabkota_hierarchical_trajectory_2018_2025_v1,expected_years_schooling,idn.13.1308,Lima Puluh Kota,2023,0.6,13.41,higher_is_generally_favorable
sumbar_current_kabkota_hierarchical_trajectory_2018_2025_v1,mean_years_schooling,idn.13.1308,Lima Puluh Kota,2023,0.6,8.12,higher_is_generally_favorable
sumbar_current_kabkota_hierarchical_trajectory_2018_2025_v1,labor_force_participation,idn.13.1308,Lima Puluh Kota,2023,0.6,72.63,higher_is_generally_favorable_with_context
sumbar_current_kabkota_hierarchical_trajectory_2018_2025_v1,unemployment_rate,idn.13.1308,Lima Puluh Kota,2023,0.6,3.95,lower_is_generally_favorable
sumbar_current_kabkota_hierarchical_trajectory_2018_2025_v1,poverty_rate,idn.13.1308,Lima Puluh Kota,2023,0.6,6.8,lower_is_generally_favorable
sumbar_current_kabkota_hierarchical_trajectory_2018_2025_v1,real_grdp_growth,idn.13.1308,Lima Puluh Kota,2023,0.6,4.55,higher_rate_is_generally_favorable_but_slope_is_not_structural_acceleration
sumbar_current_kabkota_hierarchical_trajectory_2018_2025_v1,rice_yield,idn.13.1308,Lima Puluh Kota,2023,0.6,4.813000000000001,higher_is_generally_favorable_with_context
sumbar_current_kabkota_hierarchical_trajectory_2018_2025_v1,expected_years_schooling,idn.13.1308,Lima Puluh Kota,2024,1.0,13.42,higher_is_generally_favorable
sumbar_current_kabkota_hierarchical_trajectory_2018_2025_v1,mean_years_schooling,idn.13.1308,Lima Puluh Kota,2024,1.0,8.13,higher_is_generally_favorable
sumbar_current_kabkota_hierarchical_trajectory_2018_2025_v1,labor_force_participation,idn.13.1308,Lima Puluh Kota,2024,1.0,74.17,higher_is_generally_favorable_with_context
sumbar_current_kabkota_hierarchical_trajectory_2018_2025_v1,unemployment_rate,idn.13.1308,Lima Puluh Kota,2024,1.0,3.68,lower_is_generally_favorable
sumbar_current_kabkota_hierarchical_trajectory_2018_2025_v1,poverty_rate,idn.13.1308,Lima Puluh Kota,2024,1.0,6.92,lower_is_generally_favorable
sumbar_current_kabkota_hierarchical_trajectory_2018_2025_v1,real_grdp_growth,idn.13.1308,Lima Puluh Kota,2024,1.0,4.03,higher_rate_is_generally_favorable_but_slope_is_not_structural_acceleration
sumbar_current_kabkota_hierarchical_trajectory_2018_2025_v1,rice_yield,idn.13.1308,Lima Puluh Kota,2024,1.0,4.358,higher_is_generally_favorable_with_context
sumbar_current_kabkota_hierarchical_trajectory_2018_2025_v1,expected_years_schooling,idn.13.1308,Lima Puluh Kota,2025,1.4,13.53,higher_is_generally_favorable
sumbar_current_kabkota_hierarchical_trajectory_2018_2025_v1,mean_years_schooling,idn.13.1308,Lima Puluh Kota,2025,1.4,8.49,higher_is_generally_favorable
sumbar_current_kabkota_hierarchical_trajectory_2018_2025_v1,labor_force_participation,idn.13.1308,Lima Puluh Kota,2025,1.4,74.18,higher_is_generally_favorable_with_context
sumbar_current_kabkota_hierarchical_trajectory_2018_2025_v1,unemployment_rate,idn.13.1308,Lima Puluh Kota,2025,1.4,3.78,lower_is_generally_favorable
sumbar_current_kabkota_hierarchical_trajectory_2018_2025_v1,poverty_rate,idn.13.1308,Lima Puluh Kota,2025,1.4,6.1,lower_is_generally_favorable
sumbar_current_kabkota_hierarchical_trajectory_2018_2025_v1,real_grdp_growth,idn.13.1308,Lima Puluh Kota,2025,1.4,3.4,higher_rate_is_generally_favorable_but_slope_is_not_structural_acceleration
sumbar_current_kabkota_hierarchical_trajectory_2018_2025_v1,rice_yield,idn.13.1308,Lima Puluh Kota,2025,1.4,4.604,higher_is_generally_favorable_with_context
sumbar_current_kabkota_hierarchical_trajectory_2018_2025_v1,expected_years_schooling,idn.13.1309,Pasaman,2018,-1.4,12.78,higher_is_generally_favorable
sumbar_current_kabkota_hierarchical_trajectory_2018_2025_v1,mean_years_schooling,idn.13.1309,Pasaman,2018,-1.4,7.66,higher_is_generally_favorable
sumbar_current_kabkota_hierarchical_trajectory_2018_2025_v1,labor_force_participation,idn.13.1309,Pasaman,2018,-1.4,67.2,higher_is_generally_favorable_with_context
sumbar_current_kabkota_hierarchical_trajectory_2018_2025_v1,unemployment_rate,idn.13.1309,Pasaman,2018,-1.4,6.04,lower_is_generally_favorable
sumbar_current_kabkota_hierarchical_trajectory_2018_2025_v1,poverty_rate,idn.13.1309,Pasaman,2018,-1.4,7.31,lower_is_generally_favorable
sumbar_current_kabkota_hierarchical_trajectory_2018_2025_v1,real_grdp_growth,idn.13.1309,Pasaman,2018,-1.4,4.97,higher_rate_is_generally_favorable_but_slope_is_not_structural_acceleration
sumbar_current_kabkota_hierarchical_trajectory_2018_2025_v1,rice_yield,idn.13.1309,Pasaman,2018,-1.4,4.263000000000001,higher_is_generally_favorable_with_context
sumbar_current_kabkota_hierarchical_trajectory_2018_2025_v1,expected_years_schooling,idn.13.1309,Pasaman,2019,-1.0,12.79,higher_is_generally_favorable
sumbar_current_kabkota_hierarchical_trajectory_2018_2025_v1,mean_years_schooling,idn.13.1309,Pasaman,2019,-1.0,7.86,higher_is_generally_favorable
sumbar_current_kabkota_hierarchical_trajectory_2018_2025_v1,labor_force_participation,idn.13.1309,Pasaman,2019,-1.0,70.91,higher_is_generally_favorable_with_context
sumbar_current_kabkota_hierarchical_trajectory_2018_2025_v1,unemployment_rate,idn.13.1309,Pasaman,2019,-1.0,5.28,lower_is_generally_favorable
sumbar_current_kabkota_hierarchical_trajectory_2018_2025_v1,poverty_rate,idn.13.1309,Pasaman,2019,-1.0,7.21,lower_is_generally_favorable
sumbar_current_kabkota_hierarchical_trajectory_2018_2025_v1,real_grdp_growth,idn.13.1309,Pasaman,2019,-1.0,4.8,higher_rate_is_generally_favorable_but_slope_is_not_structural_acceleration
sumbar_current_kabkota_hierarchical_trajectory_2018_2025_v1,rice_yield,idn.13.1309,Pasaman,2019,-1.0,4.362,higher_is_generally_favorable_with_context
sumbar_current_kabkota_hierarchical_trajectory_2018_2025_v1,expected_years_schooling,idn.13.1309,Pasaman,2020,-0.6,12.8,higher_is_generally_favorable
sumbar_current_kabkota_hierarchical_trajectory_2018_2025_v1,mean_years_schooling,idn.13.1309,Pasaman,2020,-0.6,8.09,higher_is_generally_favorable
sumbar_current_kabkota_hierarchical_trajectory_2018_2025_v1,labor_force_participation,idn.13.1309,Pasaman,2020,-0.6,72.97,higher_is_generally_favorable_with_context
sumbar_current_kabkota_hierarchical_trajectory_2018_2025_v1,unemployment_rate,idn.13.1309,Pasaman,2020,-0.6,5.04,lower_is_generally_favorable
sumbar_current_kabkota_hierarchical_trajectory_2018_2025_v1,poverty_rate,idn.13.1309,Pasaman,2020,-0.6,7.16,lower_is_generally_favorable
sumbar_current_kabkota_hierarchical_trajectory_2018_2025_v1,real_grdp_growth,idn.13.1309,Pasaman,2020,-0.6,-0.87,higher_rate_is_generally_favorable_but_slope_is_not_structural_acceleration
sumbar_current_kabkota_hierarchical_trajectory_2018_2025_v1,rice_yield,idn.13.1309,Pasaman,2020,-0.6,4.5,higher_is_generally_favorable_with_context
sumbar_current_kabkota_hierarchical_trajectory_2018_2025_v1,expected_years_schooling,idn.13.1309,Pasaman,2021,-0.2,12.81,higher_is_generally_favorable
sumbar_current_kabkota_hierarchical_trajectory_2018_2025_v1,mean_years_schooling,idn.13.1309,Pasaman,2021,-0.2,8.1,higher_is_generally_favorable
sumbar_current_kabkota_hierarchical_trajectory_2018_2025_v1,labor_force_participation,idn.13.1309,Pasaman,2021,-0.2,69.35,higher_is_generally_favorable_with_context
sumbar_current_kabkota_hierarchical_trajectory_2018_2025_v1,unemployment_rate,idn.13.1309,Pasaman,2021,-0.2,4.92,lower_is_generally_favorable
sumbar_current_kabkota_hierarchical_trajectory_2018_2025_v1,poverty_rate,idn.13.1309,Pasaman,2021,-0.2,7.48,lower_is_generally_favorable
sumbar_current_kabkota_hierarchical_trajectory_2018_2025_v1,real_grdp_growth,idn.13.1309,Pasaman,2021,-0.2,3.35,higher_rate_is_generally_favorable_but_slope_is_not_structural_acceleration
sumbar_current_kabkota_hierarchical_trajectory_2018_2025_v1,rice_yield,idn.13.1309,Pasaman,2021,-0.2,4.593,higher_is_generally_favorable_with_context
sumbar_current_kabkota_hierarchical_trajectory_2018_2025_v1,expected_years_schooling,idn.13.1309,Pasaman,2022,0.2,13.05,higher_is_generally_favorable
sumbar_current_kabkota_hierarchical_trajectory_2018_2025_v1,mean_years_schooling,idn.13.1309,Pasaman,2022,0.2,8.11,higher_is_generally_favorable
sumbar_current_kabkota_hierarchical_trajectory_2018_2025_v1,labor_force_participation,idn.13.1309,Pasaman,2022,0.2,74.97,higher_is_generally_favorable_with_context
sumbar_current_kabkota_hierarchical_trajectory_2018_2025_v1,unemployment_rate,idn.13.1309,Pasaman,2022,0.2,5.38,lower_is_generally_favorable
sumbar_current_kabkota_hierarchical_trajectory_2018_2025_v1,poverty_rate,idn.13.1309,Pasaman,2022,0.2,6.85,lower_is_generally_favorable
sumbar_current_kabkota_hierarchical_trajectory_2018_2025_v1,real_grdp_growth,idn.13.1309,Pasaman,2022,0.2,4.08,higher_rate_is_generally_favorable_but_slope_is_not_structural_acceleration
sumbar_current_kabkota_hierarchical_trajectory_2018_2025_v1,rice_yield,idn.13.1309,Pasaman,2022,0.2,4.884,higher_is_generally_favorable_with_context
sumbar_current_kabkota_hierarchical_trajectory_2018_2025_v1,expected_years_schooling,idn.13.1309,Pasaman,2023,0.6,13.25,higher_is_generally_favorable
sumbar_current_kabkota_hierarchical_trajectory_2018_2025_v1,mean_years_schooling,idn.13.1309,Pasaman,2023,0.6,8.13,higher_is_generally_favorable
sumbar_current_kabkota_hierarchical_trajectory_2018_2025_v1,labor_force_participation,idn.13.1309,Pasaman,2023,0.6,73.05,higher_is_generally_favorable_with_context
sumbar_current_kabkota_hierarchical_trajectory_2018_2025_v1,unemployment_rate,idn.13.1309,Pasaman,2023,0.6,5.09,lower_is_generally_favorable
sumbar_current_kabkota_hierarchical_trajectory_2018_2025_v1,poverty_rate,idn.13.1309,Pasaman,2023,0.6,6.8,lower_is_generally_favorable
sumbar_current_kabkota_hierarchical_trajectory_2018_2025_v1,real_grdp_growth,idn.13.1309,Pasaman,2023,0.6,4.41,higher_rate_is_generally_favorable_but_slope_is_not_structural_acceleration
sumbar_current_kabkota_hierarchical_trajectory_2018_2025_v1,rice_yield,idn.13.1309,Pasaman,2023,0.6,4.659000000000001,higher_is_generally_favorable_with_context
sumbar_current_kabkota_hierarchical_trajectory_2018_2025_v1,expected_years_schooling,idn.13.1309,Pasaman,2024,1.0,13.52,higher_is_generally_favorable
sumbar_current_kabkota_hierarchical_trajectory_2018_2025_v1,mean_years_schooling,idn.13.1309,Pasaman,2024,1.0,8.14,higher_is_generally_favorable
sumbar_current_kabkota_hierarchical_trajectory_2018_2025_v1,labor_force_participation,idn.13.1309,Pasaman,2024,1.0,71.86,higher_is_generally_favorable_with_context
sumbar_current_kabkota_hierarchical_trajectory_2018_2025_v1,unemployment_rate,idn.13.1309,Pasaman,2024,1.0,5.25,lower_is_generally_favorable
sumbar_current_kabkota_hierarchical_trajectory_2018_2025_v1,poverty_rate,idn.13.1309,Pasaman,2024,1.0,6.74,lower_is_generally_favorable
sumbar_current_kabkota_hierarchical_trajectory_2018_2025_v1,real_grdp_growth,idn.13.1309,Pasaman,2024,1.0,3.95,higher_rate_is_generally_favorable_but_slope_is_not_structural_acceleration
sumbar_current_kabkota_hierarchical_trajectory_2018_2025_v1,rice_yield,idn.13.1309,Pasaman,2024,1.0,4.404,higher_is_generally_favorable_with_context
sumbar_current_kabkota_hierarchical_trajectory_2018_2025_v1,expected_years_schooling,idn.13.1309,Pasaman,2025,1.4,13.6,higher_is_generally_favorable
sumbar_current_kabkota_hierarchical_trajectory_2018_2025_v1,mean_years_schooling,idn.13.1309,Pasaman,2025,1.4,8.41,higher_is_generally_favorable
sumbar_current_kabkota_hierarchical_trajectory_2018_2025_v1,labor_force_participation,idn.13.1309,Pasaman,2025,1.4,72.69,higher_is_generally_favorable_with_context
sumbar_current_kabkota_hierarchical_trajectory_2018_2025_v1,unemployment_rate,idn.13.1309,Pasaman,2025,1.4,5.29,lower_is_generally_favorable
sumbar_current_kabkota_hierarchical_trajectory_2018_2025_v1,poverty_rate,idn.13.1309,Pasaman,2025,1.4,6.02,lower_is_generally_favorable
sumbar_current_kabkota_hierarchical_trajectory_2018_2025_v1,real_grdp_growth,idn.13.1309,Pasaman,2025,1.4,3.49,higher_rate_is_generally_favorable_but_slope_is_not_structural_acceleration
sumbar_current_kabkota_hierarchical_trajectory_2018_2025_v1,rice_yield,idn.13.1309,Pasaman,2025,1.4,4.6850000000000005,higher_is_generally_favorable_with_context
sumbar_current_kabkota_hierarchical_trajectory_2018_2025_v1,expected_years_schooling,idn.13.1310,Solok Selatan,2018,-1.4,12.69,higher_is_generally_favorable
sumbar_current_kabkota_hierarchical_trajectory_2018_2025_v1,mean_years_schooling,idn.13.1310,Solok Selatan,2018,-1.4,8.15,higher_is_generally_favorable
sumbar_current_kabkota_hierarchical_trajectory_2018_2025_v1,labor_force_participation,idn.13.1310,Solok Selatan,2018,-1.4,74.89,higher_is_generally_favorable_with_context
sumbar_current_kabkota_hierarchical_trajectory_2018_2025_v1,unemployment_rate,idn.13.1310,Solok Selatan,2018,-1.4,5.84,lower_is_generally_favorable
sumbar_current_kabkota_hierarchical_trajectory_2018_2025_v1,poverty_rate,idn.13.1310,Solok Selatan,2018,-1.4,7.07,lower_is_generally_favorable
sumbar_current_kabkota_hierarchical_trajectory_2018_2025_v1,real_grdp_growth,idn.13.1310,Solok Selatan,2018,-1.4,5.0,higher_rate_is_generally_favorable_but_slope_is_not_structural_acceleration
sumbar_current_kabkota_hierarchical_trajectory_2018_2025_v1,rice_yield,idn.13.1310,Solok Selatan,2018,-1.4,4.2490000000000006,higher_is_generally_favorable_with_context
sumbar_current_kabkota_hierarchical_trajectory_2018_2025_v1,expected_years_schooling,idn.13.1310,Solok Selatan,2019,-1.0,12.7,higher_is_generally_favorable
sumbar_current_kabkota_hierarchical_trajectory_2018_2025_v1,mean_years_schooling,idn.13.1310,Solok Selatan,2019,-1.0,8.16,higher_is_generally_favorable
sumbar_current_kabkota_hierarchical_trajectory_2018_2025_v1,labor_force_participation,idn.13.1310,Solok Selatan,2019,-1.0,72.56,higher_is_generally_favorable_with_context
sumbar_current_kabkota_hierarchical_trajectory_2018_2025_v1,unemployment_rate,idn.13.1310,Solok Selatan,2019,-1.0,4.91,lower_is_generally_favorable
sumbar_current_kabkota_hierarchical_trajectory_2018_2025_v1,poverty_rate,idn.13.1310,Solok Selatan,2019,-1.0,7.33,lower_is_generally_favorable
sumbar_current_kabkota_hierarchical_trajectory_2018_2025_v1,real_grdp_growth,idn.13.1310,Solok Selatan,2019,-1.0,4.86,higher_rate_is_generally_favorable_but_slope_is_not_structural_acceleration
sumbar_current_kabkota_hierarchical_trajectory_2018_2025_v1,rice_yield,idn.13.1310,Solok Selatan,2019,-1.0,4.233,higher_is_generally_favorable_with_context
sumbar_current_kabkota_hierarchical_trajectory_2018_2025_v1,expected_years_schooling,idn.13.1310,Solok Selatan,2020,-0.6,12.71,higher_is_generally_favorable
sumbar_current_kabkota_hierarchical_trajectory_2018_2025_v1,mean_years_schooling,idn.13.1310,Solok Selatan,2020,-0.6,8.28,higher_is_generally_favorable
sumbar_current_kabkota_hierarchical_trajectory_2018_2025_v1,labor_force_participation,idn.13.1310,Solok Selatan,2020,-0.6,72.67,higher_is_generally_favorable_with_context
sumbar_current_kabkota_hierarchical_trajectory_2018_2025_v1,unemployment_rate,idn.13.1310,Solok Selatan,2020,-0.6,5.62,lower_is_generally_favorable
sumbar_current_kabkota_hierarchical_trajectory_2018_2025_v1,poverty_rate,idn.13.1310,Solok Selatan,2020,-0.6,7.15,lower_is_generally_favorable
sumbar_current_kabkota_hierarchical_trajectory_2018_2025_v1,real_grdp_growth,idn.13.1310,Solok Selatan,2020,-0.6,-1.24,higher_rate_is_generally_favorable_but_slope_is_not_structural_acceleration
sumbar_current_kabkota_hierarchical_trajectory_2018_2025_v1,rice_yield,idn.13.1310,Solok Selatan,2020,-0.6,3.5540000000000003,higher_is_generally_favorable_with_context
sumbar_current_kabkota_hierarchical_trajectory_2018_2025_v1,expected_years_schooling,idn.13.1310,Solok Selatan,2021,-0.2,12.72,higher_is_generally_favorable
sumbar_current_kabkota_hierarchical_trajectory_2018_2025_v1,mean_years_schooling,idn.13.1310,Solok Selatan,2021,-0.2,8.32,higher_is_generally_favorable
sumbar_current_kabkota_hierarchical_trajectory_2018_2025_v1,labor_force_participation,idn.13.1310,Solok Selatan,2021,-0.2,72.11,higher_is_generally_favorable_with_context
sumbar_current_kabkota_hierarchical_trajectory_2018_2025_v1,unemployment_rate,idn.13.1310,Solok Selatan,2021,-0.2,4.84,lower_is_generally_favorable
sumbar_current_kabkota_hierarchical_trajectory_2018_2025_v1,poverty_rate,idn.13.1310,Solok Selatan,2021,-0.2,7.52,lower_is_generally_favorable
sumbar_current_kabkota_hierarchical_trajectory_2018_2025_v1,real_grdp_growth,idn.13.1310,Solok Selatan,2021,-0.2,3.32,higher_rate_is_generally_favorable_but_slope_is_not_structural_acceleration
sumbar_current_kabkota_hierarchical_trajectory_2018_2025_v1,rice_yield,idn.13.1310,Solok Selatan,2021,-0.2,4.007000000000001,higher_is_generally_favorable_with_context
sumbar_current_kabkota_hierarchical_trajectory_2018_2025_v1,expected_years_schooling,idn.13.1310,Solok Selatan,2022,0.2,12.73,higher_is_generally_favorable
sumbar_current_kabkota_hierarchical_trajectory_2018_2025_v1,mean_years_schooling,idn.13.1310,Solok Selatan,2022,0.2,8.41,higher_is_generally_favorable
sumbar_current_kabkota_hierarchical_trajectory_2018_2025_v1,labor_force_participation,idn.13.1310,Solok Selatan,2022,0.2,77.99,higher_is_generally_favorable_with_context
sumbar_current_kabkota_hierarchical_trajectory_2018_2025_v1,unemployment_rate,idn.13.1310,Solok Selatan,2022,0.2,3.71,lower_is_generally_favorable
sumbar_current_kabkota_hierarchical_trajectory_2018_2025_v1,poverty_rate,idn.13.1310,Solok Selatan,2022,0.2,6.51,lower_is_generally_favorable
sumbar_current_kabkota_hierarchical_trajectory_2018_2025_v1,real_grdp_growth,idn.13.1310,Solok Selatan,2022,0.2,4.01,higher_rate_is_generally_favorable_but_slope_is_not_structural_acceleration
sumbar_current_kabkota_hierarchical_trajectory_2018_2025_v1,rice_yield,idn.13.1310,Solok Selatan,2022,0.2,4.13,higher_is_generally_favorable_with_context
sumbar_current_kabkota_hierarchical_trajectory_2018_2025_v1,expected_years_schooling,idn.13.1310,Solok Selatan,2023,0.6,12.8,higher_is_generally_favorable
sumbar_current_kabkota_hierarchical_trajectory_2018_2025_v1,mean_years_schooling,idn.13.1310,Solok Selatan,2023,0.6,8.69,higher_is_generally_favorable
sumbar_current_kabkota_hierarchical_trajectory_2018_2025_v1,labor_force_participation,idn.13.1310,Solok Selatan,2023,0.6,76.52,higher_is_generally_favorable_with_context
sumbar_current_kabkota_hierarchical_trajectory_2018_2025_v1,unemployment_rate,idn.13.1310,Solok Selatan,2023,0.6,2.57,lower_is_generally_favorable
sumbar_current_kabkota_hierarchical_trajectory_2018_2025_v1,poverty_rate,idn.13.1310,Solok Selatan,2023,0.6,6.45,lower_is_generally_favorable
sumbar_current_kabkota_hierarchical_trajectory_2018_2025_v1,real_grdp_growth,idn.13.1310,Solok Selatan,2023,0.6,4.57,higher_rate_is_generally_favorable_but_slope_is_not_structural_acceleration
sumbar_current_kabkota_hierarchical_trajectory_2018_2025_v1,rice_yield,idn.13.1310,Solok Selatan,2023,0.6,4.109000000000001,higher_is_generally_favorable_with_context
sumbar_current_kabkota_hierarchical_trajectory_2018_2025_v1,expected_years_schooling,idn.13.1310,Solok Selatan,2024,1.0,13.07,higher_is_generally_favorable
sumbar_current_kabkota_hierarchical_trajectory_2018_2025_v1,mean_years_schooling,idn.13.1310,Solok Selatan,2024,1.0,8.85,higher_is_generally_favorable
sumbar_current_kabkota_hierarchical_trajectory_2018_2025_v1,labor_force_participation,idn.13.1310,Solok Selatan,2024,1.0,76.69,higher_is_generally_favorable_with_context
sumbar_current_kabkota_hierarchical_trajectory_2018_2025_v1,unemployment_rate,idn.13.1310,Solok Selatan,2024,1.0,2.3,lower_is_generally_favorable
sumbar_current_kabkota_hierarchical_trajectory_2018_2025_v1,poverty_rate,idn.13.1310,Solok Selatan,2024,1.0,6.56,lower_is_generally_favorable
sumbar_current_kabkota_hierarchical_trajectory_2018_2025_v1,real_grdp_growth,idn.13.1310,Solok Selatan,2024,1.0,4.09,higher_rate_is_generally_favorable_but_slope_is_not_structural_acceleration
sumbar_current_kabkota_hierarchical_trajectory_2018_2025_v1,rice_yield,idn.13.1310,Solok Selatan,2024,1.0,3.8310000000000004,higher_is_generally_favorable_with_context
sumbar_current_kabkota_hierarchical_trajectory_2018_2025_v1,expected_years_schooling,idn.13.1310,Solok Selatan,2025,1.4,13.08,higher_is_generally_favorable
sumbar_current_kabkota_hierarchical_trajectory_2018_2025_v1,mean_years_schooling,idn.13.1310,Solok Selatan,2025,1.4,9.2,higher_is_generally_favorable
sumbar_current_kabkota_hierarchical_trajectory_2018_2025_v1,labor_force_participation,idn.13.1310,Solok Selatan,2025,1.4,77.96,higher_is_generally_favorable_with_context
sumbar_current_kabkota_hierarchical_trajectory_2018_2025_v1,unemployment_rate,idn.13.1310,Solok Selatan,2025,1.4,2.13,lower_is_generally_favorable
sumbar_current_kabkota_hierarchical_trajectory_2018_2025_v1,poverty_rate,idn.13.1310,Solok Selatan,2025,1.4,6.0,lower_is_generally_favorable
sumbar_current_kabkota_hierarchical_trajectory_2018_2025_v1,real_grdp_growth,idn.13.1310,Solok Selatan,2025,1.4,3.65,higher_rate_is_generally_favorable_but_slope_is_not_structural_acceleration
sumbar_current_kabkota_hierarchical_trajectory_2018_2025_v1,rice_yield,idn.13.1310,Solok Selatan,2025,1.4,4.274,higher_is_generally_favorable_with_context
sumbar_current_kabkota_hierarchical_trajectory_2018_2025_v1,expected_years_schooling,idn.13.1311,Dharmasraya,2018,-1.4,12.41,higher_is_generally_favorable
sumbar_current_kabkota_hierarchical_trajectory_2018_2025_v1,mean_years_schooling,idn.13.1311,Dharmasraya,2018,-1.4,8.25,higher_is_generally_favorable
sumbar_current_kabkota_hierarchical_trajectory_2018_2025_v1,labor_force_participation,idn.13.1311,Dharmasraya,2018,-1.4,68.56,higher_is_generally_favorable_with_context
sumbar_current_kabkota_hierarchical_trajectory_2018_2025_v1,unemployment_rate,idn.13.1311,Dharmasraya,2018,-1.4,4.02,lower_is_generally_favorable
sumbar_current_kabkota_hierarchical_trajectory_2018_2025_v1,poverty_rate,idn.13.1311,Dharmasraya,2018,-1.4,6.42,lower_is_generally_favorable
sumbar_current_kabkota_hierarchical_trajectory_2018_2025_v1,real_grdp_growth,idn.13.1311,Dharmasraya,2018,-1.4,5.28,higher_rate_is_generally_favorable_but_slope_is_not_structural_acceleration
sumbar_current_kabkota_hierarchical_trajectory_2018_2025_v1,rice_yield,idn.13.1311,Dharmasraya,2018,-1.4,4.32,higher_is_generally_favorable_with_context
sumbar_current_kabkota_hierarchical_trajectory_2018_2025_v1,expected_years_schooling,idn.13.1311,Dharmasraya,2019,-1.0,12.42,higher_is_generally_favorable
sumbar_current_kabkota_hierarchical_trajectory_2018_2025_v1,mean_years_schooling,idn.13.1311,Dharmasraya,2019,-1.0,8.46,higher_is_generally_favorable
sumbar_current_kabkota_hierarchical_trajectory_2018_2025_v1,labor_force_participation,idn.13.1311,Dharmasraya,2019,-1.0,70.49,higher_is_generally_favorable_with_context
sumbar_current_kabkota_hierarchical_trajectory_2018_2025_v1,unemployment_rate,idn.13.1311,Dharmasraya,2019,-1.0,5.06,lower_is_generally_favorable
sumbar_current_kabkota_hierarchical_trajectory_2018_2025_v1,poverty_rate,idn.13.1311,Dharmasraya,2019,-1.0,6.29,lower_is_generally_favorable
sumbar_current_kabkota_hierarchical_trajectory_2018_2025_v1,real_grdp_growth,idn.13.1311,Dharmasraya,2019,-1.0,4.94,higher_rate_is_generally_favorable_but_slope_is_not_structural_acceleration
sumbar_current_kabkota_hierarchical_trajectory_2018_2025_v1,rice_yield,idn.13.1311,Dharmasraya,2019,-1.0,4.6290000000000004,higher_is_generally_favorable_with_context
sumbar_current_kabkota_hierarchical_trajectory_2018_2025_v1,expected_years_schooling,idn.13.1311,Dharmasraya,2020,-0.6,12.43,higher_is_generally_favorable
sumbar_current_kabkota_hierarchical_trajectory_2018_2025_v1,mean_years_schooling,idn.13.1311,Dharmasraya,2020,-0.6,8.47,higher_is_generally_favorable
sumbar_current_kabkota_hierarchical_trajectory_2018_2025_v1,labor_force_participation,idn.13.1311,Dharmasraya,2020,-0.6,72.72,higher_is_generally_favorable_with_context
sumbar_current_kabkota_hierarchical_trajectory_2018_2025_v1,unemployment_rate,idn.13.1311,Dharmasraya,2020,-0.6,5.31,lower_is_generally_favorable
sumbar_current_kabkota_hierarchical_trajectory_2018_2025_v1,poverty_rate,idn.13.1311,Dharmasraya,2020,-0.6,6.23,lower_is_generally_favorable
sumbar_current_kabkota_hierarchical_trajectory_2018_2025_v1,real_grdp_growth,idn.13.1311,Dharmasraya,2020,-0.6,-1.39,higher_rate_is_generally_favorable_but_slope_is_not_structural_acceleration
sumbar_current_kabkota_hierarchical_trajectory_2018_2025_v1,rice_yield,idn.13.1311,Dharmasraya,2020,-0.6,4.4590000000000005,higher_is_generally_favorable_with_context
sumbar_current_kabkota_hierarchical_trajectory_2018_2025_v1,expected_years_schooling,idn.13.1311,Dharmasraya,2021,-0.2,12.44,higher_is_generally_favorable
sumbar_current_kabkota_hierarchical_trajectory_2018_2025_v1,mean_years_schooling,idn.13.1311,Dharmasraya,2021,-0.2,8.55,higher_is_generally_favorable
sumbar_current_kabkota_hierarchical_trajectory_2018_2025_v1,labor_force_participation,idn.13.1311,Dharmasraya,2021,-0.2,73.04,higher_is_generally_favorable_with_context
sumbar_current_kabkota_hierarchical_trajectory_2018_2025_v1,unemployment_rate,idn.13.1311,Dharmasraya,2021,-0.2,5.0,lower_is_generally_favorable
sumbar_current_kabkota_hierarchical_trajectory_2018_2025_v1,poverty_rate,idn.13.1311,Dharmasraya,2021,-0.2,6.67,lower_is_generally_favorable
sumbar_current_kabkota_hierarchical_trajectory_2018_2025_v1,real_grdp_growth,idn.13.1311,Dharmasraya,2021,-0.2,3.4,higher_rate_is_generally_favorable_but_slope_is_not_structural_acceleration
sumbar_current_kabkota_hierarchical_trajectory_2018_2025_v1,rice_yield,idn.13.1311,Dharmasraya,2021,-0.2,4.886,higher_is_generally_favorable_with_context
sumbar_current_kabkota_hierarchical_trajectory_2018_2025_v1,expected_years_schooling,idn.13.1311,Dharmasraya,2022,0.2,12.51,higher_is_generally_favorable
sumbar_current_kabkota_hierarchical_trajectory_2018_2025_v1,mean_years_schooling,idn.13.1311,Dharmasraya,2022,0.2,8.56,higher_is_generally_favorable
sumbar_current_kabkota_hierarchical_trajectory_2018_2025_v1,labor_force_participation,idn.13.1311,Dharmasraya,2022,0.2,71.65,higher_is_generally_favorable_with_context
sumbar_current_kabkota_hierarchical_trajectory_2018_2025_v1,unemployment_rate,idn.13.1311,Dharmasraya,2022,0.2,6.23,lower_is_generally_favorable
sumbar_current_kabkota_hierarchical_trajectory_2018_2025_v1,poverty_rate,idn.13.1311,Dharmasraya,2022,0.2,5.56,lower_is_generally_favorable
sumbar_current_kabkota_hierarchical_trajectory_2018_2025_v1,real_grdp_growth,idn.13.1311,Dharmasraya,2022,0.2,4.27,higher_rate_is_generally_favorable_but_slope_is_not_structural_acceleration
sumbar_current_kabkota_hierarchical_trajectory_2018_2025_v1,rice_yield,idn.13.1311,Dharmasraya,2022,0.2,4.763000000000001,higher_is_generally_favorable_with_context
sumbar_current_kabkota_hierarchical_trajectory_2018_2025_v1,expected_years_schooling,idn.13.1311,Dharmasraya,2023,0.6,12.68,higher_is_generally_favorable
sumbar_current_kabkota_hierarchical_trajectory_2018_2025_v1,mean_years_schooling,idn.13.1311,Dharmasraya,2023,0.6,8.71,higher_is_generally_favorable
sumbar_current_kabkota_hierarchical_trajectory_2018_2025_v1,labor_force_participation,idn.13.1311,Dharmasraya,2023,0.6,73.93,higher_is_generally_favorable_with_context
sumbar_current_kabkota_hierarchical_trajectory_2018_2025_v1,unemployment_rate,idn.13.1311,Dharmasraya,2023,0.6,6.22,lower_is_generally_favorable
sumbar_current_kabkota_hierarchical_trajectory_2018_2025_v1,poverty_rate,idn.13.1311,Dharmasraya,2023,0.6,5.56,lower_is_generally_favorable
sumbar_current_kabkota_hierarchical_trajectory_2018_2025_v1,real_grdp_growth,idn.13.1311,Dharmasraya,2023,0.6,4.35,higher_rate_is_generally_favorable_but_slope_is_not_structural_acceleration
sumbar_current_kabkota_hierarchical_trajectory_2018_2025_v1,rice_yield,idn.13.1311,Dharmasraya,2023,0.6,4.577000000000001,higher_is_generally_favorable_with_context
sumbar_current_kabkota_hierarchical_trajectory_2018_2025_v1,expected_years_schooling,idn.13.1311,Dharmasraya,2024,1.0,12.89,higher_is_generally_favorable
sumbar_current_kabkota_hierarchical_trajectory_2018_2025_v1,mean_years_schooling,idn.13.1311,Dharmasraya,2024,1.0,8.98,higher_is_generally_favorable
sumbar_current_kabkota_hierarchical_trajectory_2018_2025_v1,labor_force_participation,idn.13.1311,Dharmasraya,2024,1.0,74.45,higher_is_generally_favorable_with_context
sumbar_current_kabkota_hierarchical_trajectory_2018_2025_v1,unemployment_rate,idn.13.1311,Dharmasraya,2024,1.0,6.02,lower_is_generally_favorable
sumbar_current_kabkota_hierarchical_trajectory_2018_2025_v1,poverty_rate,idn.13.1311,Dharmasraya,2024,1.0,5.32,lower_is_generally_favorable
sumbar_current_kabkota_hierarchical_trajectory_2018_2025_v1,real_grdp_growth,idn.13.1311,Dharmasraya,2024,1.0,3.86,higher_rate_is_generally_favorable_but_slope_is_not_structural_acceleration
sumbar_current_kabkota_hierarchical_trajectory_2018_2025_v1,rice_yield,idn.13.1311,Dharmasraya,2024,1.0,4.5360000000000005,higher_is_generally_favorable_with_context
sumbar_current_kabkota_hierarchical_trajectory_2018_2025_v1,expected_years_schooling,idn.13.1311,Dharmasraya,2025,1.4,13.02,higher_is_generally_favorable
sumbar_current_kabkota_hierarchical_trajectory_2018_2025_v1,mean_years_schooling,idn.13.1311,Dharmasraya,2025,1.4,9.31,higher_is_generally_favorable
sumbar_current_kabkota_hierarchical_trajectory_2018_2025_v1,labor_force_participation,idn.13.1311,Dharmasraya,2025,1.4,74.56,higher_is_generally_favorable_with_context
sumbar_current_kabkota_hierarchical_trajectory_2018_2025_v1,unemployment_rate,idn.13.1311,Dharmasraya,2025,1.4,5.51,lower_is_generally_favorable
sumbar_current_kabkota_hierarchical_trajectory_2018_2025_v1,poverty_rate,idn.13.1311,Dharmasraya,2025,1.4,4.61,lower_is_generally_favorable
sumbar_current_kabkota_hierarchical_trajectory_2018_2025_v1,real_grdp_growth,idn.13.1311,Dharmasraya,2025,1.4,3.79,higher_rate_is_generally_favorable_but_slope_is_not_structural_acceleration
sumbar_current_kabkota_hierarchical_trajectory_2018_2025_v1,rice_yield,idn.13.1311,Dharmasraya,2025,1.4,4.939,higher_is_generally_favorable_with_context
sumbar_current_kabkota_hierarchical_trajectory_2018_2025_v1,expected_years_schooling,idn.13.1312,Pasaman Barat,2018,-1.4,13.22,higher_is_generally_favorable
sumbar_current_kabkota_hierarchical_trajectory_2018_2025_v1,mean_years_schooling,idn.13.1312,Pasaman Barat,2018,-1.4,7.86,higher_is_generally_favorable
sumbar_current_kabkota_hierarchical_trajectory_2018_2025_v1,labor_force_participation,idn.13.1312,Pasaman Barat,2018,-1.4,66.96,higher_is_generally_favorable_with_context
sumbar_current_kabkota_hierarchical_trajectory_2018_2025_v1,unemployment_rate,idn.13.1312,Pasaman Barat,2018,-1.4,3.36,lower_is_generally_favorable
sumbar_current_kabkota_hierarchical_trajectory_2018_2025_v1,poverty_rate,idn.13.1312,Pasaman Barat,2018,-1.4,7.34,lower_is_generally_favorable
sumbar_current_kabkota_hierarchical_trajectory_2018_2025_v1,real_grdp_growth,idn.13.1312,Pasaman Barat,2018,-1.4,5.21,higher_rate_is_generally_favorable_but_slope_is_not_structural_acceleration
sumbar_current_kabkota_hierarchical_trajectory_2018_2025_v1,rice_yield,idn.13.1312,Pasaman Barat,2018,-1.4,4.9510000000000005,higher_is_generally_favorable_with_context
sumbar_current_kabkota_hierarchical_trajectory_2018_2025_v1,expected_years_schooling,idn.13.1312,Pasaman Barat,2019,-1.0,13.4,higher_is_generally_favorable
sumbar_current_kabkota_hierarchical_trajectory_2018_2025_v1,mean_years_schooling,idn.13.1312,Pasaman Barat,2019,-1.0,8.06,higher_is_generally_favorable
sumbar_current_kabkota_hierarchical_trajectory_2018_2025_v1,labor_force_participation,idn.13.1312,Pasaman Barat,2019,-1.0,65.76,higher_is_generally_favorable_with_context
sumbar_current_kabkota_hierarchical_trajectory_2018_2025_v1,unemployment_rate,idn.13.1312,Pasaman Barat,2019,-1.0,4.74,lower_is_generally_favorable
sumbar_current_kabkota_hierarchical_trajectory_2018_2025_v1,poverty_rate,idn.13.1312,Pasaman Barat,2019,-1.0,7.14,lower_is_generally_favorable
sumbar_current_kabkota_hierarchical_trajectory_2018_2025_v1,real_grdp_growth,idn.13.1312,Pasaman Barat,2019,-1.0,4.45,higher_rate_is_generally_favorable_but_slope_is_not_structural_acceleration
sumbar_current_kabkota_hierarchical_trajectory_2018_2025_v1,rice_yield,idn.13.1312,Pasaman Barat,2019,-1.0,4.57,higher_is_generally_favorable_with_context
sumbar_current_kabkota_hierarchical_trajectory_2018_2025_v1,expected_years_schooling,idn.13.1312,Pasaman Barat,2020,-0.6,13.61,higher_is_generally_favorable
sumbar_current_kabkota_hierarchical_trajectory_2018_2025_v1,mean_years_schooling,idn.13.1312,Pasaman Barat,2020,-0.6,8.19,higher_is_generally_favorable
sumbar_current_kabkota_hierarchical_trajectory_2018_2025_v1,labor_force_participation,idn.13.1312,Pasaman Barat,2020,-0.6,67.47,higher_is_generally_favorable_with_context
sumbar_current_kabkota_hierarchical_trajectory_2018_2025_v1,unemployment_rate,idn.13.1312,Pasaman Barat,2020,-0.6,4.69,lower_is_generally_favorable
sumbar_current_kabkota_hierarchical_trajectory_2018_2025_v1,poverty_rate,idn.13.1312,Pasaman Barat,2020,-0.6,7.04,lower_is_generally_favorable
sumbar_current_kabkota_hierarchical_trajectory_2018_2025_v1,real_grdp_growth,idn.13.1312,Pasaman Barat,2020,-0.6,-1.34,higher_rate_is_generally_favorable_but_slope_is_not_structural_acceleration
sumbar_current_kabkota_hierarchical_trajectory_2018_2025_v1,rice_yield,idn.13.1312,Pasaman Barat,2020,-0.6,4.6979999999999995,higher_is_generally_favorable_with_context
sumbar_current_kabkota_hierarchical_trajectory_2018_2025_v1,expected_years_schooling,idn.13.1312,Pasaman Barat,2021,-0.2,13.68,higher_is_generally_favorable
sumbar_current_kabkota_hierarchical_trajectory_2018_2025_v1,mean_years_schooling,idn.13.1312,Pasaman Barat,2021,-0.2,8.27,higher_is_generally_favorable
sumbar_current_kabkota_hierarchical_trajectory_2018_2025_v1,labor_force_participation,idn.13.1312,Pasaman Barat,2021,-0.2,66.93,higher_is_generally_favorable_with_context
sumbar_current_kabkota_hierarchical_trajectory_2018_2025_v1,unemployment_rate,idn.13.1312,Pasaman Barat,2021,-0.2,5.02,lower_is_generally_favorable
sumbar_current_kabkota_hierarchical_trajectory_2018_2025_v1,poverty_rate,idn.13.1312,Pasaman Barat,2021,-0.2,7.51,lower_is_generally_favorable
sumbar_current_kabkota_hierarchical_trajectory_2018_2025_v1,real_grdp_growth,idn.13.1312,Pasaman Barat,2021,-0.2,3.71,higher_rate_is_generally_favorable_but_slope_is_not_structural_acceleration
sumbar_current_kabkota_hierarchical_trajectory_2018_2025_v1,rice_yield,idn.13.1312,Pasaman Barat,2021,-0.2,4.74,higher_is_generally_favorable_with_context
sumbar_current_kabkota_hierarchical_trajectory_2018_2025_v1,expected_years_schooling,idn.13.1312,Pasaman Barat,2022,0.2,13.69,higher_is_generally_favorable
sumbar_current_kabkota_hierarchical_trajectory_2018_2025_v1,mean_years_schooling,idn.13.1312,Pasaman Barat,2022,0.2,8.55,higher_is_generally_favorable
sumbar_current_kabkota_hierarchical_trajectory_2018_2025_v1,labor_force_participation,idn.13.1312,Pasaman Barat,2022,0.2,63.88,higher_is_generally_favorable_with_context
sumbar_current_kabkota_hierarchical_trajectory_2018_2025_v1,unemployment_rate,idn.13.1312,Pasaman Barat,2022,0.2,6.33,lower_is_generally_favorable
sumbar_current_kabkota_hierarchical_trajectory_2018_2025_v1,poverty_rate,idn.13.1312,Pasaman Barat,2022,0.2,6.93,lower_is_generally_favorable
sumbar_current_kabkota_hierarchical_trajectory_2018_2025_v1,real_grdp_growth,idn.13.1312,Pasaman Barat,2022,0.2,4.13,higher_rate_is_generally_favorable_but_slope_is_not_structural_acceleration
sumbar_current_kabkota_hierarchical_trajectory_2018_2025_v1,rice_yield,idn.13.1312,Pasaman Barat,2022,0.2,5.019,higher_is_generally_favorable_with_context
sumbar_current_kabkota_hierarchical_trajectory_2018_2025_v1,expected_years_schooling,idn.13.1312,Pasaman Barat,2023,0.6,13.7,higher_is_generally_favorable
sumbar_current_kabkota_hierarchical_trajectory_2018_2025_v1,mean_years_schooling,idn.13.1312,Pasaman Barat,2023,0.6,8.81,higher_is_generally_favorable
sumbar_current_kabkota_hierarchical_trajectory_2018_2025_v1,labor_force_participation,idn.13.1312,Pasaman Barat,2023,0.6,66.42,higher_is_generally_favorable_with_context
sumbar_current_kabkota_hierarchical_trajectory_2018_2025_v1,unemployment_rate,idn.13.1312,Pasaman Barat,2023,0.6,6.01,lower_is_generally_favorable
sumbar_current_kabkota_hierarchical_trajectory_2018_2025_v1,poverty_rate,idn.13.1312,Pasaman Barat,2023,0.6,6.92,lower_is_generally_favorable
sumbar_current_kabkota_hierarchical_trajectory_2018_2025_v1,real_grdp_growth,idn.13.1312,Pasaman Barat,2023,0.6,4.33,higher_rate_is_generally_favorable_but_slope_is_not_structural_acceleration
sumbar_current_kabkota_hierarchical_trajectory_2018_2025_v1,rice_yield,idn.13.1312,Pasaman Barat,2023,0.6,4.882000000000001,higher_is_generally_favorable_with_context
sumbar_current_kabkota_hierarchical_trajectory_2018_2025_v1,expected_years_schooling,idn.13.1312,Pasaman Barat,2024,1.0,13.72,higher_is_generally_favorable
sumbar_current_kabkota_hierarchical_trajectory_2018_2025_v1,mean_years_schooling,idn.13.1312,Pasaman Barat,2024,1.0,8.99,higher_is_generally_favorable
sumbar_current_kabkota_hierarchical_trajectory_2018_2025_v1,labor_force_participation,idn.13.1312,Pasaman Barat,2024,1.0,67.08,higher_is_generally_favorable_with_context
sumbar_current_kabkota_hierarchical_trajectory_2018_2025_v1,unemployment_rate,idn.13.1312,Pasaman Barat,2024,1.0,6.34,lower_is_generally_favorable
sumbar_current_kabkota_hierarchical_trajectory_2018_2025_v1,poverty_rate,idn.13.1312,Pasaman Barat,2024,1.0,7.0,lower_is_generally_favorable
sumbar_current_kabkota_hierarchical_trajectory_2018_2025_v1,real_grdp_growth,idn.13.1312,Pasaman Barat,2024,1.0,4.08,higher_rate_is_generally_favorable_but_slope_is_not_structural_acceleration
sumbar_current_kabkota_hierarchical_trajectory_2018_2025_v1,rice_yield,idn.13.1312,Pasaman Barat,2024,1.0,4.647,higher_is_generally_favorable_with_context
sumbar_current_kabkota_hierarchical_trajectory_2018_2025_v1,expected_years_schooling,idn.13.1312,Pasaman Barat,2025,1.4,13.73,higher_is_generally_favorable
sumbar_current_kabkota_hierarchical_trajectory_2018_2025_v1,mean_years_schooling,idn.13.1312,Pasaman Barat,2025,1.4,9.28,higher_is_generally_favorable
sumbar_current_kabkota_hierarchical_trajectory_2018_2025_v1,labor_force_participation,idn.13.1312,Pasaman Barat,2025,1.4,68.06,higher_is_generally_favorable_with_context
sumbar_current_kabkota_hierarchical_trajectory_2018_2025_v1,unemployment_rate,idn.13.1312,Pasaman Barat,2025,1.4,5.95,lower_is_generally_favorable
sumbar_current_kabkota_hierarchical_trajectory_2018_2025_v1,poverty_rate,idn.13.1312,Pasaman Barat,2025,1.4,6.3,lower_is_generally_favorable
sumbar_current_kabkota_hierarchical_trajectory_2018_2025_v1,real_grdp_growth,idn.13.1312,Pasaman Barat,2025,1.4,3.87,higher_rate_is_generally_favorable_but_slope_is_not_structural_acceleration
sumbar_current_kabkota_hierarchical_trajectory_2018_2025_v1,rice_yield,idn.13.1312,Pasaman Barat,2025,1.4,4.422,higher_is_generally_favorable_with_context
sumbar_current_kabkota_hierarchical_trajectory_2018_2025_v1,expected_years_schooling,idn.13.1371,Padang,2018,-1.4,16.5,higher_is_generally_favorable
sumbar_current_kabkota_hierarchical_trajectory_2018_2025_v1,mean_years_schooling,idn.13.1371,Padang,2018,-1.4,11.33,higher_is_generally_favorable
sumbar_current_kabkota_hierarchical_trajectory_2018_2025_v1,labor_force_participation,idn.13.1371,Padang,2018,-1.4,62.78,higher_is_generally_favorable_with_context
sumbar_current_kabkota_hierarchical_trajectory_2018_2025_v1,unemployment_rate,idn.13.1371,Padang,2018,-1.4,9.29,lower_is_generally_favorable
sumbar_current_kabkota_hierarchical_trajectory_2018_2025_v1,poverty_rate,idn.13.1371,Padang,2018,-1.4,4.7,lower_is_generally_favorable
sumbar_current_kabkota_hierarchical_trajectory_2018_2025_v1,real_grdp_growth,idn.13.1371,Padang,2018,-1.4,6.06,higher_rate_is_generally_favorable_but_slope_is_not_structural_acceleration
sumbar_current_kabkota_hierarchical_trajectory_2018_2025_v1,rice_yield,idn.13.1371,Padang,2018,-1.4,4.671,higher_is_generally_favorable_with_context
sumbar_current_kabkota_hierarchical_trajectory_2018_2025_v1,expected_years_schooling,idn.13.1371,Padang,2019,-1.0,16.51,higher_is_generally_favorable
sumbar_current_kabkota_hierarchical_trajectory_2018_2025_v1,mean_years_schooling,idn.13.1371,Padang,2019,-1.0,11.34,higher_is_generally_favorable
sumbar_current_kabkota_hierarchical_trajectory_2018_2025_v1,labor_force_participation,idn.13.1371,Padang,2019,-1.0,61.98,higher_is_generally_favorable_with_context
sumbar_current_kabkota_hierarchical_trajectory_2018_2025_v1,unemployment_rate,idn.13.1371,Padang,2019,-1.0,8.74,lower_is_generally_favorable
sumbar_current_kabkota_hierarchical_trajectory_2018_2025_v1,poverty_rate,idn.13.1371,Padang,2019,-1.0,4.48,lower_is_generally_favorable
sumbar_current_kabkota_hierarchical_trajectory_2018_2025_v1,real_grdp_growth,idn.13.1371,Padang,2019,-1.0,5.64,higher_rate_is_generally_favorable_but_slope_is_not_structural_acceleration
sumbar_current_kabkota_hierarchical_trajectory_2018_2025_v1,rice_yield,idn.13.1371,Padang,2019,-1.0,5.013000000000001,higher_is_generally_favorable_with_context
sumbar_current_kabkota_hierarchical_trajectory_2018_2025_v1,expected_years_schooling,idn.13.1371,Padang,2020,-0.6,16.52,higher_is_generally_favorable
sumbar_current_kabkota_hierarchical_trajectory_2018_2025_v1,mean_years_schooling,idn.13.1371,Padang,2020,-0.6,11.58,higher_is_generally_favorable
sumbar_current_kabkota_hierarchical_trajectory_2018_2025_v1,labor_force_participation,idn.13.1371,Padang,2020,-0.6,64.31,higher_is_generally_favorable_with_context
sumbar_current_kabkota_hierarchical_trajectory_2018_2025_v1,unemployment_rate,idn.13.1371,Padang,2020,-0.6,13.64,lower_is_generally_favorable
sumbar_current_kabkota_hierarchical_trajectory_2018_2025_v1,poverty_rate,idn.13.1371,Padang,2020,-0.6,4.4,lower_is_generally_favorable
sumbar_current_kabkota_hierarchical_trajectory_2018_2025_v1,real_grdp_growth,idn.13.1371,Padang,2020,-0.6,-1.86,higher_rate_is_generally_favorable_but_slope_is_not_structural_acceleration
sumbar_current_kabkota_hierarchical_trajectory_2018_2025_v1,rice_yield,idn.13.1371,Padang,2020,-0.6,4.548,higher_is_generally_favorable_with_context
sumbar_current_kabkota_hierarchical_trajectory_2018_2025_v1,expected_years_schooling,idn.13.1371,Padang,2021,-0.2,16.53,higher_is_generally_favorable
sumbar_current_kabkota_hierarchical_trajectory_2018_2025_v1,mean_years_schooling,idn.13.1371,Padang,2021,-0.2,11.59,higher_is_generally_favorable
sumbar_current_kabkota_hierarchical_trajectory_2018_2025_v1,labor_force_participation,idn.13.1371,Padang,2021,-0.2,63.78,higher_is_generally_favorable_with_context
sumbar_current_kabkota_hierarchical_trajectory_2018_2025_v1,unemployment_rate,idn.13.1371,Padang,2021,-0.2,13.37,lower_is_generally_favorable
sumbar_current_kabkota_hierarchical_trajectory_2018_2025_v1,poverty_rate,idn.13.1371,Padang,2021,-0.2,4.94,lower_is_generally_favorable
sumbar_current_kabkota_hierarchical_trajectory_2018_2025_v1,real_grdp_growth,idn.13.1371,Padang,2021,-0.2,3.65,higher_rate_is_generally_favorable_but_slope_is_not_structural_acceleration
sumbar_current_kabkota_hierarchical_trajectory_2018_2025_v1,rice_yield,idn.13.1371,Padang,2021,-0.2,5.043,higher_is_generally_favorable_with_context
sumbar_current_kabkota_hierarchical_trajectory_2018_2025_v1,expected_years_schooling,idn.13.1371,Padang,2022,0.2,16.54,higher_is_generally_favorable
sumbar_current_kabkota_hierarchical_trajectory_2018_2025_v1,mean_years_schooling,idn.13.1371,Padang,2022,0.2,11.6,higher_is_generally_favorable
sumbar_current_kabkota_hierarchical_trajectory_2018_2025_v1,labor_force_participation,idn.13.1371,Padang,2022,0.2,62.81,higher_is_generally_favorable_with_context
sumbar_current_kabkota_hierarchical_trajectory_2018_2025_v1,unemployment_rate,idn.13.1371,Padang,2022,0.2,11.69,lower_is_generally_favorable
sumbar_current_kabkota_hierarchical_trajectory_2018_2025_v1,poverty_rate,idn.13.1371,Padang,2022,0.2,4.26,lower_is_generally_favorable
sumbar_current_kabkota_hierarchical_trajectory_2018_2025_v1,real_grdp_growth,idn.13.1371,Padang,2022,0.2,4.31,higher_rate_is_generally_favorable_but_slope_is_not_structural_acceleration
sumbar_current_kabkota_hierarchical_trajectory_2018_2025_v1,rice_yield,idn.13.1371,Padang,2022,0.2,5.1080000000000005,higher_is_generally_favorable_with_context
sumbar_current_kabkota_hierarchical_trajectory_2018_2025_v1,expected_years_schooling,idn.13.1371,Padang,2023,0.6,16.56,higher_is_generally_favorable
sumbar_current_kabkota_hierarchical_trajectory_2018_2025_v1,mean_years_schooling,idn.13.1371,Padang,2023,0.6,11.62,higher_is_generally_favorable
sumbar_current_kabkota_hierarchical_trajectory_2018_2025_v1,labor_force_participation,idn.13.1371,Padang,2023,0.6,66.99,higher_is_generally_favorable_with_context
sumbar_current_kabkota_hierarchical_trajectory_2018_2025_v1,unemployment_rate,idn.13.1371,Padang,2023,0.6,10.86,lower_is_generally_favorable
sumbar_current_kabkota_hierarchical_trajectory_2018_2025_v1,poverty_rate,idn.13.1371,Padang,2023,0.6,4.17,lower_is_generally_favorable
sumbar_current_kabkota_hierarchical_trajectory_2018_2025_v1,real_grdp_growth,idn.13.1371,Padang,2023,0.6,4.54,higher_rate_is_generally_favorable_but_slope_is_not_structural_acceleration
sumbar_current_kabkota_hierarchical_trajectory_2018_2025_v1,rice_yield,idn.13.1371,Padang,2023,0.6,5.269,higher_is_generally_favorable_with_context
sumbar_current_kabkota_hierarchical_trajectory_2018_2025_v1,expected_years_schooling,idn.13.1371,Padang,2024,1.0,16.57,higher_is_generally_favorable
sumbar_current_kabkota_hierarchical_trajectory_2018_2025_v1,mean_years_schooling,idn.13.1371,Padang,2024,1.0,11.63,higher_is_generally_favorable
sumbar_current_kabkota_hierarchical_trajectory_2018_2025_v1,labor_force_participation,idn.13.1371,Padang,2024,1.0,67.18,higher_is_generally_favorable_with_context
sumbar_current_kabkota_hierarchical_trajectory_2018_2025_v1,unemployment_rate,idn.13.1371,Padang,2024,1.0,9.88,lower_is_generally_favorable
sumbar_current_kabkota_hierarchical_trajectory_2018_2025_v1,poverty_rate,idn.13.1371,Padang,2024,1.0,4.06,lower_is_generally_favorable
sumbar_current_kabkota_hierarchical_trajectory_2018_2025_v1,real_grdp_growth,idn.13.1371,Padang,2024,1.0,4.65,higher_rate_is_generally_favorable_but_slope_is_not_structural_acceleration
sumbar_current_kabkota_hierarchical_trajectory_2018_2025_v1,rice_yield,idn.13.1371,Padang,2024,1.0,4.861000000000001,higher_is_generally_favorable_with_context
sumbar_current_kabkota_hierarchical_trajectory_2018_2025_v1,expected_years_schooling,idn.13.1371,Padang,2025,1.4,16.58,higher_is_generally_favorable
sumbar_current_kabkota_hierarchical_trajectory_2018_2025_v1,mean_years_schooling,idn.13.1371,Padang,2025,1.4,11.64,higher_is_generally_favorable
sumbar_current_kabkota_hierarchical_trajectory_2018_2025_v1,labor_force_participation,idn.13.1371,Padang,2025,1.4,67.27,higher_is_generally_favorable_with_context
sumbar_current_kabkota_hierarchical_trajectory_2018_2025_v1,unemployment_rate,idn.13.1371,Padang,2025,1.4,9.7,lower_is_generally_favorable
sumbar_current_kabkota_hierarchical_trajectory_2018_2025_v1,poverty_rate,idn.13.1371,Padang,2025,1.4,3.63,lower_is_generally_favorable
sumbar_current_kabkota_hierarchical_trajectory_2018_2025_v1,real_grdp_growth,idn.13.1371,Padang,2025,1.4,3.63,higher_rate_is_generally_favorable_but_slope_is_not_structural_acceleration
sumbar_current_kabkota_hierarchical_trajectory_2018_2025_v1,rice_yield,idn.13.1371,Padang,2025,1.4,5.041,higher_is_generally_favorable_with_context
sumbar_current_kabkota_hierarchical_trajectory_2018_2025_v1,expected_years_schooling,idn.13.1372,Solok,2018,-1.4,14.3,higher_is_generally_favorable
sumbar_current_kabkota_hierarchical_trajectory_2018_2025_v1,mean_years_schooling,idn.13.1372,Solok,2018,-1.4,11.01,higher_is_generally_favorable
sumbar_current_kabkota_hierarchical_trajectory_2018_2025_v1,labor_force_participation,idn.13.1372,Solok,2018,-1.4,64.76,higher_is_generally_favorable_with_context
sumbar_current_kabkota_hierarchical_trajectory_2018_2025_v1,unemployment_rate,idn.13.1372,Solok,2018,-1.4,6.03,lower_is_generally_favorable
sumbar_current_kabkota_hierarchical_trajectory_2018_2025_v1,poverty_rate,idn.13.1372,Solok,2018,-1.4,3.3,lower_is_generally_favorable
sumbar_current_kabkota_hierarchical_trajectory_2018_2025_v1,real_grdp_growth,idn.13.1372,Solok,2018,-1.4,5.65,higher_rate_is_generally_favorable_but_slope_is_not_structural_acceleration
sumbar_current_kabkota_hierarchical_trajectory_2018_2025_v1,rice_yield,idn.13.1372,Solok,2018,-1.4,5.2090000000000005,higher_is_generally_favorable_with_context
sumbar_current_kabkota_hierarchical_trajectory_2018_2025_v1,expected_years_schooling,idn.13.1372,Solok,2019,-1.0,14.31,higher_is_generally_favorable
sumbar_current_kabkota_hierarchical_trajectory_2018_2025_v1,mean_years_schooling,idn.13.1372,Solok,2019,-1.0,11.02,higher_is_generally_favorable
sumbar_current_kabkota_hierarchical_trajectory_2018_2025_v1,labor_force_participation,idn.13.1372,Solok,2019,-1.0,62.51,higher_is_generally_favorable_with_context
sumbar_current_kabkota_hierarchical_trajectory_2018_2025_v1,unemployment_rate,idn.13.1372,Solok,2019,-1.0,7.06,lower_is_generally_favorable
sumbar_current_kabkota_hierarchical_trajectory_2018_2025_v1,poverty_rate,idn.13.1372,Solok,2019,-1.0,3.24,lower_is_generally_favorable
sumbar_current_kabkota_hierarchical_trajectory_2018_2025_v1,real_grdp_growth,idn.13.1372,Solok,2019,-1.0,5.49,higher_rate_is_generally_favorable_but_slope_is_not_structural_acceleration
sumbar_current_kabkota_hierarchical_trajectory_2018_2025_v1,rice_yield,idn.13.1372,Solok,2019,-1.0,5.757000000000001,higher_is_generally_favorable_with_context
sumbar_current_kabkota_hierarchical_trajectory_2018_2025_v1,expected_years_schooling,idn.13.1372,Solok,2020,-0.6,14.32,higher_is_generally_favorable
sumbar_current_kabkota_hierarchical_trajectory_2018_2025_v1,mean_years_schooling,idn.13.1372,Solok,2020,-0.6,11.03,higher_is_generally_favorable
sumbar_current_kabkota_hierarchical_trajectory_2018_2025_v1,labor_force_participation,idn.13.1372,Solok,2020,-0.6,66.77,higher_is_generally_favorable_with_context
sumbar_current_kabkota_hierarchical_trajectory_2018_2025_v1,unemployment_rate,idn.13.1372,Solok,2020,-0.6,8.35,lower_is_generally_favorable
sumbar_current_kabkota_hierarchical_trajectory_2018_2025_v1,poverty_rate,idn.13.1372,Solok,2020,-0.6,2.77,lower_is_generally_favorable
sumbar_current_kabkota_hierarchical_trajectory_2018_2025_v1,real_grdp_growth,idn.13.1372,Solok,2020,-0.6,-1.42,higher_rate_is_generally_favorable_but_slope_is_not_structural_acceleration
sumbar_current_kabkota_hierarchical_trajectory_2018_2025_v1,rice_yield,idn.13.1372,Solok,2020,-0.6,6.4670000000000005,higher_is_generally_favorable_with_context
sumbar_current_kabkota_hierarchical_trajectory_2018_2025_v1,expected_years_schooling,idn.13.1372,Solok,2021,-0.2,14.33,higher_is_generally_favorable
sumbar_current_kabkota_hierarchical_trajectory_2018_2025_v1,mean_years_schooling,idn.13.1372,Solok,2021,-0.2,11.04,higher_is_generally_favorable
sumbar_current_kabkota_hierarchical_trajectory_2018_2025_v1,labor_force_participation,idn.13.1372,Solok,2021,-0.2,66.51,higher_is_generally_favorable_with_context
sumbar_current_kabkota_hierarchical_trajectory_2018_2025_v1,unemployment_rate,idn.13.1372,Solok,2021,-0.2,5.15,lower_is_generally_favorable
sumbar_current_kabkota_hierarchical_trajectory_2018_2025_v1,poverty_rate,idn.13.1372,Solok,2021,-0.2,3.12,lower_is_generally_favorable
sumbar_current_kabkota_hierarchical_trajectory_2018_2025_v1,real_grdp_growth,idn.13.1372,Solok,2021,-0.2,3.55,higher_rate_is_generally_favorable_but_slope_is_not_structural_acceleration
sumbar_current_kabkota_hierarchical_trajectory_2018_2025_v1,rice_yield,idn.13.1372,Solok,2021,-0.2,5.872,higher_is_generally_favorable_with_context
sumbar_current_kabkota_hierarchical_trajectory_2018_2025_v1,expected_years_schooling,idn.13.1372,Solok,2022,0.2,14.34,higher_is_generally_favorable
sumbar_current_kabkota_hierarchical_trajectory_2018_2025_v1,mean_years_schooling,idn.13.1372,Solok,2022,0.2,11.35,higher_is_generally_favorable
sumbar_current_kabkota_hierarchical_trajectory_2018_2025_v1,labor_force_participation,idn.13.1372,Solok,2022,0.2,69.46,higher_is_generally_favorable_with_context
sumbar_current_kabkota_hierarchical_trajectory_2018_2025_v1,unemployment_rate,idn.13.1372,Solok,2022,0.2,3.9,lower_is_generally_favorable
sumbar_current_kabkota_hierarchical_trajectory_2018_2025_v1,poverty_rate,idn.13.1372,Solok,2022,0.2,3.02,lower_is_generally_favorable
sumbar_current_kabkota_hierarchical_trajectory_2018_2025_v1,real_grdp_growth,idn.13.1372,Solok,2022,0.2,4.6,higher_rate_is_generally_favorable_but_slope_is_not_structural_acceleration
sumbar_current_kabkota_hierarchical_trajectory_2018_2025_v1,rice_yield,idn.13.1372,Solok,2022,0.2,6.466,higher_is_generally_favorable_with_context
sumbar_current_kabkota_hierarchical_trajectory_2018_2025_v1,expected_years_schooling,idn.13.1372,Solok,2023,0.6,14.36,higher_is_generally_favorable
sumbar_current_kabkota_hierarchical_trajectory_2018_2025_v1,mean_years_schooling,idn.13.1372,Solok,2023,0.6,11.36,higher_is_generally_favorable
sumbar_current_kabkota_hierarchical_trajectory_2018_2025_v1,labor_force_participation,idn.13.1372,Solok,2023,0.6,70.12,higher_is_generally_favorable_with_context
sumbar_current_kabkota_hierarchical_trajectory_2018_2025_v1,unemployment_rate,idn.13.1372,Solok,2023,0.6,3.72,lower_is_generally_favorable
sumbar_current_kabkota_hierarchical_trajectory_2018_2025_v1,poverty_rate,idn.13.1372,Solok,2023,0.6,3.05,lower_is_generally_favorable
sumbar_current_kabkota_hierarchical_trajectory_2018_2025_v1,real_grdp_growth,idn.13.1372,Solok,2023,0.6,4.81,higher_rate_is_generally_favorable_but_slope_is_not_structural_acceleration
sumbar_current_kabkota_hierarchical_trajectory_2018_2025_v1,rice_yield,idn.13.1372,Solok,2023,0.6,6.299,higher_is_generally_favorable_with_context
sumbar_current_kabkota_hierarchical_trajectory_2018_2025_v1,expected_years_schooling,idn.13.1372,Solok,2024,1.0,14.37,higher_is_generally_favorable
sumbar_current_kabkota_hierarchical_trajectory_2018_2025_v1,mean_years_schooling,idn.13.1372,Solok,2024,1.0,11.37,higher_is_generally_favorable
sumbar_current_kabkota_hierarchical_trajectory_2018_2025_v1,labor_force_participation,idn.13.1372,Solok,2024,1.0,71.16,higher_is_generally_favorable_with_context
sumbar_current_kabkota_hierarchical_trajectory_2018_2025_v1,unemployment_rate,idn.13.1372,Solok,2024,1.0,3.62,lower_is_generally_favorable
sumbar_current_kabkota_hierarchical_trajectory_2018_2025_v1,poverty_rate,idn.13.1372,Solok,2024,1.0,3.07,lower_is_generally_favorable
sumbar_current_kabkota_hierarchical_trajectory_2018_2025_v1,real_grdp_growth,idn.13.1372,Solok,2024,1.0,4.55,higher_rate_is_generally_favorable_but_slope_is_not_structural_acceleration
sumbar_current_kabkota_hierarchical_trajectory_2018_2025_v1,rice_yield,idn.13.1372,Solok,2024,1.0,5.678000000000001,higher_is_generally_favorable_with_context
sumbar_current_kabkota_hierarchical_trajectory_2018_2025_v1,expected_years_schooling,idn.13.1372,Solok,2025,1.4,14.59,higher_is_generally_favorable
sumbar_current_kabkota_hierarchical_trajectory_2018_2025_v1,mean_years_schooling,idn.13.1372,Solok,2025,1.4,11.38,higher_is_generally_favorable
sumbar_current_kabkota_hierarchical_trajectory_2018_2025_v1,labor_force_participation,idn.13.1372,Solok,2025,1.4,70.32,higher_is_generally_favorable_with_context
sumbar_current_kabkota_hierarchical_trajectory_2018_2025_v1,unemployment_rate,idn.13.1372,Solok,2025,1.4,3.87,lower_is_generally_favorable
sumbar_current_kabkota_hierarchical_trajectory_2018_2025_v1,poverty_rate,idn.13.1372,Solok,2025,1.4,2.91,lower_is_generally_favorable
sumbar_current_kabkota_hierarchical_trajectory_2018_2025_v1,real_grdp_growth,idn.13.1372,Solok,2025,1.4,3.61,higher_rate_is_generally_favorable_but_slope_is_not_structural_acceleration
sumbar_current_kabkota_hierarchical_trajectory_2018_2025_v1,rice_yield,idn.13.1372,Solok,2025,1.4,5.828,higher_is_generally_favorable_with_context
sumbar_current_kabkota_hierarchical_trajectory_2018_2025_v1,expected_years_schooling,idn.13.1373,Sawahlunto,2018,-1.4,13.15,higher_is_generally_favorable
sumbar_current_kabkota_hierarchical_trajectory_2018_2025_v1,mean_years_schooling,idn.13.1373,Sawahlunto,2018,-1.4,9.94,higher_is_generally_favorable
sumbar_current_kabkota_hierarchical_trajectory_2018_2025_v1,labor_force_participation,idn.13.1373,Sawahlunto,2018,-1.4,72.88,higher_is_generally_favorable_with_context
sumbar_current_kabkota_hierarchical_trajectory_2018_2025_v1,unemployment_rate,idn.13.1373,Sawahlunto,2018,-1.4,5.92,lower_is_generally_favorable
sumbar_current_kabkota_hierarchical_trajectory_2018_2025_v1,poverty_rate,idn.13.1373,Sawahlunto,2018,-1.4,2.39,lower_is_generally_favorable
sumbar_current_kabkota_hierarchical_trajectory_2018_2025_v1,real_grdp_growth,idn.13.1373,Sawahlunto,2018,-1.4,5.5,higher_rate_is_generally_favorable_but_slope_is_not_structural_acceleration
sumbar_current_kabkota_hierarchical_trajectory_2018_2025_v1,rice_yield,idn.13.1373,Sawahlunto,2018,-1.4,4.766,higher_is_generally_favorable_with_context
sumbar_current_kabkota_hierarchical_trajectory_2018_2025_v1,expected_years_schooling,idn.13.1373,Sawahlunto,2019,-1.0,13.16,higher_is_generally_favorable
sumbar_current_kabkota_hierarchical_trajectory_2018_2025_v1,mean_years_schooling,idn.13.1373,Sawahlunto,2019,-1.0,9.97,higher_is_generally_favorable
sumbar_current_kabkota_hierarchical_trajectory_2018_2025_v1,labor_force_participation,idn.13.1373,Sawahlunto,2019,-1.0,69.83,higher_is_generally_favorable_with_context
sumbar_current_kabkota_hierarchical_trajectory_2018_2025_v1,unemployment_rate,idn.13.1373,Sawahlunto,2019,-1.0,6.84,lower_is_generally_favorable
sumbar_current_kabkota_hierarchical_trajectory_2018_2025_v1,poverty_rate,idn.13.1373,Sawahlunto,2019,-1.0,2.17,lower_is_generally_favorable
sumbar_current_kabkota_hierarchical_trajectory_2018_2025_v1,real_grdp_growth,idn.13.1373,Sawahlunto,2019,-1.0,5.31,higher_rate_is_generally_favorable_but_slope_is_not_structural_acceleration
sumbar_current_kabkota_hierarchical_trajectory_2018_2025_v1,rice_yield,idn.13.1373,Sawahlunto,2019,-1.0,4.699000000000001,higher_is_generally_favorable_with_context
sumbar_current_kabkota_hierarchical_trajectory_2018_2025_v1,expected_years_schooling,idn.13.1373,Sawahlunto,2020,-0.6,13.17,higher_is_generally_favorable
sumbar_current_kabkota_hierarchical_trajectory_2018_2025_v1,mean_years_schooling,idn.13.1373,Sawahlunto,2020,-0.6,10.17,higher_is_generally_favorable
sumbar_current_kabkota_hierarchical_trajectory_2018_2025_v1,labor_force_participation,idn.13.1373,Sawahlunto,2020,-0.6,70.57,higher_is_generally_favorable_with_context
sumbar_current_kabkota_hierarchical_trajectory_2018_2025_v1,unemployment_rate,idn.13.1373,Sawahlunto,2020,-0.6,8.2,lower_is_generally_favorable
sumbar_current_kabkota_hierarchical_trajectory_2018_2025_v1,poverty_rate,idn.13.1373,Sawahlunto,2020,-0.6,2.16,lower_is_generally_favorable
sumbar_current_kabkota_hierarchical_trajectory_2018_2025_v1,real_grdp_growth,idn.13.1373,Sawahlunto,2020,-0.6,-1.27,higher_rate_is_generally_favorable_but_slope_is_not_structural_acceleration
sumbar_current_kabkota_hierarchical_trajectory_2018_2025_v1,rice_yield,idn.13.1373,Sawahlunto,2020,-0.6,4.2909999999999995,higher_is_generally_favorable_with_context
sumbar_current_kabkota_hierarchical_trajectory_2018_2025_v1,expected_years_schooling,idn.13.1373,Sawahlunto,2021,-0.2,13.18,higher_is_generally_favorable
sumbar_current_kabkota_hierarchical_trajectory_2018_2025_v1,mean_years_schooling,idn.13.1373,Sawahlunto,2021,-0.2,10.32,higher_is_generally_favorable
sumbar_current_kabkota_hierarchical_trajectory_2018_2025_v1,labor_force_participation,idn.13.1373,Sawahlunto,2021,-0.2,68.05,higher_is_generally_favorable_with_context
sumbar_current_kabkota_hierarchical_trajectory_2018_2025_v1,unemployment_rate,idn.13.1373,Sawahlunto,2021,-0.2,6.38,lower_is_generally_favorable
sumbar_current_kabkota_hierarchical_trajectory_2018_2025_v1,poverty_rate,idn.13.1373,Sawahlunto,2021,-0.2,2.38,lower_is_generally_favorable
sumbar_current_kabkota_hierarchical_trajectory_2018_2025_v1,real_grdp_growth,idn.13.1373,Sawahlunto,2021,-0.2,2.48,higher_rate_is_generally_favorable_but_slope_is_not_structural_acceleration
sumbar_current_kabkota_hierarchical_trajectory_2018_2025_v1,rice_yield,idn.13.1373,Sawahlunto,2021,-0.2,5.417000000000001,higher_is_generally_favorable_with_context
sumbar_current_kabkota_hierarchical_trajectory_2018_2025_v1,expected_years_schooling,idn.13.1373,Sawahlunto,2022,0.2,13.42,higher_is_generally_favorable
sumbar_current_kabkota_hierarchical_trajectory_2018_2025_v1,mean_years_schooling,idn.13.1373,Sawahlunto,2022,0.2,10.43,higher_is_generally_favorable
sumbar_current_kabkota_hierarchical_trajectory_2018_2025_v1,labor_force_participation,idn.13.1373,Sawahlunto,2022,0.2,70.85,higher_is_generally_favorable_with_context
sumbar_current_kabkota_hierarchical_trajectory_2018_2025_v1,unemployment_rate,idn.13.1373,Sawahlunto,2022,0.2,5.0,lower_is_generally_favorable
sumbar_current_kabkota_hierarchical_trajectory_2018_2025_v1,poverty_rate,idn.13.1373,Sawahlunto,2022,0.2,2.28,lower_is_generally_favorable
sumbar_current_kabkota_hierarchical_trajectory_2018_2025_v1,real_grdp_growth,idn.13.1373,Sawahlunto,2022,0.2,3.96,higher_rate_is_generally_favorable_but_slope_is_not_structural_acceleration
sumbar_current_kabkota_hierarchical_trajectory_2018_2025_v1,rice_yield,idn.13.1373,Sawahlunto,2022,0.2,6.261,higher_is_generally_favorable_with_context
sumbar_current_kabkota_hierarchical_trajectory_2018_2025_v1,expected_years_schooling,idn.13.1373,Sawahlunto,2023,0.6,13.69,higher_is_generally_favorable
sumbar_current_kabkota_hierarchical_trajectory_2018_2025_v1,mean_years_schooling,idn.13.1373,Sawahlunto,2023,0.6,10.44,higher_is_generally_favorable
sumbar_current_kabkota_hierarchical_trajectory_2018_2025_v1,labor_force_participation,idn.13.1373,Sawahlunto,2023,0.6,69.9,higher_is_generally_favorable_with_context
sumbar_current_kabkota_hierarchical_trajectory_2018_2025_v1,unemployment_rate,idn.13.1373,Sawahlunto,2023,0.6,4.98,lower_is_generally_favorable
sumbar_current_kabkota_hierarchical_trajectory_2018_2025_v1,poverty_rate,idn.13.1373,Sawahlunto,2023,0.6,2.27,lower_is_generally_favorable
sumbar_current_kabkota_hierarchical_trajectory_2018_2025_v1,real_grdp_growth,idn.13.1373,Sawahlunto,2023,0.6,4.46,higher_rate_is_generally_favorable_but_slope_is_not_structural_acceleration
sumbar_current_kabkota_hierarchical_trajectory_2018_2025_v1,rice_yield,idn.13.1373,Sawahlunto,2023,0.6,6.329000000000001,higher_is_generally_favorable_with_context
sumbar_current_kabkota_hierarchical_trajectory_2018_2025_v1,expected_years_schooling,idn.13.1373,Sawahlunto,2024,1.0,13.86,higher_is_generally_favorable
sumbar_current_kabkota_hierarchical_trajectory_2018_2025_v1,mean_years_schooling,idn.13.1373,Sawahlunto,2024,1.0,10.53,higher_is_generally_favorable
sumbar_current_kabkota_hierarchical_trajectory_2018_2025_v1,labor_force_participation,idn.13.1373,Sawahlunto,2024,1.0,73.54,higher_is_generally_favorable_with_context
sumbar_current_kabkota_hierarchical_trajectory_2018_2025_v1,unemployment_rate,idn.13.1373,Sawahlunto,2024,1.0,5.55,lower_is_generally_favorable
sumbar_current_kabkota_hierarchical_trajectory_2018_2025_v1,poverty_rate,idn.13.1373,Sawahlunto,2024,1.0,2.33,lower_is_generally_favorable
sumbar_current_kabkota_hierarchical_trajectory_2018_2025_v1,real_grdp_growth,idn.13.1373,Sawahlunto,2024,1.0,4.02,higher_rate_is_generally_favorable_but_slope_is_not_structural_acceleration
sumbar_current_kabkota_hierarchical_trajectory_2018_2025_v1,rice_yield,idn.13.1373,Sawahlunto,2024,1.0,5.455,higher_is_generally_favorable_with_context
sumbar_current_kabkota_hierarchical_trajectory_2018_2025_v1,expected_years_schooling,idn.13.1373,Sawahlunto,2025,1.4,13.89,higher_is_generally_favorable
sumbar_current_kabkota_hierarchical_trajectory_2018_2025_v1,mean_years_schooling,idn.13.1373,Sawahlunto,2025,1.4,10.54,higher_is_generally_favorable
sumbar_current_kabkota_hierarchical_trajectory_2018_2025_v1,labor_force_participation,idn.13.1373,Sawahlunto,2025,1.4,74.02,higher_is_generally_favorable_with_context
sumbar_current_kabkota_hierarchical_trajectory_2018_2025_v1,unemployment_rate,idn.13.1373,Sawahlunto,2025,1.4,4.64,lower_is_generally_favorable
sumbar_current_kabkota_hierarchical_trajectory_2018_2025_v1,poverty_rate,idn.13.1373,Sawahlunto,2025,1.4,2.72,lower_is_generally_favorable
sumbar_current_kabkota_hierarchical_trajectory_2018_2025_v1,real_grdp_growth,idn.13.1373,Sawahlunto,2025,1.4,3.38,higher_rate_is_generally_favorable_but_slope_is_not_structural_acceleration
sumbar_current_kabkota_hierarchical_trajectory_2018_2025_v1,rice_yield,idn.13.1373,Sawahlunto,2025,1.4,5.601,higher_is_generally_favorable_with_context
sumbar_current_kabkota_hierarchical_trajectory_2018_2025_v1,expected_years_schooling,idn.13.1374,Padang Panjang,2018,-1.4,15.04,higher_is_generally_favorable
sumbar_current_kabkota_hierarchical_trajectory_2018_2025_v1,mean_years_schooling,idn.13.1374,Padang Panjang,2018,-1.4,11.44,higher_is_generally_favorable
sumbar_current_kabkota_hierarchical_trajectory_2018_2025_v1,labor_force_participation,idn.13.1374,Padang Panjang,2018,-1.4,66.17,higher_is_generally_favorable_with_context
sumbar_current_kabkota_hierarchical_trajectory_2018_2025_v1,unemployment_rate,idn.13.1374,Padang Panjang,2018,-1.4,5.35,lower_is_generally_favorable
sumbar_current_kabkota_hierarchical_trajectory_2018_2025_v1,poverty_rate,idn.13.1374,Padang Panjang,2018,-1.4,5.88,lower_is_generally_favorable
sumbar_current_kabkota_hierarchical_trajectory_2018_2025_v1,real_grdp_growth,idn.13.1374,Padang Panjang,2018,-1.4,5.71,higher_rate_is_generally_favorable_but_slope_is_not_structural_acceleration
sumbar_current_kabkota_hierarchical_trajectory_2018_2025_v1,rice_yield,idn.13.1374,Padang Panjang,2018,-1.4,4.696000000000001,higher_is_generally_favorable_with_context
sumbar_current_kabkota_hierarchical_trajectory_2018_2025_v1,expected_years_schooling,idn.13.1374,Padang Panjang,2019,-1.0,15.05,higher_is_generally_favorable
sumbar_current_kabkota_hierarchical_trajectory_2018_2025_v1,mean_years_schooling,idn.13.1374,Padang Panjang,2019,-1.0,11.45,higher_is_generally_favorable
sumbar_current_kabkota_hierarchical_trajectory_2018_2025_v1,labor_force_participation,idn.13.1374,Padang Panjang,2019,-1.0,69.05,higher_is_generally_favorable_with_context
sumbar_current_kabkota_hierarchical_trajectory_2018_2025_v1,unemployment_rate,idn.13.1374,Padang Panjang,2019,-1.0,4.38,lower_is_generally_favorable
sumbar_current_kabkota_hierarchical_trajectory_2018_2025_v1,poverty_rate,idn.13.1374,Padang Panjang,2019,-1.0,5.6,lower_is_generally_favorable
sumbar_current_kabkota_hierarchical_trajectory_2018_2025_v1,real_grdp_growth,idn.13.1374,Padang Panjang,2019,-1.0,5.56,higher_rate_is_generally_favorable_but_slope_is_not_structural_acceleration
sumbar_current_kabkota_hierarchical_trajectory_2018_2025_v1,rice_yield,idn.13.1374,Padang Panjang,2019,-1.0,5.509,higher_is_generally_favorable_with_context
sumbar_current_kabkota_hierarchical_trajectory_2018_2025_v1,expected_years_schooling,idn.13.1374,Padang Panjang,2020,-0.6,15.06,higher_is_generally_favorable
sumbar_current_kabkota_hierarchical_trajectory_2018_2025_v1,mean_years_schooling,idn.13.1374,Padang Panjang,2020,-0.6,11.62,higher_is_generally_favorable
sumbar_current_kabkota_hierarchical_trajectory_2018_2025_v1,labor_force_participation,idn.13.1374,Padang Panjang,2020,-0.6,69.81,higher_is_generally_favorable_with_context
sumbar_current_kabkota_hierarchical_trajectory_2018_2025_v1,unemployment_rate,idn.13.1374,Padang Panjang,2020,-0.6,7.22,lower_is_generally_favorable
sumbar_current_kabkota_hierarchical_trajectory_2018_2025_v1,poverty_rate,idn.13.1374,Padang Panjang,2020,-0.6,5.24,lower_is_generally_favorable
sumbar_current_kabkota_hierarchical_trajectory_2018_2025_v1,real_grdp_growth,idn.13.1374,Padang Panjang,2020,-0.6,-1.44,higher_rate_is_generally_favorable_but_slope_is_not_structural_acceleration
sumbar_current_kabkota_hierarchical_trajectory_2018_2025_v1,rice_yield,idn.13.1374,Padang Panjang,2020,-0.6,5.767,higher_is_generally_favorable_with_context
sumbar_current_kabkota_hierarchical_trajectory_2018_2025_v1,expected_years_schooling,idn.13.1374,Padang Panjang,2021,-0.2,15.07,higher_is_generally_favorable
sumbar_current_kabkota_hierarchical_trajectory_2018_2025_v1,mean_years_schooling,idn.13.1374,Padang Panjang,2021,-0.2,11.63,higher_is_generally_favorable
sumbar_current_kabkota_hierarchical_trajectory_2018_2025_v1,labor_force_participation,idn.13.1374,Padang Panjang,2021,-0.2,65.94,higher_is_generally_favorable_with_context
sumbar_current_kabkota_hierarchical_trajectory_2018_2025_v1,unemployment_rate,idn.13.1374,Padang Panjang,2021,-0.2,4.9,lower_is_generally_favorable
sumbar_current_kabkota_hierarchical_trajectory_2018_2025_v1,poverty_rate,idn.13.1374,Padang Panjang,2021,-0.2,5.92,lower_is_generally_favorable
sumbar_current_kabkota_hierarchical_trajectory_2018_2025_v1,real_grdp_growth,idn.13.1374,Padang Panjang,2021,-0.2,3.46,higher_rate_is_generally_favorable_but_slope_is_not_structural_acceleration
sumbar_current_kabkota_hierarchical_trajectory_2018_2025_v1,rice_yield,idn.13.1374,Padang Panjang,2021,-0.2,6.291,higher_is_generally_favorable_with_context
sumbar_current_kabkota_hierarchical_trajectory_2018_2025_v1,expected_years_schooling,idn.13.1374,Padang Panjang,2022,0.2,15.07,higher_is_generally_favorable
sumbar_current_kabkota_hierarchical_trajectory_2018_2025_v1,mean_years_schooling,idn.13.1374,Padang Panjang,2022,0.2,11.92,higher_is_generally_favorable
sumbar_current_kabkota_hierarchical_trajectory_2018_2025_v1,labor_force_participation,idn.13.1374,Padang Panjang,2022,0.2,64.02,higher_is_generally_favorable_with_context
sumbar_current_kabkota_hierarchical_trajectory_2018_2025_v1,unemployment_rate,idn.13.1374,Padang Panjang,2022,0.2,4.84,lower_is_generally_favorable
sumbar_current_kabkota_hierarchical_trajectory_2018_2025_v1,poverty_rate,idn.13.1374,Padang Panjang,2022,0.2,5.14,lower_is_generally_favorable
sumbar_current_kabkota_hierarchical_trajectory_2018_2025_v1,real_grdp_growth,idn.13.1374,Padang Panjang,2022,0.2,4.39,higher_rate_is_generally_favorable_but_slope_is_not_structural_acceleration
sumbar_current_kabkota_hierarchical_trajectory_2018_2025_v1,rice_yield,idn.13.1374,Padang Panjang,2022,0.2,7.001000000000001,higher_is_generally_favorable_with_context
sumbar_current_kabkota_hierarchical_trajectory_2018_2025_v1,expected_years_schooling,idn.13.1374,Padang Panjang,2023,0.6,15.29,higher_is_generally_favorable
sumbar_current_kabkota_hierarchical_trajectory_2018_2025_v1,mean_years_schooling,idn.13.1374,Padang Panjang,2023,0.6,11.94,higher_is_generally_favorable
sumbar_current_kabkota_hierarchical_trajectory_2018_2025_v1,labor_force_participation,idn.13.1374,Padang Panjang,2023,0.6,66.05,higher_is_generally_favorable_with_context
sumbar_current_kabkota_hierarchical_trajectory_2018_2025_v1,unemployment_rate,idn.13.1374,Padang Panjang,2023,0.6,5.49,lower_is_generally_favorable
sumbar_current_kabkota_hierarchical_trajectory_2018_2025_v1,poverty_rate,idn.13.1374,Padang Panjang,2023,0.6,5.24,lower_is_generally_favorable
sumbar_current_kabkota_hierarchical_trajectory_2018_2025_v1,real_grdp_growth,idn.13.1374,Padang Panjang,2023,0.6,4.84,higher_rate_is_generally_favorable_but_slope_is_not_structural_acceleration
sumbar_current_kabkota_hierarchical_trajectory_2018_2025_v1,rice_yield,idn.13.1374,Padang Panjang,2023,0.6,6.397,higher_is_generally_favorable_with_context
sumbar_current_kabkota_hierarchical_trajectory_2018_2025_v1,expected_years_schooling,idn.13.1374,Padang Panjang,2024,1.0,15.47,higher_is_generally_favorable
sumbar_current_kabkota_hierarchical_trajectory_2018_2025_v1,mean_years_schooling,idn.13.1374,Padang Panjang,2024,1.0,12.0,higher_is_generally_favorable
sumbar_current_kabkota_hierarchical_trajectory_2018_2025_v1,labor_force_participation,idn.13.1374,Padang Panjang,2024,1.0,66.33,higher_is_generally_favorable_with_context
sumbar_current_kabkota_hierarchical_trajectory_2018_2025_v1,unemployment_rate,idn.13.1374,Padang Panjang,2024,1.0,4.94,lower_is_generally_favorable
sumbar_current_kabkota_hierarchical_trajectory_2018_2025_v1,poverty_rate,idn.13.1374,Padang Panjang,2024,1.0,5.31,lower_is_generally_favorable
sumbar_current_kabkota_hierarchical_trajectory_2018_2025_v1,real_grdp_growth,idn.13.1374,Padang Panjang,2024,1.0,4.52,higher_rate_is_generally_favorable_but_slope_is_not_structural_acceleration
sumbar_current_kabkota_hierarchical_trajectory_2018_2025_v1,rice_yield,idn.13.1374,Padang Panjang,2024,1.0,5.886,higher_is_generally_favorable_with_context
sumbar_current_kabkota_hierarchical_trajectory_2018_2025_v1,expected_years_schooling,idn.13.1374,Padang Panjang,2025,1.4,15.74,higher_is_generally_favorable
sumbar_current_kabkota_hierarchical_trajectory_2018_2025_v1,mean_years_schooling,idn.13.1374,Padang Panjang,2025,1.4,12.01,higher_is_generally_favorable
sumbar_current_kabkota_hierarchical_trajectory_2018_2025_v1,labor_force_participation,idn.13.1374,Padang Panjang,2025,1.4,69.2,higher_is_generally_favorable_with_context
sumbar_current_kabkota_hierarchical_trajectory_2018_2025_v1,unemployment_rate,idn.13.1374,Padang Panjang,2025,1.4,5.07,lower_is_generally_favorable
sumbar_current_kabkota_hierarchical_trajectory_2018_2025_v1,poverty_rate,idn.13.1374,Padang Panjang,2025,1.4,4.97,lower_is_generally_favorable
sumbar_current_kabkota_hierarchical_trajectory_2018_2025_v1,real_grdp_growth,idn.13.1374,Padang Panjang,2025,1.4,3.61,higher_rate_is_generally_favorable_but_slope_is_not_structural_acceleration
sumbar_current_kabkota_hierarchical_trajectory_2018_2025_v1,rice_yield,idn.13.1374,Padang Panjang,2025,1.4,6.925000000000001,higher_is_generally_favorable_with_context
sumbar_current_kabkota_hierarchical_trajectory_2018_2025_v1,expected_years_schooling,idn.13.1375,Bukittinggi,2018,-1.4,14.95,higher_is_generally_favorable
sumbar_current_kabkota_hierarchical_trajectory_2018_2025_v1,mean_years_schooling,idn.13.1375,Bukittinggi,2018,-1.4,11.31,higher_is_generally_favorable
sumbar_current_kabkota_hierarchical_trajectory_2018_2025_v1,labor_force_participation,idn.13.1375,Bukittinggi,2018,-1.4,69.15,higher_is_generally_favorable_with_context
sumbar_current_kabkota_hierarchical_trajectory_2018_2025_v1,unemployment_rate,idn.13.1375,Bukittinggi,2018,-1.4,7.24,lower_is_generally_favorable
sumbar_current_kabkota_hierarchical_trajectory_2018_2025_v1,poverty_rate,idn.13.1375,Bukittinggi,2018,-1.4,4.92,lower_is_generally_favorable
sumbar_current_kabkota_hierarchical_trajectory_2018_2025_v1,real_grdp_growth,idn.13.1375,Bukittinggi,2018,-1.4,6.0,higher_rate_is_generally_favorable_but_slope_is_not_structural_acceleration
sumbar_current_kabkota_hierarchical_trajectory_2018_2025_v1,rice_yield,idn.13.1375,Bukittinggi,2018,-1.4,5.863,higher_is_generally_favorable_with_context
sumbar_current_kabkota_hierarchical_trajectory_2018_2025_v1,expected_years_schooling,idn.13.1375,Bukittinggi,2019,-1.0,14.96,higher_is_generally_favorable
sumbar_current_kabkota_hierarchical_trajectory_2018_2025_v1,mean_years_schooling,idn.13.1375,Bukittinggi,2019,-1.0,11.32,higher_is_generally_favorable
sumbar_current_kabkota_hierarchical_trajectory_2018_2025_v1,labor_force_participation,idn.13.1375,Bukittinggi,2019,-1.0,65.55,higher_is_generally_favorable_with_context
sumbar_current_kabkota_hierarchical_trajectory_2018_2025_v1,unemployment_rate,idn.13.1375,Bukittinggi,2019,-1.0,6.2,lower_is_generally_favorable
sumbar_current_kabkota_hierarchical_trajectory_2018_2025_v1,poverty_rate,idn.13.1375,Bukittinggi,2019,-1.0,4.6,lower_is_generally_favorable
sumbar_current_kabkota_hierarchical_trajectory_2018_2025_v1,real_grdp_growth,idn.13.1375,Bukittinggi,2019,-1.0,5.84,higher_rate_is_generally_favorable_but_slope_is_not_structural_acceleration
sumbar_current_kabkota_hierarchical_trajectory_2018_2025_v1,rice_yield,idn.13.1375,Bukittinggi,2019,-1.0,6.541,higher_is_generally_favorable_with_context
sumbar_current_kabkota_hierarchical_trajectory_2018_2025_v1,expected_years_schooling,idn.13.1375,Bukittinggi,2020,-0.6,14.97,higher_is_generally_favorable
sumbar_current_kabkota_hierarchical_trajectory_2018_2025_v1,mean_years_schooling,idn.13.1375,Bukittinggi,2020,-0.6,11.33,higher_is_generally_favorable
sumbar_current_kabkota_hierarchical_trajectory_2018_2025_v1,labor_force_participation,idn.13.1375,Bukittinggi,2020,-0.6,69.84,higher_is_generally_favorable_with_context
sumbar_current_kabkota_hierarchical_trajectory_2018_2025_v1,unemployment_rate,idn.13.1375,Bukittinggi,2020,-0.6,7.51,lower_is_generally_favorable
sumbar_current_kabkota_hierarchical_trajectory_2018_2025_v1,poverty_rate,idn.13.1375,Bukittinggi,2020,-0.6,4.54,lower_is_generally_favorable
sumbar_current_kabkota_hierarchical_trajectory_2018_2025_v1,real_grdp_growth,idn.13.1375,Bukittinggi,2020,-0.6,-1.74,higher_rate_is_generally_favorable_but_slope_is_not_structural_acceleration
sumbar_current_kabkota_hierarchical_trajectory_2018_2025_v1,rice_yield,idn.13.1375,Bukittinggi,2020,-0.6,6.091,higher_is_generally_favorable_with_context
sumbar_current_kabkota_hierarchical_trajectory_2018_2025_v1,expected_years_schooling,idn.13.1375,Bukittinggi,2021,-0.2,14.98,higher_is_generally_favorable
sumbar_current_kabkota_hierarchical_trajectory_2018_2025_v1,mean_years_schooling,idn.13.1375,Bukittinggi,2021,-0.2,11.34,higher_is_generally_favorable
sumbar_current_kabkota_hierarchical_trajectory_2018_2025_v1,labor_force_participation,idn.13.1375,Bukittinggi,2021,-0.2,67.42,higher_is_generally_favorable_with_context
sumbar_current_kabkota_hierarchical_trajectory_2018_2025_v1,unemployment_rate,idn.13.1375,Bukittinggi,2021,-0.2,6.09,lower_is_generally_favorable
sumbar_current_kabkota_hierarchical_trajectory_2018_2025_v1,poverty_rate,idn.13.1375,Bukittinggi,2021,-0.2,5.14,lower_is_generally_favorable
sumbar_current_kabkota_hierarchical_trajectory_2018_2025_v1,real_grdp_growth,idn.13.1375,Bukittinggi,2021,-0.2,3.61,higher_rate_is_generally_favorable_but_slope_is_not_structural_acceleration
sumbar_current_kabkota_hierarchical_trajectory_2018_2025_v1,rice_yield,idn.13.1375,Bukittinggi,2021,-0.2,6.9319999999999995,higher_is_generally_favorable_with_context
sumbar_current_kabkota_hierarchical_trajectory_2018_2025_v1,expected_years_schooling,idn.13.1375,Bukittinggi,2022,0.2,14.99,higher_is_generally_favorable
sumbar_current_kabkota_hierarchical_trajectory_2018_2025_v1,mean_years_schooling,idn.13.1375,Bukittinggi,2022,0.2,11.63,higher_is_generally_favorable
sumbar_current_kabkota_hierarchical_trajectory_2018_2025_v1,labor_force_participation,idn.13.1375,Bukittinggi,2022,0.2,64.43,higher_is_generally_favorable_with_context
sumbar_current_kabkota_hierarchical_trajectory_2018_2025_v1,unemployment_rate,idn.13.1375,Bukittinggi,2022,0.2,4.9,lower_is_generally_favorable
sumbar_current_kabkota_hierarchical_trajectory_2018_2025_v1,poverty_rate,idn.13.1375,Bukittinggi,2022,0.2,4.46,lower_is_generally_favorable
sumbar_current_kabkota_hierarchical_trajectory_2018_2025_v1,real_grdp_growth,idn.13.1375,Bukittinggi,2022,0.2,4.67,higher_rate_is_generally_favorable_but_slope_is_not_structural_acceleration
sumbar_current_kabkota_hierarchical_trajectory_2018_2025_v1,rice_yield,idn.13.1375,Bukittinggi,2022,0.2,6.609000000000001,higher_is_generally_favorable_with_context
sumbar_current_kabkota_hierarchical_trajectory_2018_2025_v1,expected_years_schooling,idn.13.1375,Bukittinggi,2023,0.6,15.01,higher_is_generally_favorable
sumbar_current_kabkota_hierarchical_trajectory_2018_2025_v1,mean_years_schooling,idn.13.1375,Bukittinggi,2023,0.6,11.64,higher_is_generally_favorable
sumbar_current_kabkota_hierarchical_trajectory_2018_2025_v1,labor_force_participation,idn.13.1375,Bukittinggi,2023,0.6,70.27,higher_is_generally_favorable_with_context
sumbar_current_kabkota_hierarchical_trajectory_2018_2025_v1,unemployment_rate,idn.13.1375,Bukittinggi,2023,0.6,4.99,lower_is_generally_favorable
sumbar_current_kabkota_hierarchical_trajectory_2018_2025_v1,poverty_rate,idn.13.1375,Bukittinggi,2023,0.6,4.11,lower_is_generally_favorable
sumbar_current_kabkota_hierarchical_trajectory_2018_2025_v1,real_grdp_growth,idn.13.1375,Bukittinggi,2023,0.6,4.79,higher_rate_is_generally_favorable_but_slope_is_not_structural_acceleration
sumbar_current_kabkota_hierarchical_trajectory_2018_2025_v1,rice_yield,idn.13.1375,Bukittinggi,2023,0.6,6.325,higher_is_generally_favorable_with_context
sumbar_current_kabkota_hierarchical_trajectory_2018_2025_v1,expected_years_schooling,idn.13.1375,Bukittinggi,2024,1.0,15.28,higher_is_generally_favorable
sumbar_current_kabkota_hierarchical_trajectory_2018_2025_v1,mean_years_schooling,idn.13.1375,Bukittinggi,2024,1.0,11.65,higher_is_generally_favorable
sumbar_current_kabkota_hierarchical_trajectory_2018_2025_v1,labor_force_participation,idn.13.1375,Bukittinggi,2024,1.0,69.96,higher_is_generally_favorable_with_context
sumbar_current_kabkota_hierarchical_trajectory_2018_2025_v1,unemployment_rate,idn.13.1375,Bukittinggi,2024,1.0,4.72,lower_is_generally_favorable
sumbar_current_kabkota_hierarchical_trajectory_2018_2025_v1,poverty_rate,idn.13.1375,Bukittinggi,2024,1.0,4.08,lower_is_generally_favorable
sumbar_current_kabkota_hierarchical_trajectory_2018_2025_v1,real_grdp_growth,idn.13.1375,Bukittinggi,2024,1.0,4.52,higher_rate_is_generally_favorable_but_slope_is_not_structural_acceleration
sumbar_current_kabkota_hierarchical_trajectory_2018_2025_v1,rice_yield,idn.13.1375,Bukittinggi,2024,1.0,6.311,higher_is_generally_favorable_with_context
sumbar_current_kabkota_hierarchical_trajectory_2018_2025_v1,expected_years_schooling,idn.13.1375,Bukittinggi,2025,1.4,15.29,higher_is_generally_favorable
sumbar_current_kabkota_hierarchical_trajectory_2018_2025_v1,mean_years_schooling,idn.13.1375,Bukittinggi,2025,1.4,11.66,higher_is_generally_favorable
sumbar_current_kabkota_hierarchical_trajectory_2018_2025_v1,labor_force_participation,idn.13.1375,Bukittinggi,2025,1.4,70.32,higher_is_generally_favorable_with_context
sumbar_current_kabkota_hierarchical_trajectory_2018_2025_v1,unemployment_rate,idn.13.1375,Bukittinggi,2025,1.4,4.41,lower_is_generally_favorable
sumbar_current_kabkota_hierarchical_trajectory_2018_2025_v1,poverty_rate,idn.13.1375,Bukittinggi,2025,1.4,3.78,lower_is_generally_favorable
sumbar_current_kabkota_hierarchical_trajectory_2018_2025_v1,real_grdp_growth,idn.13.1375,Bukittinggi,2025,1.4,3.51,higher_rate_is_generally_favorable_but_slope_is_not_structural_acceleration
sumbar_current_kabkota_hierarchical_trajectory_2018_2025_v1,rice_yield,idn.13.1375,Bukittinggi,2025,1.4,6.348,higher_is_generally_favorable_with_context
sumbar_current_kabkota_hierarchical_trajectory_2018_2025_v1,expected_years_schooling,idn.13.1376,Payakumbuh,2018,-1.4,14.24,higher_is_generally_favorable
sumbar_current_kabkota_hierarchical_trajectory_2018_2025_v1,mean_years_schooling,idn.13.1376,Payakumbuh,2018,-1.4,10.46,higher_is_generally_favorable
sumbar_current_kabkota_hierarchical_trajectory_2018_2025_v1,labor_force_participation,idn.13.1376,Payakumbuh,2018,-1.4,70.81,higher_is_generally_favorable_with_context
sumbar_current_kabkota_hierarchical_trajectory_2018_2025_v1,unemployment_rate,idn.13.1376,Payakumbuh,2018,-1.4,3.95,lower_is_generally_favorable
sumbar_current_kabkota_hierarchical_trajectory_2018_2025_v1,poverty_rate,idn.13.1376,Payakumbuh,2018,-1.4,5.77,lower_is_generally_favorable
sumbar_current_kabkota_hierarchical_trajectory_2018_2025_v1,real_grdp_growth,idn.13.1376,Payakumbuh,2018,-1.4,6.02,higher_rate_is_generally_favorable_but_slope_is_not_structural_acceleration
sumbar_current_kabkota_hierarchical_trajectory_2018_2025_v1,rice_yield,idn.13.1376,Payakumbuh,2018,-1.4,4.7,higher_is_generally_favorable_with_context
sumbar_current_kabkota_hierarchical_trajectory_2018_2025_v1,expected_years_schooling,idn.13.1376,Payakumbuh,2019,-1.0,14.25,higher_is_generally_favorable
sumbar_current_kabkota_hierarchical_trajectory_2018_2025_v1,mean_years_schooling,idn.13.1376,Payakumbuh,2019,-1.0,10.72,higher_is_generally_favorable
sumbar_current_kabkota_hierarchical_trajectory_2018_2025_v1,labor_force_participation,idn.13.1376,Payakumbuh,2019,-1.0,68.76,higher_is_generally_favorable_with_context
sumbar_current_kabkota_hierarchical_trajectory_2018_2025_v1,unemployment_rate,idn.13.1376,Payakumbuh,2019,-1.0,4.13,lower_is_generally_favorable
sumbar_current_kabkota_hierarchical_trajectory_2018_2025_v1,poverty_rate,idn.13.1376,Payakumbuh,2019,-1.0,5.68,lower_is_generally_favorable
sumbar_current_kabkota_hierarchical_trajectory_2018_2025_v1,real_grdp_growth,idn.13.1376,Payakumbuh,2019,-1.0,5.89,higher_rate_is_generally_favorable_but_slope_is_not_structural_acceleration
sumbar_current_kabkota_hierarchical_trajectory_2018_2025_v1,rice_yield,idn.13.1376,Payakumbuh,2019,-1.0,4.557,higher_is_generally_favorable_with_context
sumbar_current_kabkota_hierarchical_trajectory_2018_2025_v1,expected_years_schooling,idn.13.1376,Payakumbuh,2020,-0.6,14.26,higher_is_generally_favorable
sumbar_current_kabkota_hierarchical_trajectory_2018_2025_v1,mean_years_schooling,idn.13.1376,Payakumbuh,2020,-0.6,10.73,higher_is_generally_favorable
sumbar_current_kabkota_hierarchical_trajectory_2018_2025_v1,labor_force_participation,idn.13.1376,Payakumbuh,2020,-0.6,68.68,higher_is_generally_favorable_with_context
sumbar_current_kabkota_hierarchical_trajectory_2018_2025_v1,unemployment_rate,idn.13.1376,Payakumbuh,2020,-0.6,6.68,lower_is_generally_favorable
sumbar_current_kabkota_hierarchical_trajectory_2018_2025_v1,poverty_rate,idn.13.1376,Payakumbuh,2020,-0.6,5.65,lower_is_generally_favorable
sumbar_current_kabkota_hierarchical_trajectory_2018_2025_v1,real_grdp_growth,idn.13.1376,Payakumbuh,2020,-0.6,-1.65,higher_rate_is_generally_favorable_but_slope_is_not_structural_acceleration
sumbar_current_kabkota_hierarchical_trajectory_2018_2025_v1,rice_yield,idn.13.1376,Payakumbuh,2020,-0.6,4.916,higher_is_generally_favorable_with_context
sumbar_current_kabkota_hierarchical_trajectory_2018_2025_v1,expected_years_schooling,idn.13.1376,Payakumbuh,2021,-0.2,14.27,higher_is_generally_favorable
sumbar_current_kabkota_hierarchical_trajectory_2018_2025_v1,mean_years_schooling,idn.13.1376,Payakumbuh,2021,-0.2,10.81,higher_is_generally_favorable
sumbar_current_kabkota_hierarchical_trajectory_2018_2025_v1,labor_force_participation,idn.13.1376,Payakumbuh,2021,-0.2,71.73,higher_is_generally_favorable_with_context
sumbar_current_kabkota_hierarchical_trajectory_2018_2025_v1,unemployment_rate,idn.13.1376,Payakumbuh,2021,-0.2,6.47,lower_is_generally_favorable
sumbar_current_kabkota_hierarchical_trajectory_2018_2025_v1,poverty_rate,idn.13.1376,Payakumbuh,2021,-0.2,6.16,lower_is_generally_favorable
sumbar_current_kabkota_hierarchical_trajectory_2018_2025_v1,real_grdp_growth,idn.13.1376,Payakumbuh,2021,-0.2,3.58,higher_rate_is_generally_favorable_but_slope_is_not_structural_acceleration
sumbar_current_kabkota_hierarchical_trajectory_2018_2025_v1,rice_yield,idn.13.1376,Payakumbuh,2021,-0.2,5.002000000000001,higher_is_generally_favorable_with_context
sumbar_current_kabkota_hierarchical_trajectory_2018_2025_v1,expected_years_schooling,idn.13.1376,Payakumbuh,2022,0.2,14.29,higher_is_generally_favorable
sumbar_current_kabkota_hierarchical_trajectory_2018_2025_v1,mean_years_schooling,idn.13.1376,Payakumbuh,2022,0.2,10.82,higher_is_generally_favorable
sumbar_current_kabkota_hierarchical_trajectory_2018_2025_v1,labor_force_participation,idn.13.1376,Payakumbuh,2022,0.2,70.06,higher_is_generally_favorable_with_context
sumbar_current_kabkota_hierarchical_trajectory_2018_2025_v1,unemployment_rate,idn.13.1376,Payakumbuh,2022,0.2,5.16,lower_is_generally_favorable
sumbar_current_kabkota_hierarchical_trajectory_2018_2025_v1,poverty_rate,idn.13.1376,Payakumbuh,2022,0.2,5.66,lower_is_generally_favorable
sumbar_current_kabkota_hierarchical_trajectory_2018_2025_v1,real_grdp_growth,idn.13.1376,Payakumbuh,2022,0.2,4.51,higher_rate_is_generally_favorable_but_slope_is_not_structural_acceleration
sumbar_current_kabkota_hierarchical_trajectory_2018_2025_v1,rice_yield,idn.13.1376,Payakumbuh,2022,0.2,5.4990000000000006,higher_is_generally_favorable_with_context
sumbar_current_kabkota_hierarchical_trajectory_2018_2025_v1,expected_years_schooling,idn.13.1376,Payakumbuh,2023,0.6,14.3,higher_is_generally_favorable
sumbar_current_kabkota_hierarchical_trajectory_2018_2025_v1,mean_years_schooling,idn.13.1376,Payakumbuh,2023,0.6,10.88,higher_is_generally_favorable
sumbar_current_kabkota_hierarchical_trajectory_2018_2025_v1,labor_force_participation,idn.13.1376,Payakumbuh,2023,0.6,71.86,higher_is_generally_favorable_with_context
sumbar_current_kabkota_hierarchical_trajectory_2018_2025_v1,unemployment_rate,idn.13.1376,Payakumbuh,2023,0.6,4.84,lower_is_generally_favorable
sumbar_current_kabkota_hierarchical_trajectory_2018_2025_v1,poverty_rate,idn.13.1376,Payakumbuh,2023,0.6,5.44,lower_is_generally_favorable
sumbar_current_kabkota_hierarchical_trajectory_2018_2025_v1,real_grdp_growth,idn.13.1376,Payakumbuh,2023,0.6,4.7,higher_rate_is_generally_favorable_but_slope_is_not_structural_acceleration
sumbar_current_kabkota_hierarchical_trajectory_2018_2025_v1,rice_yield,idn.13.1376,Payakumbuh,2023,0.6,5.231000000000001,higher_is_generally_favorable_with_context
sumbar_current_kabkota_hierarchical_trajectory_2018_2025_v1,expected_years_schooling,idn.13.1376,Payakumbuh,2024,1.0,14.57,higher_is_generally_favorable
sumbar_current_kabkota_hierarchical_trajectory_2018_2025_v1,mean_years_schooling,idn.13.1376,Payakumbuh,2024,1.0,10.89,higher_is_generally_favorable
sumbar_current_kabkota_hierarchical_trajectory_2018_2025_v1,labor_force_participation,idn.13.1376,Payakumbuh,2024,1.0,70.53,higher_is_generally_favorable_with_context
sumbar_current_kabkota_hierarchical_trajectory_2018_2025_v1,unemployment_rate,idn.13.1376,Payakumbuh,2024,1.0,4.87,lower_is_generally_favorable
sumbar_current_kabkota_hierarchical_trajectory_2018_2025_v1,poverty_rate,idn.13.1376,Payakumbuh,2024,1.0,5.19,lower_is_generally_favorable
sumbar_current_kabkota_hierarchical_trajectory_2018_2025_v1,real_grdp_growth,idn.13.1376,Payakumbuh,2024,1.0,4.53,higher_rate_is_generally_favorable_but_slope_is_not_structural_acceleration
sumbar_current_kabkota_hierarchical_trajectory_2018_2025_v1,rice_yield,idn.13.1376,Payakumbuh,2024,1.0,4.757000000000001,higher_is_generally_favorable_with_context
sumbar_current_kabkota_hierarchical_trajectory_2018_2025_v1,expected_years_schooling,idn.13.1376,Payakumbuh,2025,1.4,14.79,higher_is_generally_favorable
sumbar_current_kabkota_hierarchical_trajectory_2018_2025_v1,mean_years_schooling,idn.13.1376,Payakumbuh,2025,1.4,11.08,higher_is_generally_favorable
sumbar_current_kabkota_hierarchical_trajectory_2018_2025_v1,labor_force_participation,idn.13.1376,Payakumbuh,2025,1.4,71.93,higher_is_generally_favorable_with_context
sumbar_current_kabkota_hierarchical_trajectory_2018_2025_v1,unemployment_rate,idn.13.1376,Payakumbuh,2025,1.4,4.96,lower_is_generally_favorable
sumbar_current_kabkota_hierarchical_trajectory_2018_2025_v1,poverty_rate,idn.13.1376,Payakumbuh,2025,1.4,4.95,lower_is_generally_favorable
sumbar_current_kabkota_hierarchical_trajectory_2018_2025_v1,real_grdp_growth,idn.13.1376,Payakumbuh,2025,1.4,3.55,higher_rate_is_generally_favorable_but_slope_is_not_structural_acceleration
sumbar_current_kabkota_hierarchical_trajectory_2018_2025_v1,rice_yield,idn.13.1376,Payakumbuh,2025,1.4,4.884,higher_is_generally_favorable_with_context
sumbar_current_kabkota_hierarchical_trajectory_2018_2025_v1,expected_years_schooling,idn.13.1377,Pariaman,2018,-1.4,14.52,higher_is_generally_favorable
sumbar_current_kabkota_hierarchical_trajectory_2018_2025_v1,mean_years_schooling,idn.13.1377,Pariaman,2018,-1.4,10.36,higher_is_generally_favorable
sumbar_current_kabkota_hierarchical_trajectory_2018_2025_v1,labor_force_participation,idn.13.1377,Pariaman,2018,-1.4,67.0,higher_is_generally_favorable_with_context
sumbar_current_kabkota_hierarchical_trajectory_2018_2025_v1,unemployment_rate,idn.13.1377,Pariaman,2018,-1.4,5.82,lower_is_generally_favorable
sumbar_current_kabkota_hierarchical_trajectory_2018_2025_v1,poverty_rate,idn.13.1377,Pariaman,2018,-1.4,5.03,lower_is_generally_favorable
sumbar_current_kabkota_hierarchical_trajectory_2018_2025_v1,real_grdp_growth,idn.13.1377,Pariaman,2018,-1.4,5.47,higher_rate_is_generally_favorable_but_slope_is_not_structural_acceleration
sumbar_current_kabkota_hierarchical_trajectory_2018_2025_v1,rice_yield,idn.13.1377,Pariaman,2018,-1.4,4.95,higher_is_generally_favorable_with_context
sumbar_current_kabkota_hierarchical_trajectory_2018_2025_v1,expected_years_schooling,idn.13.1377,Pariaman,2019,-1.0,14.53,higher_is_generally_favorable
sumbar_current_kabkota_hierarchical_trajectory_2018_2025_v1,mean_years_schooling,idn.13.1377,Pariaman,2019,-1.0,10.37,higher_is_generally_favorable
sumbar_current_kabkota_hierarchical_trajectory_2018_2025_v1,labor_force_participation,idn.13.1377,Pariaman,2019,-1.0,69.36,higher_is_generally_favorable_with_context
sumbar_current_kabkota_hierarchical_trajectory_2018_2025_v1,unemployment_rate,idn.13.1377,Pariaman,2019,-1.0,5.48,lower_is_generally_favorable
sumbar_current_kabkota_hierarchical_trajectory_2018_2025_v1,poverty_rate,idn.13.1377,Pariaman,2019,-1.0,4.76,lower_is_generally_favorable
sumbar_current_kabkota_hierarchical_trajectory_2018_2025_v1,real_grdp_growth,idn.13.1377,Pariaman,2019,-1.0,5.3,higher_rate_is_generally_favorable_but_slope_is_not_structural_acceleration
sumbar_current_kabkota_hierarchical_trajectory_2018_2025_v1,rice_yield,idn.13.1377,Pariaman,2019,-1.0,5.6450000000000005,higher_is_generally_favorable_with_context
sumbar_current_kabkota_hierarchical_trajectory_2018_2025_v1,expected_years_schooling,idn.13.1377,Pariaman,2020,-0.6,14.54,higher_is_generally_favorable
sumbar_current_kabkota_hierarchical_trajectory_2018_2025_v1,mean_years_schooling,idn.13.1377,Pariaman,2020,-0.6,10.59,higher_is_generally_favorable
sumbar_current_kabkota_hierarchical_trajectory_2018_2025_v1,labor_force_participation,idn.13.1377,Pariaman,2020,-0.6,64.16,higher_is_generally_favorable_with_context
sumbar_current_kabkota_hierarchical_trajectory_2018_2025_v1,unemployment_rate,idn.13.1377,Pariaman,2020,-0.6,5.73,lower_is_generally_favorable
sumbar_current_kabkota_hierarchical_trajectory_2018_2025_v1,poverty_rate,idn.13.1377,Pariaman,2020,-0.6,4.1,lower_is_generally_favorable
sumbar_current_kabkota_hierarchical_trajectory_2018_2025_v1,real_grdp_growth,idn.13.1377,Pariaman,2020,-0.6,-1.32,higher_rate_is_generally_favorable_but_slope_is_not_structural_acceleration
sumbar_current_kabkota_hierarchical_trajectory_2018_2025_v1,rice_yield,idn.13.1377,Pariaman,2020,-0.6,4.905,higher_is_generally_favorable_with_context
sumbar_current_kabkota_hierarchical_trajectory_2018_2025_v1,expected_years_schooling,idn.13.1377,Pariaman,2021,-0.2,14.55,higher_is_generally_favorable
sumbar_current_kabkota_hierarchical_trajectory_2018_2025_v1,mean_years_schooling,idn.13.1377,Pariaman,2021,-0.2,10.67,higher_is_generally_favorable
sumbar_current_kabkota_hierarchical_trajectory_2018_2025_v1,labor_force_participation,idn.13.1377,Pariaman,2021,-0.2,62.7,higher_is_generally_favorable_with_context
sumbar_current_kabkota_hierarchical_trajectory_2018_2025_v1,unemployment_rate,idn.13.1377,Pariaman,2021,-0.2,6.09,lower_is_generally_favorable
sumbar_current_kabkota_hierarchical_trajectory_2018_2025_v1,poverty_rate,idn.13.1377,Pariaman,2021,-0.2,4.38,lower_is_generally_favorable
sumbar_current_kabkota_hierarchical_trajectory_2018_2025_v1,real_grdp_growth,idn.13.1377,Pariaman,2021,-0.2,3.51,higher_rate_is_generally_favorable_but_slope_is_not_structural_acceleration
sumbar_current_kabkota_hierarchical_trajectory_2018_2025_v1,rice_yield,idn.13.1377,Pariaman,2021,-0.2,4.711,higher_is_generally_favorable_with_context
sumbar_current_kabkota_hierarchical_trajectory_2018_2025_v1,expected_years_schooling,idn.13.1377,Pariaman,2022,0.2,14.61,higher_is_generally_favorable
sumbar_current_kabkota_hierarchical_trajectory_2018_2025_v1,mean_years_schooling,idn.13.1377,Pariaman,2022,0.2,10.78,higher_is_generally_favorable
sumbar_current_kabkota_hierarchical_trajectory_2018_2025_v1,labor_force_participation,idn.13.1377,Pariaman,2022,0.2,67.76,higher_is_generally_favorable_with_context
sumbar_current_kabkota_hierarchical_trajectory_2018_2025_v1,unemployment_rate,idn.13.1377,Pariaman,2022,0.2,5.19,lower_is_generally_favorable
sumbar_current_kabkota_hierarchical_trajectory_2018_2025_v1,poverty_rate,idn.13.1377,Pariaman,2022,0.2,4.13,lower_is_generally_favorable
sumbar_current_kabkota_hierarchical_trajectory_2018_2025_v1,real_grdp_growth,idn.13.1377,Pariaman,2022,0.2,4.53,higher_rate_is_generally_favorable_but_slope_is_not_structural_acceleration
sumbar_current_kabkota_hierarchical_trajectory_2018_2025_v1,rice_yield,idn.13.1377,Pariaman,2022,0.2,5.1930000000000005,higher_is_generally_favorable_with_context
sumbar_current_kabkota_hierarchical_trajectory_2018_2025_v1,expected_years_schooling,idn.13.1377,Pariaman,2023,0.6,14.79,higher_is_generally_favorable
sumbar_current_kabkota_hierarchical_trajectory_2018_2025_v1,mean_years_schooling,idn.13.1377,Pariaman,2023,0.6,10.79,higher_is_generally_favorable
sumbar_current_kabkota_hierarchical_trajectory_2018_2025_v1,labor_force_participation,idn.13.1377,Pariaman,2023,0.6,71.23,higher_is_generally_favorable_with_context
sumbar_current_kabkota_hierarchical_trajectory_2018_2025_v1,unemployment_rate,idn.13.1377,Pariaman,2023,0.6,5.68,lower_is_generally_favorable
sumbar_current_kabkota_hierarchical_trajectory_2018_2025_v1,poverty_rate,idn.13.1377,Pariaman,2023,0.6,4.2,lower_is_generally_favorable
sumbar_current_kabkota_hierarchical_trajectory_2018_2025_v1,real_grdp_growth,idn.13.1377,Pariaman,2023,0.6,4.79,higher_rate_is_generally_favorable_but_slope_is_not_structural_acceleration
sumbar_current_kabkota_hierarchical_trajectory_2018_2025_v1,rice_yield,idn.13.1377,Pariaman,2023,0.6,4.894,higher_is_generally_favorable_with_context
sumbar_current_kabkota_hierarchical_trajectory_2018_2025_v1,expected_years_schooling,idn.13.1377,Pariaman,2024,1.0,14.8,higher_is_generally_favorable
sumbar_current_kabkota_hierarchical_trajectory_2018_2025_v1,mean_years_schooling,idn.13.1377,Pariaman,2024,1.0,11.06,higher_is_generally_favorable
sumbar_current_kabkota_hierarchical_trajectory_2018_2025_v1,labor_force_participation,idn.13.1377,Pariaman,2024,1.0,69.92,higher_is_generally_favorable_with_context
sumbar_current_kabkota_hierarchical_trajectory_2018_2025_v1,unemployment_rate,idn.13.1377,Pariaman,2024,1.0,5.32,lower_is_generally_favorable
sumbar_current_kabkota_hierarchical_trajectory_2018_2025_v1,poverty_rate,idn.13.1377,Pariaman,2024,1.0,4.26,lower_is_generally_favorable
sumbar_current_kabkota_hierarchical_trajectory_2018_2025_v1,real_grdp_growth,idn.13.1377,Pariaman,2024,1.0,4.51,higher_rate_is_generally_favorable_but_slope_is_not_structural_acceleration
sumbar_current_kabkota_hierarchical_trajectory_2018_2025_v1,rice_yield,idn.13.1377,Pariaman,2024,1.0,4.889,higher_is_generally_favorable_with_context
sumbar_current_kabkota_hierarchical_trajectory_2018_2025_v1,expected_years_schooling,idn.13.1377,Pariaman,2025,1.4,14.81,higher_is_generally_favorable
sumbar_current_kabkota_hierarchical_trajectory_2018_2025_v1,mean_years_schooling,idn.13.1377,Pariaman,2025,1.4,11.32,higher_is_generally_favorable
sumbar_current_kabkota_hierarchical_trajectory_2018_2025_v1,labor_force_participation,idn.13.1377,Pariaman,2025,1.4,72.96,higher_is_generally_favorable_with_context
sumbar_current_kabkota_hierarchical_trajectory_2018_2025_v1,unemployment_rate,idn.13.1377,Pariaman,2025,1.4,5.16,lower_is_generally_favorable
sumbar_current_kabkota_hierarchical_trajectory_2018_2025_v1,poverty_rate,idn.13.1377,Pariaman,2025,1.4,3.83,lower_is_generally_favorable
sumbar_current_kabkota_hierarchical_trajectory_2018_2025_v1,real_grdp_growth,idn.13.1377,Pariaman,2025,1.4,3.46,higher_rate_is_generally_favorable_but_slope_is_not_structural_acceleration
sumbar_current_kabkota_hierarchical_trajectory_2018_2025_v1,rice_yield,idn.13.1377,Pariaman,2025,1.4,4.384,higher_is_generally_favorable_with_context
