observation_id,indicator_id,geography_id,time_start,time_end,frequency,value_numeric,unit,claim_type,provenance_id,suppressed,comparable,methodology_version,price_basis,notes
bpsexpobs_00818426086e9f82615cbc7f,agriculture_share_grdp,idn.13,2022-01-01,2022-12-31,annual,21.20346899748003,percent,derived,bpsexpprov_f01604e079fcaf5cd29dcab5,false,true,GRDP series 2010 ADHB,current_prices_series_2010,"qualification_id=q_sector_share_adhb2010; source_universe=Regional gross value added by BPS industry classification; source_geography=turvar:483:Sumatera Barat; geography_mapping=qualified_source_aggregate_alias; source_selector=vervar:100:A. Pertanian, Kehutanan dan Perikanan|turvar:483:Sumatera Barat; transform=share_percent; source_denominator=285376460.98; quality_rule=derive only within same source variable geography and year; require positive total PDRB and share within 0-100"
bpsexpobs_00afbbd5e49aeee280c3d6fe,agriculture_share_grdp,idn.13.1309,2020-01-01,2020-12-31,annual,47.95768822327713,percent,derived,bpsexpprov_de78525e2bbb6ca424c54f66,false,true,GRDP series 2010 ADHB,current_prices_series_2010,"qualification_id=q_sector_share_adhb2010; source_universe=Regional gross value added by BPS industry classification; source_geography=turvar:472:Kabupaten Pasaman; geography_mapping=qualified_source_dimension_alias; source_selector=vervar:100:A. Pertanian, Kehutanan dan Perikanan|turvar:472:Kabupaten Pasaman; transform=share_percent; source_denominator=8969724.02; quality_rule=derive only within same source variable geography and year; require positive total PDRB and share within 0-100"
bpsexpobs_010f50b7be7f7bec64ec5b8e,agriculture_share_grdp,idn.13.1302,2020-01-01,2020-12-31,annual,37.761041294842805,percent,derived,bpsexpprov_de78525e2bbb6ca424c54f66,false,true,GRDP series 2010 ADHB,current_prices_series_2010,"qualification_id=q_sector_share_adhb2010; source_universe=Regional gross value added by BPS industry classification; source_geography=turvar:465:Kabupaten Pesisir Selatan; geography_mapping=qualified_source_dimension_alias; source_selector=vervar:100:A. Pertanian, Kehutanan dan Perikanan|turvar:465:Kabupaten Pesisir Selatan; transform=share_percent; source_denominator=14095977.62; quality_rule=derive only within same source variable geography and year; require positive total PDRB and share within 0-100"
bpsexpobs_015893648c4fac1365c3244f,rice_yield,idn.13.1310,2018-01-01,2018-12-31,annual,4.2490000000000006,tonnes_per_hectare,derived,bpsexpprov_94477055811325289e147e4f,false,true,KSA,,qualification_id=q_rice_yield_ksa; source_universe=Rice harvested area and production under BPS KSA methodology; source_geography=vervar:1310:Kab. Solok Selatan; geography_mapping=qualified_current_code; source_selector=vervar:1310:Kab. Solok Selatan|turvar:244:Produktivitas (Kuintal/Hektar); transform=quintal_per_hectare_to_tonnes_per_hectare; quality_rule=convert productivity from quintal per hectare to tonnes per hectare by exact factor 0.1; retain KSA revision notes and 2025 Kota Pariaman LBS caveat
bpsexpobs_02315058daa72acb3c647c13,underemployment_rate,idn.13.1375,2024-08-01,2024-08-31,annual,4.71,percent,observed,bpsexpprov_46b601c94fb495d28c921a1c,false,,August Sakernas,,qualification_id=q_underemployment_august; source_universe=Employed persons meeting BPS underemployment criteria; source_geography=vervar:1375:Kota Bukittinggi; geography_mapping=qualified_current_code; source_selector=vervar:1375:Kota Bukittinggi|turvar:1081:Setengah Pengangguran; transform=identity; quality_rule=retain source weighting-regime notes and leave cross-regime comparability unresolved
bpsexpobs_026e76c36aac99ceefe589c9,agriculture_share_grdp,idn.13.1304,2022-01-01,2022-12-31,annual,26.796560541813847,percent,derived,bpsexpprov_f01604e079fcaf5cd29dcab5,false,true,GRDP series 2010 ADHB,current_prices_series_2010,"qualification_id=q_sector_share_adhb2010; source_universe=Regional gross value added by BPS industry classification; source_geography=turvar:467:Kabupaten Sijunjung; geography_mapping=qualified_source_dimension_alias; source_selector=vervar:100:A. Pertanian, Kehutanan dan Perikanan|turvar:467:Kabupaten Sijunjung; transform=share_percent; source_denominator=10668551.27; quality_rule=derive only within same source variable geography and year; require positive total PDRB and share within 0-100"
bpsexpobs_027656ec0ffc0fc98c95b9f8,population_total,idn.13.1305,2020-09-01,2020-09-30,annual,371704.0,persons,observed,bpsexpprov_9de0c2885fb2df7b9c780beb,false,true,Sensus Penduduk 2020,,qualification_id=q_population_sp2020; source_universe=Resident population under SP2020 census definition; source_geography=vervar:1305:Tanah Datar; geography_mapping=qualified_current_code; source_selector=vervar:1305:Tanah Datar|turvar:34:Laki-Laki + Perempuan; transform=identity; quality_rule=select total sex category only and retain census reference period
bpsexpobs_0291fe2e106c00e0d6023a05,agriculture_share_grdp,idn.13.1304,2023-01-01,2023-12-31,annual,26.758171203446373,percent,derived,bpsexpprov_742c671ae22c147b388a75dc,false,true,GRDP series 2010 ADHB,current_prices_series_2010,"qualification_id=q_sector_share_adhb2010; source_universe=Regional gross value added by BPS industry classification; source_geography=turvar:467:Kabupaten Sijunjung; geography_mapping=qualified_source_dimension_alias; source_selector=vervar:100:A. Pertanian, Kehutanan dan Perikanan|turvar:467:Kabupaten Sijunjung; transform=share_percent; source_denominator=11676771.13; quality_rule=derive only within same source variable geography and year; require positive total PDRB and share within 0-100"
bpsexpobs_0298460d24791cde8b9faaca,agriculture_share_grdp,idn.13.1372,2023-01-01,2023-12-31,annual,4.976255431946752,percent,derived,bpsexpprov_742c671ae22c147b388a75dc,false,true,GRDP series 2010 ADHB,current_prices_series_2010,"qualification_id=q_sector_share_adhb2010; source_universe=Regional gross value added by BPS industry classification; source_geography=turvar:477:Kota Solok; geography_mapping=qualified_source_dimension_alias; source_selector=vervar:100:A. Pertanian, Kehutanan dan Perikanan|turvar:477:Kota Solok; transform=share_percent; source_denominator=5262098.25; quality_rule=derive only within same source variable geography and year; require positive total PDRB and share within 0-100"
bpsexpobs_02a58b3f97e174123bb01dbc,rice_yield,idn.13.1301,2024-01-01,2024-12-31,annual,2.6510000000000002,tonnes_per_hectare,derived,bpsexpprov_de6b038fe64e47f00ce56036,false,true,KSA,,qualification_id=q_rice_yield_ksa; source_universe=Rice harvested area and production under BPS KSA methodology; source_geography=vervar:1301:Kab. Kepulauan Mentawai; geography_mapping=qualified_current_code; source_selector=vervar:1301:Kab. Kepulauan Mentawai|turvar:244:Produktivitas (Kuintal/Hektar); transform=quintal_per_hectare_to_tonnes_per_hectare; quality_rule=convert productivity from quintal per hectare to tonnes per hectare by exact factor 0.1; retain KSA revision notes and 2025 Kota Pariaman LBS caveat
bpsexpobs_03589c62c7c903ffbe863f64,rice_yield,idn.13.1376,2018-01-01,2018-12-31,annual,4.7,tonnes_per_hectare,derived,bpsexpprov_94477055811325289e147e4f,false,true,KSA,,qualification_id=q_rice_yield_ksa; source_universe=Rice harvested area and production under BPS KSA methodology; source_geography=vervar:1376:Kota Payakumbuh; geography_mapping=qualified_current_code; source_selector=vervar:1376:Kota Payakumbuh|turvar:244:Produktivitas (Kuintal/Hektar); transform=quintal_per_hectare_to_tonnes_per_hectare; quality_rule=convert productivity from quintal per hectare to tonnes per hectare by exact factor 0.1; retain KSA revision notes and 2025 Kota Pariaman LBS caveat
bpsexpobs_0507fdb544c3cba7c5861f78,population_total,idn.13.1374,2020-09-01,2020-09-30,annual,56311.0,persons,observed,bpsexpprov_9de0c2885fb2df7b9c780beb,false,true,Sensus Penduduk 2020,,qualification_id=q_population_sp2020; source_universe=Resident population under SP2020 census definition; source_geography=vervar:1374:Padang Panjang; geography_mapping=qualified_current_code; source_selector=vervar:1374:Padang Panjang|turvar:34:Laki-Laki + Perempuan; transform=identity; quality_rule=select total sex category only and retain census reference period
bpsexpobs_0556cddc784593a8ea0bfab4,manufacturing_share_grdp,idn.13.1373,2020-01-01,2020-12-31,annual,10.815954894730815,percent,derived,bpsexpprov_de78525e2bbb6ca424c54f66,false,true,GRDP series 2010 ADHB,current_prices_series_2010,qualification_id=q_sector_share_adhb2010; source_universe=Regional gross value added by BPS industry classification; source_geography=turvar:478:Kota Sawahlunto; geography_mapping=qualified_source_dimension_alias; source_selector=vervar:300:C. Industri Pengolahan|turvar:478:Kota Sawahlunto; transform=share_percent; source_denominator=3656590.97; quality_rule=derive only within same source variable geography and year; require positive total PDRB and share within 0-100
bpsexpobs_065752b73fe97bda85ff28cc,agriculture_share_grdp,idn.13.1306,2022-01-01,2022-12-31,annual,21.36830241238494,percent,derived,bpsexpprov_f01604e079fcaf5cd29dcab5,false,true,GRDP series 2010 ADHB,current_prices_series_2010,"qualification_id=q_sector_share_adhb2010; source_universe=Regional gross value added by BPS industry classification; source_geography=turvar:469:Kabupaten Padang Pariaman; geography_mapping=qualified_source_dimension_alias; source_selector=vervar:100:A. Pertanian, Kehutanan dan Perikanan|turvar:469:Kabupaten Padang Pariaman; transform=share_percent; source_denominator=22193347.41; quality_rule=derive only within same source variable geography and year; require positive total PDRB and share within 0-100"
bpsexpobs_06909efe507cedbcb9e3caf0,rice_yield,idn.13.1305,2020-01-01,2020-12-31,annual,5.335000000000001,tonnes_per_hectare,derived,bpsexpprov_4ea81f7d026a48bf672ef4dc,false,true,KSA,,qualification_id=q_rice_yield_ksa; source_universe=Rice harvested area and production under BPS KSA methodology; source_geography=vervar:1305:Kab. Tanah Datar; geography_mapping=qualified_current_code; source_selector=vervar:1305:Kab. Tanah Datar|turvar:244:Produktivitas (Kuintal/Hektar); transform=quintal_per_hectare_to_tonnes_per_hectare; quality_rule=convert productivity from quintal per hectare to tonnes per hectare by exact factor 0.1; retain KSA revision notes and 2025 Kota Pariaman LBS caveat
bpsexpobs_0730e905053d1c25cd42c79a,underemployment_rate,idn.13.1376,2022-08-01,2022-08-31,annual,5.37,percent,observed,bpsexpprov_c7f222b804ed42981996759c,false,,August Sakernas,,qualification_id=q_underemployment_august; source_universe=Employed persons meeting BPS underemployment criteria; source_geography=vervar:1376:Kota Payakumbuh; geography_mapping=qualified_current_code; source_selector=vervar:1376:Kota Payakumbuh|turvar:1081:Setengah Pengangguran; transform=identity; quality_rule=retain source weighting-regime notes and leave cross-regime comparability unresolved
bpsexpobs_0870c7cc24426ec567cea1dd,gini_ratio,idn.13,2021-03-01,2021-03-31,annual,0.306,index,observed,bpsexpprov_3dbd9e30e4a6ca7ada2ae823,false,true,Susenas March,,qualification_id=q_gini_march; source_universe=Population expenditure distribution under BPS Susenas welfare aggregate; source_geography=vervar:1300:Sumatera Barat; geography_mapping=qualified_source_aggregate_alias; source_selector=vervar:1300:Sumatera Barat|turvar:0:Tidak ada; transform=identity; quality_rule=canonicalize province aggregate only; retain local API rows as held source-native
bpsexpobs_087ac9e96d1a2dc5a68818fc,underemployment_rate,idn.13.1373,2018-08-01,2018-08-31,annual,6.96,percent,observed,bpsexpprov_5b8e8c914fb6f4aed45ae1c5,false,,August Sakernas,,qualification_id=q_underemployment_august; source_universe=Employed persons meeting BPS underemployment criteria; source_geography=vervar:1373:Kota Sawahlunto; geography_mapping=qualified_current_code; source_selector=vervar:1373:Kota Sawahlunto|turvar:1081:Setengah Pengangguran; transform=identity; quality_rule=retain source weighting-regime notes and leave cross-regime comparability unresolved
bpsexpobs_08accc5fcaf2383572d6be3e,underemployment_rate,idn.13.1311,2024-08-01,2024-08-31,annual,7.08,percent,observed,bpsexpprov_46b601c94fb495d28c921a1c,false,,August Sakernas,,qualification_id=q_underemployment_august; source_universe=Employed persons meeting BPS underemployment criteria; source_geography=vervar:1311:Kab. Dharmasraya; geography_mapping=qualified_current_code; source_selector=vervar:1311:Kab. Dharmasraya|turvar:1081:Setengah Pengangguran; transform=identity; quality_rule=retain source weighting-regime notes and leave cross-regime comparability unresolved
bpsexpobs_095d6c7f637d9c32eeb23b2e,rice_yield,idn.13,2024-01-01,2024-12-31,annual,4.594,tonnes_per_hectare,derived,bpsexpprov_de6b038fe64e47f00ce56036,false,true,KSA,,qualification_id=q_rice_yield_ksa; source_universe=Rice harvested area and production under BPS KSA methodology; source_geography=vervar:1378:Provinsi Sumatera Barat; geography_mapping=qualified_source_aggregate_alias; source_selector=vervar:1378:Provinsi Sumatera Barat|turvar:244:Produktivitas (Kuintal/Hektar); transform=quintal_per_hectare_to_tonnes_per_hectare; quality_rule=convert productivity from quintal per hectare to tonnes per hectare by exact factor 0.1; retain KSA revision notes and 2025 Kota Pariaman LBS caveat
bpsexpobs_098213701075fef9085589a9,rice_yield,idn.13.1308,2018-01-01,2018-12-31,annual,4.307,tonnes_per_hectare,derived,bpsexpprov_94477055811325289e147e4f,false,true,KSA,,qualification_id=q_rice_yield_ksa; source_universe=Rice harvested area and production under BPS KSA methodology; source_geography=vervar:1308:Kab. Lima Puluh Kota; geography_mapping=qualified_current_code; source_selector=vervar:1308:Kab. Lima Puluh Kota|turvar:244:Produktivitas (Kuintal/Hektar); transform=quintal_per_hectare_to_tonnes_per_hectare; quality_rule=convert productivity from quintal per hectare to tonnes per hectare by exact factor 0.1; retain KSA revision notes and 2025 Kota Pariaman LBS caveat
bpsexpobs_099d436d95a9eedfb46cf5c3,rice_yield,idn.13.1375,2018-01-01,2018-12-31,annual,5.863,tonnes_per_hectare,derived,bpsexpprov_94477055811325289e147e4f,false,true,KSA,,qualification_id=q_rice_yield_ksa; source_universe=Rice harvested area and production under BPS KSA methodology; source_geography=vervar:1375:Kota Bukittinggi; geography_mapping=qualified_current_code; source_selector=vervar:1375:Kota Bukittinggi|turvar:244:Produktivitas (Kuintal/Hektar); transform=quintal_per_hectare_to_tonnes_per_hectare; quality_rule=convert productivity from quintal per hectare to tonnes per hectare by exact factor 0.1; retain KSA revision notes and 2025 Kota Pariaman LBS caveat
bpsexpobs_099e9958c743ae1d4bfe8c93,agriculture_share_grdp,idn.13.1305,2021-01-01,2021-12-31,annual,28.57201215365915,percent,derived,bpsexpprov_1bd70093852bc1965baeadf8,false,true,GRDP series 2010 ADHB,current_prices_series_2010,"qualification_id=q_sector_share_adhb2010; source_universe=Regional gross value added by BPS industry classification; source_geography=turvar:468:Kabupaten Tanah Datar; geography_mapping=qualified_source_dimension_alias; source_selector=vervar:100:A. Pertanian, Kehutanan dan Perikanan|turvar:468:Kabupaten Tanah Datar; transform=share_percent; source_denominator=13590935.7; quality_rule=derive only within same source variable geography and year; require positive total PDRB and share within 0-100"
bpsexpobs_09baded1119de542e5aae270,rice_yield,idn.13.1376,2019-01-01,2019-12-31,annual,4.557,tonnes_per_hectare,derived,bpsexpprov_4175fb009f15e20368cb7b1e,false,true,KSA,,qualification_id=q_rice_yield_ksa; source_universe=Rice harvested area and production under BPS KSA methodology; source_geography=vervar:1376:Kota Payakumbuh; geography_mapping=qualified_current_code; source_selector=vervar:1376:Kota Payakumbuh|turvar:244:Produktivitas (Kuintal/Hektar); transform=quintal_per_hectare_to_tonnes_per_hectare; quality_rule=convert productivity from quintal per hectare to tonnes per hectare by exact factor 0.1; retain KSA revision notes and 2025 Kota Pariaman LBS caveat
bpsexpobs_09fb437a351ad697260b6e24,agriculture_share_grdp,idn.13.1375,2021-01-01,2021-12-31,annual,1.1553245875076872,percent,derived,bpsexpprov_1bd70093852bc1965baeadf8,false,true,GRDP series 2010 ADHB,current_prices_series_2010,"qualification_id=q_sector_share_adhb2010; source_universe=Regional gross value added by BPS industry classification; source_geography=turvar:480:Kota Bukittinggi; geography_mapping=qualified_source_dimension_alias; source_selector=vervar:100:A. Pertanian, Kehutanan dan Perikanan|turvar:480:Kota Bukittinggi; transform=share_percent; source_denominator=9026564.58; quality_rule=derive only within same source variable geography and year; require positive total PDRB and share within 0-100"
bpsexpobs_0a07c90c74461e10814622e6,underemployment_rate,idn.13.1303,2018-08-01,2018-08-31,annual,7.49,percent,observed,bpsexpprov_5b8e8c914fb6f4aed45ae1c5,false,,August Sakernas,,qualification_id=q_underemployment_august; source_universe=Employed persons meeting BPS underemployment criteria; source_geography=vervar:1303:Kab. Solok; geography_mapping=qualified_current_code; source_selector=vervar:1303:Kab. Solok|turvar:1081:Setengah Pengangguran; transform=identity; quality_rule=retain source weighting-regime notes and leave cross-regime comparability unresolved
bpsexpobs_0a3edf2ede37f0a455352794,underemployment_rate,idn.13.1301,2020-08-01,2020-08-31,annual,20.72,percent,observed,bpsexpprov_31afeaa8c374b636e60a0d0c,false,,August Sakernas,,qualification_id=q_underemployment_august; source_universe=Employed persons meeting BPS underemployment criteria; source_geography=vervar:1301:Kab. Kepulauan Mentawai; geography_mapping=qualified_current_code; source_selector=vervar:1301:Kab. Kepulauan Mentawai|turvar:1081:Setengah Pengangguran; transform=identity; quality_rule=retain source weighting-regime notes and leave cross-regime comparability unresolved
bpsexpobs_0a91167d236bda8ea55c56f8,manufacturing_share_grdp,idn.13.1373,2019-01-01,2019-12-31,annual,10.661100494465233,percent,derived,bpsexpprov_629b7a2fd64bfc274cc445e1,false,true,GRDP series 2010 ADHB,current_prices_series_2010,qualification_id=q_sector_share_adhb2010; source_universe=Regional gross value added by BPS industry classification; source_geography=turvar:478:Kota Sawahlunto; geography_mapping=qualified_source_dimension_alias; source_selector=vervar:300:C. Industri Pengolahan|turvar:478:Kota Sawahlunto; transform=share_percent; source_denominator=3679850.22; quality_rule=derive only within same source variable geography and year; require positive total PDRB and share within 0-100
bpsexpobs_0a96db0aff24269c42c5d86d,manufacturing_share_grdp,idn.13.1306,2019-01-01,2019-12-31,annual,9.350659137097344,percent,derived,bpsexpprov_629b7a2fd64bfc274cc445e1,false,true,GRDP series 2010 ADHB,current_prices_series_2010,qualification_id=q_sector_share_adhb2010; source_universe=Regional gross value added by BPS industry classification; source_geography=turvar:469:Kabupaten Padang Pariaman; geography_mapping=qualified_source_dimension_alias; source_selector=vervar:300:C. Industri Pengolahan|turvar:469:Kabupaten Padang Pariaman; transform=share_percent; source_denominator=21255473.34; quality_rule=derive only within same source variable geography and year; require positive total PDRB and share within 0-100
bpsexpobs_0b121f38fd48454e0a0a5a0f,agriculture_share_grdp,idn.13,2020-01-01,2020-12-31,annual,22.36485674491757,percent,derived,bpsexpprov_de78525e2bbb6ca424c54f66,false,true,GRDP series 2010 ADHB,current_prices_series_2010,"qualification_id=q_sector_share_adhb2010; source_universe=Regional gross value added by BPS industry classification; source_geography=turvar:483:Sumatera Barat; geography_mapping=qualified_source_aggregate_alias; source_selector=vervar:100:A. Pertanian, Kehutanan dan Perikanan|turvar:483:Sumatera Barat; transform=share_percent; source_denominator=241894127.68; quality_rule=derive only within same source variable geography and year; require positive total PDRB and share within 0-100"
bpsexpobs_0b325ca36fabd46990166419,rice_yield,idn.13.1302,2018-01-01,2018-12-31,annual,5.027000000000001,tonnes_per_hectare,derived,bpsexpprov_94477055811325289e147e4f,false,true,KSA,,qualification_id=q_rice_yield_ksa; source_universe=Rice harvested area and production under BPS KSA methodology; source_geography=vervar:1302:Kab. Pesisir Selatan; geography_mapping=qualified_current_code; source_selector=vervar:1302:Kab. Pesisir Selatan|turvar:244:Produktivitas (Kuintal/Hektar); transform=quintal_per_hectare_to_tonnes_per_hectare; quality_rule=convert productivity from quintal per hectare to tonnes per hectare by exact factor 0.1; retain KSA revision notes and 2025 Kota Pariaman LBS caveat
bpsexpobs_0c47ea985ddd171e8638ac33,agriculture_share_grdp,idn.13.1376,2023-01-01,2023-12-31,annual,5.7089383051753995,percent,derived,bpsexpprov_742c671ae22c147b388a75dc,false,true,GRDP series 2010 ADHB,current_prices_series_2010,"qualification_id=q_sector_share_adhb2010; source_universe=Regional gross value added by BPS industry classification; source_geography=turvar:481:Kota Payakumbuh; geography_mapping=qualified_source_dimension_alias; source_selector=vervar:100:A. Pertanian, Kehutanan dan Perikanan|turvar:481:Kota Payakumbuh; transform=share_percent; source_denominator=8982352.63; quality_rule=derive only within same source variable geography and year; require positive total PDRB and share within 0-100"
bpsexpobs_0c8bd5a50ccdeab2ecfe82ff,underemployment_rate,idn.13.1305,2023-08-01,2023-08-31,annual,8.47,percent,observed,bpsexpprov_5d4e122cca677f83fa39043d,false,,August Sakernas,,qualification_id=q_underemployment_august; source_universe=Employed persons meeting BPS underemployment criteria; source_geography=vervar:1305:Kab. Tanah Datar; geography_mapping=qualified_current_code; source_selector=vervar:1305:Kab. Tanah Datar|turvar:1081:Setengah Pengangguran; transform=identity; quality_rule=retain source weighting-regime notes and leave cross-regime comparability unresolved
bpsexpobs_0cc8a4189f9f107bf9f95fc9,manufacturing_share_grdp,idn.13.1373,2021-01-01,2021-12-31,annual,11.220397391100976,percent,derived,bpsexpprov_1bd70093852bc1965baeadf8,false,true,GRDP series 2010 ADHB,current_prices_series_2010,qualification_id=q_sector_share_adhb2010; source_universe=Regional gross value added by BPS industry classification; source_geography=turvar:478:Kota Sawahlunto; geography_mapping=qualified_source_dimension_alias; source_selector=vervar:300:C. Industri Pengolahan|turvar:478:Kota Sawahlunto; transform=share_percent; source_denominator=3851692.19; quality_rule=derive only within same source variable geography and year; require positive total PDRB and share within 0-100
bpsexpobs_0d02685135fbc212c950d3e7,agriculture_share_grdp,idn.13.1311,2023-01-01,2023-12-31,annual,25.97737794246864,percent,derived,bpsexpprov_742c671ae22c147b388a75dc,false,true,GRDP series 2010 ADHB,current_prices_series_2010,"qualification_id=q_sector_share_adhb2010; source_universe=Regional gross value added by BPS industry classification; source_geography=turvar:474:Kabupaten Dharmasraya; geography_mapping=qualified_source_dimension_alias; source_selector=vervar:100:A. Pertanian, Kehutanan dan Perikanan|turvar:474:Kabupaten Dharmasraya; transform=share_percent; source_denominator=13345769.26; quality_rule=derive only within same source variable geography and year; require positive total PDRB and share within 0-100"
bpsexpobs_0d22a899a21458deb3235e5c,underemployment_rate,idn.13.1308,2019-08-01,2019-08-31,annual,11.39,percent,observed,bpsexpprov_a5eff4174dcceeb54b88c07d,false,,August Sakernas,,qualification_id=q_underemployment_august; source_universe=Employed persons meeting BPS underemployment criteria; source_geography=vervar:1308:Kab. Lima Puluh Kota; geography_mapping=qualified_current_code; source_selector=vervar:1308:Kab. Lima Puluh Kota|turvar:1081:Setengah Pengangguran; transform=identity; quality_rule=retain source weighting-regime notes and leave cross-regime comparability unresolved
bpsexpobs_0ef90f5c86cbc0c605a821fa,underemployment_rate,idn.13.1373,2023-08-01,2023-08-31,annual,8.26,percent,observed,bpsexpprov_5d4e122cca677f83fa39043d,false,,August Sakernas,,qualification_id=q_underemployment_august; source_universe=Employed persons meeting BPS underemployment criteria; source_geography=vervar:1373:Kota Sawahlunto; geography_mapping=qualified_current_code; source_selector=vervar:1373:Kota Sawahlunto|turvar:1081:Setengah Pengangguran; transform=identity; quality_rule=retain source weighting-regime notes and leave cross-regime comparability unresolved
bpsexpobs_0f53bf698280ee0218b41bbf,manufacturing_share_grdp,idn.13.1374,2023-01-01,2023-12-31,annual,8.338894582642023,percent,derived,bpsexpprov_742c671ae22c147b388a75dc,false,true,GRDP series 2010 ADHB,current_prices_series_2010,qualification_id=q_sector_share_adhb2010; source_universe=Regional gross value added by BPS industry classification; source_geography=turvar:479:Kota Padang Panjang; geography_mapping=qualified_source_dimension_alias; source_selector=vervar:300:C. Industri Pengolahan|turvar:479:Kota Padang Panjang; transform=share_percent; source_denominator=4474084.62; quality_rule=derive only within same source variable geography and year; require positive total PDRB and share within 0-100
bpsexpobs_10ceb8e8ec86b39edba59bba,underemployment_rate,idn.13.1310,2019-08-01,2019-08-31,annual,13.43,percent,observed,bpsexpprov_a5eff4174dcceeb54b88c07d,false,,August Sakernas,,qualification_id=q_underemployment_august; source_universe=Employed persons meeting BPS underemployment criteria; source_geography=vervar:1310:Kab. Solok Selatan; geography_mapping=qualified_current_code; source_selector=vervar:1310:Kab. Solok Selatan|turvar:1081:Setengah Pengangguran; transform=identity; quality_rule=retain source weighting-regime notes and leave cross-regime comparability unresolved
bpsexpobs_1120cfc513ca430bc6f737fb,agriculture_share_grdp,idn.13.1308,2020-01-01,2020-12-31,annual,33.21615698373717,percent,derived,bpsexpprov_de78525e2bbb6ca424c54f66,false,true,GRDP series 2010 ADHB,current_prices_series_2010,"qualification_id=q_sector_share_adhb2010; source_universe=Regional gross value added by BPS industry classification; source_geography=turvar:471:Kabupaten Limapuluh Kota; geography_mapping=qualified_source_dimension_alias; source_selector=vervar:100:A. Pertanian, Kehutanan dan Perikanan|turvar:471:Kabupaten Limapuluh Kota; transform=share_percent; source_denominator=15541500.82; quality_rule=derive only within same source variable geography and year; require positive total PDRB and share within 0-100"
bpsexpobs_121201994068eecee9b421a7,underemployment_rate,idn.13.1375,2022-08-01,2022-08-31,annual,4.25,percent,observed,bpsexpprov_c7f222b804ed42981996759c,false,,August Sakernas,,qualification_id=q_underemployment_august; source_universe=Employed persons meeting BPS underemployment criteria; source_geography=vervar:1375:Kota Bukittinggi; geography_mapping=qualified_current_code; source_selector=vervar:1375:Kota Bukittinggi|turvar:1081:Setengah Pengangguran; transform=identity; quality_rule=retain source weighting-regime notes and leave cross-regime comparability unresolved
bpsexpobs_122a15bc6a630cd3ae3df0e5,rice_yield,idn.13.1376,2020-01-01,2020-12-31,annual,4.916,tonnes_per_hectare,derived,bpsexpprov_4ea81f7d026a48bf672ef4dc,false,true,KSA,,qualification_id=q_rice_yield_ksa; source_universe=Rice harvested area and production under BPS KSA methodology; source_geography=vervar:1376:Kota Payakumbuh; geography_mapping=qualified_current_code; source_selector=vervar:1376:Kota Payakumbuh|turvar:244:Produktivitas (Kuintal/Hektar); transform=quintal_per_hectare_to_tonnes_per_hectare; quality_rule=convert productivity from quintal per hectare to tonnes per hectare by exact factor 0.1; retain KSA revision notes and 2025 Kota Pariaman LBS caveat
bpsexpobs_1264443a39e4652246f7977b,agriculture_share_grdp,idn.13.1309,2019-01-01,2019-12-31,annual,47.92193476963394,percent,derived,bpsexpprov_629b7a2fd64bfc274cc445e1,false,true,GRDP series 2010 ADHB,current_prices_series_2010,"qualification_id=q_sector_share_adhb2010; source_universe=Regional gross value added by BPS industry classification; source_geography=turvar:472:Kabupaten Pasaman; geography_mapping=qualified_source_dimension_alias; source_selector=vervar:100:A. Pertanian, Kehutanan dan Perikanan|turvar:472:Kabupaten Pasaman; transform=share_percent; source_denominator=8907768.5; quality_rule=derive only within same source variable geography and year; require positive total PDRB and share within 0-100"
bpsexpobs_13e1104e269b37da3d0a67d1,manufacturing_share_grdp,idn.13.1306,2023-01-01,2023-12-31,annual,10.480929445950178,percent,derived,bpsexpprov_742c671ae22c147b388a75dc,false,true,GRDP series 2010 ADHB,current_prices_series_2010,qualification_id=q_sector_share_adhb2010; source_universe=Regional gross value added by BPS industry classification; source_geography=turvar:469:Kabupaten Padang Pariaman; geography_mapping=qualified_source_dimension_alias; source_selector=vervar:300:C. Industri Pengolahan|turvar:469:Kabupaten Padang Pariaman; transform=share_percent; source_denominator=25070850; quality_rule=derive only within same source variable geography and year; require positive total PDRB and share within 0-100
bpsexpobs_13e1503567e23ebd1d951f4d,agriculture_share_grdp,idn.13.1307,2022-01-01,2022-12-31,annual,28.70470748014808,percent,derived,bpsexpprov_f01604e079fcaf5cd29dcab5,false,true,GRDP series 2010 ADHB,current_prices_series_2010,"qualification_id=q_sector_share_adhb2010; source_universe=Regional gross value added by BPS industry classification; source_geography=turvar:470:Kabupaten Agam; geography_mapping=qualified_source_dimension_alias; source_selector=vervar:100:A. Pertanian, Kehutanan dan Perikanan|turvar:470:Kabupaten Agam; transform=share_percent; source_denominator=23924336.26; quality_rule=derive only within same source variable geography and year; require positive total PDRB and share within 0-100"
bpsexpobs_1417bd6e79276c553d0fb6ae,rice_yield,idn.13.1371,2022-01-01,2022-12-31,annual,5.1080000000000005,tonnes_per_hectare,derived,bpsexpprov_7bec558ef289b8b581c4f745,false,true,KSA,,qualification_id=q_rice_yield_ksa; source_universe=Rice harvested area and production under BPS KSA methodology; source_geography=vervar:1371:Kota Padang; geography_mapping=qualified_current_code; source_selector=vervar:1371:Kota Padang|turvar:244:Produktivitas (Kuintal/Hektar); transform=quintal_per_hectare_to_tonnes_per_hectare; quality_rule=convert productivity from quintal per hectare to tonnes per hectare by exact factor 0.1; retain KSA revision notes and 2025 Kota Pariaman LBS caveat
bpsexpobs_149970db5176f79170deaafa,agriculture_share_grdp,idn.13.1377,2021-01-01,2021-12-31,annual,17.933393884154118,percent,derived,bpsexpprov_1bd70093852bc1965baeadf8,false,true,GRDP series 2010 ADHB,current_prices_series_2010,"qualification_id=q_sector_share_adhb2010; source_universe=Regional gross value added by BPS industry classification; source_geography=turvar:482:Kota Pariaman; geography_mapping=qualified_source_dimension_alias; source_selector=vervar:100:A. Pertanian, Kehutanan dan Perikanan|turvar:482:Kota Pariaman; transform=share_percent; source_denominator=5258657.04; quality_rule=derive only within same source variable geography and year; require positive total PDRB and share within 0-100"
bpsexpobs_152c7696709004e7404dfe4e,manufacturing_share_grdp,idn.13.1311,2019-01-01,2019-12-31,annual,4.920633278360256,percent,derived,bpsexpprov_629b7a2fd64bfc274cc445e1,false,true,GRDP series 2010 ADHB,current_prices_series_2010,qualification_id=q_sector_share_adhb2010; source_universe=Regional gross value added by BPS industry classification; source_geography=turvar:474:Kabupaten Dharmasraya; geography_mapping=qualified_source_dimension_alias; source_selector=vervar:300:C. Industri Pengolahan|turvar:474:Kabupaten Dharmasraya; transform=share_percent; source_denominator=10349563.18; quality_rule=derive only within same source variable geography and year; require positive total PDRB and share within 0-100
bpsexpobs_15b27d6df98e0c9936efb68d,rice_yield,idn.13.1312,2020-01-01,2020-12-31,annual,4.6979999999999995,tonnes_per_hectare,derived,bpsexpprov_4ea81f7d026a48bf672ef4dc,false,true,KSA,,qualification_id=q_rice_yield_ksa; source_universe=Rice harvested area and production under BPS KSA methodology; source_geography=vervar:1312:Kab. Pasaman Barat; geography_mapping=qualified_current_code; source_selector=vervar:1312:Kab. Pasaman Barat|turvar:244:Produktivitas (Kuintal/Hektar); transform=quintal_per_hectare_to_tonnes_per_hectare; quality_rule=convert productivity from quintal per hectare to tonnes per hectare by exact factor 0.1; retain KSA revision notes and 2025 Kota Pariaman LBS caveat
bpsexpobs_166af4c0fa3c271d297566c4,manufacturing_share_grdp,idn.13.1304,2019-01-01,2019-12-31,annual,2.5214288084521463,percent,derived,bpsexpprov_629b7a2fd64bfc274cc445e1,false,true,GRDP series 2010 ADHB,current_prices_series_2010,qualification_id=q_sector_share_adhb2010; source_universe=Regional gross value added by BPS industry classification; source_geography=turvar:467:Kabupaten Sijunjung; geography_mapping=qualified_source_dimension_alias; source_selector=vervar:300:C. Industri Pengolahan|turvar:467:Kabupaten Sijunjung; transform=share_percent; source_denominator=9148878.97; quality_rule=derive only within same source variable geography and year; require positive total PDRB and share within 0-100
bpsexpobs_166e4fa17d8286e668ff4ca1,manufacturing_share_grdp,idn.13,2018-01-01,2018-12-31,annual,9.098753131797759,percent,derived,bpsexpprov_ac4cc8d5cae12e620dffc9f2,false,true,GRDP series 2010 ADHB,current_prices_series_2010,qualification_id=q_sector_share_adhb2010; source_universe=Regional gross value added by BPS industry classification; source_geography=turvar:483:Sumatera Barat; geography_mapping=qualified_source_aggregate_alias; source_selector=vervar:300:C. Industri Pengolahan|turvar:483:Sumatera Barat; transform=share_percent; source_denominator=230367222.04; quality_rule=derive only within same source variable geography and year; require positive total PDRB and share within 0-100
bpsexpobs_1670a40a67ffa758b7f1abcc,underemployment_rate,idn.13.1308,2024-08-01,2024-08-31,annual,9.3,percent,observed,bpsexpprov_46b601c94fb495d28c921a1c,false,,August Sakernas,,qualification_id=q_underemployment_august; source_universe=Employed persons meeting BPS underemployment criteria; source_geography=vervar:1308:Kab. Lima Puluh Kota; geography_mapping=qualified_current_code; source_selector=vervar:1308:Kab. Lima Puluh Kota|turvar:1081:Setengah Pengangguran; transform=identity; quality_rule=retain source weighting-regime notes and leave cross-regime comparability unresolved
bpsexpobs_169fa34d1305f27835310221,manufacturing_share_grdp,idn.13.1375,2019-01-01,2019-12-31,annual,5.028254629591918,percent,derived,bpsexpprov_629b7a2fd64bfc274cc445e1,false,true,GRDP series 2010 ADHB,current_prices_series_2010,qualification_id=q_sector_share_adhb2010; source_universe=Regional gross value added by BPS industry classification; source_geography=turvar:480:Kota Bukittinggi; geography_mapping=qualified_source_dimension_alias; source_selector=vervar:300:C. Industri Pengolahan|turvar:480:Kota Bukittinggi; transform=share_percent; source_denominator=8695316.61; quality_rule=derive only within same source variable geography and year; require positive total PDRB and share within 0-100
bpsexpobs_16cb4a6066792fd0a1c8a884,rice_yield,idn.13.1303,2021-01-01,2021-12-31,annual,5.263000000000001,tonnes_per_hectare,derived,bpsexpprov_1fe8aa76eff04c735a65a290,false,true,KSA,,qualification_id=q_rice_yield_ksa; source_universe=Rice harvested area and production under BPS KSA methodology; source_geography=vervar:1303:Kab. Solok; geography_mapping=qualified_current_code; source_selector=vervar:1303:Kab. Solok|turvar:244:Produktivitas (Kuintal/Hektar); transform=quintal_per_hectare_to_tonnes_per_hectare; quality_rule=convert productivity from quintal per hectare to tonnes per hectare by exact factor 0.1; retain KSA revision notes and 2025 Kota Pariaman LBS caveat
bpsexpobs_173398be7534705457e4744d,rice_yield,idn.13.1306,2018-01-01,2018-12-31,annual,4.6049999999999995,tonnes_per_hectare,derived,bpsexpprov_94477055811325289e147e4f,false,true,KSA,,qualification_id=q_rice_yield_ksa; source_universe=Rice harvested area and production under BPS KSA methodology; source_geography=vervar:1306:Kab. Padang Pariaman; geography_mapping=qualified_current_code; source_selector=vervar:1306:Kab. Padang Pariaman|turvar:244:Produktivitas (Kuintal/Hektar); transform=quintal_per_hectare_to_tonnes_per_hectare; quality_rule=convert productivity from quintal per hectare to tonnes per hectare by exact factor 0.1; retain KSA revision notes and 2025 Kota Pariaman LBS caveat
bpsexpobs_183e32658d6ce2e3e5e578ca,rice_yield,idn.13.1311,2022-01-01,2022-12-31,annual,4.763000000000001,tonnes_per_hectare,derived,bpsexpprov_7bec558ef289b8b581c4f745,false,true,KSA,,qualification_id=q_rice_yield_ksa; source_universe=Rice harvested area and production under BPS KSA methodology; source_geography=vervar:1311:Kab. Dharmasraya; geography_mapping=qualified_current_code; source_selector=vervar:1311:Kab. Dharmasraya|turvar:244:Produktivitas (Kuintal/Hektar); transform=quintal_per_hectare_to_tonnes_per_hectare; quality_rule=convert productivity from quintal per hectare to tonnes per hectare by exact factor 0.1; retain KSA revision notes and 2025 Kota Pariaman LBS caveat
bpsexpobs_18b05ba3b030e7c6387ec9f8,underemployment_rate,idn.13.1309,2024-08-01,2024-08-31,annual,12.17,percent,observed,bpsexpprov_46b601c94fb495d28c921a1c,false,,August Sakernas,,qualification_id=q_underemployment_august; source_universe=Employed persons meeting BPS underemployment criteria; source_geography=vervar:1309:Kab. Pasaman; geography_mapping=qualified_current_code; source_selector=vervar:1309:Kab. Pasaman|turvar:1081:Setengah Pengangguran; transform=identity; quality_rule=retain source weighting-regime notes and leave cross-regime comparability unresolved
bpsexpobs_190bbc620d8b6fe11bc16168,agriculture_share_grdp,idn.13.1311,2021-01-01,2021-12-31,annual,27.474449014605923,percent,derived,bpsexpprov_1bd70093852bc1965baeadf8,false,true,GRDP series 2010 ADHB,current_prices_series_2010,"qualification_id=q_sector_share_adhb2010; source_universe=Regional gross value added by BPS industry classification; source_geography=turvar:474:Kabupaten Dharmasraya; geography_mapping=qualified_source_dimension_alias; source_selector=vervar:100:A. Pertanian, Kehutanan dan Perikanan|turvar:474:Kabupaten Dharmasraya; transform=share_percent; source_denominator=10757465.74; quality_rule=derive only within same source variable geography and year; require positive total PDRB and share within 0-100"
bpsexpobs_1996b63305ff929ac5da2ce4,manufacturing_share_grdp,idn.13.1301,2023-01-01,2023-12-31,annual,2.4523604911612615,percent,derived,bpsexpprov_742c671ae22c147b388a75dc,false,true,GRDP series 2010 ADHB,current_prices_series_2010,qualification_id=q_sector_share_adhb2010; source_universe=Regional gross value added by BPS industry classification; source_geography=turvar:464:Kabupaten Kepulauan Mentawai; geography_mapping=qualified_source_dimension_alias; source_selector=vervar:300:C. Industri Pengolahan|turvar:464:Kabupaten Kepulauan Mentawai; transform=share_percent; source_denominator=5914999.06; quality_rule=derive only within same source variable geography and year; require positive total PDRB and share within 0-100
bpsexpobs_19a166e88a69b3a4b3da9505,agriculture_share_grdp,idn.13.1372,2019-01-01,2019-12-31,annual,5.448508373620033,percent,derived,bpsexpprov_629b7a2fd64bfc274cc445e1,false,true,GRDP series 2010 ADHB,current_prices_series_2010,"qualification_id=q_sector_share_adhb2010; source_universe=Regional gross value added by BPS industry classification; source_geography=turvar:477:Kota Solok; geography_mapping=qualified_source_dimension_alias; source_selector=vervar:100:A. Pertanian, Kehutanan dan Perikanan|turvar:477:Kota Solok; transform=share_percent; source_denominator=4047979.83; quality_rule=derive only within same source variable geography and year; require positive total PDRB and share within 0-100"
bpsexpobs_19b289b1c9848d42e5cdcbcc,agriculture_share_grdp,idn.13.1310,2021-01-01,2021-12-31,annual,28.417217232257585,percent,derived,bpsexpprov_1bd70093852bc1965baeadf8,false,true,GRDP series 2010 ADHB,current_prices_series_2010,"qualification_id=q_sector_share_adhb2010; source_universe=Regional gross value added by BPS industry classification; source_geography=turvar:473:Kabupaten Solok Selatan; geography_mapping=qualified_source_dimension_alias; source_selector=vervar:100:A. Pertanian, Kehutanan dan Perikanan|turvar:473:Kabupaten Solok Selatan; transform=share_percent; source_denominator=5777977.93; quality_rule=derive only within same source variable geography and year; require positive total PDRB and share within 0-100"
bpsexpobs_19e2fd1cfa4c7c730383dfd6,agriculture_share_grdp,idn.13.1372,2018-01-01,2018-12-31,annual,5.611105562494099,percent,derived,bpsexpprov_ac4cc8d5cae12e620dffc9f2,false,true,GRDP series 2010 ADHB,current_prices_series_2010,"qualification_id=q_sector_share_adhb2010; source_universe=Regional gross value added by BPS industry classification; source_geography=turvar:477:Kota Solok; geography_mapping=qualified_source_dimension_alias; source_selector=vervar:100:A. Pertanian, Kehutanan dan Perikanan|turvar:477:Kota Solok; transform=share_percent; source_denominator=3728256.36; quality_rule=derive only within same source variable geography and year; require positive total PDRB and share within 0-100"
bpsexpobs_1a7bcc7c106c42b825b23d3e,rice_yield,idn.13.1374,2021-01-01,2021-12-31,annual,6.291,tonnes_per_hectare,derived,bpsexpprov_1fe8aa76eff04c735a65a290,false,true,KSA,,qualification_id=q_rice_yield_ksa; source_universe=Rice harvested area and production under BPS KSA methodology; source_geography=vervar:1374:Kota Padang Panjang; geography_mapping=qualified_current_code; source_selector=vervar:1374:Kota Padang Panjang|turvar:244:Produktivitas (Kuintal/Hektar); transform=quintal_per_hectare_to_tonnes_per_hectare; quality_rule=convert productivity from quintal per hectare to tonnes per hectare by exact factor 0.1; retain KSA revision notes and 2025 Kota Pariaman LBS caveat
bpsexpobs_1c80e01abcedd61a6518ae1e,manufacturing_share_grdp,idn.13.1374,2020-01-01,2020-12-31,annual,8.433305091041857,percent,derived,bpsexpprov_de78525e2bbb6ca424c54f66,false,true,GRDP series 2010 ADHB,current_prices_series_2010,qualification_id=q_sector_share_adhb2010; source_universe=Regional gross value added by BPS industry classification; source_geography=turvar:479:Kota Padang Panjang; geography_mapping=qualified_source_dimension_alias; source_selector=vervar:300:C. Industri Pengolahan|turvar:479:Kota Padang Panjang; transform=share_percent; source_denominator=3473230.92; quality_rule=derive only within same source variable geography and year; require positive total PDRB and share within 0-100
bpsexpobs_1c8acb672cd8c465d7483e93,underemployment_rate,idn.13.1377,2018-08-01,2018-08-31,annual,8.28,percent,observed,bpsexpprov_5b8e8c914fb6f4aed45ae1c5,false,,August Sakernas,,qualification_id=q_underemployment_august; source_universe=Employed persons meeting BPS underemployment criteria; source_geography=vervar:1377:Kota Pariaman; geography_mapping=qualified_current_code; source_selector=vervar:1377:Kota Pariaman|turvar:1081:Setengah Pengangguran; transform=identity; quality_rule=retain source weighting-regime notes and leave cross-regime comparability unresolved
bpsexpobs_1d6e3723580f4a35dfc49111,rice_yield,idn.13.1301,2022-01-01,2022-12-31,annual,2.298,tonnes_per_hectare,derived,bpsexpprov_7bec558ef289b8b581c4f745,false,true,KSA,,qualification_id=q_rice_yield_ksa; source_universe=Rice harvested area and production under BPS KSA methodology; source_geography=vervar:1301:Kab. Kepulauan Mentawai; geography_mapping=qualified_current_code; source_selector=vervar:1301:Kab. Kepulauan Mentawai|turvar:244:Produktivitas (Kuintal/Hektar); transform=quintal_per_hectare_to_tonnes_per_hectare; quality_rule=convert productivity from quintal per hectare to tonnes per hectare by exact factor 0.1; retain KSA revision notes and 2025 Kota Pariaman LBS caveat
bpsexpobs_1d6f85d9790f8dd4ef9b01bb,underemployment_rate,idn.13.1306,2022-08-01,2022-08-31,annual,8.45,percent,observed,bpsexpprov_c7f222b804ed42981996759c,false,,August Sakernas,,qualification_id=q_underemployment_august; source_universe=Employed persons meeting BPS underemployment criteria; source_geography=vervar:1306:Kab. Padang Pariaman; geography_mapping=qualified_current_code; source_selector=vervar:1306:Kab. Padang Pariaman|turvar:1081:Setengah Pengangguran; transform=identity; quality_rule=retain source weighting-regime notes and leave cross-regime comparability unresolved
bpsexpobs_1dfc0274d0dbbde7aaaca42b,manufacturing_share_grdp,idn.13.1303,2018-01-01,2018-12-31,annual,5.246710072077912,percent,derived,bpsexpprov_ac4cc8d5cae12e620dffc9f2,false,true,GRDP series 2010 ADHB,current_prices_series_2010,qualification_id=q_sector_share_adhb2010; source_universe=Regional gross value added by BPS industry classification; source_geography=turvar:466:Kabupaten Solok; geography_mapping=qualified_source_dimension_alias; source_selector=vervar:300:C. Industri Pengolahan|turvar:466:Kabupaten Solok; transform=share_percent; source_denominator=12653858.53; quality_rule=derive only within same source variable geography and year; require positive total PDRB and share within 0-100
bpsexpobs_1e33d5fba460b52840c7c00d,agriculture_share_grdp,idn.13.1373,2021-01-01,2021-12-31,annual,8.962598073030337,percent,derived,bpsexpprov_1bd70093852bc1965baeadf8,false,true,GRDP series 2010 ADHB,current_prices_series_2010,"qualification_id=q_sector_share_adhb2010; source_universe=Regional gross value added by BPS industry classification; source_geography=turvar:478:Kota Sawahlunto; geography_mapping=qualified_source_dimension_alias; source_selector=vervar:100:A. Pertanian, Kehutanan dan Perikanan|turvar:478:Kota Sawahlunto; transform=share_percent; source_denominator=3851692.19; quality_rule=derive only within same source variable geography and year; require positive total PDRB and share within 0-100"
bpsexpobs_1e470ce38f134275d168063d,rice_yield,idn.13.1304,2018-01-01,2018-12-31,annual,3.9890000000000003,tonnes_per_hectare,derived,bpsexpprov_94477055811325289e147e4f,false,true,KSA,,qualification_id=q_rice_yield_ksa; source_universe=Rice harvested area and production under BPS KSA methodology; source_geography=vervar:1304:Kab. Sijunjung; geography_mapping=qualified_current_code; source_selector=vervar:1304:Kab. Sijunjung|turvar:244:Produktivitas (Kuintal/Hektar); transform=quintal_per_hectare_to_tonnes_per_hectare; quality_rule=convert productivity from quintal per hectare to tonnes per hectare by exact factor 0.1; retain KSA revision notes and 2025 Kota Pariaman LBS caveat
bpsexpobs_1e898a525a66087d6bfd029f,population_total,idn.13.1375,2020-09-01,2020-09-30,annual,121028.0,persons,observed,bpsexpprov_9de0c2885fb2df7b9c780beb,false,true,Sensus Penduduk 2020,,qualification_id=q_population_sp2020; source_universe=Resident population under SP2020 census definition; source_geography=vervar:1375:Bukittinggi; geography_mapping=qualified_current_code; source_selector=vervar:1375:Bukittinggi|turvar:34:Laki-Laki + Perempuan; transform=identity; quality_rule=select total sex category only and retain census reference period
bpsexpobs_1f4c1a2c95073bc768845468,rice_yield,idn.13.1309,2018-01-01,2018-12-31,annual,4.263000000000001,tonnes_per_hectare,derived,bpsexpprov_94477055811325289e147e4f,false,true,KSA,,qualification_id=q_rice_yield_ksa; source_universe=Rice harvested area and production under BPS KSA methodology; source_geography=vervar:1309:Kab. Pasaman; geography_mapping=qualified_current_code; source_selector=vervar:1309:Kab. Pasaman|turvar:244:Produktivitas (Kuintal/Hektar); transform=quintal_per_hectare_to_tonnes_per_hectare; quality_rule=convert productivity from quintal per hectare to tonnes per hectare by exact factor 0.1; retain KSA revision notes and 2025 Kota Pariaman LBS caveat
bpsexpobs_1f75958212e1fe5ac9bee6b4,population_total,idn.13.1372,2020-09-01,2020-09-30,annual,73438.0,persons,observed,bpsexpprov_9de0c2885fb2df7b9c780beb,false,true,Sensus Penduduk 2020,,qualification_id=q_population_sp2020; source_universe=Resident population under SP2020 census definition; source_geography=vervar:1372:Kota Solok; geography_mapping=qualified_current_code; source_selector=vervar:1372:Kota Solok|turvar:34:Laki-Laki + Perempuan; transform=identity; quality_rule=select total sex category only and retain census reference period
bpsexpobs_1fd815fe6a6a285e4d1253ab,rice_yield,idn.13.1310,2025-01-01,2025-12-31,annual,4.274,tonnes_per_hectare,derived,bpsexpprov_a33789296bace61af429580d,false,,KSA,,qualification_id=q_rice_yield_ksa; source_universe=Rice harvested area and production under BPS KSA methodology; source_geography=vervar:1310:Kab. Solok Selatan; geography_mapping=qualified_current_code; source_selector=vervar:1310:Kab. Solok Selatan|turvar:244:Produktivitas (Kuintal/Hektar); transform=quintal_per_hectare_to_tonnes_per_hectare; quality_rule=convert productivity from quintal per hectare to tonnes per hectare by exact factor 0.1; retain KSA revision notes and 2025 Kota Pariaman LBS caveat
bpsexpobs_205097c89556c92c497ac279,manufacturing_share_grdp,idn.13.1308,2019-01-01,2019-12-31,annual,6.228895587799296,percent,derived,bpsexpprov_629b7a2fd64bfc274cc445e1,false,true,GRDP series 2010 ADHB,current_prices_series_2010,qualification_id=q_sector_share_adhb2010; source_universe=Regional gross value added by BPS industry classification; source_geography=turvar:471:Kabupaten Limapuluh Kota; geography_mapping=qualified_source_dimension_alias; source_selector=vervar:300:C. Industri Pengolahan|turvar:471:Kabupaten Limapuluh Kota; transform=share_percent; source_denominator=15625340.42; quality_rule=derive only within same source variable geography and year; require positive total PDRB and share within 0-100
bpsexpobs_20c10a6e34a481d3e668d134,agriculture_share_grdp,idn.13.1377,2018-01-01,2018-12-31,annual,18.656749329266546,percent,derived,bpsexpprov_ac4cc8d5cae12e620dffc9f2,false,true,GRDP series 2010 ADHB,current_prices_series_2010,"qualification_id=q_sector_share_adhb2010; source_universe=Regional gross value added by BPS industry classification; source_geography=turvar:482:Kota Pariaman; geography_mapping=qualified_source_dimension_alias; source_selector=vervar:100:A. Pertanian, Kehutanan dan Perikanan|turvar:482:Kota Pariaman; transform=share_percent; source_denominator=4615745.62; quality_rule=derive only within same source variable geography and year; require positive total PDRB and share within 0-100"
bpsexpobs_211c9436e3874eb5ca7c1488,rice_yield,idn.13.1301,2025-01-01,2025-12-31,annual,2.837,tonnes_per_hectare,derived,bpsexpprov_a33789296bace61af429580d,false,,KSA,,qualification_id=q_rice_yield_ksa; source_universe=Rice harvested area and production under BPS KSA methodology; source_geography=vervar:1301:Kab. Kepulauan Mentawai; geography_mapping=qualified_current_code; source_selector=vervar:1301:Kab. Kepulauan Mentawai|turvar:244:Produktivitas (Kuintal/Hektar); transform=quintal_per_hectare_to_tonnes_per_hectare; quality_rule=convert productivity from quintal per hectare to tonnes per hectare by exact factor 0.1; retain KSA revision notes and 2025 Kota Pariaman LBS caveat
bpsexpobs_21dea4419dea20d8b8ebc9b4,manufacturing_share_grdp,idn.13.1302,2021-01-01,2021-12-31,annual,6.800697980460294,percent,derived,bpsexpprov_1bd70093852bc1965baeadf8,false,true,GRDP series 2010 ADHB,current_prices_series_2010,qualification_id=q_sector_share_adhb2010; source_universe=Regional gross value added by BPS industry classification; source_geography=turvar:465:Kabupaten Pesisir Selatan; geography_mapping=qualified_source_dimension_alias; source_selector=vervar:300:C. Industri Pengolahan|turvar:465:Kabupaten Pesisir Selatan; transform=share_percent; source_denominator=14926572.58; quality_rule=derive only within same source variable geography and year; require positive total PDRB and share within 0-100
bpsexpobs_22059079859a6977b0d98a2c,underemployment_rate,idn.13.1371,2019-08-01,2019-08-31,annual,5.68,percent,observed,bpsexpprov_a5eff4174dcceeb54b88c07d,false,,August Sakernas,,qualification_id=q_underemployment_august; source_universe=Employed persons meeting BPS underemployment criteria; source_geography=vervar:1371:Kota Padang; geography_mapping=qualified_current_code; source_selector=vervar:1371:Kota Padang|turvar:1081:Setengah Pengangguran; transform=identity; quality_rule=retain source weighting-regime notes and leave cross-regime comparability unresolved
bpsexpobs_229ee435e0d3b2876e6dfcbb,agriculture_share_grdp,idn.13.1375,2018-01-01,2018-12-31,annual,1.2030091610750007,percent,derived,bpsexpprov_ac4cc8d5cae12e620dffc9f2,false,true,GRDP series 2010 ADHB,current_prices_series_2010,"qualification_id=q_sector_share_adhb2010; source_universe=Regional gross value added by BPS industry classification; source_geography=turvar:480:Kota Bukittinggi; geography_mapping=qualified_source_dimension_alias; source_selector=vervar:100:A. Pertanian, Kehutanan dan Perikanan|turvar:480:Kota Bukittinggi; transform=share_percent; source_denominator=8011062.02; quality_rule=derive only within same source variable geography and year; require positive total PDRB and share within 0-100"
bpsexpobs_22e31d4c5e27157739b4365a,agriculture_share_grdp,idn.13.1312,2021-01-01,2021-12-31,annual,39.74934280569035,percent,derived,bpsexpprov_1bd70093852bc1965baeadf8,false,true,GRDP series 2010 ADHB,current_prices_series_2010,"qualification_id=q_sector_share_adhb2010; source_universe=Regional gross value added by BPS industry classification; source_geography=turvar:475:Kabupaten Pasaman Barat; geography_mapping=qualified_source_dimension_alias; source_selector=vervar:100:A. Pertanian, Kehutanan dan Perikanan|turvar:475:Kabupaten Pasaman Barat; transform=share_percent; source_denominator=15933875.79; quality_rule=derive only within same source variable geography and year; require positive total PDRB and share within 0-100"
bpsexpobs_22ec40cd5a13e8e04ae9f3a0,rice_yield,idn.13.1375,2019-01-01,2019-12-31,annual,6.541,tonnes_per_hectare,derived,bpsexpprov_4175fb009f15e20368cb7b1e,false,true,KSA,,qualification_id=q_rice_yield_ksa; source_universe=Rice harvested area and production under BPS KSA methodology; source_geography=vervar:1375:Kota Bukittinggi; geography_mapping=qualified_current_code; source_selector=vervar:1375:Kota Bukittinggi|turvar:244:Produktivitas (Kuintal/Hektar); transform=quintal_per_hectare_to_tonnes_per_hectare; quality_rule=convert productivity from quintal per hectare to tonnes per hectare by exact factor 0.1; retain KSA revision notes and 2025 Kota Pariaman LBS caveat
bpsexpobs_23a56852cdd814fff68cbd8e,manufacturing_share_grdp,idn.13,2019-01-01,2019-12-31,annual,8.382968137001487,percent,derived,bpsexpprov_629b7a2fd64bfc274cc445e1,false,true,GRDP series 2010 ADHB,current_prices_series_2010,qualification_id=q_sector_share_adhb2010; source_universe=Regional gross value added by BPS industry classification; source_geography=turvar:483:Sumatera Barat; geography_mapping=qualified_source_aggregate_alias; source_selector=vervar:300:C. Industri Pengolahan|turvar:483:Sumatera Barat; transform=share_percent; source_denominator=245949737.17; quality_rule=derive only within same source variable geography and year; require positive total PDRB and share within 0-100
bpsexpobs_23ad5565a4a7ba155775b0aa,rice_yield,idn.13.1371,2020-01-01,2020-12-31,annual,4.548,tonnes_per_hectare,derived,bpsexpprov_4ea81f7d026a48bf672ef4dc,false,true,KSA,,qualification_id=q_rice_yield_ksa; source_universe=Rice harvested area and production under BPS KSA methodology; source_geography=vervar:1371:Kota Padang; geography_mapping=qualified_current_code; source_selector=vervar:1371:Kota Padang|turvar:244:Produktivitas (Kuintal/Hektar); transform=quintal_per_hectare_to_tonnes_per_hectare; quality_rule=convert productivity from quintal per hectare to tonnes per hectare by exact factor 0.1; retain KSA revision notes and 2025 Kota Pariaman LBS caveat
bpsexpobs_24adb7541b5abebfca0a71d6,manufacturing_share_grdp,idn.13.1371,2019-01-01,2019-12-31,annual,11.7481840230695,percent,derived,bpsexpprov_629b7a2fd64bfc274cc445e1,false,true,GRDP series 2010 ADHB,current_prices_series_2010,qualification_id=q_sector_share_adhb2010; source_universe=Regional gross value added by BPS industry classification; source_geography=turvar:476:Kota Padang; geography_mapping=qualified_source_dimension_alias; source_selector=vervar:300:C. Industri Pengolahan|turvar:476:Kota Padang; transform=share_percent; source_denominator=62420470.82; quality_rule=derive only within same source variable geography and year; require positive total PDRB and share within 0-100
bpsexpobs_258cf311e192fb22ccdc3b29,agriculture_share_grdp,idn.13.1303,2018-01-01,2018-12-31,annual,36.28914365616826,percent,derived,bpsexpprov_ac4cc8d5cae12e620dffc9f2,false,true,GRDP series 2010 ADHB,current_prices_series_2010,"qualification_id=q_sector_share_adhb2010; source_universe=Regional gross value added by BPS industry classification; source_geography=turvar:466:Kabupaten Solok; geography_mapping=qualified_source_dimension_alias; source_selector=vervar:100:A. Pertanian, Kehutanan dan Perikanan|turvar:466:Kabupaten Solok; transform=share_percent; source_denominator=12653858.53; quality_rule=derive only within same source variable geography and year; require positive total PDRB and share within 0-100"
bpsexpobs_25fda9827670a2700e772797,agriculture_share_grdp,idn.13.1310,2019-01-01,2019-12-31,annual,29.231040859582098,percent,derived,bpsexpprov_629b7a2fd64bfc274cc445e1,false,true,GRDP series 2010 ADHB,current_prices_series_2010,"qualification_id=q_sector_share_adhb2010; source_universe=Regional gross value added by BPS industry classification; source_geography=turvar:473:Kabupaten Solok Selatan; geography_mapping=qualified_source_dimension_alias; source_selector=vervar:100:A. Pertanian, Kehutanan dan Perikanan|turvar:473:Kabupaten Solok Selatan; transform=share_percent; source_denominator=5574519.08; quality_rule=derive only within same source variable geography and year; require positive total PDRB and share within 0-100"
bpsexpobs_2650863bd00f8b25a1648320,underemployment_rate,idn.13.1372,2018-08-01,2018-08-31,annual,4.73,percent,observed,bpsexpprov_5b8e8c914fb6f4aed45ae1c5,false,,August Sakernas,,qualification_id=q_underemployment_august; source_universe=Employed persons meeting BPS underemployment criteria; source_geography=vervar:1372:Kota Solok; geography_mapping=qualified_current_code; source_selector=vervar:1372:Kota Solok|turvar:1081:Setengah Pengangguran; transform=identity; quality_rule=retain source weighting-regime notes and leave cross-regime comparability unresolved
bpsexpobs_2793912a48de6fcfb8ad8fab,rice_yield,idn.13,2018-01-01,2018-12-31,annual,4.737,tonnes_per_hectare,derived,bpsexpprov_94477055811325289e147e4f,false,true,KSA,,qualification_id=q_rice_yield_ksa; source_universe=Rice harvested area and production under BPS KSA methodology; source_geography=vervar:1378:Provinsi Sumatera Barat; geography_mapping=qualified_source_aggregate_alias; source_selector=vervar:1378:Provinsi Sumatera Barat|turvar:244:Produktivitas (Kuintal/Hektar); transform=quintal_per_hectare_to_tonnes_per_hectare; quality_rule=convert productivity from quintal per hectare to tonnes per hectare by exact factor 0.1; retain KSA revision notes and 2025 Kota Pariaman LBS caveat
bpsexpobs_27f776ec32d96b9cd2976a06,agriculture_share_grdp,idn.13.1302,2021-01-01,2021-12-31,annual,37.22167255893918,percent,derived,bpsexpprov_1bd70093852bc1965baeadf8,false,true,GRDP series 2010 ADHB,current_prices_series_2010,"qualification_id=q_sector_share_adhb2010; source_universe=Regional gross value added by BPS industry classification; source_geography=turvar:465:Kabupaten Pesisir Selatan; geography_mapping=qualified_source_dimension_alias; source_selector=vervar:100:A. Pertanian, Kehutanan dan Perikanan|turvar:465:Kabupaten Pesisir Selatan; transform=share_percent; source_denominator=14926572.58; quality_rule=derive only within same source variable geography and year; require positive total PDRB and share within 0-100"
bpsexpobs_27fb6e57caa0e194307186c4,underemployment_rate,idn.13.1377,2019-08-01,2019-08-31,annual,7.97,percent,observed,bpsexpprov_a5eff4174dcceeb54b88c07d,false,,August Sakernas,,qualification_id=q_underemployment_august; source_universe=Employed persons meeting BPS underemployment criteria; source_geography=vervar:1377:Kota Pariaman; geography_mapping=qualified_current_code; source_selector=vervar:1377:Kota Pariaman|turvar:1081:Setengah Pengangguran; transform=identity; quality_rule=retain source weighting-regime notes and leave cross-regime comparability unresolved
bpsexpobs_2821e604a05b0c5834b50eed,rice_yield,idn.13.1305,2025-01-01,2025-12-31,annual,5.152000000000001,tonnes_per_hectare,derived,bpsexpprov_a33789296bace61af429580d,false,,KSA,,qualification_id=q_rice_yield_ksa; source_universe=Rice harvested area and production under BPS KSA methodology; source_geography=vervar:1305:Kab. Tanah Datar; geography_mapping=qualified_current_code; source_selector=vervar:1305:Kab. Tanah Datar|turvar:244:Produktivitas (Kuintal/Hektar); transform=quintal_per_hectare_to_tonnes_per_hectare; quality_rule=convert productivity from quintal per hectare to tonnes per hectare by exact factor 0.1; retain KSA revision notes and 2025 Kota Pariaman LBS caveat
bpsexpobs_2866bb3780945b47aa13dec6,underemployment_rate,idn.13.1373,2024-08-01,2024-08-31,annual,7.48,percent,observed,bpsexpprov_46b601c94fb495d28c921a1c,false,,August Sakernas,,qualification_id=q_underemployment_august; source_universe=Employed persons meeting BPS underemployment criteria; source_geography=vervar:1373:Kota Sawahlunto; geography_mapping=qualified_current_code; source_selector=vervar:1373:Kota Sawahlunto|turvar:1081:Setengah Pengangguran; transform=identity; quality_rule=retain source weighting-regime notes and leave cross-regime comparability unresolved
bpsexpobs_28851acf8adbd81476d1dd5a,agriculture_share_grdp,idn.13.1373,2018-01-01,2018-12-31,annual,9.164496501949158,percent,derived,bpsexpprov_ac4cc8d5cae12e620dffc9f2,false,true,GRDP series 2010 ADHB,current_prices_series_2010,"qualification_id=q_sector_share_adhb2010; source_universe=Regional gross value added by BPS industry classification; source_geography=turvar:478:Kota Sawahlunto; geography_mapping=qualified_source_dimension_alias; source_selector=vervar:100:A. Pertanian, Kehutanan dan Perikanan|turvar:478:Kota Sawahlunto; transform=share_percent; source_denominator=3404518.84; quality_rule=derive only within same source variable geography and year; require positive total PDRB and share within 0-100"
bpsexpobs_2889ed810fd3078b48ecf1da,agriculture_share_grdp,idn.13.1373,2023-01-01,2023-12-31,annual,8.51100910525308,percent,derived,bpsexpprov_742c671ae22c147b388a75dc,false,true,GRDP series 2010 ADHB,current_prices_series_2010,"qualification_id=q_sector_share_adhb2010; source_universe=Regional gross value added by BPS industry classification; source_geography=turvar:478:Kota Sawahlunto; geography_mapping=qualified_source_dimension_alias; source_selector=vervar:100:A. Pertanian, Kehutanan dan Perikanan|turvar:478:Kota Sawahlunto; transform=share_percent; source_denominator=4825295.86; quality_rule=derive only within same source variable geography and year; require positive total PDRB and share within 0-100"
bpsexpobs_29a7e649255951760229abe0,rice_yield,idn.13.1373,2023-01-01,2023-12-31,annual,6.329000000000001,tonnes_per_hectare,derived,bpsexpprov_98ad288c955db1b72d61718e,false,true,KSA,,qualification_id=q_rice_yield_ksa; source_universe=Rice harvested area and production under BPS KSA methodology; source_geography=vervar:1373:Kota Sawahlunto; geography_mapping=qualified_current_code; source_selector=vervar:1373:Kota Sawahlunto|turvar:244:Produktivitas (Kuintal/Hektar); transform=quintal_per_hectare_to_tonnes_per_hectare; quality_rule=convert productivity from quintal per hectare to tonnes per hectare by exact factor 0.1; retain KSA revision notes and 2025 Kota Pariaman LBS caveat
bpsexpobs_29cca0534e16c46939469dc6,underemployment_rate,idn.13.1307,2022-08-01,2022-08-31,annual,8.73,percent,observed,bpsexpprov_c7f222b804ed42981996759c,false,,August Sakernas,,qualification_id=q_underemployment_august; source_universe=Employed persons meeting BPS underemployment criteria; source_geography=vervar:1307:Kab. Agam; geography_mapping=qualified_current_code; source_selector=vervar:1307:Kab. Agam|turvar:1081:Setengah Pengangguran; transform=identity; quality_rule=retain source weighting-regime notes and leave cross-regime comparability unresolved
bpsexpobs_2b018347bf6790836f86f0b5,agriculture_share_grdp,idn.13.1306,2023-01-01,2023-12-31,annual,20.55167862278303,percent,derived,bpsexpprov_742c671ae22c147b388a75dc,false,true,GRDP series 2010 ADHB,current_prices_series_2010,"qualification_id=q_sector_share_adhb2010; source_universe=Regional gross value added by BPS industry classification; source_geography=turvar:469:Kabupaten Padang Pariaman; geography_mapping=qualified_source_dimension_alias; source_selector=vervar:100:A. Pertanian, Kehutanan dan Perikanan|turvar:469:Kabupaten Padang Pariaman; transform=share_percent; source_denominator=25070850; quality_rule=derive only within same source variable geography and year; require positive total PDRB and share within 0-100"
bpsexpobs_2b15ef0b79db8eda46d9241d,manufacturing_share_grdp,idn.13.1371,2023-01-01,2023-12-31,annual,10.877566155978831,percent,derived,bpsexpprov_742c671ae22c147b388a75dc,false,true,GRDP series 2010 ADHB,current_prices_series_2010,qualification_id=q_sector_share_adhb2010; source_universe=Regional gross value added by BPS industry classification; source_geography=turvar:476:Kota Padang; geography_mapping=qualified_source_dimension_alias; source_selector=vervar:300:C. Industri Pengolahan|turvar:476:Kota Padang; transform=share_percent; source_denominator=79704673.23; quality_rule=derive only within same source variable geography and year; require positive total PDRB and share within 0-100
bpsexpobs_2b197250dadb883f8a74956e,underemployment_rate,idn.13.1374,2018-08-01,2018-08-31,annual,6.28,percent,observed,bpsexpprov_5b8e8c914fb6f4aed45ae1c5,false,,August Sakernas,,qualification_id=q_underemployment_august; source_universe=Employed persons meeting BPS underemployment criteria; source_geography=vervar:1374:Kota Padang Panjang; geography_mapping=qualified_current_code; source_selector=vervar:1374:Kota Padang Panjang|turvar:1081:Setengah Pengangguran; transform=identity; quality_rule=retain source weighting-regime notes and leave cross-regime comparability unresolved
bpsexpobs_2b99648a535fcdc6c8428b45,underemployment_rate,idn.13.1372,2021-08-01,2021-08-31,annual,6.29,percent,observed,bpsexpprov_227f7b196629e133536fef6d,false,,August Sakernas,,qualification_id=q_underemployment_august; source_universe=Employed persons meeting BPS underemployment criteria; source_geography=vervar:1372:Kota Solok; geography_mapping=qualified_current_code; source_selector=vervar:1372:Kota Solok|turvar:1081:Setengah Pengangguran; transform=identity; quality_rule=retain source weighting-regime notes and leave cross-regime comparability unresolved
bpsexpobs_2feb70386542aadd50bfc9fb,rice_yield,idn.13.1301,2023-01-01,2023-12-31,annual,2.4730000000000003,tonnes_per_hectare,derived,bpsexpprov_98ad288c955db1b72d61718e,false,true,KSA,,qualification_id=q_rice_yield_ksa; source_universe=Rice harvested area and production under BPS KSA methodology; source_geography=vervar:1301:Kab. Kepulauan Mentawai; geography_mapping=qualified_current_code; source_selector=vervar:1301:Kab. Kepulauan Mentawai|turvar:244:Produktivitas (Kuintal/Hektar); transform=quintal_per_hectare_to_tonnes_per_hectare; quality_rule=convert productivity from quintal per hectare to tonnes per hectare by exact factor 0.1; retain KSA revision notes and 2025 Kota Pariaman LBS caveat
bpsexpobs_30c3f5d77324ff6760c1d812,underemployment_rate,idn.13.1376,2024-08-01,2024-08-31,annual,6.33,percent,observed,bpsexpprov_46b601c94fb495d28c921a1c,false,,August Sakernas,,qualification_id=q_underemployment_august; source_universe=Employed persons meeting BPS underemployment criteria; source_geography=vervar:1376:Kota Payakumbuh; geography_mapping=qualified_current_code; source_selector=vervar:1376:Kota Payakumbuh|turvar:1081:Setengah Pengangguran; transform=identity; quality_rule=retain source weighting-regime notes and leave cross-regime comparability unresolved
bpsexpobs_30d038176a2cc77cd5e66ffb,rice_yield,idn.13.1377,2019-01-01,2019-12-31,annual,5.6450000000000005,tonnes_per_hectare,derived,bpsexpprov_4175fb009f15e20368cb7b1e,false,true,KSA,,qualification_id=q_rice_yield_ksa; source_universe=Rice harvested area and production under BPS KSA methodology; source_geography=vervar:1377:Kota Pariaman; geography_mapping=qualified_current_code; source_selector=vervar:1377:Kota Pariaman|turvar:244:Produktivitas (Kuintal/Hektar); transform=quintal_per_hectare_to_tonnes_per_hectare; quality_rule=convert productivity from quintal per hectare to tonnes per hectare by exact factor 0.1; retain KSA revision notes and 2025 Kota Pariaman LBS caveat
bpsexpobs_3126218dfff42c6fdc98e253,underemployment_rate,idn.13.1377,2023-08-01,2023-08-31,annual,8.81,percent,observed,bpsexpprov_5d4e122cca677f83fa39043d,false,,August Sakernas,,qualification_id=q_underemployment_august; source_universe=Employed persons meeting BPS underemployment criteria; source_geography=vervar:1377:Kota Pariaman; geography_mapping=qualified_current_code; source_selector=vervar:1377:Kota Pariaman|turvar:1081:Setengah Pengangguran; transform=identity; quality_rule=retain source weighting-regime notes and leave cross-regime comparability unresolved
bpsexpobs_3133a1d199eb196137acb5fd,rice_yield,idn.13.1305,2019-01-01,2019-12-31,annual,5.612,tonnes_per_hectare,derived,bpsexpprov_4175fb009f15e20368cb7b1e,false,true,KSA,,qualification_id=q_rice_yield_ksa; source_universe=Rice harvested area and production under BPS KSA methodology; source_geography=vervar:1305:Kab. Tanah Datar; geography_mapping=qualified_current_code; source_selector=vervar:1305:Kab. Tanah Datar|turvar:244:Produktivitas (Kuintal/Hektar); transform=quintal_per_hectare_to_tonnes_per_hectare; quality_rule=convert productivity from quintal per hectare to tonnes per hectare by exact factor 0.1; retain KSA revision notes and 2025 Kota Pariaman LBS caveat
bpsexpobs_33003d58cbfc9cc52b99f79a,rice_yield,idn.13.1303,2020-01-01,2020-12-31,annual,4.644,tonnes_per_hectare,derived,bpsexpprov_4ea81f7d026a48bf672ef4dc,false,true,KSA,,qualification_id=q_rice_yield_ksa; source_universe=Rice harvested area and production under BPS KSA methodology; source_geography=vervar:1303:Kab. Solok; geography_mapping=qualified_current_code; source_selector=vervar:1303:Kab. Solok|turvar:244:Produktivitas (Kuintal/Hektar); transform=quintal_per_hectare_to_tonnes_per_hectare; quality_rule=convert productivity from quintal per hectare to tonnes per hectare by exact factor 0.1; retain KSA revision notes and 2025 Kota Pariaman LBS caveat
bpsexpobs_333af14b44e773efe7722537,population_total,idn.13.1376,2020-09-01,2020-09-30,annual,139576.0,persons,observed,bpsexpprov_9de0c2885fb2df7b9c780beb,false,true,Sensus Penduduk 2020,,qualification_id=q_population_sp2020; source_universe=Resident population under SP2020 census definition; source_geography=vervar:1376:Payakumbuh; geography_mapping=qualified_current_code; source_selector=vervar:1376:Payakumbuh|turvar:34:Laki-Laki + Perempuan; transform=identity; quality_rule=select total sex category only and retain census reference period
bpsexpobs_3341f90d39c1b8c960bf9928,rice_yield,idn.13.1310,2024-01-01,2024-12-31,annual,3.8310000000000004,tonnes_per_hectare,derived,bpsexpprov_de6b038fe64e47f00ce56036,false,true,KSA,,qualification_id=q_rice_yield_ksa; source_universe=Rice harvested area and production under BPS KSA methodology; source_geography=vervar:1310:Kab. Solok Selatan; geography_mapping=qualified_current_code; source_selector=vervar:1310:Kab. Solok Selatan|turvar:244:Produktivitas (Kuintal/Hektar); transform=quintal_per_hectare_to_tonnes_per_hectare; quality_rule=convert productivity from quintal per hectare to tonnes per hectare by exact factor 0.1; retain KSA revision notes and 2025 Kota Pariaman LBS caveat
bpsexpobs_33a1202050f6b68ecfcdc1b9,manufacturing_share_grdp,idn.13.1374,2019-01-01,2019-12-31,annual,8.408194564420246,percent,derived,bpsexpprov_629b7a2fd64bfc274cc445e1,false,true,GRDP series 2010 ADHB,current_prices_series_2010,qualification_id=q_sector_share_adhb2010; source_universe=Regional gross value added by BPS industry classification; source_geography=turvar:479:Kota Padang Panjang; geography_mapping=qualified_source_dimension_alias; source_selector=vervar:300:C. Industri Pengolahan|turvar:479:Kota Padang Panjang; transform=share_percent; source_denominator=3474832.65; quality_rule=derive only within same source variable geography and year; require positive total PDRB and share within 0-100
bpsexpobs_33bd2d413948591a046dd752,manufacturing_share_grdp,idn.13.1309,2020-01-01,2020-12-31,annual,3.8480370101732517,percent,derived,bpsexpprov_de78525e2bbb6ca424c54f66,false,true,GRDP series 2010 ADHB,current_prices_series_2010,qualification_id=q_sector_share_adhb2010; source_universe=Regional gross value added by BPS industry classification; source_geography=turvar:472:Kabupaten Pasaman; geography_mapping=qualified_source_dimension_alias; source_selector=vervar:300:C. Industri Pengolahan|turvar:472:Kabupaten Pasaman; transform=share_percent; source_denominator=8969724.02; quality_rule=derive only within same source variable geography and year; require positive total PDRB and share within 0-100
bpsexpobs_33e8aa437c3244b9432d70d2,rice_yield,idn.13.1301,2019-01-01,2019-12-31,annual,2.5170000000000003,tonnes_per_hectare,derived,bpsexpprov_4175fb009f15e20368cb7b1e,false,true,KSA,,qualification_id=q_rice_yield_ksa; source_universe=Rice harvested area and production under BPS KSA methodology; source_geography=vervar:1301:Kab. Kepulauan Mentawai; geography_mapping=qualified_current_code; source_selector=vervar:1301:Kab. Kepulauan Mentawai|turvar:244:Produktivitas (Kuintal/Hektar); transform=quintal_per_hectare_to_tonnes_per_hectare; quality_rule=convert productivity from quintal per hectare to tonnes per hectare by exact factor 0.1; retain KSA revision notes and 2025 Kota Pariaman LBS caveat
bpsexpobs_3401da580c129662ccfa9826,gini_ratio,idn.13,2019-03-01,2019-03-31,annual,0.306,index,observed,bpsexpprov_273c800e157c448f81795f49,false,true,Susenas March,,qualification_id=q_gini_march; source_universe=Population expenditure distribution under BPS Susenas welfare aggregate; source_geography=vervar:1300:Sumatera Barat; geography_mapping=qualified_source_aggregate_alias; source_selector=vervar:1300:Sumatera Barat|turvar:0:Tidak ada; transform=identity; quality_rule=canonicalize province aggregate only; retain local API rows as held source-native
bpsexpobs_34b58976f5b7382dd719d749,underemployment_rate,idn.13.1307,2021-08-01,2021-08-31,annual,10.92,percent,observed,bpsexpprov_227f7b196629e133536fef6d,false,,August Sakernas,,qualification_id=q_underemployment_august; source_universe=Employed persons meeting BPS underemployment criteria; source_geography=vervar:1307:Kab. Agam; geography_mapping=qualified_current_code; source_selector=vervar:1307:Kab. Agam|turvar:1081:Setengah Pengangguran; transform=identity; quality_rule=retain source weighting-regime notes and leave cross-regime comparability unresolved
bpsexpobs_34c3631d4ce5912dd10fc759,agriculture_share_grdp,idn.13.1307,2018-01-01,2018-12-31,annual,31.51608678371842,percent,derived,bpsexpprov_ac4cc8d5cae12e620dffc9f2,false,true,GRDP series 2010 ADHB,current_prices_series_2010,"qualification_id=q_sector_share_adhb2010; source_universe=Regional gross value added by BPS industry classification; source_geography=turvar:470:Kabupaten Agam; geography_mapping=qualified_source_dimension_alias; source_selector=vervar:100:A. Pertanian, Kehutanan dan Perikanan|turvar:470:Kabupaten Agam; transform=share_percent; source_denominator=19145918.5; quality_rule=derive only within same source variable geography and year; require positive total PDRB and share within 0-100"
bpsexpobs_35a780d8dc1e8ad97a0413ed,rice_yield,idn.13.1302,2024-01-01,2024-12-31,annual,4.878,tonnes_per_hectare,derived,bpsexpprov_de6b038fe64e47f00ce56036,false,true,KSA,,qualification_id=q_rice_yield_ksa; source_universe=Rice harvested area and production under BPS KSA methodology; source_geography=vervar:1302:Kab. Pesisir Selatan; geography_mapping=qualified_current_code; source_selector=vervar:1302:Kab. Pesisir Selatan|turvar:244:Produktivitas (Kuintal/Hektar); transform=quintal_per_hectare_to_tonnes_per_hectare; quality_rule=convert productivity from quintal per hectare to tonnes per hectare by exact factor 0.1; retain KSA revision notes and 2025 Kota Pariaman LBS caveat
bpsexpobs_369459f848ce66f673cbb7a7,gini_ratio,idn.13,2023-03-01,2023-03-31,annual,0.28,index,observed,bpsexpprov_d951f9c42d4f32ceb5a76bda,false,true,Susenas March,,qualification_id=q_gini_march; source_universe=Population expenditure distribution under BPS Susenas welfare aggregate; source_geography=vervar:1300:Sumatera Barat; geography_mapping=qualified_source_aggregate_alias; source_selector=vervar:1300:Sumatera Barat|turvar:0:Tidak ada; transform=identity; quality_rule=canonicalize province aggregate only; retain local API rows as held source-native
bpsexpobs_36ca565aa62aa25a8f6af55b,underemployment_rate,idn.13.1309,2022-08-01,2022-08-31,annual,15.06,percent,observed,bpsexpprov_c7f222b804ed42981996759c,false,,August Sakernas,,qualification_id=q_underemployment_august; source_universe=Employed persons meeting BPS underemployment criteria; source_geography=vervar:1309:Kab. Pasaman; geography_mapping=qualified_current_code; source_selector=vervar:1309:Kab. Pasaman|turvar:1081:Setengah Pengangguran; transform=identity; quality_rule=retain source weighting-regime notes and leave cross-regime comparability unresolved
bpsexpobs_36d8885890c763f8d2cdc147,manufacturing_share_grdp,idn.13.1301,2019-01-01,2019-12-31,annual,2.332014387973362,percent,derived,bpsexpprov_629b7a2fd64bfc274cc445e1,false,true,GRDP series 2010 ADHB,current_prices_series_2010,qualification_id=q_sector_share_adhb2010; source_universe=Regional gross value added by BPS industry classification; source_geography=turvar:464:Kabupaten Kepulauan Mentawai; geography_mapping=qualified_source_dimension_alias; source_selector=vervar:300:C. Industri Pengolahan|turvar:464:Kabupaten Kepulauan Mentawai; transform=share_percent; source_denominator=4665093.43; quality_rule=derive only within same source variable geography and year; require positive total PDRB and share within 0-100
bpsexpobs_36eb44d6237b730086e504f4,agriculture_share_grdp,idn.13.1306,2020-01-01,2020-12-31,annual,22.67950715253003,percent,derived,bpsexpprov_de78525e2bbb6ca424c54f66,false,true,GRDP series 2010 ADHB,current_prices_series_2010,"qualification_id=q_sector_share_adhb2010; source_universe=Regional gross value added by BPS industry classification; source_geography=turvar:469:Kabupaten Padang Pariaman; geography_mapping=qualified_source_dimension_alias; source_selector=vervar:100:A. Pertanian, Kehutanan dan Perikanan|turvar:469:Kabupaten Padang Pariaman; transform=share_percent; source_denominator=17934814.6; quality_rule=derive only within same source variable geography and year; require positive total PDRB and share within 0-100"
bpsexpobs_378f67f461f716e89520f648,manufacturing_share_grdp,idn.13.1306,2020-01-01,2020-12-31,annual,11.193872224360769,percent,derived,bpsexpprov_de78525e2bbb6ca424c54f66,false,true,GRDP series 2010 ADHB,current_prices_series_2010,qualification_id=q_sector_share_adhb2010; source_universe=Regional gross value added by BPS industry classification; source_geography=turvar:469:Kabupaten Padang Pariaman; geography_mapping=qualified_source_dimension_alias; source_selector=vervar:300:C. Industri Pengolahan|turvar:469:Kabupaten Padang Pariaman; transform=share_percent; source_denominator=17934814.6; quality_rule=derive only within same source variable geography and year; require positive total PDRB and share within 0-100
bpsexpobs_38619f66d133cfffa700429b,manufacturing_share_grdp,idn.13.1305,2021-01-01,2021-12-31,annual,10.722800932683391,percent,derived,bpsexpprov_1bd70093852bc1965baeadf8,false,true,GRDP series 2010 ADHB,current_prices_series_2010,qualification_id=q_sector_share_adhb2010; source_universe=Regional gross value added by BPS industry classification; source_geography=turvar:468:Kabupaten Tanah Datar; geography_mapping=qualified_source_dimension_alias; source_selector=vervar:300:C. Industri Pengolahan|turvar:468:Kabupaten Tanah Datar; transform=share_percent; source_denominator=13590935.7; quality_rule=derive only within same source variable geography and year; require positive total PDRB and share within 0-100
bpsexpobs_398cf266b09f16494dbc5ab1,rice_yield,idn.13.1375,2025-01-01,2025-12-31,annual,6.348,tonnes_per_hectare,derived,bpsexpprov_a33789296bace61af429580d,false,,KSA,,qualification_id=q_rice_yield_ksa; source_universe=Rice harvested area and production under BPS KSA methodology; source_geography=vervar:1375:Kota Bukittinggi; geography_mapping=qualified_current_code; source_selector=vervar:1375:Kota Bukittinggi|turvar:244:Produktivitas (Kuintal/Hektar); transform=quintal_per_hectare_to_tonnes_per_hectare; quality_rule=convert productivity from quintal per hectare to tonnes per hectare by exact factor 0.1; retain KSA revision notes and 2025 Kota Pariaman LBS caveat
bpsexpobs_39ff8fe06d695a6dccb9f640,agriculture_share_grdp,idn.13.1303,2020-01-01,2020-12-31,annual,35.01349625416376,percent,derived,bpsexpprov_de78525e2bbb6ca424c54f66,false,true,GRDP series 2010 ADHB,current_prices_series_2010,"qualification_id=q_sector_share_adhb2010; source_universe=Regional gross value added by BPS industry classification; source_geography=turvar:466:Kabupaten Solok; geography_mapping=qualified_source_dimension_alias; source_selector=vervar:100:A. Pertanian, Kehutanan dan Perikanan|turvar:466:Kabupaten Solok; transform=share_percent; source_denominator=13581968.58; quality_rule=derive only within same source variable geography and year; require positive total PDRB and share within 0-100"
bpsexpobs_3ac6a9ee32f096d906baa3c5,underemployment_rate,idn.13.1375,2020-08-01,2020-08-31,annual,8.89,percent,observed,bpsexpprov_31afeaa8c374b636e60a0d0c,false,,August Sakernas,,qualification_id=q_underemployment_august; source_universe=Employed persons meeting BPS underemployment criteria; source_geography=vervar:1375:Kota Bukittinggi; geography_mapping=qualified_current_code; source_selector=vervar:1375:Kota Bukittinggi|turvar:1081:Setengah Pengangguran; transform=identity; quality_rule=retain source weighting-regime notes and leave cross-regime comparability unresolved
bpsexpobs_3c75b67f7c1941f01df543cb,rice_yield,idn.13.1377,2024-01-01,2024-12-31,annual,4.889,tonnes_per_hectare,derived,bpsexpprov_de6b038fe64e47f00ce56036,false,true,KSA,,qualification_id=q_rice_yield_ksa; source_universe=Rice harvested area and production under BPS KSA methodology; source_geography=vervar:1377:Kota Pariaman; geography_mapping=qualified_current_code; source_selector=vervar:1377:Kota Pariaman|turvar:244:Produktivitas (Kuintal/Hektar); transform=quintal_per_hectare_to_tonnes_per_hectare; quality_rule=convert productivity from quintal per hectare to tonnes per hectare by exact factor 0.1; retain KSA revision notes and 2025 Kota Pariaman LBS caveat
bpsexpobs_3c879b069e0b383e9dcd2103,rice_yield,idn.13.1375,2024-01-01,2024-12-31,annual,6.311,tonnes_per_hectare,derived,bpsexpprov_de6b038fe64e47f00ce56036,false,true,KSA,,qualification_id=q_rice_yield_ksa; source_universe=Rice harvested area and production under BPS KSA methodology; source_geography=vervar:1375:Kota Bukittinggi; geography_mapping=qualified_current_code; source_selector=vervar:1375:Kota Bukittinggi|turvar:244:Produktivitas (Kuintal/Hektar); transform=quintal_per_hectare_to_tonnes_per_hectare; quality_rule=convert productivity from quintal per hectare to tonnes per hectare by exact factor 0.1; retain KSA revision notes and 2025 Kota Pariaman LBS caveat
bpsexpobs_3c8c0391609c9d961c3d5c8b,rice_yield,idn.13.1302,2025-01-01,2025-12-31,annual,5.188000000000001,tonnes_per_hectare,derived,bpsexpprov_a33789296bace61af429580d,false,,KSA,,qualification_id=q_rice_yield_ksa; source_universe=Rice harvested area and production under BPS KSA methodology; source_geography=vervar:1302:Kab. Pesisir Selatan; geography_mapping=qualified_current_code; source_selector=vervar:1302:Kab. Pesisir Selatan|turvar:244:Produktivitas (Kuintal/Hektar); transform=quintal_per_hectare_to_tonnes_per_hectare; quality_rule=convert productivity from quintal per hectare to tonnes per hectare by exact factor 0.1; retain KSA revision notes and 2025 Kota Pariaman LBS caveat
bpsexpobs_3cdb7de5f7ea600c1e3b44c6,agriculture_share_grdp,idn.13.1375,2020-01-01,2020-12-31,annual,1.175438847645525,percent,derived,bpsexpprov_de78525e2bbb6ca424c54f66,false,true,GRDP series 2010 ADHB,current_prices_series_2010,"qualification_id=q_sector_share_adhb2010; source_universe=Regional gross value added by BPS industry classification; source_geography=turvar:480:Kota Bukittinggi; geography_mapping=qualified_source_dimension_alias; source_selector=vervar:100:A. Pertanian, Kehutanan dan Perikanan|turvar:480:Kota Bukittinggi; transform=share_percent; source_denominator=8627533.47; quality_rule=derive only within same source variable geography and year; require positive total PDRB and share within 0-100"
bpsexpobs_3eb6e2162a53d16b00184160,export_value,idn.13,2019-01-01,2019-12-31,annual,1339153219.0,usd,observed,bpsexpprov_96f4ba7a79702797b8477131,false,true,BPS export statistics / customs-document compilation,,qualification_id=q_export_port_loading; source_universe=Exports recorded by the official Sumatera Barat BPS export source family; source_geography=constant_province:constant_province:Sumatera Barat; geography_mapping=qualified_constant_source_scope; source_selector=vervar:13:Jumlah|turvar:420:Nilai (US$); transform=identity; quality_rule=select annual Jumlah and Nilai US$ only; preserve source concept and do not infer production origin
bpsexpobs_3eded079c4b5f6b46366192b,rice_yield,idn.13.1306,2023-01-01,2023-12-31,annual,4.914000000000001,tonnes_per_hectare,derived,bpsexpprov_98ad288c955db1b72d61718e,false,true,KSA,,qualification_id=q_rice_yield_ksa; source_universe=Rice harvested area and production under BPS KSA methodology; source_geography=vervar:1306:Kab. Padang Pariaman; geography_mapping=qualified_current_code; source_selector=vervar:1306:Kab. Padang Pariaman|turvar:244:Produktivitas (Kuintal/Hektar); transform=quintal_per_hectare_to_tonnes_per_hectare; quality_rule=convert productivity from quintal per hectare to tonnes per hectare by exact factor 0.1; retain KSA revision notes and 2025 Kota Pariaman LBS caveat
bpsexpobs_3f635f9e2f9cfe1fd0a5be83,rice_yield,idn.13.1372,2025-01-01,2025-12-31,annual,5.828,tonnes_per_hectare,derived,bpsexpprov_a33789296bace61af429580d,false,,KSA,,qualification_id=q_rice_yield_ksa; source_universe=Rice harvested area and production under BPS KSA methodology; source_geography=vervar:1372:Kota Solok; geography_mapping=qualified_current_code; source_selector=vervar:1372:Kota Solok|turvar:244:Produktivitas (Kuintal/Hektar); transform=quintal_per_hectare_to_tonnes_per_hectare; quality_rule=convert productivity from quintal per hectare to tonnes per hectare by exact factor 0.1; retain KSA revision notes and 2025 Kota Pariaman LBS caveat
bpsexpobs_3fa65f351d060cef5d314954,manufacturing_share_grdp,idn.13.1312,2020-01-01,2020-12-31,annual,13.289586234625816,percent,derived,bpsexpprov_de78525e2bbb6ca424c54f66,false,true,GRDP series 2010 ADHB,current_prices_series_2010,qualification_id=q_sector_share_adhb2010; source_universe=Regional gross value added by BPS industry classification; source_geography=turvar:475:Kabupaten Pasaman Barat; geography_mapping=qualified_source_dimension_alias; source_selector=vervar:300:C. Industri Pengolahan|turvar:475:Kabupaten Pasaman Barat; transform=share_percent; source_denominator=15253000.84; quality_rule=derive only within same source variable geography and year; require positive total PDRB and share within 0-100
bpsexpobs_3fdeace40cb9c335cde7a9fc,manufacturing_share_grdp,idn.13.1371,2018-01-01,2018-12-31,annual,13.147314503351216,percent,derived,bpsexpprov_ac4cc8d5cae12e620dffc9f2,false,true,GRDP series 2010 ADHB,current_prices_series_2010,qualification_id=q_sector_share_adhb2010; source_universe=Regional gross value added by BPS industry classification; source_geography=turvar:476:Kota Padang; geography_mapping=qualified_source_dimension_alias; source_selector=vervar:300:C. Industri Pengolahan|turvar:476:Kota Padang; transform=share_percent; source_denominator=57506842.01; quality_rule=derive only within same source variable geography and year; require positive total PDRB and share within 0-100
bpsexpobs_3ff67390c0fb5244f98c2b9f,agriculture_share_grdp,idn.13.1301,2020-01-01,2020-12-31,annual,48.65025734182846,percent,derived,bpsexpprov_de78525e2bbb6ca424c54f66,false,true,GRDP series 2010 ADHB,current_prices_series_2010,"qualification_id=q_sector_share_adhb2010; source_universe=Regional gross value added by BPS industry classification; source_geography=turvar:464:Kabupaten Kepulauan Mentawai; geography_mapping=qualified_source_dimension_alias; source_selector=vervar:100:A. Pertanian, Kehutanan dan Perikanan|turvar:464:Kabupaten Kepulauan Mentawai; transform=share_percent; source_denominator=4647099.18; quality_rule=derive only within same source variable geography and year; require positive total PDRB and share within 0-100"
bpsexpobs_40270516076ff4d48f07bc74,underemployment_rate,idn.13.1311,2020-08-01,2020-08-31,annual,9.79,percent,observed,bpsexpprov_31afeaa8c374b636e60a0d0c,false,,August Sakernas,,qualification_id=q_underemployment_august; source_universe=Employed persons meeting BPS underemployment criteria; source_geography=vervar:1311:Kab. Dharmasraya; geography_mapping=qualified_current_code; source_selector=vervar:1311:Kab. Dharmasraya|turvar:1081:Setengah Pengangguran; transform=identity; quality_rule=retain source weighting-regime notes and leave cross-regime comparability unresolved
bpsexpobs_4058b99de8f4cc17615ec281,agriculture_share_grdp,idn.13.1309,2021-01-01,2021-12-31,annual,47.02809224513089,percent,derived,bpsexpprov_1bd70093852bc1965baeadf8,false,true,GRDP series 2010 ADHB,current_prices_series_2010,"qualification_id=q_sector_share_adhb2010; source_universe=Regional gross value added by BPS industry classification; source_geography=turvar:472:Kabupaten Pasaman; geography_mapping=qualified_source_dimension_alias; source_selector=vervar:100:A. Pertanian, Kehutanan dan Perikanan|turvar:472:Kabupaten Pasaman; transform=share_percent; source_denominator=9432449.73; quality_rule=derive only within same source variable geography and year; require positive total PDRB and share within 0-100"
bpsexpobs_40a5498a8e6e7cfe368ccb8c,manufacturing_share_grdp,idn.13.1308,2020-01-01,2020-12-31,annual,6.356544335336592,percent,derived,bpsexpprov_de78525e2bbb6ca424c54f66,false,true,GRDP series 2010 ADHB,current_prices_series_2010,qualification_id=q_sector_share_adhb2010; source_universe=Regional gross value added by BPS industry classification; source_geography=turvar:471:Kabupaten Limapuluh Kota; geography_mapping=qualified_source_dimension_alias; source_selector=vervar:300:C. Industri Pengolahan|turvar:471:Kabupaten Limapuluh Kota; transform=share_percent; source_denominator=15541500.82; quality_rule=derive only within same source variable geography and year; require positive total PDRB and share within 0-100
bpsexpobs_4101922759fde228a5edabde,agriculture_share_grdp,idn.13.1312,2020-01-01,2020-12-31,annual,39.871685144416475,percent,derived,bpsexpprov_de78525e2bbb6ca424c54f66,false,true,GRDP series 2010 ADHB,current_prices_series_2010,"qualification_id=q_sector_share_adhb2010; source_universe=Regional gross value added by BPS industry classification; source_geography=turvar:475:Kabupaten Pasaman Barat; geography_mapping=qualified_source_dimension_alias; source_selector=vervar:100:A. Pertanian, Kehutanan dan Perikanan|turvar:475:Kabupaten Pasaman Barat; transform=share_percent; source_denominator=15253000.84; quality_rule=derive only within same source variable geography and year; require positive total PDRB and share within 0-100"
bpsexpobs_415af4ad0bd40bd76e30e850,rice_yield,idn.13.1304,2022-01-01,2022-12-31,annual,3.8450000000000006,tonnes_per_hectare,derived,bpsexpprov_7bec558ef289b8b581c4f745,false,true,KSA,,qualification_id=q_rice_yield_ksa; source_universe=Rice harvested area and production under BPS KSA methodology; source_geography=vervar:1304:Kab. Sijunjung; geography_mapping=qualified_current_code; source_selector=vervar:1304:Kab. Sijunjung|turvar:244:Produktivitas (Kuintal/Hektar); transform=quintal_per_hectare_to_tonnes_per_hectare; quality_rule=convert productivity from quintal per hectare to tonnes per hectare by exact factor 0.1; retain KSA revision notes and 2025 Kota Pariaman LBS caveat
bpsexpobs_422669c1bac7c430bf3541be,rice_yield,idn.13.1371,2024-01-01,2024-12-31,annual,4.861000000000001,tonnes_per_hectare,derived,bpsexpprov_de6b038fe64e47f00ce56036,false,true,KSA,,qualification_id=q_rice_yield_ksa; source_universe=Rice harvested area and production under BPS KSA methodology; source_geography=vervar:1371:Kota Padang; geography_mapping=qualified_current_code; source_selector=vervar:1371:Kota Padang|turvar:244:Produktivitas (Kuintal/Hektar); transform=quintal_per_hectare_to_tonnes_per_hectare; quality_rule=convert productivity from quintal per hectare to tonnes per hectare by exact factor 0.1; retain KSA revision notes and 2025 Kota Pariaman LBS caveat
bpsexpobs_425a6d7e14c6e82d923d2bca,manufacturing_share_grdp,idn.13.1377,2020-01-01,2020-12-31,annual,6.886592407652497,percent,derived,bpsexpprov_de78525e2bbb6ca424c54f66,false,true,GRDP series 2010 ADHB,current_prices_series_2010,qualification_id=q_sector_share_adhb2010; source_universe=Regional gross value added by BPS industry classification; source_geography=turvar:482:Kota Pariaman; geography_mapping=qualified_source_dimension_alias; source_selector=vervar:300:C. Industri Pengolahan|turvar:482:Kota Pariaman; transform=share_percent; source_denominator=4994093.59; quality_rule=derive only within same source variable geography and year; require positive total PDRB and share within 0-100
bpsexpobs_434eb10f94914ffef7aa9b74,underemployment_rate,idn.13.1312,2024-08-01,2024-08-31,annual,15.86,percent,observed,bpsexpprov_46b601c94fb495d28c921a1c,false,,August Sakernas,,qualification_id=q_underemployment_august; source_universe=Employed persons meeting BPS underemployment criteria; source_geography=vervar:1312:Kab. Pasaman Barat; geography_mapping=qualified_current_code; source_selector=vervar:1312:Kab. Pasaman Barat|turvar:1081:Setengah Pengangguran; transform=identity; quality_rule=retain source weighting-regime notes and leave cross-regime comparability unresolved
bpsexpobs_442eddea74c24bcb82d78aef,export_value,idn.13,2020-01-01,2020-12-31,annual,1531839883.0,usd,observed,bpsexpprov_8bc5dfcb9cf18d70e4644fdb,false,true,BPS export statistics / customs-document compilation,,qualification_id=q_export_port_loading; source_universe=Exports recorded by the official Sumatera Barat BPS export source family; source_geography=constant_province:constant_province:Sumatera Barat; geography_mapping=qualified_constant_source_scope; source_selector=vervar:13:Jumlah|turvar:420:Nilai (US$); transform=identity; quality_rule=select annual Jumlah and Nilai US$ only; preserve source concept and do not infer production origin
bpsexpobs_4447210e727c40a9b0e6a6b4,rice_yield,idn.13,2023-01-01,2023-12-31,annual,4.932,tonnes_per_hectare,derived,bpsexpprov_98ad288c955db1b72d61718e,false,true,KSA,,qualification_id=q_rice_yield_ksa; source_universe=Rice harvested area and production under BPS KSA methodology; source_geography=vervar:1378:Provinsi Sumatera Barat; geography_mapping=qualified_source_aggregate_alias; source_selector=vervar:1378:Provinsi Sumatera Barat|turvar:244:Produktivitas (Kuintal/Hektar); transform=quintal_per_hectare_to_tonnes_per_hectare; quality_rule=convert productivity from quintal per hectare to tonnes per hectare by exact factor 0.1; retain KSA revision notes and 2025 Kota Pariaman LBS caveat
bpsexpobs_454a5a7f7b81f28d360e1dca,manufacturing_share_grdp,idn.13.1304,2021-01-01,2021-12-31,annual,2.729972179893606,percent,derived,bpsexpprov_1bd70093852bc1965baeadf8,false,true,GRDP series 2010 ADHB,current_prices_series_2010,qualification_id=q_sector_share_adhb2010; source_universe=Regional gross value added by BPS industry classification; source_geography=turvar:467:Kabupaten Sijunjung; geography_mapping=qualified_source_dimension_alias; source_selector=vervar:300:C. Industri Pengolahan|turvar:467:Kabupaten Sijunjung; transform=share_percent; source_denominator=9567673.69; quality_rule=derive only within same source variable geography and year; require positive total PDRB and share within 0-100
bpsexpobs_45ce26136fc877cd3ead8337,agriculture_share_grdp,idn.13.1376,2018-01-01,2018-12-31,annual,6.745686663780463,percent,derived,bpsexpprov_ac4cc8d5cae12e620dffc9f2,false,true,GRDP series 2010 ADHB,current_prices_series_2010,"qualification_id=q_sector_share_adhb2010; source_universe=Regional gross value added by BPS industry classification; source_geography=turvar:481:Kota Payakumbuh; geography_mapping=qualified_source_dimension_alias; source_selector=vervar:100:A. Pertanian, Kehutanan dan Perikanan|turvar:481:Kota Payakumbuh; transform=share_percent; source_denominator=6134700.3; quality_rule=derive only within same source variable geography and year; require positive total PDRB and share within 0-100"
bpsexpobs_46146e87c3d710fe1a66bbe4,underemployment_rate,idn.13.1303,2020-08-01,2020-08-31,annual,12.76,percent,observed,bpsexpprov_31afeaa8c374b636e60a0d0c,false,,August Sakernas,,qualification_id=q_underemployment_august; source_universe=Employed persons meeting BPS underemployment criteria; source_geography=vervar:1303:Kab. Solok; geography_mapping=qualified_current_code; source_selector=vervar:1303:Kab. Solok|turvar:1081:Setengah Pengangguran; transform=identity; quality_rule=retain source weighting-regime notes and leave cross-regime comparability unresolved
bpsexpobs_4630691ba7d2119ef00b0c21,rice_yield,idn.13.1307,2021-01-01,2021-12-31,annual,5.140000000000001,tonnes_per_hectare,derived,bpsexpprov_1fe8aa76eff04c735a65a290,false,true,KSA,,qualification_id=q_rice_yield_ksa; source_universe=Rice harvested area and production under BPS KSA methodology; source_geography=vervar:1307:Kab. Agam; geography_mapping=qualified_current_code; source_selector=vervar:1307:Kab. Agam|turvar:244:Produktivitas (Kuintal/Hektar); transform=quintal_per_hectare_to_tonnes_per_hectare; quality_rule=convert productivity from quintal per hectare to tonnes per hectare by exact factor 0.1; retain KSA revision notes and 2025 Kota Pariaman LBS caveat
bpsexpobs_4649f41a3e5948e2ec43cd78,underemployment_rate,idn.13.1374,2021-08-01,2021-08-31,annual,6.58,percent,observed,bpsexpprov_227f7b196629e133536fef6d,false,,August Sakernas,,qualification_id=q_underemployment_august; source_universe=Employed persons meeting BPS underemployment criteria; source_geography=vervar:1374:Kota Padang Panjang; geography_mapping=qualified_current_code; source_selector=vervar:1374:Kota Padang Panjang|turvar:1081:Setengah Pengangguran; transform=identity; quality_rule=retain source weighting-regime notes and leave cross-regime comparability unresolved
bpsexpobs_46c8813773218a875cf1a65c,underemployment_rate,idn.13.1375,2018-08-01,2018-08-31,annual,3.63,percent,observed,bpsexpprov_5b8e8c914fb6f4aed45ae1c5,false,,August Sakernas,,qualification_id=q_underemployment_august; source_universe=Employed persons meeting BPS underemployment criteria; source_geography=vervar:1375:Kota Bukittinggi; geography_mapping=qualified_current_code; source_selector=vervar:1375:Kota Bukittinggi|turvar:1081:Setengah Pengangguran; transform=identity; quality_rule=retain source weighting-regime notes and leave cross-regime comparability unresolved
bpsexpobs_470757bb60cf15ea27348c32,agriculture_share_grdp,idn.13.1371,2023-01-01,2023-12-31,annual,5.016715630288771,percent,derived,bpsexpprov_742c671ae22c147b388a75dc,false,true,GRDP series 2010 ADHB,current_prices_series_2010,"qualification_id=q_sector_share_adhb2010; source_universe=Regional gross value added by BPS industry classification; source_geography=turvar:476:Kota Padang; geography_mapping=qualified_source_dimension_alias; source_selector=vervar:100:A. Pertanian, Kehutanan dan Perikanan|turvar:476:Kota Padang; transform=share_percent; source_denominator=79704673.23; quality_rule=derive only within same source variable geography and year; require positive total PDRB and share within 0-100"
bpsexpobs_4741172cb386f60f63084bae,agriculture_share_grdp,idn.13.1302,2018-01-01,2018-12-31,annual,39.280322117564594,percent,derived,bpsexpprov_ac4cc8d5cae12e620dffc9f2,false,true,GRDP series 2010 ADHB,current_prices_series_2010,"qualification_id=q_sector_share_adhb2010; source_universe=Regional gross value added by BPS industry classification; source_geography=turvar:465:Kabupaten Pesisir Selatan; geography_mapping=qualified_source_dimension_alias; source_selector=vervar:100:A. Pertanian, Kehutanan dan Perikanan|turvar:465:Kabupaten Pesisir Selatan; transform=share_percent; source_denominator=13045984.64; quality_rule=derive only within same source variable geography and year; require positive total PDRB and share within 0-100"
bpsexpobs_47a956ce8555d99fd70c237e,manufacturing_share_grdp,idn.13.1375,2020-01-01,2020-12-31,annual,5.1854484431226435,percent,derived,bpsexpprov_de78525e2bbb6ca424c54f66,false,true,GRDP series 2010 ADHB,current_prices_series_2010,qualification_id=q_sector_share_adhb2010; source_universe=Regional gross value added by BPS industry classification; source_geography=turvar:480:Kota Bukittinggi; geography_mapping=qualified_source_dimension_alias; source_selector=vervar:300:C. Industri Pengolahan|turvar:480:Kota Bukittinggi; transform=share_percent; source_denominator=8627533.47; quality_rule=derive only within same source variable geography and year; require positive total PDRB and share within 0-100
bpsexpobs_47b1a0d253d9988798b4b1eb,population_total,idn.13.1301,2020-09-01,2020-09-30,annual,87623.0,persons,observed,bpsexpprov_9de0c2885fb2df7b9c780beb,false,true,Sensus Penduduk 2020,,qualification_id=q_population_sp2020; source_universe=Resident population under SP2020 census definition; source_geography=vervar:1301:Kepulauan Mentawai; geography_mapping=qualified_current_code; source_selector=vervar:1301:Kepulauan Mentawai|turvar:34:Laki-Laki + Perempuan; transform=identity; quality_rule=select total sex category only and retain census reference period
bpsexpobs_48249d1a3742906f85f85305,rice_yield,idn.13.1312,2019-01-01,2019-12-31,annual,4.57,tonnes_per_hectare,derived,bpsexpprov_4175fb009f15e20368cb7b1e,false,true,KSA,,qualification_id=q_rice_yield_ksa; source_universe=Rice harvested area and production under BPS KSA methodology; source_geography=vervar:1312:Kab. Pasaman Barat; geography_mapping=qualified_current_code; source_selector=vervar:1312:Kab. Pasaman Barat|turvar:244:Produktivitas (Kuintal/Hektar); transform=quintal_per_hectare_to_tonnes_per_hectare; quality_rule=convert productivity from quintal per hectare to tonnes per hectare by exact factor 0.1; retain KSA revision notes and 2025 Kota Pariaman LBS caveat
bpsexpobs_482f24fd9134117b16a32b90,gini_ratio,idn.13,2018-03-01,2018-03-31,annual,0.321,index,observed,bpsexpprov_8c2b1f6067a20710a0995b04,false,true,Susenas March,,qualification_id=q_gini_march; source_universe=Population expenditure distribution under BPS Susenas welfare aggregate; source_geography=vervar:1300:Sumatera Barat; geography_mapping=qualified_source_aggregate_alias; source_selector=vervar:1300:Sumatera Barat|turvar:0:Tidak ada; transform=identity; quality_rule=canonicalize province aggregate only; retain local API rows as held source-native
bpsexpobs_48637a46d197470fa6d4a3d0,underemployment_rate,idn.13.1373,2019-08-01,2019-08-31,annual,6.21,percent,observed,bpsexpprov_a5eff4174dcceeb54b88c07d,false,,August Sakernas,,qualification_id=q_underemployment_august; source_universe=Employed persons meeting BPS underemployment criteria; source_geography=vervar:1373:Kota Sawahlunto; geography_mapping=qualified_current_code; source_selector=vervar:1373:Kota Sawahlunto|turvar:1081:Setengah Pengangguran; transform=identity; quality_rule=retain source weighting-regime notes and leave cross-regime comparability unresolved
bpsexpobs_48783c5de02abbd27f0671c9,underemployment_rate,idn.13.1304,2023-08-01,2023-08-31,annual,11.69,percent,observed,bpsexpprov_5d4e122cca677f83fa39043d,false,,August Sakernas,,qualification_id=q_underemployment_august; source_universe=Employed persons meeting BPS underemployment criteria; source_geography=vervar:1304:Kab. Sijunjung; geography_mapping=qualified_current_code; source_selector=vervar:1304:Kab. Sijunjung|turvar:1081:Setengah Pengangguran; transform=identity; quality_rule=retain source weighting-regime notes and leave cross-regime comparability unresolved
bpsexpobs_48cb1d051c7349a8afbe4761,rice_yield,idn.13.1301,2020-01-01,2020-12-31,annual,2.471,tonnes_per_hectare,derived,bpsexpprov_4ea81f7d026a48bf672ef4dc,false,true,KSA,,qualification_id=q_rice_yield_ksa; source_universe=Rice harvested area and production under BPS KSA methodology; source_geography=vervar:1301:Kab. Kepulauan Mentawai; geography_mapping=qualified_current_code; source_selector=vervar:1301:Kab. Kepulauan Mentawai|turvar:244:Produktivitas (Kuintal/Hektar); transform=quintal_per_hectare_to_tonnes_per_hectare; quality_rule=convert productivity from quintal per hectare to tonnes per hectare by exact factor 0.1; retain KSA revision notes and 2025 Kota Pariaman LBS caveat
bpsexpobs_49f2210eb08722df8d16a84f,underemployment_rate,idn.13.1311,2022-08-01,2022-08-31,annual,6.6,percent,observed,bpsexpprov_c7f222b804ed42981996759c,false,,August Sakernas,,qualification_id=q_underemployment_august; source_universe=Employed persons meeting BPS underemployment criteria; source_geography=vervar:1311:Kab. Dharmasraya; geography_mapping=qualified_current_code; source_selector=vervar:1311:Kab. Dharmasraya|turvar:1081:Setengah Pengangguran; transform=identity; quality_rule=retain source weighting-regime notes and leave cross-regime comparability unresolved
bpsexpobs_4a0bb842ccfca93c1063f0f8,agriculture_share_grdp,idn.13.1375,2023-01-01,2023-12-31,annual,1.0596627999226635,percent,derived,bpsexpprov_742c671ae22c147b388a75dc,false,true,GRDP series 2010 ADHB,current_prices_series_2010,"qualification_id=q_sector_share_adhb2010; source_universe=Regional gross value added by BPS industry classification; source_geography=turvar:480:Kota Bukittinggi; geography_mapping=qualified_source_dimension_alias; source_selector=vervar:100:A. Pertanian, Kehutanan dan Perikanan|turvar:480:Kota Bukittinggi; transform=share_percent; source_denominator=11131581.67; quality_rule=derive only within same source variable geography and year; require positive total PDRB and share within 0-100"
bpsexpobs_4a5e7ca4552b53963688653d,agriculture_share_grdp,idn.13.1308,2022-01-01,2022-12-31,annual,31.44389792824095,percent,derived,bpsexpprov_f01604e079fcaf5cd29dcab5,false,true,GRDP series 2010 ADHB,current_prices_series_2010,"qualification_id=q_sector_share_adhb2010; source_universe=Regional gross value added by BPS industry classification; source_geography=turvar:471:Kabupaten Limapuluh Kota; geography_mapping=qualified_source_dimension_alias; source_selector=vervar:100:A. Pertanian, Kehutanan dan Perikanan|turvar:471:Kabupaten Limapuluh Kota; transform=share_percent; source_denominator=17900605.78; quality_rule=derive only within same source variable geography and year; require positive total PDRB and share within 0-100"
bpsexpobs_4a9a280a77e5afd39b1c3f21,rice_yield,idn.13.1304,2025-01-01,2025-12-31,annual,4.082,tonnes_per_hectare,derived,bpsexpprov_a33789296bace61af429580d,false,,KSA,,qualification_id=q_rice_yield_ksa; source_universe=Rice harvested area and production under BPS KSA methodology; source_geography=vervar:1304:Kab. Sijunjung; geography_mapping=qualified_current_code; source_selector=vervar:1304:Kab. Sijunjung|turvar:244:Produktivitas (Kuintal/Hektar); transform=quintal_per_hectare_to_tonnes_per_hectare; quality_rule=convert productivity from quintal per hectare to tonnes per hectare by exact factor 0.1; retain KSA revision notes and 2025 Kota Pariaman LBS caveat
bpsexpobs_4ab73f1d288ac6bcb8452b38,rice_yield,idn.13,2020-01-01,2020-12-31,annual,4.692,tonnes_per_hectare,derived,bpsexpprov_4ea81f7d026a48bf672ef4dc,false,true,KSA,,qualification_id=q_rice_yield_ksa; source_universe=Rice harvested area and production under BPS KSA methodology; source_geography=vervar:1378:Provinsi Sumatera Barat; geography_mapping=qualified_source_aggregate_alias; source_selector=vervar:1378:Provinsi Sumatera Barat|turvar:244:Produktivitas (Kuintal/Hektar); transform=quintal_per_hectare_to_tonnes_per_hectare; quality_rule=convert productivity from quintal per hectare to tonnes per hectare by exact factor 0.1; retain KSA revision notes and 2025 Kota Pariaman LBS caveat
bpsexpobs_4ad95e15dee7ad66df848fbb,manufacturing_share_grdp,idn.13.1303,2019-01-01,2019-12-31,annual,4.720325506524937,percent,derived,bpsexpprov_629b7a2fd64bfc274cc445e1,false,true,GRDP series 2010 ADHB,current_prices_series_2010,qualification_id=q_sector_share_adhb2010; source_universe=Regional gross value added by BPS industry classification; source_geography=turvar:466:Kabupaten Solok; geography_mapping=qualified_source_dimension_alias; source_selector=vervar:300:C. Industri Pengolahan|turvar:466:Kabupaten Solok; transform=share_percent; source_denominator=13580513.02; quality_rule=derive only within same source variable geography and year; require positive total PDRB and share within 0-100
bpsexpobs_4af2c3f67e15a7f0df6cb6fa,rice_yield,idn.13.1372,2024-01-01,2024-12-31,annual,5.678000000000001,tonnes_per_hectare,derived,bpsexpprov_de6b038fe64e47f00ce56036,false,true,KSA,,qualification_id=q_rice_yield_ksa; source_universe=Rice harvested area and production under BPS KSA methodology; source_geography=vervar:1372:Kota Solok; geography_mapping=qualified_current_code; source_selector=vervar:1372:Kota Solok|turvar:244:Produktivitas (Kuintal/Hektar); transform=quintal_per_hectare_to_tonnes_per_hectare; quality_rule=convert productivity from quintal per hectare to tonnes per hectare by exact factor 0.1; retain KSA revision notes and 2025 Kota Pariaman LBS caveat
bpsexpobs_4afddc103d569ef9bd6d1bf1,agriculture_share_grdp,idn.13.1307,2021-01-01,2021-12-31,annual,29.52978260941534,percent,derived,bpsexpprov_1bd70093852bc1965baeadf8,false,true,GRDP series 2010 ADHB,current_prices_series_2010,"qualification_id=q_sector_share_adhb2010; source_universe=Regional gross value added by BPS industry classification; source_geography=turvar:470:Kabupaten Agam; geography_mapping=qualified_source_dimension_alias; source_selector=vervar:100:A. Pertanian, Kehutanan dan Perikanan|turvar:470:Kabupaten Agam; transform=share_percent; source_denominator=21440412.46; quality_rule=derive only within same source variable geography and year; require positive total PDRB and share within 0-100"
bpsexpobs_4b48713a9e6e2d8cb0de0a3c,agriculture_share_grdp,idn.13.1304,2018-01-01,2018-12-31,annual,29.470655113809837,percent,derived,bpsexpprov_ac4cc8d5cae12e620dffc9f2,false,true,GRDP series 2010 ADHB,current_prices_series_2010,"qualification_id=q_sector_share_adhb2010; source_universe=Regional gross value added by BPS industry classification; source_geography=turvar:467:Kabupaten Sijunjung; geography_mapping=qualified_source_dimension_alias; source_selector=vervar:100:A. Pertanian, Kehutanan dan Perikanan|turvar:467:Kabupaten Sijunjung; transform=share_percent; source_denominator=8489458.04; quality_rule=derive only within same source variable geography and year; require positive total PDRB and share within 0-100"
bpsexpobs_4bb891406cd7391c28ca5ad5,manufacturing_share_grdp,idn.13.1309,2021-01-01,2021-12-31,annual,3.975624262351621,percent,derived,bpsexpprov_1bd70093852bc1965baeadf8,false,true,GRDP series 2010 ADHB,current_prices_series_2010,qualification_id=q_sector_share_adhb2010; source_universe=Regional gross value added by BPS industry classification; source_geography=turvar:472:Kabupaten Pasaman; geography_mapping=qualified_source_dimension_alias; source_selector=vervar:300:C. Industri Pengolahan|turvar:472:Kabupaten Pasaman; transform=share_percent; source_denominator=9432449.73; quality_rule=derive only within same source variable geography and year; require positive total PDRB and share within 0-100
bpsexpobs_4bcbb9ee89f32328e140ec8c,agriculture_share_grdp,idn.13.1371,2019-01-01,2019-12-31,annual,5.296117293849018,percent,derived,bpsexpprov_629b7a2fd64bfc274cc445e1,false,true,GRDP series 2010 ADHB,current_prices_series_2010,"qualification_id=q_sector_share_adhb2010; source_universe=Regional gross value added by BPS industry classification; source_geography=turvar:476:Kota Padang; geography_mapping=qualified_source_dimension_alias; source_selector=vervar:100:A. Pertanian, Kehutanan dan Perikanan|turvar:476:Kota Padang; transform=share_percent; source_denominator=62420470.82; quality_rule=derive only within same source variable geography and year; require positive total PDRB and share within 0-100"
bpsexpobs_4c273e6f491f01c6280a01f8,rice_yield,idn.13.1308,2020-01-01,2020-12-31,annual,4.36,tonnes_per_hectare,derived,bpsexpprov_4ea81f7d026a48bf672ef4dc,false,true,KSA,,qualification_id=q_rice_yield_ksa; source_universe=Rice harvested area and production under BPS KSA methodology; source_geography=vervar:1308:Kab. Lima Puluh Kota; geography_mapping=qualified_current_code; source_selector=vervar:1308:Kab. Lima Puluh Kota|turvar:244:Produktivitas (Kuintal/Hektar); transform=quintal_per_hectare_to_tonnes_per_hectare; quality_rule=convert productivity from quintal per hectare to tonnes per hectare by exact factor 0.1; retain KSA revision notes and 2025 Kota Pariaman LBS caveat
bpsexpobs_4c70f5892f57d0da2b0824ae,population_total,idn.13.1371,2020-09-01,2020-09-30,annual,909040.0,persons,observed,bpsexpprov_9de0c2885fb2df7b9c780beb,false,true,Sensus Penduduk 2020,,qualification_id=q_population_sp2020; source_universe=Resident population under SP2020 census definition; source_geography=vervar:1371:Padang; geography_mapping=qualified_current_code; source_selector=vervar:1371:Padang|turvar:34:Laki-Laki + Perempuan; transform=identity; quality_rule=select total sex category only and retain census reference period
bpsexpobs_4ea43f1f055f25d22d356f98,agriculture_share_grdp,idn.13.1305,2023-01-01,2023-12-31,annual,27.612597582051805,percent,derived,bpsexpprov_742c671ae22c147b388a75dc,false,true,GRDP series 2010 ADHB,current_prices_series_2010,"qualification_id=q_sector_share_adhb2010; source_universe=Regional gross value added by BPS industry classification; source_geography=turvar:468:Kabupaten Tanah Datar; geography_mapping=qualified_source_dimension_alias; source_selector=vervar:100:A. Pertanian, Kehutanan dan Perikanan|turvar:468:Kabupaten Tanah Datar; transform=share_percent; source_denominator=16459558.6; quality_rule=derive only within same source variable geography and year; require positive total PDRB and share within 0-100"
bpsexpobs_4ea9cbebc098fdf90c211566,rice_yield,idn.13,2019-01-01,2019-12-31,annual,4.758,tonnes_per_hectare,derived,bpsexpprov_4175fb009f15e20368cb7b1e,false,true,KSA,,qualification_id=q_rice_yield_ksa; source_universe=Rice harvested area and production under BPS KSA methodology; source_geography=vervar:1378:Provinsi Sumatera Barat; geography_mapping=qualified_source_aggregate_alias; source_selector=vervar:1378:Provinsi Sumatera Barat|turvar:244:Produktivitas (Kuintal/Hektar); transform=quintal_per_hectare_to_tonnes_per_hectare; quality_rule=convert productivity from quintal per hectare to tonnes per hectare by exact factor 0.1; retain KSA revision notes and 2025 Kota Pariaman LBS caveat
bpsexpobs_4ef88bb85fe8d1f2bbd4b636,agriculture_share_grdp,idn.13.1306,2018-01-01,2018-12-31,annual,18.65020368150688,percent,derived,bpsexpprov_ac4cc8d5cae12e620dffc9f2,false,true,GRDP series 2010 ADHB,current_prices_series_2010,"qualification_id=q_sector_share_adhb2010; source_universe=Regional gross value added by BPS industry classification; source_geography=turvar:469:Kabupaten Padang Pariaman; geography_mapping=qualified_source_dimension_alias; source_selector=vervar:100:A. Pertanian, Kehutanan dan Perikanan|turvar:469:Kabupaten Padang Pariaman; transform=share_percent; source_denominator=20438318.45; quality_rule=derive only within same source variable geography and year; require positive total PDRB and share within 0-100"
bpsexpobs_502d52fef170d412957ff3aa,manufacturing_share_grdp,idn.13.1372,2022-01-01,2022-12-31,annual,4.2352738446112355,percent,derived,bpsexpprov_f01604e079fcaf5cd29dcab5,false,true,GRDP series 2010 ADHB,current_prices_series_2010,qualification_id=q_sector_share_adhb2010; source_universe=Regional gross value added by BPS industry classification; source_geography=turvar:477:Kota Solok; geography_mapping=qualified_source_dimension_alias; source_selector=vervar:300:C. Industri Pengolahan|turvar:477:Kota Solok; transform=share_percent; source_denominator=4793153.11; quality_rule=derive only within same source variable geography and year; require positive total PDRB and share within 0-100
bpsexpobs_50766ecb679046f8bd15871b,agriculture_share_grdp,idn.13.1308,2019-01-01,2019-12-31,annual,33.48502278582677,percent,derived,bpsexpprov_629b7a2fd64bfc274cc445e1,false,true,GRDP series 2010 ADHB,current_prices_series_2010,"qualification_id=q_sector_share_adhb2010; source_universe=Regional gross value added by BPS industry classification; source_geography=turvar:471:Kabupaten Limapuluh Kota; geography_mapping=qualified_source_dimension_alias; source_selector=vervar:100:A. Pertanian, Kehutanan dan Perikanan|turvar:471:Kabupaten Limapuluh Kota; transform=share_percent; source_denominator=15625340.42; quality_rule=derive only within same source variable geography and year; require positive total PDRB and share within 0-100"
bpsexpobs_508c1f17ca33b800896a1169,manufacturing_share_grdp,idn.13.1305,2019-01-01,2019-12-31,annual,10.501265636145197,percent,derived,bpsexpprov_629b7a2fd64bfc274cc445e1,false,true,GRDP series 2010 ADHB,current_prices_series_2010,qualification_id=q_sector_share_adhb2010; source_universe=Regional gross value added by BPS industry classification; source_geography=turvar:468:Kabupaten Tanah Datar; geography_mapping=qualified_source_dimension_alias; source_selector=vervar:300:C. Industri Pengolahan|turvar:468:Kabupaten Tanah Datar; transform=share_percent; source_denominator=13090685.71; quality_rule=derive only within same source variable geography and year; require positive total PDRB and share within 0-100
bpsexpobs_51569dd704f167fe84eee91a,agriculture_share_grdp,idn.13.1374,2019-01-01,2019-12-31,annual,5.046153805421392,percent,derived,bpsexpprov_629b7a2fd64bfc274cc445e1,false,true,GRDP series 2010 ADHB,current_prices_series_2010,"qualification_id=q_sector_share_adhb2010; source_universe=Regional gross value added by BPS industry classification; source_geography=turvar:479:Kota Padang Panjang; geography_mapping=qualified_source_dimension_alias; source_selector=vervar:100:A. Pertanian, Kehutanan dan Perikanan|turvar:479:Kota Padang Panjang; transform=share_percent; source_denominator=3474832.65; quality_rule=derive only within same source variable geography and year; require positive total PDRB and share within 0-100"
bpsexpobs_51b8c400b6bcb7b286a0be2f,manufacturing_share_grdp,idn.13.1309,2023-01-01,2023-12-31,annual,3.8389963320592795,percent,derived,bpsexpprov_742c671ae22c147b388a75dc,false,true,GRDP series 2010 ADHB,current_prices_series_2010,qualification_id=q_sector_share_adhb2010; source_universe=Regional gross value added by BPS industry classification; source_geography=turvar:472:Kabupaten Pasaman; geography_mapping=qualified_source_dimension_alias; source_selector=vervar:300:C. Industri Pengolahan|turvar:472:Kabupaten Pasaman; transform=share_percent; source_denominator=11360358.08; quality_rule=derive only within same source variable geography and year; require positive total PDRB and share within 0-100
bpsexpobs_52d838f10b188958fd0b31da,underemployment_rate,idn.13,2023-08-01,2023-08-31,annual,16.11,percent,observed,bpsexpprov_5d4e122cca677f83fa39043d,false,,August Sakernas,,qualification_id=q_underemployment_august; source_universe=Employed persons meeting BPS underemployment criteria; source_geography=vervar:1378:Provinsi Sumatera Barat; geography_mapping=qualified_source_aggregate_alias; source_selector=vervar:1378:Provinsi Sumatera Barat|turvar:1081:Setengah Pengangguran; transform=identity; quality_rule=retain source weighting-regime notes and leave cross-regime comparability unresolved
bpsexpobs_52fd99eee7c2af4055b50d50,agriculture_share_grdp,idn.13.1311,2019-01-01,2019-12-31,annual,28.02328822538769,percent,derived,bpsexpprov_629b7a2fd64bfc274cc445e1,false,true,GRDP series 2010 ADHB,current_prices_series_2010,"qualification_id=q_sector_share_adhb2010; source_universe=Regional gross value added by BPS industry classification; source_geography=turvar:474:Kabupaten Dharmasraya; geography_mapping=qualified_source_dimension_alias; source_selector=vervar:100:A. Pertanian, Kehutanan dan Perikanan|turvar:474:Kabupaten Dharmasraya; transform=share_percent; source_denominator=10349563.18; quality_rule=derive only within same source variable geography and year; require positive total PDRB and share within 0-100"
bpsexpobs_5301ad7611be5a764006f567,agriculture_share_grdp,idn.13.1303,2022-01-01,2022-12-31,annual,33.312430069691494,percent,derived,bpsexpprov_f01604e079fcaf5cd29dcab5,false,true,GRDP series 2010 ADHB,current_prices_series_2010,"qualification_id=q_sector_share_adhb2010; source_universe=Regional gross value added by BPS industry classification; source_geography=turvar:466:Kabupaten Solok; geography_mapping=qualified_source_dimension_alias; source_selector=vervar:100:A. Pertanian, Kehutanan dan Perikanan|turvar:466:Kabupaten Solok; transform=share_percent; source_denominator=15781140.16; quality_rule=derive only within same source variable geography and year; require positive total PDRB and share within 0-100"
bpsexpobs_530361b8a149c85801a1771a,rice_yield,idn.13.1307,2020-01-01,2020-12-31,annual,5.236000000000001,tonnes_per_hectare,derived,bpsexpprov_4ea81f7d026a48bf672ef4dc,false,true,KSA,,qualification_id=q_rice_yield_ksa; source_universe=Rice harvested area and production under BPS KSA methodology; source_geography=vervar:1307:Kab. Agam; geography_mapping=qualified_current_code; source_selector=vervar:1307:Kab. Agam|turvar:244:Produktivitas (Kuintal/Hektar); transform=quintal_per_hectare_to_tonnes_per_hectare; quality_rule=convert productivity from quintal per hectare to tonnes per hectare by exact factor 0.1; retain KSA revision notes and 2025 Kota Pariaman LBS caveat
bpsexpobs_5322d036cdebba97f6cd46d3,manufacturing_share_grdp,idn.13.1375,2022-01-01,2022-12-31,annual,4.943878875316141,percent,derived,bpsexpprov_f01604e079fcaf5cd29dcab5,false,true,GRDP series 2010 ADHB,current_prices_series_2010,qualification_id=q_sector_share_adhb2010; source_universe=Regional gross value added by BPS industry classification; source_geography=turvar:480:Kota Bukittinggi; geography_mapping=qualified_source_dimension_alias; source_selector=vervar:300:C. Industri Pengolahan|turvar:480:Kota Bukittinggi; transform=share_percent; source_denominator=10194020.58; quality_rule=derive only within same source variable geography and year; require positive total PDRB and share within 0-100
bpsexpobs_536c1e6da17986a4adf5d004,manufacturing_share_grdp,idn.13.1375,2021-01-01,2021-12-31,annual,5.116680614276401,percent,derived,bpsexpprov_1bd70093852bc1965baeadf8,false,true,GRDP series 2010 ADHB,current_prices_series_2010,qualification_id=q_sector_share_adhb2010; source_universe=Regional gross value added by BPS industry classification; source_geography=turvar:480:Kota Bukittinggi; geography_mapping=qualified_source_dimension_alias; source_selector=vervar:300:C. Industri Pengolahan|turvar:480:Kota Bukittinggi; transform=share_percent; source_denominator=9026564.58; quality_rule=derive only within same source variable geography and year; require positive total PDRB and share within 0-100
bpsexpobs_53d8e11b1a4469a417d6d7d4,export_value,idn.13,2022-01-01,2022-12-31,annual,2868419966.49,usd,observed,bpsexpprov_d048cb7c65da98165455f867,false,true,BPS export statistics / customs-document compilation,,qualification_id=q_export_port_loading; source_universe=Exports recorded by the official Sumatera Barat BPS export source family; source_geography=constant_province:constant_province:Sumatera Barat; geography_mapping=qualified_constant_source_scope; source_selector=vervar:13:Jumlah|turvar:420:Nilai (US$); transform=identity; quality_rule=select annual Jumlah and Nilai US$ only; preserve source concept and do not infer production origin
bpsexpobs_541f81802598c7f898037479,agriculture_share_grdp,idn.13.1376,2022-01-01,2022-12-31,annual,5.891649820162036,percent,derived,bpsexpprov_f01604e079fcaf5cd29dcab5,false,true,GRDP series 2010 ADHB,current_prices_series_2010,"qualification_id=q_sector_share_adhb2010; source_universe=Regional gross value added by BPS industry classification; source_geography=turvar:481:Kota Payakumbuh; geography_mapping=qualified_source_dimension_alias; source_selector=vervar:100:A. Pertanian, Kehutanan dan Perikanan|turvar:481:Kota Payakumbuh; transform=share_percent; source_denominator=8250301.95; quality_rule=derive only within same source variable geography and year; require positive total PDRB and share within 0-100"
bpsexpobs_54af9dfd83db634b8e16f6cd,rice_yield,idn.13.1311,2020-01-01,2020-12-31,annual,4.4590000000000005,tonnes_per_hectare,derived,bpsexpprov_4ea81f7d026a48bf672ef4dc,false,true,KSA,,qualification_id=q_rice_yield_ksa; source_universe=Rice harvested area and production under BPS KSA methodology; source_geography=vervar:1311:Kab. Dharmasraya; geography_mapping=qualified_current_code; source_selector=vervar:1311:Kab. Dharmasraya|turvar:244:Produktivitas (Kuintal/Hektar); transform=quintal_per_hectare_to_tonnes_per_hectare; quality_rule=convert productivity from quintal per hectare to tonnes per hectare by exact factor 0.1; retain KSA revision notes and 2025 Kota Pariaman LBS caveat
bpsexpobs_54ee7bf1852e6643c281ac9d,underemployment_rate,idn.13.1374,2019-08-01,2019-08-31,annual,3.93,percent,observed,bpsexpprov_a5eff4174dcceeb54b88c07d,false,,August Sakernas,,qualification_id=q_underemployment_august; source_universe=Employed persons meeting BPS underemployment criteria; source_geography=vervar:1374:Kota Padang Panjang; geography_mapping=qualified_current_code; source_selector=vervar:1374:Kota Padang Panjang|turvar:1081:Setengah Pengangguran; transform=identity; quality_rule=retain source weighting-regime notes and leave cross-regime comparability unresolved
bpsexpobs_54fcc5bfca6ca87d97686efe,agriculture_share_grdp,idn.13.1302,2022-01-01,2022-12-31,annual,36.95079504338636,percent,derived,bpsexpprov_f01604e079fcaf5cd29dcab5,false,true,GRDP series 2010 ADHB,current_prices_series_2010,"qualification_id=q_sector_share_adhb2010; source_universe=Regional gross value added by BPS industry classification; source_geography=turvar:465:Kabupaten Pesisir Selatan; geography_mapping=qualified_source_dimension_alias; source_selector=vervar:100:A. Pertanian, Kehutanan dan Perikanan|turvar:465:Kabupaten Pesisir Selatan; transform=share_percent; source_denominator=16606491.83; quality_rule=derive only within same source variable geography and year; require positive total PDRB and share within 0-100"
bpsexpobs_55fc2c22f80fa1d592956afa,manufacturing_share_grdp,idn.13.1375,2018-01-01,2018-12-31,annual,5.656832750372341,percent,derived,bpsexpprov_ac4cc8d5cae12e620dffc9f2,false,true,GRDP series 2010 ADHB,current_prices_series_2010,qualification_id=q_sector_share_adhb2010; source_universe=Regional gross value added by BPS industry classification; source_geography=turvar:480:Kota Bukittinggi; geography_mapping=qualified_source_dimension_alias; source_selector=vervar:300:C. Industri Pengolahan|turvar:480:Kota Bukittinggi; transform=share_percent; source_denominator=8011062.02; quality_rule=derive only within same source variable geography and year; require positive total PDRB and share within 0-100
bpsexpobs_561c75243a2f1b0af2c5aeb2,rice_yield,idn.13.1373,2018-01-01,2018-12-31,annual,4.766,tonnes_per_hectare,derived,bpsexpprov_94477055811325289e147e4f,false,true,KSA,,qualification_id=q_rice_yield_ksa; source_universe=Rice harvested area and production under BPS KSA methodology; source_geography=vervar:1373:Kota Sawahlunto; geography_mapping=qualified_current_code; source_selector=vervar:1373:Kota Sawahlunto|turvar:244:Produktivitas (Kuintal/Hektar); transform=quintal_per_hectare_to_tonnes_per_hectare; quality_rule=convert productivity from quintal per hectare to tonnes per hectare by exact factor 0.1; retain KSA revision notes and 2025 Kota Pariaman LBS caveat
bpsexpobs_5694a7984b19f7dca2287128,manufacturing_share_grdp,idn.13.1376,2018-01-01,2018-12-31,annual,5.131978003880645,percent,derived,bpsexpprov_ac4cc8d5cae12e620dffc9f2,false,true,GRDP series 2010 ADHB,current_prices_series_2010,qualification_id=q_sector_share_adhb2010; source_universe=Regional gross value added by BPS industry classification; source_geography=turvar:481:Kota Payakumbuh; geography_mapping=qualified_source_dimension_alias; source_selector=vervar:300:C. Industri Pengolahan|turvar:481:Kota Payakumbuh; transform=share_percent; source_denominator=6134700.3; quality_rule=derive only within same source variable geography and year; require positive total PDRB and share within 0-100
bpsexpobs_57019f9eb856336f2f013875,agriculture_share_grdp,idn.13.1376,2019-01-01,2019-12-31,annual,6.352015869007343,percent,derived,bpsexpprov_629b7a2fd64bfc274cc445e1,false,true,GRDP series 2010 ADHB,current_prices_series_2010,"qualification_id=q_sector_share_adhb2010; source_universe=Regional gross value added by BPS industry classification; source_geography=turvar:481:Kota Payakumbuh; geography_mapping=qualified_source_dimension_alias; source_selector=vervar:100:A. Pertanian, Kehutanan dan Perikanan|turvar:481:Kota Payakumbuh; transform=share_percent; source_denominator=6825167.93; quality_rule=derive only within same source variable geography and year; require positive total PDRB and share within 0-100"
bpsexpobs_57071a7c2c541b28c7992740,underemployment_rate,idn.13.1302,2018-08-01,2018-08-31,annual,14.1,percent,observed,bpsexpprov_5b8e8c914fb6f4aed45ae1c5,false,,August Sakernas,,qualification_id=q_underemployment_august; source_universe=Employed persons meeting BPS underemployment criteria; source_geography=vervar:1302:Kab. Pesisir Selatan; geography_mapping=qualified_current_code; source_selector=vervar:1302:Kab. Pesisir Selatan|turvar:1081:Setengah Pengangguran; transform=identity; quality_rule=retain source weighting-regime notes and leave cross-regime comparability unresolved
bpsexpobs_57550b82429eb0e51f33665b,manufacturing_share_grdp,idn.13.1307,2023-01-01,2023-12-31,annual,10.234742782737223,percent,derived,bpsexpprov_742c671ae22c147b388a75dc,false,true,GRDP series 2010 ADHB,current_prices_series_2010,qualification_id=q_sector_share_adhb2010; source_universe=Regional gross value added by BPS industry classification; source_geography=turvar:470:Kabupaten Agam; geography_mapping=qualified_source_dimension_alias; source_selector=vervar:300:C. Industri Pengolahan|turvar:470:Kabupaten Agam; transform=share_percent; source_denominator=26162658.67; quality_rule=derive only within same source variable geography and year; require positive total PDRB and share within 0-100
bpsexpobs_5759b30f7e171786d0d20052,manufacturing_share_grdp,idn.13.1306,2022-01-01,2022-12-31,annual,10.915552553863257,percent,derived,bpsexpprov_f01604e079fcaf5cd29dcab5,false,true,GRDP series 2010 ADHB,current_prices_series_2010,qualification_id=q_sector_share_adhb2010; source_universe=Regional gross value added by BPS industry classification; source_geography=turvar:469:Kabupaten Padang Pariaman; geography_mapping=qualified_source_dimension_alias; source_selector=vervar:300:C. Industri Pengolahan|turvar:469:Kabupaten Padang Pariaman; transform=share_percent; source_denominator=22193347.41; quality_rule=derive only within same source variable geography and year; require positive total PDRB and share within 0-100
bpsexpobs_5779cc42a6d102a851548929,rice_yield,idn.13.1303,2025-01-01,2025-12-31,annual,5.3420000000000005,tonnes_per_hectare,derived,bpsexpprov_a33789296bace61af429580d,false,,KSA,,qualification_id=q_rice_yield_ksa; source_universe=Rice harvested area and production under BPS KSA methodology; source_geography=vervar:1303:Kab. Solok; geography_mapping=qualified_current_code; source_selector=vervar:1303:Kab. Solok|turvar:244:Produktivitas (Kuintal/Hektar); transform=quintal_per_hectare_to_tonnes_per_hectare; quality_rule=convert productivity from quintal per hectare to tonnes per hectare by exact factor 0.1; retain KSA revision notes and 2025 Kota Pariaman LBS caveat
bpsexpobs_57eb6a48247f1726cb30c1ef,rice_yield,idn.13.1309,2020-01-01,2020-12-31,annual,4.5,tonnes_per_hectare,derived,bpsexpprov_4ea81f7d026a48bf672ef4dc,false,true,KSA,,qualification_id=q_rice_yield_ksa; source_universe=Rice harvested area and production under BPS KSA methodology; source_geography=vervar:1309:Kab. Pasaman; geography_mapping=qualified_current_code; source_selector=vervar:1309:Kab. Pasaman|turvar:244:Produktivitas (Kuintal/Hektar); transform=quintal_per_hectare_to_tonnes_per_hectare; quality_rule=convert productivity from quintal per hectare to tonnes per hectare by exact factor 0.1; retain KSA revision notes and 2025 Kota Pariaman LBS caveat
bpsexpobs_59f1474a1cbead849cdc55a2,rice_yield,idn.13.1304,2021-01-01,2021-12-31,annual,3.6670000000000003,tonnes_per_hectare,derived,bpsexpprov_1fe8aa76eff04c735a65a290,false,true,KSA,,qualification_id=q_rice_yield_ksa; source_universe=Rice harvested area and production under BPS KSA methodology; source_geography=vervar:1304:Kab. Sijunjung; geography_mapping=qualified_current_code; source_selector=vervar:1304:Kab. Sijunjung|turvar:244:Produktivitas (Kuintal/Hektar); transform=quintal_per_hectare_to_tonnes_per_hectare; quality_rule=convert productivity from quintal per hectare to tonnes per hectare by exact factor 0.1; retain KSA revision notes and 2025 Kota Pariaman LBS caveat
bpsexpobs_5a7d02e8e38db61c5c069332,rice_yield,idn.13.1375,2020-01-01,2020-12-31,annual,6.091,tonnes_per_hectare,derived,bpsexpprov_4ea81f7d026a48bf672ef4dc,false,true,KSA,,qualification_id=q_rice_yield_ksa; source_universe=Rice harvested area and production under BPS KSA methodology; source_geography=vervar:1375:Kota Bukittinggi; geography_mapping=qualified_current_code; source_selector=vervar:1375:Kota Bukittinggi|turvar:244:Produktivitas (Kuintal/Hektar); transform=quintal_per_hectare_to_tonnes_per_hectare; quality_rule=convert productivity from quintal per hectare to tonnes per hectare by exact factor 0.1; retain KSA revision notes and 2025 Kota Pariaman LBS caveat
bpsexpobs_5abf44629a544e92b4cf744c,agriculture_share_grdp,idn.13.1307,2019-01-01,2019-12-31,annual,30.099095875319104,percent,derived,bpsexpprov_629b7a2fd64bfc274cc445e1,false,true,GRDP series 2010 ADHB,current_prices_series_2010,"qualification_id=q_sector_share_adhb2010; source_universe=Regional gross value added by BPS industry classification; source_geography=turvar:470:Kabupaten Agam; geography_mapping=qualified_source_dimension_alias; source_selector=vervar:100:A. Pertanian, Kehutanan dan Perikanan|turvar:470:Kabupaten Agam; transform=share_percent; source_denominator=20540992.18; quality_rule=derive only within same source variable geography and year; require positive total PDRB and share within 0-100"
bpsexpobs_5ac57c0a3b6eb7afc5f315d0,manufacturing_share_grdp,idn.13.1310,2022-01-01,2022-12-31,annual,4.2649283326326595,percent,derived,bpsexpprov_f01604e079fcaf5cd29dcab5,false,true,GRDP series 2010 ADHB,current_prices_series_2010,qualification_id=q_sector_share_adhb2010; source_universe=Regional gross value added by BPS industry classification; source_geography=turvar:473:Kabupaten Solok Selatan; geography_mapping=qualified_source_dimension_alias; source_selector=vervar:300:C. Industri Pengolahan|turvar:473:Kabupaten Solok Selatan; transform=share_percent; source_denominator=6430736.43; quality_rule=derive only within same source variable geography and year; require positive total PDRB and share within 0-100
bpsexpobs_5acb7efd0b60dd327a66f5ed,manufacturing_share_grdp,idn.13.1372,2021-01-01,2021-12-31,annual,4.305570223533588,percent,derived,bpsexpprov_1bd70093852bc1965baeadf8,false,true,GRDP series 2010 ADHB,current_prices_series_2010,qualification_id=q_sector_share_adhb2010; source_universe=Regional gross value added by BPS industry classification; source_geography=turvar:477:Kota Solok; geography_mapping=qualified_source_dimension_alias; source_selector=vervar:300:C. Industri Pengolahan|turvar:477:Kota Solok; transform=share_percent; source_denominator=4251892.56; quality_rule=derive only within same source variable geography and year; require positive total PDRB and share within 0-100
bpsexpobs_5b69905d95caad5e7bbfefb5,population_total,idn.13.1308,2020-09-01,2020-09-30,annual,383525.0,persons,observed,bpsexpprov_9de0c2885fb2df7b9c780beb,false,true,Sensus Penduduk 2020,,qualification_id=q_population_sp2020; source_universe=Resident population under SP2020 census definition; source_geography=vervar:1308:Lima Puluh Kota; geography_mapping=qualified_current_code; source_selector=vervar:1308:Lima Puluh Kota|turvar:34:Laki-Laki + Perempuan; transform=identity; quality_rule=select total sex category only and retain census reference period
bpsexpobs_5b9a1e3eeec776214540b59a,rice_yield,idn.13.1305,2018-01-01,2018-12-31,annual,5.267,tonnes_per_hectare,derived,bpsexpprov_94477055811325289e147e4f,false,true,KSA,,qualification_id=q_rice_yield_ksa; source_universe=Rice harvested area and production under BPS KSA methodology; source_geography=vervar:1305:Kab. Tanah Datar; geography_mapping=qualified_current_code; source_selector=vervar:1305:Kab. Tanah Datar|turvar:244:Produktivitas (Kuintal/Hektar); transform=quintal_per_hectare_to_tonnes_per_hectare; quality_rule=convert productivity from quintal per hectare to tonnes per hectare by exact factor 0.1; retain KSA revision notes and 2025 Kota Pariaman LBS caveat
bpsexpobs_5c03bb494d0e824f8015ecb9,rice_yield,idn.13.1308,2022-01-01,2022-12-31,annual,4.646,tonnes_per_hectare,derived,bpsexpprov_7bec558ef289b8b581c4f745,false,true,KSA,,qualification_id=q_rice_yield_ksa; source_universe=Rice harvested area and production under BPS KSA methodology; source_geography=vervar:1308:Kab. Lima Puluh Kota; geography_mapping=qualified_current_code; source_selector=vervar:1308:Kab. Lima Puluh Kota|turvar:244:Produktivitas (Kuintal/Hektar); transform=quintal_per_hectare_to_tonnes_per_hectare; quality_rule=convert productivity from quintal per hectare to tonnes per hectare by exact factor 0.1; retain KSA revision notes and 2025 Kota Pariaman LBS caveat
bpsexpobs_5c5d0c5c610964f62584275d,manufacturing_share_grdp,idn.13.1373,2018-01-01,2018-12-31,annual,12.215161071042862,percent,derived,bpsexpprov_ac4cc8d5cae12e620dffc9f2,false,true,GRDP series 2010 ADHB,current_prices_series_2010,qualification_id=q_sector_share_adhb2010; source_universe=Regional gross value added by BPS industry classification; source_geography=turvar:478:Kota Sawahlunto; geography_mapping=qualified_source_dimension_alias; source_selector=vervar:300:C. Industri Pengolahan|turvar:478:Kota Sawahlunto; transform=share_percent; source_denominator=3404518.84; quality_rule=derive only within same source variable geography and year; require positive total PDRB and share within 0-100
bpsexpobs_5ca10a9219cc9cdc93231377,rice_yield,idn.13.1373,2019-01-01,2019-12-31,annual,4.699000000000001,tonnes_per_hectare,derived,bpsexpprov_4175fb009f15e20368cb7b1e,false,true,KSA,,qualification_id=q_rice_yield_ksa; source_universe=Rice harvested area and production under BPS KSA methodology; source_geography=vervar:1373:Kota Sawahlunto; geography_mapping=qualified_current_code; source_selector=vervar:1373:Kota Sawahlunto|turvar:244:Produktivitas (Kuintal/Hektar); transform=quintal_per_hectare_to_tonnes_per_hectare; quality_rule=convert productivity from quintal per hectare to tonnes per hectare by exact factor 0.1; retain KSA revision notes and 2025 Kota Pariaman LBS caveat
bpsexpobs_5cc3b3b5417c15e9729338d4,agriculture_share_grdp,idn.13.1377,2022-01-01,2022-12-31,annual,17.73353415394979,percent,derived,bpsexpprov_f01604e079fcaf5cd29dcab5,false,true,GRDP series 2010 ADHB,current_prices_series_2010,"qualification_id=q_sector_share_adhb2010; source_universe=Regional gross value added by BPS industry classification; source_geography=turvar:482:Kota Pariaman; geography_mapping=qualified_source_dimension_alias; source_selector=vervar:100:A. Pertanian, Kehutanan dan Perikanan|turvar:482:Kota Pariaman; transform=share_percent; source_denominator=5881852.94; quality_rule=derive only within same source variable geography and year; require positive total PDRB and share within 0-100"
bpsexpobs_5d0aa72c322996fdd204e0ea,rice_yield,idn.13.1304,2024-01-01,2024-12-31,annual,3.8560000000000003,tonnes_per_hectare,derived,bpsexpprov_de6b038fe64e47f00ce56036,false,true,KSA,,qualification_id=q_rice_yield_ksa; source_universe=Rice harvested area and production under BPS KSA methodology; source_geography=vervar:1304:Kab. Sijunjung; geography_mapping=qualified_current_code; source_selector=vervar:1304:Kab. Sijunjung|turvar:244:Produktivitas (Kuintal/Hektar); transform=quintal_per_hectare_to_tonnes_per_hectare; quality_rule=convert productivity from quintal per hectare to tonnes per hectare by exact factor 0.1; retain KSA revision notes and 2025 Kota Pariaman LBS caveat
bpsexpobs_5de760d8b4a43f2396a0035c,population_total,idn.13.1307,2020-09-01,2020-09-30,annual,529138.0,persons,observed,bpsexpprov_9de0c2885fb2df7b9c780beb,false,true,Sensus Penduduk 2020,,qualification_id=q_population_sp2020; source_universe=Resident population under SP2020 census definition; source_geography=vervar:1307:Agam; geography_mapping=qualified_current_code; source_selector=vervar:1307:Agam|turvar:34:Laki-Laki + Perempuan; transform=identity; quality_rule=select total sex category only and retain census reference period
bpsexpobs_5e00899c6730a7fbff9942bc,manufacturing_share_grdp,idn.13.1374,2021-01-01,2021-12-31,annual,8.476439856280523,percent,derived,bpsexpprov_1bd70093852bc1965baeadf8,false,true,GRDP series 2010 ADHB,current_prices_series_2010,qualification_id=q_sector_share_adhb2010; source_universe=Regional gross value added by BPS industry classification; source_geography=turvar:479:Kota Padang Panjang; geography_mapping=qualified_source_dimension_alias; source_selector=vervar:300:C. Industri Pengolahan|turvar:479:Kota Padang Panjang; transform=share_percent; source_denominator=3651118.22; quality_rule=derive only within same source variable geography and year; require positive total PDRB and share within 0-100
bpsexpobs_5e41bc716424a0779b1e3ba6,underemployment_rate,idn.13.1371,2018-08-01,2018-08-31,annual,7.6,percent,observed,bpsexpprov_5b8e8c914fb6f4aed45ae1c5,false,,August Sakernas,,qualification_id=q_underemployment_august; source_universe=Employed persons meeting BPS underemployment criteria; source_geography=vervar:1371:Kota Padang; geography_mapping=qualified_current_code; source_selector=vervar:1371:Kota Padang|turvar:1081:Setengah Pengangguran; transform=identity; quality_rule=retain source weighting-regime notes and leave cross-regime comparability unresolved
bpsexpobs_5e83207fec3aeb6cf2fb218f,rice_yield,idn.13.1308,2024-01-01,2024-12-31,annual,4.358,tonnes_per_hectare,derived,bpsexpprov_de6b038fe64e47f00ce56036,false,true,KSA,,qualification_id=q_rice_yield_ksa; source_universe=Rice harvested area and production under BPS KSA methodology; source_geography=vervar:1308:Kab. Lima Puluh Kota; geography_mapping=qualified_current_code; source_selector=vervar:1308:Kab. Lima Puluh Kota|turvar:244:Produktivitas (Kuintal/Hektar); transform=quintal_per_hectare_to_tonnes_per_hectare; quality_rule=convert productivity from quintal per hectare to tonnes per hectare by exact factor 0.1; retain KSA revision notes and 2025 Kota Pariaman LBS caveat
bpsexpobs_5ef17563f8cb823247d20260,manufacturing_share_grdp,idn.13.1312,2021-01-01,2021-12-31,annual,13.765815103043426,percent,derived,bpsexpprov_1bd70093852bc1965baeadf8,false,true,GRDP series 2010 ADHB,current_prices_series_2010,qualification_id=q_sector_share_adhb2010; source_universe=Regional gross value added by BPS industry classification; source_geography=turvar:475:Kabupaten Pasaman Barat; geography_mapping=qualified_source_dimension_alias; source_selector=vervar:300:C. Industri Pengolahan|turvar:475:Kabupaten Pasaman Barat; transform=share_percent; source_denominator=15933875.79; quality_rule=derive only within same source variable geography and year; require positive total PDRB and share within 0-100
bpsexpobs_5fcc3c0579920440dfe56c4d,rice_yield,idn.13.1372,2018-01-01,2018-12-31,annual,5.2090000000000005,tonnes_per_hectare,derived,bpsexpprov_94477055811325289e147e4f,false,true,KSA,,qualification_id=q_rice_yield_ksa; source_universe=Rice harvested area and production under BPS KSA methodology; source_geography=vervar:1372:Kota Solok; geography_mapping=qualified_current_code; source_selector=vervar:1372:Kota Solok|turvar:244:Produktivitas (Kuintal/Hektar); transform=quintal_per_hectare_to_tonnes_per_hectare; quality_rule=convert productivity from quintal per hectare to tonnes per hectare by exact factor 0.1; retain KSA revision notes and 2025 Kota Pariaman LBS caveat
bpsexpobs_5fe4f46561f29825f784b02c,agriculture_share_grdp,idn.13.1375,2019-01-01,2019-12-31,annual,1.1444074375113524,percent,derived,bpsexpprov_629b7a2fd64bfc274cc445e1,false,true,GRDP series 2010 ADHB,current_prices_series_2010,"qualification_id=q_sector_share_adhb2010; source_universe=Regional gross value added by BPS industry classification; source_geography=turvar:480:Kota Bukittinggi; geography_mapping=qualified_source_dimension_alias; source_selector=vervar:100:A. Pertanian, Kehutanan dan Perikanan|turvar:480:Kota Bukittinggi; transform=share_percent; source_denominator=8695316.61; quality_rule=derive only within same source variable geography and year; require positive total PDRB and share within 0-100"
bpsexpobs_6052a6d155b4b44c620e129e,agriculture_share_grdp,idn.13.1304,2019-01-01,2019-12-31,annual,28.028524898061903,percent,derived,bpsexpprov_629b7a2fd64bfc274cc445e1,false,true,GRDP series 2010 ADHB,current_prices_series_2010,"qualification_id=q_sector_share_adhb2010; source_universe=Regional gross value added by BPS industry classification; source_geography=turvar:467:Kabupaten Sijunjung; geography_mapping=qualified_source_dimension_alias; source_selector=vervar:100:A. Pertanian, Kehutanan dan Perikanan|turvar:467:Kabupaten Sijunjung; transform=share_percent; source_denominator=9148878.97; quality_rule=derive only within same source variable geography and year; require positive total PDRB and share within 0-100"
bpsexpobs_621b04147fa14ae165e7f07e,rice_yield,idn.13.1305,2021-01-01,2021-12-31,annual,5.639,tonnes_per_hectare,derived,bpsexpprov_1fe8aa76eff04c735a65a290,false,true,KSA,,qualification_id=q_rice_yield_ksa; source_universe=Rice harvested area and production under BPS KSA methodology; source_geography=vervar:1305:Kab. Tanah Datar; geography_mapping=qualified_current_code; source_selector=vervar:1305:Kab. Tanah Datar|turvar:244:Produktivitas (Kuintal/Hektar); transform=quintal_per_hectare_to_tonnes_per_hectare; quality_rule=convert productivity from quintal per hectare to tonnes per hectare by exact factor 0.1; retain KSA revision notes and 2025 Kota Pariaman LBS caveat
bpsexpobs_624a926598b0019a913f5428,manufacturing_share_grdp,idn.13.1371,2022-01-01,2022-12-31,annual,11.255317413492621,percent,derived,bpsexpprov_f01604e079fcaf5cd29dcab5,false,true,GRDP series 2010 ADHB,current_prices_series_2010,qualification_id=q_sector_share_adhb2010; source_universe=Regional gross value added by BPS industry classification; source_geography=turvar:476:Kota Padang; geography_mapping=qualified_source_dimension_alias; source_selector=vervar:300:C. Industri Pengolahan|turvar:476:Kota Padang; transform=share_percent; source_denominator=72978951.71; quality_rule=derive only within same source variable geography and year; require positive total PDRB and share within 0-100
bpsexpobs_628a01789fcee257ddff3d94,manufacturing_share_grdp,idn.13.1307,2020-01-01,2020-12-31,annual,9.7262590597159,percent,derived,bpsexpprov_de78525e2bbb6ca424c54f66,false,true,GRDP series 2010 ADHB,current_prices_series_2010,qualification_id=q_sector_share_adhb2010; source_universe=Regional gross value added by BPS industry classification; source_geography=turvar:470:Kabupaten Agam; geography_mapping=qualified_source_dimension_alias; source_selector=vervar:300:C. Industri Pengolahan|turvar:470:Kabupaten Agam; transform=share_percent; source_denominator=20376570.25; quality_rule=derive only within same source variable geography and year; require positive total PDRB and share within 0-100
bpsexpobs_62b34262e5242ea21b4c47f3,agriculture_share_grdp,idn.13.1376,2021-01-01,2021-12-31,annual,6.080525730514813,percent,derived,bpsexpprov_1bd70093852bc1965baeadf8,false,true,GRDP series 2010 ADHB,current_prices_series_2010,"qualification_id=q_sector_share_adhb2010; source_universe=Regional gross value added by BPS industry classification; source_geography=turvar:481:Kota Payakumbuh; geography_mapping=qualified_source_dimension_alias; source_selector=vervar:100:A. Pertanian, Kehutanan dan Perikanan|turvar:481:Kota Payakumbuh; transform=share_percent; source_denominator=7302509.35; quality_rule=derive only within same source variable geography and year; require positive total PDRB and share within 0-100"
bpsexpobs_630876101668874c45e67a4e,underemployment_rate,idn.13.1301,2023-08-01,2023-08-31,annual,19.5,percent,observed,bpsexpprov_5d4e122cca677f83fa39043d,false,,August Sakernas,,qualification_id=q_underemployment_august; source_universe=Employed persons meeting BPS underemployment criteria; source_geography=vervar:1301:Kab. Kepulauan Mentawai; geography_mapping=qualified_current_code; source_selector=vervar:1301:Kab. Kepulauan Mentawai|turvar:1081:Setengah Pengangguran; transform=identity; quality_rule=retain source weighting-regime notes and leave cross-regime comparability unresolved
bpsexpobs_6321a28320fa6d285724ad02,agriculture_share_grdp,idn.13.1307,2023-01-01,2023-12-31,annual,28.20135748841308,percent,derived,bpsexpprov_742c671ae22c147b388a75dc,false,true,GRDP series 2010 ADHB,current_prices_series_2010,"qualification_id=q_sector_share_adhb2010; source_universe=Regional gross value added by BPS industry classification; source_geography=turvar:470:Kabupaten Agam; geography_mapping=qualified_source_dimension_alias; source_selector=vervar:100:A. Pertanian, Kehutanan dan Perikanan|turvar:470:Kabupaten Agam; transform=share_percent; source_denominator=26162658.67; quality_rule=derive only within same source variable geography and year; require positive total PDRB and share within 0-100"
bpsexpobs_63b1785543f375449cf5d584,underemployment_rate,idn.13.1311,2023-08-01,2023-08-31,annual,7.79,percent,observed,bpsexpprov_5d4e122cca677f83fa39043d,false,,August Sakernas,,qualification_id=q_underemployment_august; source_universe=Employed persons meeting BPS underemployment criteria; source_geography=vervar:1311:Kab. Dharmasraya; geography_mapping=qualified_current_code; source_selector=vervar:1311:Kab. Dharmasraya|turvar:1081:Setengah Pengangguran; transform=identity; quality_rule=retain source weighting-regime notes and leave cross-regime comparability unresolved
bpsexpobs_63c15e4103a61dd60a743fec,underemployment_rate,idn.13.1372,2023-08-01,2023-08-31,annual,7.02,percent,observed,bpsexpprov_5d4e122cca677f83fa39043d,false,,August Sakernas,,qualification_id=q_underemployment_august; source_universe=Employed persons meeting BPS underemployment criteria; source_geography=vervar:1372:Kota Solok; geography_mapping=qualified_current_code; source_selector=vervar:1372:Kota Solok|turvar:1081:Setengah Pengangguran; transform=identity; quality_rule=retain source weighting-regime notes and leave cross-regime comparability unresolved
bpsexpobs_6440f7162e417379c3e269d7,underemployment_rate,idn.13.1306,2020-08-01,2020-08-31,annual,12.39,percent,observed,bpsexpprov_31afeaa8c374b636e60a0d0c,false,,August Sakernas,,qualification_id=q_underemployment_august; source_universe=Employed persons meeting BPS underemployment criteria; source_geography=vervar:1306:Kab. Padang Pariaman; geography_mapping=qualified_current_code; source_selector=vervar:1306:Kab. Padang Pariaman|turvar:1081:Setengah Pengangguran; transform=identity; quality_rule=retain source weighting-regime notes and leave cross-regime comparability unresolved
bpsexpobs_649b0dbe30dbeb30da916f95,underemployment_rate,idn.13.1374,2024-08-01,2024-08-31,annual,6.58,percent,observed,bpsexpprov_46b601c94fb495d28c921a1c,false,,August Sakernas,,qualification_id=q_underemployment_august; source_universe=Employed persons meeting BPS underemployment criteria; source_geography=vervar:1374:Kota Padang Panjang; geography_mapping=qualified_current_code; source_selector=vervar:1374:Kota Padang Panjang|turvar:1081:Setengah Pengangguran; transform=identity; quality_rule=retain source weighting-regime notes and leave cross-regime comparability unresolved
bpsexpobs_64fc736bd855e7a3860494ac,manufacturing_share_grdp,idn.13.1305,2018-01-01,2018-12-31,annual,11.034725123179685,percent,derived,bpsexpprov_ac4cc8d5cae12e620dffc9f2,false,true,GRDP series 2010 ADHB,current_prices_series_2010,qualification_id=q_sector_share_adhb2010; source_universe=Regional gross value added by BPS industry classification; source_geography=turvar:468:Kabupaten Tanah Datar; geography_mapping=qualified_source_dimension_alias; source_selector=vervar:300:C. Industri Pengolahan|turvar:468:Kabupaten Tanah Datar; transform=share_percent; source_denominator=12202819.78; quality_rule=derive only within same source variable geography and year; require positive total PDRB and share within 0-100
bpsexpobs_650dd62251e0181d7ee147fa,agriculture_share_grdp,idn.13.1306,2021-01-01,2021-12-31,annual,22.65027521518682,percent,derived,bpsexpprov_1bd70093852bc1965baeadf8,false,true,GRDP series 2010 ADHB,current_prices_series_2010,"qualification_id=q_sector_share_adhb2010; source_universe=Regional gross value added by BPS industry classification; source_geography=turvar:469:Kabupaten Padang Pariaman; geography_mapping=qualified_source_dimension_alias; source_selector=vervar:100:A. Pertanian, Kehutanan dan Perikanan|turvar:469:Kabupaten Padang Pariaman; transform=share_percent; source_denominator=18455088.03; quality_rule=derive only within same source variable geography and year; require positive total PDRB and share within 0-100"
bpsexpobs_6523eeab01329dade02c34fe,rice_yield,idn.13.1308,2021-01-01,2021-12-31,annual,4.399,tonnes_per_hectare,derived,bpsexpprov_1fe8aa76eff04c735a65a290,false,true,KSA,,qualification_id=q_rice_yield_ksa; source_universe=Rice harvested area and production under BPS KSA methodology; source_geography=vervar:1308:Kab. Lima Puluh Kota; geography_mapping=qualified_current_code; source_selector=vervar:1308:Kab. Lima Puluh Kota|turvar:244:Produktivitas (Kuintal/Hektar); transform=quintal_per_hectare_to_tonnes_per_hectare; quality_rule=convert productivity from quintal per hectare to tonnes per hectare by exact factor 0.1; retain KSA revision notes and 2025 Kota Pariaman LBS caveat
bpsexpobs_65aab87bb8e0fa4263744e81,manufacturing_share_grdp,idn.13.1377,2021-01-01,2021-12-31,annual,7.044711932763731,percent,derived,bpsexpprov_1bd70093852bc1965baeadf8,false,true,GRDP series 2010 ADHB,current_prices_series_2010,qualification_id=q_sector_share_adhb2010; source_universe=Regional gross value added by BPS industry classification; source_geography=turvar:482:Kota Pariaman; geography_mapping=qualified_source_dimension_alias; source_selector=vervar:300:C. Industri Pengolahan|turvar:482:Kota Pariaman; transform=share_percent; source_denominator=5258657.04; quality_rule=derive only within same source variable geography and year; require positive total PDRB and share within 0-100
bpsexpobs_65debda314825d4cd2fcda61,rice_yield,idn.13,2025-01-01,2025-12-31,annual,4.867000000000001,tonnes_per_hectare,derived,bpsexpprov_a33789296bace61af429580d,false,,KSA,,qualification_id=q_rice_yield_ksa; source_universe=Rice harvested area and production under BPS KSA methodology; source_geography=vervar:1378:Provinsi Sumatera Barat; geography_mapping=qualified_source_aggregate_alias; source_selector=vervar:1378:Provinsi Sumatera Barat|turvar:244:Produktivitas (Kuintal/Hektar); transform=quintal_per_hectare_to_tonnes_per_hectare; quality_rule=convert productivity from quintal per hectare to tonnes per hectare by exact factor 0.1; retain KSA revision notes and 2025 Kota Pariaman LBS caveat
bpsexpobs_65e02ff03d83d3c8b4ff83c6,rice_yield,idn.13.1376,2021-01-01,2021-12-31,annual,5.002000000000001,tonnes_per_hectare,derived,bpsexpprov_1fe8aa76eff04c735a65a290,false,true,KSA,,qualification_id=q_rice_yield_ksa; source_universe=Rice harvested area and production under BPS KSA methodology; source_geography=vervar:1376:Kota Payakumbuh; geography_mapping=qualified_current_code; source_selector=vervar:1376:Kota Payakumbuh|turvar:244:Produktivitas (Kuintal/Hektar); transform=quintal_per_hectare_to_tonnes_per_hectare; quality_rule=convert productivity from quintal per hectare to tonnes per hectare by exact factor 0.1; retain KSA revision notes and 2025 Kota Pariaman LBS caveat
bpsexpobs_66648c7625b925277662333f,underemployment_rate,idn.13.1375,2019-08-01,2019-08-31,annual,2.12,percent,observed,bpsexpprov_a5eff4174dcceeb54b88c07d,false,,August Sakernas,,qualification_id=q_underemployment_august; source_universe=Employed persons meeting BPS underemployment criteria; source_geography=vervar:1375:Kota Bukittinggi; geography_mapping=qualified_current_code; source_selector=vervar:1375:Kota Bukittinggi|turvar:1081:Setengah Pengangguran; transform=identity; quality_rule=retain source weighting-regime notes and leave cross-regime comparability unresolved
bpsexpobs_6703d432616f217eec00b887,manufacturing_share_grdp,idn.13.1306,2018-01-01,2018-12-31,annual,9.630323036678197,percent,derived,bpsexpprov_ac4cc8d5cae12e620dffc9f2,false,true,GRDP series 2010 ADHB,current_prices_series_2010,qualification_id=q_sector_share_adhb2010; source_universe=Regional gross value added by BPS industry classification; source_geography=turvar:469:Kabupaten Padang Pariaman; geography_mapping=qualified_source_dimension_alias; source_selector=vervar:300:C. Industri Pengolahan|turvar:469:Kabupaten Padang Pariaman; transform=share_percent; source_denominator=20438318.45; quality_rule=derive only within same source variable geography and year; require positive total PDRB and share within 0-100
bpsexpobs_67212fa0e6de93cd7ea4fe59,population_total,idn.13.1312,2020-09-01,2020-09-30,annual,431672.0,persons,observed,bpsexpprov_9de0c2885fb2df7b9c780beb,false,true,Sensus Penduduk 2020,,qualification_id=q_population_sp2020; source_universe=Resident population under SP2020 census definition; source_geography=vervar:1312:Pasaman Barat; geography_mapping=qualified_current_code; source_selector=vervar:1312:Pasaman Barat|turvar:34:Laki-Laki + Perempuan; transform=identity; quality_rule=select total sex category only and retain census reference period
bpsexpobs_67b0172e9356ba190d4e3565,manufacturing_share_grdp,idn.13.1303,2020-01-01,2020-12-31,annual,4.755081092964802,percent,derived,bpsexpprov_de78525e2bbb6ca424c54f66,false,true,GRDP series 2010 ADHB,current_prices_series_2010,qualification_id=q_sector_share_adhb2010; source_universe=Regional gross value added by BPS industry classification; source_geography=turvar:466:Kabupaten Solok; geography_mapping=qualified_source_dimension_alias; source_selector=vervar:300:C. Industri Pengolahan|turvar:466:Kabupaten Solok; transform=share_percent; source_denominator=13581968.58; quality_rule=derive only within same source variable geography and year; require positive total PDRB and share within 0-100
bpsexpobs_68fd764df5a47560ae7453cd,underemployment_rate,idn.13.1301,2022-08-01,2022-08-31,annual,21.67,percent,observed,bpsexpprov_c7f222b804ed42981996759c,false,,August Sakernas,,qualification_id=q_underemployment_august; source_universe=Employed persons meeting BPS underemployment criteria; source_geography=vervar:1301:Kab. Kepulauan Mentawai; geography_mapping=qualified_current_code; source_selector=vervar:1301:Kab. Kepulauan Mentawai|turvar:1081:Setengah Pengangguran; transform=identity; quality_rule=retain source weighting-regime notes and leave cross-regime comparability unresolved
bpsexpobs_69518cc4ab1b7f6a9d79f4e7,underemployment_rate,idn.13.1376,2023-08-01,2023-08-31,annual,6.66,percent,observed,bpsexpprov_5d4e122cca677f83fa39043d,false,,August Sakernas,,qualification_id=q_underemployment_august; source_universe=Employed persons meeting BPS underemployment criteria; source_geography=vervar:1376:Kota Payakumbuh; geography_mapping=qualified_current_code; source_selector=vervar:1376:Kota Payakumbuh|turvar:1081:Setengah Pengangguran; transform=identity; quality_rule=retain source weighting-regime notes and leave cross-regime comparability unresolved
bpsexpobs_699d01e3a545b1679b157c3d,underemployment_rate,idn.13.1308,2020-08-01,2020-08-31,annual,12.84,percent,observed,bpsexpprov_31afeaa8c374b636e60a0d0c,false,,August Sakernas,,qualification_id=q_underemployment_august; source_universe=Employed persons meeting BPS underemployment criteria; source_geography=vervar:1308:Kab. Lima Puluh Kota; geography_mapping=qualified_current_code; source_selector=vervar:1308:Kab. Lima Puluh Kota|turvar:1081:Setengah Pengangguran; transform=identity; quality_rule=retain source weighting-regime notes and leave cross-regime comparability unresolved
bpsexpobs_69a0e1b354de1f18a54e8aa7,manufacturing_share_grdp,idn.13.1302,2023-01-01,2023-12-31,annual,6.633532334021815,percent,derived,bpsexpprov_742c671ae22c147b388a75dc,false,true,GRDP series 2010 ADHB,current_prices_series_2010,qualification_id=q_sector_share_adhb2010; source_universe=Regional gross value added by BPS industry classification; source_geography=turvar:465:Kabupaten Pesisir Selatan; geography_mapping=qualified_source_dimension_alias; source_selector=vervar:300:C. Industri Pengolahan|turvar:465:Kabupaten Pesisir Selatan; transform=share_percent; source_denominator=18025679.68; quality_rule=derive only within same source variable geography and year; require positive total PDRB and share within 0-100
bpsexpobs_6a21e455f2beb40c8727156b,rice_yield,idn.13.1372,2023-01-01,2023-12-31,annual,6.299,tonnes_per_hectare,derived,bpsexpprov_98ad288c955db1b72d61718e,false,true,KSA,,qualification_id=q_rice_yield_ksa; source_universe=Rice harvested area and production under BPS KSA methodology; source_geography=vervar:1372:Kota Solok; geography_mapping=qualified_current_code; source_selector=vervar:1372:Kota Solok|turvar:244:Produktivitas (Kuintal/Hektar); transform=quintal_per_hectare_to_tonnes_per_hectare; quality_rule=convert productivity from quintal per hectare to tonnes per hectare by exact factor 0.1; retain KSA revision notes and 2025 Kota Pariaman LBS caveat
bpsexpobs_6b025f51584064d7eae334f4,rice_yield,idn.13.1306,2022-01-01,2022-12-31,annual,4.958,tonnes_per_hectare,derived,bpsexpprov_7bec558ef289b8b581c4f745,false,true,KSA,,qualification_id=q_rice_yield_ksa; source_universe=Rice harvested area and production under BPS KSA methodology; source_geography=vervar:1306:Kab. Padang Pariaman; geography_mapping=qualified_current_code; source_selector=vervar:1306:Kab. Padang Pariaman|turvar:244:Produktivitas (Kuintal/Hektar); transform=quintal_per_hectare_to_tonnes_per_hectare; quality_rule=convert productivity from quintal per hectare to tonnes per hectare by exact factor 0.1; retain KSA revision notes and 2025 Kota Pariaman LBS caveat
bpsexpobs_6b1abd52e49d877b21837255,agriculture_share_grdp,idn.13.1373,2020-01-01,2020-12-31,annual,8.922359724582485,percent,derived,bpsexpprov_de78525e2bbb6ca424c54f66,false,true,GRDP series 2010 ADHB,current_prices_series_2010,"qualification_id=q_sector_share_adhb2010; source_universe=Regional gross value added by BPS industry classification; source_geography=turvar:478:Kota Sawahlunto; geography_mapping=qualified_source_dimension_alias; source_selector=vervar:100:A. Pertanian, Kehutanan dan Perikanan|turvar:478:Kota Sawahlunto; transform=share_percent; source_denominator=3656590.97; quality_rule=derive only within same source variable geography and year; require positive total PDRB and share within 0-100"
bpsexpobs_6ba85c3060233a0b3ccc4abb,manufacturing_share_grdp,idn.13.1376,2022-01-01,2022-12-31,annual,4.9208761383575785,percent,derived,bpsexpprov_f01604e079fcaf5cd29dcab5,false,true,GRDP series 2010 ADHB,current_prices_series_2010,qualification_id=q_sector_share_adhb2010; source_universe=Regional gross value added by BPS industry classification; source_geography=turvar:481:Kota Payakumbuh; geography_mapping=qualified_source_dimension_alias; source_selector=vervar:300:C. Industri Pengolahan|turvar:481:Kota Payakumbuh; transform=share_percent; source_denominator=8250301.95; quality_rule=derive only within same source variable geography and year; require positive total PDRB and share within 0-100
bpsexpobs_6bd3e46c09e7113e78a2e42f,rice_yield,idn.13.1304,2019-01-01,2019-12-31,annual,3.4170000000000003,tonnes_per_hectare,derived,bpsexpprov_4175fb009f15e20368cb7b1e,false,true,KSA,,qualification_id=q_rice_yield_ksa; source_universe=Rice harvested area and production under BPS KSA methodology; source_geography=vervar:1304:Kab. Sijunjung; geography_mapping=qualified_current_code; source_selector=vervar:1304:Kab. Sijunjung|turvar:244:Produktivitas (Kuintal/Hektar); transform=quintal_per_hectare_to_tonnes_per_hectare; quality_rule=convert productivity from quintal per hectare to tonnes per hectare by exact factor 0.1; retain KSA revision notes and 2025 Kota Pariaman LBS caveat
bpsexpobs_6bddd7b1f5cec3328fe905c0,rice_yield,idn.13.1302,2020-01-01,2020-12-31,annual,4.805,tonnes_per_hectare,derived,bpsexpprov_4ea81f7d026a48bf672ef4dc,false,true,KSA,,qualification_id=q_rice_yield_ksa; source_universe=Rice harvested area and production under BPS KSA methodology; source_geography=vervar:1302:Kab. Pesisir Selatan; geography_mapping=qualified_current_code; source_selector=vervar:1302:Kab. Pesisir Selatan|turvar:244:Produktivitas (Kuintal/Hektar); transform=quintal_per_hectare_to_tonnes_per_hectare; quality_rule=convert productivity from quintal per hectare to tonnes per hectare by exact factor 0.1; retain KSA revision notes and 2025 Kota Pariaman LBS caveat
bpsexpobs_6c39ac9e300325042a26a52a,underemployment_rate,idn.13.1371,2023-08-01,2023-08-31,annual,7.99,percent,observed,bpsexpprov_5d4e122cca677f83fa39043d,false,,August Sakernas,,qualification_id=q_underemployment_august; source_universe=Employed persons meeting BPS underemployment criteria; source_geography=vervar:1371:Kota Padang; geography_mapping=qualified_current_code; source_selector=vervar:1371:Kota Padang|turvar:1081:Setengah Pengangguran; transform=identity; quality_rule=retain source weighting-regime notes and leave cross-regime comparability unresolved
bpsexpobs_6c43c940e60493c9e86936fc,rice_yield,idn.13.1309,2025-01-01,2025-12-31,annual,4.6850000000000005,tonnes_per_hectare,derived,bpsexpprov_a33789296bace61af429580d,false,,KSA,,qualification_id=q_rice_yield_ksa; source_universe=Rice harvested area and production under BPS KSA methodology; source_geography=vervar:1309:Kab. Pasaman; geography_mapping=qualified_current_code; source_selector=vervar:1309:Kab. Pasaman|turvar:244:Produktivitas (Kuintal/Hektar); transform=quintal_per_hectare_to_tonnes_per_hectare; quality_rule=convert productivity from quintal per hectare to tonnes per hectare by exact factor 0.1; retain KSA revision notes and 2025 Kota Pariaman LBS caveat
bpsexpobs_6c73c97c963d8a7be7d2a28d,rice_yield,idn.13.1307,2025-01-01,2025-12-31,annual,4.782,tonnes_per_hectare,derived,bpsexpprov_a33789296bace61af429580d,false,,KSA,,qualification_id=q_rice_yield_ksa; source_universe=Rice harvested area and production under BPS KSA methodology; source_geography=vervar:1307:Kab. Agam; geography_mapping=qualified_current_code; source_selector=vervar:1307:Kab. Agam|turvar:244:Produktivitas (Kuintal/Hektar); transform=quintal_per_hectare_to_tonnes_per_hectare; quality_rule=convert productivity from quintal per hectare to tonnes per hectare by exact factor 0.1; retain KSA revision notes and 2025 Kota Pariaman LBS caveat
bpsexpobs_6d00b38130443c2de660075a,manufacturing_share_grdp,idn.13,2023-01-01,2023-12-31,annual,8.40917105333169,percent,derived,bpsexpprov_742c671ae22c147b388a75dc,false,true,GRDP series 2010 ADHB,current_prices_series_2010,qualification_id=q_sector_share_adhb2010; source_universe=Regional gross value added by BPS industry classification; source_geography=turvar:483:Sumatera Barat; geography_mapping=qualified_source_aggregate_alias; source_selector=vervar:300:C. Industri Pengolahan|turvar:483:Sumatera Barat; transform=share_percent; source_denominator=312770276.68; quality_rule=derive only within same source variable geography and year; require positive total PDRB and share within 0-100
bpsexpobs_6db2a97ca7fed40c5d1f7f2a,gini_ratio,idn.13,2025-03-01,2025-03-31,annual,0.282,index,observed,bpsexpprov_1811c8884a24bb13e6c3b41e,false,true,Susenas March,,qualification_id=q_gini_march; source_universe=Population expenditure distribution under BPS Susenas welfare aggregate; source_geography=vervar:1300:Sumatera Barat; geography_mapping=qualified_source_aggregate_alias; source_selector=vervar:1300:Sumatera Barat|turvar:0:Tidak ada; transform=identity; quality_rule=canonicalize province aggregate only; retain local API rows as held source-native
bpsexpobs_6e875755b1edf9c5743127bf,manufacturing_share_grdp,idn.13.1377,2022-01-01,2022-12-31,annual,6.973015207687256,percent,derived,bpsexpprov_f01604e079fcaf5cd29dcab5,false,true,GRDP series 2010 ADHB,current_prices_series_2010,qualification_id=q_sector_share_adhb2010; source_universe=Regional gross value added by BPS industry classification; source_geography=turvar:482:Kota Pariaman; geography_mapping=qualified_source_dimension_alias; source_selector=vervar:300:C. Industri Pengolahan|turvar:482:Kota Pariaman; transform=share_percent; source_denominator=5881852.94; quality_rule=derive only within same source variable geography and year; require positive total PDRB and share within 0-100
bpsexpobs_6e9f48186bb979bae67eb70c,rice_yield,idn.13.1305,2023-01-01,2023-12-31,annual,5.461,tonnes_per_hectare,derived,bpsexpprov_98ad288c955db1b72d61718e,false,true,KSA,,qualification_id=q_rice_yield_ksa; source_universe=Rice harvested area and production under BPS KSA methodology; source_geography=vervar:1305:Kab. Tanah Datar; geography_mapping=qualified_current_code; source_selector=vervar:1305:Kab. Tanah Datar|turvar:244:Produktivitas (Kuintal/Hektar); transform=quintal_per_hectare_to_tonnes_per_hectare; quality_rule=convert productivity from quintal per hectare to tonnes per hectare by exact factor 0.1; retain KSA revision notes and 2025 Kota Pariaman LBS caveat
bpsexpobs_6ef2648cf3fa3be836918537,agriculture_share_grdp,idn.13.1371,2020-01-01,2020-12-31,annual,5.411381886730643,percent,derived,bpsexpprov_de78525e2bbb6ca424c54f66,false,true,GRDP series 2010 ADHB,current_prices_series_2010,"qualification_id=q_sector_share_adhb2010; source_universe=Regional gross value added by BPS industry classification; source_geography=turvar:476:Kota Padang; geography_mapping=qualified_source_dimension_alias; source_selector=vervar:100:A. Pertanian, Kehutanan dan Perikanan|turvar:476:Kota Padang; transform=share_percent; source_denominator=62181006.08; quality_rule=derive only within same source variable geography and year; require positive total PDRB and share within 0-100"
bpsexpobs_6f6a14268d1773f4f843df7d,manufacturing_share_grdp,idn.13.1377,2018-01-01,2018-12-31,annual,7.435893748408085,percent,derived,bpsexpprov_ac4cc8d5cae12e620dffc9f2,false,true,GRDP series 2010 ADHB,current_prices_series_2010,qualification_id=q_sector_share_adhb2010; source_universe=Regional gross value added by BPS industry classification; source_geography=turvar:482:Kota Pariaman; geography_mapping=qualified_source_dimension_alias; source_selector=vervar:300:C. Industri Pengolahan|turvar:482:Kota Pariaman; transform=share_percent; source_denominator=4615745.62; quality_rule=derive only within same source variable geography and year; require positive total PDRB and share within 0-100
bpsexpobs_70076c8dd0d18c493fc74030,agriculture_share_grdp,idn.13.1374,2022-01-01,2022-12-31,annual,5.136365646285013,percent,derived,bpsexpprov_f01604e079fcaf5cd29dcab5,false,true,GRDP series 2010 ADHB,current_prices_series_2010,"qualification_id=q_sector_share_adhb2010; source_universe=Regional gross value added by BPS industry classification; source_geography=turvar:479:Kota Padang Panjang; geography_mapping=qualified_source_dimension_alias; source_selector=vervar:100:A. Pertanian, Kehutanan dan Perikanan|turvar:479:Kota Padang Panjang; transform=share_percent; source_denominator=4086546.1; quality_rule=derive only within same source variable geography and year; require positive total PDRB and share within 0-100"
bpsexpobs_716edac545c6df2699e0ddb7,underemployment_rate,idn.13.1303,2022-08-01,2022-08-31,annual,8.16,percent,observed,bpsexpprov_c7f222b804ed42981996759c,false,,August Sakernas,,qualification_id=q_underemployment_august; source_universe=Employed persons meeting BPS underemployment criteria; source_geography=vervar:1303:Kab. Solok; geography_mapping=qualified_current_code; source_selector=vervar:1303:Kab. Solok|turvar:1081:Setengah Pengangguran; transform=identity; quality_rule=retain source weighting-regime notes and leave cross-regime comparability unresolved
bpsexpobs_7172234de7925ba4fa99db07,rice_yield,idn.13.1302,2023-01-01,2023-12-31,annual,5.188000000000001,tonnes_per_hectare,derived,bpsexpprov_98ad288c955db1b72d61718e,false,true,KSA,,qualification_id=q_rice_yield_ksa; source_universe=Rice harvested area and production under BPS KSA methodology; source_geography=vervar:1302:Kab. Pesisir Selatan; geography_mapping=qualified_current_code; source_selector=vervar:1302:Kab. Pesisir Selatan|turvar:244:Produktivitas (Kuintal/Hektar); transform=quintal_per_hectare_to_tonnes_per_hectare; quality_rule=convert productivity from quintal per hectare to tonnes per hectare by exact factor 0.1; retain KSA revision notes and 2025 Kota Pariaman LBS caveat
bpsexpobs_72fb3d2a6fbaa5f8e24cd1b0,agriculture_share_grdp,idn.13.1309,2022-01-01,2022-12-31,annual,46.37728538605358,percent,derived,bpsexpprov_f01604e079fcaf5cd29dcab5,false,true,GRDP series 2010 ADHB,current_prices_series_2010,"qualification_id=q_sector_share_adhb2010; source_universe=Regional gross value added by BPS industry classification; source_geography=turvar:472:Kabupaten Pasaman; geography_mapping=qualified_source_dimension_alias; source_selector=vervar:100:A. Pertanian, Kehutanan dan Perikanan|turvar:472:Kabupaten Pasaman; transform=share_percent; source_denominator=10390577.65; quality_rule=derive only within same source variable geography and year; require positive total PDRB and share within 0-100"
bpsexpobs_73554965053f2124b843c2e2,population_total,idn.13.1377,2020-09-01,2020-09-30,annual,94224.0,persons,observed,bpsexpprov_9de0c2885fb2df7b9c780beb,false,true,Sensus Penduduk 2020,,qualification_id=q_population_sp2020; source_universe=Resident population under SP2020 census definition; source_geography=vervar:1377:Pariaman; geography_mapping=qualified_current_code; source_selector=vervar:1377:Pariaman|turvar:34:Laki-Laki + Perempuan; transform=identity; quality_rule=select total sex category only and retain census reference period
bpsexpobs_73f6f7461d1cee2b914dc7c4,agriculture_share_grdp,idn.13.1310,2018-01-01,2018-12-31,annual,34.31721311984101,percent,derived,bpsexpprov_ac4cc8d5cae12e620dffc9f2,false,true,GRDP series 2010 ADHB,current_prices_series_2010,"qualification_id=q_sector_share_adhb2010; source_universe=Regional gross value added by BPS industry classification; source_geography=turvar:473:Kabupaten Solok Selatan; geography_mapping=qualified_source_dimension_alias; source_selector=vervar:100:A. Pertanian, Kehutanan dan Perikanan|turvar:473:Kabupaten Solok Selatan; transform=share_percent; source_denominator=4737331.8; quality_rule=derive only within same source variable geography and year; require positive total PDRB and share within 0-100"
bpsexpobs_744ba8bb31e45e3b5a5bf733,rice_yield,idn.13.1372,2019-01-01,2019-12-31,annual,5.757000000000001,tonnes_per_hectare,derived,bpsexpprov_4175fb009f15e20368cb7b1e,false,true,KSA,,qualification_id=q_rice_yield_ksa; source_universe=Rice harvested area and production under BPS KSA methodology; source_geography=vervar:1372:Kota Solok; geography_mapping=qualified_current_code; source_selector=vervar:1372:Kota Solok|turvar:244:Produktivitas (Kuintal/Hektar); transform=quintal_per_hectare_to_tonnes_per_hectare; quality_rule=convert productivity from quintal per hectare to tonnes per hectare by exact factor 0.1; retain KSA revision notes and 2025 Kota Pariaman LBS caveat
bpsexpobs_76127b96cffe740472a4ce06,agriculture_share_grdp,idn.13.1304,2020-01-01,2020-12-31,annual,27.817538823226187,percent,derived,bpsexpprov_de78525e2bbb6ca424c54f66,false,true,GRDP series 2010 ADHB,current_prices_series_2010,"qualification_id=q_sector_share_adhb2010; source_universe=Regional gross value added by BPS industry classification; source_geography=turvar:467:Kabupaten Sijunjung; geography_mapping=qualified_source_dimension_alias; source_selector=vervar:100:A. Pertanian, Kehutanan dan Perikanan|turvar:467:Kabupaten Sijunjung; transform=share_percent; source_denominator=9136559.73; quality_rule=derive only within same source variable geography and year; require positive total PDRB and share within 0-100"
bpsexpobs_765321b60f7c2a642d178c85,agriculture_share_grdp,idn.13.1374,2021-01-01,2021-12-31,annual,5.120157681445877,percent,derived,bpsexpprov_1bd70093852bc1965baeadf8,false,true,GRDP series 2010 ADHB,current_prices_series_2010,"qualification_id=q_sector_share_adhb2010; source_universe=Regional gross value added by BPS industry classification; source_geography=turvar:479:Kota Padang Panjang; geography_mapping=qualified_source_dimension_alias; source_selector=vervar:100:A. Pertanian, Kehutanan dan Perikanan|turvar:479:Kota Padang Panjang; transform=share_percent; source_denominator=3651118.22; quality_rule=derive only within same source variable geography and year; require positive total PDRB and share within 0-100"
bpsexpobs_76bfddd3dbef5bace948e722,underemployment_rate,idn.13.1306,2018-08-01,2018-08-31,annual,8.55,percent,observed,bpsexpprov_5b8e8c914fb6f4aed45ae1c5,false,,August Sakernas,,qualification_id=q_underemployment_august; source_universe=Employed persons meeting BPS underemployment criteria; source_geography=vervar:1306:Kab. Padang Pariaman; geography_mapping=qualified_current_code; source_selector=vervar:1306:Kab. Padang Pariaman|turvar:1081:Setengah Pengangguran; transform=identity; quality_rule=retain source weighting-regime notes and leave cross-regime comparability unresolved
bpsexpobs_776495c0468cfa29c7b5fec7,underemployment_rate,idn.13.1309,2023-08-01,2023-08-31,annual,13.25,percent,observed,bpsexpprov_5d4e122cca677f83fa39043d,false,,August Sakernas,,qualification_id=q_underemployment_august; source_universe=Employed persons meeting BPS underemployment criteria; source_geography=vervar:1309:Kab. Pasaman; geography_mapping=qualified_current_code; source_selector=vervar:1309:Kab. Pasaman|turvar:1081:Setengah Pengangguran; transform=identity; quality_rule=retain source weighting-regime notes and leave cross-regime comparability unresolved
bpsexpobs_793b4eade7323afea73a2742,rice_yield,idn.13.1303,2022-01-01,2022-12-31,annual,5.45,tonnes_per_hectare,derived,bpsexpprov_7bec558ef289b8b581c4f745,false,true,KSA,,qualification_id=q_rice_yield_ksa; source_universe=Rice harvested area and production under BPS KSA methodology; source_geography=vervar:1303:Kab. Solok; geography_mapping=qualified_current_code; source_selector=vervar:1303:Kab. Solok|turvar:244:Produktivitas (Kuintal/Hektar); transform=quintal_per_hectare_to_tonnes_per_hectare; quality_rule=convert productivity from quintal per hectare to tonnes per hectare by exact factor 0.1; retain KSA revision notes and 2025 Kota Pariaman LBS caveat
bpsexpobs_79ad5a69697b88a4c7550e1d,rice_yield,idn.13.1374,2023-01-01,2023-12-31,annual,6.397,tonnes_per_hectare,derived,bpsexpprov_98ad288c955db1b72d61718e,false,true,KSA,,qualification_id=q_rice_yield_ksa; source_universe=Rice harvested area and production under BPS KSA methodology; source_geography=vervar:1374:Kota Padang Panjang; geography_mapping=qualified_current_code; source_selector=vervar:1374:Kota Padang Panjang|turvar:244:Produktivitas (Kuintal/Hektar); transform=quintal_per_hectare_to_tonnes_per_hectare; quality_rule=convert productivity from quintal per hectare to tonnes per hectare by exact factor 0.1; retain KSA revision notes and 2025 Kota Pariaman LBS caveat
bpsexpobs_7a21e247f9a11ab9521a6d4b,agriculture_share_grdp,idn.13.1373,2022-01-01,2022-12-31,annual,8.727047982166315,percent,derived,bpsexpprov_f01604e079fcaf5cd29dcab5,false,true,GRDP series 2010 ADHB,current_prices_series_2010,"qualification_id=q_sector_share_adhb2010; source_universe=Regional gross value added by BPS industry classification; source_geography=turvar:478:Kota Sawahlunto; geography_mapping=qualified_source_dimension_alias; source_selector=vervar:100:A. Pertanian, Kehutanan dan Perikanan|turvar:478:Kota Sawahlunto; transform=share_percent; source_denominator=4389764.91; quality_rule=derive only within same source variable geography and year; require positive total PDRB and share within 0-100"
bpsexpobs_7a23cd2ed8313ef481e2ed72,rice_yield,idn.13.1371,2019-01-01,2019-12-31,annual,5.013000000000001,tonnes_per_hectare,derived,bpsexpprov_4175fb009f15e20368cb7b1e,false,true,KSA,,qualification_id=q_rice_yield_ksa; source_universe=Rice harvested area and production under BPS KSA methodology; source_geography=vervar:1371:Kota Padang; geography_mapping=qualified_current_code; source_selector=vervar:1371:Kota Padang|turvar:244:Produktivitas (Kuintal/Hektar); transform=quintal_per_hectare_to_tonnes_per_hectare; quality_rule=convert productivity from quintal per hectare to tonnes per hectare by exact factor 0.1; retain KSA revision notes and 2025 Kota Pariaman LBS caveat
bpsexpobs_7aac0d1dbeb0902dc9d0a3be,manufacturing_share_grdp,idn.13.1312,2019-01-01,2019-12-31,annual,13.074361077251517,percent,derived,bpsexpprov_629b7a2fd64bfc274cc445e1,false,true,GRDP series 2010 ADHB,current_prices_series_2010,qualification_id=q_sector_share_adhb2010; source_universe=Regional gross value added by BPS industry classification; source_geography=turvar:475:Kabupaten Pasaman Barat; geography_mapping=qualified_source_dimension_alias; source_selector=vervar:300:C. Industri Pengolahan|turvar:475:Kabupaten Pasaman Barat; transform=share_percent; source_denominator=15401338.07; quality_rule=derive only within same source variable geography and year; require positive total PDRB and share within 0-100
bpsexpobs_7abaf8a064dcd9ea02c914b7,rice_yield,idn.13.1376,2025-01-01,2025-12-31,annual,4.884,tonnes_per_hectare,derived,bpsexpprov_a33789296bace61af429580d,false,,KSA,,qualification_id=q_rice_yield_ksa; source_universe=Rice harvested area and production under BPS KSA methodology; source_geography=vervar:1376:Kota Payakumbuh; geography_mapping=qualified_current_code; source_selector=vervar:1376:Kota Payakumbuh|turvar:244:Produktivitas (Kuintal/Hektar); transform=quintal_per_hectare_to_tonnes_per_hectare; quality_rule=convert productivity from quintal per hectare to tonnes per hectare by exact factor 0.1; retain KSA revision notes and 2025 Kota Pariaman LBS caveat
bpsexpobs_7b73c099d73add6b07f92213,manufacturing_share_grdp,idn.13.1376,2021-01-01,2021-12-31,annual,5.029473053670243,percent,derived,bpsexpprov_1bd70093852bc1965baeadf8,false,true,GRDP series 2010 ADHB,current_prices_series_2010,qualification_id=q_sector_share_adhb2010; source_universe=Regional gross value added by BPS industry classification; source_geography=turvar:481:Kota Payakumbuh; geography_mapping=qualified_source_dimension_alias; source_selector=vervar:300:C. Industri Pengolahan|turvar:481:Kota Payakumbuh; transform=share_percent; source_denominator=7302509.35; quality_rule=derive only within same source variable geography and year; require positive total PDRB and share within 0-100
bpsexpobs_7ba82fc0146dd789006fddc5,manufacturing_share_grdp,idn.13.1372,2020-01-01,2020-12-31,annual,4.137571071338069,percent,derived,bpsexpprov_de78525e2bbb6ca424c54f66,false,true,GRDP series 2010 ADHB,current_prices_series_2010,qualification_id=q_sector_share_adhb2010; source_universe=Regional gross value added by BPS industry classification; source_geography=turvar:477:Kota Solok; geography_mapping=qualified_source_dimension_alias; source_selector=vervar:300:C. Industri Pengolahan|turvar:477:Kota Solok; transform=share_percent; source_denominator=4041639.82; quality_rule=derive only within same source variable geography and year; require positive total PDRB and share within 0-100
bpsexpobs_7c1403b117ff5fd21d1b1b8c,underemployment_rate,idn.13.1306,2024-08-01,2024-08-31,annual,13.08,percent,observed,bpsexpprov_46b601c94fb495d28c921a1c,false,,August Sakernas,,qualification_id=q_underemployment_august; source_universe=Employed persons meeting BPS underemployment criteria; source_geography=vervar:1306:Kab. Padang Pariaman; geography_mapping=qualified_current_code; source_selector=vervar:1306:Kab. Padang Pariaman|turvar:1081:Setengah Pengangguran; transform=identity; quality_rule=retain source weighting-regime notes and leave cross-regime comparability unresolved
bpsexpobs_7c47c66296c52842c684685a,rice_yield,idn.13.1375,2022-01-01,2022-12-31,annual,6.609000000000001,tonnes_per_hectare,derived,bpsexpprov_7bec558ef289b8b581c4f745,false,true,KSA,,qualification_id=q_rice_yield_ksa; source_universe=Rice harvested area and production under BPS KSA methodology; source_geography=vervar:1375:Kota Bukittinggi; geography_mapping=qualified_current_code; source_selector=vervar:1375:Kota Bukittinggi|turvar:244:Produktivitas (Kuintal/Hektar); transform=quintal_per_hectare_to_tonnes_per_hectare; quality_rule=convert productivity from quintal per hectare to tonnes per hectare by exact factor 0.1; retain KSA revision notes and 2025 Kota Pariaman LBS caveat
bpsexpobs_7c8f1164498ae0bef3b909fe,population_total,idn.13.1302,2020-09-01,2020-09-30,annual,504418.0,persons,observed,bpsexpprov_9de0c2885fb2df7b9c780beb,false,true,Sensus Penduduk 2020,,qualification_id=q_population_sp2020; source_universe=Resident population under SP2020 census definition; source_geography=vervar:1302:Pesisir Selatan; geography_mapping=qualified_current_code; source_selector=vervar:1302:Pesisir Selatan|turvar:34:Laki-Laki + Perempuan; transform=identity; quality_rule=select total sex category only and retain census reference period
bpsexpobs_7cc812513c01490a6c4b80ae,underemployment_rate,idn.13.1311,2019-08-01,2019-08-31,annual,10.27,percent,observed,bpsexpprov_a5eff4174dcceeb54b88c07d,false,,August Sakernas,,qualification_id=q_underemployment_august; source_universe=Employed persons meeting BPS underemployment criteria; source_geography=vervar:1311:Kab. Dharmasraya; geography_mapping=qualified_current_code; source_selector=vervar:1311:Kab. Dharmasraya|turvar:1081:Setengah Pengangguran; transform=identity; quality_rule=retain source weighting-regime notes and leave cross-regime comparability unresolved
bpsexpobs_7d1b21dee96eb34e8c66abe5,rice_yield,idn.13.1376,2022-01-01,2022-12-31,annual,5.4990000000000006,tonnes_per_hectare,derived,bpsexpprov_7bec558ef289b8b581c4f745,false,true,KSA,,qualification_id=q_rice_yield_ksa; source_universe=Rice harvested area and production under BPS KSA methodology; source_geography=vervar:1376:Kota Payakumbuh; geography_mapping=qualified_current_code; source_selector=vervar:1376:Kota Payakumbuh|turvar:244:Produktivitas (Kuintal/Hektar); transform=quintal_per_hectare_to_tonnes_per_hectare; quality_rule=convert productivity from quintal per hectare to tonnes per hectare by exact factor 0.1; retain KSA revision notes and 2025 Kota Pariaman LBS caveat
bpsexpobs_7dd825e2daabe20fff11c45b,rice_yield,idn.13.1371,2021-01-01,2021-12-31,annual,5.043,tonnes_per_hectare,derived,bpsexpprov_1fe8aa76eff04c735a65a290,false,true,KSA,,qualification_id=q_rice_yield_ksa; source_universe=Rice harvested area and production under BPS KSA methodology; source_geography=vervar:1371:Kota Padang; geography_mapping=qualified_current_code; source_selector=vervar:1371:Kota Padang|turvar:244:Produktivitas (Kuintal/Hektar); transform=quintal_per_hectare_to_tonnes_per_hectare; quality_rule=convert productivity from quintal per hectare to tonnes per hectare by exact factor 0.1; retain KSA revision notes and 2025 Kota Pariaman LBS caveat
bpsexpobs_7e00ce53ccb89454c6176e3d,underemployment_rate,idn.13.1302,2023-08-01,2023-08-31,annual,14.04,percent,observed,bpsexpprov_5d4e122cca677f83fa39043d,false,,August Sakernas,,qualification_id=q_underemployment_august; source_universe=Employed persons meeting BPS underemployment criteria; source_geography=vervar:1302:Kab. Pesisir Selatan; geography_mapping=qualified_current_code; source_selector=vervar:1302:Kab. Pesisir Selatan|turvar:1081:Setengah Pengangguran; transform=identity; quality_rule=retain source weighting-regime notes and leave cross-regime comparability unresolved
bpsexpobs_7e4378cda8ec4ffa4b0d099a,underemployment_rate,idn.13.1304,2020-08-01,2020-08-31,annual,13.42,percent,observed,bpsexpprov_31afeaa8c374b636e60a0d0c,false,,August Sakernas,,qualification_id=q_underemployment_august; source_universe=Employed persons meeting BPS underemployment criteria; source_geography=vervar:1304:Kab. Sijunjung; geography_mapping=qualified_current_code; source_selector=vervar:1304:Kab. Sijunjung|turvar:1081:Setengah Pengangguran; transform=identity; quality_rule=retain source weighting-regime notes and leave cross-regime comparability unresolved
bpsexpobs_7e5885ec0da1d0227d18e0d6,rice_yield,idn.13.1307,2022-01-01,2022-12-31,annual,4.954000000000001,tonnes_per_hectare,derived,bpsexpprov_7bec558ef289b8b581c4f745,false,true,KSA,,qualification_id=q_rice_yield_ksa; source_universe=Rice harvested area and production under BPS KSA methodology; source_geography=vervar:1307:Kab. Agam; geography_mapping=qualified_current_code; source_selector=vervar:1307:Kab. Agam|turvar:244:Produktivitas (Kuintal/Hektar); transform=quintal_per_hectare_to_tonnes_per_hectare; quality_rule=convert productivity from quintal per hectare to tonnes per hectare by exact factor 0.1; retain KSA revision notes and 2025 Kota Pariaman LBS caveat
bpsexpobs_7ee710411a0fa6f4c84598b5,rice_yield,idn.13.1302,2022-01-01,2022-12-31,annual,5.617000000000001,tonnes_per_hectare,derived,bpsexpprov_7bec558ef289b8b581c4f745,false,true,KSA,,qualification_id=q_rice_yield_ksa; source_universe=Rice harvested area and production under BPS KSA methodology; source_geography=vervar:1302:Kab. Pesisir Selatan; geography_mapping=qualified_current_code; source_selector=vervar:1302:Kab. Pesisir Selatan|turvar:244:Produktivitas (Kuintal/Hektar); transform=quintal_per_hectare_to_tonnes_per_hectare; quality_rule=convert productivity from quintal per hectare to tonnes per hectare by exact factor 0.1; retain KSA revision notes and 2025 Kota Pariaman LBS caveat
bpsexpobs_803441fe60b5da093574fc22,agriculture_share_grdp,idn.13.1375,2022-01-01,2022-12-31,annual,1.0987632320436223,percent,derived,bpsexpprov_f01604e079fcaf5cd29dcab5,false,true,GRDP series 2010 ADHB,current_prices_series_2010,"qualification_id=q_sector_share_adhb2010; source_universe=Regional gross value added by BPS industry classification; source_geography=turvar:480:Kota Bukittinggi; geography_mapping=qualified_source_dimension_alias; source_selector=vervar:100:A. Pertanian, Kehutanan dan Perikanan|turvar:480:Kota Bukittinggi; transform=share_percent; source_denominator=10194020.58; quality_rule=derive only within same source variable geography and year; require positive total PDRB and share within 0-100"
bpsexpobs_806fa96bde24445fac0bcac6,rice_yield,idn.13.1311,2025-01-01,2025-12-31,annual,4.939,tonnes_per_hectare,derived,bpsexpprov_a33789296bace61af429580d,false,,KSA,,qualification_id=q_rice_yield_ksa; source_universe=Rice harvested area and production under BPS KSA methodology; source_geography=vervar:1311:Kab. Dharmasraya; geography_mapping=qualified_current_code; source_selector=vervar:1311:Kab. Dharmasraya|turvar:244:Produktivitas (Kuintal/Hektar); transform=quintal_per_hectare_to_tonnes_per_hectare; quality_rule=convert productivity from quintal per hectare to tonnes per hectare by exact factor 0.1; retain KSA revision notes and 2025 Kota Pariaman LBS caveat
bpsexpobs_80aaf3b1ba1ccf1780cb360f,underemployment_rate,idn.13.1307,2023-08-01,2023-08-31,annual,11.25,percent,observed,bpsexpprov_5d4e122cca677f83fa39043d,false,,August Sakernas,,qualification_id=q_underemployment_august; source_universe=Employed persons meeting BPS underemployment criteria; source_geography=vervar:1307:Kab. Agam; geography_mapping=qualified_current_code; source_selector=vervar:1307:Kab. Agam|turvar:1081:Setengah Pengangguran; transform=identity; quality_rule=retain source weighting-regime notes and leave cross-regime comparability unresolved
bpsexpobs_80cfacb7e407d04e8cc9b631,manufacturing_share_grdp,idn.13.1307,2018-01-01,2018-12-31,annual,10.732570390916477,percent,derived,bpsexpprov_ac4cc8d5cae12e620dffc9f2,false,true,GRDP series 2010 ADHB,current_prices_series_2010,qualification_id=q_sector_share_adhb2010; source_universe=Regional gross value added by BPS industry classification; source_geography=turvar:470:Kabupaten Agam; geography_mapping=qualified_source_dimension_alias; source_selector=vervar:300:C. Industri Pengolahan|turvar:470:Kabupaten Agam; transform=share_percent; source_denominator=19145918.5; quality_rule=derive only within same source variable geography and year; require positive total PDRB and share within 0-100
bpsexpobs_8102d54d3d25b7ec904c0166,agriculture_share_grdp,idn.13,2023-01-01,2023-12-31,annual,21.037991246630373,percent,derived,bpsexpprov_742c671ae22c147b388a75dc,false,true,GRDP series 2010 ADHB,current_prices_series_2010,"qualification_id=q_sector_share_adhb2010; source_universe=Regional gross value added by BPS industry classification; source_geography=turvar:483:Sumatera Barat; geography_mapping=qualified_source_aggregate_alias; source_selector=vervar:100:A. Pertanian, Kehutanan dan Perikanan|turvar:483:Sumatera Barat; transform=share_percent; source_denominator=312770276.68; quality_rule=derive only within same source variable geography and year; require positive total PDRB and share within 0-100"
bpsexpobs_816d465b35ab908c05c3a222,underemployment_rate,idn.13.1302,2022-08-01,2022-08-31,annual,11.58,percent,observed,bpsexpprov_c7f222b804ed42981996759c,false,,August Sakernas,,qualification_id=q_underemployment_august; source_universe=Employed persons meeting BPS underemployment criteria; source_geography=vervar:1302:Kab. Pesisir Selatan; geography_mapping=qualified_current_code; source_selector=vervar:1302:Kab. Pesisir Selatan|turvar:1081:Setengah Pengangguran; transform=identity; quality_rule=retain source weighting-regime notes and leave cross-regime comparability unresolved
bpsexpobs_81e481bedb698dadf191a7d4,underemployment_rate,idn.13.1303,2019-08-01,2019-08-31,annual,8.51,percent,observed,bpsexpprov_a5eff4174dcceeb54b88c07d,false,,August Sakernas,,qualification_id=q_underemployment_august; source_universe=Employed persons meeting BPS underemployment criteria; source_geography=vervar:1303:Kab. Solok; geography_mapping=qualified_current_code; source_selector=vervar:1303:Kab. Solok|turvar:1081:Setengah Pengangguran; transform=identity; quality_rule=retain source weighting-regime notes and leave cross-regime comparability unresolved
bpsexpobs_820d9e48c1fd2090f8a3cf50,rice_yield,idn.13.1305,2024-01-01,2024-12-31,annual,4.787,tonnes_per_hectare,derived,bpsexpprov_de6b038fe64e47f00ce56036,false,true,KSA,,qualification_id=q_rice_yield_ksa; source_universe=Rice harvested area and production under BPS KSA methodology; source_geography=vervar:1305:Kab. Tanah Datar; geography_mapping=qualified_current_code; source_selector=vervar:1305:Kab. Tanah Datar|turvar:244:Produktivitas (Kuintal/Hektar); transform=quintal_per_hectare_to_tonnes_per_hectare; quality_rule=convert productivity from quintal per hectare to tonnes per hectare by exact factor 0.1; retain KSA revision notes and 2025 Kota Pariaman LBS caveat
bpsexpobs_821e9a2061ecea3c95951e80,rice_yield,idn.13.1306,2020-01-01,2020-12-31,annual,4.6979999999999995,tonnes_per_hectare,derived,bpsexpprov_4ea81f7d026a48bf672ef4dc,false,true,KSA,,qualification_id=q_rice_yield_ksa; source_universe=Rice harvested area and production under BPS KSA methodology; source_geography=vervar:1306:Kab. Padang Pariaman; geography_mapping=qualified_current_code; source_selector=vervar:1306:Kab. Padang Pariaman|turvar:244:Produktivitas (Kuintal/Hektar); transform=quintal_per_hectare_to_tonnes_per_hectare; quality_rule=convert productivity from quintal per hectare to tonnes per hectare by exact factor 0.1; retain KSA revision notes and 2025 Kota Pariaman LBS caveat
bpsexpobs_833a8b72cd0c188d95340e46,agriculture_share_grdp,idn.13.1308,2023-01-01,2023-12-31,annual,31.08019767257888,percent,derived,bpsexpprov_742c671ae22c147b388a75dc,false,true,GRDP series 2010 ADHB,current_prices_series_2010,"qualification_id=q_sector_share_adhb2010; source_universe=Regional gross value added by BPS industry classification; source_geography=turvar:471:Kabupaten Limapuluh Kota; geography_mapping=qualified_source_dimension_alias; source_selector=vervar:100:A. Pertanian, Kehutanan dan Perikanan|turvar:471:Kabupaten Limapuluh Kota; transform=share_percent; source_denominator=19604196.1; quality_rule=derive only within same source variable geography and year; require positive total PDRB and share within 0-100"
bpsexpobs_836906bea314e65c6bcdaa5d,rice_yield,idn.13.1308,2019-01-01,2019-12-31,annual,4.149,tonnes_per_hectare,derived,bpsexpprov_4175fb009f15e20368cb7b1e,false,true,KSA,,qualification_id=q_rice_yield_ksa; source_universe=Rice harvested area and production under BPS KSA methodology; source_geography=vervar:1308:Kab. Lima Puluh Kota; geography_mapping=qualified_current_code; source_selector=vervar:1308:Kab. Lima Puluh Kota|turvar:244:Produktivitas (Kuintal/Hektar); transform=quintal_per_hectare_to_tonnes_per_hectare; quality_rule=convert productivity from quintal per hectare to tonnes per hectare by exact factor 0.1; retain KSA revision notes and 2025 Kota Pariaman LBS caveat
bpsexpobs_837bec7a72f012845e3d64d8,agriculture_share_grdp,idn.13.1311,2018-01-01,2018-12-31,annual,30.229934039286547,percent,derived,bpsexpprov_ac4cc8d5cae12e620dffc9f2,false,true,GRDP series 2010 ADHB,current_prices_series_2010,"qualification_id=q_sector_share_adhb2010; source_universe=Regional gross value added by BPS industry classification; source_geography=turvar:474:Kabupaten Dharmasraya; geography_mapping=qualified_source_dimension_alias; source_selector=vervar:100:A. Pertanian, Kehutanan dan Perikanan|turvar:474:Kabupaten Dharmasraya; transform=share_percent; source_denominator=9697640.71; quality_rule=derive only within same source variable geography and year; require positive total PDRB and share within 0-100"
bpsexpobs_83a9c88e8ca25cd81c9fb9af,underemployment_rate,idn.13,2018-08-01,2018-08-31,annual,9.74,percent,observed,bpsexpprov_5b8e8c914fb6f4aed45ae1c5,false,,August Sakernas,,qualification_id=q_underemployment_august; source_universe=Employed persons meeting BPS underemployment criteria; source_geography=vervar:1378:Provinsi Sumatera Barat; geography_mapping=qualified_source_aggregate_alias; source_selector=vervar:1378:Provinsi Sumatera Barat|turvar:1081:Setengah Pengangguran; transform=identity; quality_rule=retain source weighting-regime notes and leave cross-regime comparability unresolved
bpsexpobs_843066bc80006f423a1a0d3c,rice_yield,idn.13.1374,2024-01-01,2024-12-31,annual,5.886,tonnes_per_hectare,derived,bpsexpprov_de6b038fe64e47f00ce56036,false,true,KSA,,qualification_id=q_rice_yield_ksa; source_universe=Rice harvested area and production under BPS KSA methodology; source_geography=vervar:1374:Kota Padang Panjang; geography_mapping=qualified_current_code; source_selector=vervar:1374:Kota Padang Panjang|turvar:244:Produktivitas (Kuintal/Hektar); transform=quintal_per_hectare_to_tonnes_per_hectare; quality_rule=convert productivity from quintal per hectare to tonnes per hectare by exact factor 0.1; retain KSA revision notes and 2025 Kota Pariaman LBS caveat
bpsexpobs_84825713280b5894a201c5aa,underemployment_rate,idn.13.1312,2021-08-01,2021-08-31,annual,10.28,percent,observed,bpsexpprov_227f7b196629e133536fef6d,false,,August Sakernas,,qualification_id=q_underemployment_august; source_universe=Employed persons meeting BPS underemployment criteria; source_geography=vervar:1312:Kab. Pasaman Barat; geography_mapping=qualified_current_code; source_selector=vervar:1312:Kab. Pasaman Barat|turvar:1081:Setengah Pengangguran; transform=identity; quality_rule=retain source weighting-regime notes and leave cross-regime comparability unresolved
bpsexpobs_84c711d27cc6fcfdb8041692,underemployment_rate,idn.13,2024-08-01,2024-08-31,annual,11.11,percent,observed,bpsexpprov_46b601c94fb495d28c921a1c,false,,August Sakernas,,qualification_id=q_underemployment_august; source_universe=Employed persons meeting BPS underemployment criteria; source_geography=vervar:1378:Provinsi Sumatera Barat; geography_mapping=qualified_source_aggregate_alias; source_selector=vervar:1378:Provinsi Sumatera Barat|turvar:1081:Setengah Pengangguran; transform=identity; quality_rule=retain source weighting-regime notes and leave cross-regime comparability unresolved
bpsexpobs_84f9a18e001e9b290db74aef,rice_yield,idn.13.1306,2019-01-01,2019-12-31,annual,4.804,tonnes_per_hectare,derived,bpsexpprov_4175fb009f15e20368cb7b1e,false,true,KSA,,qualification_id=q_rice_yield_ksa; source_universe=Rice harvested area and production under BPS KSA methodology; source_geography=vervar:1306:Kab. Padang Pariaman; geography_mapping=qualified_current_code; source_selector=vervar:1306:Kab. Padang Pariaman|turvar:244:Produktivitas (Kuintal/Hektar); transform=quintal_per_hectare_to_tonnes_per_hectare; quality_rule=convert productivity from quintal per hectare to tonnes per hectare by exact factor 0.1; retain KSA revision notes and 2025 Kota Pariaman LBS caveat
bpsexpobs_856f38a9ab2d1ad488911ccb,rice_yield,idn.13.1306,2025-01-01,2025-12-31,annual,4.762,tonnes_per_hectare,derived,bpsexpprov_a33789296bace61af429580d,false,,KSA,,qualification_id=q_rice_yield_ksa; source_universe=Rice harvested area and production under BPS KSA methodology; source_geography=vervar:1306:Kab. Padang Pariaman; geography_mapping=qualified_current_code; source_selector=vervar:1306:Kab. Padang Pariaman|turvar:244:Produktivitas (Kuintal/Hektar); transform=quintal_per_hectare_to_tonnes_per_hectare; quality_rule=convert productivity from quintal per hectare to tonnes per hectare by exact factor 0.1; retain KSA revision notes and 2025 Kota Pariaman LBS caveat
bpsexpobs_858faa1c63c90b291bff6333,population_total,idn.13.1373,2020-09-01,2020-09-30,annual,65138.0,persons,observed,bpsexpprov_9de0c2885fb2df7b9c780beb,false,true,Sensus Penduduk 2020,,qualification_id=q_population_sp2020; source_universe=Resident population under SP2020 census definition; source_geography=vervar:1373:Sawahlunto; geography_mapping=qualified_current_code; source_selector=vervar:1373:Sawahlunto|turvar:34:Laki-Laki + Perempuan; transform=identity; quality_rule=select total sex category only and retain census reference period
bpsexpobs_85f20e6f0ab5ecab34101c31,underemployment_rate,idn.13.1306,2021-08-01,2021-08-31,annual,11.73,percent,observed,bpsexpprov_227f7b196629e133536fef6d,false,,August Sakernas,,qualification_id=q_underemployment_august; source_universe=Employed persons meeting BPS underemployment criteria; source_geography=vervar:1306:Kab. Padang Pariaman; geography_mapping=qualified_current_code; source_selector=vervar:1306:Kab. Padang Pariaman|turvar:1081:Setengah Pengangguran; transform=identity; quality_rule=retain source weighting-regime notes and leave cross-regime comparability unresolved
bpsexpobs_869152076873ba0b22406cf0,manufacturing_share_grdp,idn.13.1372,2023-01-01,2023-12-31,annual,4.16706738609451,percent,derived,bpsexpprov_742c671ae22c147b388a75dc,false,true,GRDP series 2010 ADHB,current_prices_series_2010,qualification_id=q_sector_share_adhb2010; source_universe=Regional gross value added by BPS industry classification; source_geography=turvar:477:Kota Solok; geography_mapping=qualified_source_dimension_alias; source_selector=vervar:300:C. Industri Pengolahan|turvar:477:Kota Solok; transform=share_percent; source_denominator=5262098.25; quality_rule=derive only within same source variable geography and year; require positive total PDRB and share within 0-100
bpsexpobs_873a9f93377b71cd7810d5f9,rice_yield,idn.13.1307,2018-01-01,2018-12-31,annual,5.167000000000001,tonnes_per_hectare,derived,bpsexpprov_94477055811325289e147e4f,false,true,KSA,,qualification_id=q_rice_yield_ksa; source_universe=Rice harvested area and production under BPS KSA methodology; source_geography=vervar:1307:Kab. Agam; geography_mapping=qualified_current_code; source_selector=vervar:1307:Kab. Agam|turvar:244:Produktivitas (Kuintal/Hektar); transform=quintal_per_hectare_to_tonnes_per_hectare; quality_rule=convert productivity from quintal per hectare to tonnes per hectare by exact factor 0.1; retain KSA revision notes and 2025 Kota Pariaman LBS caveat
bpsexpobs_875c6b6918d8be3ba5ef2359,agriculture_share_grdp,idn.13.1372,2021-01-01,2021-12-31,annual,5.20145739524519,percent,derived,bpsexpprov_1bd70093852bc1965baeadf8,false,true,GRDP series 2010 ADHB,current_prices_series_2010,"qualification_id=q_sector_share_adhb2010; source_universe=Regional gross value added by BPS industry classification; source_geography=turvar:477:Kota Solok; geography_mapping=qualified_source_dimension_alias; source_selector=vervar:100:A. Pertanian, Kehutanan dan Perikanan|turvar:477:Kota Solok; transform=share_percent; source_denominator=4251892.56; quality_rule=derive only within same source variable geography and year; require positive total PDRB and share within 0-100"
bpsexpobs_87c719b9864d6ef8d8ddf454,rice_yield,idn.13.1372,2020-01-01,2020-12-31,annual,6.4670000000000005,tonnes_per_hectare,derived,bpsexpprov_4ea81f7d026a48bf672ef4dc,false,true,KSA,,qualification_id=q_rice_yield_ksa; source_universe=Rice harvested area and production under BPS KSA methodology; source_geography=vervar:1372:Kota Solok; geography_mapping=qualified_current_code; source_selector=vervar:1372:Kota Solok|turvar:244:Produktivitas (Kuintal/Hektar); transform=quintal_per_hectare_to_tonnes_per_hectare; quality_rule=convert productivity from quintal per hectare to tonnes per hectare by exact factor 0.1; retain KSA revision notes and 2025 Kota Pariaman LBS caveat
bpsexpobs_8920021c129d62bf63337120,manufacturing_share_grdp,idn.13,2021-01-01,2021-12-31,annual,8.793813082890335,percent,derived,bpsexpprov_1bd70093852bc1965baeadf8,false,true,GRDP series 2010 ADHB,current_prices_series_2010,qualification_id=q_sector_share_adhb2010; source_universe=Regional gross value added by BPS industry classification; source_geography=turvar:483:Sumatera Barat; geography_mapping=qualified_source_aggregate_alias; source_selector=vervar:300:C. Industri Pengolahan|turvar:483:Sumatera Barat; transform=share_percent; source_denominator=253100196.47; quality_rule=derive only within same source variable geography and year; require positive total PDRB and share within 0-100
bpsexpobs_8924ea28704e9beba26d8a7e,rice_yield,idn.13.1377,2023-01-01,2023-12-31,annual,4.894,tonnes_per_hectare,derived,bpsexpprov_98ad288c955db1b72d61718e,false,true,KSA,,qualification_id=q_rice_yield_ksa; source_universe=Rice harvested area and production under BPS KSA methodology; source_geography=vervar:1377:Kota Pariaman; geography_mapping=qualified_current_code; source_selector=vervar:1377:Kota Pariaman|turvar:244:Produktivitas (Kuintal/Hektar); transform=quintal_per_hectare_to_tonnes_per_hectare; quality_rule=convert productivity from quintal per hectare to tonnes per hectare by exact factor 0.1; retain KSA revision notes and 2025 Kota Pariaman LBS caveat
bpsexpobs_8947878eb30b4b716e9eb37f,agriculture_share_grdp,idn.13.1301,2019-01-01,2019-12-31,annual,46.48392819005129,percent,derived,bpsexpprov_629b7a2fd64bfc274cc445e1,false,true,GRDP series 2010 ADHB,current_prices_series_2010,"qualification_id=q_sector_share_adhb2010; source_universe=Regional gross value added by BPS industry classification; source_geography=turvar:464:Kabupaten Kepulauan Mentawai; geography_mapping=qualified_source_dimension_alias; source_selector=vervar:100:A. Pertanian, Kehutanan dan Perikanan|turvar:464:Kabupaten Kepulauan Mentawai; transform=share_percent; source_denominator=4665093.43; quality_rule=derive only within same source variable geography and year; require positive total PDRB and share within 0-100"
bpsexpobs_8a8e0a0bcca1c599da47e111,manufacturing_share_grdp,idn.13.1303,2021-01-01,2021-12-31,annual,4.782224823361263,percent,derived,bpsexpprov_1bd70093852bc1965baeadf8,false,true,GRDP series 2010 ADHB,current_prices_series_2010,qualification_id=q_sector_share_adhb2010; source_universe=Regional gross value added by BPS industry classification; source_geography=turvar:466:Kabupaten Solok; geography_mapping=qualified_source_dimension_alias; source_selector=vervar:300:C. Industri Pengolahan|turvar:466:Kabupaten Solok; transform=share_percent; source_denominator=14178062.2; quality_rule=derive only within same source variable geography and year; require positive total PDRB and share within 0-100
bpsexpobs_8c1a8adca664841ef2cbf6a2,rice_yield,idn.13.1312,2024-01-01,2024-12-31,annual,4.647,tonnes_per_hectare,derived,bpsexpprov_de6b038fe64e47f00ce56036,false,true,KSA,,qualification_id=q_rice_yield_ksa; source_universe=Rice harvested area and production under BPS KSA methodology; source_geography=vervar:1312:Kab. Pasaman Barat; geography_mapping=qualified_current_code; source_selector=vervar:1312:Kab. Pasaman Barat|turvar:244:Produktivitas (Kuintal/Hektar); transform=quintal_per_hectare_to_tonnes_per_hectare; quality_rule=convert productivity from quintal per hectare to tonnes per hectare by exact factor 0.1; retain KSA revision notes and 2025 Kota Pariaman LBS caveat
bpsexpobs_8e0e1f00e91a91d01e1f8a17,manufacturing_share_grdp,idn.13.1302,2019-01-01,2019-12-31,annual,6.399948036096436,percent,derived,bpsexpprov_629b7a2fd64bfc274cc445e1,false,true,GRDP series 2010 ADHB,current_prices_series_2010,qualification_id=q_sector_share_adhb2010; source_universe=Regional gross value added by BPS industry classification; source_geography=turvar:465:Kabupaten Pesisir Selatan; geography_mapping=qualified_source_dimension_alias; source_selector=vervar:300:C. Industri Pengolahan|turvar:465:Kabupaten Pesisir Selatan; transform=share_percent; source_denominator=14037128.66; quality_rule=derive only within same source variable geography and year; require positive total PDRB and share within 0-100
bpsexpobs_8e6cb811d5186554f50bf523,agriculture_share_grdp,idn.13.1312,2022-01-01,2022-12-31,annual,39.106390181914016,percent,derived,bpsexpprov_f01604e079fcaf5cd29dcab5,false,true,GRDP series 2010 ADHB,current_prices_series_2010,"qualification_id=q_sector_share_adhb2010; source_universe=Regional gross value added by BPS industry classification; source_geography=turvar:475:Kabupaten Pasaman Barat; geography_mapping=qualified_source_dimension_alias; source_selector=vervar:100:A. Pertanian, Kehutanan dan Perikanan|turvar:475:Kabupaten Pasaman Barat; transform=share_percent; source_denominator=17875825.53; quality_rule=derive only within same source variable geography and year; require positive total PDRB and share within 0-100"
bpsexpobs_8ea5e6634d4f9388fcee29fc,rice_yield,idn.13.1374,2022-01-01,2022-12-31,annual,7.001000000000001,tonnes_per_hectare,derived,bpsexpprov_7bec558ef289b8b581c4f745,false,true,KSA,,qualification_id=q_rice_yield_ksa; source_universe=Rice harvested area and production under BPS KSA methodology; source_geography=vervar:1374:Kota Padang Panjang; geography_mapping=qualified_current_code; source_selector=vervar:1374:Kota Padang Panjang|turvar:244:Produktivitas (Kuintal/Hektar); transform=quintal_per_hectare_to_tonnes_per_hectare; quality_rule=convert productivity from quintal per hectare to tonnes per hectare by exact factor 0.1; retain KSA revision notes and 2025 Kota Pariaman LBS caveat
bpsexpobs_8eb642f014892349c423a123,underemployment_rate,idn.13,2019-08-01,2019-08-31,annual,9.2,percent,observed,bpsexpprov_a5eff4174dcceeb54b88c07d,false,,August Sakernas,,qualification_id=q_underemployment_august; source_universe=Employed persons meeting BPS underemployment criteria; source_geography=vervar:1378:Provinsi Sumatera Barat; geography_mapping=qualified_source_aggregate_alias; source_selector=vervar:1378:Provinsi Sumatera Barat|turvar:1081:Setengah Pengangguran; transform=identity; quality_rule=retain source weighting-regime notes and leave cross-regime comparability unresolved
bpsexpobs_8f0c4efb44e503b2c4e6d6f2,export_value,idn.13,2018-01-01,2018-12-31,annual,1598611353.0,usd,observed,bpsexpprov_1442223ecaf92cb0ec532ae1,false,true,BPS export statistics / customs-document compilation,,qualification_id=q_export_port_loading; source_universe=Exports recorded by the official Sumatera Barat BPS export source family; source_geography=constant_province:constant_province:Sumatera Barat; geography_mapping=qualified_constant_source_scope; source_selector=vervar:13:Jumlah|turvar:420:Nilai (US$); transform=identity; quality_rule=select annual Jumlah and Nilai US$ only; preserve source concept and do not infer production origin
bpsexpobs_8f0fed9ebfb4319a32f4de8a,manufacturing_share_grdp,idn.13.1372,2019-01-01,2019-12-31,annual,4.099503875245347,percent,derived,bpsexpprov_629b7a2fd64bfc274cc445e1,false,true,GRDP series 2010 ADHB,current_prices_series_2010,qualification_id=q_sector_share_adhb2010; source_universe=Regional gross value added by BPS industry classification; source_geography=turvar:477:Kota Solok; geography_mapping=qualified_source_dimension_alias; source_selector=vervar:300:C. Industri Pengolahan|turvar:477:Kota Solok; transform=share_percent; source_denominator=4047979.83; quality_rule=derive only within same source variable geography and year; require positive total PDRB and share within 0-100
bpsexpobs_8f50b521bb0a4a91decb3bb2,manufacturing_share_grdp,idn.13.1377,2023-01-01,2023-12-31,annual,6.889623594371733,percent,derived,bpsexpprov_742c671ae22c147b388a75dc,false,true,GRDP series 2010 ADHB,current_prices_series_2010,qualification_id=q_sector_share_adhb2010; source_universe=Regional gross value added by BPS industry classification; source_geography=turvar:482:Kota Pariaman; geography_mapping=qualified_source_dimension_alias; source_selector=vervar:300:C. Industri Pengolahan|turvar:482:Kota Pariaman; transform=share_percent; source_denominator=6435119.77; quality_rule=derive only within same source variable geography and year; require positive total PDRB and share within 0-100
bpsexpobs_9137f666aa00e1acfb6bd453,rice_yield,idn.13.1302,2021-01-01,2021-12-31,annual,4.801,tonnes_per_hectare,derived,bpsexpprov_1fe8aa76eff04c735a65a290,false,true,KSA,,qualification_id=q_rice_yield_ksa; source_universe=Rice harvested area and production under BPS KSA methodology; source_geography=vervar:1302:Kab. Pesisir Selatan; geography_mapping=qualified_current_code; source_selector=vervar:1302:Kab. Pesisir Selatan|turvar:244:Produktivitas (Kuintal/Hektar); transform=quintal_per_hectare_to_tonnes_per_hectare; quality_rule=convert productivity from quintal per hectare to tonnes per hectare by exact factor 0.1; retain KSA revision notes and 2025 Kota Pariaman LBS caveat
bpsexpobs_91c7c1e74c826e32b3a8ea93,rice_yield,idn.13.1312,2025-01-01,2025-12-31,annual,4.422,tonnes_per_hectare,derived,bpsexpprov_a33789296bace61af429580d,false,,KSA,,qualification_id=q_rice_yield_ksa; source_universe=Rice harvested area and production under BPS KSA methodology; source_geography=vervar:1312:Kab. Pasaman Barat; geography_mapping=qualified_current_code; source_selector=vervar:1312:Kab. Pasaman Barat|turvar:244:Produktivitas (Kuintal/Hektar); transform=quintal_per_hectare_to_tonnes_per_hectare; quality_rule=convert productivity from quintal per hectare to tonnes per hectare by exact factor 0.1; retain KSA revision notes and 2025 Kota Pariaman LBS caveat
bpsexpobs_91f0ffd8aa74d5279570b3eb,agriculture_share_grdp,idn.13.1374,2018-01-01,2018-12-31,annual,5.159220452823614,percent,derived,bpsexpprov_ac4cc8d5cae12e620dffc9f2,false,true,GRDP series 2010 ADHB,current_prices_series_2010,"qualification_id=q_sector_share_adhb2010; source_universe=Regional gross value added by BPS industry classification; source_geography=turvar:479:Kota Padang Panjang; geography_mapping=qualified_source_dimension_alias; source_selector=vervar:100:A. Pertanian, Kehutanan dan Perikanan|turvar:479:Kota Padang Panjang; transform=share_percent; source_denominator=3198031.98; quality_rule=derive only within same source variable geography and year; require positive total PDRB and share within 0-100"
bpsexpobs_92ad43a3f3012011adb617bd,manufacturing_share_grdp,idn.13.1371,2020-01-01,2020-12-31,annual,11.881442575076457,percent,derived,bpsexpprov_de78525e2bbb6ca424c54f66,false,true,GRDP series 2010 ADHB,current_prices_series_2010,qualification_id=q_sector_share_adhb2010; source_universe=Regional gross value added by BPS industry classification; source_geography=turvar:476:Kota Padang; geography_mapping=qualified_source_dimension_alias; source_selector=vervar:300:C. Industri Pengolahan|turvar:476:Kota Padang; transform=share_percent; source_denominator=62181006.08; quality_rule=derive only within same source variable geography and year; require positive total PDRB and share within 0-100
bpsexpobs_92b1331418bc4a07ed7c074b,manufacturing_share_grdp,idn.13.1311,2020-01-01,2020-12-31,annual,4.99902576073556,percent,derived,bpsexpprov_de78525e2bbb6ca424c54f66,false,true,GRDP series 2010 ADHB,current_prices_series_2010,qualification_id=q_sector_share_adhb2010; source_universe=Regional gross value added by BPS industry classification; source_geography=turvar:474:Kabupaten Dharmasraya; geography_mapping=qualified_source_dimension_alias; source_selector=vervar:300:C. Industri Pengolahan|turvar:474:Kabupaten Dharmasraya; transform=share_percent; source_denominator=10243274.28; quality_rule=derive only within same source variable geography and year; require positive total PDRB and share within 0-100
bpsexpobs_92dcc2e31cde37a7741d10ed,rice_yield,idn.13.1310,2022-01-01,2022-12-31,annual,4.13,tonnes_per_hectare,derived,bpsexpprov_7bec558ef289b8b581c4f745,false,true,KSA,,qualification_id=q_rice_yield_ksa; source_universe=Rice harvested area and production under BPS KSA methodology; source_geography=vervar:1310:Kab. Solok Selatan; geography_mapping=qualified_current_code; source_selector=vervar:1310:Kab. Solok Selatan|turvar:244:Produktivitas (Kuintal/Hektar); transform=quintal_per_hectare_to_tonnes_per_hectare; quality_rule=convert productivity from quintal per hectare to tonnes per hectare by exact factor 0.1; retain KSA revision notes and 2025 Kota Pariaman LBS caveat
bpsexpobs_93254ecf65566cdf20831061,manufacturing_share_grdp,idn.13.1308,2023-01-01,2023-12-31,annual,6.511041072477335,percent,derived,bpsexpprov_742c671ae22c147b388a75dc,false,true,GRDP series 2010 ADHB,current_prices_series_2010,qualification_id=q_sector_share_adhb2010; source_universe=Regional gross value added by BPS industry classification; source_geography=turvar:471:Kabupaten Limapuluh Kota; geography_mapping=qualified_source_dimension_alias; source_selector=vervar:300:C. Industri Pengolahan|turvar:471:Kabupaten Limapuluh Kota; transform=share_percent; source_denominator=19604196.1; quality_rule=derive only within same source variable geography and year; require positive total PDRB and share within 0-100
bpsexpobs_940a95c38b5c3ef7a313f802,rice_yield,idn.13.1377,2018-01-01,2018-12-31,annual,4.95,tonnes_per_hectare,derived,bpsexpprov_94477055811325289e147e4f,false,true,KSA,,qualification_id=q_rice_yield_ksa; source_universe=Rice harvested area and production under BPS KSA methodology; source_geography=vervar:1377:Kota Pariaman; geography_mapping=qualified_current_code; source_selector=vervar:1377:Kota Pariaman|turvar:244:Produktivitas (Kuintal/Hektar); transform=quintal_per_hectare_to_tonnes_per_hectare; quality_rule=convert productivity from quintal per hectare to tonnes per hectare by exact factor 0.1; retain KSA revision notes and 2025 Kota Pariaman LBS caveat
bpsexpobs_95edd1969b7edd3045c69677,manufacturing_share_grdp,idn.13.1306,2021-01-01,2021-12-31,annual,11.948140352490096,percent,derived,bpsexpprov_1bd70093852bc1965baeadf8,false,true,GRDP series 2010 ADHB,current_prices_series_2010,qualification_id=q_sector_share_adhb2010; source_universe=Regional gross value added by BPS industry classification; source_geography=turvar:469:Kabupaten Padang Pariaman; geography_mapping=qualified_source_dimension_alias; source_selector=vervar:300:C. Industri Pengolahan|turvar:469:Kabupaten Padang Pariaman; transform=share_percent; source_denominator=18455088.03; quality_rule=derive only within same source variable geography and year; require positive total PDRB and share within 0-100
bpsexpobs_961bbe5fcb605f5decbfc669,rice_yield,idn.13.1307,2023-01-01,2023-12-31,annual,4.873,tonnes_per_hectare,derived,bpsexpprov_98ad288c955db1b72d61718e,false,true,KSA,,qualification_id=q_rice_yield_ksa; source_universe=Rice harvested area and production under BPS KSA methodology; source_geography=vervar:1307:Kab. Agam; geography_mapping=qualified_current_code; source_selector=vervar:1307:Kab. Agam|turvar:244:Produktivitas (Kuintal/Hektar); transform=quintal_per_hectare_to_tonnes_per_hectare; quality_rule=convert productivity from quintal per hectare to tonnes per hectare by exact factor 0.1; retain KSA revision notes and 2025 Kota Pariaman LBS caveat
bpsexpobs_966357d727b86ae976433fec,agriculture_share_grdp,idn.13.1371,2021-01-01,2021-12-31,annual,5.286728558295557,percent,derived,bpsexpprov_1bd70093852bc1965baeadf8,false,true,GRDP series 2010 ADHB,current_prices_series_2010,"qualification_id=q_sector_share_adhb2010; source_universe=Regional gross value added by BPS industry classification; source_geography=turvar:476:Kota Padang; geography_mapping=qualified_source_dimension_alias; source_selector=vervar:100:A. Pertanian, Kehutanan dan Perikanan|turvar:476:Kota Padang; transform=share_percent; source_denominator=65178860.84; quality_rule=derive only within same source variable geography and year; require positive total PDRB and share within 0-100"
bpsexpobs_979b0e175d2750552dafc4ae,underemployment_rate,idn.13.1375,2021-08-01,2021-08-31,annual,7.9,percent,observed,bpsexpprov_227f7b196629e133536fef6d,false,,August Sakernas,,qualification_id=q_underemployment_august; source_universe=Employed persons meeting BPS underemployment criteria; source_geography=vervar:1375:Kota Bukittinggi; geography_mapping=qualified_current_code; source_selector=vervar:1375:Kota Bukittinggi|turvar:1081:Setengah Pengangguran; transform=identity; quality_rule=retain source weighting-regime notes and leave cross-regime comparability unresolved
bpsexpobs_97ddba08fca22aee05c4506e,underemployment_rate,idn.13.1306,2023-08-01,2023-08-31,annual,9.38,percent,observed,bpsexpprov_5d4e122cca677f83fa39043d,false,,August Sakernas,,qualification_id=q_underemployment_august; source_universe=Employed persons meeting BPS underemployment criteria; source_geography=vervar:1306:Kab. Padang Pariaman; geography_mapping=qualified_current_code; source_selector=vervar:1306:Kab. Padang Pariaman|turvar:1081:Setengah Pengangguran; transform=identity; quality_rule=retain source weighting-regime notes and leave cross-regime comparability unresolved
bpsexpobs_989ff140859658a8f5834ce4,agriculture_share_grdp,idn.13.1312,2023-01-01,2023-12-31,annual,38.883708999239175,percent,derived,bpsexpprov_742c671ae22c147b388a75dc,false,true,GRDP series 2010 ADHB,current_prices_series_2010,"qualification_id=q_sector_share_adhb2010; source_universe=Regional gross value added by BPS industry classification; source_geography=turvar:475:Kabupaten Pasaman Barat; geography_mapping=qualified_source_dimension_alias; source_selector=vervar:100:A. Pertanian, Kehutanan dan Perikanan|turvar:475:Kabupaten Pasaman Barat; transform=share_percent; source_denominator=19544796.46; quality_rule=derive only within same source variable geography and year; require positive total PDRB and share within 0-100"
bpsexpobs_99109007d4e12f5ae9bcea1f,rice_yield,idn.13.1310,2021-01-01,2021-12-31,annual,4.007000000000001,tonnes_per_hectare,derived,bpsexpprov_1fe8aa76eff04c735a65a290,false,true,KSA,,qualification_id=q_rice_yield_ksa; source_universe=Rice harvested area and production under BPS KSA methodology; source_geography=vervar:1310:Kab. Solok Selatan; geography_mapping=qualified_current_code; source_selector=vervar:1310:Kab. Solok Selatan|turvar:244:Produktivitas (Kuintal/Hektar); transform=quintal_per_hectare_to_tonnes_per_hectare; quality_rule=convert productivity from quintal per hectare to tonnes per hectare by exact factor 0.1; retain KSA revision notes and 2025 Kota Pariaman LBS caveat
bpsexpobs_995a2a17134455342cff3c20,agriculture_share_grdp,idn.13.1303,2019-01-01,2019-12-31,annual,34.81582435830543,percent,derived,bpsexpprov_629b7a2fd64bfc274cc445e1,false,true,GRDP series 2010 ADHB,current_prices_series_2010,"qualification_id=q_sector_share_adhb2010; source_universe=Regional gross value added by BPS industry classification; source_geography=turvar:466:Kabupaten Solok; geography_mapping=qualified_source_dimension_alias; source_selector=vervar:100:A. Pertanian, Kehutanan dan Perikanan|turvar:466:Kabupaten Solok; transform=share_percent; source_denominator=13580513.02; quality_rule=derive only within same source variable geography and year; require positive total PDRB and share within 0-100"
bpsexpobs_99884ca9915ec99b9e4bc4a8,manufacturing_share_grdp,idn.13.1302,2020-01-01,2020-12-31,annual,6.425926490652303,percent,derived,bpsexpprov_de78525e2bbb6ca424c54f66,false,true,GRDP series 2010 ADHB,current_prices_series_2010,qualification_id=q_sector_share_adhb2010; source_universe=Regional gross value added by BPS industry classification; source_geography=turvar:465:Kabupaten Pesisir Selatan; geography_mapping=qualified_source_dimension_alias; source_selector=vervar:300:C. Industri Pengolahan|turvar:465:Kabupaten Pesisir Selatan; transform=share_percent; source_denominator=14095977.62; quality_rule=derive only within same source variable geography and year; require positive total PDRB and share within 0-100
bpsexpobs_99be3880bce10171f2476103,manufacturing_share_grdp,idn.13.1309,2019-01-01,2019-12-31,annual,3.9231429285572474,percent,derived,bpsexpprov_629b7a2fd64bfc274cc445e1,false,true,GRDP series 2010 ADHB,current_prices_series_2010,qualification_id=q_sector_share_adhb2010; source_universe=Regional gross value added by BPS industry classification; source_geography=turvar:472:Kabupaten Pasaman; geography_mapping=qualified_source_dimension_alias; source_selector=vervar:300:C. Industri Pengolahan|turvar:472:Kabupaten Pasaman; transform=share_percent; source_denominator=8907768.5; quality_rule=derive only within same source variable geography and year; require positive total PDRB and share within 0-100
bpsexpobs_99f61366786e52becd8634dc,underemployment_rate,idn.13.1303,2023-08-01,2023-08-31,annual,8.31,percent,observed,bpsexpprov_5d4e122cca677f83fa39043d,false,,August Sakernas,,qualification_id=q_underemployment_august; source_universe=Employed persons meeting BPS underemployment criteria; source_geography=vervar:1303:Kab. Solok; geography_mapping=qualified_current_code; source_selector=vervar:1303:Kab. Solok|turvar:1081:Setengah Pengangguran; transform=identity; quality_rule=retain source weighting-regime notes and leave cross-regime comparability unresolved
bpsexpobs_9a1bfd23c79f2e6d53b0f388,population_total,idn.13.1311,2020-09-01,2020-09-30,annual,228591.0,persons,observed,bpsexpprov_9de0c2885fb2df7b9c780beb,false,true,Sensus Penduduk 2020,,qualification_id=q_population_sp2020; source_universe=Resident population under SP2020 census definition; source_geography=vervar:1311:Dharmasraya; geography_mapping=qualified_current_code; source_selector=vervar:1311:Dharmasraya|turvar:34:Laki-Laki + Perempuan; transform=identity; quality_rule=select total sex category only and retain census reference period
bpsexpobs_9b675ac814a5d6a4d1876e42,manufacturing_share_grdp,idn.13.1307,2019-01-01,2019-12-31,annual,9.824293258652125,percent,derived,bpsexpprov_629b7a2fd64bfc274cc445e1,false,true,GRDP series 2010 ADHB,current_prices_series_2010,qualification_id=q_sector_share_adhb2010; source_universe=Regional gross value added by BPS industry classification; source_geography=turvar:470:Kabupaten Agam; geography_mapping=qualified_source_dimension_alias; source_selector=vervar:300:C. Industri Pengolahan|turvar:470:Kabupaten Agam; transform=share_percent; source_denominator=20540992.18; quality_rule=derive only within same source variable geography and year; require positive total PDRB and share within 0-100
bpsexpobs_9b8bd2772ffe4d4803d04cf8,rice_yield,idn.13.1371,2023-01-01,2023-12-31,annual,5.269,tonnes_per_hectare,derived,bpsexpprov_98ad288c955db1b72d61718e,false,true,KSA,,qualification_id=q_rice_yield_ksa; source_universe=Rice harvested area and production under BPS KSA methodology; source_geography=vervar:1371:Kota Padang; geography_mapping=qualified_current_code; source_selector=vervar:1371:Kota Padang|turvar:244:Produktivitas (Kuintal/Hektar); transform=quintal_per_hectare_to_tonnes_per_hectare; quality_rule=convert productivity from quintal per hectare to tonnes per hectare by exact factor 0.1; retain KSA revision notes and 2025 Kota Pariaman LBS caveat
bpsexpobs_9b92a09953223f76dfa0e69a,agriculture_share_grdp,idn.13.1303,2023-01-01,2023-12-31,annual,33.15755770124622,percent,derived,bpsexpprov_742c671ae22c147b388a75dc,false,true,GRDP series 2010 ADHB,current_prices_series_2010,"qualification_id=q_sector_share_adhb2010; source_universe=Regional gross value added by BPS industry classification; source_geography=turvar:466:Kabupaten Solok; geography_mapping=qualified_source_dimension_alias; source_selector=vervar:100:A. Pertanian, Kehutanan dan Perikanan|turvar:466:Kabupaten Solok; transform=share_percent; source_denominator=17316412.39; quality_rule=derive only within same source variable geography and year; require positive total PDRB and share within 0-100"
bpsexpobs_9bf3f1199f66f70409e3acb6,underemployment_rate,idn.13.1310,2022-08-01,2022-08-31,annual,8.67,percent,observed,bpsexpprov_c7f222b804ed42981996759c,false,,August Sakernas,,qualification_id=q_underemployment_august; source_universe=Employed persons meeting BPS underemployment criteria; source_geography=vervar:1310:Kab. Solok Selatan; geography_mapping=qualified_current_code; source_selector=vervar:1310:Kab. Solok Selatan|turvar:1081:Setengah Pengangguran; transform=identity; quality_rule=retain source weighting-regime notes and leave cross-regime comparability unresolved
bpsexpobs_9c03d9f78a9cfe5d468acd96,agriculture_share_grdp,idn.13,2018-01-01,2018-12-31,annual,23.174022978290893,percent,derived,bpsexpprov_ac4cc8d5cae12e620dffc9f2,false,true,GRDP series 2010 ADHB,current_prices_series_2010,"qualification_id=q_sector_share_adhb2010; source_universe=Regional gross value added by BPS industry classification; source_geography=turvar:483:Sumatera Barat; geography_mapping=qualified_source_aggregate_alias; source_selector=vervar:100:A. Pertanian, Kehutanan dan Perikanan|turvar:483:Sumatera Barat; transform=share_percent; source_denominator=230367222.04; quality_rule=derive only within same source variable geography and year; require positive total PDRB and share within 0-100"
bpsexpobs_9c10d58e3509d6bc655e5e06,rice_yield,idn.13.1309,2022-01-01,2022-12-31,annual,4.884,tonnes_per_hectare,derived,bpsexpprov_7bec558ef289b8b581c4f745,false,true,KSA,,qualification_id=q_rice_yield_ksa; source_universe=Rice harvested area and production under BPS KSA methodology; source_geography=vervar:1309:Kab. Pasaman; geography_mapping=qualified_current_code; source_selector=vervar:1309:Kab. Pasaman|turvar:244:Produktivitas (Kuintal/Hektar); transform=quintal_per_hectare_to_tonnes_per_hectare; quality_rule=convert productivity from quintal per hectare to tonnes per hectare by exact factor 0.1; retain KSA revision notes and 2025 Kota Pariaman LBS caveat
bpsexpobs_9c3f7d05b96b28a1f2ad7641,manufacturing_share_grdp,idn.13.1305,2020-01-01,2020-12-31,annual,10.48459839991232,percent,derived,bpsexpprov_de78525e2bbb6ca424c54f66,false,true,GRDP series 2010 ADHB,current_prices_series_2010,qualification_id=q_sector_share_adhb2010; source_universe=Regional gross value added by BPS industry classification; source_geography=turvar:468:Kabupaten Tanah Datar; geography_mapping=qualified_source_dimension_alias; source_selector=vervar:300:C. Industri Pengolahan|turvar:468:Kabupaten Tanah Datar; transform=share_percent; source_denominator=13023107.59; quality_rule=derive only within same source variable geography and year; require positive total PDRB and share within 0-100
bpsexpobs_9d10ea2e642e1016dfada337,underemployment_rate,idn.13.1304,2022-08-01,2022-08-31,annual,12.67,percent,observed,bpsexpprov_c7f222b804ed42981996759c,false,,August Sakernas,,qualification_id=q_underemployment_august; source_universe=Employed persons meeting BPS underemployment criteria; source_geography=vervar:1304:Kab. Sijunjung; geography_mapping=qualified_current_code; source_selector=vervar:1304:Kab. Sijunjung|turvar:1081:Setengah Pengangguran; transform=identity; quality_rule=retain source weighting-regime notes and leave cross-regime comparability unresolved
bpsexpobs_9d26f32aa5ae646737403416,agriculture_share_grdp,idn.13.1377,2019-01-01,2019-12-31,annual,18.274258851347103,percent,derived,bpsexpprov_629b7a2fd64bfc274cc445e1,false,true,GRDP series 2010 ADHB,current_prices_series_2010,"qualification_id=q_sector_share_adhb2010; source_universe=Regional gross value added by BPS industry classification; source_geography=turvar:482:Kota Pariaman; geography_mapping=qualified_source_dimension_alias; source_selector=vervar:100:A. Pertanian, Kehutanan dan Perikanan|turvar:482:Kota Pariaman; transform=share_percent; source_denominator=5005498.54; quality_rule=derive only within same source variable geography and year; require positive total PDRB and share within 0-100"
bpsexpobs_9d78f566014effca4f56cf0f,agriculture_share_grdp,idn.13.1371,2018-01-01,2018-12-31,annual,5.22053330537251,percent,derived,bpsexpprov_ac4cc8d5cae12e620dffc9f2,false,true,GRDP series 2010 ADHB,current_prices_series_2010,"qualification_id=q_sector_share_adhb2010; source_universe=Regional gross value added by BPS industry classification; source_geography=turvar:476:Kota Padang; geography_mapping=qualified_source_dimension_alias; source_selector=vervar:100:A. Pertanian, Kehutanan dan Perikanan|turvar:476:Kota Padang; transform=share_percent; source_denominator=57506842.01; quality_rule=derive only within same source variable geography and year; require positive total PDRB and share within 0-100"
bpsexpobs_9d93637e52fca36ce12cd418,manufacturing_share_grdp,idn.13.1312,2018-01-01,2018-12-31,annual,14.809655887099975,percent,derived,bpsexpprov_ac4cc8d5cae12e620dffc9f2,false,true,GRDP series 2010 ADHB,current_prices_series_2010,qualification_id=q_sector_share_adhb2010; source_universe=Regional gross value added by BPS industry classification; source_geography=turvar:475:Kabupaten Pasaman Barat; geography_mapping=qualified_source_dimension_alias; source_selector=vervar:300:C. Industri Pengolahan|turvar:475:Kabupaten Pasaman Barat; transform=share_percent; source_denominator=14603178.2; quality_rule=derive only within same source variable geography and year; require positive total PDRB and share within 0-100
bpsexpobs_9e25c4d1f625580737ff4e30,underemployment_rate,idn.13.1371,2020-08-01,2020-08-31,annual,9.9,percent,observed,bpsexpprov_31afeaa8c374b636e60a0d0c,false,,August Sakernas,,qualification_id=q_underemployment_august; source_universe=Employed persons meeting BPS underemployment criteria; source_geography=vervar:1371:Kota Padang; geography_mapping=qualified_current_code; source_selector=vervar:1371:Kota Padang|turvar:1081:Setengah Pengangguran; transform=identity; quality_rule=retain source weighting-regime notes and leave cross-regime comparability unresolved
bpsexpobs_9e50b9d2dc142abd8bbf239f,rice_yield,idn.13.1303,2019-01-01,2019-12-31,annual,4.938000000000001,tonnes_per_hectare,derived,bpsexpprov_4175fb009f15e20368cb7b1e,false,true,KSA,,qualification_id=q_rice_yield_ksa; source_universe=Rice harvested area and production under BPS KSA methodology; source_geography=vervar:1303:Kab. Solok; geography_mapping=qualified_current_code; source_selector=vervar:1303:Kab. Solok|turvar:244:Produktivitas (Kuintal/Hektar); transform=quintal_per_hectare_to_tonnes_per_hectare; quality_rule=convert productivity from quintal per hectare to tonnes per hectare by exact factor 0.1; retain KSA revision notes and 2025 Kota Pariaman LBS caveat
bpsexpobs_9e7edb2aeebe09dbd2aef8c7,underemployment_rate,idn.13.1305,2018-08-01,2018-08-31,annual,10.03,percent,observed,bpsexpprov_5b8e8c914fb6f4aed45ae1c5,false,,August Sakernas,,qualification_id=q_underemployment_august; source_universe=Employed persons meeting BPS underemployment criteria; source_geography=vervar:1305:Kab. Tanah Datar; geography_mapping=qualified_current_code; source_selector=vervar:1305:Kab. Tanah Datar|turvar:1081:Setengah Pengangguran; transform=identity; quality_rule=retain source weighting-regime notes and leave cross-regime comparability unresolved
bpsexpobs_9e9dd863087a1cf8fd28a0ba,underemployment_rate,idn.13.1373,2022-08-01,2022-08-31,annual,7.75,percent,observed,bpsexpprov_c7f222b804ed42981996759c,false,,August Sakernas,,qualification_id=q_underemployment_august; source_universe=Employed persons meeting BPS underemployment criteria; source_geography=vervar:1373:Kota Sawahlunto; geography_mapping=qualified_current_code; source_selector=vervar:1373:Kota Sawahlunto|turvar:1081:Setengah Pengangguran; transform=identity; quality_rule=retain source weighting-regime notes and leave cross-regime comparability unresolved
bpsexpobs_9ea76faa617c2ac73635c144,manufacturing_share_grdp,idn.13.1309,2018-01-01,2018-12-31,annual,4.2458681706905415,percent,derived,bpsexpprov_ac4cc8d5cae12e620dffc9f2,false,true,GRDP series 2010 ADHB,current_prices_series_2010,qualification_id=q_sector_share_adhb2010; source_universe=Regional gross value added by BPS industry classification; source_geography=turvar:472:Kabupaten Pasaman; geography_mapping=qualified_source_dimension_alias; source_selector=vervar:300:C. Industri Pengolahan|turvar:472:Kabupaten Pasaman; transform=share_percent; source_denominator=8318765.11; quality_rule=derive only within same source variable geography and year; require positive total PDRB and share within 0-100
bpsexpobs_9eb7ee3aa075e99c9bd3a5a7,manufacturing_share_grdp,idn.13.1373,2022-01-01,2022-12-31,annual,10.80270583328345,percent,derived,bpsexpprov_f01604e079fcaf5cd29dcab5,false,true,GRDP series 2010 ADHB,current_prices_series_2010,qualification_id=q_sector_share_adhb2010; source_universe=Regional gross value added by BPS industry classification; source_geography=turvar:478:Kota Sawahlunto; geography_mapping=qualified_source_dimension_alias; source_selector=vervar:300:C. Industri Pengolahan|turvar:478:Kota Sawahlunto; transform=share_percent; source_denominator=4389764.91; quality_rule=derive only within same source variable geography and year; require positive total PDRB and share within 0-100
bpsexpobs_9f364a464cfa3b71f484496b,rice_yield,idn.13.1373,2021-01-01,2021-12-31,annual,5.417000000000001,tonnes_per_hectare,derived,bpsexpprov_1fe8aa76eff04c735a65a290,false,true,KSA,,qualification_id=q_rice_yield_ksa; source_universe=Rice harvested area and production under BPS KSA methodology; source_geography=vervar:1373:Kota Sawahlunto; geography_mapping=qualified_current_code; source_selector=vervar:1373:Kota Sawahlunto|turvar:244:Produktivitas (Kuintal/Hektar); transform=quintal_per_hectare_to_tonnes_per_hectare; quality_rule=convert productivity from quintal per hectare to tonnes per hectare by exact factor 0.1; retain KSA revision notes and 2025 Kota Pariaman LBS caveat
bpsexpobs_9fc2f2db630f6422868ce254,underemployment_rate,idn.13.1307,2019-08-01,2019-08-31,annual,6.87,percent,observed,bpsexpprov_a5eff4174dcceeb54b88c07d,false,,August Sakernas,,qualification_id=q_underemployment_august; source_universe=Employed persons meeting BPS underemployment criteria; source_geography=vervar:1307:Kab. Agam; geography_mapping=qualified_current_code; source_selector=vervar:1307:Kab. Agam|turvar:1081:Setengah Pengangguran; transform=identity; quality_rule=retain source weighting-regime notes and leave cross-regime comparability unresolved
bpsexpobs_9fda148862149c11e12bceef,manufacturing_share_grdp,idn.13.1372,2018-01-01,2018-12-31,annual,4.751485758881667,percent,derived,bpsexpprov_ac4cc8d5cae12e620dffc9f2,false,true,GRDP series 2010 ADHB,current_prices_series_2010,qualification_id=q_sector_share_adhb2010; source_universe=Regional gross value added by BPS industry classification; source_geography=turvar:477:Kota Solok; geography_mapping=qualified_source_dimension_alias; source_selector=vervar:300:C. Industri Pengolahan|turvar:477:Kota Solok; transform=share_percent; source_denominator=3728256.36; quality_rule=derive only within same source variable geography and year; require positive total PDRB and share within 0-100
bpsexpobs_a00c29d6bfc90173aced8104,manufacturing_share_grdp,idn.13.1312,2022-01-01,2022-12-31,annual,13.624855735543756,percent,derived,bpsexpprov_f01604e079fcaf5cd29dcab5,false,true,GRDP series 2010 ADHB,current_prices_series_2010,qualification_id=q_sector_share_adhb2010; source_universe=Regional gross value added by BPS industry classification; source_geography=turvar:475:Kabupaten Pasaman Barat; geography_mapping=qualified_source_dimension_alias; source_selector=vervar:300:C. Industri Pengolahan|turvar:475:Kabupaten Pasaman Barat; transform=share_percent; source_denominator=17875825.53; quality_rule=derive only within same source variable geography and year; require positive total PDRB and share within 0-100
bpsexpobs_a03bdf14cc04bce72884ee57,underemployment_rate,idn.13.1375,2023-08-01,2023-08-31,annual,7.07,percent,observed,bpsexpprov_5d4e122cca677f83fa39043d,false,,August Sakernas,,qualification_id=q_underemployment_august; source_universe=Employed persons meeting BPS underemployment criteria; source_geography=vervar:1375:Kota Bukittinggi; geography_mapping=qualified_current_code; source_selector=vervar:1375:Kota Bukittinggi|turvar:1081:Setengah Pengangguran; transform=identity; quality_rule=retain source weighting-regime notes and leave cross-regime comparability unresolved
bpsexpobs_a0cddb6f49286a7f3a18a66b,rice_yield,idn.13.1309,2023-01-01,2023-12-31,annual,4.659000000000001,tonnes_per_hectare,derived,bpsexpprov_98ad288c955db1b72d61718e,false,true,KSA,,qualification_id=q_rice_yield_ksa; source_universe=Rice harvested area and production under BPS KSA methodology; source_geography=vervar:1309:Kab. Pasaman; geography_mapping=qualified_current_code; source_selector=vervar:1309:Kab. Pasaman|turvar:244:Produktivitas (Kuintal/Hektar); transform=quintal_per_hectare_to_tonnes_per_hectare; quality_rule=convert productivity from quintal per hectare to tonnes per hectare by exact factor 0.1; retain KSA revision notes and 2025 Kota Pariaman LBS caveat
bpsexpobs_a1469b41d9ea159dc528d605,agriculture_share_grdp,idn.13.1312,2018-01-01,2018-12-31,annual,42.8037971213691,percent,derived,bpsexpprov_ac4cc8d5cae12e620dffc9f2,false,true,GRDP series 2010 ADHB,current_prices_series_2010,"qualification_id=q_sector_share_adhb2010; source_universe=Regional gross value added by BPS industry classification; source_geography=turvar:475:Kabupaten Pasaman Barat; geography_mapping=qualified_source_dimension_alias; source_selector=vervar:100:A. Pertanian, Kehutanan dan Perikanan|turvar:475:Kabupaten Pasaman Barat; transform=share_percent; source_denominator=14603178.2; quality_rule=derive only within same source variable geography and year; require positive total PDRB and share within 0-100"
bpsexpobs_a16d950c879601f4b067ee04,rice_yield,idn.13.1377,2021-01-01,2021-12-31,annual,4.711,tonnes_per_hectare,derived,bpsexpprov_1fe8aa76eff04c735a65a290,false,true,KSA,,qualification_id=q_rice_yield_ksa; source_universe=Rice harvested area and production under BPS KSA methodology; source_geography=vervar:1377:Kota Pariaman; geography_mapping=qualified_current_code; source_selector=vervar:1377:Kota Pariaman|turvar:244:Produktivitas (Kuintal/Hektar); transform=quintal_per_hectare_to_tonnes_per_hectare; quality_rule=convert productivity from quintal per hectare to tonnes per hectare by exact factor 0.1; retain KSA revision notes and 2025 Kota Pariaman LBS caveat
bpsexpobs_a1781a99506340f0616317f4,manufacturing_share_grdp,idn.13.1311,2023-01-01,2023-12-31,annual,5.14501582204037,percent,derived,bpsexpprov_742c671ae22c147b388a75dc,false,true,GRDP series 2010 ADHB,current_prices_series_2010,qualification_id=q_sector_share_adhb2010; source_universe=Regional gross value added by BPS industry classification; source_geography=turvar:474:Kabupaten Dharmasraya; geography_mapping=qualified_source_dimension_alias; source_selector=vervar:300:C. Industri Pengolahan|turvar:474:Kabupaten Dharmasraya; transform=share_percent; source_denominator=13345769.26; quality_rule=derive only within same source variable geography and year; require positive total PDRB and share within 0-100
bpsexpobs_a1885720b86be9e15736e9d8,rice_yield,idn.13.1311,2021-01-01,2021-12-31,annual,4.886,tonnes_per_hectare,derived,bpsexpprov_1fe8aa76eff04c735a65a290,false,true,KSA,,qualification_id=q_rice_yield_ksa; source_universe=Rice harvested area and production under BPS KSA methodology; source_geography=vervar:1311:Kab. Dharmasraya; geography_mapping=qualified_current_code; source_selector=vervar:1311:Kab. Dharmasraya|turvar:244:Produktivitas (Kuintal/Hektar); transform=quintal_per_hectare_to_tonnes_per_hectare; quality_rule=convert productivity from quintal per hectare to tonnes per hectare by exact factor 0.1; retain KSA revision notes and 2025 Kota Pariaman LBS caveat
bpsexpobs_a199721a32675a7a3efde707,underemployment_rate,idn.13.1311,2021-08-01,2021-08-31,annual,9.97,percent,observed,bpsexpprov_227f7b196629e133536fef6d,false,,August Sakernas,,qualification_id=q_underemployment_august; source_universe=Employed persons meeting BPS underemployment criteria; source_geography=vervar:1311:Kab. Dharmasraya; geography_mapping=qualified_current_code; source_selector=vervar:1311:Kab. Dharmasraya|turvar:1081:Setengah Pengangguran; transform=identity; quality_rule=retain source weighting-regime notes and leave cross-regime comparability unresolved
bpsexpobs_a46986fc7d358ce03f81b072,underemployment_rate,idn.13.1309,2021-08-01,2021-08-31,annual,15.45,percent,observed,bpsexpprov_227f7b196629e133536fef6d,false,,August Sakernas,,qualification_id=q_underemployment_august; source_universe=Employed persons meeting BPS underemployment criteria; source_geography=vervar:1309:Kab. Pasaman; geography_mapping=qualified_current_code; source_selector=vervar:1309:Kab. Pasaman|turvar:1081:Setengah Pengangguran; transform=identity; quality_rule=retain source weighting-regime notes and leave cross-regime comparability unresolved
bpsexpobs_a47feab6e454cafc38b4e50f,population_total,idn.13.1310,2020-09-01,2020-09-30,annual,182027.0,persons,observed,bpsexpprov_9de0c2885fb2df7b9c780beb,false,true,Sensus Penduduk 2020,,qualification_id=q_population_sp2020; source_universe=Resident population under SP2020 census definition; source_geography=vervar:1310:Solok Selatan; geography_mapping=qualified_current_code; source_selector=vervar:1310:Solok Selatan|turvar:34:Laki-Laki + Perempuan; transform=identity; quality_rule=select total sex category only and retain census reference period
bpsexpobs_a4e9a3e222d52e026c9d1880,manufacturing_share_grdp,idn.13.1310,2020-01-01,2020-12-31,annual,4.29793195440314,percent,derived,bpsexpprov_de78525e2bbb6ca424c54f66,false,true,GRDP series 2010 ADHB,current_prices_series_2010,qualification_id=q_sector_share_adhb2010; source_universe=Regional gross value added by BPS industry classification; source_geography=turvar:473:Kabupaten Solok Selatan; geography_mapping=qualified_source_dimension_alias; source_selector=vervar:300:C. Industri Pengolahan|turvar:473:Kabupaten Solok Selatan; transform=share_percent; source_denominator=5530553.59; quality_rule=derive only within same source variable geography and year; require positive total PDRB and share within 0-100
bpsexpobs_a575fb7d763f527ebac6507b,population_total,idn.13.1306,2020-09-01,2020-09-30,annual,430626.0,persons,observed,bpsexpprov_9de0c2885fb2df7b9c780beb,false,true,Sensus Penduduk 2020,,qualification_id=q_population_sp2020; source_universe=Resident population under SP2020 census definition; source_geography=vervar:1306:Padang Pariaman; geography_mapping=qualified_current_code; source_selector=vervar:1306:Padang Pariaman|turvar:34:Laki-Laki + Perempuan; transform=identity; quality_rule=select total sex category only and retain census reference period
bpsexpobs_a5ad47d229d3a3b9e2232c53,rice_yield,idn.13.1377,2022-01-01,2022-12-31,annual,5.1930000000000005,tonnes_per_hectare,derived,bpsexpprov_7bec558ef289b8b581c4f745,false,true,KSA,,qualification_id=q_rice_yield_ksa; source_universe=Rice harvested area and production under BPS KSA methodology; source_geography=vervar:1377:Kota Pariaman; geography_mapping=qualified_current_code; source_selector=vervar:1377:Kota Pariaman|turvar:244:Produktivitas (Kuintal/Hektar); transform=quintal_per_hectare_to_tonnes_per_hectare; quality_rule=convert productivity from quintal per hectare to tonnes per hectare by exact factor 0.1; retain KSA revision notes and 2025 Kota Pariaman LBS caveat
bpsexpobs_a5feecf3d0b0b26e3424b671,underemployment_rate,idn.13.1301,2021-08-01,2021-08-31,annual,21.96,percent,observed,bpsexpprov_227f7b196629e133536fef6d,false,,August Sakernas,,qualification_id=q_underemployment_august; source_universe=Employed persons meeting BPS underemployment criteria; source_geography=vervar:1301:Kab. Kepulauan Mentawai; geography_mapping=qualified_current_code; source_selector=vervar:1301:Kab. Kepulauan Mentawai|turvar:1081:Setengah Pengangguran; transform=identity; quality_rule=retain source weighting-regime notes and leave cross-regime comparability unresolved
bpsexpobs_a67630e3c844143be3406d1c,agriculture_share_grdp,idn.13,2019-01-01,2019-12-31,annual,22.14609818523678,percent,derived,bpsexpprov_629b7a2fd64bfc274cc445e1,false,true,GRDP series 2010 ADHB,current_prices_series_2010,"qualification_id=q_sector_share_adhb2010; source_universe=Regional gross value added by BPS industry classification; source_geography=turvar:483:Sumatera Barat; geography_mapping=qualified_source_aggregate_alias; source_selector=vervar:100:A. Pertanian, Kehutanan dan Perikanan|turvar:483:Sumatera Barat; transform=share_percent; source_denominator=245949737.17; quality_rule=derive only within same source variable geography and year; require positive total PDRB and share within 0-100"
bpsexpobs_a7314dec0fec74b118bb6942,manufacturing_share_grdp,idn.13.1301,2021-01-01,2021-12-31,annual,2.5724800499397804,percent,derived,bpsexpprov_1bd70093852bc1965baeadf8,false,true,GRDP series 2010 ADHB,current_prices_series_2010,qualification_id=q_sector_share_adhb2010; source_universe=Regional gross value added by BPS industry classification; source_geography=turvar:464:Kabupaten Kepulauan Mentawai; geography_mapping=qualified_source_dimension_alias; source_selector=vervar:300:C. Industri Pengolahan|turvar:464:Kabupaten Kepulauan Mentawai; transform=share_percent; source_denominator=4843913.95; quality_rule=derive only within same source variable geography and year; require positive total PDRB and share within 0-100
bpsexpobs_a798d2804689b3123efeb739,agriculture_share_grdp,idn.13.1376,2020-01-01,2020-12-31,annual,6.43908109557682,percent,derived,bpsexpprov_de78525e2bbb6ca424c54f66,false,true,GRDP series 2010 ADHB,current_prices_series_2010,"qualification_id=q_sector_share_adhb2010; source_universe=Regional gross value added by BPS industry classification; source_geography=turvar:481:Kota Payakumbuh; geography_mapping=qualified_source_dimension_alias; source_selector=vervar:100:A. Pertanian, Kehutanan dan Perikanan|turvar:481:Kota Payakumbuh; transform=share_percent; source_denominator=6827094.79; quality_rule=derive only within same source variable geography and year; require positive total PDRB and share within 0-100"
bpsexpobs_a9887e172b0876616717aacc,population_total,idn.13.1309,2020-09-01,2020-09-30,annual,299851.0,persons,observed,bpsexpprov_9de0c2885fb2df7b9c780beb,false,true,Sensus Penduduk 2020,,qualification_id=q_population_sp2020; source_universe=Resident population under SP2020 census definition; source_geography=vervar:1309:Pasaman; geography_mapping=qualified_current_code; source_selector=vervar:1309:Pasaman|turvar:34:Laki-Laki + Perempuan; transform=identity; quality_rule=select total sex category only and retain census reference period
bpsexpobs_a9ae6c3e2654a640709ae476,manufacturing_share_grdp,idn.13.1301,2020-01-01,2020-12-31,annual,2.4245514381296247,percent,derived,bpsexpprov_de78525e2bbb6ca424c54f66,false,true,GRDP series 2010 ADHB,current_prices_series_2010,qualification_id=q_sector_share_adhb2010; source_universe=Regional gross value added by BPS industry classification; source_geography=turvar:464:Kabupaten Kepulauan Mentawai; geography_mapping=qualified_source_dimension_alias; source_selector=vervar:300:C. Industri Pengolahan|turvar:464:Kabupaten Kepulauan Mentawai; transform=share_percent; source_denominator=4647099.18; quality_rule=derive only within same source variable geography and year; require positive total PDRB and share within 0-100
bpsexpobs_a9b2eda0a8e7e70a8371019d,agriculture_share_grdp,idn.13,2021-01-01,2021-12-31,annual,21.68562818026326,percent,derived,bpsexpprov_1bd70093852bc1965baeadf8,false,true,GRDP series 2010 ADHB,current_prices_series_2010,"qualification_id=q_sector_share_adhb2010; source_universe=Regional gross value added by BPS industry classification; source_geography=turvar:483:Sumatera Barat; geography_mapping=qualified_source_aggregate_alias; source_selector=vervar:100:A. Pertanian, Kehutanan dan Perikanan|turvar:483:Sumatera Barat; transform=share_percent; source_denominator=253100196.47; quality_rule=derive only within same source variable geography and year; require positive total PDRB and share within 0-100"
bpsexpobs_aa3e9c7a85bee14e435e6c3b,rice_yield,idn.13.1303,2018-01-01,2018-12-31,annual,5.061,tonnes_per_hectare,derived,bpsexpprov_94477055811325289e147e4f,false,true,KSA,,qualification_id=q_rice_yield_ksa; source_universe=Rice harvested area and production under BPS KSA methodology; source_geography=vervar:1303:Kab. Solok; geography_mapping=qualified_current_code; source_selector=vervar:1303:Kab. Solok|turvar:244:Produktivitas (Kuintal/Hektar); transform=quintal_per_hectare_to_tonnes_per_hectare; quality_rule=convert productivity from quintal per hectare to tonnes per hectare by exact factor 0.1; retain KSA revision notes and 2025 Kota Pariaman LBS caveat
bpsexpobs_aafe31b79cf3030481c8299c,underemployment_rate,idn.13.1376,2018-08-01,2018-08-31,annual,4.67,percent,observed,bpsexpprov_5b8e8c914fb6f4aed45ae1c5,false,,August Sakernas,,qualification_id=q_underemployment_august; source_universe=Employed persons meeting BPS underemployment criteria; source_geography=vervar:1376:Kota Payakumbuh; geography_mapping=qualified_current_code; source_selector=vervar:1376:Kota Payakumbuh|turvar:1081:Setengah Pengangguran; transform=identity; quality_rule=retain source weighting-regime notes and leave cross-regime comparability unresolved
bpsexpobs_abf5b16dc452f5ae36017d66,rice_yield,idn.13.1307,2024-01-01,2024-12-31,annual,4.839,tonnes_per_hectare,derived,bpsexpprov_de6b038fe64e47f00ce56036,false,true,KSA,,qualification_id=q_rice_yield_ksa; source_universe=Rice harvested area and production under BPS KSA methodology; source_geography=vervar:1307:Kab. Agam; geography_mapping=qualified_current_code; source_selector=vervar:1307:Kab. Agam|turvar:244:Produktivitas (Kuintal/Hektar); transform=quintal_per_hectare_to_tonnes_per_hectare; quality_rule=convert productivity from quintal per hectare to tonnes per hectare by exact factor 0.1; retain KSA revision notes and 2025 Kota Pariaman LBS caveat
bpsexpobs_ac2d669413cfadc6d78e8b3c,manufacturing_share_grdp,idn.13.1301,2018-01-01,2018-12-31,annual,2.68051558211673,percent,derived,bpsexpprov_ac4cc8d5cae12e620dffc9f2,false,true,GRDP series 2010 ADHB,current_prices_series_2010,qualification_id=q_sector_share_adhb2010; source_universe=Regional gross value added by BPS industry classification; source_geography=turvar:464:Kabupaten Kepulauan Mentawai; geography_mapping=qualified_source_dimension_alias; source_selector=vervar:300:C. Industri Pengolahan|turvar:464:Kabupaten Kepulauan Mentawai; transform=share_percent; source_denominator=4252824; quality_rule=derive only within same source variable geography and year; require positive total PDRB and share within 0-100
bpsexpobs_ac56d9c95107617ee2b5af01,manufacturing_share_grdp,idn.13.1304,2020-01-01,2020-12-31,annual,2.5997204310949105,percent,derived,bpsexpprov_de78525e2bbb6ca424c54f66,false,true,GRDP series 2010 ADHB,current_prices_series_2010,qualification_id=q_sector_share_adhb2010; source_universe=Regional gross value added by BPS industry classification; source_geography=turvar:467:Kabupaten Sijunjung; geography_mapping=qualified_source_dimension_alias; source_selector=vervar:300:C. Industri Pengolahan|turvar:467:Kabupaten Sijunjung; transform=share_percent; source_denominator=9136559.73; quality_rule=derive only within same source variable geography and year; require positive total PDRB and share within 0-100
bpsexpobs_ac8eae364a154a722bd672c7,agriculture_share_grdp,idn.13.1305,2018-01-01,2018-12-31,annual,30.65923325469288,percent,derived,bpsexpprov_ac4cc8d5cae12e620dffc9f2,false,true,GRDP series 2010 ADHB,current_prices_series_2010,"qualification_id=q_sector_share_adhb2010; source_universe=Regional gross value added by BPS industry classification; source_geography=turvar:468:Kabupaten Tanah Datar; geography_mapping=qualified_source_dimension_alias; source_selector=vervar:100:A. Pertanian, Kehutanan dan Perikanan|turvar:468:Kabupaten Tanah Datar; transform=share_percent; source_denominator=12202819.78; quality_rule=derive only within same source variable geography and year; require positive total PDRB and share within 0-100"
bpsexpobs_ad8c54ec68566b350564f1e0,rice_yield,idn.13,2022-01-01,2022-12-31,annual,5.0520000000000005,tonnes_per_hectare,derived,bpsexpprov_7bec558ef289b8b581c4f745,false,true,KSA,,qualification_id=q_rice_yield_ksa; source_universe=Rice harvested area and production under BPS KSA methodology; source_geography=vervar:1378:Provinsi Sumatera Barat; geography_mapping=qualified_source_aggregate_alias; source_selector=vervar:1378:Provinsi Sumatera Barat|turvar:244:Produktivitas (Kuintal/Hektar); transform=quintal_per_hectare_to_tonnes_per_hectare; quality_rule=convert productivity from quintal per hectare to tonnes per hectare by exact factor 0.1; retain KSA revision notes and 2025 Kota Pariaman LBS caveat
bpsexpobs_add5413dca0a7139184df027,rice_yield,idn.13.1303,2023-01-01,2023-12-31,annual,5.264,tonnes_per_hectare,derived,bpsexpprov_98ad288c955db1b72d61718e,false,true,KSA,,qualification_id=q_rice_yield_ksa; source_universe=Rice harvested area and production under BPS KSA methodology; source_geography=vervar:1303:Kab. Solok; geography_mapping=qualified_current_code; source_selector=vervar:1303:Kab. Solok|turvar:244:Produktivitas (Kuintal/Hektar); transform=quintal_per_hectare_to_tonnes_per_hectare; quality_rule=convert productivity from quintal per hectare to tonnes per hectare by exact factor 0.1; retain KSA revision notes and 2025 Kota Pariaman LBS caveat
bpsexpobs_ae848fce3b90808bfb40b984,underemployment_rate,idn.13.1304,2024-08-01,2024-08-31,annual,11.08,percent,observed,bpsexpprov_46b601c94fb495d28c921a1c,false,,August Sakernas,,qualification_id=q_underemployment_august; source_universe=Employed persons meeting BPS underemployment criteria; source_geography=vervar:1304:Kab. Sijunjung; geography_mapping=qualified_current_code; source_selector=vervar:1304:Kab. Sijunjung|turvar:1081:Setengah Pengangguran; transform=identity; quality_rule=retain source weighting-regime notes and leave cross-regime comparability unresolved
bpsexpobs_aef40afbb8bba6c17e5d32ba,export_value,idn.13,2021-01-01,2021-12-31,annual,3066953422.3,usd,observed,bpsexpprov_98a8ee3938b9180479c43505,false,true,BPS export statistics / customs-document compilation,,qualification_id=q_export_port_loading; source_universe=Exports recorded by the official Sumatera Barat BPS export source family; source_geography=constant_province:constant_province:Sumatera Barat; geography_mapping=qualified_constant_source_scope; source_selector=vervar:13:Jumlah|turvar:420:Nilai (US$); transform=identity; quality_rule=select annual Jumlah and Nilai US$ only; preserve source concept and do not infer production origin
bpsexpobs_af17a82eded1169698a24de6,rice_yield,idn.13.1304,2023-01-01,2023-12-31,annual,3.6490000000000005,tonnes_per_hectare,derived,bpsexpprov_98ad288c955db1b72d61718e,false,true,KSA,,qualification_id=q_rice_yield_ksa; source_universe=Rice harvested area and production under BPS KSA methodology; source_geography=vervar:1304:Kab. Sijunjung; geography_mapping=qualified_current_code; source_selector=vervar:1304:Kab. Sijunjung|turvar:244:Produktivitas (Kuintal/Hektar); transform=quintal_per_hectare_to_tonnes_per_hectare; quality_rule=convert productivity from quintal per hectare to tonnes per hectare by exact factor 0.1; retain KSA revision notes and 2025 Kota Pariaman LBS caveat
bpsexpobs_af4ebfced48a5facca745731,rice_yield,idn.13.1377,2020-01-01,2020-12-31,annual,4.905,tonnes_per_hectare,derived,bpsexpprov_4ea81f7d026a48bf672ef4dc,false,true,KSA,,qualification_id=q_rice_yield_ksa; source_universe=Rice harvested area and production under BPS KSA methodology; source_geography=vervar:1377:Kota Pariaman; geography_mapping=qualified_current_code; source_selector=vervar:1377:Kota Pariaman|turvar:244:Produktivitas (Kuintal/Hektar); transform=quintal_per_hectare_to_tonnes_per_hectare; quality_rule=convert productivity from quintal per hectare to tonnes per hectare by exact factor 0.1; retain KSA revision notes and 2025 Kota Pariaman LBS caveat
bpsexpobs_afe2c506276e42f761c69103,underemployment_rate,idn.13.1306,2019-08-01,2019-08-31,annual,9.59,percent,observed,bpsexpprov_a5eff4174dcceeb54b88c07d,false,,August Sakernas,,qualification_id=q_underemployment_august; source_universe=Employed persons meeting BPS underemployment criteria; source_geography=vervar:1306:Kab. Padang Pariaman; geography_mapping=qualified_current_code; source_selector=vervar:1306:Kab. Padang Pariaman|turvar:1081:Setengah Pengangguran; transform=identity; quality_rule=retain source weighting-regime notes and leave cross-regime comparability unresolved
bpsexpobs_afef32302a3f69115c5660fb,manufacturing_share_grdp,idn.13.1303,2023-01-01,2023-12-31,annual,4.7183115162574385,percent,derived,bpsexpprov_742c671ae22c147b388a75dc,false,true,GRDP series 2010 ADHB,current_prices_series_2010,qualification_id=q_sector_share_adhb2010; source_universe=Regional gross value added by BPS industry classification; source_geography=turvar:466:Kabupaten Solok; geography_mapping=qualified_source_dimension_alias; source_selector=vervar:300:C. Industri Pengolahan|turvar:466:Kabupaten Solok; transform=share_percent; source_denominator=17316412.39; quality_rule=derive only within same source variable geography and year; require positive total PDRB and share within 0-100
bpsexpobs_b094e57722aa3b6b5ad41364,underemployment_rate,idn.13.1308,2018-08-01,2018-08-31,annual,6.9,percent,observed,bpsexpprov_5b8e8c914fb6f4aed45ae1c5,false,,August Sakernas,,qualification_id=q_underemployment_august; source_universe=Employed persons meeting BPS underemployment criteria; source_geography=vervar:1308:Kab. Lima Puluh Kota; geography_mapping=qualified_current_code; source_selector=vervar:1308:Kab. Lima Puluh Kota|turvar:1081:Setengah Pengangguran; transform=identity; quality_rule=retain source weighting-regime notes and leave cross-regime comparability unresolved
bpsexpobs_b159c44b671440b2e3c27e3d,underemployment_rate,idn.13.1302,2021-08-01,2021-08-31,annual,10.02,percent,observed,bpsexpprov_227f7b196629e133536fef6d,false,,August Sakernas,,qualification_id=q_underemployment_august; source_universe=Employed persons meeting BPS underemployment criteria; source_geography=vervar:1302:Kab. Pesisir Selatan; geography_mapping=qualified_current_code; source_selector=vervar:1302:Kab. Pesisir Selatan|turvar:1081:Setengah Pengangguran; transform=identity; quality_rule=retain source weighting-regime notes and leave cross-regime comparability unresolved
bpsexpobs_b24470b409eb8b5a8986ab14,rice_yield,idn.13.1312,2022-01-01,2022-12-31,annual,5.019,tonnes_per_hectare,derived,bpsexpprov_7bec558ef289b8b581c4f745,false,true,KSA,,qualification_id=q_rice_yield_ksa; source_universe=Rice harvested area and production under BPS KSA methodology; source_geography=vervar:1312:Kab. Pasaman Barat; geography_mapping=qualified_current_code; source_selector=vervar:1312:Kab. Pasaman Barat|turvar:244:Produktivitas (Kuintal/Hektar); transform=quintal_per_hectare_to_tonnes_per_hectare; quality_rule=convert productivity from quintal per hectare to tonnes per hectare by exact factor 0.1; retain KSA revision notes and 2025 Kota Pariaman LBS caveat
bpsexpobs_b2a6a3af8a60ab043e0f9cb7,manufacturing_share_grdp,idn.13.1312,2023-01-01,2023-12-31,annual,13.225743308661706,percent,derived,bpsexpprov_742c671ae22c147b388a75dc,false,true,GRDP series 2010 ADHB,current_prices_series_2010,qualification_id=q_sector_share_adhb2010; source_universe=Regional gross value added by BPS industry classification; source_geography=turvar:475:Kabupaten Pasaman Barat; geography_mapping=qualified_source_dimension_alias; source_selector=vervar:300:C. Industri Pengolahan|turvar:475:Kabupaten Pasaman Barat; transform=share_percent; source_denominator=19544796.46; quality_rule=derive only within same source variable geography and year; require positive total PDRB and share within 0-100
bpsexpobs_b2dcb63a064bc8d5f3db0ca3,manufacturing_share_grdp,idn.13.1305,2023-01-01,2023-12-31,annual,10.46354766767561,percent,derived,bpsexpprov_742c671ae22c147b388a75dc,false,true,GRDP series 2010 ADHB,current_prices_series_2010,qualification_id=q_sector_share_adhb2010; source_universe=Regional gross value added by BPS industry classification; source_geography=turvar:468:Kabupaten Tanah Datar; geography_mapping=qualified_source_dimension_alias; source_selector=vervar:300:C. Industri Pengolahan|turvar:468:Kabupaten Tanah Datar; transform=share_percent; source_denominator=16459558.6; quality_rule=derive only within same source variable geography and year; require positive total PDRB and share within 0-100
bpsexpobs_b463a24db666b3b8c0011645,rice_yield,idn.13.1312,2018-01-01,2018-12-31,annual,4.9510000000000005,tonnes_per_hectare,derived,bpsexpprov_94477055811325289e147e4f,false,true,KSA,,qualification_id=q_rice_yield_ksa; source_universe=Rice harvested area and production under BPS KSA methodology; source_geography=vervar:1312:Kab. Pasaman Barat; geography_mapping=qualified_current_code; source_selector=vervar:1312:Kab. Pasaman Barat|turvar:244:Produktivitas (Kuintal/Hektar); transform=quintal_per_hectare_to_tonnes_per_hectare; quality_rule=convert productivity from quintal per hectare to tonnes per hectare by exact factor 0.1; retain KSA revision notes and 2025 Kota Pariaman LBS caveat
bpsexpobs_b4f88fb14c2b73c0ae91424e,manufacturing_share_grdp,idn.13.1310,2019-01-01,2019-12-31,annual,4.2129248573672475,percent,derived,bpsexpprov_629b7a2fd64bfc274cc445e1,false,true,GRDP series 2010 ADHB,current_prices_series_2010,qualification_id=q_sector_share_adhb2010; source_universe=Regional gross value added by BPS industry classification; source_geography=turvar:473:Kabupaten Solok Selatan; geography_mapping=qualified_source_dimension_alias; source_selector=vervar:300:C. Industri Pengolahan|turvar:473:Kabupaten Solok Selatan; transform=share_percent; source_denominator=5574519.08; quality_rule=derive only within same source variable geography and year; require positive total PDRB and share within 0-100
bpsexpobs_b56d4754682303bcfd8c0e9d,agriculture_share_grdp,idn.13.1310,2020-01-01,2020-12-31,annual,28.804074385616794,percent,derived,bpsexpprov_de78525e2bbb6ca424c54f66,false,true,GRDP series 2010 ADHB,current_prices_series_2010,"qualification_id=q_sector_share_adhb2010; source_universe=Regional gross value added by BPS industry classification; source_geography=turvar:473:Kabupaten Solok Selatan; geography_mapping=qualified_source_dimension_alias; source_selector=vervar:100:A. Pertanian, Kehutanan dan Perikanan|turvar:473:Kabupaten Solok Selatan; transform=share_percent; source_denominator=5530553.59; quality_rule=derive only within same source variable geography and year; require positive total PDRB and share within 0-100"
bpsexpobs_b5c87fdc1da278f858e6bb48,manufacturing_share_grdp,idn.13.1311,2021-01-01,2021-12-31,annual,5.361450028657028,percent,derived,bpsexpprov_1bd70093852bc1965baeadf8,false,true,GRDP series 2010 ADHB,current_prices_series_2010,qualification_id=q_sector_share_adhb2010; source_universe=Regional gross value added by BPS industry classification; source_geography=turvar:474:Kabupaten Dharmasraya; geography_mapping=qualified_source_dimension_alias; source_selector=vervar:300:C. Industri Pengolahan|turvar:474:Kabupaten Dharmasraya; transform=share_percent; source_denominator=10757465.74; quality_rule=derive only within same source variable geography and year; require positive total PDRB and share within 0-100
bpsexpobs_b668b157c3d4d9897a603903,rice_yield,idn.13.1371,2018-01-01,2018-12-31,annual,4.671,tonnes_per_hectare,derived,bpsexpprov_94477055811325289e147e4f,false,true,KSA,,qualification_id=q_rice_yield_ksa; source_universe=Rice harvested area and production under BPS KSA methodology; source_geography=vervar:1371:Kota Padang; geography_mapping=qualified_current_code; source_selector=vervar:1371:Kota Padang|turvar:244:Produktivitas (Kuintal/Hektar); transform=quintal_per_hectare_to_tonnes_per_hectare; quality_rule=convert productivity from quintal per hectare to tonnes per hectare by exact factor 0.1; retain KSA revision notes and 2025 Kota Pariaman LBS caveat
bpsexpobs_b6983ea681e4400f0e505e11,rice_yield,idn.13.1310,2020-01-01,2020-12-31,annual,3.5540000000000003,tonnes_per_hectare,derived,bpsexpprov_4ea81f7d026a48bf672ef4dc,false,true,KSA,,qualification_id=q_rice_yield_ksa; source_universe=Rice harvested area and production under BPS KSA methodology; source_geography=vervar:1310:Kab. Solok Selatan; geography_mapping=qualified_current_code; source_selector=vervar:1310:Kab. Solok Selatan|turvar:244:Produktivitas (Kuintal/Hektar); transform=quintal_per_hectare_to_tonnes_per_hectare; quality_rule=convert productivity from quintal per hectare to tonnes per hectare by exact factor 0.1; retain KSA revision notes and 2025 Kota Pariaman LBS caveat
bpsexpobs_b6aa87e5138232062d12921f,underemployment_rate,idn.13.1371,2021-08-01,2021-08-31,annual,7.67,percent,observed,bpsexpprov_227f7b196629e133536fef6d,false,,August Sakernas,,qualification_id=q_underemployment_august; source_universe=Employed persons meeting BPS underemployment criteria; source_geography=vervar:1371:Kota Padang; geography_mapping=qualified_current_code; source_selector=vervar:1371:Kota Padang|turvar:1081:Setengah Pengangguran; transform=identity; quality_rule=retain source weighting-regime notes and leave cross-regime comparability unresolved
bpsexpobs_b6f810740942a330bef14fe3,underemployment_rate,idn.13.1377,2020-08-01,2020-08-31,annual,13.36,percent,observed,bpsexpprov_31afeaa8c374b636e60a0d0c,false,,August Sakernas,,qualification_id=q_underemployment_august; source_universe=Employed persons meeting BPS underemployment criteria; source_geography=vervar:1377:Kota Pariaman; geography_mapping=qualified_current_code; source_selector=vervar:1377:Kota Pariaman|turvar:1081:Setengah Pengangguran; transform=identity; quality_rule=retain source weighting-regime notes and leave cross-regime comparability unresolved
bpsexpobs_b80843258646ef2da8b9c3f3,underemployment_rate,idn.13.1373,2020-08-01,2020-08-31,annual,12.71,percent,observed,bpsexpprov_31afeaa8c374b636e60a0d0c,false,,August Sakernas,,qualification_id=q_underemployment_august; source_universe=Employed persons meeting BPS underemployment criteria; source_geography=vervar:1373:Kota Sawahlunto; geography_mapping=qualified_current_code; source_selector=vervar:1373:Kota Sawahlunto|turvar:1081:Setengah Pengangguran; transform=identity; quality_rule=retain source weighting-regime notes and leave cross-regime comparability unresolved
bpsexpobs_b80d1c94ffb3b94ec29d42c6,rice_yield,idn.13.1308,2025-01-01,2025-12-31,annual,4.604,tonnes_per_hectare,derived,bpsexpprov_a33789296bace61af429580d,false,,KSA,,qualification_id=q_rice_yield_ksa; source_universe=Rice harvested area and production under BPS KSA methodology; source_geography=vervar:1308:Kab. Lima Puluh Kota; geography_mapping=qualified_current_code; source_selector=vervar:1308:Kab. Lima Puluh Kota|turvar:244:Produktivitas (Kuintal/Hektar); transform=quintal_per_hectare_to_tonnes_per_hectare; quality_rule=convert productivity from quintal per hectare to tonnes per hectare by exact factor 0.1; retain KSA revision notes and 2025 Kota Pariaman LBS caveat
bpsexpobs_b8489300e4d86c67f61d3808,agriculture_share_grdp,idn.13.1377,2020-01-01,2020-12-31,annual,18.37333188623724,percent,derived,bpsexpprov_de78525e2bbb6ca424c54f66,false,true,GRDP series 2010 ADHB,current_prices_series_2010,"qualification_id=q_sector_share_adhb2010; source_universe=Regional gross value added by BPS industry classification; source_geography=turvar:482:Kota Pariaman; geography_mapping=qualified_source_dimension_alias; source_selector=vervar:100:A. Pertanian, Kehutanan dan Perikanan|turvar:482:Kota Pariaman; transform=share_percent; source_denominator=4994093.59; quality_rule=derive only within same source variable geography and year; require positive total PDRB and share within 0-100"
bpsexpobs_b8b4e75b946f53b49df771ca,rice_yield,idn.13.1310,2023-01-01,2023-12-31,annual,4.109000000000001,tonnes_per_hectare,derived,bpsexpprov_98ad288c955db1b72d61718e,false,true,KSA,,qualification_id=q_rice_yield_ksa; source_universe=Rice harvested area and production under BPS KSA methodology; source_geography=vervar:1310:Kab. Solok Selatan; geography_mapping=qualified_current_code; source_selector=vervar:1310:Kab. Solok Selatan|turvar:244:Produktivitas (Kuintal/Hektar); transform=quintal_per_hectare_to_tonnes_per_hectare; quality_rule=convert productivity from quintal per hectare to tonnes per hectare by exact factor 0.1; retain KSA revision notes and 2025 Kota Pariaman LBS caveat
bpsexpobs_b9f14052f126d07a75ff1040,underemployment_rate,idn.13.1312,2020-08-01,2020-08-31,annual,15.6,percent,observed,bpsexpprov_31afeaa8c374b636e60a0d0c,false,,August Sakernas,,qualification_id=q_underemployment_august; source_universe=Employed persons meeting BPS underemployment criteria; source_geography=vervar:1312:Kab. Pasaman Barat; geography_mapping=qualified_current_code; source_selector=vervar:1312:Kab. Pasaman Barat|turvar:1081:Setengah Pengangguran; transform=identity; quality_rule=retain source weighting-regime notes and leave cross-regime comparability unresolved
bpsexpobs_bb18e1b703073b81614e60df,rice_yield,idn.13.1373,2022-01-01,2022-12-31,annual,6.261,tonnes_per_hectare,derived,bpsexpprov_7bec558ef289b8b581c4f745,false,true,KSA,,qualification_id=q_rice_yield_ksa; source_universe=Rice harvested area and production under BPS KSA methodology; source_geography=vervar:1373:Kota Sawahlunto; geography_mapping=qualified_current_code; source_selector=vervar:1373:Kota Sawahlunto|turvar:244:Produktivitas (Kuintal/Hektar); transform=quintal_per_hectare_to_tonnes_per_hectare; quality_rule=convert productivity from quintal per hectare to tonnes per hectare by exact factor 0.1; retain KSA revision notes and 2025 Kota Pariaman LBS caveat
bpsexpobs_bb465d69cd00b6c30f320de7,underemployment_rate,idn.13.1305,2019-08-01,2019-08-31,annual,8.95,percent,observed,bpsexpprov_a5eff4174dcceeb54b88c07d,false,,August Sakernas,,qualification_id=q_underemployment_august; source_universe=Employed persons meeting BPS underemployment criteria; source_geography=vervar:1305:Kab. Tanah Datar; geography_mapping=qualified_current_code; source_selector=vervar:1305:Kab. Tanah Datar|turvar:1081:Setengah Pengangguran; transform=identity; quality_rule=retain source weighting-regime notes and leave cross-regime comparability unresolved
bpsexpobs_bbf586ec18b6f214327e29f3,underemployment_rate,idn.13.1311,2018-08-01,2018-08-31,annual,13.91,percent,observed,bpsexpprov_5b8e8c914fb6f4aed45ae1c5,false,,August Sakernas,,qualification_id=q_underemployment_august; source_universe=Employed persons meeting BPS underemployment criteria; source_geography=vervar:1311:Kab. Dharmasraya; geography_mapping=qualified_current_code; source_selector=vervar:1311:Kab. Dharmasraya|turvar:1081:Setengah Pengangguran; transform=identity; quality_rule=retain source weighting-regime notes and leave cross-regime comparability unresolved
bpsexpobs_bd90305f80e856a57795be06,agriculture_share_grdp,idn.13.1372,2022-01-01,2022-12-31,annual,5.0521941286369625,percent,derived,bpsexpprov_f01604e079fcaf5cd29dcab5,false,true,GRDP series 2010 ADHB,current_prices_series_2010,"qualification_id=q_sector_share_adhb2010; source_universe=Regional gross value added by BPS industry classification; source_geography=turvar:477:Kota Solok; geography_mapping=qualified_source_dimension_alias; source_selector=vervar:100:A. Pertanian, Kehutanan dan Perikanan|turvar:477:Kota Solok; transform=share_percent; source_denominator=4793153.11; quality_rule=derive only within same source variable geography and year; require positive total PDRB and share within 0-100"
bpsexpobs_bdc8a1310e23cfe30c1207b3,manufacturing_share_grdp,idn.13.1307,2022-01-01,2022-12-31,annual,9.988907587775227,percent,derived,bpsexpprov_f01604e079fcaf5cd29dcab5,false,true,GRDP series 2010 ADHB,current_prices_series_2010,qualification_id=q_sector_share_adhb2010; source_universe=Regional gross value added by BPS industry classification; source_geography=turvar:470:Kabupaten Agam; geography_mapping=qualified_source_dimension_alias; source_selector=vervar:300:C. Industri Pengolahan|turvar:470:Kabupaten Agam; transform=share_percent; source_denominator=23924336.26; quality_rule=derive only within same source variable geography and year; require positive total PDRB and share within 0-100
bpsexpobs_befe257ac0f246b5726860f0,rice_yield,idn.13.1305,2022-01-01,2022-12-31,annual,5.476,tonnes_per_hectare,derived,bpsexpprov_7bec558ef289b8b581c4f745,false,true,KSA,,qualification_id=q_rice_yield_ksa; source_universe=Rice harvested area and production under BPS KSA methodology; source_geography=vervar:1305:Kab. Tanah Datar; geography_mapping=qualified_current_code; source_selector=vervar:1305:Kab. Tanah Datar|turvar:244:Produktivitas (Kuintal/Hektar); transform=quintal_per_hectare_to_tonnes_per_hectare; quality_rule=convert productivity from quintal per hectare to tonnes per hectare by exact factor 0.1; retain KSA revision notes and 2025 Kota Pariaman LBS caveat
bpsexpobs_bf107659bcd974934c1d750d,underemployment_rate,idn.13.1310,2018-08-01,2018-08-31,annual,11.66,percent,observed,bpsexpprov_5b8e8c914fb6f4aed45ae1c5,false,,August Sakernas,,qualification_id=q_underemployment_august; source_universe=Employed persons meeting BPS underemployment criteria; source_geography=vervar:1310:Kab. Solok Selatan; geography_mapping=qualified_current_code; source_selector=vervar:1310:Kab. Solok Selatan|turvar:1081:Setengah Pengangguran; transform=identity; quality_rule=retain source weighting-regime notes and leave cross-regime comparability unresolved
bpsexpobs_bf563faf28fc08576f510693,rice_yield,idn.13.1306,2021-01-01,2021-12-31,annual,4.537,tonnes_per_hectare,derived,bpsexpprov_1fe8aa76eff04c735a65a290,false,true,KSA,,qualification_id=q_rice_yield_ksa; source_universe=Rice harvested area and production under BPS KSA methodology; source_geography=vervar:1306:Kab. Padang Pariaman; geography_mapping=qualified_current_code; source_selector=vervar:1306:Kab. Padang Pariaman|turvar:244:Produktivitas (Kuintal/Hektar); transform=quintal_per_hectare_to_tonnes_per_hectare; quality_rule=convert productivity from quintal per hectare to tonnes per hectare by exact factor 0.1; retain KSA revision notes and 2025 Kota Pariaman LBS caveat
bpsexpobs_bfbd24ca89d411308b8b793e,manufacturing_share_grdp,idn.13.1310,2018-01-01,2018-12-31,annual,5.20913776822641,percent,derived,bpsexpprov_ac4cc8d5cae12e620dffc9f2,false,true,GRDP series 2010 ADHB,current_prices_series_2010,qualification_id=q_sector_share_adhb2010; source_universe=Regional gross value added by BPS industry classification; source_geography=turvar:473:Kabupaten Solok Selatan; geography_mapping=qualified_source_dimension_alias; source_selector=vervar:300:C. Industri Pengolahan|turvar:473:Kabupaten Solok Selatan; transform=share_percent; source_denominator=4737331.8; quality_rule=derive only within same source variable geography and year; require positive total PDRB and share within 0-100
bpsexpobs_c0547615b10df4aea0d7748d,rice_yield,idn.13.1309,2024-01-01,2024-12-31,annual,4.404,tonnes_per_hectare,derived,bpsexpprov_de6b038fe64e47f00ce56036,false,true,KSA,,qualification_id=q_rice_yield_ksa; source_universe=Rice harvested area and production under BPS KSA methodology; source_geography=vervar:1309:Kab. Pasaman; geography_mapping=qualified_current_code; source_selector=vervar:1309:Kab. Pasaman|turvar:244:Produktivitas (Kuintal/Hektar); transform=quintal_per_hectare_to_tonnes_per_hectare; quality_rule=convert productivity from quintal per hectare to tonnes per hectare by exact factor 0.1; retain KSA revision notes and 2025 Kota Pariaman LBS caveat
bpsexpobs_c05cbbb341995926e40746c4,manufacturing_share_grdp,idn.13.1305,2022-01-01,2022-12-31,annual,10.679119194641363,percent,derived,bpsexpprov_f01604e079fcaf5cd29dcab5,false,true,GRDP series 2010 ADHB,current_prices_series_2010,qualification_id=q_sector_share_adhb2010; source_universe=Regional gross value added by BPS industry classification; source_geography=turvar:468:Kabupaten Tanah Datar; geography_mapping=qualified_source_dimension_alias; source_selector=vervar:300:C. Industri Pengolahan|turvar:468:Kabupaten Tanah Datar; transform=share_percent; source_denominator=15059257.61; quality_rule=derive only within same source variable geography and year; require positive total PDRB and share within 0-100
bpsexpobs_c1a9b858ebe18bea247d3d72,rice_yield,idn.13.1312,2023-01-01,2023-12-31,annual,4.882000000000001,tonnes_per_hectare,derived,bpsexpprov_98ad288c955db1b72d61718e,false,true,KSA,,qualification_id=q_rice_yield_ksa; source_universe=Rice harvested area and production under BPS KSA methodology; source_geography=vervar:1312:Kab. Pasaman Barat; geography_mapping=qualified_current_code; source_selector=vervar:1312:Kab. Pasaman Barat|turvar:244:Produktivitas (Kuintal/Hektar); transform=quintal_per_hectare_to_tonnes_per_hectare; quality_rule=convert productivity from quintal per hectare to tonnes per hectare by exact factor 0.1; retain KSA revision notes and 2025 Kota Pariaman LBS caveat
bpsexpobs_c235aded342c961c28178d5a,manufacturing_share_grdp,idn.13.1308,2018-01-01,2018-12-31,annual,6.903595257400045,percent,derived,bpsexpprov_ac4cc8d5cae12e620dffc9f2,false,true,GRDP series 2010 ADHB,current_prices_series_2010,qualification_id=q_sector_share_adhb2010; source_universe=Regional gross value added by BPS industry classification; source_geography=turvar:471:Kabupaten Limapuluh Kota; geography_mapping=qualified_source_dimension_alias; source_selector=vervar:300:C. Industri Pengolahan|turvar:471:Kabupaten Limapuluh Kota; transform=share_percent; source_denominator=14525483.21; quality_rule=derive only within same source variable geography and year; require positive total PDRB and share within 0-100
bpsexpobs_c3b9f6223e6205d8d87680c6,underemployment_rate,idn.13.1312,2023-08-01,2023-08-31,annual,10.88,percent,observed,bpsexpprov_5d4e122cca677f83fa39043d,false,,August Sakernas,,qualification_id=q_underemployment_august; source_universe=Employed persons meeting BPS underemployment criteria; source_geography=vervar:1312:Kab. Pasaman Barat; geography_mapping=qualified_current_code; source_selector=vervar:1312:Kab. Pasaman Barat|turvar:1081:Setengah Pengangguran; transform=identity; quality_rule=retain source weighting-regime notes and leave cross-regime comparability unresolved
bpsexpobs_c3e7355880ea91265d83cb6b,agriculture_share_grdp,idn.13.1302,2019-01-01,2019-12-31,annual,38.2706498609524,percent,derived,bpsexpprov_629b7a2fd64bfc274cc445e1,false,true,GRDP series 2010 ADHB,current_prices_series_2010,"qualification_id=q_sector_share_adhb2010; source_universe=Regional gross value added by BPS industry classification; source_geography=turvar:465:Kabupaten Pesisir Selatan; geography_mapping=qualified_source_dimension_alias; source_selector=vervar:100:A. Pertanian, Kehutanan dan Perikanan|turvar:465:Kabupaten Pesisir Selatan; transform=share_percent; source_denominator=14037128.66; quality_rule=derive only within same source variable geography and year; require positive total PDRB and share within 0-100"
bpsexpobs_c4181bce660de450ca511782,underemployment_rate,idn.13.1310,2020-08-01,2020-08-31,annual,15.06,percent,observed,bpsexpprov_31afeaa8c374b636e60a0d0c,false,,August Sakernas,,qualification_id=q_underemployment_august; source_universe=Employed persons meeting BPS underemployment criteria; source_geography=vervar:1310:Kab. Solok Selatan; geography_mapping=qualified_current_code; source_selector=vervar:1310:Kab. Solok Selatan|turvar:1081:Setengah Pengangguran; transform=identity; quality_rule=retain source weighting-regime notes and leave cross-regime comparability unresolved
bpsexpobs_c48afee6165edc371766f99a,underemployment_rate,idn.13.1371,2022-08-01,2022-08-31,annual,6.29,percent,observed,bpsexpprov_c7f222b804ed42981996759c,false,,August Sakernas,,qualification_id=q_underemployment_august; source_universe=Employed persons meeting BPS underemployment criteria; source_geography=vervar:1371:Kota Padang; geography_mapping=qualified_current_code; source_selector=vervar:1371:Kota Padang|turvar:1081:Setengah Pengangguran; transform=identity; quality_rule=retain source weighting-regime notes and leave cross-regime comparability unresolved
bpsexpobs_c4b803f7b957372edd6ca46d,manufacturing_share_grdp,idn.13.1303,2022-01-01,2022-12-31,annual,4.751500984070849,percent,derived,bpsexpprov_f01604e079fcaf5cd29dcab5,false,true,GRDP series 2010 ADHB,current_prices_series_2010,qualification_id=q_sector_share_adhb2010; source_universe=Regional gross value added by BPS industry classification; source_geography=turvar:466:Kabupaten Solok; geography_mapping=qualified_source_dimension_alias; source_selector=vervar:300:C. Industri Pengolahan|turvar:466:Kabupaten Solok; transform=share_percent; source_denominator=15781140.16; quality_rule=derive only within same source variable geography and year; require positive total PDRB and share within 0-100
bpsexpobs_c4c0f60aba1149c9372520da,agriculture_share_grdp,idn.13.1305,2022-01-01,2022-12-31,annual,27.80409126688683,percent,derived,bpsexpprov_f01604e079fcaf5cd29dcab5,false,true,GRDP series 2010 ADHB,current_prices_series_2010,"qualification_id=q_sector_share_adhb2010; source_universe=Regional gross value added by BPS industry classification; source_geography=turvar:468:Kabupaten Tanah Datar; geography_mapping=qualified_source_dimension_alias; source_selector=vervar:100:A. Pertanian, Kehutanan dan Perikanan|turvar:468:Kabupaten Tanah Datar; transform=share_percent; source_denominator=15059257.61; quality_rule=derive only within same source variable geography and year; require positive total PDRB and share within 0-100"
bpsexpobs_c4d0317e53aba7dc95a5adf8,underemployment_rate,idn.13.1303,2024-08-01,2024-08-31,annual,17.3,percent,observed,bpsexpprov_46b601c94fb495d28c921a1c,false,,August Sakernas,,qualification_id=q_underemployment_august; source_universe=Employed persons meeting BPS underemployment criteria; source_geography=vervar:1303:Kab. Solok; geography_mapping=qualified_current_code; source_selector=vervar:1303:Kab. Solok|turvar:1081:Setengah Pengangguran; transform=identity; quality_rule=retain source weighting-regime notes and leave cross-regime comparability unresolved
bpsexpobs_c58f0a6611fe08b481ec9b2f,underemployment_rate,idn.13,2022-08-01,2022-08-31,annual,8.68,percent,observed,bpsexpprov_c7f222b804ed42981996759c,false,,August Sakernas,,qualification_id=q_underemployment_august; source_universe=Employed persons meeting BPS underemployment criteria; source_geography=vervar:1378:Provinsi Sumatera Barat; geography_mapping=qualified_source_aggregate_alias; source_selector=vervar:1378:Provinsi Sumatera Barat|turvar:1081:Setengah Pengangguran; transform=identity; quality_rule=retain source weighting-regime notes and leave cross-regime comparability unresolved
bpsexpobs_c6dba3c3a83119d46e646678,rice_yield,idn.13.1376,2023-01-01,2023-12-31,annual,5.231000000000001,tonnes_per_hectare,derived,bpsexpprov_98ad288c955db1b72d61718e,false,true,KSA,,qualification_id=q_rice_yield_ksa; source_universe=Rice harvested area and production under BPS KSA methodology; source_geography=vervar:1376:Kota Payakumbuh; geography_mapping=qualified_current_code; source_selector=vervar:1376:Kota Payakumbuh|turvar:244:Produktivitas (Kuintal/Hektar); transform=quintal_per_hectare_to_tonnes_per_hectare; quality_rule=convert productivity from quintal per hectare to tonnes per hectare by exact factor 0.1; retain KSA revision notes and 2025 Kota Pariaman LBS caveat
bpsexpobs_c6efb0c9f724873d026cc8af,rice_yield,idn.13.1375,2023-01-01,2023-12-31,annual,6.325,tonnes_per_hectare,derived,bpsexpprov_98ad288c955db1b72d61718e,false,true,KSA,,qualification_id=q_rice_yield_ksa; source_universe=Rice harvested area and production under BPS KSA methodology; source_geography=vervar:1375:Kota Bukittinggi; geography_mapping=qualified_current_code; source_selector=vervar:1375:Kota Bukittinggi|turvar:244:Produktivitas (Kuintal/Hektar); transform=quintal_per_hectare_to_tonnes_per_hectare; quality_rule=convert productivity from quintal per hectare to tonnes per hectare by exact factor 0.1; retain KSA revision notes and 2025 Kota Pariaman LBS caveat
bpsexpobs_c74146a6466cebae32822e9c,agriculture_share_grdp,idn.13.1301,2022-01-01,2022-12-31,annual,48.01767615464537,percent,derived,bpsexpprov_f01604e079fcaf5cd29dcab5,false,true,GRDP series 2010 ADHB,current_prices_series_2010,"qualification_id=q_sector_share_adhb2010; source_universe=Regional gross value added by BPS industry classification; source_geography=turvar:464:Kabupaten Kepulauan Mentawai; geography_mapping=qualified_source_dimension_alias; source_selector=vervar:100:A. Pertanian, Kehutanan dan Perikanan|turvar:464:Kabupaten Kepulauan Mentawai; transform=share_percent; source_denominator=5445698; quality_rule=derive only within same source variable geography and year; require positive total PDRB and share within 0-100"
bpsexpobs_c74206d25132744ac2b0b246,underemployment_rate,idn.13.1376,2021-08-01,2021-08-31,annual,8.24,percent,observed,bpsexpprov_227f7b196629e133536fef6d,false,,August Sakernas,,qualification_id=q_underemployment_august; source_universe=Employed persons meeting BPS underemployment criteria; source_geography=vervar:1376:Kota Payakumbuh; geography_mapping=qualified_current_code; source_selector=vervar:1376:Kota Payakumbuh|turvar:1081:Setengah Pengangguran; transform=identity; quality_rule=retain source weighting-regime notes and leave cross-regime comparability unresolved
bpsexpobs_c7b08ebe59b6c1f41c78e304,agriculture_share_grdp,idn.13.1377,2023-01-01,2023-12-31,annual,17.665934755399277,percent,derived,bpsexpprov_742c671ae22c147b388a75dc,false,true,GRDP series 2010 ADHB,current_prices_series_2010,"qualification_id=q_sector_share_adhb2010; source_universe=Regional gross value added by BPS industry classification; source_geography=turvar:482:Kota Pariaman; geography_mapping=qualified_source_dimension_alias; source_selector=vervar:100:A. Pertanian, Kehutanan dan Perikanan|turvar:482:Kota Pariaman; transform=share_percent; source_denominator=6435119.77; quality_rule=derive only within same source variable geography and year; require positive total PDRB and share within 0-100"
bpsexpobs_c8a9aa078f0f90692b5fcebf,underemployment_rate,idn.13.1309,2020-08-01,2020-08-31,annual,16.52,percent,observed,bpsexpprov_31afeaa8c374b636e60a0d0c,false,,August Sakernas,,qualification_id=q_underemployment_august; source_universe=Employed persons meeting BPS underemployment criteria; source_geography=vervar:1309:Kab. Pasaman; geography_mapping=qualified_current_code; source_selector=vervar:1309:Kab. Pasaman|turvar:1081:Setengah Pengangguran; transform=identity; quality_rule=retain source weighting-regime notes and leave cross-regime comparability unresolved
bpsexpobs_ca08a02c061c25bd80520b18,rice_yield,idn.13.1311,2023-01-01,2023-12-31,annual,4.577000000000001,tonnes_per_hectare,derived,bpsexpprov_98ad288c955db1b72d61718e,false,true,KSA,,qualification_id=q_rice_yield_ksa; source_universe=Rice harvested area and production under BPS KSA methodology; source_geography=vervar:1311:Kab. Dharmasraya; geography_mapping=qualified_current_code; source_selector=vervar:1311:Kab. Dharmasraya|turvar:244:Produktivitas (Kuintal/Hektar); transform=quintal_per_hectare_to_tonnes_per_hectare; quality_rule=convert productivity from quintal per hectare to tonnes per hectare by exact factor 0.1; retain KSA revision notes and 2025 Kota Pariaman LBS caveat
bpsexpobs_cb96d029aa27ed5b40c0975b,underemployment_rate,idn.13.1312,2018-08-01,2018-08-31,annual,12.7,percent,observed,bpsexpprov_5b8e8c914fb6f4aed45ae1c5,false,,August Sakernas,,qualification_id=q_underemployment_august; source_universe=Employed persons meeting BPS underemployment criteria; source_geography=vervar:1312:Kab. Pasaman Barat; geography_mapping=qualified_current_code; source_selector=vervar:1312:Kab. Pasaman Barat|turvar:1081:Setengah Pengangguran; transform=identity; quality_rule=retain source weighting-regime notes and leave cross-regime comparability unresolved
bpsexpobs_cc6df2746202b6916570ea27,manufacturing_share_grdp,idn.13.1377,2019-01-01,2019-12-31,annual,6.858928581367642,percent,derived,bpsexpprov_629b7a2fd64bfc274cc445e1,false,true,GRDP series 2010 ADHB,current_prices_series_2010,qualification_id=q_sector_share_adhb2010; source_universe=Regional gross value added by BPS industry classification; source_geography=turvar:482:Kota Pariaman; geography_mapping=qualified_source_dimension_alias; source_selector=vervar:300:C. Industri Pengolahan|turvar:482:Kota Pariaman; transform=share_percent; source_denominator=5005498.54; quality_rule=derive only within same source variable geography and year; require positive total PDRB and share within 0-100
bpsexpobs_cd662013f992d539fe39d7be,underemployment_rate,idn.13.1372,2024-08-01,2024-08-31,annual,7.94,percent,observed,bpsexpprov_46b601c94fb495d28c921a1c,false,,August Sakernas,,qualification_id=q_underemployment_august; source_universe=Employed persons meeting BPS underemployment criteria; source_geography=vervar:1372:Kota Solok; geography_mapping=qualified_current_code; source_selector=vervar:1372:Kota Solok|turvar:1081:Setengah Pengangguran; transform=identity; quality_rule=retain source weighting-regime notes and leave cross-regime comparability unresolved
bpsexpobs_cd8a7d98033461dadfbad694,underemployment_rate,idn.13.1377,2021-08-01,2021-08-31,annual,11.43,percent,observed,bpsexpprov_227f7b196629e133536fef6d,false,,August Sakernas,,qualification_id=q_underemployment_august; source_universe=Employed persons meeting BPS underemployment criteria; source_geography=vervar:1377:Kota Pariaman; geography_mapping=qualified_current_code; source_selector=vervar:1377:Kota Pariaman|turvar:1081:Setengah Pengangguran; transform=identity; quality_rule=retain source weighting-regime notes and leave cross-regime comparability unresolved
bpsexpobs_cd99d54ae1aff6e90c14dbfb,gini_ratio,idn.13,2024-03-01,2024-03-31,annual,0.283,index,observed,bpsexpprov_6425b47d61aeae096cdb8522,false,true,Susenas March,,qualification_id=q_gini_march; source_universe=Population expenditure distribution under BPS Susenas welfare aggregate; source_geography=vervar:1300:Sumatera Barat; geography_mapping=qualified_source_aggregate_alias; source_selector=vervar:1300:Sumatera Barat|turvar:0:Tidak ada; transform=identity; quality_rule=canonicalize province aggregate only; retain local API rows as held source-native
bpsexpobs_cdab185c2d41dc49337cecb6,agriculture_share_grdp,idn.13.1310,2023-01-01,2023-12-31,annual,27.195099031488343,percent,derived,bpsexpprov_742c671ae22c147b388a75dc,false,true,GRDP series 2010 ADHB,current_prices_series_2010,"qualification_id=q_sector_share_adhb2010; source_universe=Regional gross value added by BPS industry classification; source_geography=turvar:473:Kabupaten Solok Selatan; geography_mapping=qualified_source_dimension_alias; source_selector=vervar:100:A. Pertanian, Kehutanan dan Perikanan|turvar:473:Kabupaten Solok Selatan; transform=share_percent; source_denominator=7044414.98; quality_rule=derive only within same source variable geography and year; require positive total PDRB and share within 0-100"
bpsexpobs_ce37022ed5942a1ebbc75ab6,underemployment_rate,idn.13.1372,2019-08-01,2019-08-31,annual,7.97,percent,observed,bpsexpprov_a5eff4174dcceeb54b88c07d,false,,August Sakernas,,qualification_id=q_underemployment_august; source_universe=Employed persons meeting BPS underemployment criteria; source_geography=vervar:1372:Kota Solok; geography_mapping=qualified_current_code; source_selector=vervar:1372:Kota Solok|turvar:1081:Setengah Pengangguran; transform=identity; quality_rule=retain source weighting-regime notes and leave cross-regime comparability unresolved
bpsexpobs_cee67b74feca57485354bc6f,agriculture_share_grdp,idn.13.1374,2023-01-01,2023-12-31,annual,5.075456082902607,percent,derived,bpsexpprov_742c671ae22c147b388a75dc,false,true,GRDP series 2010 ADHB,current_prices_series_2010,"qualification_id=q_sector_share_adhb2010; source_universe=Regional gross value added by BPS industry classification; source_geography=turvar:479:Kota Padang Panjang; geography_mapping=qualified_source_dimension_alias; source_selector=vervar:100:A. Pertanian, Kehutanan dan Perikanan|turvar:479:Kota Padang Panjang; transform=share_percent; source_denominator=4474084.62; quality_rule=derive only within same source variable geography and year; require positive total PDRB and share within 0-100"
bpsexpobs_cf21b2d63027aa247992da90,rice_yield,idn.13,2021-01-01,2021-12-31,annual,4.836,tonnes_per_hectare,derived,bpsexpprov_1fe8aa76eff04c735a65a290,false,true,KSA,,qualification_id=q_rice_yield_ksa; source_universe=Rice harvested area and production under BPS KSA methodology; source_geography=vervar:1378:Provinsi Sumatera Barat; geography_mapping=qualified_source_aggregate_alias; source_selector=vervar:1378:Provinsi Sumatera Barat|turvar:244:Produktivitas (Kuintal/Hektar); transform=quintal_per_hectare_to_tonnes_per_hectare; quality_rule=convert productivity from quintal per hectare to tonnes per hectare by exact factor 0.1; retain KSA revision notes and 2025 Kota Pariaman LBS caveat
bpsexpobs_d05e680a42eb8e42ca48a38e,underemployment_rate,idn.13.1312,2022-08-01,2022-08-31,annual,9.91,percent,observed,bpsexpprov_c7f222b804ed42981996759c,false,,August Sakernas,,qualification_id=q_underemployment_august; source_universe=Employed persons meeting BPS underemployment criteria; source_geography=vervar:1312:Kab. Pasaman Barat; geography_mapping=qualified_current_code; source_selector=vervar:1312:Kab. Pasaman Barat|turvar:1081:Setengah Pengangguran; transform=identity; quality_rule=retain source weighting-regime notes and leave cross-regime comparability unresolved
bpsexpobs_d0ac700261c2cc8eac361958,manufacturing_share_grdp,idn.13.1309,2022-01-01,2022-12-31,annual,3.929485094603956,percent,derived,bpsexpprov_f01604e079fcaf5cd29dcab5,false,true,GRDP series 2010 ADHB,current_prices_series_2010,qualification_id=q_sector_share_adhb2010; source_universe=Regional gross value added by BPS industry classification; source_geography=turvar:472:Kabupaten Pasaman; geography_mapping=qualified_source_dimension_alias; source_selector=vervar:300:C. Industri Pengolahan|turvar:472:Kabupaten Pasaman; transform=share_percent; source_denominator=10390577.65; quality_rule=derive only within same source variable geography and year; require positive total PDRB and share within 0-100
bpsexpobs_d0e3bd27719742dd00a00c81,gini_ratio,idn.13,2020-03-01,2020-03-31,annual,0.305,index,observed,bpsexpprov_250e22c4df6d2dbcd0581805,false,true,Susenas March,,qualification_id=q_gini_march; source_universe=Population expenditure distribution under BPS Susenas welfare aggregate; source_geography=vervar:1300:Sumatera Barat; geography_mapping=qualified_source_aggregate_alias; source_selector=vervar:1300:Sumatera Barat|turvar:0:Tidak ada; transform=identity; quality_rule=canonicalize province aggregate only; retain local API rows as held source-native
bpsexpobs_d2321bcefbf713bd1a369013,agriculture_share_grdp,idn.13.1305,2019-01-01,2019-12-31,annual,29.767500850037592,percent,derived,bpsexpprov_629b7a2fd64bfc274cc445e1,false,true,GRDP series 2010 ADHB,current_prices_series_2010,"qualification_id=q_sector_share_adhb2010; source_universe=Regional gross value added by BPS industry classification; source_geography=turvar:468:Kabupaten Tanah Datar; geography_mapping=qualified_source_dimension_alias; source_selector=vervar:100:A. Pertanian, Kehutanan dan Perikanan|turvar:468:Kabupaten Tanah Datar; transform=share_percent; source_denominator=13090685.71; quality_rule=derive only within same source variable geography and year; require positive total PDRB and share within 0-100"
bpsexpobs_d300546b7ec7f5e2c49fb212,gini_ratio,idn.13,2022-03-01,2022-03-31,annual,0.3,index,observed,bpsexpprov_ab153bd6a2c47b82fe518a60,false,true,Susenas March,,qualification_id=q_gini_march; source_universe=Population expenditure distribution under BPS Susenas welfare aggregate; source_geography=vervar:1300:Sumatera Barat; geography_mapping=qualified_source_aggregate_alias; source_selector=vervar:1300:Sumatera Barat|turvar:0:Tidak ada; transform=identity; quality_rule=canonicalize province aggregate only; retain local API rows as held source-native
bpsexpobs_d37dcb6c08a0897ed012b69c,underemployment_rate,idn.13,2021-08-01,2021-08-31,annual,10.28,percent,observed,bpsexpprov_227f7b196629e133536fef6d,false,,August Sakernas,,qualification_id=q_underemployment_august; source_universe=Employed persons meeting BPS underemployment criteria; source_geography=vervar:1378:Provinsi Sumatera Barat; geography_mapping=qualified_source_aggregate_alias; source_selector=vervar:1378:Provinsi Sumatera Barat|turvar:1081:Setengah Pengangguran; transform=identity; quality_rule=retain source weighting-regime notes and leave cross-regime comparability unresolved
bpsexpobs_d3d743d9a93ff75267272026,underemployment_rate,idn.13,2020-08-01,2020-08-31,annual,12.93,percent,observed,bpsexpprov_31afeaa8c374b636e60a0d0c,false,,August Sakernas,,qualification_id=q_underemployment_august; source_universe=Employed persons meeting BPS underemployment criteria; source_geography=vervar:1378:Provinsi Sumatera Barat; geography_mapping=qualified_source_aggregate_alias; source_selector=vervar:1378:Provinsi Sumatera Barat|turvar:1081:Setengah Pengangguran; transform=identity; quality_rule=retain source weighting-regime notes and leave cross-regime comparability unresolved
bpsexpobs_d3dfe185f6d367424ad4be7b,manufacturing_share_grdp,idn.13.1374,2018-01-01,2018-12-31,annual,9.497085141718939,percent,derived,bpsexpprov_ac4cc8d5cae12e620dffc9f2,false,true,GRDP series 2010 ADHB,current_prices_series_2010,qualification_id=q_sector_share_adhb2010; source_universe=Regional gross value added by BPS industry classification; source_geography=turvar:479:Kota Padang Panjang; geography_mapping=qualified_source_dimension_alias; source_selector=vervar:300:C. Industri Pengolahan|turvar:479:Kota Padang Panjang; transform=share_percent; source_denominator=3198031.98; quality_rule=derive only within same source variable geography and year; require positive total PDRB and share within 0-100
bpsexpobs_d3f8d236157bc0d6c30c34a3,agriculture_share_grdp,idn.13.1311,2020-01-01,2020-12-31,annual,27.19805868558662,percent,derived,bpsexpprov_de78525e2bbb6ca424c54f66,false,true,GRDP series 2010 ADHB,current_prices_series_2010,"qualification_id=q_sector_share_adhb2010; source_universe=Regional gross value added by BPS industry classification; source_geography=turvar:474:Kabupaten Dharmasraya; geography_mapping=qualified_source_dimension_alias; source_selector=vervar:100:A. Pertanian, Kehutanan dan Perikanan|turvar:474:Kabupaten Dharmasraya; transform=share_percent; source_denominator=10243274.28; quality_rule=derive only within same source variable geography and year; require positive total PDRB and share within 0-100"
bpsexpobs_d40b3986e39bd95389df2dfd,agriculture_share_grdp,idn.13.1372,2020-01-01,2020-12-31,annual,5.511956035706319,percent,derived,bpsexpprov_de78525e2bbb6ca424c54f66,false,true,GRDP series 2010 ADHB,current_prices_series_2010,"qualification_id=q_sector_share_adhb2010; source_universe=Regional gross value added by BPS industry classification; source_geography=turvar:477:Kota Solok; geography_mapping=qualified_source_dimension_alias; source_selector=vervar:100:A. Pertanian, Kehutanan dan Perikanan|turvar:477:Kota Solok; transform=share_percent; source_denominator=4041639.82; quality_rule=derive only within same source variable geography and year; require positive total PDRB and share within 0-100"
bpsexpobs_d4adbc82cc7e0e660d1e51e6,agriculture_share_grdp,idn.13.1307,2020-01-01,2020-12-31,annual,30.003156885541127,percent,derived,bpsexpprov_de78525e2bbb6ca424c54f66,false,true,GRDP series 2010 ADHB,current_prices_series_2010,"qualification_id=q_sector_share_adhb2010; source_universe=Regional gross value added by BPS industry classification; source_geography=turvar:470:Kabupaten Agam; geography_mapping=qualified_source_dimension_alias; source_selector=vervar:100:A. Pertanian, Kehutanan dan Perikanan|turvar:470:Kabupaten Agam; transform=share_percent; source_denominator=20376570.25; quality_rule=derive only within same source variable geography and year; require positive total PDRB and share within 0-100"
bpsexpobs_d4e29fcf66b1028eecea4c6f,manufacturing_share_grdp,idn.13.1376,2019-01-01,2019-12-31,annual,4.795824562224362,percent,derived,bpsexpprov_629b7a2fd64bfc274cc445e1,false,true,GRDP series 2010 ADHB,current_prices_series_2010,qualification_id=q_sector_share_adhb2010; source_universe=Regional gross value added by BPS industry classification; source_geography=turvar:481:Kota Payakumbuh; geography_mapping=qualified_source_dimension_alias; source_selector=vervar:300:C. Industri Pengolahan|turvar:481:Kota Payakumbuh; transform=share_percent; source_denominator=6825167.93; quality_rule=derive only within same source variable geography and year; require positive total PDRB and share within 0-100
bpsexpobs_d52fba99c4dff450366b1084,underemployment_rate,idn.13.1308,2022-08-01,2022-08-31,annual,8.46,percent,observed,bpsexpprov_c7f222b804ed42981996759c,false,,August Sakernas,,qualification_id=q_underemployment_august; source_universe=Employed persons meeting BPS underemployment criteria; source_geography=vervar:1308:Kab. Lima Puluh Kota; geography_mapping=qualified_current_code; source_selector=vervar:1308:Kab. Lima Puluh Kota|turvar:1081:Setengah Pengangguran; transform=identity; quality_rule=retain source weighting-regime notes and leave cross-regime comparability unresolved
bpsexpobs_d571d2f70a0d500d74a0c7eb,rice_yield,idn.13.1377,2025-01-01,2025-12-31,annual,4.384,tonnes_per_hectare,derived,bpsexpprov_a33789296bace61af429580d,false,,KSA,,qualification_id=q_rice_yield_ksa; source_universe=Rice harvested area and production under BPS KSA methodology; source_geography=vervar:1377:Kota Pariaman; geography_mapping=qualified_current_code; source_selector=vervar:1377:Kota Pariaman|turvar:244:Produktivitas (Kuintal/Hektar); transform=quintal_per_hectare_to_tonnes_per_hectare; quality_rule=convert productivity from quintal per hectare to tonnes per hectare by exact factor 0.1; retain KSA revision notes and 2025 Kota Pariaman LBS caveat
bpsexpobs_d60ff597752934f00d4a7746,rice_yield,idn.13.1311,2019-01-01,2019-12-31,annual,4.6290000000000004,tonnes_per_hectare,derived,bpsexpprov_4175fb009f15e20368cb7b1e,false,true,KSA,,qualification_id=q_rice_yield_ksa; source_universe=Rice harvested area and production under BPS KSA methodology; source_geography=vervar:1311:Kab. Dharmasraya; geography_mapping=qualified_current_code; source_selector=vervar:1311:Kab. Dharmasraya|turvar:244:Produktivitas (Kuintal/Hektar); transform=quintal_per_hectare_to_tonnes_per_hectare; quality_rule=convert productivity from quintal per hectare to tonnes per hectare by exact factor 0.1; retain KSA revision notes and 2025 Kota Pariaman LBS caveat
bpsexpobs_d610d9b3814fa333c5a803dd,rice_yield,idn.13.1306,2024-01-01,2024-12-31,annual,4.452000000000001,tonnes_per_hectare,derived,bpsexpprov_de6b038fe64e47f00ce56036,false,true,KSA,,qualification_id=q_rice_yield_ksa; source_universe=Rice harvested area and production under BPS KSA methodology; source_geography=vervar:1306:Kab. Padang Pariaman; geography_mapping=qualified_current_code; source_selector=vervar:1306:Kab. Padang Pariaman|turvar:244:Produktivitas (Kuintal/Hektar); transform=quintal_per_hectare_to_tonnes_per_hectare; quality_rule=convert productivity from quintal per hectare to tonnes per hectare by exact factor 0.1; retain KSA revision notes and 2025 Kota Pariaman LBS caveat
bpsexpobs_d65448dae30b39927c76a56c,manufacturing_share_grdp,idn.13.1376,2023-01-01,2023-12-31,annual,4.827668628280072,percent,derived,bpsexpprov_742c671ae22c147b388a75dc,false,true,GRDP series 2010 ADHB,current_prices_series_2010,qualification_id=q_sector_share_adhb2010; source_universe=Regional gross value added by BPS industry classification; source_geography=turvar:481:Kota Payakumbuh; geography_mapping=qualified_source_dimension_alias; source_selector=vervar:300:C. Industri Pengolahan|turvar:481:Kota Payakumbuh; transform=share_percent; source_denominator=8982352.63; quality_rule=derive only within same source variable geography and year; require positive total PDRB and share within 0-100
bpsexpobs_d661c45f4ed9240843acbafc,rice_yield,idn.13.1373,2020-01-01,2020-12-31,annual,4.2909999999999995,tonnes_per_hectare,derived,bpsexpprov_4ea81f7d026a48bf672ef4dc,false,true,KSA,,qualification_id=q_rice_yield_ksa; source_universe=Rice harvested area and production under BPS KSA methodology; source_geography=vervar:1373:Kota Sawahlunto; geography_mapping=qualified_current_code; source_selector=vervar:1373:Kota Sawahlunto|turvar:244:Produktivitas (Kuintal/Hektar); transform=quintal_per_hectare_to_tonnes_per_hectare; quality_rule=convert productivity from quintal per hectare to tonnes per hectare by exact factor 0.1; retain KSA revision notes and 2025 Kota Pariaman LBS caveat
bpsexpobs_d683d33d24f96084ae91d6e3,underemployment_rate,idn.13.1374,2020-08-01,2020-08-31,annual,6.44,percent,observed,bpsexpprov_31afeaa8c374b636e60a0d0c,false,,August Sakernas,,qualification_id=q_underemployment_august; source_universe=Employed persons meeting BPS underemployment criteria; source_geography=vervar:1374:Kota Padang Panjang; geography_mapping=qualified_current_code; source_selector=vervar:1374:Kota Padang Panjang|turvar:1081:Setengah Pengangguran; transform=identity; quality_rule=retain source weighting-regime notes and leave cross-regime comparability unresolved
bpsexpobs_d6b5044116f336bb53c096dd,agriculture_share_grdp,idn.13.1305,2020-01-01,2020-12-31,annual,29.81973506063924,percent,derived,bpsexpprov_de78525e2bbb6ca424c54f66,false,true,GRDP series 2010 ADHB,current_prices_series_2010,"qualification_id=q_sector_share_adhb2010; source_universe=Regional gross value added by BPS industry classification; source_geography=turvar:468:Kabupaten Tanah Datar; geography_mapping=qualified_source_dimension_alias; source_selector=vervar:100:A. Pertanian, Kehutanan dan Perikanan|turvar:468:Kabupaten Tanah Datar; transform=share_percent; source_denominator=13023107.59; quality_rule=derive only within same source variable geography and year; require positive total PDRB and share within 0-100"
bpsexpobs_d6bfe5fa49283936a5e38cc2,underemployment_rate,idn.13.1373,2021-08-01,2021-08-31,annual,11.56,percent,observed,bpsexpprov_227f7b196629e133536fef6d,false,,August Sakernas,,qualification_id=q_underemployment_august; source_universe=Employed persons meeting BPS underemployment criteria; source_geography=vervar:1373:Kota Sawahlunto; geography_mapping=qualified_current_code; source_selector=vervar:1373:Kota Sawahlunto|turvar:1081:Setengah Pengangguran; transform=identity; quality_rule=retain source weighting-regime notes and leave cross-regime comparability unresolved
bpsexpobs_d7ee82b961fc9daef01ac560,underemployment_rate,idn.13.1312,2019-08-01,2019-08-31,annual,14.62,percent,observed,bpsexpprov_a5eff4174dcceeb54b88c07d,false,,August Sakernas,,qualification_id=q_underemployment_august; source_universe=Employed persons meeting BPS underemployment criteria; source_geography=vervar:1312:Kab. Pasaman Barat; geography_mapping=qualified_current_code; source_selector=vervar:1312:Kab. Pasaman Barat|turvar:1081:Setengah Pengangguran; transform=identity; quality_rule=retain source weighting-regime notes and leave cross-regime comparability unresolved
bpsexpobs_d84d252bdc07a61f8518f31b,manufacturing_share_grdp,idn.13.1310,2021-01-01,2021-12-31,annual,4.403012145115619,percent,derived,bpsexpprov_1bd70093852bc1965baeadf8,false,true,GRDP series 2010 ADHB,current_prices_series_2010,qualification_id=q_sector_share_adhb2010; source_universe=Regional gross value added by BPS industry classification; source_geography=turvar:473:Kabupaten Solok Selatan; geography_mapping=qualified_source_dimension_alias; source_selector=vervar:300:C. Industri Pengolahan|turvar:473:Kabupaten Solok Selatan; transform=share_percent; source_denominator=5777977.93; quality_rule=derive only within same source variable geography and year; require positive total PDRB and share within 0-100
bpsexpobs_d853030b839f1a8c0158993b,agriculture_share_grdp,idn.13.1303,2021-01-01,2021-12-31,annual,34.06769431438945,percent,derived,bpsexpprov_1bd70093852bc1965baeadf8,false,true,GRDP series 2010 ADHB,current_prices_series_2010,"qualification_id=q_sector_share_adhb2010; source_universe=Regional gross value added by BPS industry classification; source_geography=turvar:466:Kabupaten Solok; geography_mapping=qualified_source_dimension_alias; source_selector=vervar:100:A. Pertanian, Kehutanan dan Perikanan|turvar:466:Kabupaten Solok; transform=share_percent; source_denominator=14178062.2; quality_rule=derive only within same source variable geography and year; require positive total PDRB and share within 0-100"
bpsexpobs_d88b85affd457863eef8890c,manufacturing_share_grdp,idn.13.1304,2018-01-01,2018-12-31,annual,2.985677045645661,percent,derived,bpsexpprov_ac4cc8d5cae12e620dffc9f2,false,true,GRDP series 2010 ADHB,current_prices_series_2010,qualification_id=q_sector_share_adhb2010; source_universe=Regional gross value added by BPS industry classification; source_geography=turvar:467:Kabupaten Sijunjung; geography_mapping=qualified_source_dimension_alias; source_selector=vervar:300:C. Industri Pengolahan|turvar:467:Kabupaten Sijunjung; transform=share_percent; source_denominator=8489458.04; quality_rule=derive only within same source variable geography and year; require positive total PDRB and share within 0-100
bpsexpobs_d9d1ccd30fb1e5e807632440,agriculture_share_grdp,idn.13.1309,2018-01-01,2018-12-31,annual,49.47197950153445,percent,derived,bpsexpprov_ac4cc8d5cae12e620dffc9f2,false,true,GRDP series 2010 ADHB,current_prices_series_2010,"qualification_id=q_sector_share_adhb2010; source_universe=Regional gross value added by BPS industry classification; source_geography=turvar:472:Kabupaten Pasaman; geography_mapping=qualified_source_dimension_alias; source_selector=vervar:100:A. Pertanian, Kehutanan dan Perikanan|turvar:472:Kabupaten Pasaman; transform=share_percent; source_denominator=8318765.11; quality_rule=derive only within same source variable geography and year; require positive total PDRB and share within 0-100"
bpsexpobs_d9d47e1666812fd06d90ddf9,underemployment_rate,idn.13.1304,2021-08-01,2021-08-31,annual,13.09,percent,observed,bpsexpprov_227f7b196629e133536fef6d,false,,August Sakernas,,qualification_id=q_underemployment_august; source_universe=Employed persons meeting BPS underemployment criteria; source_geography=vervar:1304:Kab. Sijunjung; geography_mapping=qualified_current_code; source_selector=vervar:1304:Kab. Sijunjung|turvar:1081:Setengah Pengangguran; transform=identity; quality_rule=retain source weighting-regime notes and leave cross-regime comparability unresolved
bpsexpobs_d9f043e2a7f86d8258c8c65b,underemployment_rate,idn.13.1374,2022-08-01,2022-08-31,annual,2.04,percent,observed,bpsexpprov_c7f222b804ed42981996759c,false,,August Sakernas,,qualification_id=q_underemployment_august; source_universe=Employed persons meeting BPS underemployment criteria; source_geography=vervar:1374:Kota Padang Panjang; geography_mapping=qualified_current_code; source_selector=vervar:1374:Kota Padang Panjang|turvar:1081:Setengah Pengangguran; transform=identity; quality_rule=retain source weighting-regime notes and leave cross-regime comparability unresolved
bpsexpobs_da1ad0542abab56d5a8de715,manufacturing_share_grdp,idn.13.1304,2023-01-01,2023-12-31,annual,2.7390568543240774,percent,derived,bpsexpprov_742c671ae22c147b388a75dc,false,true,GRDP series 2010 ADHB,current_prices_series_2010,qualification_id=q_sector_share_adhb2010; source_universe=Regional gross value added by BPS industry classification; source_geography=turvar:467:Kabupaten Sijunjung; geography_mapping=qualified_source_dimension_alias; source_selector=vervar:300:C. Industri Pengolahan|turvar:467:Kabupaten Sijunjung; transform=share_percent; source_denominator=11676771.13; quality_rule=derive only within same source variable geography and year; require positive total PDRB and share within 0-100
bpsexpobs_da6294bd214c59f1e1af3344,underemployment_rate,idn.13.1302,2024-08-01,2024-08-31,annual,12.85,percent,observed,bpsexpprov_46b601c94fb495d28c921a1c,false,,August Sakernas,,qualification_id=q_underemployment_august; source_universe=Employed persons meeting BPS underemployment criteria; source_geography=vervar:1302:Kab. Pesisir Selatan; geography_mapping=qualified_current_code; source_selector=vervar:1302:Kab. Pesisir Selatan|turvar:1081:Setengah Pengangguran; transform=identity; quality_rule=retain source weighting-regime notes and leave cross-regime comparability unresolved
bpsexpobs_da837b1bff7e677e55f5adc1,rice_yield,idn.13.1302,2019-01-01,2019-12-31,annual,5.106000000000001,tonnes_per_hectare,derived,bpsexpprov_4175fb009f15e20368cb7b1e,false,true,KSA,,qualification_id=q_rice_yield_ksa; source_universe=Rice harvested area and production under BPS KSA methodology; source_geography=vervar:1302:Kab. Pesisir Selatan; geography_mapping=qualified_current_code; source_selector=vervar:1302:Kab. Pesisir Selatan|turvar:244:Produktivitas (Kuintal/Hektar); transform=quintal_per_hectare_to_tonnes_per_hectare; quality_rule=convert productivity from quintal per hectare to tonnes per hectare by exact factor 0.1; retain KSA revision notes and 2025 Kota Pariaman LBS caveat
bpsexpobs_db6eb1c6147d59c120005d12,manufacturing_share_grdp,idn.13.1374,2022-01-01,2022-12-31,annual,8.31403125490252,percent,derived,bpsexpprov_f01604e079fcaf5cd29dcab5,false,true,GRDP series 2010 ADHB,current_prices_series_2010,qualification_id=q_sector_share_adhb2010; source_universe=Regional gross value added by BPS industry classification; source_geography=turvar:479:Kota Padang Panjang; geography_mapping=qualified_source_dimension_alias; source_selector=vervar:300:C. Industri Pengolahan|turvar:479:Kota Padang Panjang; transform=share_percent; source_denominator=4086546.1; quality_rule=derive only within same source variable geography and year; require positive total PDRB and share within 0-100
bpsexpobs_dbaa3c8b1173f43e8f211812,rice_yield,idn.13.1371,2025-01-01,2025-12-31,annual,5.041,tonnes_per_hectare,derived,bpsexpprov_a33789296bace61af429580d,false,,KSA,,qualification_id=q_rice_yield_ksa; source_universe=Rice harvested area and production under BPS KSA methodology; source_geography=vervar:1371:Kota Padang; geography_mapping=qualified_current_code; source_selector=vervar:1371:Kota Padang|turvar:244:Produktivitas (Kuintal/Hektar); transform=quintal_per_hectare_to_tonnes_per_hectare; quality_rule=convert productivity from quintal per hectare to tonnes per hectare by exact factor 0.1; retain KSA revision notes and 2025 Kota Pariaman LBS caveat
bpsexpobs_dbb88d5aa378373c43f2c2a7,rice_yield,idn.13.1312,2021-01-01,2021-12-31,annual,4.74,tonnes_per_hectare,derived,bpsexpprov_1fe8aa76eff04c735a65a290,false,true,KSA,,qualification_id=q_rice_yield_ksa; source_universe=Rice harvested area and production under BPS KSA methodology; source_geography=vervar:1312:Kab. Pasaman Barat; geography_mapping=qualified_current_code; source_selector=vervar:1312:Kab. Pasaman Barat|turvar:244:Produktivitas (Kuintal/Hektar); transform=quintal_per_hectare_to_tonnes_per_hectare; quality_rule=convert productivity from quintal per hectare to tonnes per hectare by exact factor 0.1; retain KSA revision notes and 2025 Kota Pariaman LBS caveat
bpsexpobs_dc1b340cbc0dac77f5b48c8b,manufacturing_share_grdp,idn.13.1302,2022-01-01,2022-12-31,annual,6.802802913250822,percent,derived,bpsexpprov_f01604e079fcaf5cd29dcab5,false,true,GRDP series 2010 ADHB,current_prices_series_2010,qualification_id=q_sector_share_adhb2010; source_universe=Regional gross value added by BPS industry classification; source_geography=turvar:465:Kabupaten Pesisir Selatan; geography_mapping=qualified_source_dimension_alias; source_selector=vervar:300:C. Industri Pengolahan|turvar:465:Kabupaten Pesisir Selatan; transform=share_percent; source_denominator=16606491.83; quality_rule=derive only within same source variable geography and year; require positive total PDRB and share within 0-100
bpsexpobs_dc1cc9a636d3db910aa569e3,manufacturing_share_grdp,idn.13.1304,2022-01-01,2022-12-31,annual,2.7672547333598745,percent,derived,bpsexpprov_f01604e079fcaf5cd29dcab5,false,true,GRDP series 2010 ADHB,current_prices_series_2010,qualification_id=q_sector_share_adhb2010; source_universe=Regional gross value added by BPS industry classification; source_geography=turvar:467:Kabupaten Sijunjung; geography_mapping=qualified_source_dimension_alias; source_selector=vervar:300:C. Industri Pengolahan|turvar:467:Kabupaten Sijunjung; transform=share_percent; source_denominator=10668551.27; quality_rule=derive only within same source variable geography and year; require positive total PDRB and share within 0-100
bpsexpobs_dca13963ac145f07554b307a,agriculture_share_grdp,idn.13.1371,2022-01-01,2022-12-31,annual,5.121599053453984,percent,derived,bpsexpprov_f01604e079fcaf5cd29dcab5,false,true,GRDP series 2010 ADHB,current_prices_series_2010,"qualification_id=q_sector_share_adhb2010; source_universe=Regional gross value added by BPS industry classification; source_geography=turvar:476:Kota Padang; geography_mapping=qualified_source_dimension_alias; source_selector=vervar:100:A. Pertanian, Kehutanan dan Perikanan|turvar:476:Kota Padang; transform=share_percent; source_denominator=72978951.71; quality_rule=derive only within same source variable geography and year; require positive total PDRB and share within 0-100"
bpsexpobs_dce9411fecdd8e3dff6e96e2,rice_yield,idn.13.1372,2022-01-01,2022-12-31,annual,6.466,tonnes_per_hectare,derived,bpsexpprov_7bec558ef289b8b581c4f745,false,true,KSA,,qualification_id=q_rice_yield_ksa; source_universe=Rice harvested area and production under BPS KSA methodology; source_geography=vervar:1372:Kota Solok; geography_mapping=qualified_current_code; source_selector=vervar:1372:Kota Solok|turvar:244:Produktivitas (Kuintal/Hektar); transform=quintal_per_hectare_to_tonnes_per_hectare; quality_rule=convert productivity from quintal per hectare to tonnes per hectare by exact factor 0.1; retain KSA revision notes and 2025 Kota Pariaman LBS caveat
bpsexpobs_ddf3d376c15f62b1079d9d8f,underemployment_rate,idn.13.1376,2019-08-01,2019-08-31,annual,5.3,percent,observed,bpsexpprov_a5eff4174dcceeb54b88c07d,false,,August Sakernas,,qualification_id=q_underemployment_august; source_universe=Employed persons meeting BPS underemployment criteria; source_geography=vervar:1376:Kota Payakumbuh; geography_mapping=qualified_current_code; source_selector=vervar:1376:Kota Payakumbuh|turvar:1081:Setengah Pengangguran; transform=identity; quality_rule=retain source weighting-regime notes and leave cross-regime comparability unresolved
bpsexpobs_de6e185fbadd974d1ab5543f,rice_yield,idn.13.1374,2019-01-01,2019-12-31,annual,5.509,tonnes_per_hectare,derived,bpsexpprov_4175fb009f15e20368cb7b1e,false,true,KSA,,qualification_id=q_rice_yield_ksa; source_universe=Rice harvested area and production under BPS KSA methodology; source_geography=vervar:1374:Kota Padang Panjang; geography_mapping=qualified_current_code; source_selector=vervar:1374:Kota Padang Panjang|turvar:244:Produktivitas (Kuintal/Hektar); transform=quintal_per_hectare_to_tonnes_per_hectare; quality_rule=convert productivity from quintal per hectare to tonnes per hectare by exact factor 0.1; retain KSA revision notes and 2025 Kota Pariaman LBS caveat
bpsexpobs_de8e71501def555d38e36e4f,underemployment_rate,idn.13.1305,2022-08-01,2022-08-31,annual,5.54,percent,observed,bpsexpprov_c7f222b804ed42981996759c,false,,August Sakernas,,qualification_id=q_underemployment_august; source_universe=Employed persons meeting BPS underemployment criteria; source_geography=vervar:1305:Kab. Tanah Datar; geography_mapping=qualified_current_code; source_selector=vervar:1305:Kab. Tanah Datar|turvar:1081:Setengah Pengangguran; transform=identity; quality_rule=retain source weighting-regime notes and leave cross-regime comparability unresolved
bpsexpobs_de9257b302d402e5a766fe5a,underemployment_rate,idn.13.1376,2020-08-01,2020-08-31,annual,7.25,percent,observed,bpsexpprov_31afeaa8c374b636e60a0d0c,false,,August Sakernas,,qualification_id=q_underemployment_august; source_universe=Employed persons meeting BPS underemployment criteria; source_geography=vervar:1376:Kota Payakumbuh; geography_mapping=qualified_current_code; source_selector=vervar:1376:Kota Payakumbuh|turvar:1081:Setengah Pengangguran; transform=identity; quality_rule=retain source weighting-regime notes and leave cross-regime comparability unresolved
bpsexpobs_def6c5d6f4172698d9b228e2,manufacturing_share_grdp,idn.13.1373,2023-01-01,2023-12-31,annual,10.869528319451067,percent,derived,bpsexpprov_742c671ae22c147b388a75dc,false,true,GRDP series 2010 ADHB,current_prices_series_2010,qualification_id=q_sector_share_adhb2010; source_universe=Regional gross value added by BPS industry classification; source_geography=turvar:478:Kota Sawahlunto; geography_mapping=qualified_source_dimension_alias; source_selector=vervar:300:C. Industri Pengolahan|turvar:478:Kota Sawahlunto; transform=share_percent; source_denominator=4825295.86; quality_rule=derive only within same source variable geography and year; require positive total PDRB and share within 0-100
bpsexpobs_df3ece823ca35b1981e7cd0d,manufacturing_share_grdp,idn.13,2022-01-01,2022-12-31,annual,8.536500556612935,percent,derived,bpsexpprov_f01604e079fcaf5cd29dcab5,false,true,GRDP series 2010 ADHB,current_prices_series_2010,qualification_id=q_sector_share_adhb2010; source_universe=Regional gross value added by BPS industry classification; source_geography=turvar:483:Sumatera Barat; geography_mapping=qualified_source_aggregate_alias; source_selector=vervar:300:C. Industri Pengolahan|turvar:483:Sumatera Barat; transform=share_percent; source_denominator=285376460.98; quality_rule=derive only within same source variable geography and year; require positive total PDRB and share within 0-100
bpsexpobs_dfb3c8f5951cd8928e6ce85f,agriculture_share_grdp,idn.13.1309,2023-01-01,2023-12-31,annual,46.04978305402148,percent,derived,bpsexpprov_742c671ae22c147b388a75dc,false,true,GRDP series 2010 ADHB,current_prices_series_2010,"qualification_id=q_sector_share_adhb2010; source_universe=Regional gross value added by BPS industry classification; source_geography=turvar:472:Kabupaten Pasaman; geography_mapping=qualified_source_dimension_alias; source_selector=vervar:100:A. Pertanian, Kehutanan dan Perikanan|turvar:472:Kabupaten Pasaman; transform=share_percent; source_denominator=11360358.08; quality_rule=derive only within same source variable geography and year; require positive total PDRB and share within 0-100"
bpsexpobs_dfc125584797661aac9e427d,rice_yield,idn.13.1307,2019-01-01,2019-12-31,annual,4.932,tonnes_per_hectare,derived,bpsexpprov_4175fb009f15e20368cb7b1e,false,true,KSA,,qualification_id=q_rice_yield_ksa; source_universe=Rice harvested area and production under BPS KSA methodology; source_geography=vervar:1307:Kab. Agam; geography_mapping=qualified_current_code; source_selector=vervar:1307:Kab. Agam|turvar:244:Produktivitas (Kuintal/Hektar); transform=quintal_per_hectare_to_tonnes_per_hectare; quality_rule=convert productivity from quintal per hectare to tonnes per hectare by exact factor 0.1; retain KSA revision notes and 2025 Kota Pariaman LBS caveat
bpsexpobs_e03cca8dd6c812a40459c4f9,underemployment_rate,idn.13.1302,2019-08-01,2019-08-31,annual,11.21,percent,observed,bpsexpprov_a5eff4174dcceeb54b88c07d,false,,August Sakernas,,qualification_id=q_underemployment_august; source_universe=Employed persons meeting BPS underemployment criteria; source_geography=vervar:1302:Kab. Pesisir Selatan; geography_mapping=qualified_current_code; source_selector=vervar:1302:Kab. Pesisir Selatan|turvar:1081:Setengah Pengangguran; transform=identity; quality_rule=retain source weighting-regime notes and leave cross-regime comparability unresolved
bpsexpobs_e045411e688cf487e726ea3a,manufacturing_share_grdp,idn.13.1311,2022-01-01,2022-12-31,annual,5.247956181009069,percent,derived,bpsexpprov_f01604e079fcaf5cd29dcab5,false,true,GRDP series 2010 ADHB,current_prices_series_2010,qualification_id=q_sector_share_adhb2010; source_universe=Regional gross value added by BPS industry classification; source_geography=turvar:474:Kabupaten Dharmasraya; geography_mapping=qualified_source_dimension_alias; source_selector=vervar:300:C. Industri Pengolahan|turvar:474:Kabupaten Dharmasraya; transform=share_percent; source_denominator=12233468.38; quality_rule=derive only within same source variable geography and year; require positive total PDRB and share within 0-100
bpsexpobs_e04c048a1e0770689e0bb535,underemployment_rate,idn.13.1307,2024-08-01,2024-08-31,annual,12.03,percent,observed,bpsexpprov_46b601c94fb495d28c921a1c,false,,August Sakernas,,qualification_id=q_underemployment_august; source_universe=Employed persons meeting BPS underemployment criteria; source_geography=vervar:1307:Kab. Agam; geography_mapping=qualified_current_code; source_selector=vervar:1307:Kab. Agam|turvar:1081:Setengah Pengangguran; transform=identity; quality_rule=retain source weighting-regime notes and leave cross-regime comparability unresolved
bpsexpobs_e2c49f65774cab5e66f9bcd1,rice_yield,idn.13.1309,2021-01-01,2021-12-31,annual,4.593,tonnes_per_hectare,derived,bpsexpprov_1fe8aa76eff04c735a65a290,false,true,KSA,,qualification_id=q_rice_yield_ksa; source_universe=Rice harvested area and production under BPS KSA methodology; source_geography=vervar:1309:Kab. Pasaman; geography_mapping=qualified_current_code; source_selector=vervar:1309:Kab. Pasaman|turvar:244:Produktivitas (Kuintal/Hektar); transform=quintal_per_hectare_to_tonnes_per_hectare; quality_rule=convert productivity from quintal per hectare to tonnes per hectare by exact factor 0.1; retain KSA revision notes and 2025 Kota Pariaman LBS caveat
bpsexpobs_e2f8df668516776921ba4815,agriculture_share_grdp,idn.13.1302,2023-01-01,2023-12-31,annual,36.49048577789883,percent,derived,bpsexpprov_742c671ae22c147b388a75dc,false,true,GRDP series 2010 ADHB,current_prices_series_2010,"qualification_id=q_sector_share_adhb2010; source_universe=Regional gross value added by BPS industry classification; source_geography=turvar:465:Kabupaten Pesisir Selatan; geography_mapping=qualified_source_dimension_alias; source_selector=vervar:100:A. Pertanian, Kehutanan dan Perikanan|turvar:465:Kabupaten Pesisir Selatan; transform=share_percent; source_denominator=18025679.68; quality_rule=derive only within same source variable geography and year; require positive total PDRB and share within 0-100"
bpsexpobs_e36b7cbda0d6fd4a92e9c3df,rice_yield,idn.13.1303,2024-01-01,2024-12-31,annual,4.728000000000001,tonnes_per_hectare,derived,bpsexpprov_de6b038fe64e47f00ce56036,false,true,KSA,,qualification_id=q_rice_yield_ksa; source_universe=Rice harvested area and production under BPS KSA methodology; source_geography=vervar:1303:Kab. Solok; geography_mapping=qualified_current_code; source_selector=vervar:1303:Kab. Solok|turvar:244:Produktivitas (Kuintal/Hektar); transform=quintal_per_hectare_to_tonnes_per_hectare; quality_rule=convert productivity from quintal per hectare to tonnes per hectare by exact factor 0.1; retain KSA revision notes and 2025 Kota Pariaman LBS caveat
bpsexpobs_e373e402e61f487a27b7dcef,agriculture_share_grdp,idn.13.1374,2020-01-01,2020-12-31,annual,5.148904697646766,percent,derived,bpsexpprov_de78525e2bbb6ca424c54f66,false,true,GRDP series 2010 ADHB,current_prices_series_2010,"qualification_id=q_sector_share_adhb2010; source_universe=Regional gross value added by BPS industry classification; source_geography=turvar:479:Kota Padang Panjang; geography_mapping=qualified_source_dimension_alias; source_selector=vervar:100:A. Pertanian, Kehutanan dan Perikanan|turvar:479:Kota Padang Panjang; transform=share_percent; source_denominator=3473230.92; quality_rule=derive only within same source variable geography and year; require positive total PDRB and share within 0-100"
bpsexpobs_e37c53d2f4ae6b3377c447b6,population_total,idn.13,2020-09-01,2020-09-30,annual,5534472.0,persons,observed,bpsexpprov_9de0c2885fb2df7b9c780beb,false,true,Sensus Penduduk 2020,,qualification_id=q_population_sp2020; source_universe=Resident population under SP2020 census definition; source_geography=vervar:1300:SUMATERA BARAT (Provinsi); geography_mapping=qualified_source_aggregate_alias; source_selector=vervar:1300:SUMATERA BARAT (Provinsi)|turvar:34:Laki-Laki + Perempuan; transform=identity; quality_rule=select total sex category only and retain census reference period
bpsexpobs_e3ad4a018a920e95fffc5d9d,rice_yield,idn.13.1304,2020-01-01,2020-12-31,annual,3.91,tonnes_per_hectare,derived,bpsexpprov_4ea81f7d026a48bf672ef4dc,false,true,KSA,,qualification_id=q_rice_yield_ksa; source_universe=Rice harvested area and production under BPS KSA methodology; source_geography=vervar:1304:Kab. Sijunjung; geography_mapping=qualified_current_code; source_selector=vervar:1304:Kab. Sijunjung|turvar:244:Produktivitas (Kuintal/Hektar); transform=quintal_per_hectare_to_tonnes_per_hectare; quality_rule=convert productivity from quintal per hectare to tonnes per hectare by exact factor 0.1; retain KSA revision notes and 2025 Kota Pariaman LBS caveat
bpsexpobs_e3de02ad0e1f0d3f1c14eb9a,agriculture_share_grdp,idn.13.1301,2018-01-01,2018-12-31,annual,47.604076021015686,percent,derived,bpsexpprov_ac4cc8d5cae12e620dffc9f2,false,true,GRDP series 2010 ADHB,current_prices_series_2010,"qualification_id=q_sector_share_adhb2010; source_universe=Regional gross value added by BPS industry classification; source_geography=turvar:464:Kabupaten Kepulauan Mentawai; geography_mapping=qualified_source_dimension_alias; source_selector=vervar:100:A. Pertanian, Kehutanan dan Perikanan|turvar:464:Kabupaten Kepulauan Mentawai; transform=share_percent; source_denominator=4252824; quality_rule=derive only within same source variable geography and year; require positive total PDRB and share within 0-100"
bpsexpobs_e40320c810810830970190b7,manufacturing_share_grdp,idn.13.1310,2023-01-01,2023-12-31,annual,4.172929204690323,percent,derived,bpsexpprov_742c671ae22c147b388a75dc,false,true,GRDP series 2010 ADHB,current_prices_series_2010,qualification_id=q_sector_share_adhb2010; source_universe=Regional gross value added by BPS industry classification; source_geography=turvar:473:Kabupaten Solok Selatan; geography_mapping=qualified_source_dimension_alias; source_selector=vervar:300:C. Industri Pengolahan|turvar:473:Kabupaten Solok Selatan; transform=share_percent; source_denominator=7044414.98; quality_rule=derive only within same source variable geography and year; require positive total PDRB and share within 0-100
bpsexpobs_e60fb252aa986eefd7f896f4,underemployment_rate,idn.13.1371,2024-08-01,2024-08-31,annual,7.23,percent,observed,bpsexpprov_46b601c94fb495d28c921a1c,false,,August Sakernas,,qualification_id=q_underemployment_august; source_universe=Employed persons meeting BPS underemployment criteria; source_geography=vervar:1371:Kota Padang; geography_mapping=qualified_current_code; source_selector=vervar:1371:Kota Padang|turvar:1081:Setengah Pengangguran; transform=identity; quality_rule=retain source weighting-regime notes and leave cross-regime comparability unresolved
bpsexpobs_e62fba81e4101e5faa3a1018,agriculture_share_grdp,idn.13.1304,2021-01-01,2021-12-31,annual,27.452658766417443,percent,derived,bpsexpprov_1bd70093852bc1965baeadf8,false,true,GRDP series 2010 ADHB,current_prices_series_2010,"qualification_id=q_sector_share_adhb2010; source_universe=Regional gross value added by BPS industry classification; source_geography=turvar:467:Kabupaten Sijunjung; geography_mapping=qualified_source_dimension_alias; source_selector=vervar:100:A. Pertanian, Kehutanan dan Perikanan|turvar:467:Kabupaten Sijunjung; transform=share_percent; source_denominator=9567673.69; quality_rule=derive only within same source variable geography and year; require positive total PDRB and share within 0-100"
bpsexpobs_e64ba532a33c729e828c8699,agriculture_share_grdp,idn.13.1311,2022-01-01,2022-12-31,annual,26.60588860736484,percent,derived,bpsexpprov_f01604e079fcaf5cd29dcab5,false,true,GRDP series 2010 ADHB,current_prices_series_2010,"qualification_id=q_sector_share_adhb2010; source_universe=Regional gross value added by BPS industry classification; source_geography=turvar:474:Kabupaten Dharmasraya; geography_mapping=qualified_source_dimension_alias; source_selector=vervar:100:A. Pertanian, Kehutanan dan Perikanan|turvar:474:Kabupaten Dharmasraya; transform=share_percent; source_denominator=12233468.38; quality_rule=derive only within same source variable geography and year; require positive total PDRB and share within 0-100"
bpsexpobs_e68e40e306202dde20bc045c,underemployment_rate,idn.13.1304,2018-08-01,2018-08-31,annual,16.4,percent,observed,bpsexpprov_5b8e8c914fb6f4aed45ae1c5,false,,August Sakernas,,qualification_id=q_underemployment_august; source_universe=Employed persons meeting BPS underemployment criteria; source_geography=vervar:1304:Kab. Sijunjung; geography_mapping=qualified_current_code; source_selector=vervar:1304:Kab. Sijunjung|turvar:1081:Setengah Pengangguran; transform=identity; quality_rule=retain source weighting-regime notes and leave cross-regime comparability unresolved
bpsexpobs_e6f39920c25fe2287a50af0e,manufacturing_share_grdp,idn.13.1301,2022-01-01,2022-12-31,annual,2.4811509929489297,percent,derived,bpsexpprov_f01604e079fcaf5cd29dcab5,false,true,GRDP series 2010 ADHB,current_prices_series_2010,qualification_id=q_sector_share_adhb2010; source_universe=Regional gross value added by BPS industry classification; source_geography=turvar:464:Kabupaten Kepulauan Mentawai; geography_mapping=qualified_source_dimension_alias; source_selector=vervar:300:C. Industri Pengolahan|turvar:464:Kabupaten Kepulauan Mentawai; transform=share_percent; source_denominator=5445698; quality_rule=derive only within same source variable geography and year; require positive total PDRB and share within 0-100
bpsexpobs_e70a9c265882df4887ed5f34,rice_yield,idn.13.1310,2019-01-01,2019-12-31,annual,4.233,tonnes_per_hectare,derived,bpsexpprov_4175fb009f15e20368cb7b1e,false,true,KSA,,qualification_id=q_rice_yield_ksa; source_universe=Rice harvested area and production under BPS KSA methodology; source_geography=vervar:1310:Kab. Solok Selatan; geography_mapping=qualified_current_code; source_selector=vervar:1310:Kab. Solok Selatan|turvar:244:Produktivitas (Kuintal/Hektar); transform=quintal_per_hectare_to_tonnes_per_hectare; quality_rule=convert productivity from quintal per hectare to tonnes per hectare by exact factor 0.1; retain KSA revision notes and 2025 Kota Pariaman LBS caveat
bpsexpobs_e741a6cf739b121e40862510,rice_yield,idn.13.1374,2018-01-01,2018-12-31,annual,4.696000000000001,tonnes_per_hectare,derived,bpsexpprov_94477055811325289e147e4f,false,true,KSA,,qualification_id=q_rice_yield_ksa; source_universe=Rice harvested area and production under BPS KSA methodology; source_geography=vervar:1374:Kota Padang Panjang; geography_mapping=qualified_current_code; source_selector=vervar:1374:Kota Padang Panjang|turvar:244:Produktivitas (Kuintal/Hektar); transform=quintal_per_hectare_to_tonnes_per_hectare; quality_rule=convert productivity from quintal per hectare to tonnes per hectare by exact factor 0.1; retain KSA revision notes and 2025 Kota Pariaman LBS caveat
bpsexpobs_e7447055e9a67660bce8b717,underemployment_rate,idn.13.1377,2022-08-01,2022-08-31,annual,6.97,percent,observed,bpsexpprov_c7f222b804ed42981996759c,false,,August Sakernas,,qualification_id=q_underemployment_august; source_universe=Employed persons meeting BPS underemployment criteria; source_geography=vervar:1377:Kota Pariaman; geography_mapping=qualified_current_code; source_selector=vervar:1377:Kota Pariaman|turvar:1081:Setengah Pengangguran; transform=identity; quality_rule=retain source weighting-regime notes and leave cross-regime comparability unresolved
bpsexpobs_e7760360302c54510c3f801d,manufacturing_share_grdp,idn.13.1375,2023-01-01,2023-12-31,annual,5.0102929353075485,percent,derived,bpsexpprov_742c671ae22c147b388a75dc,false,true,GRDP series 2010 ADHB,current_prices_series_2010,qualification_id=q_sector_share_adhb2010; source_universe=Regional gross value added by BPS industry classification; source_geography=turvar:480:Kota Bukittinggi; geography_mapping=qualified_source_dimension_alias; source_selector=vervar:300:C. Industri Pengolahan|turvar:480:Kota Bukittinggi; transform=share_percent; source_denominator=11131581.67; quality_rule=derive only within same source variable geography and year; require positive total PDRB and share within 0-100
bpsexpobs_e7e8951806dc5627782f716e,underemployment_rate,idn.13.1305,2024-08-01,2024-08-31,annual,8.57,percent,observed,bpsexpprov_46b601c94fb495d28c921a1c,false,,August Sakernas,,qualification_id=q_underemployment_august; source_universe=Employed persons meeting BPS underemployment criteria; source_geography=vervar:1305:Kab. Tanah Datar; geography_mapping=qualified_current_code; source_selector=vervar:1305:Kab. Tanah Datar|turvar:1081:Setengah Pengangguran; transform=identity; quality_rule=retain source weighting-regime notes and leave cross-regime comparability unresolved
bpsexpobs_e7ea767ac5297c9341336039,underemployment_rate,idn.13.1372,2022-08-01,2022-08-31,annual,5.04,percent,observed,bpsexpprov_c7f222b804ed42981996759c,false,,August Sakernas,,qualification_id=q_underemployment_august; source_universe=Employed persons meeting BPS underemployment criteria; source_geography=vervar:1372:Kota Solok; geography_mapping=qualified_current_code; source_selector=vervar:1372:Kota Solok|turvar:1081:Setengah Pengangguran; transform=identity; quality_rule=retain source weighting-regime notes and leave cross-regime comparability unresolved
bpsexpobs_e7f5a917251fbf85eac91ff0,underemployment_rate,idn.13.1310,2023-08-01,2023-08-31,annual,10.4,percent,observed,bpsexpprov_5d4e122cca677f83fa39043d,false,,August Sakernas,,qualification_id=q_underemployment_august; source_universe=Employed persons meeting BPS underemployment criteria; source_geography=vervar:1310:Kab. Solok Selatan; geography_mapping=qualified_current_code; source_selector=vervar:1310:Kab. Solok Selatan|turvar:1081:Setengah Pengangguran; transform=identity; quality_rule=retain source weighting-regime notes and leave cross-regime comparability unresolved
bpsexpobs_e815aecfa60ead40359913ad,export_value,idn.13,2023-01-01,2023-12-31,annual,2366656098.43,usd,observed,bpsexpprov_1cbcf0340d6d93019da398d0,false,true,BPS export statistics / customs-document compilation,,qualification_id=q_export_port_loading; source_universe=Exports recorded by the official Sumatera Barat BPS export source family; source_geography=constant_province:constant_province:Sumatera Barat; geography_mapping=qualified_constant_source_scope; source_selector=vervar:13:Jumlah|turvar:420:Nilai (US$); transform=identity; quality_rule=select annual Jumlah and Nilai US$ only; preserve source concept and do not infer production origin
bpsexpobs_e8b6b10a3e18f6a2f633a1b2,rice_yield,idn.13.1308,2023-01-01,2023-12-31,annual,4.813000000000001,tonnes_per_hectare,derived,bpsexpprov_98ad288c955db1b72d61718e,false,true,KSA,,qualification_id=q_rice_yield_ksa; source_universe=Rice harvested area and production under BPS KSA methodology; source_geography=vervar:1308:Kab. Lima Puluh Kota; geography_mapping=qualified_current_code; source_selector=vervar:1308:Kab. Lima Puluh Kota|turvar:244:Produktivitas (Kuintal/Hektar); transform=quintal_per_hectare_to_tonnes_per_hectare; quality_rule=convert productivity from quintal per hectare to tonnes per hectare by exact factor 0.1; retain KSA revision notes and 2025 Kota Pariaman LBS caveat
bpsexpobs_e8cba119743a83ac38202509,rice_yield,idn.13.1311,2018-01-01,2018-12-31,annual,4.32,tonnes_per_hectare,derived,bpsexpprov_94477055811325289e147e4f,false,true,KSA,,qualification_id=q_rice_yield_ksa; source_universe=Rice harvested area and production under BPS KSA methodology; source_geography=vervar:1311:Kab. Dharmasraya; geography_mapping=qualified_current_code; source_selector=vervar:1311:Kab. Dharmasraya|turvar:244:Produktivitas (Kuintal/Hektar); transform=quintal_per_hectare_to_tonnes_per_hectare; quality_rule=convert productivity from quintal per hectare to tonnes per hectare by exact factor 0.1; retain KSA revision notes and 2025 Kota Pariaman LBS caveat
bpsexpobs_e9150176df84682491b91c62,underemployment_rate,idn.13.1301,2018-08-01,2018-08-31,annual,12.17,percent,observed,bpsexpprov_5b8e8c914fb6f4aed45ae1c5,false,,August Sakernas,,qualification_id=q_underemployment_august; source_universe=Employed persons meeting BPS underemployment criteria; source_geography=vervar:1301:Kab. Kepulauan Mentawai; geography_mapping=qualified_current_code; source_selector=vervar:1301:Kab. Kepulauan Mentawai|turvar:1081:Setengah Pengangguran; transform=identity; quality_rule=retain source weighting-regime notes and leave cross-regime comparability unresolved
bpsexpobs_e99c9ee3d19816072c2e160c,population_total,idn.13.1304,2020-09-01,2020-09-30,annual,235045.0,persons,observed,bpsexpprov_9de0c2885fb2df7b9c780beb,false,true,Sensus Penduduk 2020,,qualification_id=q_population_sp2020; source_universe=Resident population under SP2020 census definition; source_geography=vervar:1304:Sijunjung; geography_mapping=qualified_current_code; source_selector=vervar:1304:Sijunjung|turvar:34:Laki-Laki + Perempuan; transform=identity; quality_rule=select total sex category only and retain census reference period
bpsexpobs_ea3f7b022aa9e1d4772ffc85,rice_yield,idn.13.1373,2024-01-01,2024-12-31,annual,5.455,tonnes_per_hectare,derived,bpsexpprov_de6b038fe64e47f00ce56036,false,true,KSA,,qualification_id=q_rice_yield_ksa; source_universe=Rice harvested area and production under BPS KSA methodology; source_geography=vervar:1373:Kota Sawahlunto; geography_mapping=qualified_current_code; source_selector=vervar:1373:Kota Sawahlunto|turvar:244:Produktivitas (Kuintal/Hektar); transform=quintal_per_hectare_to_tonnes_per_hectare; quality_rule=convert productivity from quintal per hectare to tonnes per hectare by exact factor 0.1; retain KSA revision notes and 2025 Kota Pariaman LBS caveat
bpsexpobs_eaf221d686fd5649f52ff028,agriculture_share_grdp,idn.13.1301,2023-01-01,2023-12-31,annual,48.4488181812154,percent,derived,bpsexpprov_742c671ae22c147b388a75dc,false,true,GRDP series 2010 ADHB,current_prices_series_2010,"qualification_id=q_sector_share_adhb2010; source_universe=Regional gross value added by BPS industry classification; source_geography=turvar:464:Kabupaten Kepulauan Mentawai; geography_mapping=qualified_source_dimension_alias; source_selector=vervar:100:A. Pertanian, Kehutanan dan Perikanan|turvar:464:Kabupaten Kepulauan Mentawai; transform=share_percent; source_denominator=5914999.06; quality_rule=derive only within same source variable geography and year; require positive total PDRB and share within 0-100"
bpsexpobs_eb2a1ba2b86d8260f59e42f1,underemployment_rate,idn.13.1301,2024-08-01,2024-08-31,annual,16.56,percent,observed,bpsexpprov_46b601c94fb495d28c921a1c,false,,August Sakernas,,qualification_id=q_underemployment_august; source_universe=Employed persons meeting BPS underemployment criteria; source_geography=vervar:1301:Kab. Kepulauan Mentawai; geography_mapping=qualified_current_code; source_selector=vervar:1301:Kab. Kepulauan Mentawai|turvar:1081:Setengah Pengangguran; transform=identity; quality_rule=retain source weighting-regime notes and leave cross-regime comparability unresolved
bpsexpobs_ebad5ddacf8e07868921105c,rice_yield,idn.13.1309,2019-01-01,2019-12-31,annual,4.362,tonnes_per_hectare,derived,bpsexpprov_4175fb009f15e20368cb7b1e,false,true,KSA,,qualification_id=q_rice_yield_ksa; source_universe=Rice harvested area and production under BPS KSA methodology; source_geography=vervar:1309:Kab. Pasaman; geography_mapping=qualified_current_code; source_selector=vervar:1309:Kab. Pasaman|turvar:244:Produktivitas (Kuintal/Hektar); transform=quintal_per_hectare_to_tonnes_per_hectare; quality_rule=convert productivity from quintal per hectare to tonnes per hectare by exact factor 0.1; retain KSA revision notes and 2025 Kota Pariaman LBS caveat
bpsexpobs_ebfe8e96082c1e86bd7b87b0,manufacturing_share_grdp,idn.13.1308,2021-01-01,2021-12-31,annual,6.492432745160368,percent,derived,bpsexpprov_1bd70093852bc1965baeadf8,false,true,GRDP series 2010 ADHB,current_prices_series_2010,qualification_id=q_sector_share_adhb2010; source_universe=Regional gross value added by BPS industry classification; source_geography=turvar:471:Kabupaten Limapuluh Kota; geography_mapping=qualified_source_dimension_alias; source_selector=vervar:300:C. Industri Pengolahan|turvar:471:Kabupaten Limapuluh Kota; transform=share_percent; source_denominator=16182393.43; quality_rule=derive only within same source variable geography and year; require positive total PDRB and share within 0-100
bpsexpobs_ec8af478a0e3ede1103ad8bc,underemployment_rate,idn.13.1374,2023-08-01,2023-08-31,annual,5.75,percent,observed,bpsexpprov_5d4e122cca677f83fa39043d,false,,August Sakernas,,qualification_id=q_underemployment_august; source_universe=Employed persons meeting BPS underemployment criteria; source_geography=vervar:1374:Kota Padang Panjang; geography_mapping=qualified_current_code; source_selector=vervar:1374:Kota Padang Panjang|turvar:1081:Setengah Pengangguran; transform=identity; quality_rule=retain source weighting-regime notes and leave cross-regime comparability unresolved
bpsexpobs_ec961e0c1f953a612de4a19b,agriculture_share_grdp,idn.13.1308,2021-01-01,2021-12-31,annual,32.18929673495152,percent,derived,bpsexpprov_1bd70093852bc1965baeadf8,false,true,GRDP series 2010 ADHB,current_prices_series_2010,"qualification_id=q_sector_share_adhb2010; source_universe=Regional gross value added by BPS industry classification; source_geography=turvar:471:Kabupaten Limapuluh Kota; geography_mapping=qualified_source_dimension_alias; source_selector=vervar:100:A. Pertanian, Kehutanan dan Perikanan|turvar:471:Kabupaten Limapuluh Kota; transform=share_percent; source_denominator=16182393.43; quality_rule=derive only within same source variable geography and year; require positive total PDRB and share within 0-100"
bpsexpobs_ed7b3edcfdb45bd7da36d97a,agriculture_share_grdp,idn.13.1312,2019-01-01,2019-12-31,annual,41.00576853320122,percent,derived,bpsexpprov_629b7a2fd64bfc274cc445e1,false,true,GRDP series 2010 ADHB,current_prices_series_2010,"qualification_id=q_sector_share_adhb2010; source_universe=Regional gross value added by BPS industry classification; source_geography=turvar:475:Kabupaten Pasaman Barat; geography_mapping=qualified_source_dimension_alias; source_selector=vervar:100:A. Pertanian, Kehutanan dan Perikanan|turvar:475:Kabupaten Pasaman Barat; transform=share_percent; source_denominator=15401338.07; quality_rule=derive only within same source variable geography and year; require positive total PDRB and share within 0-100"
bpsexpobs_ed9bec7a94595f28fadb9167,underemployment_rate,idn.13.1307,2018-08-01,2018-08-31,annual,7.53,percent,observed,bpsexpprov_5b8e8c914fb6f4aed45ae1c5,false,,August Sakernas,,qualification_id=q_underemployment_august; source_universe=Employed persons meeting BPS underemployment criteria; source_geography=vervar:1307:Kab. Agam; geography_mapping=qualified_current_code; source_selector=vervar:1307:Kab. Agam|turvar:1081:Setengah Pengangguran; transform=identity; quality_rule=retain source weighting-regime notes and leave cross-regime comparability unresolved
bpsexpobs_edbf7f143fe864fe99f06bd5,rice_yield,idn.13.1373,2025-01-01,2025-12-31,annual,5.601,tonnes_per_hectare,derived,bpsexpprov_a33789296bace61af429580d,false,,KSA,,qualification_id=q_rice_yield_ksa; source_universe=Rice harvested area and production under BPS KSA methodology; source_geography=vervar:1373:Kota Sawahlunto; geography_mapping=qualified_current_code; source_selector=vervar:1373:Kota Sawahlunto|turvar:244:Produktivitas (Kuintal/Hektar); transform=quintal_per_hectare_to_tonnes_per_hectare; quality_rule=convert productivity from quintal per hectare to tonnes per hectare by exact factor 0.1; retain KSA revision notes and 2025 Kota Pariaman LBS caveat
bpsexpobs_eea7ccf6b79b0ea700eca7c5,manufacturing_share_grdp,idn.13.1307,2021-01-01,2021-12-31,annual,9.895625534062138,percent,derived,bpsexpprov_1bd70093852bc1965baeadf8,false,true,GRDP series 2010 ADHB,current_prices_series_2010,qualification_id=q_sector_share_adhb2010; source_universe=Regional gross value added by BPS industry classification; source_geography=turvar:470:Kabupaten Agam; geography_mapping=qualified_source_dimension_alias; source_selector=vervar:300:C. Industri Pengolahan|turvar:470:Kabupaten Agam; transform=share_percent; source_denominator=21440412.46; quality_rule=derive only within same source variable geography and year; require positive total PDRB and share within 0-100
bpsexpobs_ef113eb87a19a4464d04d001,rice_yield,idn.13.1301,2021-01-01,2021-12-31,annual,2.497,tonnes_per_hectare,derived,bpsexpprov_1fe8aa76eff04c735a65a290,false,true,KSA,,qualification_id=q_rice_yield_ksa; source_universe=Rice harvested area and production under BPS KSA methodology; source_geography=vervar:1301:Kab. Kepulauan Mentawai; geography_mapping=qualified_current_code; source_selector=vervar:1301:Kab. Kepulauan Mentawai|turvar:244:Produktivitas (Kuintal/Hektar); transform=quintal_per_hectare_to_tonnes_per_hectare; quality_rule=convert productivity from quintal per hectare to tonnes per hectare by exact factor 0.1; retain KSA revision notes and 2025 Kota Pariaman LBS caveat
bpsexpobs_efbc6d48162554eeb326f62b,underemployment_rate,idn.13.1303,2021-08-01,2021-08-31,annual,8.19,percent,observed,bpsexpprov_227f7b196629e133536fef6d,false,,August Sakernas,,qualification_id=q_underemployment_august; source_universe=Employed persons meeting BPS underemployment criteria; source_geography=vervar:1303:Kab. Solok; geography_mapping=qualified_current_code; source_selector=vervar:1303:Kab. Solok|turvar:1081:Setengah Pengangguran; transform=identity; quality_rule=retain source weighting-regime notes and leave cross-regime comparability unresolved
bpsexpobs_efc065f961285ee6d10279df,population_total,idn.13.1303,2020-09-01,2020-09-30,annual,391497.0,persons,observed,bpsexpprov_9de0c2885fb2df7b9c780beb,false,true,Sensus Penduduk 2020,,qualification_id=q_population_sp2020; source_universe=Resident population under SP2020 census definition; source_geography=vervar:1303:Kab.Solok; geography_mapping=qualified_current_code; source_selector=vervar:1303:Kab.Solok|turvar:34:Laki-Laki + Perempuan; transform=identity; quality_rule=select total sex category only and retain census reference period
bpsexpobs_f0ca6c29b265b215111d8f5c,rice_yield,idn.13.1311,2024-01-01,2024-12-31,annual,4.5360000000000005,tonnes_per_hectare,derived,bpsexpprov_de6b038fe64e47f00ce56036,false,true,KSA,,qualification_id=q_rice_yield_ksa; source_universe=Rice harvested area and production under BPS KSA methodology; source_geography=vervar:1311:Kab. Dharmasraya; geography_mapping=qualified_current_code; source_selector=vervar:1311:Kab. Dharmasraya|turvar:244:Produktivitas (Kuintal/Hektar); transform=quintal_per_hectare_to_tonnes_per_hectare; quality_rule=convert productivity from quintal per hectare to tonnes per hectare by exact factor 0.1; retain KSA revision notes and 2025 Kota Pariaman LBS caveat
bpsexpobs_f1fa32e1dae5a4f207a3e678,underemployment_rate,idn.13.1310,2024-08-01,2024-08-31,annual,14.15,percent,observed,bpsexpprov_46b601c94fb495d28c921a1c,false,,August Sakernas,,qualification_id=q_underemployment_august; source_universe=Employed persons meeting BPS underemployment criteria; source_geography=vervar:1310:Kab. Solok Selatan; geography_mapping=qualified_current_code; source_selector=vervar:1310:Kab. Solok Selatan|turvar:1081:Setengah Pengangguran; transform=identity; quality_rule=retain source weighting-regime notes and leave cross-regime comparability unresolved
bpsexpobs_f220e45d225cf464d2c2603f,agriculture_share_grdp,idn.13.1306,2019-01-01,2019-12-31,annual,19.20721902869654,percent,derived,bpsexpprov_629b7a2fd64bfc274cc445e1,false,true,GRDP series 2010 ADHB,current_prices_series_2010,"qualification_id=q_sector_share_adhb2010; source_universe=Regional gross value added by BPS industry classification; source_geography=turvar:469:Kabupaten Padang Pariaman; geography_mapping=qualified_source_dimension_alias; source_selector=vervar:100:A. Pertanian, Kehutanan dan Perikanan|turvar:469:Kabupaten Padang Pariaman; transform=share_percent; source_denominator=21255473.34; quality_rule=derive only within same source variable geography and year; require positive total PDRB and share within 0-100"
bpsexpobs_f237bf9c48c41d00b7f33e5a,agriculture_share_grdp,idn.13.1373,2019-01-01,2019-12-31,annual,8.842628926347986,percent,derived,bpsexpprov_629b7a2fd64bfc274cc445e1,false,true,GRDP series 2010 ADHB,current_prices_series_2010,"qualification_id=q_sector_share_adhb2010; source_universe=Regional gross value added by BPS industry classification; source_geography=turvar:478:Kota Sawahlunto; geography_mapping=qualified_source_dimension_alias; source_selector=vervar:100:A. Pertanian, Kehutanan dan Perikanan|turvar:478:Kota Sawahlunto; transform=share_percent; source_denominator=3679850.22; quality_rule=derive only within same source variable geography and year; require positive total PDRB and share within 0-100"
bpsexpobs_f25026523cb62eb5371ee806,manufacturing_share_grdp,idn.13.1376,2020-01-01,2020-12-31,annual,4.861100661530437,percent,derived,bpsexpprov_de78525e2bbb6ca424c54f66,false,true,GRDP series 2010 ADHB,current_prices_series_2010,qualification_id=q_sector_share_adhb2010; source_universe=Regional gross value added by BPS industry classification; source_geography=turvar:481:Kota Payakumbuh; geography_mapping=qualified_source_dimension_alias; source_selector=vervar:300:C. Industri Pengolahan|turvar:481:Kota Payakumbuh; transform=share_percent; source_denominator=6827094.79; quality_rule=derive only within same source variable geography and year; require positive total PDRB and share within 0-100
bpsexpobs_f257e0105ba10dcea9a5bf0b,underemployment_rate,idn.13.1309,2019-08-01,2019-08-31,annual,9.79,percent,observed,bpsexpprov_a5eff4174dcceeb54b88c07d,false,,August Sakernas,,qualification_id=q_underemployment_august; source_universe=Employed persons meeting BPS underemployment criteria; source_geography=vervar:1309:Kab. Pasaman; geography_mapping=qualified_current_code; source_selector=vervar:1309:Kab. Pasaman|turvar:1081:Setengah Pengangguran; transform=identity; quality_rule=retain source weighting-regime notes and leave cross-regime comparability unresolved
bpsexpobs_f29d5f727c68eeb4e5f34d27,manufacturing_share_grdp,idn.13.1308,2022-01-01,2022-12-31,annual,6.4733243904776945,percent,derived,bpsexpprov_f01604e079fcaf5cd29dcab5,false,true,GRDP series 2010 ADHB,current_prices_series_2010,qualification_id=q_sector_share_adhb2010; source_universe=Regional gross value added by BPS industry classification; source_geography=turvar:471:Kabupaten Limapuluh Kota; geography_mapping=qualified_source_dimension_alias; source_selector=vervar:300:C. Industri Pengolahan|turvar:471:Kabupaten Limapuluh Kota; transform=share_percent; source_denominator=17900605.78; quality_rule=derive only within same source variable geography and year; require positive total PDRB and share within 0-100
bpsexpobs_f2ff0aea7899c959ede86b9c,agriculture_share_grdp,idn.13.1301,2021-01-01,2021-12-31,annual,48.86453587805786,percent,derived,bpsexpprov_1bd70093852bc1965baeadf8,false,true,GRDP series 2010 ADHB,current_prices_series_2010,"qualification_id=q_sector_share_adhb2010; source_universe=Regional gross value added by BPS industry classification; source_geography=turvar:464:Kabupaten Kepulauan Mentawai; geography_mapping=qualified_source_dimension_alias; source_selector=vervar:100:A. Pertanian, Kehutanan dan Perikanan|turvar:464:Kabupaten Kepulauan Mentawai; transform=share_percent; source_denominator=4843913.95; quality_rule=derive only within same source variable geography and year; require positive total PDRB and share within 0-100"
bpsexpobs_f309855e9450f66402810f65,underemployment_rate,idn.13.1310,2021-08-01,2021-08-31,annual,14.69,percent,observed,bpsexpprov_227f7b196629e133536fef6d,false,,August Sakernas,,qualification_id=q_underemployment_august; source_universe=Employed persons meeting BPS underemployment criteria; source_geography=vervar:1310:Kab. Solok Selatan; geography_mapping=qualified_current_code; source_selector=vervar:1310:Kab. Solok Selatan|turvar:1081:Setengah Pengangguran; transform=identity; quality_rule=retain source weighting-regime notes and leave cross-regime comparability unresolved
bpsexpobs_f3d8ccc92c787ca678399bcc,underemployment_rate,idn.13.1377,2024-08-01,2024-08-31,annual,10.14,percent,observed,bpsexpprov_46b601c94fb495d28c921a1c,false,,August Sakernas,,qualification_id=q_underemployment_august; source_universe=Employed persons meeting BPS underemployment criteria; source_geography=vervar:1377:Kota Pariaman; geography_mapping=qualified_current_code; source_selector=vervar:1377:Kota Pariaman|turvar:1081:Setengah Pengangguran; transform=identity; quality_rule=retain source weighting-regime notes and leave cross-regime comparability unresolved
bpsexpobs_f41a6c9400f8965e3f729ae0,rice_yield,idn.13.1376,2024-01-01,2024-12-31,annual,4.757000000000001,tonnes_per_hectare,derived,bpsexpprov_de6b038fe64e47f00ce56036,false,true,KSA,,qualification_id=q_rice_yield_ksa; source_universe=Rice harvested area and production under BPS KSA methodology; source_geography=vervar:1376:Kota Payakumbuh; geography_mapping=qualified_current_code; source_selector=vervar:1376:Kota Payakumbuh|turvar:244:Produktivitas (Kuintal/Hektar); transform=quintal_per_hectare_to_tonnes_per_hectare; quality_rule=convert productivity from quintal per hectare to tonnes per hectare by exact factor 0.1; retain KSA revision notes and 2025 Kota Pariaman LBS caveat
bpsexpobs_f4375a3046326fe542b29425,rice_yield,idn.13.1374,2020-01-01,2020-12-31,annual,5.767,tonnes_per_hectare,derived,bpsexpprov_4ea81f7d026a48bf672ef4dc,false,true,KSA,,qualification_id=q_rice_yield_ksa; source_universe=Rice harvested area and production under BPS KSA methodology; source_geography=vervar:1374:Kota Padang Panjang; geography_mapping=qualified_current_code; source_selector=vervar:1374:Kota Padang Panjang|turvar:244:Produktivitas (Kuintal/Hektar); transform=quintal_per_hectare_to_tonnes_per_hectare; quality_rule=convert productivity from quintal per hectare to tonnes per hectare by exact factor 0.1; retain KSA revision notes and 2025 Kota Pariaman LBS caveat
bpsexpobs_f44e765d279b21d7e174ce2b,manufacturing_share_grdp,idn.13.1302,2018-01-01,2018-12-31,annual,7.730488482316655,percent,derived,bpsexpprov_ac4cc8d5cae12e620dffc9f2,false,true,GRDP series 2010 ADHB,current_prices_series_2010,qualification_id=q_sector_share_adhb2010; source_universe=Regional gross value added by BPS industry classification; source_geography=turvar:465:Kabupaten Pesisir Selatan; geography_mapping=qualified_source_dimension_alias; source_selector=vervar:300:C. Industri Pengolahan|turvar:465:Kabupaten Pesisir Selatan; transform=share_percent; source_denominator=13045984.64; quality_rule=derive only within same source variable geography and year; require positive total PDRB and share within 0-100
bpsexpobs_f469b9a0a2c479b8498c9c82,underemployment_rate,idn.13.1305,2021-08-01,2021-08-31,annual,7.86,percent,observed,bpsexpprov_227f7b196629e133536fef6d,false,,August Sakernas,,qualification_id=q_underemployment_august; source_universe=Employed persons meeting BPS underemployment criteria; source_geography=vervar:1305:Kab. Tanah Datar; geography_mapping=qualified_current_code; source_selector=vervar:1305:Kab. Tanah Datar|turvar:1081:Setengah Pengangguran; transform=identity; quality_rule=retain source weighting-regime notes and leave cross-regime comparability unresolved
bpsexpobs_f4daf1607acf8e02e365d3bc,underemployment_rate,idn.13.1307,2020-08-01,2020-08-31,annual,17.42,percent,observed,bpsexpprov_31afeaa8c374b636e60a0d0c,false,,August Sakernas,,qualification_id=q_underemployment_august; source_universe=Employed persons meeting BPS underemployment criteria; source_geography=vervar:1307:Kab. Agam; geography_mapping=qualified_current_code; source_selector=vervar:1307:Kab. Agam|turvar:1081:Setengah Pengangguran; transform=identity; quality_rule=retain source weighting-regime notes and leave cross-regime comparability unresolved
bpsexpobs_f63200e6b0667733c820358f,agriculture_share_grdp,idn.13.1310,2022-01-01,2022-12-31,annual,27.685216294893305,percent,derived,bpsexpprov_f01604e079fcaf5cd29dcab5,false,true,GRDP series 2010 ADHB,current_prices_series_2010,"qualification_id=q_sector_share_adhb2010; source_universe=Regional gross value added by BPS industry classification; source_geography=turvar:473:Kabupaten Solok Selatan; geography_mapping=qualified_source_dimension_alias; source_selector=vervar:100:A. Pertanian, Kehutanan dan Perikanan|turvar:473:Kabupaten Solok Selatan; transform=share_percent; source_denominator=6430736.43; quality_rule=derive only within same source variable geography and year; require positive total PDRB and share within 0-100"
bpsexpobs_f6b62acee448e9283b129c2a,underemployment_rate,idn.13.1302,2020-08-01,2020-08-31,annual,14.28,percent,observed,bpsexpprov_31afeaa8c374b636e60a0d0c,false,,August Sakernas,,qualification_id=q_underemployment_august; source_universe=Employed persons meeting BPS underemployment criteria; source_geography=vervar:1302:Kab. Pesisir Selatan; geography_mapping=qualified_current_code; source_selector=vervar:1302:Kab. Pesisir Selatan|turvar:1081:Setengah Pengangguran; transform=identity; quality_rule=retain source weighting-regime notes and leave cross-regime comparability unresolved
bpsexpobs_f82bdc0223d95cc3b4fb7e12,underemployment_rate,idn.13.1308,2021-08-01,2021-08-31,annual,10.23,percent,observed,bpsexpprov_227f7b196629e133536fef6d,false,,August Sakernas,,qualification_id=q_underemployment_august; source_universe=Employed persons meeting BPS underemployment criteria; source_geography=vervar:1308:Kab. Lima Puluh Kota; geography_mapping=qualified_current_code; source_selector=vervar:1308:Kab. Lima Puluh Kota|turvar:1081:Setengah Pengangguran; transform=identity; quality_rule=retain source weighting-regime notes and leave cross-regime comparability unresolved
bpsexpobs_f94496258fac2295395bb622,agriculture_share_grdp,idn.13.1308,2018-01-01,2018-12-31,annual,34.733158181799304,percent,derived,bpsexpprov_ac4cc8d5cae12e620dffc9f2,false,true,GRDP series 2010 ADHB,current_prices_series_2010,"qualification_id=q_sector_share_adhb2010; source_universe=Regional gross value added by BPS industry classification; source_geography=turvar:471:Kabupaten Limapuluh Kota; geography_mapping=qualified_source_dimension_alias; source_selector=vervar:100:A. Pertanian, Kehutanan dan Perikanan|turvar:471:Kabupaten Limapuluh Kota; transform=share_percent; source_denominator=14525483.21; quality_rule=derive only within same source variable geography and year; require positive total PDRB and share within 0-100"
bpsexpobs_fa2e674837f38ec7d53e85f9,underemployment_rate,idn.13.1304,2019-08-01,2019-08-31,annual,13.27,percent,observed,bpsexpprov_a5eff4174dcceeb54b88c07d,false,,August Sakernas,,qualification_id=q_underemployment_august; source_universe=Employed persons meeting BPS underemployment criteria; source_geography=vervar:1304:Kab. Sijunjung; geography_mapping=qualified_current_code; source_selector=vervar:1304:Kab. Sijunjung|turvar:1081:Setengah Pengangguran; transform=identity; quality_rule=retain source weighting-regime notes and leave cross-regime comparability unresolved
bpsexpobs_faeb55d88a92b55661a3b0e6,rice_yield,idn.13.1301,2018-01-01,2018-12-31,annual,2.6350000000000002,tonnes_per_hectare,derived,bpsexpprov_94477055811325289e147e4f,false,true,KSA,,qualification_id=q_rice_yield_ksa; source_universe=Rice harvested area and production under BPS KSA methodology; source_geography=vervar:1301:Kab. Kepulauan Mentawai; geography_mapping=qualified_current_code; source_selector=vervar:1301:Kab. Kepulauan Mentawai|turvar:244:Produktivitas (Kuintal/Hektar); transform=quintal_per_hectare_to_tonnes_per_hectare; quality_rule=convert productivity from quintal per hectare to tonnes per hectare by exact factor 0.1; retain KSA revision notes and 2025 Kota Pariaman LBS caveat
bpsexpobs_fb1f7c245369a086e1ad9853,underemployment_rate,idn.13.1309,2018-08-01,2018-08-31,annual,14.83,percent,observed,bpsexpprov_5b8e8c914fb6f4aed45ae1c5,false,,August Sakernas,,qualification_id=q_underemployment_august; source_universe=Employed persons meeting BPS underemployment criteria; source_geography=vervar:1309:Kab. Pasaman; geography_mapping=qualified_current_code; source_selector=vervar:1309:Kab. Pasaman|turvar:1081:Setengah Pengangguran; transform=identity; quality_rule=retain source weighting-regime notes and leave cross-regime comparability unresolved
bpsexpobs_fb6bcd616e4c12f23b6acbcb,underemployment_rate,idn.13.1301,2019-08-01,2019-08-31,annual,12.63,percent,observed,bpsexpprov_a5eff4174dcceeb54b88c07d,false,,August Sakernas,,qualification_id=q_underemployment_august; source_universe=Employed persons meeting BPS underemployment criteria; source_geography=vervar:1301:Kab. Kepulauan Mentawai; geography_mapping=qualified_current_code; source_selector=vervar:1301:Kab. Kepulauan Mentawai|turvar:1081:Setengah Pengangguran; transform=identity; quality_rule=retain source weighting-regime notes and leave cross-regime comparability unresolved
bpsexpobs_fc84146376334014f359e9f1,rice_yield,idn.13.1374,2025-01-01,2025-12-31,annual,6.925000000000001,tonnes_per_hectare,derived,bpsexpprov_a33789296bace61af429580d,false,,KSA,,qualification_id=q_rice_yield_ksa; source_universe=Rice harvested area and production under BPS KSA methodology; source_geography=vervar:1374:Kota Padang Panjang; geography_mapping=qualified_current_code; source_selector=vervar:1374:Kota Padang Panjang|turvar:244:Produktivitas (Kuintal/Hektar); transform=quintal_per_hectare_to_tonnes_per_hectare; quality_rule=convert productivity from quintal per hectare to tonnes per hectare by exact factor 0.1; retain KSA revision notes and 2025 Kota Pariaman LBS caveat
bpsexpobs_fcd8236ba5207f26d9397d91,underemployment_rate,idn.13.1372,2020-08-01,2020-08-31,annual,6.96,percent,observed,bpsexpprov_31afeaa8c374b636e60a0d0c,false,,August Sakernas,,qualification_id=q_underemployment_august; source_universe=Employed persons meeting BPS underemployment criteria; source_geography=vervar:1372:Kota Solok; geography_mapping=qualified_current_code; source_selector=vervar:1372:Kota Solok|turvar:1081:Setengah Pengangguran; transform=identity; quality_rule=retain source weighting-regime notes and leave cross-regime comparability unresolved
bpsexpobs_fcf2bff85b28c9c1cb6cfde4,rice_yield,idn.13.1375,2021-01-01,2021-12-31,annual,6.9319999999999995,tonnes_per_hectare,derived,bpsexpprov_1fe8aa76eff04c735a65a290,false,true,KSA,,qualification_id=q_rice_yield_ksa; source_universe=Rice harvested area and production under BPS KSA methodology; source_geography=vervar:1375:Kota Bukittinggi; geography_mapping=qualified_current_code; source_selector=vervar:1375:Kota Bukittinggi|turvar:244:Produktivitas (Kuintal/Hektar); transform=quintal_per_hectare_to_tonnes_per_hectare; quality_rule=convert productivity from quintal per hectare to tonnes per hectare by exact factor 0.1; retain KSA revision notes and 2025 Kota Pariaman LBS caveat
bpsexpobs_fe224006b027341c8f3be807,underemployment_rate,idn.13.1308,2023-08-01,2023-08-31,annual,7.11,percent,observed,bpsexpprov_5d4e122cca677f83fa39043d,false,,August Sakernas,,qualification_id=q_underemployment_august; source_universe=Employed persons meeting BPS underemployment criteria; source_geography=vervar:1308:Kab. Lima Puluh Kota; geography_mapping=qualified_current_code; source_selector=vervar:1308:Kab. Lima Puluh Kota|turvar:1081:Setengah Pengangguran; transform=identity; quality_rule=retain source weighting-regime notes and leave cross-regime comparability unresolved
bpsexpobs_ff0a8502c4960c2d1fc6b47b,underemployment_rate,idn.13.1305,2020-08-01,2020-08-31,annual,11.47,percent,observed,bpsexpprov_31afeaa8c374b636e60a0d0c,false,,August Sakernas,,qualification_id=q_underemployment_august; source_universe=Employed persons meeting BPS underemployment criteria; source_geography=vervar:1305:Kab. Tanah Datar; geography_mapping=qualified_current_code; source_selector=vervar:1305:Kab. Tanah Datar|turvar:1081:Setengah Pengangguran; transform=identity; quality_rule=retain source weighting-regime notes and leave cross-regime comparability unresolved
bpsexpobs_ffa638c8ab7e23c610ddc17e,rice_yield,idn.13.1372,2021-01-01,2021-12-31,annual,5.872,tonnes_per_hectare,derived,bpsexpprov_1fe8aa76eff04c735a65a290,false,true,KSA,,qualification_id=q_rice_yield_ksa; source_universe=Rice harvested area and production under BPS KSA methodology; source_geography=vervar:1372:Kota Solok; geography_mapping=qualified_current_code; source_selector=vervar:1372:Kota Solok|turvar:244:Produktivitas (Kuintal/Hektar); transform=quintal_per_hectare_to_tonnes_per_hectare; quality_rule=convert productivity from quintal per hectare to tonnes per hectare by exact factor 0.1; retain KSA revision notes and 2025 Kota Pariaman LBS caveat
bpsexpobs_ffbd742ba09af0ff16fbd9ed,manufacturing_share_grdp,idn.13.1371,2021-01-01,2021-12-31,annual,11.77357141733071,percent,derived,bpsexpprov_1bd70093852bc1965baeadf8,false,true,GRDP series 2010 ADHB,current_prices_series_2010,qualification_id=q_sector_share_adhb2010; source_universe=Regional gross value added by BPS industry classification; source_geography=turvar:476:Kota Padang; geography_mapping=qualified_source_dimension_alias; source_selector=vervar:300:C. Industri Pengolahan|turvar:476:Kota Padang; transform=share_percent; source_denominator=65178860.84; quality_rule=derive only within same source variable geography and year; require positive total PDRB and share within 0-100
bpsexpobs_ffc555486fabc84f24992638,manufacturing_share_grdp,idn.13,2020-01-01,2020-12-31,annual,8.643256841546158,percent,derived,bpsexpprov_de78525e2bbb6ca424c54f66,false,true,GRDP series 2010 ADHB,current_prices_series_2010,qualification_id=q_sector_share_adhb2010; source_universe=Regional gross value added by BPS industry classification; source_geography=turvar:483:Sumatera Barat; geography_mapping=qualified_source_aggregate_alias; source_selector=vervar:300:C. Industri Pengolahan|turvar:483:Sumatera Barat; transform=share_percent; source_denominator=241894127.68; quality_rule=derive only within same source variable geography and year; require positive total PDRB and share within 0-100
bpsexpobs_ffdbb870e755bb0fa3df7d09,manufacturing_share_grdp,idn.13.1311,2018-01-01,2018-12-31,annual,5.7307161259019255,percent,derived,bpsexpprov_ac4cc8d5cae12e620dffc9f2,false,true,GRDP series 2010 ADHB,current_prices_series_2010,qualification_id=q_sector_share_adhb2010; source_universe=Regional gross value added by BPS industry classification; source_geography=turvar:474:Kabupaten Dharmasraya; geography_mapping=qualified_source_dimension_alias; source_selector=vervar:300:C. Industri Pengolahan|turvar:474:Kabupaten Dharmasraya; transform=share_percent; source_denominator=9697640.71; quality_rule=derive only within same source variable geography and year; require positive total PDRB and share within 0-100
